# One (school, season) NCAA tournament appearance and how far it went.
# sweet16 = reached the regional semifinal (every team in a field of 16 or fewer, 1939–52);
# final_four = the last four (1939–51: the regional-final losers, as the NCAA counts them).
# vacated=1: the NCAA vacated that tournament (counted only in the as-played view).
school,season,result,appearance,sweet16,elite8,final_four,champion,vacated,source
Brown,1939,Lost Regional Semifinal,1,1,1,0,0,0,sports-reference
Ohio State,1939,Lost National Final,1,1,1,1,0,0,sports-reference
Oklahoma,1939,Lost Regional Final (Final Four),1,1,1,1,0,0,sports-reference
Oregon,1939,Won National Final,1,1,1,1,1,0,sports-reference
Texas,1939,Lost Regional Semifinal,1,1,1,0,0,0,sports-reference
Utah State,1939,Lost Regional Semifinal,1,1,1,0,0,0,sports-reference
Villanova,1939,Lost Regional Final (Final Four),1,1,1,1,0,0,sports-reference
Wake Forest,1939,Lost Regional Semifinal,1,1,1,0,0,0,sports-reference
Colorado,1940,Lost Regional Semifinal,1,1,1,0,0,0,sports-reference
Duquesne,1940,Lost Regional Final (Final Four),1,1,1,1,0,0,sports-reference
Indiana,1940,Won National Final,1,1,1,1,1,0,sports-reference
Kansas,1940,Lost National Final,1,1,1,1,0,0,sports-reference
Rice,1940,Lost Regional Semifinal,1,1,1,0,0,0,sports-reference
USC,1940,Lost Regional Final (Final Four),1,1,1,1,0,0,sports-reference
Western Kentucky,1940,Lost Regional Semifinal,1,1,1,0,0,0,sports-reference
Arkansas,1941,Lost Regional Final (Final Four),1,1,1,1,0,0,sports-reference
Creighton,1941,Lost Regional Semifinal,1,1,1,0,0,0,sports-reference
Dartmouth,1941,Lost Regional Semifinal,1,1,1,0,0,0,sports-reference
North Carolina,1941,Lost Regional Semifinal,1,1,1,0,0,0,sports-reference
Pittsburgh,1941,Lost Regional Final (Final Four),1,1,1,1,0,0,sports-reference
Washington State,1941,Lost National Final,1,1,1,1,0,0,sports-reference
Wisconsin,1941,Won National Final,1,1,1,1,1,0,sports-reference
Wyoming,1941,Lost Regional Semifinal,1,1,1,0,0,0,sports-reference
Colorado,1942,Lost Regional Final (Final Four),1,1,1,1,0,0,sports-reference
Dartmouth,1942,Lost National Final,1,1,1,1,0,0,sports-reference
Illinois,1942,Lost Regional Semifinal,1,1,1,0,0,0,sports-reference
Kansas,1942,Lost Regional Semifinal,1,1,1,0,0,0,sports-reference
Kentucky,1942,Lost Regional Final (Final Four),1,1,1,1,0,0,sports-reference
Penn State,1942,Lost Regional Semifinal,1,1,1,0,0,0,sports-reference
Rice,1942,Lost Regional Semifinal,1,1,1,0,0,0,sports-reference
Stanford,1942,Won National Final,1,1,1,1,1,0,sports-reference
Dartmouth,1943,Lost Regional Semifinal,1,1,1,0,0,0,sports-reference
DePaul,1943,Lost Regional Final (Final Four),1,1,1,1,0,0,sports-reference
Georgetown,1943,Lost National Final,1,1,1,1,0,0,sports-reference
Oklahoma,1943,Lost Regional Semifinal,1,1,1,0,0,0,sports-reference
Texas,1943,Lost Regional Final (Final Four),1,1,1,1,0,0,sports-reference
Washington,1943,Lost Regional Semifinal,1,1,1,0,0,0,sports-reference
Wyoming,1943,Won National Final,1,1,1,1,1,0,sports-reference
Dartmouth,1944,Lost National Final,1,1,1,1,0,0,sports-reference
Iowa State,1944,Lost Regional Final (Final Four),1,1,1,1,0,0,sports-reference
Missouri,1944,Lost Regional Semifinal,1,1,1,0,0,0,sports-reference
Ohio State,1944,Lost Regional Final (Final Four),1,1,1,1,0,0,sports-reference
Pepperdine,1944,Lost Regional Semifinal,1,1,1,0,0,0,sports-reference
Temple,1944,Lost Regional Semifinal,1,1,1,0,0,0,sports-reference
Utah,1944,Won National Final,1,1,1,1,1,0,sports-reference
Arkansas,1945,Lost Regional Final (Final Four),1,1,1,1,0,0,sports-reference
Kentucky,1945,Lost Regional Semifinal,1,1,1,0,0,0,sports-reference
Ohio State,1945,Lost Regional Final (Final Four),1,1,1,1,0,0,sports-reference
Oklahoma State,1945,Won National Final,1,1,1,1,1,0,sports-reference
Oregon,1945,Lost Regional Semifinal,1,1,1,0,0,0,sports-reference
Utah,1945,Lost Regional Semifinal,1,1,1,0,0,0,sports-reference
Baylor,1946,Lost Regional Semifinal,1,1,1,0,0,0,sports-reference
California,1946,Lost Regional Final (Final Four),1,1,1,1,0,0,sports-reference
Colorado,1946,Lost Regional Semifinal,1,1,1,0,0,0,sports-reference
Harvard,1946,Lost Regional Semifinal,1,1,1,0,0,0,sports-reference
North Carolina,1946,Lost National Final,1,1,1,1,0,0,sports-reference
Ohio State,1946,Lost Regional Final (Final Four),1,1,1,1,0,0,sports-reference
Oklahoma State,1946,Won National Final,1,1,1,1,1,0,sports-reference
Holy Cross,1947,Won National Final,1,1,1,1,1,0,sports-reference
Navy,1947,Lost Regional Semifinal,1,1,1,0,0,0,sports-reference
Oklahoma,1947,Lost National Final,1,1,1,1,0,0,sports-reference
Oregon State,1947,Lost Regional Semifinal,1,1,1,0,0,0,sports-reference
Texas,1947,Lost Regional Final (Final Four),1,1,1,1,0,0,sports-reference
Wisconsin,1947,Lost Regional Semifinal,1,1,1,0,0,0,sports-reference
Wyoming,1947,Lost Regional Semifinal,1,1,1,0,0,0,sports-reference
Baylor,1948,Lost National Final,1,1,1,1,0,0,sports-reference
Columbia,1948,Lost Regional Semifinal,1,1,1,0,0,0,sports-reference
Holy Cross,1948,Lost Regional Final (Final Four),1,1,1,1,0,0,sports-reference
Kansas State,1948,Lost Regional Final (Final Four),1,1,1,1,0,0,sports-reference
Kentucky,1948,Won National Final,1,1,1,1,1,0,sports-reference
Michigan,1948,Lost Regional Semifinal,1,1,1,0,0,0,sports-reference
Washington,1948,Lost Regional Semifinal,1,1,1,0,0,0,sports-reference
Wyoming,1948,Lost Regional Semifinal,1,1,1,0,0,0,sports-reference
Arkansas,1949,Lost Regional Semifinal,1,1,1,0,0,0,sports-reference
Illinois,1949,Lost Regional Final (Final Four),1,1,1,1,0,0,sports-reference
Kentucky,1949,Won National Final,1,1,1,1,1,0,sports-reference
Oklahoma State,1949,Lost National Final,1,1,1,1,0,0,sports-reference
Oregon State,1949,Lost Regional Final (Final Four),1,1,1,1,0,0,sports-reference
Villanova,1949,Lost Regional Semifinal,1,1,1,0,0,0,sports-reference
Wyoming,1949,Lost Regional Semifinal,1,1,1,0,0,0,sports-reference
Yale,1949,Lost Regional Semifinal,1,1,1,0,0,0,sports-reference
BYU,1950,Lost Regional Semifinal,1,1,1,0,0,0,sports-reference
Baylor,1950,Lost Regional Final (Final Four),1,1,1,1,0,0,sports-reference
Bradley,1950,Lost National Final,1,1,1,1,0,0,sports-reference
Holy Cross,1950,Lost Regional Semifinal,1,1,1,0,0,0,sports-reference
NC State,1950,Lost Regional Final (Final Four),1,1,1,1,0,0,sports-reference
Ohio State,1950,Lost Regional Semifinal,1,1,1,0,0,0,sports-reference
UCLA,1950,Lost Regional Semifinal,1,1,1,0,0,0,sports-reference
Arizona,1951,Lost First Round,1,1,1,0,0,0,sports-reference
BYU,1951,Lost Regional Semifinal,1,1,1,0,0,0,sports-reference
Columbia,1951,Lost First Round,1,1,1,0,0,0,sports-reference
Illinois,1951,Lost Regional Final (Final Four),1,1,1,1,0,0,sports-reference
Kansas State,1951,Lost National Final,1,1,1,1,0,0,sports-reference
Kentucky,1951,Won National Final,1,1,1,1,1,0,sports-reference
Louisville,1951,Lost First Round,1,1,1,0,0,0,sports-reference
Montana State,1951,Lost First Round,1,1,1,0,0,0,sports-reference
NC State,1951,Lost Regional Semifinal,1,1,1,0,0,0,sports-reference
Oklahoma State,1951,Lost Regional Final (Final Four),1,1,1,1,0,0,sports-reference
San Jose State,1951,Lost First Round,1,1,1,0,0,0,sports-reference
St. John's,1951,Lost Regional Semifinal,1,1,1,0,0,0,sports-reference
Texas A&M,1951,Lost First Round,1,1,1,0,0,0,sports-reference
UConn,1951,Lost First Round,1,1,1,0,0,0,sports-reference
Villanova,1951,Lost First Round,1,1,1,0,0,0,sports-reference
Washington,1951,Lost Regional Semifinal,1,1,1,0,0,0,sports-reference
Dayton,1952,Lost Regional Semifinal,1,1,0,0,0,0,sports-reference
Duquesne,1952,Lost Regional Final (Final Four),1,1,1,0,0,0,sports-reference
Illinois,1952,Lost National Semifinal,1,1,1,1,0,0,sports-reference
Kansas,1952,Won National Final,1,1,1,1,1,0,sports-reference
Kentucky,1952,Lost Regional Final (Final Four),1,1,1,0,0,0,sports-reference
NC State,1952,Lost Regional Semifinal,1,1,0,0,0,0,sports-reference
New Mexico State,1952,Lost Regional Semifinal,1,1,0,0,0,0,sports-reference
Penn State,1952,Lost Regional Semifinal,1,1,0,0,0,0,sports-reference
Princeton,1952,Lost Regional Semifinal,1,1,0,0,0,0,sports-reference
Saint Louis,1952,Lost Regional Final (Final Four),1,1,1,0,0,0,sports-reference
Santa Clara,1952,Lost National Semifinal,1,1,1,1,0,0,sports-reference
St. John's,1952,Lost National Final,1,1,1,1,0,0,sports-reference
TCU,1952,Lost Regional Semifinal,1,1,0,0,0,0,sports-reference
UCLA,1952,Lost Regional Semifinal,1,1,0,0,0,0,sports-reference
Wyoming,1952,Lost Regional Final (Final Four),1,1,1,0,0,0,sports-reference
DePaul,1953,Lost Regional Semifinal,1,1,0,0,0,0,sports-reference
Eastern Kentucky,1953,Lost First Round,1,0,0,0,0,0,sports-reference
Fordham,1953,Lost First Round,1,0,0,0,0,0,sports-reference
Holy Cross,1953,Lost Regional Final (Final Four),1,1,1,0,0,0,sports-reference
Idaho State,1953,Lost First Round,1,0,0,0,0,0,sports-reference
Indiana,1953,Won National Final,1,1,1,1,1,0,sports-reference
Kansas,1953,Lost National Final,1,1,1,1,0,0,sports-reference
LSU,1953,Lost National Semifinal,1,1,1,1,0,0,sports-reference
Miami (OH),1953,Lost First Round,1,0,0,0,0,0,sports-reference
Navy,1953,Lost First Round,1,0,0,0,0,0,sports-reference
Notre Dame,1953,Lost Regional Final (Final Four),1,1,1,0,0,0,sports-reference
Oklahoma State,1953,Lost Regional Final (Final Four),1,1,1,0,0,0,sports-reference
Pennsylvania,1953,Lost Regional Semifinal,1,1,0,0,0,0,sports-reference
Santa Clara,1953,Lost Regional Final (Final Four),1,1,1,0,0,0,sports-reference
Seattle,1953,Lost Regional Semifinal,1,1,0,0,0,0,sports-reference
TCU,1953,Lost Regional Semifinal,1,1,0,0,0,0,sports-reference
Wake Forest,1953,Lost Regional Semifinal,1,1,0,0,0,0,sports-reference
Washington,1953,Lost National Semifinal,1,1,1,1,0,0,sports-reference
Wyoming,1953,Lost Regional Semifinal,1,1,0,0,0,0,sports-reference
Bradley,1954,Lost National Final,1,1,1,1,0,0,sports-reference
Colorado,1954,Lost Regional Semifinal,1,1,0,0,0,0,sports-reference
Colorado State,1954,Lost Regional Semifinal,1,1,0,0,0,0,sports-reference
Cornell,1954,Lost Regional Semifinal,1,1,0,0,0,0,sports-reference
Fordham,1954,Lost First Round,1,0,0,0,0,0,sports-reference
George Washington,1954,Lost First Round,1,0,0,0,0,0,sports-reference
Idaho State,1954,Lost Regional Semifinal,1,1,0,0,0,0,sports-reference
Indiana,1954,Lost Regional Semifinal,1,1,0,0,0,0,sports-reference
LSU,1954,Lost Regional Semifinal,1,1,0,0,0,0,sports-reference
La Salle,1954,Won National Final,1,1,1,1,1,0,sports-reference
NC State,1954,Lost Regional Semifinal,1,1,0,0,0,0,sports-reference
Navy,1954,Lost Regional Final (Final Four),1,1,1,0,0,0,sports-reference
Notre Dame,1954,Lost Regional Final (Final Four),1,1,1,0,0,0,sports-reference
Oklahoma State,1954,Lost Regional Final (Final Four),1,1,1,0,0,0,sports-reference
Penn State,1954,Lost National Semifinal,1,1,1,1,0,0,sports-reference
Rice,1954,Lost Regional Semifinal,1,1,0,0,0,0,sports-reference
Santa Clara,1954,Lost Regional Final (Final Four),1,1,1,0,0,0,sports-reference
Seattle,1954,Lost First Round,1,0,0,0,0,0,sports-reference
Texas Tech,1954,Lost First Round,1,0,0,0,0,0,sports-reference
Toledo,1954,Lost First Round,1,0,0,0,0,0,sports-reference
UConn,1954,Lost First Round,1,0,0,0,0,0,sports-reference
USC,1954,Lost National Semifinal,1,1,1,1,0,0,sports-reference
Bradley,1955,Lost Regional Final (Final Four),1,1,1,0,0,0,sports-reference
Canisius,1955,Lost Regional Final (Final Four),1,1,1,0,0,0,sports-reference
Colorado,1955,Lost National Semifinal,1,1,1,1,0,0,sports-reference
Duke,1955,Lost First Round,1,0,0,0,0,0,sports-reference
Idaho State,1955,Lost First Round,1,0,0,0,0,0,sports-reference
Iowa,1955,Lost National Semifinal,1,1,1,1,0,0,sports-reference
Kentucky,1955,Lost Regional Semifinal,1,1,0,0,0,0,sports-reference
La Salle,1955,Lost National Final,1,1,1,1,0,0,sports-reference
Marquette,1955,Lost Regional Final (Final Four),1,1,1,0,0,0,sports-reference
Memphis,1955,Lost First Round,1,0,0,0,0,0,sports-reference
Miami (OH),1955,Lost First Round,1,0,0,0,0,0,sports-reference
Oregon State,1955,Lost Regional Final (Final Four),1,1,1,0,0,0,sports-reference
Penn State,1955,Lost Regional Semifinal,1,1,0,0,0,0,sports-reference
Princeton,1955,Lost Regional Semifinal,1,1,0,0,0,0,sports-reference
SMU,1955,Lost Regional Semifinal,1,1,0,0,0,0,sports-reference
San Francisco,1955,Won National Final,1,1,1,1,1,0,sports-reference
Seattle,1955,Lost Regional Semifinal,1,1,0,0,0,0,sports-reference
Tulsa,1955,Lost Regional Semifinal,1,1,0,0,0,0,sports-reference
Utah,1955,Lost Regional Semifinal,1,1,0,0,0,0,sports-reference
Villanova,1955,Lost Regional Semifinal,1,1,0,0,0,0,sports-reference
West Virginia,1955,Lost First Round,1,0,0,0,0,0,sports-reference
Canisius,1956,Lost Regional Final,1,1,1,0,0,0,sports-reference
Dartmouth,1956,Lost Regional Semifinal,1,1,0,0,0,0,sports-reference
DePaul,1956,Lost First Round,1,0,0,0,0,0,sports-reference
Holy Cross,1956,Lost First Round,1,0,0,0,0,0,sports-reference
Houston,1956,Lost Regional Semifinal,1,1,0,0,0,0,sports-reference
Idaho State,1956,Lost First Round,1,0,0,0,0,0,sports-reference
Iowa,1956,Lost National Final,1,1,1,1,0,0,sports-reference
Kansas State,1956,Lost Regional Semifinal,1,1,0,0,0,0,sports-reference
Kentucky,1956,Lost Regional Final,1,1,1,0,0,0,sports-reference
Manhattan,1956,Lost First Round,1,0,0,0,0,0,sports-reference
Marshall,1956,Lost First Round,1,0,0,0,0,0,sports-reference
Memphis,1956,Lost First Round,1,0,0,0,0,0,sports-reference
Morehead State,1956,Lost Regional Semifinal,1,1,0,0,0,0,sports-reference
NC State,1956,Lost First Round,1,0,0,0,0,0,sports-reference
SMU,1956,Lost National Semifinal,1,1,1,1,0,0,sports-reference
San Francisco,1956,Won National Final,1,1,1,1,1,0,sports-reference
Seattle,1956,Lost Regional Semifinal,1,1,0,0,0,0,sports-reference
Temple,1956,Lost National Semifinal,1,1,1,1,0,0,sports-reference
Texas Tech,1956,Lost First Round,1,0,0,0,0,0,sports-reference
UCLA,1956,Lost Regional Semifinal,1,1,0,0,0,0,sports-reference
UConn,1956,Lost Regional Semifinal,1,1,0,0,0,0,sports-reference
Utah,1956,Lost Regional Final,1,1,1,0,0,0,sports-reference
West Virginia,1956,Lost First Round,1,0,0,0,0,0,sports-reference
BYU,1957,Lost Regional Semifinal,1,1,0,0,0,0,sports-reference
California,1957,Lost Regional Final,1,1,1,0,0,0,sports-reference
Canisius,1957,Lost Regional Semifinal,1,1,0,0,0,0,sports-reference
Idaho State,1957,Lost Regional Semifinal,1,1,0,0,0,0,sports-reference
Kansas,1957,Lost National Final,1,1,1,1,0,0,sports-reference
Kentucky,1957,Lost Regional Final,1,1,1,0,0,0,sports-reference
Lafayette,1957,Lost Regional Semifinal,1,1,0,0,0,0,sports-reference
Miami (OH),1957,Lost First Round,1,0,0,0,0,0,sports-reference
Michigan State,1957,Lost National Semifinal,1,1,1,1,0,0,sports-reference
Morehead State,1957,Lost First Round,1,0,0,0,0,0,sports-reference
North Carolina,1957,Won National Final,1,1,1,1,1,0,sports-reference
Notre Dame,1957,Lost Regional Semifinal,1,1,0,0,0,0,sports-reference
Pittsburgh,1957,Lost Regional Semifinal,1,1,0,0,0,0,sports-reference
SMU,1957,Lost Regional Semifinal,1,1,0,0,0,0,sports-reference
Saint Louis,1957,Lost Regional Semifinal,1,1,0,0,0,0,sports-reference
San Francisco,1957,Lost National Semifinal,1,1,1,1,0,0,sports-reference
Syracuse,1957,Lost Regional Final,1,1,1,0,0,0,sports-reference
UConn,1957,Lost First Round,1,0,0,0,0,0,sports-reference
West Virginia,1957,Lost First Round,1,0,0,0,0,0,sports-reference
Yale,1957,Lost First Round,1,0,0,0,0,0,sports-reference
Arizona State,1958,Lost First Round,1,0,0,0,0,0,sports-reference
Arkansas,1958,Lost Regional Semifinal,1,1,0,0,0,0,sports-reference
Boston College,1958,Lost First Round,1,0,0,0,0,0,sports-reference
California,1958,Lost Regional Final,1,1,1,0,0,0,sports-reference
Cincinnati,1958,Lost Regional Semifinal,1,1,0,0,0,0,sports-reference
Dartmouth,1958,Lost Regional Final,1,1,1,0,0,0,sports-reference
Idaho State,1958,Lost Regional Semifinal,1,1,0,0,0,0,sports-reference
Indiana,1958,Lost Regional Semifinal,1,1,0,0,0,0,sports-reference
Kansas State,1958,Lost National Semifinal,1,1,1,1,0,0,sports-reference
Kentucky,1958,Won National Final,1,1,1,1,1,0,sports-reference
Manhattan,1958,Lost Regional Semifinal,1,1,0,0,0,0,sports-reference
Maryland,1958,Lost Regional Semifinal,1,1,0,0,0,0,sports-reference
Miami (OH),1958,Lost Regional Semifinal,1,1,0,0,0,0,sports-reference
Notre Dame,1958,Lost Regional Final,1,1,1,0,0,0,sports-reference
Oklahoma State,1958,Lost Regional Final,1,1,1,0,0,0,sports-reference
Pittsburgh,1958,Lost First Round,1,0,0,0,0,0,sports-reference
San Francisco,1958,Lost Regional Semifinal,1,1,0,0,0,0,sports-reference
Seattle,1958,Lost National Final,1,1,1,1,0,0,sports-reference
Temple,1958,Lost National Semifinal,1,1,1,1,0,0,sports-reference
Tennessee Tech,1958,Lost First Round,1,0,0,0,0,0,sports-reference
UConn,1958,Lost First Round,1,0,0,0,0,0,sports-reference
West Virginia,1958,Lost First Round,1,0,0,0,0,0,sports-reference
Wyoming,1958,Lost First Round,1,0,0,0,0,0,sports-reference
Boston University,1959,Lost Regional Final,1,1,1,0,0,0,sports-reference
Bowling Green,1959,Lost First Round,1,0,0,0,0,0,sports-reference
California,1959,Won National Final,1,1,1,1,1,0,sports-reference
Cincinnati,1959,Lost National Semifinal,1,1,1,1,0,0,sports-reference
Dartmouth,1959,Lost First Round,1,0,0,0,0,0,sports-reference
DePaul,1959,Lost Regional Semifinal,1,1,0,0,0,0,sports-reference
Eastern Kentucky,1959,Lost First Round,1,0,0,0,0,0,sports-reference
Idaho State,1959,Lost Regional Semifinal,1,1,0,0,0,0,sports-reference
Kansas State,1959,Lost Regional Final,1,1,1,0,0,0,sports-reference
Kentucky,1959,Lost Regional Semifinal,1,1,0,0,0,0,sports-reference
Louisville,1959,Lost National Semifinal,1,1,1,1,0,0,sports-reference
Marquette,1959,Lost Regional Semifinal,1,1,0,0,0,0,sports-reference
Michigan State,1959,Lost Regional Final,1,1,1,0,0,0,sports-reference
Navy,1959,Lost Regional Semifinal,1,1,0,0,0,0,sports-reference
New Mexico State,1959,Lost First Round,1,0,0,0,0,0,sports-reference
North Carolina,1959,Lost First Round,1,0,0,0,0,0,sports-reference
Portland,1959,Lost First Round,1,0,0,0,0,0,sports-reference
Saint Joseph's,1959,Lost Regional Semifinal,1,1,0,0,0,0,sports-reference
Saint Mary's,1959,Lost Regional Final,1,1,1,0,0,0,sports-reference
TCU,1959,Lost Regional Semifinal,1,1,0,0,0,0,sports-reference
UConn,1959,Lost First Round,1,0,0,0,0,0,sports-reference
Utah,1959,Lost Regional Semifinal,1,1,0,0,0,0,sports-reference
West Virginia,1959,Lost National Final,1,1,1,1,0,0,sports-reference
Air Force,1960,Lost First Round,1,0,0,0,0,0,sports-reference
California,1960,Lost National Final,1,1,1,1,0,0,sports-reference
Cincinnati,1960,Lost National Semifinal,1,1,1,1,0,0,sports-reference
DePaul,1960,Lost Regional Semifinal,1,1,0,0,0,0,sports-reference
Duke,1960,Lost Regional Final,1,1,1,0,0,0,sports-reference
Georgia Tech,1960,Lost Regional Final,1,1,1,0,0,0,sports-reference
Idaho State,1960,Lost First Round,1,0,0,0,0,0,sports-reference
Kansas,1960,Lost Regional Final,1,1,1,0,0,0,sports-reference
Miami (FL),1960,Lost First Round,1,0,0,0,0,0,sports-reference
Navy,1960,Lost First Round,1,0,0,0,0,0,sports-reference
New Mexico State,1960,Lost First Round,1,0,0,0,0,0,sports-reference
Notre Dame,1960,Lost First Round,1,0,0,0,0,0,sports-reference
Ohio,1960,Lost Regional Semifinal,1,1,0,0,0,0,sports-reference
Ohio State,1960,Won National Final,1,1,1,1,1,0,sports-reference
Oregon,1960,Lost Regional Final,1,1,1,0,0,0,sports-reference
Princeton,1960,Lost First Round,1,0,0,0,0,0,sports-reference
Saint Joseph's,1960,Lost Regional Semifinal,1,1,0,0,0,0,sports-reference
Santa Clara,1960,Lost Regional Semifinal,1,1,0,0,0,0,sports-reference
Texas,1960,Lost Regional Semifinal,1,1,0,0,0,0,sports-reference
UConn,1960,Lost First Round,1,0,0,0,0,0,sports-reference
USC,1960,Lost First Round,1,0,0,0,0,0,sports-reference
Utah,1960,Lost Regional Semifinal,1,1,0,0,0,0,sports-reference
West Virginia,1960,Lost Regional Semifinal,1,1,0,0,0,0,sports-reference
Western Kentucky,1960,Lost Regional Semifinal,1,1,0,0,0,0,sports-reference
Arizona State,1961,Lost Regional Final,1,1,1,0,0,0,sports-reference
Cincinnati,1961,Won National Final,1,1,1,1,1,0,sports-reference
George Washington,1961,Lost First Round,1,0,0,0,0,0,sports-reference
Houston,1961,Lost Regional Semifinal,1,1,0,0,0,0,sports-reference
Kansas State,1961,Lost Regional Final,1,1,1,0,0,0,sports-reference
Kentucky,1961,Lost Regional Final,1,1,1,0,0,0,sports-reference
Louisville,1961,Lost Regional Semifinal,1,1,0,0,0,0,sports-reference
Loyola Marymount,1961,Lost Regional Semifinal,1,1,0,0,0,0,sports-reference
Marquette,1961,Lost First Round,1,0,0,0,0,0,sports-reference
Morehead State,1961,Lost Regional Semifinal,1,1,0,0,0,0,sports-reference
Ohio,1961,Lost First Round,1,0,0,0,0,0,sports-reference
Ohio State,1961,Lost National Final,1,1,1,1,0,0,sports-reference
Oregon,1961,Lost First Round,1,0,0,0,0,0,sports-reference
Princeton,1961,Lost Regional Semifinal,1,1,0,0,0,0,sports-reference
Rhode Island,1961,Lost First Round,1,0,0,0,0,0,sports-reference
Saint Joseph's,1961,Lost National Semifinal,1,1,1,1,0,1,sports-reference
Seattle,1961,Lost First Round,1,0,0,0,0,0,sports-reference
St. Bonaventure,1961,Lost Regional Semifinal,1,1,0,0,0,0,sports-reference
St. John's,1961,Lost First Round,1,0,0,0,0,0,sports-reference
Texas Tech,1961,Lost Regional Semifinal,1,1,0,0,0,0,sports-reference
USC,1961,Lost Regional Semifinal,1,1,0,0,0,0,sports-reference
Utah,1961,Lost National Semifinal,1,1,1,1,0,0,sports-reference
Wake Forest,1961,Lost Regional Final,1,1,1,0,0,0,sports-reference
Xavier,1961,Lost First Round,1,0,0,0,0,0,sports-reference
Air Force,1962,Lost First Round,1,0,0,0,0,0,sports-reference
Arizona State,1962,Lost First Round,1,0,0,0,0,0,sports-reference
Bowling Green,1962,Lost First Round,1,0,0,0,0,0,sports-reference
Butler,1962,Lost Regional Semifinal,1,1,0,0,0,0,sports-reference
Cincinnati,1962,Won National Final,1,1,1,1,1,0,sports-reference
Colorado,1962,Lost Regional Final,1,1,1,0,0,0,sports-reference
Creighton,1962,Lost Regional Semifinal,1,1,0,0,0,0,sports-reference
Detroit Mercy,1962,Lost First Round,1,0,0,0,0,0,sports-reference
Kentucky,1962,Lost Regional Final,1,1,1,0,0,0,sports-reference
Memphis,1962,Lost First Round,1,0,0,0,0,0,sports-reference
Ohio State,1962,Lost National Final,1,1,1,1,0,0,sports-reference
Oregon State,1962,Lost Regional Final,1,1,1,0,0,0,sports-reference
Pepperdine,1962,Lost Regional Semifinal,1,1,0,0,0,0,sports-reference
Saint Joseph's,1962,Lost Regional Semifinal,1,1,0,0,0,0,sports-reference
Seattle,1962,Lost First Round,1,0,0,0,0,0,sports-reference
Texas Tech,1962,Lost Regional Semifinal,1,1,0,0,0,0,sports-reference
UCLA,1962,Lost National Semifinal,1,1,1,1,0,0,sports-reference
UMass,1962,Lost First Round,1,0,0,0,0,0,sports-reference
Utah State,1962,Lost Regional Semifinal,1,1,0,0,0,0,sports-reference
Villanova,1962,Lost Regional Final,1,1,1,0,0,0,sports-reference
Wake Forest,1962,Lost National Semifinal,1,1,1,1,0,0,sports-reference
West Virginia,1962,Lost First Round,1,0,0,0,0,0,sports-reference
Western Kentucky,1962,Lost Regional Semifinal,1,1,0,0,0,0,sports-reference
Yale,1962,Lost First Round,1,0,0,0,0,0,sports-reference
Arizona State,1963,Lost Regional Final,1,1,1,0,0,0,sports-reference
Bowling Green,1963,Lost Regional Semifinal,1,1,0,0,0,0,sports-reference
Cincinnati,1963,Lost National Final,1,1,1,1,0,0,sports-reference
Colorado,1963,Lost Regional Final,1,1,1,0,0,0,sports-reference
Colorado State,1963,Lost First Round,1,0,0,0,0,0,sports-reference
Duke,1963,Lost National Semifinal,1,1,1,1,0,0,sports-reference
Illinois,1963,Lost Regional Final,1,1,1,0,0,0,sports-reference
Loyola Chicago,1963,Won National Final,1,1,1,1,1,0,sports-reference
Mississippi State,1963,Lost Regional Semifinal,1,1,0,0,0,0,sports-reference
Notre Dame,1963,Lost First Round,1,0,0,0,0,0,sports-reference
Oregon State,1963,Lost National Semifinal,1,1,1,1,0,0,sports-reference
Pittsburgh,1963,Lost First Round,1,0,0,0,0,0,sports-reference
Princeton,1963,Lost First Round,1,0,0,0,0,0,sports-reference
Saint Joseph's,1963,Lost Regional Final,1,1,1,0,0,0,sports-reference
San Francisco,1963,Lost Regional Semifinal,1,1,0,0,0,0,sports-reference
Seattle,1963,Lost First Round,1,0,0,0,0,0,sports-reference
Tennessee Tech,1963,Lost First Round,1,0,0,0,0,0,sports-reference
Texas,1963,Lost Regional Semifinal,1,1,0,0,0,0,sports-reference
UCLA,1963,Lost Regional Semifinal,1,1,0,0,0,0,sports-reference
UConn,1963,Lost First Round,1,0,0,0,0,0,sports-reference
UTEP,1963,Lost First Round,1,0,0,0,0,0,sports-reference
Utah State,1963,Lost First Round,1,0,0,0,0,0,sports-reference
West Virginia,1963,Lost Regional Semifinal,1,1,0,0,0,0,sports-reference
Arizona State,1964,Lost First Round,1,0,0,0,0,0,sports-reference
Creighton,1964,Lost Regional Semifinal,1,1,0,0,0,0,sports-reference
Duke,1964,Lost National Final,1,1,1,1,0,0,sports-reference
Kansas State,1964,Lost National Semifinal,1,1,1,1,0,0,sports-reference
Kentucky,1964,Lost Regional Semifinal,1,1,0,0,0,0,sports-reference
Louisville,1964,Lost First Round,1,0,0,0,0,0,sports-reference
Loyola Chicago,1964,Lost Regional Semifinal,1,1,0,0,0,0,sports-reference
Michigan,1964,Lost National Semifinal,1,1,1,1,0,0,sports-reference
Murray State,1964,Lost First Round,1,0,0,0,0,0,sports-reference
Ohio,1964,Lost Regional Final,1,1,1,0,0,0,sports-reference
Oregon State,1964,Lost First Round,1,0,0,0,0,0,sports-reference
Princeton,1964,Lost Regional Semifinal,1,1,0,0,0,0,sports-reference
Providence,1964,Lost First Round,1,0,0,0,0,0,sports-reference
San Francisco,1964,Lost Regional Final,1,1,1,0,0,0,sports-reference
Seattle,1964,Lost Regional Semifinal,1,1,0,0,0,0,sports-reference
Temple,1964,Lost First Round,1,0,0,0,0,0,sports-reference
Texas A&M,1964,Lost First Round,1,0,0,0,0,0,sports-reference
UCLA,1964,Won National Final,1,1,1,1,1,0,sports-reference
UConn,1964,Lost Regional Final,1,1,1,0,0,0,sports-reference
UTEP,1964,Lost Regional Semifinal,1,1,0,0,0,0,sports-reference
Utah State,1964,Lost Regional Semifinal,1,1,0,0,0,0,sports-reference
VMI,1964,Lost First Round,1,0,0,0,0,0,sports-reference
Villanova,1964,Lost Regional Semifinal,1,1,0,0,0,0,sports-reference
Wichita State,1964,Lost Regional Final,1,1,1,0,0,0,sports-reference
BYU,1965,Lost Regional Semifinal,1,1,0,0,0,0,sports-reference
Colorado State,1965,Lost First Round,1,0,0,0,0,0,sports-reference
Dayton,1965,Lost Regional Semifinal,1,1,0,0,0,0,sports-reference
DePaul,1965,Lost Regional Semifinal,1,1,0,0,0,0,sports-reference
Eastern Kentucky,1965,Lost First Round,1,0,0,0,0,0,sports-reference
Houston,1965,Lost Regional Semifinal,1,1,0,0,0,0,sports-reference
Michigan,1965,Lost National Final,1,1,1,1,0,0,sports-reference
NC State,1965,Lost Regional Semifinal,1,1,0,0,0,0,sports-reference
Notre Dame,1965,Lost First Round,1,0,0,0,0,0,sports-reference
Ohio,1965,Lost First Round,1,0,0,0,0,0,sports-reference
Oklahoma State,1965,Lost Regional Final,1,1,1,0,0,0,sports-reference
Penn State,1965,Lost First Round,1,0,0,0,0,0,sports-reference
Princeton,1965,Lost National Semifinal,1,1,1,1,0,0,sports-reference
Providence,1965,Lost Regional Final,1,1,1,0,0,0,sports-reference
SMU,1965,Lost Regional Semifinal,1,1,0,0,0,0,sports-reference
Saint Joseph's,1965,Lost Regional Semifinal,1,1,0,0,0,0,sports-reference
San Francisco,1965,Lost Regional Final,1,1,1,0,0,0,sports-reference
UCLA,1965,Won National Final,1,1,1,1,1,0,sports-reference
UConn,1965,Lost First Round,1,0,0,0,0,0,sports-reference
Vanderbilt,1965,Lost Regional Final,1,1,1,0,0,0,sports-reference
West Virginia,1965,Lost First Round,1,0,0,0,0,0,sports-reference
Wichita State,1965,Lost National Semifinal,1,1,1,1,0,0,sports-reference
Cincinnati,1966,Lost Regional Semifinal,1,1,0,0,0,0,sports-reference
Colorado State,1966,Lost First Round,1,0,0,0,0,0,sports-reference
Davidson,1966,Lost Regional Semifinal,1,1,0,0,0,0,sports-reference
Dayton,1966,Lost Regional Semifinal,1,1,0,0,0,0,sports-reference
Duke,1966,Lost National Semifinal,1,1,1,1,0,0,sports-reference
Houston,1966,Lost Regional Semifinal,1,1,0,0,0,0,sports-reference
Kansas,1966,Lost Regional Final,1,1,1,0,0,0,sports-reference
Kentucky,1966,Lost National Final,1,1,1,1,0,0,sports-reference
Loyola Chicago,1966,Lost First Round,1,0,0,0,0,0,sports-reference
Miami (OH),1966,Lost First Round,1,0,0,0,0,0,sports-reference
Michigan,1966,Lost Regional Final,1,1,1,0,0,0,sports-reference
Oregon State,1966,Lost Regional Final,1,1,1,0,0,0,sports-reference
Pacific,1966,Lost Regional Semifinal,1,1,0,0,0,0,sports-reference
Providence,1966,Lost First Round,1,0,0,0,0,0,sports-reference
Rhode Island,1966,Lost First Round,1,0,0,0,0,0,sports-reference
SMU,1966,Lost Regional Semifinal,1,1,0,0,0,0,sports-reference
Saint Joseph's,1966,Lost Regional Semifinal,1,1,0,0,0,0,sports-reference
Syracuse,1966,Lost Regional Final,1,1,1,0,0,0,sports-reference
UTEP,1966,Won National Final,1,1,1,1,1,0,sports-reference
Utah,1966,Lost National Semifinal,1,1,1,1,0,0,sports-reference
Western Kentucky,1966,Lost Regional Semifinal,1,1,0,0,0,0,sports-reference
Boston College,1967,Lost Regional Final,1,1,1,0,0,0,sports-reference
Dayton,1967,Lost National Final,1,1,1,1,0,0,sports-reference
Houston,1967,Lost National Semifinal,1,1,1,1,0,0,sports-reference
Indiana,1967,Lost Regional Semifinal,1,1,0,0,0,0,sports-reference
Kansas,1967,Lost Regional Semifinal,1,1,0,0,0,0,sports-reference
Louisville,1967,Lost Regional Semifinal,1,1,0,0,0,0,sports-reference
New Mexico State,1967,Lost First Round,1,0,0,0,0,0,sports-reference
North Carolina,1967,Lost National Semifinal,1,1,1,1,0,0,sports-reference
Pacific,1967,Lost Regional Final,1,1,1,0,0,0,sports-reference
Princeton,1967,Lost Regional Semifinal,1,1,0,0,0,0,sports-reference
SMU,1967,Lost Regional Final,1,1,1,0,0,0,sports-reference
Seattle,1967,Lost First Round,1,0,0,0,0,0,sports-reference
St. John's,1967,Lost Regional Semifinal,1,1,0,0,0,0,sports-reference
Temple,1967,Lost First Round,1,0,0,0,0,0,sports-reference
Tennessee,1967,Lost Regional Semifinal,1,1,0,0,0,0,sports-reference
Toledo,1967,Lost First Round,1,0,0,0,0,0,sports-reference
UCLA,1967,Won National Final,1,1,1,1,1,0,sports-reference
UConn,1967,Lost First Round,1,0,0,0,0,0,sports-reference
UTEP,1967,Lost Regional Semifinal,1,1,0,0,0,0,sports-reference
Virginia Tech,1967,Lost Regional Final,1,1,1,0,0,0,sports-reference
West Virginia,1967,Lost First Round,1,0,0,0,0,0,sports-reference
Western Kentucky,1967,Lost First Round,1,0,0,0,0,0,sports-reference
Wyoming,1967,Lost Regional Semifinal,1,1,0,0,0,0,sports-reference
Boston College,1968,Lost First Round,1,0,0,0,0,0,sports-reference
Bowling Green,1968,Lost First Round,1,0,0,0,0,0,sports-reference
Columbia,1968,Lost Regional Semifinal,1,1,0,0,0,0,sports-reference
Davidson,1968,Lost Regional Final,1,1,1,0,0,0,sports-reference
East Tennessee State,1968,Lost Regional Semifinal,1,1,0,0,0,0,sports-reference
Florida State,1968,Lost First Round,1,0,0,0,0,0,sports-reference
Houston,1968,Lost National Semifinal,1,1,1,1,0,0,sports-reference
Kansas State,1968,Lost Regional Semifinal,1,1,0,0,0,0,sports-reference
Kentucky,1968,Lost Regional Final,1,1,1,0,0,0,sports-reference
La Salle,1968,Lost First Round,1,0,0,0,0,0,sports-reference
Louisville,1968,Lost Regional Semifinal,1,1,0,0,0,0,sports-reference
Loyola Chicago,1968,Lost First Round,1,0,0,0,0,0,sports-reference
Marquette,1968,Lost Regional Semifinal,1,1,0,0,0,0,sports-reference
New Mexico,1968,Lost Regional Semifinal,1,1,0,0,0,0,sports-reference
New Mexico State,1968,Lost Regional Semifinal,1,1,0,0,0,0,sports-reference
North Carolina,1968,Lost National Final,1,1,1,1,0,0,sports-reference
Ohio State,1968,Lost National Semifinal,1,1,1,1,0,0,sports-reference
Santa Clara,1968,Lost Regional Final,1,1,1,0,0,0,sports-reference
St. Bonaventure,1968,Lost Regional Semifinal,1,1,0,0,0,0,sports-reference
St. John's,1968,Lost First Round,1,0,0,0,0,0,sports-reference
TCU,1968,Lost Regional Final,1,1,1,0,0,0,sports-reference
UCLA,1968,Won National Final,1,1,1,1,1,0,sports-reference
Weber State,1968,Lost First Round,1,0,0,0,0,0,sports-reference
BYU,1969,Lost First Round,1,0,0,0,0,0,sports-reference
Colorado,1969,Lost Regional Semifinal,1,1,0,0,0,0,sports-reference
Colorado State,1969,Lost Regional Final,1,1,1,0,0,0,sports-reference
Davidson,1969,Lost Regional Final,1,1,1,0,0,0,sports-reference
Dayton,1969,Lost First Round,1,0,0,0,0,0,sports-reference
Drake,1969,Lost National Semifinal,1,1,1,1,0,0,sports-reference
Duquesne,1969,Lost Regional Semifinal,1,1,0,0,0,0,sports-reference
Kentucky,1969,Lost Regional Semifinal,1,1,0,0,0,0,sports-reference
Marquette,1969,Lost Regional Final,1,1,1,0,0,0,sports-reference
Miami (OH),1969,Lost Regional Semifinal,1,1,0,0,0,0,sports-reference
Murray State,1969,Lost First Round,1,0,0,0,0,0,sports-reference
New Mexico State,1969,Lost Regional Semifinal,1,1,0,0,0,0,sports-reference
North Carolina,1969,Lost National Semifinal,1,1,1,1,0,0,sports-reference
Notre Dame,1969,Lost First Round,1,0,0,0,0,0,sports-reference
Princeton,1969,Lost First Round,1,0,0,0,0,0,sports-reference
Purdue,1969,Lost National Final,1,1,1,1,0,0,sports-reference
Saint Joseph's,1969,Lost First Round,1,0,0,0,0,0,sports-reference
Santa Clara,1969,Lost Regional Final,1,1,1,0,0,0,sports-reference
Seattle,1969,Lost First Round,1,0,0,0,0,0,sports-reference
St. John's,1969,Lost Regional Semifinal,1,1,0,0,0,0,sports-reference
Texas A&M,1969,Lost Regional Semifinal,1,1,0,0,0,0,sports-reference
UCLA,1969,Won National Final,1,1,1,1,1,0,sports-reference
Villanova,1969,Lost First Round,1,0,0,0,0,0,sports-reference
Weber State,1969,Lost Regional Semifinal,1,1,0,0,0,0,sports-reference
Davidson,1970,Lost First Round,1,0,0,0,0,0,sports-reference
Dayton,1970,Lost First Round,1,0,0,0,0,0,sports-reference
Drake,1970,Lost Regional Final,1,1,1,0,0,0,sports-reference
Houston,1970,Lost Regional Semifinal,1,1,0,0,0,0,sports-reference
Iowa,1970,Lost Regional Semifinal,1,1,0,0,0,0,sports-reference
Jacksonville,1970,Lost National Final,1,1,1,1,0,0,sports-reference
Kansas State,1970,Lost Regional Semifinal,1,1,0,0,0,0,sports-reference
Kentucky,1970,Lost Regional Final,1,1,1,0,0,0,sports-reference
Long Beach State,1970,Lost Regional Semifinal,1,1,0,0,0,0,sports-reference
NC State,1970,Lost Regional Semifinal,1,1,0,0,0,0,sports-reference
New Mexico State,1970,Lost National Semifinal,1,1,1,1,0,0,sports-reference
Niagara,1970,Lost Regional Semifinal,1,1,0,0,0,0,sports-reference
Notre Dame,1970,Lost Regional Semifinal,1,1,0,0,0,0,sports-reference
Ohio,1970,Lost First Round,1,0,0,0,0,0,sports-reference
Pennsylvania,1970,Lost First Round,1,0,0,0,0,0,sports-reference
Rice,1970,Lost First Round,1,0,0,0,0,0,sports-reference
Santa Clara,1970,Lost Regional Semifinal,1,1,0,0,0,0,sports-reference
St. Bonaventure,1970,Lost National Semifinal,1,1,1,1,0,0,sports-reference
Temple,1970,Lost First Round,1,0,0,0,0,0,sports-reference
UCLA,1970,Won National Final,1,1,1,1,1,0,sports-reference
UTEP,1970,Lost First Round,1,0,0,0,0,0,sports-reference
Utah State,1970,Lost Regional Final,1,1,1,0,0,0,sports-reference
Villanova,1970,Lost Regional Final,1,1,1,0,0,0,sports-reference
Weber State,1970,Lost First Round,1,0,0,0,0,0,sports-reference
Western Kentucky,1970,Lost First Round,1,0,0,0,0,0,sports-reference
BYU,1971,Lost Regional Semifinal,1,1,0,0,0,0,sports-reference
Drake,1971,Lost Regional Final,1,1,1,0,0,0,sports-reference
Duquesne,1971,Lost First Round,1,0,0,0,0,0,sports-reference
Fordham,1971,Lost Regional Semifinal,1,1,0,0,0,0,sports-reference
Furman,1971,Lost First Round,1,0,0,0,0,0,sports-reference
Houston,1971,Lost Regional Semifinal,1,1,0,0,0,0,sports-reference
Jacksonville,1971,Lost First Round,1,0,0,0,0,0,sports-reference
Kansas,1971,Lost National Semifinal,1,1,1,1,0,0,sports-reference
Kentucky,1971,Lost Regional Semifinal,1,1,0,0,0,0,sports-reference
Long Beach State,1971,Lost Regional Final,1,1,1,0,0,0,sports-reference
Marquette,1971,Lost Regional Semifinal,1,1,0,0,0,0,sports-reference
Miami (OH),1971,Lost First Round,1,0,0,0,0,0,sports-reference
New Mexico State,1971,Lost First Round,1,0,0,0,0,0,sports-reference
Notre Dame,1971,Lost Regional Semifinal,1,1,0,0,0,0,sports-reference
Ohio State,1971,Lost Regional Final,1,1,1,0,0,0,sports-reference
Pacific,1971,Lost Regional Semifinal,1,1,0,0,0,0,sports-reference
Pennsylvania,1971,Lost Regional Final,1,1,1,0,0,0,sports-reference
Saint Joseph's,1971,Lost First Round,1,0,0,0,0,0,sports-reference
South Carolina,1971,Lost Regional Semifinal,1,1,0,0,0,0,sports-reference
TCU,1971,Lost First Round,1,0,0,0,0,0,sports-reference
UCLA,1971,Won National Final,1,1,1,1,1,0,sports-reference
Utah State,1971,Lost First Round,1,0,0,0,0,0,sports-reference
Villanova,1971,Lost National Final,1,1,1,1,0,1,sports-reference
Weber State,1971,Lost First Round,1,0,0,0,0,0,sports-reference
Western Kentucky,1971,Lost National Semifinal,1,1,1,1,0,1,sports-reference
BYU,1972,Lost First Round,1,0,0,0,0,0,sports-reference
East Carolina,1972,Lost First Round,1,0,0,0,0,0,sports-reference
Eastern Kentucky,1972,Lost First Round,1,0,0,0,0,0,sports-reference
Florida State,1972,Lost National Final,1,1,1,1,0,0,sports-reference
Hawaii,1972,Lost First Round,1,0,0,0,0,0,sports-reference
Houston,1972,Lost First Round,1,0,0,0,0,0,sports-reference
Kansas State,1972,Lost Regional Final,1,1,1,0,0,0,sports-reference
Kentucky,1972,Lost Regional Final,1,1,1,0,0,0,sports-reference
Long Beach State,1972,Lost Regional Final,1,1,1,0,0,0,sports-reference
Louisiana,1972,Lost Regional Semifinal,1,1,0,0,0,0,sports-reference
Louisville,1972,Lost National Semifinal,1,1,1,1,0,0,sports-reference
Marquette,1972,Lost Regional Semifinal,1,1,0,0,0,0,sports-reference
Marshall,1972,Lost First Round,1,0,0,0,0,0,sports-reference
Minnesota,1972,Lost Regional Semifinal,1,1,0,0,0,0,sports-reference
North Carolina,1972,Lost National Semifinal,1,1,1,1,0,0,sports-reference
Ohio,1972,Lost First Round,1,0,0,0,0,0,sports-reference
Pennsylvania,1972,Lost Regional Final,1,1,1,0,0,0,sports-reference
Providence,1972,Lost First Round,1,0,0,0,0,0,sports-reference
San Francisco,1972,Lost Regional Semifinal,1,1,0,0,0,0,sports-reference
South Carolina,1972,Lost Regional Semifinal,1,1,0,0,0,0,sports-reference
Temple,1972,Lost First Round,1,0,0,0,0,0,sports-reference
Texas,1972,Lost Regional Semifinal,1,1,0,0,0,0,sports-reference
UCLA,1972,Won National Final,1,1,1,1,1,0,sports-reference
Villanova,1972,Lost Regional Semifinal,1,1,0,0,0,0,sports-reference
Weber State,1972,Lost Regional Semifinal,1,1,0,0,0,0,sports-reference
Arizona State,1973,Lost Regional Semifinal,1,1,0,0,0,0,sports-reference
Austin Peay,1973,Lost Regional Semifinal,1,1,0,0,0,0,sports-reference
Furman,1973,Lost First Round,1,0,0,0,0,0,sports-reference
Houston,1973,Lost First Round,1,0,0,0,0,0,sports-reference
Indiana,1973,Lost National Semifinal,1,1,1,1,0,0,sports-reference
Jacksonville,1973,Lost First Round,1,0,0,0,0,0,sports-reference
Kansas State,1973,Lost Regional Final,1,1,1,0,0,0,sports-reference
Kentucky,1973,Lost Regional Final,1,1,1,0,0,0,sports-reference
Long Beach State,1973,Lost Regional Semifinal,1,1,0,0,0,0,sports-reference
Louisiana,1973,Lost Regional Semifinal,1,1,0,0,0,0,sports-reference
Marquette,1973,Lost Regional Semifinal,1,1,0,0,0,0,sports-reference
Maryland,1973,Lost Regional Final,1,1,1,0,0,0,sports-reference
Memphis,1973,Lost National Final,1,1,1,1,0,0,sports-reference
Miami (OH),1973,Lost First Round,1,0,0,0,0,0,sports-reference
Pennsylvania,1973,Lost Regional Semifinal,1,1,0,0,0,0,sports-reference
Providence,1973,Lost National Semifinal,1,1,1,1,0,0,sports-reference
Saint Joseph's,1973,Lost First Round,1,0,0,0,0,0,sports-reference
San Francisco,1973,Lost Regional Final,1,1,1,0,0,0,sports-reference
South Carolina,1973,Lost Regional Semifinal,1,1,0,0,0,0,sports-reference
St. John's,1973,Lost First Round,1,0,0,0,0,0,sports-reference
Syracuse,1973,Lost Regional Semifinal,1,1,0,0,0,0,sports-reference
Texas Tech,1973,Lost First Round,1,0,0,0,0,0,sports-reference
UCLA,1973,Won National Final,1,1,1,1,1,0,sports-reference
Weber State,1973,Lost First Round,1,0,0,0,0,0,sports-reference
Austin Peay,1974,Lost First Round,1,0,0,0,0,0,sports-reference
Creighton,1974,Lost Regional Semifinal,1,1,0,0,0,0,sports-reference
Dayton,1974,Lost Regional Semifinal,1,1,0,0,0,0,sports-reference
Furman,1974,Lost Regional Semifinal,1,1,0,0,0,0,sports-reference
Idaho State,1974,Lost First Round,1,0,0,0,0,0,sports-reference
Kansas,1974,Lost National Semifinal,1,1,1,1,0,0,sports-reference
Louisville,1974,Lost Regional Semifinal,1,1,0,0,0,0,sports-reference
Marquette,1974,Lost National Final,1,1,1,1,0,0,sports-reference
Michigan,1974,Lost Regional Final,1,1,1,0,0,0,sports-reference
NC State,1974,Won National Final,1,1,1,1,1,0,sports-reference
New Mexico,1974,Lost Regional Semifinal,1,1,0,0,0,0,sports-reference
Notre Dame,1974,Lost Regional Semifinal,1,1,0,0,0,0,sports-reference
Ohio,1974,Lost First Round,1,0,0,0,0,0,sports-reference
Oral Roberts,1974,Lost Regional Final,1,1,1,0,0,0,sports-reference
Pennsylvania,1974,Lost First Round,1,0,0,0,0,0,sports-reference
Pittsburgh,1974,Lost Regional Final,1,1,1,0,0,0,sports-reference
Providence,1974,Lost Regional Semifinal,1,1,0,0,0,0,sports-reference
Saint Joseph's,1974,Lost First Round,1,0,0,0,0,0,sports-reference
San Francisco,1974,Lost Regional Final,1,1,1,0,0,0,sports-reference
South Carolina,1974,Lost First Round,1,0,0,0,0,0,sports-reference
Syracuse,1974,Lost First Round,1,0,0,0,0,0,sports-reference
Texas,1974,Lost First Round,1,0,0,0,0,0,sports-reference
UCLA,1974,Lost National Semifinal,1,1,1,1,0,0,sports-reference
Vanderbilt,1974,Lost Regional Semifinal,1,1,0,0,0,0,sports-reference
Alabama,1975,Lost First Round,1,0,0,0,0,0,sports-reference
Arizona State,1975,Lost Regional Final,1,1,1,0,0,0,sports-reference
Boston College,1975,Lost Regional Semifinal,1,1,0,0,0,0,sports-reference
Central Michigan,1975,Lost Regional Semifinal,1,1,0,0,0,0,sports-reference
Cincinnati,1975,Lost Regional Semifinal,1,1,0,0,0,0,sports-reference
Creighton,1975,Lost First Round,1,0,0,0,0,0,sports-reference
Furman,1975,Lost First Round,1,0,0,0,0,0,sports-reference
Georgetown,1975,Lost First Round,1,0,0,0,0,0,sports-reference
Indiana,1975,Lost Regional Final,1,1,1,0,0,0,sports-reference
Kansas,1975,Lost First Round,1,0,0,0,0,0,sports-reference
Kansas State,1975,Lost Regional Final,1,1,1,0,0,0,sports-reference
Kentucky,1975,Lost National Final,1,1,1,1,0,0,sports-reference
La Salle,1975,Lost First Round,1,0,0,0,0,0,sports-reference
Louisville,1975,Lost National Semifinal,1,1,1,1,0,0,sports-reference
Marquette,1975,Lost First Round,1,0,0,0,0,0,sports-reference
Maryland,1975,Lost Regional Final,1,1,1,0,0,0,sports-reference
Michigan,1975,Lost First Round,1,0,0,0,0,0,sports-reference
Middle Tennessee,1975,Lost First Round,1,0,0,0,0,0,sports-reference
Montana,1975,Lost Regional Semifinal,1,1,0,0,0,0,sports-reference
New Mexico State,1975,Lost First Round,1,0,0,0,0,0,sports-reference
North Carolina,1975,Lost Regional Semifinal,1,1,0,0,0,0,sports-reference
Notre Dame,1975,Lost Regional Semifinal,1,1,0,0,0,0,sports-reference
Oregon State,1975,Lost Regional Semifinal,1,1,0,0,0,0,sports-reference
Pennsylvania,1975,Lost First Round,1,0,0,0,0,0,sports-reference
Rutgers,1975,Lost First Round,1,0,0,0,0,0,sports-reference
San Diego State,1975,Lost First Round,1,0,0,0,0,0,sports-reference
Syracuse,1975,Lost National Semifinal,1,1,1,1,0,0,sports-reference
Texas A&M,1975,Lost First Round,1,0,0,0,0,0,sports-reference
UCLA,1975,Won National Final,1,1,1,1,1,0,sports-reference
UNLV,1975,Lost Regional Semifinal,1,1,0,0,0,0,sports-reference
UTEP,1975,Lost First Round,1,0,0,0,0,0,sports-reference
Utah State,1975,Lost First Round,1,0,0,0,0,0,sports-reference
Alabama,1976,Lost Regional Semifinal,1,1,0,0,0,0,sports-reference
Arizona,1976,Lost Regional Final,1,1,1,0,0,0,sports-reference
Boise State,1976,Lost First Round,1,0,0,0,0,0,sports-reference
Cincinnati,1976,Lost First Round,1,0,0,0,0,0,sports-reference
DePaul,1976,Lost Regional Semifinal,1,1,0,0,0,0,sports-reference
Georgetown,1976,Lost First Round,1,0,0,0,0,0,sports-reference
Hofstra,1976,Lost First Round,1,0,0,0,0,0,sports-reference
Indiana,1976,Won National Final,1,1,1,1,1,0,sports-reference
Marquette,1976,Lost Regional Final,1,1,1,0,0,0,sports-reference
Memphis,1976,Lost First Round,1,0,0,0,0,0,sports-reference
Michigan,1976,Lost National Final,1,1,1,1,0,0,sports-reference
Missouri,1976,Lost Regional Final,1,1,1,0,0,0,sports-reference
North Carolina,1976,Lost First Round,1,0,0,0,0,0,sports-reference
Notre Dame,1976,Lost Regional Semifinal,1,1,0,0,0,0,sports-reference
Pepperdine,1976,Lost Regional Semifinal,1,1,0,0,0,0,sports-reference
Princeton,1976,Lost First Round,1,0,0,0,0,0,sports-reference
Rutgers,1976,Lost National Semifinal,1,1,1,1,0,0,sports-reference
San Diego State,1976,Lost First Round,1,0,0,0,0,0,sports-reference
St. John's,1976,Lost First Round,1,0,0,0,0,0,sports-reference
Syracuse,1976,Lost First Round,1,0,0,0,0,0,sports-reference
Tennessee,1976,Lost First Round,1,0,0,0,0,0,sports-reference
Texas Tech,1976,Lost Regional Semifinal,1,1,0,0,0,0,sports-reference
UCLA,1976,Lost National Semifinal,1,1,1,1,0,0,sports-reference
UConn,1976,Lost Regional Semifinal,1,1,0,0,0,0,sports-reference
UNLV,1976,Lost Regional Semifinal,1,1,0,0,0,0,sports-reference
VMI,1976,Lost Regional Final,1,1,1,0,0,0,sports-reference
Virginia,1976,Lost First Round,1,0,0,0,0,0,sports-reference
Virginia Tech,1976,Lost First Round,1,0,0,0,0,0,sports-reference
Washington,1976,Lost First Round,1,0,0,0,0,0,sports-reference
Western Kentucky,1976,Lost First Round,1,0,0,0,0,0,sports-reference
Western Michigan,1976,Lost Regional Semifinal,1,1,0,0,0,0,sports-reference
Wichita State,1976,Lost First Round,1,0,0,0,0,0,sports-reference
Arizona,1977,Lost First Round,1,0,0,0,0,0,sports-reference
Arkansas,1977,Lost First Round,1,0,0,0,0,0,sports-reference
Central Michigan,1977,Lost First Round,1,0,0,0,0,0,sports-reference
Charlotte,1977,Lost National Semifinal,1,1,1,1,0,0,sports-reference
Cincinnati,1977,Lost First Round,1,0,0,0,0,0,sports-reference
Detroit Mercy,1977,Lost Regional Semifinal,1,1,0,0,0,0,sports-reference
Duquesne,1977,Lost First Round,1,0,0,0,0,0,sports-reference
Hofstra,1977,Lost First Round,1,0,0,0,0,0,sports-reference
Holy Cross,1977,Lost First Round,1,0,0,0,0,0,sports-reference
Idaho State,1977,Lost Regional Final,1,1,1,0,0,0,sports-reference
Kansas State,1977,Lost Regional Semifinal,1,1,0,0,0,0,sports-reference
Kentucky,1977,Lost Regional Final,1,1,1,0,0,0,sports-reference
Long Beach State,1977,Lost First Round,1,0,0,0,0,0,sports-reference
Louisville,1977,Lost First Round,1,0,0,0,0,0,sports-reference
Marquette,1977,Won National Final,1,1,1,1,1,0,sports-reference
Michigan,1977,Lost Regional Final,1,1,1,0,0,0,sports-reference
Middle Tennessee,1977,Lost First Round,1,0,0,0,0,0,sports-reference
North Carolina,1977,Lost National Final,1,1,1,1,0,0,sports-reference
Notre Dame,1977,Lost Regional Semifinal,1,1,0,0,0,0,sports-reference
Princeton,1977,Lost First Round,1,0,0,0,0,0,sports-reference
Providence,1977,Lost First Round,1,0,0,0,0,0,sports-reference
Purdue,1977,Lost First Round,1,0,0,0,0,0,sports-reference
San Francisco,1977,Lost First Round,1,0,0,0,0,0,sports-reference
Southern Illinois,1977,Lost Regional Semifinal,1,1,0,0,0,0,sports-reference
St. John's,1977,Lost First Round,1,0,0,0,0,0,sports-reference
Syracuse,1977,Lost Regional Semifinal,1,1,0,0,0,0,sports-reference
Tennessee,1977,Lost First Round,1,0,0,0,0,0,sports-reference
UCLA,1977,Lost Regional Semifinal,1,1,0,0,0,0,sports-reference
UNLV,1977,Lost National Semifinal,1,1,1,1,0,0,sports-reference
Utah,1977,Lost Regional Semifinal,1,1,0,0,0,0,sports-reference
VMI,1977,Lost Regional Semifinal,1,1,0,0,0,0,sports-reference
Wake Forest,1977,Lost Regional Final,1,1,1,0,0,0,sports-reference
Arkansas,1978,Lost National Semifinal,1,1,1,1,0,0,sports-reference
Cal State Fullerton,1978,Lost Regional Final,1,1,1,0,0,0,sports-reference
Creighton,1978,Lost First Round,1,0,0,0,0,0,sports-reference
DePaul,1978,Lost Regional Final,1,1,1,0,0,0,sports-reference
Duke,1978,Lost National Final,1,1,1,1,0,0,sports-reference
Florida State,1978,Lost First Round,1,0,0,0,0,0,sports-reference
Furman,1978,Lost First Round,1,0,0,0,0,0,sports-reference
Houston,1978,Lost First Round,1,0,0,0,0,0,sports-reference
Indiana,1978,Lost Regional Semifinal,1,1,0,0,0,0,sports-reference
Kansas,1978,Lost First Round,1,0,0,0,0,0,sports-reference
Kentucky,1978,Won National Final,1,1,1,1,1,0,sports-reference
La Salle,1978,Lost First Round,1,0,0,0,0,0,sports-reference
Louisville,1978,Lost Regional Semifinal,1,1,0,0,0,0,sports-reference
Marquette,1978,Lost First Round,1,0,0,0,0,0,sports-reference
Miami (OH),1978,Lost Regional Semifinal,1,1,0,0,0,0,sports-reference
Michigan State,1978,Lost Regional Final,1,1,1,0,0,0,sports-reference
Missouri,1978,Lost First Round,1,0,0,0,0,0,sports-reference
New Mexico,1978,Lost First Round,1,0,0,0,0,0,sports-reference
North Carolina,1978,Lost First Round,1,0,0,0,0,0,sports-reference
Notre Dame,1978,Lost National Semifinal,1,1,1,1,0,0,sports-reference
Pennsylvania,1978,Lost Regional Semifinal,1,1,0,0,0,0,sports-reference
Providence,1978,Lost First Round,1,0,0,0,0,0,sports-reference
Rhode Island,1978,Lost First Round,1,0,0,0,0,0,sports-reference
San Francisco,1978,Lost Regional Semifinal,1,1,0,0,0,0,sports-reference
St. Bonaventure,1978,Lost First Round,1,0,0,0,0,0,sports-reference
St. John's,1978,Lost First Round,1,0,0,0,0,0,sports-reference
Syracuse,1978,Lost First Round,1,0,0,0,0,0,sports-reference
UCLA,1978,Lost Regional Semifinal,1,1,0,0,0,0,sports-reference
Utah,1978,Lost Regional Semifinal,1,1,0,0,0,0,sports-reference
Villanova,1978,Lost Regional Final,1,1,1,0,0,0,sports-reference
Weber State,1978,Lost First Round,1,0,0,0,0,0,sports-reference
Western Kentucky,1978,Lost Regional Semifinal,1,1,0,0,0,0,sports-reference
Appalachian State,1979,Lost Second Round,1,0,0,0,0,0,sports-reference
Arkansas,1979,Lost Regional Final,1,1,1,0,0,0,sports-reference
BYU,1979,Lost Second Round,1,0,0,0,0,0,sports-reference
DePaul,1979,Lost National Semifinal,1,1,1,1,0,0,sports-reference
Detroit Mercy,1979,Lost First Round,1,0,0,0,0,0,sports-reference
Duke,1979,Lost Second Round,1,0,0,0,0,0,sports-reference
Eastern Kentucky,1979,Lost First Round,1,0,0,0,0,0,sports-reference
Georgetown,1979,Lost Second Round,1,0,0,0,0,0,sports-reference
Indiana State,1979,Lost National Final,1,1,1,1,0,0,sports-reference
Iona,1979,Lost First Round,1,0,0,0,0,0,sports-reference
Iowa,1979,Lost Second Round,1,0,0,0,0,0,sports-reference
Jacksonville,1979,Lost First Round,1,0,0,0,0,0,sports-reference
LSU,1979,Lost Regional Semifinal,1,1,0,0,0,0,sports-reference
Lamar,1979,Lost Second Round,1,0,0,0,0,0,sports-reference
Louisville,1979,Lost Regional Semifinal,1,1,0,0,0,0,sports-reference
Marquette,1979,Lost Regional Semifinal,1,1,0,0,0,0,sports-reference
Michigan State,1979,Won National Final,1,1,1,1,1,0,sports-reference
New Mexico State,1979,Lost First Round,1,0,0,0,0,0,sports-reference
North Carolina,1979,Lost Second Round,1,0,0,0,0,0,sports-reference
Notre Dame,1979,Lost Regional Final,1,1,1,0,0,0,sports-reference
Oklahoma,1979,Lost Regional Semifinal,1,1,0,0,0,0,sports-reference
Pacific,1979,Lost Second Round,1,0,0,0,0,0,sports-reference
Pennsylvania,1979,Lost National Semifinal,1,1,1,1,0,0,sports-reference
Pepperdine,1979,Lost Second Round,1,0,0,0,0,0,sports-reference
Rutgers,1979,Lost Regional Semifinal,1,1,0,0,0,0,sports-reference
San Francisco,1979,Lost Regional Semifinal,1,1,0,0,0,0,sports-reference
South Alabama,1979,Lost Second Round,1,0,0,0,0,0,sports-reference
St. John's,1979,Lost Regional Final,1,1,1,0,0,0,sports-reference
Syracuse,1979,Lost Regional Semifinal,1,1,0,0,0,0,sports-reference
Temple,1979,Lost First Round,1,0,0,0,0,0,sports-reference
Tennessee,1979,Lost Second Round,1,0,0,0,0,0,sports-reference
Texas,1979,Lost Second Round,1,0,0,0,0,0,sports-reference
Toledo,1979,Lost Regional Semifinal,1,1,0,0,0,0,sports-reference
UCLA,1979,Lost Regional Final,1,1,1,0,0,0,sports-reference
UConn,1979,Lost Second Round,1,0,0,0,0,0,sports-reference
USC,1979,Lost Second Round,1,0,0,0,0,0,sports-reference
Utah,1979,Lost First Round,1,0,0,0,0,0,sports-reference
Utah State,1979,Lost First Round,1,0,0,0,0,0,sports-reference
Virginia Tech,1979,Lost Second Round,1,0,0,0,0,0,sports-reference
Weber State,1979,Lost Second Round,1,0,0,0,0,0,sports-reference
Alcorn State,1980,Lost Second Round,1,0,0,0,0,0,sports-reference
Arizona State,1980,Lost Second Round,1,0,0,0,0,0,sports-reference
Arkansas,1980,Lost First Round,1,0,0,0,0,0,sports-reference
BYU,1980,Lost Second Round,1,0,0,0,0,0,sports-reference
Bradley,1980,Lost First Round,1,0,0,0,0,0,sports-reference
Clemson,1980,Lost Regional Final,1,1,1,0,0,0,sports-reference
DePaul,1980,Lost Second Round,1,0,0,0,0,0,sports-reference
Duke,1980,Lost Regional Final,1,1,1,0,0,0,sports-reference
Florida State,1980,Lost Second Round,1,0,0,0,0,0,sports-reference
Furman,1980,Lost First Round,1,0,0,0,0,0,sports-reference
Georgetown,1980,Lost Regional Final,1,1,1,0,0,0,sports-reference
Holy Cross,1980,Lost First Round,1,0,0,0,0,0,sports-reference
Indiana,1980,Lost Regional Semifinal,1,1,0,0,0,0,sports-reference
Iona,1980,Lost Second Round,1,0,0,0,0,0,sports-reference
Iowa,1980,Lost National Semifinal,1,1,1,1,0,0,sports-reference
Kansas State,1980,Lost Second Round,1,0,0,0,0,0,sports-reference
Kentucky,1980,Lost Regional Semifinal,1,1,0,0,0,0,sports-reference
LSU,1980,Lost Regional Final,1,1,1,0,0,0,sports-reference
La Salle,1980,Lost First Round,1,0,0,0,0,0,sports-reference
Lamar,1980,Lost Regional Semifinal,1,1,0,0,0,0,sports-reference
Louisville,1980,Won National Final,1,1,1,1,1,0,sports-reference
Loyola Marymount,1980,Lost First Round,1,0,0,0,0,0,sports-reference
Marquette,1980,Lost First Round,1,0,0,0,0,0,sports-reference
Maryland,1980,Lost Regional Semifinal,1,1,0,0,0,0,sports-reference
Missouri,1980,Lost Regional Semifinal,1,1,0,0,0,0,sports-reference
NC State,1980,Lost Second Round,1,0,0,0,0,0,sports-reference
North Carolina,1980,Lost Second Round,1,0,0,0,0,0,sports-reference
Notre Dame,1980,Lost Second Round,1,0,0,0,0,0,sports-reference
Ohio State,1980,Lost Regional Semifinal,1,1,0,0,0,0,sports-reference
Old Dominion,1980,Lost First Round,1,0,0,0,0,0,sports-reference
Oregon State,1980,Lost Second Round,1,0,0,0,0,0,sports-reference
Pennsylvania,1980,Lost Second Round,1,0,0,0,0,0,sports-reference
Purdue,1980,Lost National Semifinal,1,1,1,1,0,0,sports-reference
San Jose State,1980,Lost First Round,1,0,0,0,0,0,sports-reference
South Alabama,1980,Lost First Round,1,0,0,0,0,0,sports-reference
St. John's,1980,Lost Second Round,1,0,0,0,0,0,sports-reference
Syracuse,1980,Lost Regional Semifinal,1,1,0,0,0,0,sports-reference
Tennessee,1980,Lost Second Round,1,0,0,0,0,0,sports-reference
Texas A&M,1980,Lost Regional Semifinal,1,1,0,0,0,0,sports-reference
Toledo,1980,Lost First Round,1,0,0,0,0,0,sports-reference
UCLA,1980,Lost National Final,1,1,1,1,0,1,sports-reference
Utah State,1980,Lost First Round,1,0,0,0,0,0,sports-reference
VCU,1980,Lost First Round,1,0,0,0,0,0,sports-reference
Villanova,1980,Lost Second Round,1,0,0,0,0,0,sports-reference
Virginia Tech,1980,Lost Second Round,1,0,0,0,0,0,sports-reference
Washington State,1980,Lost First Round,1,0,0,0,0,0,sports-reference
Weber State,1980,Lost First Round,1,0,0,0,0,0,sports-reference
Western Kentucky,1980,Lost First Round,1,0,0,0,0,0,sports-reference
Arizona State,1981,Lost Second Round,1,0,0,0,0,0,sports-reference
Arkansas,1981,Lost Regional Semifinal,1,1,0,0,0,0,sports-reference
BYU,1981,Lost Regional Final,1,1,1,0,0,0,sports-reference
Ball State,1981,Lost First Round,1,0,0,0,0,0,sports-reference
Boston College,1981,Lost Regional Semifinal,1,1,0,0,0,0,sports-reference
Chattanooga,1981,Lost First Round,1,0,0,0,0,0,sports-reference
Creighton,1981,Lost First Round,1,0,0,0,0,0,sports-reference
DePaul,1981,Lost Second Round,1,0,0,0,0,0,sports-reference
Fresno State,1981,Lost First Round,1,0,0,0,0,0,sports-reference
Georgetown,1981,Lost First Round,1,0,0,0,0,0,sports-reference
Houston,1981,Lost First Round,1,0,0,0,0,0,sports-reference
Howard,1981,Lost First Round,1,0,0,0,0,0,sports-reference
Idaho,1981,Lost First Round,1,0,0,0,0,0,sports-reference
Illinois,1981,Lost Regional Semifinal,1,1,0,0,0,0,sports-reference
Indiana,1981,Won National Final,1,1,1,1,1,0,sports-reference
Iowa,1981,Lost Second Round,1,0,0,0,0,0,sports-reference
James Madison,1981,Lost Second Round,1,0,0,0,0,0,sports-reference
Kansas,1981,Lost Regional Semifinal,1,1,0,0,0,0,sports-reference
Kansas State,1981,Lost Regional Final,1,1,1,0,0,0,sports-reference
Kentucky,1981,Lost Second Round,1,0,0,0,0,0,sports-reference
LIU,1981,Lost First Round,1,0,0,0,0,0,sports-reference
LSU,1981,Lost National Semifinal,1,1,1,1,0,0,sports-reference
Lamar,1981,Lost Second Round,1,0,0,0,0,0,sports-reference
Louisville,1981,Lost Second Round,1,0,0,0,0,0,sports-reference
Maryland,1981,Lost Second Round,1,0,0,0,0,0,sports-reference
Mercer,1981,Lost First Round,1,0,0,0,0,0,sports-reference
Missouri,1981,Lost First Round,1,0,0,0,0,0,sports-reference
North Carolina,1981,Lost National Final,1,1,1,1,0,0,sports-reference
Northeastern,1981,Lost Second Round,1,0,0,0,0,0,sports-reference
Notre Dame,1981,Lost Regional Semifinal,1,1,0,0,0,0,sports-reference
Ole Miss,1981,Lost First Round,1,0,0,0,0,0,sports-reference
Oregon State,1981,Lost Second Round,1,0,0,0,0,0,sports-reference
Pittsburgh,1981,Lost Second Round,1,0,0,0,0,0,sports-reference
Princeton,1981,Lost First Round,1,0,0,0,0,0,sports-reference
Saint Joseph's,1981,Lost Regional Final,1,1,1,0,0,0,sports-reference
San Francisco,1981,Lost First Round,1,0,0,0,0,0,sports-reference
Southern,1981,Lost First Round,1,0,0,0,0,0,sports-reference
Tennessee,1981,Lost Regional Semifinal,1,1,0,0,0,0,sports-reference
UAB,1981,Lost Regional Semifinal,1,1,0,0,0,0,sports-reference
UCLA,1981,Lost Second Round,1,0,0,0,0,0,sports-reference
Utah,1981,Lost Regional Semifinal,1,1,0,0,0,0,sports-reference
VCU,1981,Lost Second Round,1,0,0,0,0,0,sports-reference
Villanova,1981,Lost Second Round,1,0,0,0,0,0,sports-reference
Virginia,1981,Lost National Semifinal,1,1,1,1,0,0,sports-reference
Wake Forest,1981,Lost Second Round,1,0,0,0,0,0,sports-reference
Western Kentucky,1981,Lost First Round,1,0,0,0,0,0,sports-reference
Wichita State,1981,Lost Regional Final,1,1,1,0,0,0,sports-reference
Wyoming,1981,Lost Second Round,1,0,0,0,0,0,sports-reference
Alabama,1982,Lost Regional Semifinal,1,1,0,0,0,0,sports-reference
Alcorn State,1982,Lost First Round,1,0,0,0,0,0,sports-reference
Arkansas,1982,Lost Second Round,1,0,0,0,0,0,sports-reference
Boston College,1982,Lost Regional Final,1,1,1,0,0,0,sports-reference
Chattanooga,1982,Lost Second Round,1,0,0,0,0,0,sports-reference
DePaul,1982,Lost Second Round,1,0,0,0,0,0,sports-reference
Evansville,1982,Lost First Round,1,0,0,0,0,0,sports-reference
Fresno State,1982,Lost Regional Semifinal,1,1,0,0,0,0,sports-reference
Georgetown,1982,Lost National Final,1,1,1,1,0,0,sports-reference
Houston,1982,Lost National Semifinal,1,1,1,1,0,0,sports-reference
Idaho,1982,Lost Regional Semifinal,1,1,0,0,0,0,sports-reference
Indiana,1982,Lost Second Round,1,0,0,0,0,0,sports-reference
Iowa,1982,Lost Second Round,1,0,0,0,0,0,sports-reference
James Madison,1982,Lost Second Round,1,0,0,0,0,0,sports-reference
Kansas State,1982,Lost Regional Semifinal,1,1,0,0,0,0,sports-reference
Kentucky,1982,Lost First Round,1,0,0,0,0,0,sports-reference
Louisiana,1982,Lost First Round,1,0,0,0,0,0,sports-reference
Louisiana-Monroe,1982,Lost First Round,1,0,0,0,0,0,sports-reference
Louisville,1982,Lost National Semifinal,1,1,1,1,0,0,sports-reference
Marquette,1982,Lost Second Round,1,0,0,0,0,0,sports-reference
Memphis,1982,Lost Regional Semifinal,1,1,0,0,0,1,sports-reference
Middle Tennessee,1982,Lost Second Round,1,0,0,0,0,0,sports-reference
Minnesota,1982,Lost Regional Semifinal,1,1,0,0,0,0,sports-reference
Missouri,1982,Lost Regional Semifinal,1,1,0,0,0,0,sports-reference
NC State,1982,Lost First Round,1,0,0,0,0,0,sports-reference
North Carolina,1982,Won National Final,1,1,1,1,1,0,sports-reference
North Carolina A&T,1982,Lost First Round,1,0,0,0,0,0,sports-reference
Northeastern,1982,Lost Second Round,1,0,0,0,0,0,sports-reference
Northern Illinois,1982,Lost First Round,1,0,0,0,0,0,sports-reference
Ohio State,1982,Lost First Round,1,0,0,0,0,0,sports-reference
Old Dominion,1982,Lost First Round,1,0,0,0,0,0,sports-reference
Oregon State,1982,Lost Regional Final,1,1,1,0,0,0,sports-reference
Pennsylvania,1982,Lost First Round,1,0,0,0,0,0,sports-reference
Pepperdine,1982,Lost Second Round,1,0,0,0,0,0,sports-reference
Pittsburgh,1982,Lost First Round,1,0,0,0,0,0,sports-reference
Robert Morris,1982,Lost First Round,1,0,0,0,0,0,sports-reference
Saint Joseph's,1982,Lost First Round,1,0,0,0,0,0,sports-reference
San Francisco,1982,Lost First Round,1,0,0,0,0,0,sports-reference
St. John's,1982,Lost Second Round,1,0,0,0,0,0,sports-reference
Tennessee,1982,Lost Second Round,1,0,0,0,0,0,sports-reference
Tulsa,1982,Lost Second Round,1,0,0,0,0,0,sports-reference
UAB,1982,Lost Regional Final,1,1,1,0,0,0,sports-reference
USC,1982,Lost First Round,1,0,0,0,0,0,sports-reference
Villanova,1982,Lost Regional Final,1,1,1,0,0,0,sports-reference
Virginia,1982,Lost Regional Semifinal,1,1,0,0,0,0,sports-reference
Wake Forest,1982,Lost Second Round,1,0,0,0,0,0,sports-reference
West Virginia,1982,Lost Second Round,1,0,0,0,0,0,sports-reference
Wyoming,1982,Lost Second Round,1,0,0,0,0,0,sports-reference
Alabama,1983,Lost First Round,1,0,0,0,0,0,sports-reference
Alcorn State,1983,Lost First Round,1,0,0,0,0,0,sports-reference
Arkansas,1983,Lost Regional Semifinal,1,1,0,0,0,0,sports-reference
Boston College,1983,Lost Regional Semifinal,1,1,0,0,0,0,sports-reference
Boston University,1983,Lost Opening Round,1,0,0,0,0,0,sports-reference
Chattanooga,1983,Lost First Round,1,0,0,0,0,0,sports-reference
Georgetown,1983,Lost Second Round,1,0,0,0,0,0,sports-reference
Georgia,1983,Lost National Semifinal,1,1,1,1,0,0,sports-reference
Georgia Southern,1983,Lost Opening Round,1,0,0,0,0,0,sports-reference
Houston,1983,Lost National Final,1,1,1,1,0,0,sports-reference
Illinois,1983,Lost First Round,1,0,0,0,0,0,sports-reference
Illinois State,1983,Lost First Round,1,0,0,0,0,0,sports-reference
Indiana,1983,Lost Regional Semifinal,1,1,0,0,0,0,sports-reference
Iowa,1983,Lost Regional Semifinal,1,1,0,0,0,0,sports-reference
James Madison,1983,Lost Second Round,1,0,0,0,0,0,sports-reference
Kentucky,1983,Lost Regional Final,1,1,1,0,0,0,sports-reference
La Salle,1983,Lost First Round,1,0,0,0,0,0,sports-reference
Lamar,1983,Lost Second Round,1,0,0,0,0,0,sports-reference
Louisiana,1983,Lost First Round,1,0,0,0,0,0,sports-reference
Louisville,1983,Lost National Semifinal,1,1,1,1,0,0,sports-reference
Marquette,1983,Lost First Round,1,0,0,0,0,0,sports-reference
Maryland,1983,Lost Second Round,1,0,0,0,0,0,sports-reference
Memphis,1983,Lost Regional Semifinal,1,1,0,0,0,1,sports-reference
Missouri,1983,Lost Second Round,1,0,0,0,0,0,sports-reference
Morehead State,1983,Lost First Round,1,0,0,0,0,0,sports-reference
NC State,1983,Won National Final,1,1,1,1,1,0,sports-reference
North Carolina,1983,Lost Regional Final,1,1,1,0,0,0,sports-reference
North Carolina A&T,1983,Lost Opening Round,1,0,0,0,0,0,sports-reference
Ohio,1983,Lost Second Round,1,0,0,0,0,0,sports-reference
Ohio State,1983,Lost Regional Semifinal,1,1,0,0,0,0,sports-reference
Oklahoma,1983,Lost Second Round,1,0,0,0,0,0,sports-reference
Oklahoma State,1983,Lost First Round,1,0,0,0,0,0,sports-reference
Pepperdine,1983,Lost First Round,1,0,0,0,0,0,sports-reference
Princeton,1983,Lost Second Round,1,0,0,0,0,0,sports-reference
Purdue,1983,Lost Second Round,1,0,0,0,0,0,sports-reference
Robert Morris,1983,Lost First Round,1,0,0,0,0,0,sports-reference
Rutgers,1983,Lost Second Round,1,0,0,0,0,0,sports-reference
St. John's,1983,Lost Regional Semifinal,1,1,0,0,0,0,sports-reference
Syracuse,1983,Lost Second Round,1,0,0,0,0,0,sports-reference
Tennessee,1983,Lost Second Round,1,0,0,0,0,0,sports-reference
UAB,1983,Lost First Round,1,0,0,0,0,0,sports-reference
UCLA,1983,Lost Second Round,1,0,0,0,0,0,sports-reference
UNLV,1983,Lost Second Round,1,0,0,0,0,0,sports-reference
Utah,1983,Lost Regional Semifinal,1,1,0,0,0,0,sports-reference
Utah State,1983,Lost First Round,1,0,0,0,0,0,sports-reference
VCU,1983,Lost Second Round,1,0,0,0,0,0,sports-reference
Villanova,1983,Lost Regional Final,1,1,1,0,0,0,sports-reference
Virginia,1983,Lost Regional Final,1,1,1,0,0,0,sports-reference
Washington State,1983,Lost Second Round,1,0,0,0,0,0,sports-reference
Weber State,1983,Lost First Round,1,0,0,0,0,0,sports-reference
West Virginia,1983,Lost First Round,1,0,0,0,0,0,sports-reference
Xavier,1983,Lost Opening Round,1,0,0,0,0,0,sports-reference
Alabama,1984,Lost First Round,1,0,0,0,0,0,sports-reference
Alcorn State,1984,Lost First Round,1,0,0,0,0,0,sports-reference
Arkansas,1984,Lost Second Round,1,0,0,0,0,0,sports-reference
Auburn,1984,Lost First Round,1,0,0,0,0,0,sports-reference
BYU,1984,Lost Second Round,1,0,0,0,0,0,sports-reference
Dayton,1984,Lost Regional Final,1,1,1,0,0,0,sports-reference
DePaul,1984,Lost Regional Semifinal,1,1,0,0,0,0,sports-reference
Duke,1984,Lost Second Round,1,0,0,0,0,0,sports-reference
Fresno State,1984,Lost First Round,1,0,0,0,0,0,sports-reference
Georgetown,1984,Won National Final,1,1,1,1,1,0,sports-reference
Houston,1984,Lost National Final,1,1,1,1,0,0,sports-reference
Houston Christian,1984,Lost Opening Round,1,0,0,0,0,0,sports-reference
Illinois,1984,Lost Regional Final,1,1,1,0,0,0,sports-reference
Illinois State,1984,Lost Second Round,1,0,0,0,0,0,sports-reference
Indiana,1984,Lost Regional Final,1,1,1,0,0,0,sports-reference
Iona,1984,Lost First Round,1,0,0,0,0,0,sports-reference
Kansas,1984,Lost Second Round,1,0,0,0,0,0,sports-reference
Kentucky,1984,Lost National Semifinal,1,1,1,1,0,0,sports-reference
LIU,1984,Lost Opening Round,1,0,0,0,0,0,sports-reference
LSU,1984,Lost First Round,1,0,0,0,0,0,sports-reference
Louisiana Tech,1984,Lost Second Round,1,0,0,0,0,0,sports-reference
Louisville,1984,Lost Regional Semifinal,1,1,0,0,0,0,sports-reference
Marshall,1984,Lost First Round,1,0,0,0,0,0,sports-reference
Maryland,1984,Lost Regional Semifinal,1,1,0,0,0,0,sports-reference
Memphis,1984,Lost Regional Semifinal,1,1,0,0,0,1,sports-reference
Miami (OH),1984,Lost First Round,1,0,0,0,0,0,sports-reference
Morehead State,1984,Lost First Round,1,0,0,0,0,0,sports-reference
Nevada,1984,Lost First Round,1,0,0,0,0,0,sports-reference
North Carolina,1984,Lost Regional Semifinal,1,1,0,0,0,0,sports-reference
North Carolina A&T,1984,Lost Opening Round,1,0,0,0,0,0,sports-reference
Northeastern,1984,Lost First Round,1,0,0,0,0,0,sports-reference
Oklahoma,1984,Lost Second Round,1,0,0,0,0,0,sports-reference
Oral Roberts,1984,Lost First Round,1,0,0,0,0,0,sports-reference
Oregon State,1984,Lost First Round,1,0,0,0,0,0,sports-reference
Princeton,1984,Lost First Round,1,0,0,0,0,0,sports-reference
Purdue,1984,Lost Second Round,1,0,0,0,0,0,sports-reference
Richmond,1984,Lost Second Round,1,0,0,0,0,0,sports-reference
Rider,1984,Lost Opening Round,1,0,0,0,0,0,sports-reference
SMU,1984,Lost Second Round,1,0,0,0,0,0,sports-reference
San Diego,1984,Lost Opening Round,1,0,0,0,0,0,sports-reference
St. John's,1984,Lost First Round,1,0,0,0,0,0,sports-reference
Syracuse,1984,Lost Regional Semifinal,1,1,0,0,0,0,sports-reference
Temple,1984,Lost Second Round,1,0,0,0,0,0,sports-reference
Tulsa,1984,Lost Second Round,1,0,0,0,0,0,sports-reference
UAB,1984,Lost First Round,1,0,0,0,0,0,sports-reference
UNLV,1984,Lost Regional Semifinal,1,1,0,0,0,0,sports-reference
UTEP,1984,Lost Second Round,1,0,0,0,0,0,sports-reference
VCU,1984,Lost Second Round,1,0,0,0,0,0,sports-reference
Villanova,1984,Lost Second Round,1,0,0,0,0,0,sports-reference
Virginia,1984,Lost National Semifinal,1,1,1,1,0,0,sports-reference
Wake Forest,1984,Lost Regional Final,1,1,1,0,0,0,sports-reference
Washington,1984,Lost Regional Semifinal,1,1,0,0,0,0,sports-reference
West Virginia,1984,Lost Second Round,1,0,0,0,0,0,sports-reference
Alabama,1985,Lost Regional Semifinal,1,1,0,0,0,0,sports-reference
Arizona,1985,Lost First Round,1,0,0,0,0,0,sports-reference
Arkansas,1985,Lost Second Round,1,0,0,0,0,0,sports-reference
Auburn,1985,Lost Regional Semifinal,1,1,0,0,0,0,sports-reference
Boston College,1985,Lost Regional Semifinal,1,1,0,0,0,0,sports-reference
Dayton,1985,Lost First Round,1,0,0,0,0,0,sports-reference
DePaul,1985,Lost First Round,1,0,0,0,0,0,sports-reference
Duke,1985,Lost Second Round,1,0,0,0,0,0,sports-reference
Fairleigh Dickinson,1985,Lost First Round,1,0,0,0,0,0,sports-reference
Georgetown,1985,Lost National Final,1,1,1,1,0,0,sports-reference
Georgia,1985,Lost Second Round,1,0,0,0,0,0,sports-reference
Georgia Tech,1985,Lost Regional Final,1,1,1,0,0,0,sports-reference
Illinois,1985,Lost Regional Semifinal,1,1,0,0,0,0,sports-reference
Illinois State,1985,Lost Second Round,1,0,0,0,0,0,sports-reference
Iona,1985,Lost First Round,1,0,0,0,0,0,sports-reference
Iowa,1985,Lost First Round,1,0,0,0,0,0,sports-reference
Iowa State,1985,Lost First Round,1,0,0,0,0,0,sports-reference
Kansas,1985,Lost Second Round,1,0,0,0,0,0,sports-reference
Kentucky,1985,Lost Regional Semifinal,1,1,0,0,0,0,sports-reference
LSU,1985,Lost First Round,1,0,0,0,0,0,sports-reference
Lehigh,1985,Lost First Round,1,0,0,0,0,0,sports-reference
Louisiana Tech,1985,Lost Regional Semifinal,1,1,0,0,0,0,sports-reference
Loyola Chicago,1985,Lost Regional Semifinal,1,1,0,0,0,0,sports-reference
Marshall,1985,Lost First Round,1,0,0,0,0,0,sports-reference
Maryland,1985,Lost Regional Semifinal,1,1,0,0,0,0,sports-reference
Memphis,1985,Lost National Semifinal,1,1,1,1,0,1,sports-reference
Mercer,1985,Lost First Round,1,0,0,0,0,0,sports-reference
Miami (OH),1985,Lost First Round,1,0,0,0,0,0,sports-reference
Michigan,1985,Lost Second Round,1,0,0,0,0,0,sports-reference
Michigan State,1985,Lost First Round,1,0,0,0,0,0,sports-reference
Middle Tennessee,1985,Lost First Round,1,0,0,0,0,0,sports-reference
NC State,1985,Lost Regional Final,1,1,1,0,0,0,sports-reference
Navy,1985,Lost Second Round,1,0,0,0,0,0,sports-reference
Nevada,1985,Lost First Round,1,0,0,0,0,0,sports-reference
North Carolina,1985,Lost Regional Final,1,1,1,0,0,0,sports-reference
North Carolina A&T,1985,Lost First Round,1,0,0,0,0,0,sports-reference
Northeastern,1985,Lost First Round,1,0,0,0,0,0,sports-reference
Notre Dame,1985,Lost Second Round,1,0,0,0,0,0,sports-reference
Ohio,1985,Lost First Round,1,0,0,0,0,0,sports-reference
Ohio State,1985,Lost Second Round,1,0,0,0,0,0,sports-reference
Oklahoma,1985,Lost Regional Final,1,1,1,0,0,0,sports-reference
Old Dominion,1985,Lost First Round,1,0,0,0,0,0,sports-reference
Oregon State,1985,Lost First Round,1,0,0,0,0,0,sports-reference
Pennsylvania,1985,Lost First Round,1,0,0,0,0,0,sports-reference
Pepperdine,1985,Lost First Round,1,0,0,0,0,0,sports-reference
Pittsburgh,1985,Lost First Round,1,0,0,0,0,0,sports-reference
Purdue,1985,Lost First Round,1,0,0,0,0,0,sports-reference
SMU,1985,Lost Second Round,1,0,0,0,0,0,sports-reference
San Diego State,1985,Lost First Round,1,0,0,0,0,0,sports-reference
Southern,1985,Lost First Round,1,0,0,0,0,0,sports-reference
St. John's,1985,Lost National Semifinal,1,1,1,1,0,0,sports-reference
Syracuse,1985,Lost Second Round,1,0,0,0,0,0,sports-reference
Temple,1985,Lost Second Round,1,0,0,0,0,0,sports-reference
Texas Tech,1985,Lost First Round,1,0,0,0,0,0,sports-reference
Tulsa,1985,Lost First Round,1,0,0,0,0,0,sports-reference
UAB,1985,Lost Second Round,1,0,0,0,0,0,sports-reference
UNLV,1985,Lost Second Round,1,0,0,0,0,0,sports-reference
USC,1985,Lost First Round,1,0,0,0,0,0,sports-reference
UTEP,1985,Lost Second Round,1,0,0,0,0,0,sports-reference
VCU,1985,Lost Second Round,1,0,0,0,0,0,sports-reference
Villanova,1985,Won National Final,1,1,1,1,1,0,sports-reference
Virginia Tech,1985,Lost First Round,1,0,0,0,0,0,sports-reference
Washington,1985,Lost First Round,1,0,0,0,0,0,sports-reference
Wichita State,1985,Lost First Round,1,0,0,0,0,0,sports-reference
Akron,1986,Lost First Round,1,0,0,0,0,0,sports-reference
Alabama,1986,Lost Regional Semifinal,1,1,0,0,0,0,sports-reference
Arizona,1986,Lost First Round,1,0,0,0,0,0,sports-reference
Auburn,1986,Lost Regional Final,1,1,1,0,0,0,sports-reference
Ball State,1986,Lost First Round,1,0,0,0,0,0,sports-reference
Bradley,1986,Lost Second Round,1,0,0,0,0,0,sports-reference
Brown,1986,Lost First Round,1,0,0,0,0,0,sports-reference
Cleveland State,1986,Lost Regional Semifinal,1,1,0,0,0,0,sports-reference
Davidson,1986,Lost First Round,1,0,0,0,0,0,sports-reference
DePaul,1986,Lost Regional Semifinal,1,1,0,0,0,0,sports-reference
Drexel,1986,Lost First Round,1,0,0,0,0,0,sports-reference
Duke,1986,Lost National Final,1,1,1,1,0,0,sports-reference
Fairfield,1986,Lost First Round,1,0,0,0,0,0,sports-reference
Georgetown,1986,Lost Second Round,1,0,0,0,0,0,sports-reference
Georgia Tech,1986,Lost Regional Semifinal,1,1,0,0,0,0,sports-reference
Illinois,1986,Lost Second Round,1,0,0,0,0,0,sports-reference
Indiana,1986,Lost First Round,1,0,0,0,0,0,sports-reference
Iowa,1986,Lost First Round,1,0,0,0,0,0,sports-reference
Iowa State,1986,Lost Regional Semifinal,1,1,0,0,0,0,sports-reference
Jacksonville,1986,Lost First Round,1,0,0,0,0,0,sports-reference
Kansas,1986,Lost National Semifinal,1,1,1,1,0,0,sports-reference
Kentucky,1986,Lost Regional Final,1,1,1,0,0,0,sports-reference
LSU,1986,Lost National Semifinal,1,1,1,1,0,0,sports-reference
Little Rock,1986,Lost Second Round,1,0,0,0,0,0,sports-reference
Louisiana-Monroe,1986,Lost First Round,1,0,0,0,0,0,sports-reference
Louisville,1986,Won National Final,1,1,1,1,1,0,sports-reference
Marist,1986,Lost First Round,1,0,0,0,0,0,sports-reference
Maryland,1986,Lost Second Round,1,0,0,0,0,0,sports-reference
Memphis,1986,Lost Second Round,1,0,0,0,0,1,sports-reference
Miami (OH),1986,Lost First Round,1,0,0,0,0,0,sports-reference
Michigan,1986,Lost Second Round,1,0,0,0,0,0,sports-reference
Michigan State,1986,Lost Regional Semifinal,1,1,0,0,0,0,sports-reference
Mississippi Valley State,1986,Lost First Round,1,0,0,0,0,0,sports-reference
Missouri,1986,Lost First Round,1,0,0,0,0,0,sports-reference
Montana State,1986,Lost First Round,1,0,0,0,0,0,sports-reference
NC State,1986,Lost Regional Final,1,1,1,0,0,0,sports-reference
Navy,1986,Lost Regional Final,1,1,1,0,0,0,sports-reference
Nebraska,1986,Lost First Round,1,0,0,0,0,0,sports-reference
North Carolina,1986,Lost Regional Semifinal,1,1,0,0,0,0,sports-reference
North Carolina A&T,1986,Lost First Round,1,0,0,0,0,0,sports-reference
Northeastern,1986,Lost First Round,1,0,0,0,0,0,sports-reference
Notre Dame,1986,Lost First Round,1,0,0,0,0,0,sports-reference
Oklahoma,1986,Lost Second Round,1,0,0,0,0,0,sports-reference
Old Dominion,1986,Lost Second Round,1,0,0,0,0,0,sports-reference
Pepperdine,1986,Lost First Round,1,0,0,0,0,0,sports-reference
Purdue,1986,Lost First Round,1,0,0,0,0,0,sports-reference
Richmond,1986,Lost First Round,1,0,0,0,0,0,sports-reference
Saint Joseph's,1986,Lost Second Round,1,0,0,0,0,0,sports-reference
St. John's,1986,Lost Second Round,1,0,0,0,0,0,sports-reference
Syracuse,1986,Lost Second Round,1,0,0,0,0,0,sports-reference
Temple,1986,Lost Second Round,1,0,0,0,0,0,sports-reference
Texas Tech,1986,Lost First Round,1,0,0,0,0,0,sports-reference
Tulsa,1986,Lost First Round,1,0,0,0,0,0,sports-reference
UAB,1986,Lost Second Round,1,0,0,0,0,0,sports-reference
UNLV,1986,Lost Regional Semifinal,1,1,0,0,0,0,sports-reference
UTEP,1986,Lost First Round,1,0,0,0,0,0,sports-reference
Utah,1986,Lost First Round,1,0,0,0,0,0,sports-reference
Villanova,1986,Lost Second Round,1,0,0,0,0,0,sports-reference
Virginia,1986,Lost First Round,1,0,0,0,0,0,sports-reference
Virginia Tech,1986,Lost First Round,1,0,0,0,0,0,sports-reference
Washington,1986,Lost First Round,1,0,0,0,0,0,sports-reference
West Virginia,1986,Lost First Round,1,0,0,0,0,0,sports-reference
Western Kentucky,1986,Lost Second Round,1,0,0,0,0,0,sports-reference
Xavier,1986,Lost First Round,1,0,0,0,0,0,sports-reference
Alabama,1987,Lost Regional Semifinal,1,1,0,0,0,0,sports-reference
Arizona,1987,Lost First Round,1,0,0,0,0,0,sports-reference
Auburn,1987,Lost Second Round,1,0,0,0,0,0,sports-reference
Austin Peay,1987,Lost Second Round,1,0,0,0,0,0,sports-reference
BYU,1987,Lost First Round,1,0,0,0,0,0,sports-reference
Bucknell,1987,Lost First Round,1,0,0,0,0,0,sports-reference
Central Michigan,1987,Lost First Round,1,0,0,0,0,0,sports-reference
Clemson,1987,Lost First Round,1,0,0,0,0,0,sports-reference
DePaul,1987,Lost Regional Semifinal,1,1,0,0,0,0,sports-reference
Duke,1987,Lost Regional Semifinal,1,1,0,0,0,0,sports-reference
Fairfield,1987,Lost First Round,1,0,0,0,0,0,sports-reference
Florida,1987,Lost Regional Semifinal,1,1,0,0,0,0,sports-reference
Georgetown,1987,Lost Regional Final,1,1,1,0,0,0,sports-reference
Georgia,1987,Lost First Round,1,0,0,0,0,0,sports-reference
Georgia Southern,1987,Lost First Round,1,0,0,0,0,0,sports-reference
Georgia Tech,1987,Lost First Round,1,0,0,0,0,0,sports-reference
Houston,1987,Lost First Round,1,0,0,0,0,0,sports-reference
Idaho State,1987,Lost First Round,1,0,0,0,0,0,sports-reference
Illinois,1987,Lost First Round,1,0,0,0,0,0,sports-reference
Indiana,1987,Won National Final,1,1,1,1,1,0,sports-reference
Iowa,1987,Lost Regional Final,1,1,1,0,0,0,sports-reference
Kansas,1987,Lost Regional Semifinal,1,1,0,0,0,0,sports-reference
Kansas State,1987,Lost Second Round,1,0,0,0,0,0,sports-reference
Kentucky,1987,Lost First Round,1,0,0,0,0,0,sports-reference
LSU,1987,Lost Regional Final,1,1,1,0,0,0,sports-reference
Louisiana Tech,1987,Lost First Round,1,0,0,0,0,0,sports-reference
Marist,1987,Lost First Round,1,0,0,0,0,0,sports-reference
Marshall,1987,Lost First Round,1,0,0,0,0,0,sports-reference
Michigan,1987,Lost Second Round,1,0,0,0,0,0,sports-reference
Middle Tennessee,1987,Lost First Round,1,0,0,0,0,0,sports-reference
Missouri,1987,Lost First Round,1,0,0,0,0,0,sports-reference
Missouri State,1987,Lost Second Round,1,0,0,0,0,0,sports-reference
NC State,1987,Lost First Round,1,0,0,0,0,0,sports-reference
Navy,1987,Lost First Round,1,0,0,0,0,0,sports-reference
New Orleans,1987,Lost Second Round,1,0,0,0,0,0,sports-reference
North Carolina,1987,Lost Regional Final,1,1,1,0,0,0,sports-reference
North Carolina A&T,1987,Lost First Round,1,0,0,0,0,0,sports-reference
Northeastern,1987,Lost First Round,1,0,0,0,0,0,sports-reference
Notre Dame,1987,Lost Regional Semifinal,1,1,0,0,0,0,sports-reference
Ohio State,1987,Lost Second Round,1,0,0,0,0,0,sports-reference
Oklahoma,1987,Lost Regional Semifinal,1,1,0,0,0,0,sports-reference
Pennsylvania,1987,Lost First Round,1,0,0,0,0,0,sports-reference
Pittsburgh,1987,Lost Second Round,1,0,0,0,0,0,sports-reference
Providence,1987,Lost National Semifinal,1,1,1,1,0,0,sports-reference
Purdue,1987,Lost Second Round,1,0,0,0,0,0,sports-reference
San Diego,1987,Lost First Round,1,0,0,0,0,0,sports-reference
Santa Clara,1987,Lost First Round,1,0,0,0,0,0,sports-reference
Southern,1987,Lost First Round,1,0,0,0,0,0,sports-reference
St. John's,1987,Lost Second Round,1,0,0,0,0,0,sports-reference
Syracuse,1987,Lost National Final,1,1,1,1,0,0,sports-reference
TCU,1987,Lost Second Round,1,0,0,0,0,0,sports-reference
Temple,1987,Lost Second Round,1,0,0,0,0,0,sports-reference
Texas A&M,1987,Lost First Round,1,0,0,0,0,0,sports-reference
Tulsa,1987,Lost First Round,1,0,0,0,0,0,sports-reference
UAB,1987,Lost First Round,1,0,0,0,0,0,sports-reference
UCLA,1987,Lost Second Round,1,0,0,0,0,0,sports-reference
UNLV,1987,Lost National Semifinal,1,1,1,1,0,0,sports-reference
UTEP,1987,Lost Second Round,1,0,0,0,0,0,sports-reference
Virginia,1987,Lost First Round,1,0,0,0,0,0,sports-reference
West Virginia,1987,Lost First Round,1,0,0,0,0,0,sports-reference
Western Kentucky,1987,Lost Second Round,1,0,0,0,0,0,sports-reference
Wichita State,1987,Lost First Round,1,0,0,0,0,0,sports-reference
Wyoming,1987,Lost Regional Semifinal,1,1,0,0,0,0,sports-reference
Xavier,1987,Lost Second Round,1,0,0,0,0,0,sports-reference
Arizona,1988,Lost National Semifinal,1,1,1,1,0,0,sports-reference
Arkansas,1988,Lost First Round,1,0,0,0,0,0,sports-reference
Auburn,1988,Lost Second Round,1,0,0,0,0,0,sports-reference
BYU,1988,Lost Second Round,1,0,0,0,0,0,sports-reference
Baylor,1988,Lost First Round,1,0,0,0,0,0,sports-reference
Boise State,1988,Lost First Round,1,0,0,0,0,0,sports-reference
Boston University,1988,Lost First Round,1,0,0,0,0,0,sports-reference
Bradley,1988,Lost First Round,1,0,0,0,0,0,sports-reference
Charlotte,1988,Lost First Round,1,0,0,0,0,0,sports-reference
Chattanooga,1988,Lost First Round,1,0,0,0,0,0,sports-reference
Cornell,1988,Lost First Round,1,0,0,0,0,0,sports-reference
DePaul,1988,Lost Second Round,1,0,0,0,0,0,sports-reference
Duke,1988,Lost National Semifinal,1,1,1,1,0,0,sports-reference
Eastern Michigan,1988,Lost First Round,1,0,0,0,0,0,sports-reference
Fairleigh Dickinson,1988,Lost First Round,1,0,0,0,0,0,sports-reference
Florida,1988,Lost Second Round,1,0,0,0,0,0,sports-reference
Florida State,1988,Lost First Round,1,0,0,0,0,0,sports-reference
Georgetown,1988,Lost Second Round,1,0,0,0,0,0,sports-reference
Georgia Tech,1988,Lost Second Round,1,0,0,0,0,0,sports-reference
Illinois,1988,Lost Second Round,1,0,0,0,0,0,sports-reference
Indiana,1988,Lost First Round,1,0,0,0,0,0,sports-reference
Iowa,1988,Lost Regional Semifinal,1,1,0,0,0,0,sports-reference
Iowa State,1988,Lost First Round,1,0,0,0,0,0,sports-reference
Kansas,1988,Won National Final,1,1,1,1,1,0,sports-reference
Kansas State,1988,Lost Regional Final,1,1,1,0,0,0,sports-reference
Kentucky,1988,Lost Regional Semifinal,1,1,0,0,0,1,sports-reference
LSU,1988,Lost First Round,1,0,0,0,0,0,sports-reference
La Salle,1988,Lost First Round,1,0,0,0,0,0,sports-reference
Lehigh,1988,Lost First Round,1,0,0,0,0,0,sports-reference
Louisville,1988,Lost Regional Semifinal,1,1,0,0,0,0,sports-reference
Loyola Marymount,1988,Lost Second Round,1,0,0,0,0,0,sports-reference
Maryland,1988,Lost Second Round,1,0,0,0,0,0,sports-reference
Memphis,1988,Lost Second Round,1,0,0,0,0,0,sports-reference
Michigan,1988,Lost Regional Semifinal,1,1,0,0,0,0,sports-reference
Missouri,1988,Lost First Round,1,0,0,0,0,0,sports-reference
Missouri State,1988,Lost First Round,1,0,0,0,0,0,sports-reference
Murray State,1988,Lost Second Round,1,0,0,0,0,0,sports-reference
NC State,1988,Lost First Round,1,0,0,0,0,0,sports-reference
North Carolina,1988,Lost Regional Final,1,1,1,0,0,0,sports-reference
North Carolina A&T,1988,Lost First Round,1,0,0,0,0,0,sports-reference
North Texas,1988,Lost First Round,1,0,0,0,0,0,sports-reference
Notre Dame,1988,Lost First Round,1,0,0,0,0,0,sports-reference
Oklahoma,1988,Lost National Final,1,1,1,1,0,0,sports-reference
Oregon State,1988,Lost First Round,1,0,0,0,0,0,sports-reference
Pittsburgh,1988,Lost Second Round,1,0,0,0,0,0,sports-reference
Purdue,1988,Lost Regional Semifinal,1,1,0,0,0,0,sports-reference
Rhode Island,1988,Lost Regional Semifinal,1,1,0,0,0,0,sports-reference
Richmond,1988,Lost Regional Semifinal,1,1,0,0,0,0,sports-reference
SMU,1988,Lost Second Round,1,0,0,0,0,0,sports-reference
Seton Hall,1988,Lost Second Round,1,0,0,0,0,0,sports-reference
Southern,1988,Lost First Round,1,0,0,0,0,0,sports-reference
St. John's,1988,Lost First Round,1,0,0,0,0,0,sports-reference
Syracuse,1988,Lost Second Round,1,0,0,0,0,0,sports-reference
Temple,1988,Lost Regional Final,1,1,1,0,0,0,sports-reference
UC Santa Barbara,1988,Lost First Round,1,0,0,0,0,0,sports-reference
UNLV,1988,Lost Second Round,1,0,0,0,0,0,sports-reference
UTEP,1988,Lost First Round,1,0,0,0,0,0,sports-reference
UTSA,1988,Lost First Round,1,0,0,0,0,0,sports-reference
Utah State,1988,Lost First Round,1,0,0,0,0,0,sports-reference
Vanderbilt,1988,Lost Regional Semifinal,1,1,0,0,0,0,sports-reference
Villanova,1988,Lost Regional Final,1,1,1,0,0,0,sports-reference
Wichita State,1988,Lost First Round,1,0,0,0,0,0,sports-reference
Wyoming,1988,Lost First Round,1,0,0,0,0,0,sports-reference
Xavier,1988,Lost First Round,1,0,0,0,0,0,sports-reference
Alabama,1989,Lost First Round,1,0,0,0,0,0,sports-reference
Arizona,1989,Lost Regional Semifinal,1,1,0,0,0,0,sports-reference
Arkansas,1989,Lost Second Round,1,0,0,0,0,0,sports-reference
Ball State,1989,Lost Second Round,1,0,0,0,0,0,sports-reference
Bucknell,1989,Lost First Round,1,0,0,0,0,0,sports-reference
Clemson,1989,Lost Second Round,1,0,0,0,0,0,sports-reference
Colorado State,1989,Lost Second Round,1,0,0,0,0,0,sports-reference
Creighton,1989,Lost First Round,1,0,0,0,0,0,sports-reference
DePaul,1989,Lost Second Round,1,0,0,0,0,0,sports-reference
Duke,1989,Lost National Semifinal,1,1,1,1,0,0,sports-reference
East Tennessee State,1989,Lost First Round,1,0,0,0,0,0,sports-reference
Evansville,1989,Lost Second Round,1,0,0,0,0,0,sports-reference
Florida,1989,Lost First Round,1,0,0,0,0,0,sports-reference
Florida State,1989,Lost First Round,1,0,0,0,0,0,sports-reference
George Mason,1989,Lost First Round,1,0,0,0,0,0,sports-reference
Georgetown,1989,Lost Regional Final,1,1,1,0,0,0,sports-reference
Georgia Tech,1989,Lost First Round,1,0,0,0,0,0,sports-reference
Idaho,1989,Lost First Round,1,0,0,0,0,0,sports-reference
Illinois,1989,Lost National Semifinal,1,1,1,1,0,0,sports-reference
Indiana,1989,Lost Regional Semifinal,1,1,0,0,0,0,sports-reference
Iowa,1989,Lost Second Round,1,0,0,0,0,0,sports-reference
Iowa State,1989,Lost First Round,1,0,0,0,0,0,sports-reference
Kansas State,1989,Lost First Round,1,0,0,0,0,0,sports-reference
LSU,1989,Lost First Round,1,0,0,0,0,0,sports-reference
La Salle,1989,Lost First Round,1,0,0,0,0,0,sports-reference
Little Rock,1989,Lost First Round,1,0,0,0,0,0,sports-reference
Louisiana Tech,1989,Lost Second Round,1,0,0,0,0,0,sports-reference
Louisville,1989,Lost Regional Semifinal,1,1,0,0,0,0,sports-reference
Loyola Marymount,1989,Lost First Round,1,0,0,0,0,0,sports-reference
McNeese,1989,Lost First Round,1,0,0,0,0,0,sports-reference
Memphis,1989,Lost First Round,1,0,0,0,0,0,sports-reference
Michigan,1989,Won National Final,1,1,1,1,1,0,sports-reference
Middle Tennessee,1989,Lost Second Round,1,0,0,0,0,0,sports-reference
Minnesota,1989,Lost Regional Semifinal,1,1,0,0,0,0,sports-reference
Missouri,1989,Lost Regional Semifinal,1,1,0,0,0,0,sports-reference
Missouri State,1989,Lost First Round,1,0,0,0,0,0,sports-reference
NC State,1989,Lost Regional Semifinal,1,1,0,0,0,0,sports-reference
North Carolina,1989,Lost Regional Semifinal,1,1,0,0,0,0,sports-reference
Notre Dame,1989,Lost Second Round,1,0,0,0,0,0,sports-reference
Oklahoma,1989,Lost Regional Semifinal,1,1,0,0,0,0,sports-reference
Oregon State,1989,Lost First Round,1,0,0,0,0,0,sports-reference
Pittsburgh,1989,Lost First Round,1,0,0,0,0,0,sports-reference
Princeton,1989,Lost First Round,1,0,0,0,0,0,sports-reference
Providence,1989,Lost First Round,1,0,0,0,0,0,sports-reference
Robert Morris,1989,Lost First Round,1,0,0,0,0,0,sports-reference
Rutgers,1989,Lost First Round,1,0,0,0,0,0,sports-reference
Saint Mary's,1989,Lost First Round,1,0,0,0,0,0,sports-reference
Seton Hall,1989,Lost National Final,1,1,1,1,0,0,sports-reference
Siena,1989,Lost Second Round,1,0,0,0,0,0,sports-reference
South Alabama,1989,Lost Second Round,1,0,0,0,0,0,sports-reference
South Carolina,1989,Lost First Round,1,0,0,0,0,0,sports-reference
South Carolina State,1989,Lost First Round,1,0,0,0,0,0,sports-reference
Southern,1989,Lost First Round,1,0,0,0,0,0,sports-reference
Stanford,1989,Lost First Round,1,0,0,0,0,0,sports-reference
Syracuse,1989,Lost Regional Final,1,1,1,0,0,0,sports-reference
Tennessee,1989,Lost First Round,1,0,0,0,0,0,sports-reference
Texas,1989,Lost Second Round,1,0,0,0,0,0,sports-reference
UCLA,1989,Lost Second Round,1,0,0,0,0,0,sports-reference
UNLV,1989,Lost Regional Final,1,1,1,0,0,0,sports-reference
UTEP,1989,Lost Second Round,1,0,0,0,0,0,sports-reference
Vanderbilt,1989,Lost First Round,1,0,0,0,0,0,sports-reference
Virginia,1989,Lost Regional Final,1,1,1,0,0,0,sports-reference
West Virginia,1989,Lost Second Round,1,0,0,0,0,0,sports-reference
Xavier,1989,Lost First Round,1,0,0,0,0,0,sports-reference
Alabama,1990,Lost Regional Semifinal,1,1,0,0,0,0,sports-reference
Arizona,1990,Lost Second Round,1,0,0,0,0,0,sports-reference
Arkansas,1990,Lost National Semifinal,1,1,1,1,0,0,sports-reference
BYU,1990,Lost First Round,1,0,0,0,0,0,sports-reference
Ball State,1990,Lost Regional Semifinal,1,1,0,0,0,0,sports-reference
Boston University,1990,Lost First Round,1,0,0,0,0,0,sports-reference
California,1990,Lost Second Round,1,0,0,0,0,0,sports-reference
Clemson,1990,Lost Regional Semifinal,1,1,0,0,0,0,sports-reference
Colorado State,1990,Lost First Round,1,0,0,0,0,0,sports-reference
Coppin State,1990,Lost First Round,1,0,0,0,0,0,sports-reference
Dayton,1990,Lost Second Round,1,0,0,0,0,0,sports-reference
Duke,1990,Lost National Final,1,1,1,1,0,0,sports-reference
East Tennessee State,1990,Lost First Round,1,0,0,0,0,0,sports-reference
Georgetown,1990,Lost Second Round,1,0,0,0,0,0,sports-reference
Georgia,1990,Lost First Round,1,0,0,0,0,0,sports-reference
Georgia Tech,1990,Lost National Semifinal,1,1,1,1,0,0,sports-reference
Houston,1990,Lost First Round,1,0,0,0,0,0,sports-reference
Idaho,1990,Lost First Round,1,0,0,0,0,0,sports-reference
Illinois,1990,Lost First Round,1,0,0,0,0,0,sports-reference
Illinois State,1990,Lost First Round,1,0,0,0,0,0,sports-reference
Indiana,1990,Lost First Round,1,0,0,0,0,0,sports-reference
Kansas,1990,Lost Second Round,1,0,0,0,0,0,sports-reference
Kansas State,1990,Lost First Round,1,0,0,0,0,0,sports-reference
LSU,1990,Lost Second Round,1,0,0,0,0,0,sports-reference
La Salle,1990,Lost Second Round,1,0,0,0,0,0,sports-reference
Little Rock,1990,Lost First Round,1,0,0,0,0,0,sports-reference
Louisiana-Monroe,1990,Lost First Round,1,0,0,0,0,0,sports-reference
Louisville,1990,Lost Second Round,1,0,0,0,0,0,sports-reference
Loyola Marymount,1990,Lost Regional Final,1,1,1,0,0,0,sports-reference
Michigan,1990,Lost Second Round,1,0,0,0,0,0,sports-reference
Michigan State,1990,Lost Regional Semifinal,1,1,0,0,0,0,sports-reference
Minnesota,1990,Lost Regional Final,1,1,1,0,0,0,sports-reference
Missouri,1990,Lost First Round,1,0,0,0,0,0,sports-reference
Missouri State,1990,Lost First Round,1,0,0,0,0,0,sports-reference
Murray State,1990,Lost First Round,1,0,0,0,0,0,sports-reference
New Mexico State,1990,Lost First Round,1,0,0,0,0,0,sports-reference
North Carolina,1990,Lost Regional Semifinal,1,1,0,0,0,0,sports-reference
Northern Iowa,1990,Lost Second Round,1,0,0,0,0,0,sports-reference
Notre Dame,1990,Lost First Round,1,0,0,0,0,0,sports-reference
Ohio State,1990,Lost Second Round,1,0,0,0,0,0,sports-reference
Oklahoma,1990,Lost Second Round,1,0,0,0,0,0,sports-reference
Oregon State,1990,Lost First Round,1,0,0,0,0,0,sports-reference
Princeton,1990,Lost First Round,1,0,0,0,0,0,sports-reference
Providence,1990,Lost First Round,1,0,0,0,0,0,sports-reference
Purdue,1990,Lost Second Round,1,0,0,0,0,0,sports-reference
Richmond,1990,Lost First Round,1,0,0,0,0,0,sports-reference
Robert Morris,1990,Lost First Round,1,0,0,0,0,0,sports-reference
South Florida,1990,Lost First Round,1,0,0,0,0,0,sports-reference
Southern Miss,1990,Lost First Round,1,0,0,0,0,0,sports-reference
St. John's,1990,Lost Second Round,1,0,0,0,0,0,sports-reference
Syracuse,1990,Lost Regional Semifinal,1,1,0,0,0,0,sports-reference
Temple,1990,Lost First Round,1,0,0,0,0,0,sports-reference
Texas,1990,Lost Regional Final,1,1,1,0,0,0,sports-reference
Texas Southern,1990,Lost First Round,1,0,0,0,0,0,sports-reference
Towson,1990,Lost First Round,1,0,0,0,0,0,sports-reference
UAB,1990,Lost First Round,1,0,0,0,0,0,sports-reference
UC Santa Barbara,1990,Lost Second Round,1,0,0,0,0,0,sports-reference
UCLA,1990,Lost Regional Semifinal,1,1,0,0,0,0,sports-reference
UConn,1990,Lost Regional Final,1,1,1,0,0,0,sports-reference
UNLV,1990,Won National Final,1,1,1,1,1,0,sports-reference
UTEP,1990,Lost First Round,1,0,0,0,0,0,sports-reference
Villanova,1990,Lost First Round,1,0,0,0,0,0,sports-reference
Virginia,1990,Lost Second Round,1,0,0,0,0,0,sports-reference
Xavier,1990,Lost Regional Semifinal,1,1,0,0,0,0,sports-reference
Alabama,1991,Lost Regional Semifinal,1,1,0,0,0,0,sports-reference
Arizona,1991,Lost Regional Semifinal,1,1,0,0,0,0,sports-reference
Arizona State,1991,Lost Second Round,1,0,0,0,0,0,sports-reference
Arkansas,1991,Lost Regional Final,1,1,1,0,0,0,sports-reference
BYU,1991,Lost Second Round,1,0,0,0,0,0,sports-reference
Coastal Carolina,1991,Lost First Round,1,0,0,0,0,0,sports-reference
Creighton,1991,Lost Second Round,1,0,0,0,0,0,sports-reference
DePaul,1991,Lost First Round,1,0,0,0,0,0,sports-reference
Duke,1991,Won National Final,1,1,1,1,1,0,sports-reference
East Tennessee State,1991,Lost First Round,1,0,0,0,0,0,sports-reference
Eastern Michigan,1991,Lost Regional Semifinal,1,1,0,0,0,0,sports-reference
Florida State,1991,Lost Second Round,1,0,0,0,0,0,sports-reference
Georgetown,1991,Lost Second Round,1,0,0,0,0,0,sports-reference
Georgia,1991,Lost First Round,1,0,0,0,0,0,sports-reference
Georgia State,1991,Lost First Round,1,0,0,0,0,0,sports-reference
Georgia Tech,1991,Lost Second Round,1,0,0,0,0,0,sports-reference
Green Bay,1991,Lost First Round,1,0,0,0,0,0,sports-reference
Indiana,1991,Lost Regional Semifinal,1,1,0,0,0,0,sports-reference
Iowa,1991,Lost Second Round,1,0,0,0,0,0,sports-reference
Kansas,1991,Lost National Final,1,1,1,1,0,0,sports-reference
LSU,1991,Lost First Round,1,0,0,0,0,0,sports-reference
Louisiana Tech,1991,Lost First Round,1,0,0,0,0,0,sports-reference
Louisiana-Monroe,1991,Lost First Round,1,0,0,0,0,0,sports-reference
Michigan State,1991,Lost Second Round,1,0,0,0,0,0,sports-reference
Mississippi State,1991,Lost First Round,1,0,0,0,0,0,sports-reference
Montana,1991,Lost First Round,1,0,0,0,0,0,sports-reference
Murray State,1991,Lost First Round,1,0,0,0,0,0,sports-reference
NC State,1991,Lost Second Round,1,0,0,0,0,0,sports-reference
Nebraska,1991,Lost First Round,1,0,0,0,0,0,sports-reference
New Mexico,1991,Lost First Round,1,0,0,0,0,0,sports-reference
New Mexico State,1991,Lost First Round,1,0,0,0,0,0,sports-reference
New Orleans,1991,Lost First Round,1,0,0,0,0,0,sports-reference
North Carolina,1991,Lost National Semifinal,1,1,1,1,0,0,sports-reference
Northeastern,1991,Lost First Round,1,0,0,0,0,0,sports-reference
Northern Illinois,1991,Lost First Round,1,0,0,0,0,0,sports-reference
Ohio State,1991,Lost Regional Semifinal,1,1,0,0,0,0,sports-reference
Oklahoma State,1991,Lost Regional Semifinal,1,1,0,0,0,0,sports-reference
Penn State,1991,Lost Second Round,1,0,0,0,0,0,sports-reference
Pepperdine,1991,Lost First Round,1,0,0,0,0,0,sports-reference
Pittsburgh,1991,Lost Second Round,1,0,0,0,0,0,sports-reference
Princeton,1991,Lost First Round,1,0,0,0,0,0,sports-reference
Purdue,1991,Lost First Round,1,0,0,0,0,0,sports-reference
Richmond,1991,Lost Second Round,1,0,0,0,0,0,sports-reference
Rutgers,1991,Lost First Round,1,0,0,0,0,0,sports-reference
Saint Francis,1991,Lost First Round,1,0,0,0,0,0,sports-reference
Saint Peter's,1991,Lost First Round,1,0,0,0,0,0,sports-reference
Seton Hall,1991,Lost Regional Final,1,1,1,0,0,0,sports-reference
South Alabama,1991,Lost First Round,1,0,0,0,0,0,sports-reference
Southern Miss,1991,Lost First Round,1,0,0,0,0,0,sports-reference
St. John's,1991,Lost Regional Final,1,1,1,0,0,0,sports-reference
Syracuse,1991,Lost First Round,1,0,0,0,0,0,sports-reference
Temple,1991,Lost Regional Final,1,1,1,0,0,0,sports-reference
Texas,1991,Lost Second Round,1,0,0,0,0,0,sports-reference
Towson,1991,Lost First Round,1,0,0,0,0,0,sports-reference
UCLA,1991,Lost First Round,1,0,0,0,0,0,sports-reference
UConn,1991,Lost Regional Semifinal,1,1,0,0,0,0,sports-reference
UNLV,1991,Lost National Semifinal,1,1,1,1,0,0,sports-reference
USC,1991,Lost First Round,1,0,0,0,0,0,sports-reference
Utah,1991,Lost Regional Semifinal,1,1,0,0,0,0,sports-reference
Vanderbilt,1991,Lost First Round,1,0,0,0,0,0,sports-reference
Villanova,1991,Lost Second Round,1,0,0,0,0,0,sports-reference
Virginia,1991,Lost First Round,1,0,0,0,0,0,sports-reference
Wake Forest,1991,Lost Second Round,1,0,0,0,0,0,sports-reference
Xavier,1991,Lost Second Round,1,0,0,0,0,0,sports-reference
Alabama,1992,Lost Second Round,1,0,0,0,0,0,sports-reference
Arizona,1992,Lost First Round,1,0,0,0,0,0,sports-reference
Arkansas,1992,Lost Second Round,1,0,0,0,0,0,sports-reference
BYU,1992,Lost First Round,1,0,0,0,0,0,sports-reference
Campbell,1992,Lost First Round,1,0,0,0,0,0,sports-reference
Charlotte,1992,Lost First Round,1,0,0,0,0,0,sports-reference
Cincinnati,1992,Lost National Semifinal,1,1,1,1,0,0,sports-reference
DePaul,1992,Lost First Round,1,0,0,0,0,0,sports-reference
Delaware,1992,Lost First Round,1,0,0,0,0,0,sports-reference
Duke,1992,Won National Final,1,1,1,1,1,0,sports-reference
East Tennessee State,1992,Lost Second Round,1,0,0,0,0,0,sports-reference
Eastern Illinois,1992,Lost First Round,1,0,0,0,0,0,sports-reference
Evansville,1992,Lost First Round,1,0,0,0,0,0,sports-reference
Florida State,1992,Lost Regional Semifinal,1,1,0,0,0,0,sports-reference
Fordham,1992,Lost First Round,1,0,0,0,0,0,sports-reference
Georgetown,1992,Lost Second Round,1,0,0,0,0,0,sports-reference
Georgia Southern,1992,Lost First Round,1,0,0,0,0,0,sports-reference
Georgia Tech,1992,Lost Regional Semifinal,1,1,0,0,0,0,sports-reference
Houston,1992,Lost First Round,1,0,0,0,0,0,sports-reference
Howard,1992,Lost First Round,1,0,0,0,0,0,sports-reference
Indiana,1992,Lost National Semifinal,1,1,1,1,0,0,sports-reference
Iowa,1992,Lost Second Round,1,0,0,0,0,0,sports-reference
Iowa State,1992,Lost Second Round,1,0,0,0,0,0,sports-reference
Kansas,1992,Lost Second Round,1,0,0,0,0,0,sports-reference
Kentucky,1992,Lost Regional Final,1,1,1,0,0,0,sports-reference
LSU,1992,Lost Second Round,1,0,0,0,0,0,sports-reference
La Salle,1992,Lost First Round,1,0,0,0,0,0,sports-reference
Louisiana,1992,Lost Second Round,1,0,0,0,0,0,sports-reference
Louisiana-Monroe,1992,Lost First Round,1,0,0,0,0,0,sports-reference
Louisville,1992,Lost Second Round,1,0,0,0,0,0,sports-reference
Memphis,1992,Lost Regional Final,1,1,1,0,0,0,sports-reference
Miami (OH),1992,Lost First Round,1,0,0,0,0,0,sports-reference
Michigan,1992,Lost National Final,1,1,1,1,0,1,sports-reference
Michigan State,1992,Lost Second Round,1,0,0,0,0,0,sports-reference
Mississippi Valley State,1992,Lost First Round,1,0,0,0,0,0,sports-reference
Missouri,1992,Lost Second Round,1,0,0,0,0,0,sports-reference
Missouri State,1992,Lost First Round,1,0,0,0,0,0,sports-reference
Montana,1992,Lost First Round,1,0,0,0,0,0,sports-reference
Murray State,1992,Lost First Round,1,0,0,0,0,0,sports-reference
Nebraska,1992,Lost First Round,1,0,0,0,0,0,sports-reference
New Mexico State,1992,Lost Regional Semifinal,1,1,0,0,0,0,sports-reference
North Carolina,1992,Lost Regional Semifinal,1,1,0,0,0,0,sports-reference
Ohio State,1992,Lost Regional Final,1,1,1,0,0,0,sports-reference
Oklahoma,1992,Lost First Round,1,0,0,0,0,0,sports-reference
Oklahoma State,1992,Lost Regional Semifinal,1,1,0,0,0,0,sports-reference
Old Dominion,1992,Lost First Round,1,0,0,0,0,0,sports-reference
Pepperdine,1992,Lost First Round,1,0,0,0,0,0,sports-reference
Princeton,1992,Lost First Round,1,0,0,0,0,0,sports-reference
Robert Morris,1992,Lost First Round,1,0,0,0,0,0,sports-reference
Seton Hall,1992,Lost Regional Semifinal,1,1,0,0,0,0,sports-reference
South Florida,1992,Lost First Round,1,0,0,0,0,0,sports-reference
St. John's,1992,Lost First Round,1,0,0,0,0,0,sports-reference
Stanford,1992,Lost First Round,1,0,0,0,0,0,sports-reference
Syracuse,1992,Lost Second Round,1,0,0,0,0,0,sports-reference
Temple,1992,Lost First Round,1,0,0,0,0,0,sports-reference
Texas,1992,Lost First Round,1,0,0,0,0,0,sports-reference
Tulane,1992,Lost Second Round,1,0,0,0,0,0,sports-reference
UCLA,1992,Lost Regional Final,1,1,1,0,0,0,sports-reference
UConn,1992,Lost Second Round,1,0,0,0,0,0,sports-reference
UMass,1992,Lost Regional Semifinal,1,1,0,0,0,0,sports-reference
USC,1992,Lost Second Round,1,0,0,0,0,0,sports-reference
UTEP,1992,Lost Regional Semifinal,1,1,0,0,0,0,sports-reference
Wake Forest,1992,Lost First Round,1,0,0,0,0,0,sports-reference
West Virginia,1992,Lost First Round,1,0,0,0,0,0,sports-reference
Arizona,1993,Lost First Round,1,0,0,0,0,0,sports-reference
Arkansas,1993,Lost Regional Semifinal,1,1,0,0,0,0,sports-reference
BYU,1993,Lost Second Round,1,0,0,0,0,0,sports-reference
Ball State,1993,Lost First Round,1,0,0,0,0,0,sports-reference
Boise State,1993,Lost First Round,1,0,0,0,0,0,sports-reference
California,1993,Lost Regional Semifinal,1,1,0,0,0,0,sports-reference
Chattanooga,1993,Lost First Round,1,0,0,0,0,0,sports-reference
Cincinnati,1993,Lost Regional Final,1,1,1,0,0,0,sports-reference
Coastal Carolina,1993,Lost First Round,1,0,0,0,0,0,sports-reference
Coppin State,1993,Lost First Round,1,0,0,0,0,0,sports-reference
Delaware,1993,Lost First Round,1,0,0,0,0,0,sports-reference
Duke,1993,Lost Second Round,1,0,0,0,0,0,sports-reference
East Carolina,1993,Lost First Round,1,0,0,0,0,0,sports-reference
Evansville,1993,Lost First Round,1,0,0,0,0,0,sports-reference
Florida State,1993,Lost Regional Final,1,1,1,0,0,0,sports-reference
George Washington,1993,Lost Regional Semifinal,1,1,0,0,0,0,sports-reference
Georgia Tech,1993,Lost First Round,1,0,0,0,0,0,sports-reference
Holy Cross,1993,Lost First Round,1,0,0,0,0,0,sports-reference
Illinois,1993,Lost Second Round,1,0,0,0,0,0,sports-reference
Indiana,1993,Lost Regional Final,1,1,1,0,0,0,sports-reference
Iowa,1993,Lost Second Round,1,0,0,0,0,0,sports-reference
Iowa State,1993,Lost First Round,1,0,0,0,0,0,sports-reference
Kansas,1993,Lost National Semifinal,1,1,1,1,0,0,sports-reference
Kansas State,1993,Lost First Round,1,0,0,0,0,0,sports-reference
Kentucky,1993,Lost National Semifinal,1,1,1,1,0,0,sports-reference
LSU,1993,Lost First Round,1,0,0,0,0,0,sports-reference
Long Beach State,1993,Lost First Round,1,0,0,0,0,0,sports-reference
Louisiana-Monroe,1993,Lost First Round,1,0,0,0,0,0,sports-reference
Louisville,1993,Lost Regional Semifinal,1,1,0,0,0,0,sports-reference
Manhattan,1993,Lost First Round,1,0,0,0,0,0,sports-reference
Marquette,1993,Lost First Round,1,0,0,0,0,0,sports-reference
Memphis,1993,Lost First Round,1,0,0,0,0,0,sports-reference
Michigan,1993,Lost National Final,1,1,1,1,0,1,sports-reference
Missouri,1993,Lost First Round,1,0,0,0,0,0,sports-reference
Nebraska,1993,Lost First Round,1,0,0,0,0,0,sports-reference
New Mexico,1993,Lost First Round,1,0,0,0,0,0,sports-reference
New Mexico State,1993,Lost Second Round,1,0,0,0,0,0,sports-reference
New Orleans,1993,Lost First Round,1,0,0,0,0,0,sports-reference
North Carolina,1993,Won National Final,1,1,1,1,1,0,sports-reference
Oklahoma State,1993,Lost Second Round,1,0,0,0,0,0,sports-reference
Pennsylvania,1993,Lost First Round,1,0,0,0,0,0,sports-reference
Pittsburgh,1993,Lost First Round,1,0,0,0,0,0,sports-reference
Purdue,1993,Lost First Round,1,0,0,0,0,0,sports-reference
Rhode Island,1993,Lost Second Round,1,0,0,0,0,0,sports-reference
Rider,1993,Lost First Round,1,0,0,0,0,0,sports-reference
SMU,1993,Lost First Round,1,0,0,0,0,0,sports-reference
Santa Clara,1993,Lost Second Round,1,0,0,0,0,0,sports-reference
Seton Hall,1993,Lost Second Round,1,0,0,0,0,0,sports-reference
Southern,1993,Lost Second Round,1,0,0,0,0,0,sports-reference
Southern Illinois,1993,Lost First Round,1,0,0,0,0,0,sports-reference
St. John's,1993,Lost Second Round,1,0,0,0,0,0,sports-reference
Temple,1993,Lost Regional Final,1,1,1,0,0,0,sports-reference
Tennessee State,1993,Lost First Round,1,0,0,0,0,0,sports-reference
Texas Tech,1993,Lost First Round,1,0,0,0,0,0,sports-reference
Tulane,1993,Lost Second Round,1,0,0,0,0,0,sports-reference
UCLA,1993,Lost Second Round,1,0,0,0,0,0,sports-reference
UMass,1993,Lost Second Round,1,0,0,0,0,0,sports-reference
Utah,1993,Lost Second Round,1,0,0,0,0,0,sports-reference
Vanderbilt,1993,Lost Regional Semifinal,1,1,0,0,0,0,sports-reference
Virginia,1993,Lost Regional Semifinal,1,1,0,0,0,0,sports-reference
Wake Forest,1993,Lost Regional Semifinal,1,1,0,0,0,0,sports-reference
Western Kentucky,1993,Lost Regional Semifinal,1,1,0,0,0,0,sports-reference
Wright State,1993,Lost First Round,1,0,0,0,0,0,sports-reference
Xavier,1993,Lost Second Round,1,0,0,0,0,0,sports-reference
Alabama,1994,Lost Second Round,1,0,0,0,0,0,sports-reference
Arizona,1994,Lost National Semifinal,1,1,1,1,0,0,sports-reference
Arkansas,1994,Won National Final,1,1,1,1,1,0,sports-reference
Boise State,1994,Lost First Round,1,0,0,0,0,0,sports-reference
Boston College,1994,Lost Regional Final,1,1,1,0,0,0,sports-reference
California,1994,Lost First Round,1,0,0,0,0,0,sports-reference
Charleston,1994,Lost First Round,1,0,0,0,0,0,sports-reference
Chattanooga,1994,Lost First Round,1,0,0,0,0,0,sports-reference
Cincinnati,1994,Lost First Round,1,0,0,0,0,0,sports-reference
Drexel,1994,Lost First Round,1,0,0,0,0,0,sports-reference
Duke,1994,Lost National Final,1,1,1,1,0,0,sports-reference
Florida,1994,Lost National Semifinal,1,1,1,1,0,0,sports-reference
George Washington,1994,Lost Second Round,1,0,0,0,0,0,sports-reference
Georgetown,1994,Lost Second Round,1,0,0,0,0,0,sports-reference
Green Bay,1994,Lost Second Round,1,0,0,0,0,0,sports-reference
Hawaii,1994,Lost First Round,1,0,0,0,0,0,sports-reference
Illinois,1994,Lost First Round,1,0,0,0,0,0,sports-reference
Indiana,1994,Lost Regional Semifinal,1,1,0,0,0,0,sports-reference
James Madison,1994,Lost First Round,1,0,0,0,0,0,sports-reference
Kansas,1994,Lost Regional Semifinal,1,1,0,0,0,0,sports-reference
Kentucky,1994,Lost Second Round,1,0,0,0,0,0,sports-reference
Liberty,1994,Lost First Round,1,0,0,0,0,0,sports-reference
Louisiana,1994,Lost First Round,1,0,0,0,0,0,sports-reference
Louisville,1994,Lost Regional Semifinal,1,1,0,0,0,0,sports-reference
Loyola Maryland,1994,Lost First Round,1,0,0,0,0,0,sports-reference
Marquette,1994,Lost Regional Semifinal,1,1,0,0,0,0,sports-reference
Maryland,1994,Lost Regional Semifinal,1,1,0,0,0,0,sports-reference
Michigan,1994,Lost Regional Final,1,1,1,0,0,0,sports-reference
Michigan State,1994,Lost Second Round,1,0,0,0,0,0,sports-reference
Minnesota,1994,Lost Second Round,1,0,0,0,0,1,sports-reference
Missouri,1994,Lost Regional Final,1,1,1,0,0,0,sports-reference
Navy,1994,Lost First Round,1,0,0,0,0,0,sports-reference
Nebraska,1994,Lost First Round,1,0,0,0,0,0,sports-reference
New Mexico,1994,Lost First Round,1,0,0,0,0,0,sports-reference
New Mexico State,1994,Lost First Round,1,0,0,0,0,0,sports-reference
North Carolina,1994,Lost Second Round,1,0,0,0,0,0,sports-reference
North Carolina A&T,1994,Lost First Round,1,0,0,0,0,0,sports-reference
Ohio,1994,Lost First Round,1,0,0,0,0,0,sports-reference
Oklahoma State,1994,Lost Second Round,1,0,0,0,0,0,sports-reference
Pennsylvania,1994,Lost Second Round,1,0,0,0,0,0,sports-reference
Pepperdine,1994,Lost First Round,1,0,0,0,0,0,sports-reference
Providence,1994,Lost First Round,1,0,0,0,0,0,sports-reference
Purdue,1994,Lost Regional Final,1,1,1,0,0,0,sports-reference
Rider,1994,Lost First Round,1,0,0,0,0,0,sports-reference
Saint Louis,1994,Lost First Round,1,0,0,0,0,0,sports-reference
Seton Hall,1994,Lost First Round,1,0,0,0,0,0,sports-reference
Southern Illinois,1994,Lost First Round,1,0,0,0,0,0,sports-reference
Syracuse,1994,Lost Regional Semifinal,1,1,0,0,0,0,sports-reference
Temple,1994,Lost Second Round,1,0,0,0,0,0,sports-reference
Tennessee State,1994,Lost First Round,1,0,0,0,0,0,sports-reference
Texas,1994,Lost Second Round,1,0,0,0,0,0,sports-reference
Texas Southern,1994,Lost First Round,1,0,0,0,0,0,sports-reference
Texas State,1994,Lost First Round,1,0,0,0,0,0,sports-reference
Tulsa,1994,Lost Regional Semifinal,1,1,0,0,0,0,sports-reference
UAB,1994,Lost First Round,1,0,0,0,0,0,sports-reference
UCF,1994,Lost First Round,1,0,0,0,0,0,sports-reference
UCLA,1994,Lost First Round,1,0,0,0,0,0,sports-reference
UConn,1994,Lost Regional Semifinal,1,1,0,0,0,0,sports-reference
UMass,1994,Lost Second Round,1,0,0,0,0,0,sports-reference
Virginia,1994,Lost Second Round,1,0,0,0,0,0,sports-reference
Wake Forest,1994,Lost Second Round,1,0,0,0,0,0,sports-reference
Washington State,1994,Lost First Round,1,0,0,0,0,0,sports-reference
Western Kentucky,1994,Lost First Round,1,0,0,0,0,0,sports-reference
Wisconsin,1994,Lost Second Round,1,0,0,0,0,0,sports-reference
Alabama,1995,Lost Second Round,1,0,0,0,0,0,sports-reference
Arizona,1995,Lost First Round,1,0,0,0,0,0,sports-reference
Arizona State,1995,Lost Regional Semifinal,1,1,0,0,0,0,sports-reference
Arkansas,1995,Lost National Final,1,1,1,1,0,0,sports-reference
BYU,1995,Lost First Round,1,0,0,0,0,0,sports-reference
Ball State,1995,Lost First Round,1,0,0,0,0,0,sports-reference
Charlotte,1995,Lost First Round,1,0,0,0,0,0,sports-reference
Chattanooga,1995,Lost First Round,1,0,0,0,0,0,sports-reference
Cincinnati,1995,Lost Second Round,1,0,0,0,0,0,sports-reference
Colgate,1995,Lost First Round,1,0,0,0,0,0,sports-reference
Drexel,1995,Lost First Round,1,0,0,0,0,0,sports-reference
FIU,1995,Lost First Round,1,0,0,0,0,0,sports-reference
Florida,1995,Lost First Round,1,0,0,0,0,0,sports-reference
Georgetown,1995,Lost Regional Semifinal,1,1,0,0,0,0,sports-reference
Gonzaga,1995,Lost First Round,1,0,0,0,0,0,sports-reference
Green Bay,1995,Lost First Round,1,0,0,0,0,0,sports-reference
Illinois,1995,Lost First Round,1,0,0,0,0,0,sports-reference
Indiana,1995,Lost First Round,1,0,0,0,0,0,sports-reference
Iowa State,1995,Lost Second Round,1,0,0,0,0,0,sports-reference
Kansas,1995,Lost Regional Semifinal,1,1,0,0,0,0,sports-reference
Kentucky,1995,Lost Regional Final,1,1,1,0,0,0,sports-reference
Long Beach State,1995,Lost First Round,1,0,0,0,0,0,sports-reference
Louisville,1995,Lost First Round,1,0,0,0,0,0,sports-reference
Manhattan,1995,Lost Second Round,1,0,0,0,0,0,sports-reference
Maryland,1995,Lost Regional Semifinal,1,1,0,0,0,0,sports-reference
Memphis,1995,Lost Regional Semifinal,1,1,0,0,0,0,sports-reference
Miami (OH),1995,Lost Second Round,1,0,0,0,0,0,sports-reference
Michigan,1995,Lost First Round,1,0,0,0,0,0,sports-reference
Michigan State,1995,Lost First Round,1,0,0,0,0,0,sports-reference
Minnesota,1995,Lost First Round,1,0,0,0,0,1,sports-reference
Mississippi State,1995,Lost Regional Semifinal,1,1,0,0,0,0,sports-reference
Missouri,1995,Lost Second Round,1,0,0,0,0,0,sports-reference
Mount St. Mary's,1995,Lost First Round,1,0,0,0,0,0,sports-reference
Murray State,1995,Lost First Round,1,0,0,0,0,0,sports-reference
Nicholls,1995,Lost First Round,1,0,0,0,0,0,sports-reference
North Carolina,1995,Lost National Semifinal,1,1,1,1,0,0,sports-reference
North Carolina A&T,1995,Lost First Round,1,0,0,0,0,0,sports-reference
Oklahoma,1995,Lost First Round,1,0,0,0,0,0,sports-reference
Oklahoma State,1995,Lost National Semifinal,1,1,1,1,0,0,sports-reference
Old Dominion,1995,Lost Second Round,1,0,0,0,0,0,sports-reference
Oregon,1995,Lost First Round,1,0,0,0,0,0,sports-reference
Pennsylvania,1995,Lost First Round,1,0,0,0,0,0,sports-reference
Purdue,1995,Lost Second Round,1,0,0,0,0,0,sports-reference
Saint Louis,1995,Lost Second Round,1,0,0,0,0,0,sports-reference
Saint Peter's,1995,Lost First Round,1,0,0,0,0,0,sports-reference
Santa Clara,1995,Lost First Round,1,0,0,0,0,0,sports-reference
Southern Illinois,1995,Lost First Round,1,0,0,0,0,0,sports-reference
Stanford,1995,Lost Second Round,1,0,0,0,0,0,sports-reference
Syracuse,1995,Lost Second Round,1,0,0,0,0,0,sports-reference
Temple,1995,Lost First Round,1,0,0,0,0,0,sports-reference
Texas,1995,Lost Second Round,1,0,0,0,0,0,sports-reference
Texas Southern,1995,Lost First Round,1,0,0,0,0,0,sports-reference
Tulane,1995,Lost Second Round,1,0,0,0,0,0,sports-reference
Tulsa,1995,Lost Regional Semifinal,1,1,0,0,0,0,sports-reference
UCLA,1995,Won National Final,1,1,1,1,1,0,sports-reference
UConn,1995,Lost Regional Final,1,1,1,0,0,0,sports-reference
UMass,1995,Lost Regional Final,1,1,1,0,0,0,sports-reference
Utah,1995,Lost Second Round,1,0,0,0,0,0,sports-reference
Villanova,1995,Lost First Round,1,0,0,0,0,0,sports-reference
Virginia,1995,Lost Regional Final,1,1,1,0,0,0,sports-reference
Wake Forest,1995,Lost Regional Semifinal,1,1,0,0,0,0,sports-reference
Weber State,1995,Lost Second Round,1,0,0,0,0,0,sports-reference
Western Kentucky,1995,Lost Second Round,1,0,0,0,0,0,sports-reference
Xavier,1995,Lost First Round,1,0,0,0,0,0,sports-reference
Arizona,1996,Lost Regional Semifinal,1,1,0,0,0,0,sports-reference
Arkansas,1996,Lost Regional Semifinal,1,1,0,0,0,0,sports-reference
Austin Peay,1996,Lost First Round,1,0,0,0,0,0,sports-reference
Boston College,1996,Lost Second Round,1,0,0,0,0,0,sports-reference
Bradley,1996,Lost First Round,1,0,0,0,0,0,sports-reference
California,1996,Lost First Round,1,0,0,0,0,0,sports-reference
Canisius,1996,Lost First Round,1,0,0,0,0,0,sports-reference
Cincinnati,1996,Lost Regional Final,1,1,1,0,0,0,sports-reference
Clemson,1996,Lost First Round,1,0,0,0,0,0,sports-reference
Colgate,1996,Lost First Round,1,0,0,0,0,0,sports-reference
Drexel,1996,Lost Second Round,1,0,0,0,0,0,sports-reference
Duke,1996,Lost First Round,1,0,0,0,0,0,sports-reference
Eastern Michigan,1996,Lost Second Round,1,0,0,0,0,0,sports-reference
George Washington,1996,Lost First Round,1,0,0,0,0,0,sports-reference
Georgetown,1996,Lost Regional Final,1,1,1,0,0,0,sports-reference
Georgia,1996,Lost Regional Semifinal,1,1,0,0,0,0,sports-reference
Georgia Tech,1996,Lost Regional Semifinal,1,1,0,0,0,0,sports-reference
Green Bay,1996,Lost First Round,1,0,0,0,0,0,sports-reference
Indiana,1996,Lost First Round,1,0,0,0,0,0,sports-reference
Iowa,1996,Lost Second Round,1,0,0,0,0,0,sports-reference
Iowa State,1996,Lost Second Round,1,0,0,0,0,0,sports-reference
Kansas,1996,Lost Regional Final,1,1,1,0,0,0,sports-reference
Kansas State,1996,Lost First Round,1,0,0,0,0,0,sports-reference
Kentucky,1996,Won National Final,1,1,1,1,1,0,sports-reference
Louisiana-Monroe,1996,Lost First Round,1,0,0,0,0,0,sports-reference
Louisville,1996,Lost Regional Semifinal,1,1,0,0,0,0,sports-reference
Marquette,1996,Lost Second Round,1,0,0,0,0,0,sports-reference
Maryland,1996,Lost First Round,1,0,0,0,0,0,sports-reference
Memphis,1996,Lost First Round,1,0,0,0,0,0,sports-reference
Michigan,1996,Lost First Round,1,0,0,0,0,1,sports-reference
Mississippi State,1996,Lost National Semifinal,1,1,1,1,0,0,sports-reference
Mississippi Valley State,1996,Lost First Round,1,0,0,0,0,0,sports-reference
Monmouth,1996,Lost First Round,1,0,0,0,0,0,sports-reference
Montana State,1996,Lost First Round,1,0,0,0,0,0,sports-reference
New Mexico,1996,Lost Second Round,1,0,0,0,0,0,sports-reference
New Orleans,1996,Lost First Round,1,0,0,0,0,0,sports-reference
North Carolina,1996,Lost Second Round,1,0,0,0,0,0,sports-reference
Northern Illinois,1996,Lost First Round,1,0,0,0,0,0,sports-reference
Oklahoma,1996,Lost First Round,1,0,0,0,0,0,sports-reference
Penn State,1996,Lost First Round,1,0,0,0,0,0,sports-reference
Portland,1996,Lost First Round,1,0,0,0,0,0,sports-reference
Princeton,1996,Lost Second Round,1,0,0,0,0,0,sports-reference
Purdue,1996,Lost Second Round,1,0,0,0,0,1,sports-reference
San Jose State,1996,Lost First Round,1,0,0,0,0,0,sports-reference
Santa Clara,1996,Lost Second Round,1,0,0,0,0,0,sports-reference
South Carolina State,1996,Lost First Round,1,0,0,0,0,0,sports-reference
Stanford,1996,Lost Second Round,1,0,0,0,0,0,sports-reference
Syracuse,1996,Lost National Final,1,1,1,1,0,0,sports-reference
Temple,1996,Lost Second Round,1,0,0,0,0,0,sports-reference
Texas,1996,Lost Second Round,1,0,0,0,0,0,sports-reference
Texas Tech,1996,Lost Regional Semifinal,1,1,0,0,0,0,sports-reference
Tulsa,1996,Lost First Round,1,0,0,0,0,0,sports-reference
UCF,1996,Lost First Round,1,0,0,0,0,0,sports-reference
UCLA,1996,Lost First Round,1,0,0,0,0,0,sports-reference
UConn,1996,Lost Regional Semifinal,1,1,0,0,0,1,sports-reference
UMass,1996,Lost National Semifinal,1,1,1,1,0,1,sports-reference
UNC Greensboro,1996,Lost First Round,1,0,0,0,0,0,sports-reference
Utah,1996,Lost Regional Semifinal,1,1,0,0,0,0,sports-reference
VCU,1996,Lost First Round,1,0,0,0,0,0,sports-reference
Valparaiso,1996,Lost First Round,1,0,0,0,0,0,sports-reference
Villanova,1996,Lost Second Round,1,0,0,0,0,0,sports-reference
Virginia Tech,1996,Lost Second Round,1,0,0,0,0,0,sports-reference
Wake Forest,1996,Lost Regional Final,1,1,1,0,0,0,sports-reference
Western Carolina,1996,Lost First Round,1,0,0,0,0,0,sports-reference
Arizona,1997,Won National Final,1,1,1,1,1,0,sports-reference
Boston College,1997,Lost Second Round,1,0,0,0,0,0,sports-reference
Boston University,1997,Lost First Round,1,0,0,0,0,0,sports-reference
Butler,1997,Lost First Round,1,0,0,0,0,0,sports-reference
California,1997,Lost Regional Semifinal,1,1,0,0,0,0,sports-reference
Charleston,1997,Lost Second Round,1,0,0,0,0,0,sports-reference
Charleston Southern,1997,Lost First Round,1,0,0,0,0,0,sports-reference
Charlotte,1997,Lost Second Round,1,0,0,0,0,0,sports-reference
Chattanooga,1997,Lost Regional Semifinal,1,1,0,0,0,0,sports-reference
Cincinnati,1997,Lost Second Round,1,0,0,0,0,0,sports-reference
Clemson,1997,Lost Regional Semifinal,1,1,0,0,0,0,sports-reference
Colorado,1997,Lost Second Round,1,0,0,0,0,0,sports-reference
Coppin State,1997,Lost Second Round,1,0,0,0,0,0,sports-reference
Duke,1997,Lost Second Round,1,0,0,0,0,0,sports-reference
Fairfield,1997,Lost First Round,1,0,0,0,0,0,sports-reference
Georgetown,1997,Lost First Round,1,0,0,0,0,0,sports-reference
Georgia,1997,Lost First Round,1,0,0,0,0,0,sports-reference
Illinois,1997,Lost Second Round,1,0,0,0,0,0,sports-reference
Illinois State,1997,Lost First Round,1,0,0,0,0,0,sports-reference
Indiana,1997,Lost First Round,1,0,0,0,0,0,sports-reference
Iowa,1997,Lost Second Round,1,0,0,0,0,0,sports-reference
Iowa State,1997,Lost Regional Semifinal,1,1,0,0,0,0,sports-reference
Jackson State,1997,Lost First Round,1,0,0,0,0,0,sports-reference
Kansas,1997,Lost Regional Semifinal,1,1,0,0,0,0,sports-reference
Kentucky,1997,Lost National Final,1,1,1,1,0,0,sports-reference
LIU,1997,Lost First Round,1,0,0,0,0,0,sports-reference
Louisville,1997,Lost Regional Final,1,1,1,0,0,0,sports-reference
Marquette,1997,Lost First Round,1,0,0,0,0,0,sports-reference
Maryland,1997,Lost First Round,1,0,0,0,0,0,sports-reference
Miami (OH),1997,Lost First Round,1,0,0,0,0,0,sports-reference
Minnesota,1997,Lost National Semifinal,1,1,1,1,0,1,sports-reference
Montana,1997,Lost First Round,1,0,0,0,0,0,sports-reference
Murray State,1997,Lost First Round,1,0,0,0,0,0,sports-reference
Navy,1997,Lost First Round,1,0,0,0,0,0,sports-reference
New Mexico,1997,Lost Second Round,1,0,0,0,0,0,sports-reference
North Carolina,1997,Lost National Semifinal,1,1,1,1,0,0,sports-reference
Oklahoma,1997,Lost First Round,1,0,0,0,0,0,sports-reference
Old Dominion,1997,Lost First Round,1,0,0,0,0,0,sports-reference
Ole Miss,1997,Lost First Round,1,0,0,0,0,0,sports-reference
Pacific,1997,Lost First Round,1,0,0,0,0,0,sports-reference
Princeton,1997,Lost First Round,1,0,0,0,0,0,sports-reference
Providence,1997,Lost Regional Final,1,1,1,0,0,0,sports-reference
Purdue,1997,Lost Second Round,1,0,0,0,0,0,sports-reference
Rhode Island,1997,Lost First Round,1,0,0,0,0,0,sports-reference
Saint Joseph's,1997,Lost Regional Semifinal,1,1,0,0,0,0,sports-reference
Saint Mary's,1997,Lost First Round,1,0,0,0,0,0,sports-reference
South Alabama,1997,Lost First Round,1,0,0,0,0,0,sports-reference
South Carolina,1997,Lost First Round,1,0,0,0,0,0,sports-reference
Stanford,1997,Lost Regional Semifinal,1,1,0,0,0,0,sports-reference
Temple,1997,Lost Second Round,1,0,0,0,0,0,sports-reference
Texas,1997,Lost Regional Semifinal,1,1,0,0,0,0,sports-reference
Texas State,1997,Lost First Round,1,0,0,0,0,0,sports-reference
Tulsa,1997,Lost Second Round,1,0,0,0,0,0,sports-reference
UCLA,1997,Lost Regional Final,1,1,1,0,0,0,sports-reference
UMass,1997,Lost First Round,1,0,0,0,0,0,sports-reference
USC,1997,Lost First Round,1,0,0,0,0,0,sports-reference
Utah,1997,Lost Regional Final,1,1,1,0,0,0,sports-reference
Valparaiso,1997,Lost First Round,1,0,0,0,0,0,sports-reference
Vanderbilt,1997,Lost First Round,1,0,0,0,0,0,sports-reference
Villanova,1997,Lost Second Round,1,0,0,0,0,0,sports-reference
Virginia,1997,Lost First Round,1,0,0,0,0,0,sports-reference
Wake Forest,1997,Lost Second Round,1,0,0,0,0,0,sports-reference
Wisconsin,1997,Lost First Round,1,0,0,0,0,0,sports-reference
Xavier,1997,Lost Second Round,1,0,0,0,0,0,sports-reference
Arizona,1998,Lost Regional Final,1,1,1,0,0,0,sports-reference
Arkansas,1998,Lost Second Round,1,0,0,0,0,0,sports-reference
Butler,1998,Lost First Round,1,0,0,0,0,0,sports-reference
Charleston,1998,Lost First Round,1,0,0,0,0,0,sports-reference
Charlotte,1998,Lost Second Round,1,0,0,0,0,0,sports-reference
Cincinnati,1998,Lost Second Round,1,0,0,0,0,0,sports-reference
Clemson,1998,Lost First Round,1,0,0,0,0,0,sports-reference
Davidson,1998,Lost First Round,1,0,0,0,0,0,sports-reference
Delaware,1998,Lost First Round,1,0,0,0,0,0,sports-reference
Detroit Mercy,1998,Lost Second Round,1,0,0,0,0,0,sports-reference
Duke,1998,Lost Regional Final,1,1,1,0,0,0,sports-reference
Eastern Michigan,1998,Lost First Round,1,0,0,0,0,0,sports-reference
Fairleigh Dickinson,1998,Lost First Round,1,0,0,0,0,0,sports-reference
Florida State,1998,Lost Second Round,1,0,0,0,0,0,sports-reference
George Washington,1998,Lost First Round,1,0,0,0,0,0,sports-reference
Illinois,1998,Lost Second Round,1,0,0,0,0,0,sports-reference
Illinois State,1998,Lost Second Round,1,0,0,0,0,0,sports-reference
Indiana,1998,Lost Second Round,1,0,0,0,0,0,sports-reference
Iona,1998,Lost First Round,1,0,0,0,0,0,sports-reference
Kansas,1998,Lost Second Round,1,0,0,0,0,0,sports-reference
Kentucky,1998,Won National Final,1,1,1,1,1,0,sports-reference
Maryland,1998,Lost Regional Semifinal,1,1,0,0,0,0,sports-reference
Miami (FL),1998,Lost First Round,1,0,0,0,0,0,sports-reference
Michigan,1998,Lost Second Round,1,0,0,0,0,1,sports-reference
Michigan State,1998,Lost Regional Semifinal,1,1,0,0,0,0,sports-reference
Murray State,1998,Lost First Round,1,0,0,0,0,0,sports-reference
Navy,1998,Lost First Round,1,0,0,0,0,0,sports-reference
Nebraska,1998,Lost First Round,1,0,0,0,0,0,sports-reference
New Mexico,1998,Lost Second Round,1,0,0,0,0,0,sports-reference
Nicholls,1998,Lost First Round,1,0,0,0,0,0,sports-reference
North Carolina,1998,Lost National Semifinal,1,1,1,1,0,0,sports-reference
Northern Arizona,1998,Lost First Round,1,0,0,0,0,0,sports-reference
Oklahoma,1998,Lost First Round,1,0,0,0,0,0,sports-reference
Oklahoma State,1998,Lost Second Round,1,0,0,0,0,0,sports-reference
Ole Miss,1998,Lost First Round,1,0,0,0,0,0,sports-reference
Prairie View A&M,1998,Lost First Round,1,0,0,0,0,0,sports-reference
Princeton,1998,Lost Second Round,1,0,0,0,0,0,sports-reference
Purdue,1998,Lost Regional Semifinal,1,1,0,0,0,0,sports-reference
Radford,1998,Lost First Round,1,0,0,0,0,0,sports-reference
Rhode Island,1998,Lost Regional Final,1,1,1,0,0,0,sports-reference
Richmond,1998,Lost Second Round,1,0,0,0,0,0,sports-reference
Saint Louis,1998,Lost Second Round,1,0,0,0,0,0,sports-reference
San Francisco,1998,Lost First Round,1,0,0,0,0,0,sports-reference
South Alabama,1998,Lost First Round,1,0,0,0,0,0,sports-reference
South Carolina,1998,Lost First Round,1,0,0,0,0,0,sports-reference
South Carolina State,1998,Lost First Round,1,0,0,0,0,0,sports-reference
St. John's,1998,Lost First Round,1,0,0,0,0,0,sports-reference
Stanford,1998,Lost National Semifinal,1,1,1,1,0,0,sports-reference
Syracuse,1998,Lost Regional Semifinal,1,1,0,0,0,0,sports-reference
TCU,1998,Lost First Round,1,0,0,0,0,0,sports-reference
Temple,1998,Lost First Round,1,0,0,0,0,0,sports-reference
Tennessee,1998,Lost First Round,1,0,0,0,0,0,sports-reference
UCLA,1998,Lost Regional Semifinal,1,1,0,0,0,0,sports-reference
UConn,1998,Lost Regional Final,1,1,1,0,0,0,sports-reference
UIC,1998,Lost First Round,1,0,0,0,0,0,sports-reference
UMass,1998,Lost First Round,1,0,0,0,0,0,sports-reference
UNLV,1998,Lost First Round,1,0,0,0,0,0,sports-reference
Utah,1998,Lost National Final,1,1,1,1,0,0,sports-reference
Utah State,1998,Lost First Round,1,0,0,0,0,0,sports-reference
Valparaiso,1998,Lost Regional Semifinal,1,1,0,0,0,0,sports-reference
Washington,1998,Lost Regional Semifinal,1,1,0,0,0,0,sports-reference
West Virginia,1998,Lost Regional Semifinal,1,1,0,0,0,0,sports-reference
Western Michigan,1998,Lost Second Round,1,0,0,0,0,0,sports-reference
Xavier,1998,Lost First Round,1,0,0,0,0,0,sports-reference
Alcorn State,1999,Lost First Round,1,0,0,0,0,0,sports-reference
Arizona,1999,Lost First Round,1,0,0,0,0,0,sports-reference
Arkansas,1999,Lost Second Round,1,0,0,0,0,0,sports-reference
Arkansas State,1999,Lost First Round,1,0,0,0,0,0,sports-reference
Auburn,1999,Lost Regional Semifinal,1,1,0,0,0,0,sports-reference
Charleston,1999,Lost First Round,1,0,0,0,0,0,sports-reference
Charlotte,1999,Lost Second Round,1,0,0,0,0,0,sports-reference
Cincinnati,1999,Lost Second Round,1,0,0,0,0,0,sports-reference
Creighton,1999,Lost Second Round,1,0,0,0,0,0,sports-reference
Delaware,1999,Lost First Round,1,0,0,0,0,0,sports-reference
Detroit Mercy,1999,Lost Second Round,1,0,0,0,0,0,sports-reference
Duke,1999,Lost National Final,1,1,1,1,0,0,sports-reference
Evansville,1999,Lost First Round,1,0,0,0,0,0,sports-reference
Florida,1999,Lost Regional Semifinal,1,1,0,0,0,0,sports-reference
Florida A&M,1999,Lost First Round,1,0,0,0,0,0,sports-reference
George Mason,1999,Lost First Round,1,0,0,0,0,0,sports-reference
George Washington,1999,Lost First Round,1,0,0,0,0,0,sports-reference
Gonzaga,1999,Lost Regional Final,1,1,1,0,0,0,sports-reference
Indiana,1999,Lost Second Round,1,0,0,0,0,0,sports-reference
Iowa,1999,Lost Regional Semifinal,1,1,0,0,0,0,sports-reference
Kansas,1999,Lost Second Round,1,0,0,0,0,0,sports-reference
Kent State,1999,Lost First Round,1,0,0,0,0,0,sports-reference
Kentucky,1999,Lost Regional Final,1,1,1,0,0,0,sports-reference
Lafayette,1999,Lost First Round,1,0,0,0,0,0,sports-reference
Louisville,1999,Lost First Round,1,0,0,0,0,0,sports-reference
Maryland,1999,Lost Regional Semifinal,1,1,0,0,0,0,sports-reference
Miami (FL),1999,Lost Second Round,1,0,0,0,0,0,sports-reference
Miami (OH),1999,Lost Regional Semifinal,1,1,0,0,0,0,sports-reference
Michigan State,1999,Lost National Semifinal,1,1,1,1,0,0,sports-reference
Minnesota,1999,Lost First Round,1,0,0,0,0,0,sports-reference
Missouri,1999,Lost First Round,1,0,0,0,0,0,sports-reference
Missouri State,1999,Lost Regional Semifinal,1,1,0,0,0,0,sports-reference
Mount St. Mary's,1999,Lost First Round,1,0,0,0,0,0,sports-reference
Murray State,1999,Lost First Round,1,0,0,0,0,0,sports-reference
New Mexico,1999,Lost Second Round,1,0,0,0,0,0,sports-reference
New Mexico State,1999,Lost First Round,1,0,0,0,0,0,sports-reference
North Carolina,1999,Lost First Round,1,0,0,0,0,0,sports-reference
Ohio State,1999,Lost National Semifinal,1,1,1,1,0,1,sports-reference
Oklahoma,1999,Lost Regional Semifinal,1,1,0,0,0,0,sports-reference
Oklahoma State,1999,Lost Second Round,1,0,0,0,0,0,sports-reference
Ole Miss,1999,Lost Second Round,1,0,0,0,0,0,sports-reference
Pennsylvania,1999,Lost First Round,1,0,0,0,0,0,sports-reference
Purdue,1999,Lost Regional Semifinal,1,1,0,0,0,0,sports-reference
Rhode Island,1999,Lost First Round,1,0,0,0,0,0,sports-reference
Samford,1999,Lost First Round,1,0,0,0,0,0,sports-reference
Siena,1999,Lost First Round,1,0,0,0,0,0,sports-reference
St. John's,1999,Lost Regional Final,1,1,1,0,0,0,sports-reference
Stanford,1999,Lost Second Round,1,0,0,0,0,0,sports-reference
Syracuse,1999,Lost First Round,1,0,0,0,0,0,sports-reference
Temple,1999,Lost Regional Final,1,1,1,0,0,0,sports-reference
Tennessee,1999,Lost Second Round,1,0,0,0,0,0,sports-reference
Texas,1999,Lost First Round,1,0,0,0,0,0,sports-reference
Tulsa,1999,Lost Second Round,1,0,0,0,0,0,sports-reference
UAB,1999,Lost First Round,1,0,0,0,0,0,sports-reference
UCLA,1999,Lost First Round,1,0,0,0,0,0,sports-reference
UConn,1999,Won National Final,1,1,1,1,1,0,sports-reference
UTSA,1999,Lost First Round,1,0,0,0,0,0,sports-reference
Utah,1999,Lost Second Round,1,0,0,0,0,0,sports-reference
Valparaiso,1999,Lost First Round,1,0,0,0,0,0,sports-reference
Villanova,1999,Lost First Round,1,0,0,0,0,0,sports-reference
Washington,1999,Lost First Round,1,0,0,0,0,0,sports-reference
Weber State,1999,Lost Second Round,1,0,0,0,0,0,sports-reference
Winthrop,1999,Lost First Round,1,0,0,0,0,0,sports-reference
Wisconsin,1999,Lost First Round,1,0,0,0,0,0,sports-reference
Appalachian State,2000,Lost First Round,1,0,0,0,0,0,sports-reference
Arizona,2000,Lost Second Round,1,0,0,0,0,0,sports-reference
Arkansas,2000,Lost First Round,1,0,0,0,0,0,sports-reference
Auburn,2000,Lost Second Round,1,0,0,0,0,0,sports-reference
Ball State,2000,Lost First Round,1,0,0,0,0,0,sports-reference
Butler,2000,Lost First Round,1,0,0,0,0,0,sports-reference
Central Connecticut,2000,Lost First Round,1,0,0,0,0,0,sports-reference
Cincinnati,2000,Lost Second Round,1,0,0,0,0,0,sports-reference
Creighton,2000,Lost First Round,1,0,0,0,0,0,sports-reference
Dayton,2000,Lost First Round,1,0,0,0,0,0,sports-reference
DePaul,2000,Lost First Round,1,0,0,0,0,0,sports-reference
Duke,2000,Lost Regional Semifinal,1,1,0,0,0,0,sports-reference
Florida,2000,Lost National Final,1,1,1,1,0,0,sports-reference
Fresno State,2000,Lost First Round,1,0,0,0,0,1,sports-reference
Gonzaga,2000,Lost Regional Semifinal,1,1,0,0,0,0,sports-reference
Hofstra,2000,Lost First Round,1,0,0,0,0,0,sports-reference
Illinois,2000,Lost Second Round,1,0,0,0,0,0,sports-reference
Indiana,2000,Lost First Round,1,0,0,0,0,0,sports-reference
Indiana State,2000,Lost First Round,1,0,0,0,0,0,sports-reference
Iona,2000,Lost First Round,1,0,0,0,0,0,sports-reference
Iowa State,2000,Lost Regional Final,1,1,1,0,0,0,sports-reference
Jackson State,2000,Lost First Round,1,0,0,0,0,0,sports-reference
Kansas,2000,Lost Second Round,1,0,0,0,0,0,sports-reference
Kentucky,2000,Lost Second Round,1,0,0,0,0,0,sports-reference
LSU,2000,Lost Regional Semifinal,1,1,0,0,0,0,sports-reference
Lafayette,2000,Lost First Round,1,0,0,0,0,0,sports-reference
Lamar,2000,Lost First Round,1,0,0,0,0,0,sports-reference
Louisiana,2000,Lost First Round,1,0,0,0,0,0,sports-reference
Louisville,2000,Lost First Round,1,0,0,0,0,0,sports-reference
Maryland,2000,Lost Second Round,1,0,0,0,0,0,sports-reference
Miami (FL),2000,Lost Regional Semifinal,1,1,0,0,0,0,sports-reference
Michigan State,2000,Won National Final,1,1,1,1,1,0,sports-reference
Missouri,2000,Lost First Round,1,0,0,0,0,0,sports-reference
North Carolina,2000,Lost National Semifinal,1,1,1,1,0,0,sports-reference
Northern Arizona,2000,Lost First Round,1,0,0,0,0,0,sports-reference
Ohio State,2000,Lost Second Round,1,0,0,0,0,1,sports-reference
Oklahoma,2000,Lost Second Round,1,0,0,0,0,0,sports-reference
Oklahoma State,2000,Lost Regional Final,1,1,1,0,0,0,sports-reference
Oregon,2000,Lost First Round,1,0,0,0,0,0,sports-reference
Pennsylvania,2000,Lost First Round,1,0,0,0,0,0,sports-reference
Pepperdine,2000,Lost Second Round,1,0,0,0,0,0,sports-reference
Purdue,2000,Lost Regional Final,1,1,1,0,0,0,sports-reference
Saint Louis,2000,Lost First Round,1,0,0,0,0,0,sports-reference
Samford,2000,Lost First Round,1,0,0,0,0,0,sports-reference
Seton Hall,2000,Lost Regional Semifinal,1,1,0,0,0,0,sports-reference
South Carolina State,2000,Lost First Round,1,0,0,0,0,0,sports-reference
Southeast Missouri State,2000,Lost First Round,1,0,0,0,0,0,sports-reference
St. Bonaventure,2000,Lost First Round,1,0,0,0,0,0,sports-reference
St. John's,2000,Lost Second Round,1,0,0,0,0,0,sports-reference
Stanford,2000,Lost Second Round,1,0,0,0,0,0,sports-reference
Syracuse,2000,Lost Regional Semifinal,1,1,0,0,0,0,sports-reference
Temple,2000,Lost Second Round,1,0,0,0,0,0,sports-reference
Tennessee,2000,Lost Regional Semifinal,1,1,0,0,0,0,sports-reference
Texas,2000,Lost Second Round,1,0,0,0,0,0,sports-reference
Tulsa,2000,Lost Regional Final,1,1,1,0,0,0,sports-reference
UCLA,2000,Lost Regional Semifinal,1,1,0,0,0,0,sports-reference
UConn,2000,Lost Second Round,1,0,0,0,0,0,sports-reference
UNC Wilmington,2000,Lost First Round,1,0,0,0,0,0,sports-reference
UNLV,2000,Lost First Round,1,0,0,0,0,0,sports-reference
Utah,2000,Lost Second Round,1,0,0,0,0,0,sports-reference
Utah State,2000,Lost First Round,1,0,0,0,0,0,sports-reference
Valparaiso,2000,Lost First Round,1,0,0,0,0,0,sports-reference
Winthrop,2000,Lost First Round,1,0,0,0,0,0,sports-reference
Wisconsin,2000,Lost National Semifinal,1,1,1,1,0,0,sports-reference
Alabama State,2001,Lost First Round,1,0,0,0,0,0,sports-reference
Arizona,2001,Lost National Final,1,1,1,1,0,0,sports-reference
Arkansas,2001,Lost First Round,1,0,0,0,0,0,sports-reference
BYU,2001,Lost First Round,1,0,0,0,0,0,sports-reference
Boston College,2001,Lost Second Round,1,0,0,0,0,0,sports-reference
Butler,2001,Lost Second Round,1,0,0,0,0,0,sports-reference
Cal State Northridge,2001,Lost First Round,1,0,0,0,0,0,sports-reference
California,2001,Lost First Round,1,0,0,0,0,0,sports-reference
Charlotte,2001,Lost Second Round,1,0,0,0,0,0,sports-reference
Cincinnati,2001,Lost Regional Semifinal,1,1,0,0,0,0,sports-reference
Creighton,2001,Lost First Round,1,0,0,0,0,0,sports-reference
Duke,2001,Won National Final,1,1,1,1,1,0,sports-reference
Eastern Illinois,2001,Lost First Round,1,0,0,0,0,0,sports-reference
Florida,2001,Lost Second Round,1,0,0,0,0,0,sports-reference
Fresno State,2001,Lost Second Round,1,0,0,0,0,0,sports-reference
George Mason,2001,Lost First Round,1,0,0,0,0,0,sports-reference
Georgetown,2001,Lost Regional Semifinal,1,1,0,0,0,0,sports-reference
Georgia,2001,Lost First Round,1,0,0,0,0,0,sports-reference
Georgia State,2001,Lost Second Round,1,0,0,0,0,0,sports-reference
Georgia Tech,2001,Lost First Round,1,0,0,0,0,0,sports-reference
Gonzaga,2001,Lost Regional Semifinal,1,1,0,0,0,0,sports-reference
Hampton,2001,Lost Second Round,1,0,0,0,0,0,sports-reference
Hawaii,2001,Lost First Round,1,0,0,0,0,0,sports-reference
Hofstra,2001,Lost First Round,1,0,0,0,0,0,sports-reference
Holy Cross,2001,Lost First Round,1,0,0,0,0,0,sports-reference
Illinois,2001,Lost Regional Final,1,1,1,0,0,0,sports-reference
Indiana,2001,Lost First Round,1,0,0,0,0,0,sports-reference
Indiana State,2001,Lost Second Round,1,0,0,0,0,0,sports-reference
Iona,2001,Lost First Round,1,0,0,0,0,0,sports-reference
Iowa,2001,Lost Second Round,1,0,0,0,0,0,sports-reference
Iowa State,2001,Lost First Round,1,0,0,0,0,0,sports-reference
Kansas,2001,Lost Regional Semifinal,1,1,0,0,0,0,sports-reference
Kent State,2001,Lost Second Round,1,0,0,0,0,0,sports-reference
Kentucky,2001,Lost Regional Semifinal,1,1,0,0,0,0,sports-reference
Maryland,2001,Lost National Semifinal,1,1,1,1,0,0,sports-reference
Michigan State,2001,Lost National Semifinal,1,1,1,1,0,0,sports-reference
Missouri,2001,Lost Second Round,1,0,0,0,0,0,sports-reference
Monmouth,2001,Lost First Round,1,0,0,0,0,0,sports-reference
North Carolina,2001,Lost Second Round,1,0,0,0,0,0,sports-reference
Northwestern State,2001,Lost First Round,1,0,0,0,0,0,sports-reference
Notre Dame,2001,Lost Second Round,1,0,0,0,0,0,sports-reference
Ohio State,2001,Lost First Round,1,0,0,0,0,1,sports-reference
Oklahoma,2001,Lost First Round,1,0,0,0,0,0,sports-reference
Oklahoma State,2001,Lost First Round,1,0,0,0,0,0,sports-reference
Ole Miss,2001,Lost Regional Semifinal,1,1,0,0,0,0,sports-reference
Penn State,2001,Lost Regional Semifinal,1,1,0,0,0,0,sports-reference
Princeton,2001,Lost First Round,1,0,0,0,0,0,sports-reference
Providence,2001,Lost First Round,1,0,0,0,0,0,sports-reference
Saint Joseph's,2001,Lost Second Round,1,0,0,0,0,0,sports-reference
Southern Utah,2001,Lost First Round,1,0,0,0,0,0,sports-reference
Stanford,2001,Lost Regional Final,1,1,1,0,0,0,sports-reference
Syracuse,2001,Lost Second Round,1,0,0,0,0,0,sports-reference
Temple,2001,Lost Regional Final,1,1,1,0,0,0,sports-reference
Tennessee,2001,Lost First Round,1,0,0,0,0,0,sports-reference
Texas,2001,Lost First Round,1,0,0,0,0,0,sports-reference
UCLA,2001,Lost Regional Semifinal,1,1,0,0,0,0,sports-reference
UNC Greensboro,2001,Lost First Round,1,0,0,0,0,0,sports-reference
USC,2001,Lost Regional Final,1,1,1,0,0,0,sports-reference
Utah State,2001,Lost Second Round,1,0,0,0,0,0,sports-reference
Virginia,2001,Lost First Round,1,0,0,0,0,0,sports-reference
Wake Forest,2001,Lost First Round,1,0,0,0,0,0,sports-reference
Western Kentucky,2001,Lost First Round,1,0,0,0,0,0,sports-reference
Winthrop,2001,Lost Opening Round,1,0,0,0,0,0,sports-reference
Wisconsin,2001,Lost First Round,1,0,0,0,0,0,sports-reference
Xavier,2001,Lost First Round,1,0,0,0,0,0,sports-reference
Alabama,2002,Lost Second Round,1,0,0,0,0,0,sports-reference
Alcorn State,2002,Lost Opening Round,1,0,0,0,0,0,sports-reference
Arizona,2002,Lost Regional Semifinal,1,1,0,0,0,0,sports-reference
Boston College,2002,Lost First Round,1,0,0,0,0,0,sports-reference
Boston University,2002,Lost First Round,1,0,0,0,0,0,sports-reference
California,2002,Lost Second Round,1,0,0,0,0,0,sports-reference
Central Connecticut,2002,Lost First Round,1,0,0,0,0,0,sports-reference
Charlotte,2002,Lost First Round,1,0,0,0,0,0,sports-reference
Cincinnati,2002,Lost Second Round,1,0,0,0,0,0,sports-reference
Creighton,2002,Lost Second Round,1,0,0,0,0,0,sports-reference
Davidson,2002,Lost First Round,1,0,0,0,0,0,sports-reference
Duke,2002,Lost Regional Semifinal,1,1,0,0,0,0,sports-reference
Florida,2002,Lost First Round,1,0,0,0,0,0,sports-reference
Florida Atlantic,2002,Lost First Round,1,0,0,0,0,0,sports-reference
Georgia,2002,Lost Second Round,1,0,0,0,0,1,sports-reference
Gonzaga,2002,Lost First Round,1,0,0,0,0,0,sports-reference
Hampton,2002,Lost First Round,1,0,0,0,0,0,sports-reference
Hawaii,2002,Lost First Round,1,0,0,0,0,0,sports-reference
Holy Cross,2002,Lost First Round,1,0,0,0,0,0,sports-reference
Illinois,2002,Lost Regional Semifinal,1,1,0,0,0,0,sports-reference
Indiana,2002,Lost National Final,1,1,1,1,0,0,sports-reference
Kansas,2002,Lost National Semifinal,1,1,1,1,0,0,sports-reference
Kent State,2002,Lost Regional Final,1,1,1,0,0,0,sports-reference
Kentucky,2002,Lost Regional Semifinal,1,1,0,0,0,0,sports-reference
Marquette,2002,Lost First Round,1,0,0,0,0,0,sports-reference
Maryland,2002,Won National Final,1,1,1,1,1,0,sports-reference
McNeese,2002,Lost First Round,1,0,0,0,0,0,sports-reference
Miami (FL),2002,Lost First Round,1,0,0,0,0,0,sports-reference
Michigan State,2002,Lost First Round,1,0,0,0,0,0,sports-reference
Mississippi State,2002,Lost Second Round,1,0,0,0,0,0,sports-reference
Missouri,2002,Lost Regional Final,1,1,1,0,0,0,sports-reference
Montana,2002,Lost First Round,1,0,0,0,0,0,sports-reference
Murray State,2002,Lost First Round,1,0,0,0,0,0,sports-reference
NC State,2002,Lost Second Round,1,0,0,0,0,0,sports-reference
Notre Dame,2002,Lost Second Round,1,0,0,0,0,0,sports-reference
Ohio State,2002,Lost Second Round,1,0,0,0,0,1,sports-reference
Oklahoma,2002,Lost National Semifinal,1,1,1,1,0,0,sports-reference
Oklahoma State,2002,Lost First Round,1,0,0,0,0,0,sports-reference
Ole Miss,2002,Lost First Round,1,0,0,0,0,0,sports-reference
Oregon,2002,Lost Regional Final,1,1,1,0,0,0,sports-reference
Pennsylvania,2002,Lost First Round,1,0,0,0,0,0,sports-reference
Pepperdine,2002,Lost First Round,1,0,0,0,0,0,sports-reference
Pittsburgh,2002,Lost Regional Semifinal,1,1,0,0,0,0,sports-reference
San Diego State,2002,Lost First Round,1,0,0,0,0,0,sports-reference
Siena,2002,Lost First Round,1,0,0,0,0,0,sports-reference
Southern Illinois,2002,Lost Regional Semifinal,1,1,0,0,0,0,sports-reference
St. John's,2002,Lost First Round,1,0,0,0,0,0,sports-reference
Stanford,2002,Lost Second Round,1,0,0,0,0,0,sports-reference
Texas,2002,Lost Regional Semifinal,1,1,0,0,0,0,sports-reference
Texas Tech,2002,Lost First Round,1,0,0,0,0,0,sports-reference
Tulsa,2002,Lost Second Round,1,0,0,0,0,0,sports-reference
UC Santa Barbara,2002,Lost First Round,1,0,0,0,0,0,sports-reference
UCLA,2002,Lost Regional Semifinal,1,1,0,0,0,0,sports-reference
UConn,2002,Lost Regional Final,1,1,1,0,0,0,sports-reference
UIC,2002,Lost First Round,1,0,0,0,0,0,sports-reference
UNC Wilmington,2002,Lost Second Round,1,0,0,0,0,0,sports-reference
USC,2002,Lost First Round,1,0,0,0,0,0,sports-reference
Utah,2002,Lost First Round,1,0,0,0,0,0,sports-reference
Valparaiso,2002,Lost First Round,1,0,0,0,0,0,sports-reference
Wake Forest,2002,Lost Second Round,1,0,0,0,0,0,sports-reference
Western Kentucky,2002,Lost First Round,1,0,0,0,0,0,sports-reference
Winthrop,2002,Lost First Round,1,0,0,0,0,0,sports-reference
Wisconsin,2002,Lost Second Round,1,0,0,0,0,0,sports-reference
Wyoming,2002,Lost Second Round,1,0,0,0,0,0,sports-reference
Xavier,2002,Lost Second Round,1,0,0,0,0,0,sports-reference
Alabama,2003,Lost First Round,1,0,0,0,0,0,sports-reference
Arizona,2003,Lost Regional Final,1,1,1,0,0,0,sports-reference
Arizona State,2003,Lost Second Round,1,0,0,0,0,0,sports-reference
Auburn,2003,Lost Regional Semifinal,1,1,0,0,0,0,sports-reference
Austin Peay,2003,Lost First Round,1,0,0,0,0,0,sports-reference
BYU,2003,Lost First Round,1,0,0,0,0,0,sports-reference
Butler,2003,Lost Regional Semifinal,1,1,0,0,0,0,sports-reference
California,2003,Lost Second Round,1,0,0,0,0,0,sports-reference
Central Michigan,2003,Lost Second Round,1,0,0,0,0,0,sports-reference
Cincinnati,2003,Lost First Round,1,0,0,0,0,0,sports-reference
Colorado,2003,Lost First Round,1,0,0,0,0,0,sports-reference
Colorado State,2003,Lost First Round,1,0,0,0,0,0,sports-reference
Creighton,2003,Lost First Round,1,0,0,0,0,0,sports-reference
Dayton,2003,Lost First Round,1,0,0,0,0,0,sports-reference
Duke,2003,Lost Regional Semifinal,1,1,0,0,0,0,sports-reference
East Tennessee State,2003,Lost First Round,1,0,0,0,0,0,sports-reference
Florida,2003,Lost Second Round,1,0,0,0,0,0,sports-reference
Gonzaga,2003,Lost Second Round,1,0,0,0,0,0,sports-reference
Holy Cross,2003,Lost First Round,1,0,0,0,0,0,sports-reference
IU Indy,2003,Lost First Round,1,0,0,0,0,0,sports-reference
Illinois,2003,Lost Second Round,1,0,0,0,0,0,sports-reference
Indiana,2003,Lost Second Round,1,0,0,0,0,0,sports-reference
Kansas,2003,Lost National Final,1,1,1,1,0,0,sports-reference
Kentucky,2003,Lost Regional Final,1,1,1,0,0,0,sports-reference
LSU,2003,Lost First Round,1,0,0,0,0,0,sports-reference
Louisville,2003,Lost Second Round,1,0,0,0,0,0,sports-reference
Manhattan,2003,Lost First Round,1,0,0,0,0,0,sports-reference
Marquette,2003,Lost National Semifinal,1,1,1,1,0,0,sports-reference
Maryland,2003,Lost Regional Semifinal,1,1,0,0,0,0,sports-reference
Memphis,2003,Lost First Round,1,0,0,0,0,0,sports-reference
Michigan State,2003,Lost Regional Final,1,1,1,0,0,0,sports-reference
Milwaukee,2003,Lost First Round,1,0,0,0,0,0,sports-reference
Mississippi State,2003,Lost First Round,1,0,0,0,0,0,sports-reference
Missouri,2003,Lost Second Round,1,0,0,0,0,0,sports-reference
NC State,2003,Lost First Round,1,0,0,0,0,0,sports-reference
Notre Dame,2003,Lost Regional Semifinal,1,1,0,0,0,0,sports-reference
Oklahoma,2003,Lost Regional Final,1,1,1,0,0,0,sports-reference
Oklahoma State,2003,Lost Second Round,1,0,0,0,0,0,sports-reference
Oregon,2003,Lost First Round,1,0,0,0,0,0,sports-reference
Pennsylvania,2003,Lost First Round,1,0,0,0,0,0,sports-reference
Pittsburgh,2003,Lost Regional Semifinal,1,1,0,0,0,0,sports-reference
Purdue,2003,Lost Second Round,1,0,0,0,0,0,sports-reference
Saint Joseph's,2003,Lost First Round,1,0,0,0,0,0,sports-reference
Sam Houston,2003,Lost First Round,1,0,0,0,0,0,sports-reference
San Diego,2003,Lost First Round,1,0,0,0,0,0,sports-reference
South Carolina State,2003,Lost First Round,1,0,0,0,0,0,sports-reference
Southern Illinois,2003,Lost First Round,1,0,0,0,0,0,sports-reference
Stanford,2003,Lost Second Round,1,0,0,0,0,0,sports-reference
Syracuse,2003,Won National Final,1,1,1,1,1,0,sports-reference
Texas,2003,Lost National Semifinal,1,1,1,1,0,0,sports-reference
Texas Southern,2003,Lost Opening Round,1,0,0,0,0,0,sports-reference
Troy,2003,Lost First Round,1,0,0,0,0,0,sports-reference
Tulsa,2003,Lost Second Round,1,0,0,0,0,0,sports-reference
UConn,2003,Lost Regional Semifinal,1,1,0,0,0,0,sports-reference
UNC Asheville,2003,Lost First Round,1,0,0,0,0,0,sports-reference
UNC Wilmington,2003,Lost First Round,1,0,0,0,0,0,sports-reference
Utah,2003,Lost Second Round,1,0,0,0,0,0,sports-reference
Utah State,2003,Lost First Round,1,0,0,0,0,0,sports-reference
Vermont,2003,Lost First Round,1,0,0,0,0,0,sports-reference
Wagner,2003,Lost First Round,1,0,0,0,0,0,sports-reference
Wake Forest,2003,Lost Second Round,1,0,0,0,0,0,sports-reference
Weber State,2003,Lost First Round,1,0,0,0,0,0,sports-reference
Western Kentucky,2003,Lost First Round,1,0,0,0,0,0,sports-reference
Wisconsin,2003,Lost Regional Semifinal,1,1,0,0,0,0,sports-reference
Xavier,2003,Lost Second Round,1,0,0,0,0,0,sports-reference
Air Force,2004,Lost First Round,1,0,0,0,0,0,sports-reference
Alabama,2004,Lost Regional Final,1,1,1,0,0,0,sports-reference
Alabama State,2004,Lost First Round,1,0,0,0,0,0,sports-reference
Arizona,2004,Lost First Round,1,0,0,0,0,0,sports-reference
BYU,2004,Lost First Round,1,0,0,0,0,0,sports-reference
Boston College,2004,Lost Second Round,1,0,0,0,0,0,sports-reference
Charlotte,2004,Lost First Round,1,0,0,0,0,0,sports-reference
Cincinnati,2004,Lost Second Round,1,0,0,0,0,0,sports-reference
Dayton,2004,Lost First Round,1,0,0,0,0,0,sports-reference
DePaul,2004,Lost Second Round,1,0,0,0,0,0,sports-reference
Duke,2004,Lost National Semifinal,1,1,1,1,0,0,sports-reference
East Tennessee State,2004,Lost First Round,1,0,0,0,0,0,sports-reference
Eastern Washington,2004,Lost First Round,1,0,0,0,0,0,sports-reference
Florida,2004,Lost First Round,1,0,0,0,0,0,sports-reference
Florida A&M,2004,Lost First Round,1,0,0,0,0,0,sports-reference
Georgia Tech,2004,Lost National Final,1,1,1,1,0,0,sports-reference
Gonzaga,2004,Lost Second Round,1,0,0,0,0,0,sports-reference
Illinois,2004,Lost Regional Semifinal,1,1,0,0,0,0,sports-reference
Kansas,2004,Lost Regional Final,1,1,1,0,0,0,sports-reference
Kentucky,2004,Lost Second Round,1,0,0,0,0,0,sports-reference
Lehigh,2004,Lost Opening Round,1,0,0,0,0,0,sports-reference
Liberty,2004,Lost First Round,1,0,0,0,0,0,sports-reference
Louisiana,2004,Lost First Round,1,0,0,0,0,0,sports-reference
Louisville,2004,Lost First Round,1,0,0,0,0,0,sports-reference
Manhattan,2004,Lost Second Round,1,0,0,0,0,0,sports-reference
Maryland,2004,Lost Second Round,1,0,0,0,0,0,sports-reference
Memphis,2004,Lost Second Round,1,0,0,0,0,0,sports-reference
Michigan State,2004,Lost First Round,1,0,0,0,0,0,sports-reference
Mississippi State,2004,Lost Second Round,1,0,0,0,0,0,sports-reference
Monmouth,2004,Lost First Round,1,0,0,0,0,0,sports-reference
Murray State,2004,Lost First Round,1,0,0,0,0,0,sports-reference
NC State,2004,Lost Second Round,1,0,0,0,0,0,sports-reference
Nevada,2004,Lost Regional Semifinal,1,1,0,0,0,0,sports-reference
North Carolina,2004,Lost Second Round,1,0,0,0,0,0,sports-reference
Northern Iowa,2004,Lost First Round,1,0,0,0,0,0,sports-reference
Oklahoma State,2004,Lost National Semifinal,1,1,1,1,0,0,sports-reference
Pacific,2004,Lost Second Round,1,0,0,0,0,0,sports-reference
Pittsburgh,2004,Lost Regional Semifinal,1,1,0,0,0,0,sports-reference
Princeton,2004,Lost First Round,1,0,0,0,0,0,sports-reference
Providence,2004,Lost First Round,1,0,0,0,0,0,sports-reference
Richmond,2004,Lost First Round,1,0,0,0,0,0,sports-reference
Saint Joseph's,2004,Lost Regional Final,1,1,1,0,0,0,sports-reference
Seton Hall,2004,Lost Second Round,1,0,0,0,0,0,sports-reference
South Carolina,2004,Lost First Round,1,0,0,0,0,0,sports-reference
Southern Illinois,2004,Lost First Round,1,0,0,0,0,0,sports-reference
Stanford,2004,Lost Second Round,1,0,0,0,0,0,sports-reference
Syracuse,2004,Lost Regional Semifinal,1,1,0,0,0,0,sports-reference
Texas,2004,Lost Regional Semifinal,1,1,0,0,0,0,sports-reference
Texas Tech,2004,Lost Second Round,1,0,0,0,0,0,sports-reference
UAB,2004,Lost Regional Semifinal,1,1,0,0,0,0,sports-reference
UCF,2004,Lost First Round,1,0,0,0,0,0,sports-reference
UConn,2004,Won National Final,1,1,1,1,1,0,sports-reference
UIC,2004,Lost First Round,1,0,0,0,0,0,sports-reference
UTEP,2004,Lost First Round,1,0,0,0,0,0,sports-reference
UTSA,2004,Lost First Round,1,0,0,0,0,0,sports-reference
Utah,2004,Lost First Round,1,0,0,0,0,0,sports-reference
VCU,2004,Lost First Round,1,0,0,0,0,0,sports-reference
Valparaiso,2004,Lost First Round,1,0,0,0,0,0,sports-reference
Vanderbilt,2004,Lost Regional Semifinal,1,1,0,0,0,0,sports-reference
Vermont,2004,Lost First Round,1,0,0,0,0,0,sports-reference
Wake Forest,2004,Lost Regional Semifinal,1,1,0,0,0,0,sports-reference
Washington,2004,Lost First Round,1,0,0,0,0,0,sports-reference
Western Michigan,2004,Lost First Round,1,0,0,0,0,0,sports-reference
Wisconsin,2004,Lost Second Round,1,0,0,0,0,0,sports-reference
Xavier,2004,Lost Regional Final,1,1,1,0,0,0,sports-reference
Alabama,2005,Lost First Round,1,0,0,0,0,0,sports-reference
Alabama A&M,2005,Lost Opening Round,1,0,0,0,0,0,sports-reference
Arizona,2005,Lost Regional Final,1,1,1,0,0,0,sports-reference
Boston College,2005,Lost Second Round,1,0,0,0,0,0,sports-reference
Bucknell,2005,Lost Second Round,1,0,0,0,0,0,sports-reference
Charlotte,2005,Lost First Round,1,0,0,0,0,0,sports-reference
Chattanooga,2005,Lost First Round,1,0,0,0,0,0,sports-reference
Cincinnati,2005,Lost Second Round,1,0,0,0,0,0,sports-reference
Creighton,2005,Lost First Round,1,0,0,0,0,0,sports-reference
Delaware State,2005,Lost First Round,1,0,0,0,0,0,sports-reference
Duke,2005,Lost Regional Semifinal,1,1,0,0,0,0,sports-reference
Eastern Kentucky,2005,Lost First Round,1,0,0,0,0,0,sports-reference
Fairleigh Dickinson,2005,Lost First Round,1,0,0,0,0,0,sports-reference
Florida,2005,Lost Second Round,1,0,0,0,0,0,sports-reference
George Washington,2005,Lost First Round,1,0,0,0,0,0,sports-reference
Georgia Tech,2005,Lost Second Round,1,0,0,0,0,0,sports-reference
Gonzaga,2005,Lost Second Round,1,0,0,0,0,0,sports-reference
Illinois,2005,Lost National Final,1,1,1,1,0,0,sports-reference
Iowa,2005,Lost First Round,1,0,0,0,0,0,sports-reference
Iowa State,2005,Lost Second Round,1,0,0,0,0,0,sports-reference
Kansas,2005,Lost First Round,1,0,0,0,0,0,sports-reference
Kentucky,2005,Lost Regional Final,1,1,1,0,0,0,sports-reference
LSU,2005,Lost First Round,1,0,0,0,0,0,sports-reference
Louisiana,2005,Lost First Round,1,0,0,0,0,0,sports-reference
Louisville,2005,Lost National Semifinal,1,1,1,1,0,0,sports-reference
Michigan State,2005,Lost National Semifinal,1,1,1,1,0,0,sports-reference
Milwaukee,2005,Lost Regional Semifinal,1,1,0,0,0,0,sports-reference
Minnesota,2005,Lost First Round,1,0,0,0,0,0,sports-reference
Mississippi State,2005,Lost Second Round,1,0,0,0,0,0,sports-reference
Montana,2005,Lost First Round,1,0,0,0,0,0,sports-reference
NC State,2005,Lost Regional Semifinal,1,1,0,0,0,0,sports-reference
Nevada,2005,Lost Second Round,1,0,0,0,0,0,sports-reference
New Mexico,2005,Lost First Round,1,0,0,0,0,0,sports-reference
Niagara,2005,Lost First Round,1,0,0,0,0,0,sports-reference
North Carolina,2005,Won National Final,1,1,1,1,1,0,sports-reference
Northern Iowa,2005,Lost First Round,1,0,0,0,0,0,sports-reference
Oakland,2005,Lost First Round,1,0,0,0,0,0,sports-reference
Ohio,2005,Lost First Round,1,0,0,0,0,0,sports-reference
Oklahoma,2005,Lost Second Round,1,0,0,0,0,0,sports-reference
Oklahoma State,2005,Lost Regional Semifinal,1,1,0,0,0,0,sports-reference
Old Dominion,2005,Lost First Round,1,0,0,0,0,0,sports-reference
Pacific,2005,Lost Second Round,1,0,0,0,0,0,sports-reference
Pennsylvania,2005,Lost First Round,1,0,0,0,0,0,sports-reference
Pittsburgh,2005,Lost First Round,1,0,0,0,0,0,sports-reference
SE Louisiana,2005,Lost First Round,1,0,0,0,0,0,sports-reference
Saint Mary's,2005,Lost First Round,1,0,0,0,0,0,sports-reference
Southern Illinois,2005,Lost Second Round,1,0,0,0,0,0,sports-reference
Stanford,2005,Lost First Round,1,0,0,0,0,0,sports-reference
Syracuse,2005,Lost First Round,1,0,0,0,0,0,sports-reference
Texas,2005,Lost First Round,1,0,0,0,0,0,sports-reference
Texas Tech,2005,Lost Regional Semifinal,1,1,0,0,0,0,sports-reference
UAB,2005,Lost Second Round,1,0,0,0,0,0,sports-reference
UCF,2005,Lost First Round,1,0,0,0,0,0,sports-reference
UCLA,2005,Lost First Round,1,0,0,0,0,0,sports-reference
UConn,2005,Lost Second Round,1,0,0,0,0,0,sports-reference
UTEP,2005,Lost First Round,1,0,0,0,0,0,sports-reference
Utah,2005,Lost Regional Semifinal,1,1,0,0,0,0,sports-reference
Utah State,2005,Lost First Round,1,0,0,0,0,0,sports-reference
Vermont,2005,Lost Second Round,1,0,0,0,0,0,sports-reference
Villanova,2005,Lost Regional Semifinal,1,1,0,0,0,0,sports-reference
Wake Forest,2005,Lost Second Round,1,0,0,0,0,0,sports-reference
Washington,2005,Lost Regional Semifinal,1,1,0,0,0,0,sports-reference
West Virginia,2005,Lost Regional Final,1,1,1,0,0,0,sports-reference
Winthrop,2005,Lost First Round,1,0,0,0,0,0,sports-reference
Wisconsin,2005,Lost Regional Final,1,1,1,0,0,0,sports-reference
Air Force,2006,Lost First Round,1,0,0,0,0,0,sports-reference
Alabama,2006,Lost Second Round,1,0,0,0,0,0,sports-reference
Albany,2006,Lost First Round,1,0,0,0,0,0,sports-reference
Arizona,2006,Lost Second Round,1,0,0,0,0,0,sports-reference
Arkansas,2006,Lost First Round,1,0,0,0,0,0,sports-reference
Belmont,2006,Lost First Round,1,0,0,0,0,0,sports-reference
Boston College,2006,Lost Regional Semifinal,1,1,0,0,0,0,sports-reference
Bradley,2006,Lost Regional Semifinal,1,1,0,0,0,0,sports-reference
Bucknell,2006,Lost Second Round,1,0,0,0,0,0,sports-reference
California,2006,Lost First Round,1,0,0,0,0,0,sports-reference
Davidson,2006,Lost First Round,1,0,0,0,0,0,sports-reference
Duke,2006,Lost Regional Semifinal,1,1,0,0,0,0,sports-reference
Florida,2006,Won National Final,1,1,1,1,1,0,sports-reference
George Mason,2006,Lost National Semifinal,1,1,1,1,0,0,sports-reference
George Washington,2006,Lost Second Round,1,0,0,0,0,0,sports-reference
Georgetown,2006,Lost Regional Semifinal,1,1,0,0,0,0,sports-reference
Gonzaga,2006,Lost Regional Semifinal,1,1,0,0,0,0,sports-reference
Hampton,2006,Lost Opening Round,1,0,0,0,0,0,sports-reference
Illinois,2006,Lost Second Round,1,0,0,0,0,0,sports-reference
Indiana,2006,Lost Second Round,1,0,0,0,0,0,sports-reference
Iona,2006,Lost First Round,1,0,0,0,0,0,sports-reference
Iowa,2006,Lost First Round,1,0,0,0,0,0,sports-reference
Kansas,2006,Lost First Round,1,0,0,0,0,0,sports-reference
Kent State,2006,Lost First Round,1,0,0,0,0,0,sports-reference
Kentucky,2006,Lost Second Round,1,0,0,0,0,0,sports-reference
LSU,2006,Lost National Semifinal,1,1,1,1,0,0,sports-reference
Marquette,2006,Lost First Round,1,0,0,0,0,0,sports-reference
Memphis,2006,Lost Regional Final,1,1,1,0,0,0,sports-reference
Michigan State,2006,Lost First Round,1,0,0,0,0,0,sports-reference
Milwaukee,2006,Lost Second Round,1,0,0,0,0,0,sports-reference
Monmouth,2006,Lost First Round,1,0,0,0,0,0,sports-reference
Montana,2006,Lost Second Round,1,0,0,0,0,0,sports-reference
Murray State,2006,Lost First Round,1,0,0,0,0,0,sports-reference
NC State,2006,Lost Second Round,1,0,0,0,0,0,sports-reference
Nevada,2006,Lost First Round,1,0,0,0,0,0,sports-reference
North Carolina,2006,Lost Second Round,1,0,0,0,0,0,sports-reference
Northern Iowa,2006,Lost First Round,1,0,0,0,0,0,sports-reference
Northwestern State,2006,Lost Second Round,1,0,0,0,0,0,sports-reference
Ohio State,2006,Lost Second Round,1,0,0,0,0,0,sports-reference
Oklahoma,2006,Lost First Round,1,0,0,0,0,0,sports-reference
Oral Roberts,2006,Lost First Round,1,0,0,0,0,0,sports-reference
Pacific,2006,Lost First Round,1,0,0,0,0,0,sports-reference
Pennsylvania,2006,Lost First Round,1,0,0,0,0,0,sports-reference
Pittsburgh,2006,Lost Second Round,1,0,0,0,0,0,sports-reference
San Diego State,2006,Lost First Round,1,0,0,0,0,0,sports-reference
Seton Hall,2006,Lost First Round,1,0,0,0,0,0,sports-reference
South Alabama,2006,Lost First Round,1,0,0,0,0,0,sports-reference
Southern,2006,Lost First Round,1,0,0,0,0,0,sports-reference
Southern Illinois,2006,Lost First Round,1,0,0,0,0,0,sports-reference
Syracuse,2006,Lost First Round,1,0,0,0,0,0,sports-reference
Tennessee,2006,Lost Second Round,1,0,0,0,0,0,sports-reference
Texas,2006,Lost Regional Final,1,1,1,0,0,0,sports-reference
Texas A&M,2006,Lost Second Round,1,0,0,0,0,0,sports-reference
UAB,2006,Lost First Round,1,0,0,0,0,0,sports-reference
UCLA,2006,Lost National Final,1,1,1,1,0,0,sports-reference
UConn,2006,Lost Regional Final,1,1,1,0,0,0,sports-reference
UNC Wilmington,2006,Lost First Round,1,0,0,0,0,0,sports-reference
Utah State,2006,Lost First Round,1,0,0,0,0,0,sports-reference
Villanova,2006,Lost Regional Final,1,1,1,0,0,0,sports-reference
Washington,2006,Lost Regional Semifinal,1,1,0,0,0,0,sports-reference
West Virginia,2006,Lost Regional Semifinal,1,1,0,0,0,0,sports-reference
Wichita State,2006,Lost Regional Semifinal,1,1,0,0,0,0,sports-reference
Winthrop,2006,Lost First Round,1,0,0,0,0,0,sports-reference
Wisconsin,2006,Lost First Round,1,0,0,0,0,0,sports-reference
Xavier,2006,Lost First Round,1,0,0,0,0,0,sports-reference
Albany,2007,Lost First Round,1,0,0,0,0,0,sports-reference
Arizona,2007,Lost First Round,1,0,0,0,0,0,sports-reference
Arkansas,2007,Lost First Round,1,0,0,0,0,0,sports-reference
BYU,2007,Lost First Round,1,0,0,0,0,0,sports-reference
Belmont,2007,Lost First Round,1,0,0,0,0,0,sports-reference
Boston College,2007,Lost Second Round,1,0,0,0,0,0,sports-reference
Butler,2007,Lost Regional Semifinal,1,1,0,0,0,0,sports-reference
Central Connecticut,2007,Lost First Round,1,0,0,0,0,0,sports-reference
Creighton,2007,Lost First Round,1,0,0,0,0,0,sports-reference
Davidson,2007,Lost First Round,1,0,0,0,0,0,sports-reference
Duke,2007,Lost First Round,1,0,0,0,0,0,sports-reference
Eastern Kentucky,2007,Lost First Round,1,0,0,0,0,0,sports-reference
Florida,2007,Won National Final,1,1,1,1,1,0,sports-reference
Florida A&M,2007,Lost Opening Round,1,0,0,0,0,0,sports-reference
George Washington,2007,Lost First Round,1,0,0,0,0,0,sports-reference
Georgetown,2007,Lost National Semifinal,1,1,1,1,0,0,sports-reference
Georgia Tech,2007,Lost First Round,1,0,0,0,0,0,sports-reference
Gonzaga,2007,Lost First Round,1,0,0,0,0,0,sports-reference
Holy Cross,2007,Lost First Round,1,0,0,0,0,0,sports-reference
Illinois,2007,Lost First Round,1,0,0,0,0,0,sports-reference
Indiana,2007,Lost Second Round,1,0,0,0,0,0,sports-reference
Jackson State,2007,Lost First Round,1,0,0,0,0,0,sports-reference
Kansas,2007,Lost Regional Final,1,1,1,0,0,0,sports-reference
Kentucky,2007,Lost Second Round,1,0,0,0,0,0,sports-reference
Long Beach State,2007,Lost First Round,1,0,0,0,0,0,sports-reference
Louisville,2007,Lost Second Round,1,0,0,0,0,0,sports-reference
Marquette,2007,Lost First Round,1,0,0,0,0,0,sports-reference
Maryland,2007,Lost Second Round,1,0,0,0,0,0,sports-reference
Memphis,2007,Lost Regional Final,1,1,1,0,0,0,sports-reference
Miami (OH),2007,Lost First Round,1,0,0,0,0,0,sports-reference
Michigan State,2007,Lost Second Round,1,0,0,0,0,0,sports-reference
Nevada,2007,Lost Second Round,1,0,0,0,0,0,sports-reference
New Mexico State,2007,Lost First Round,1,0,0,0,0,0,sports-reference
Niagara,2007,Lost First Round,1,0,0,0,0,0,sports-reference
North Carolina,2007,Lost Regional Final,1,1,1,0,0,0,sports-reference
North Texas,2007,Lost First Round,1,0,0,0,0,0,sports-reference
Notre Dame,2007,Lost First Round,1,0,0,0,0,0,sports-reference
Ohio State,2007,Lost National Final,1,1,1,1,0,0,sports-reference
Old Dominion,2007,Lost First Round,1,0,0,0,0,0,sports-reference
Oral Roberts,2007,Lost First Round,1,0,0,0,0,0,sports-reference
Oregon,2007,Lost Regional Final,1,1,1,0,0,0,sports-reference
Pennsylvania,2007,Lost First Round,1,0,0,0,0,0,sports-reference
Pittsburgh,2007,Lost Regional Semifinal,1,1,0,0,0,0,sports-reference
Purdue,2007,Lost Second Round,1,0,0,0,0,0,sports-reference
Southern Illinois,2007,Lost Regional Semifinal,1,1,0,0,0,0,sports-reference
Stanford,2007,Lost First Round,1,0,0,0,0,0,sports-reference
Tennessee,2007,Lost Regional Semifinal,1,1,0,0,0,0,sports-reference
Texas,2007,Lost Second Round,1,0,0,0,0,0,sports-reference
Texas A&M,2007,Lost Regional Semifinal,1,1,0,0,0,0,sports-reference
Texas A&M-Corpus Christi,2007,Lost First Round,1,0,0,0,0,0,sports-reference
Texas Tech,2007,Lost First Round,1,0,0,0,0,0,sports-reference
UCLA,2007,Lost National Semifinal,1,1,1,1,0,0,sports-reference
UNLV,2007,Lost Regional Semifinal,1,1,0,0,0,0,sports-reference
USC,2007,Lost Regional Semifinal,1,1,0,0,0,0,sports-reference
VCU,2007,Lost Second Round,1,0,0,0,0,0,sports-reference
Vanderbilt,2007,Lost Regional Semifinal,1,1,0,0,0,0,sports-reference
Villanova,2007,Lost First Round,1,0,0,0,0,0,sports-reference
Virginia,2007,Lost Second Round,1,0,0,0,0,0,sports-reference
Virginia Tech,2007,Lost Second Round,1,0,0,0,0,0,sports-reference
Washington State,2007,Lost Second Round,1,0,0,0,0,0,sports-reference
Weber State,2007,Lost First Round,1,0,0,0,0,0,sports-reference
Winthrop,2007,Lost Second Round,1,0,0,0,0,0,sports-reference
Wisconsin,2007,Lost Second Round,1,0,0,0,0,0,sports-reference
Wright State,2007,Lost First Round,1,0,0,0,0,0,sports-reference
Xavier,2007,Lost Second Round,1,0,0,0,0,0,sports-reference
American,2008,Lost First Round,1,0,0,0,0,0,sports-reference
Arizona,2008,Lost First Round,1,0,0,0,0,0,sports-reference
Arkansas,2008,Lost Second Round,1,0,0,0,0,0,sports-reference
Austin Peay,2008,Lost First Round,1,0,0,0,0,0,sports-reference
BYU,2008,Lost First Round,1,0,0,0,0,0,sports-reference
Baylor,2008,Lost First Round,1,0,0,0,0,0,sports-reference
Belmont,2008,Lost First Round,1,0,0,0,0,0,sports-reference
Boise State,2008,Lost First Round,1,0,0,0,0,0,sports-reference
Butler,2008,Lost Second Round,1,0,0,0,0,0,sports-reference
Cal State Fullerton,2008,Lost First Round,1,0,0,0,0,0,sports-reference
Clemson,2008,Lost First Round,1,0,0,0,0,0,sports-reference
Coppin State,2008,Lost Opening Round,1,0,0,0,0,0,sports-reference
Cornell,2008,Lost First Round,1,0,0,0,0,0,sports-reference
Davidson,2008,Lost Regional Final,1,1,1,0,0,0,sports-reference
Drake,2008,Lost First Round,1,0,0,0,0,0,sports-reference
Duke,2008,Lost Second Round,1,0,0,0,0,0,sports-reference
George Mason,2008,Lost First Round,1,0,0,0,0,0,sports-reference
Georgetown,2008,Lost Second Round,1,0,0,0,0,0,sports-reference
Georgia,2008,Lost First Round,1,0,0,0,0,0,sports-reference
Gonzaga,2008,Lost First Round,1,0,0,0,0,0,sports-reference
Indiana,2008,Lost First Round,1,0,0,0,0,0,sports-reference
Kansas,2008,Won National Final,1,1,1,1,1,0,sports-reference
Kansas State,2008,Lost Second Round,1,0,0,0,0,0,sports-reference
Kent State,2008,Lost First Round,1,0,0,0,0,0,sports-reference
Kentucky,2008,Lost First Round,1,0,0,0,0,0,sports-reference
Louisville,2008,Lost Regional Final,1,1,1,0,0,0,sports-reference
Marquette,2008,Lost Second Round,1,0,0,0,0,0,sports-reference
Memphis,2008,Lost National Final,1,1,1,1,0,1,sports-reference
Miami (FL),2008,Lost Second Round,1,0,0,0,0,0,sports-reference
Michigan State,2008,Lost Regional Semifinal,1,1,0,0,0,0,sports-reference
Mississippi State,2008,Lost Second Round,1,0,0,0,0,0,sports-reference
Mississippi Valley State,2008,Lost First Round,1,0,0,0,0,0,sports-reference
Mount St. Mary's,2008,Lost First Round,1,0,0,0,0,0,sports-reference
North Carolina,2008,Lost National Semifinal,1,1,1,1,0,0,sports-reference
Notre Dame,2008,Lost Second Round,1,0,0,0,0,0,sports-reference
Oklahoma,2008,Lost Second Round,1,0,0,0,0,0,sports-reference
Oral Roberts,2008,Lost First Round,1,0,0,0,0,0,sports-reference
Oregon,2008,Lost First Round,1,0,0,0,0,0,sports-reference
Pittsburgh,2008,Lost Second Round,1,0,0,0,0,0,sports-reference
Portland State,2008,Lost First Round,1,0,0,0,0,0,sports-reference
Purdue,2008,Lost Second Round,1,0,0,0,0,0,sports-reference
Saint Joseph's,2008,Lost First Round,1,0,0,0,0,0,sports-reference
Saint Mary's,2008,Lost First Round,1,0,0,0,0,0,sports-reference
San Diego,2008,Lost Second Round,1,0,0,0,0,0,sports-reference
Siena,2008,Lost Second Round,1,0,0,0,0,0,sports-reference
South Alabama,2008,Lost First Round,1,0,0,0,0,0,sports-reference
Stanford,2008,Lost Regional Semifinal,1,1,0,0,0,0,sports-reference
Temple,2008,Lost First Round,1,0,0,0,0,0,sports-reference
Tennessee,2008,Lost Regional Semifinal,1,1,0,0,0,0,sports-reference
Texas,2008,Lost Regional Final,1,1,1,0,0,0,sports-reference
Texas A&M,2008,Lost Second Round,1,0,0,0,0,0,sports-reference
UCLA,2008,Lost National Semifinal,1,1,1,1,0,0,sports-reference
UConn,2008,Lost First Round,1,0,0,0,0,0,sports-reference
UMBC,2008,Lost First Round,1,0,0,0,0,0,sports-reference
UNLV,2008,Lost Second Round,1,0,0,0,0,0,sports-reference
USC,2008,Lost First Round,1,0,0,0,0,1,sports-reference
UT Arlington,2008,Lost First Round,1,0,0,0,0,0,sports-reference
Vanderbilt,2008,Lost First Round,1,0,0,0,0,0,sports-reference
Villanova,2008,Lost Regional Semifinal,1,1,0,0,0,0,sports-reference
Washington State,2008,Lost Regional Semifinal,1,1,0,0,0,0,sports-reference
West Virginia,2008,Lost Regional Semifinal,1,1,0,0,0,0,sports-reference
Western Kentucky,2008,Lost Regional Semifinal,1,1,0,0,0,0,sports-reference
Winthrop,2008,Lost First Round,1,0,0,0,0,0,sports-reference
Wisconsin,2008,Lost Regional Semifinal,1,1,0,0,0,0,sports-reference
Xavier,2008,Lost Regional Final,1,1,1,0,0,0,sports-reference
Akron,2009,Lost First Round,1,0,0,0,0,0,sports-reference
Alabama State,2009,Lost Opening Round,1,0,0,0,0,0,sports-reference
American,2009,Lost First Round,1,0,0,0,0,0,sports-reference
Arizona,2009,Lost Regional Semifinal,1,1,0,0,0,0,sports-reference
Arizona State,2009,Lost Second Round,1,0,0,0,0,0,sports-reference
BYU,2009,Lost First Round,1,0,0,0,0,0,sports-reference
Binghamton,2009,Lost First Round,1,0,0,0,0,0,sports-reference
Boston College,2009,Lost First Round,1,0,0,0,0,0,sports-reference
Butler,2009,Lost First Round,1,0,0,0,0,0,sports-reference
Cal State Northridge,2009,Lost First Round,1,0,0,0,0,0,sports-reference
California,2009,Lost First Round,1,0,0,0,0,0,sports-reference
Chattanooga,2009,Lost First Round,1,0,0,0,0,0,sports-reference
Clemson,2009,Lost First Round,1,0,0,0,0,0,sports-reference
Cleveland State,2009,Lost Second Round,1,0,0,0,0,0,sports-reference
Cornell,2009,Lost First Round,1,0,0,0,0,0,sports-reference
Dayton,2009,Lost Second Round,1,0,0,0,0,0,sports-reference
Duke,2009,Lost Regional Semifinal,1,1,0,0,0,0,sports-reference
East Tennessee State,2009,Lost First Round,1,0,0,0,0,0,sports-reference
Florida State,2009,Lost First Round,1,0,0,0,0,0,sports-reference
Gonzaga,2009,Lost Regional Semifinal,1,1,0,0,0,0,sports-reference
Illinois,2009,Lost First Round,1,0,0,0,0,0,sports-reference
Kansas,2009,Lost Regional Semifinal,1,1,0,0,0,0,sports-reference
LSU,2009,Lost Second Round,1,0,0,0,0,0,sports-reference
Louisville,2009,Lost Regional Final,1,1,1,0,0,0,sports-reference
Marquette,2009,Lost Second Round,1,0,0,0,0,0,sports-reference
Maryland,2009,Lost Second Round,1,0,0,0,0,0,sports-reference
Memphis,2009,Lost Regional Semifinal,1,1,0,0,0,0,sports-reference
Michigan,2009,Lost Second Round,1,0,0,0,0,0,sports-reference
Michigan State,2009,Lost National Final,1,1,1,1,0,0,sports-reference
Minnesota,2009,Lost First Round,1,0,0,0,0,0,sports-reference
Mississippi State,2009,Lost First Round,1,0,0,0,0,0,sports-reference
Missouri,2009,Lost Regional Final,1,1,1,0,0,0,sports-reference
Morehead State,2009,Lost First Round,1,0,0,0,0,0,sports-reference
Morgan State,2009,Lost First Round,1,0,0,0,0,0,sports-reference
North Carolina,2009,Won National Final,1,1,1,1,1,0,sports-reference
North Dakota State,2009,Lost First Round,1,0,0,0,0,0,sports-reference
Northern Iowa,2009,Lost First Round,1,0,0,0,0,0,sports-reference
Ohio State,2009,Lost First Round,1,0,0,0,0,0,sports-reference
Oklahoma,2009,Lost Regional Final,1,1,1,0,0,0,sports-reference
Oklahoma State,2009,Lost Second Round,1,0,0,0,0,0,sports-reference
Pittsburgh,2009,Lost Regional Final,1,1,1,0,0,0,sports-reference
Portland State,2009,Lost First Round,1,0,0,0,0,0,sports-reference
Purdue,2009,Lost Regional Semifinal,1,1,0,0,0,0,sports-reference
Radford,2009,Lost First Round,1,0,0,0,0,0,sports-reference
Robert Morris,2009,Lost First Round,1,0,0,0,0,0,sports-reference
Siena,2009,Lost Second Round,1,0,0,0,0,0,sports-reference
Stephen F. Austin,2009,Lost First Round,1,0,0,0,0,0,sports-reference
Syracuse,2009,Lost Regional Semifinal,1,1,0,0,0,0,sports-reference
Temple,2009,Lost First Round,1,0,0,0,0,0,sports-reference
Tennessee,2009,Lost First Round,1,0,0,0,0,0,sports-reference
Texas,2009,Lost Second Round,1,0,0,0,0,0,sports-reference
Texas A&M,2009,Lost Second Round,1,0,0,0,0,0,sports-reference
UCLA,2009,Lost Second Round,1,0,0,0,0,0,sports-reference
UConn,2009,Lost National Semifinal,1,1,1,1,0,0,sports-reference
USC,2009,Lost Second Round,1,0,0,0,0,0,sports-reference
Utah,2009,Lost First Round,1,0,0,0,0,0,sports-reference
Utah State,2009,Lost First Round,1,0,0,0,0,0,sports-reference
VCU,2009,Lost First Round,1,0,0,0,0,0,sports-reference
Villanova,2009,Lost National Semifinal,1,1,1,1,0,0,sports-reference
Wake Forest,2009,Lost First Round,1,0,0,0,0,0,sports-reference
Washington,2009,Lost Second Round,1,0,0,0,0,0,sports-reference
West Virginia,2009,Lost First Round,1,0,0,0,0,0,sports-reference
Western Kentucky,2009,Lost Second Round,1,0,0,0,0,0,sports-reference
Wisconsin,2009,Lost Second Round,1,0,0,0,0,0,sports-reference
Xavier,2009,Lost Regional Semifinal,1,1,0,0,0,0,sports-reference
Arkansas-Pine Bluff,2010,Lost First Round,1,0,0,0,0,0,sports-reference
BYU,2010,Lost Second Round,1,0,0,0,0,0,sports-reference
Baylor,2010,Lost Regional Final,1,1,1,0,0,0,sports-reference
Butler,2010,Lost National Final,1,1,1,1,0,0,sports-reference
California,2010,Lost Second Round,1,0,0,0,0,0,sports-reference
Clemson,2010,Lost First Round,1,0,0,0,0,0,sports-reference
Cornell,2010,Lost Regional Semifinal,1,1,0,0,0,0,sports-reference
Duke,2010,Won National Final,1,1,1,1,1,0,sports-reference
East Tennessee State,2010,Lost First Round,1,0,0,0,0,0,sports-reference
Florida,2010,Lost First Round,1,0,0,0,0,0,sports-reference
Florida State,2010,Lost First Round,1,0,0,0,0,0,sports-reference
Georgetown,2010,Lost First Round,1,0,0,0,0,0,sports-reference
Georgia Tech,2010,Lost Second Round,1,0,0,0,0,0,sports-reference
Gonzaga,2010,Lost Second Round,1,0,0,0,0,0,sports-reference
Houston,2010,Lost First Round,1,0,0,0,0,0,sports-reference
Kansas,2010,Lost Second Round,1,0,0,0,0,0,sports-reference
Kansas State,2010,Lost Regional Final,1,1,1,0,0,0,sports-reference
Kentucky,2010,Lost Regional Final,1,1,1,0,0,0,sports-reference
Lehigh,2010,Lost First Round,1,0,0,0,0,0,sports-reference
Louisville,2010,Lost First Round,1,0,0,0,0,0,sports-reference
Marquette,2010,Lost First Round,1,0,0,0,0,0,sports-reference
Maryland,2010,Lost Second Round,1,0,0,0,0,0,sports-reference
Michigan State,2010,Lost National Semifinal,1,1,1,1,0,0,sports-reference
Minnesota,2010,Lost First Round,1,0,0,0,0,0,sports-reference
Missouri,2010,Lost Second Round,1,0,0,0,0,0,sports-reference
Montana,2010,Lost First Round,1,0,0,0,0,0,sports-reference
Morgan State,2010,Lost First Round,1,0,0,0,0,0,sports-reference
Murray State,2010,Lost Second Round,1,0,0,0,0,0,sports-reference
New Mexico,2010,Lost Second Round,1,0,0,0,0,0,sports-reference
New Mexico State,2010,Lost First Round,1,0,0,0,0,0,sports-reference
North Texas,2010,Lost First Round,1,0,0,0,0,0,sports-reference
Northern Iowa,2010,Lost Regional Semifinal,1,1,0,0,0,0,sports-reference
Notre Dame,2010,Lost First Round,1,0,0,0,0,0,sports-reference
Oakland,2010,Lost First Round,1,0,0,0,0,0,sports-reference
Ohio,2010,Lost Second Round,1,0,0,0,0,0,sports-reference
Ohio State,2010,Lost Regional Semifinal,1,1,0,0,0,0,sports-reference
Oklahoma State,2010,Lost First Round,1,0,0,0,0,0,sports-reference
Old Dominion,2010,Lost Second Round,1,0,0,0,0,0,sports-reference
Pittsburgh,2010,Lost Second Round,1,0,0,0,0,0,sports-reference
Purdue,2010,Lost Regional Semifinal,1,1,0,0,0,0,sports-reference
Richmond,2010,Lost First Round,1,0,0,0,0,0,sports-reference
Robert Morris,2010,Lost First Round,1,0,0,0,0,0,sports-reference
Saint Mary's,2010,Lost Regional Semifinal,1,1,0,0,0,0,sports-reference
Sam Houston,2010,Lost First Round,1,0,0,0,0,0,sports-reference
San Diego State,2010,Lost First Round,1,0,0,0,0,0,sports-reference
Siena,2010,Lost First Round,1,0,0,0,0,0,sports-reference
Syracuse,2010,Lost Regional Semifinal,1,1,0,0,0,0,sports-reference
Temple,2010,Lost First Round,1,0,0,0,0,0,sports-reference
Tennessee,2010,Lost Regional Final,1,1,1,0,0,0,sports-reference
Texas,2010,Lost First Round,1,0,0,0,0,0,sports-reference
Texas A&M,2010,Lost Second Round,1,0,0,0,0,0,sports-reference
UC Santa Barbara,2010,Lost First Round,1,0,0,0,0,0,sports-reference
UNLV,2010,Lost First Round,1,0,0,0,0,0,sports-reference
UTEP,2010,Lost First Round,1,0,0,0,0,0,sports-reference
Utah State,2010,Lost First Round,1,0,0,0,0,0,sports-reference
Vanderbilt,2010,Lost First Round,1,0,0,0,0,0,sports-reference
Vermont,2010,Lost First Round,1,0,0,0,0,0,sports-reference
Villanova,2010,Lost Second Round,1,0,0,0,0,0,sports-reference
Wake Forest,2010,Lost Second Round,1,0,0,0,0,0,sports-reference
Washington,2010,Lost Regional Semifinal,1,1,0,0,0,0,sports-reference
West Virginia,2010,Lost National Semifinal,1,1,1,1,0,0,sports-reference
Winthrop,2010,Lost Opening Round,1,0,0,0,0,0,sports-reference
Wisconsin,2010,Lost Second Round,1,0,0,0,0,0,sports-reference
Wofford,2010,Lost First Round,1,0,0,0,0,0,sports-reference
Xavier,2010,Lost Regional Semifinal,1,1,0,0,0,0,sports-reference
Akron,2011,Lost Second Round,1,0,0,0,0,0,sports-reference
Alabama State,2011,Lost First Round,1,0,0,0,0,0,sports-reference
Arizona,2011,Lost Regional Final,1,1,1,0,0,0,sports-reference
BYU,2011,Lost Regional Semifinal,1,1,0,0,0,0,sports-reference
Belmont,2011,Lost Second Round,1,0,0,0,0,0,sports-reference
Boston University,2011,Lost Second Round,1,0,0,0,0,0,sports-reference
Bucknell,2011,Lost Second Round,1,0,0,0,0,0,sports-reference
Butler,2011,Lost National Final,1,1,1,1,0,0,sports-reference
Cincinnati,2011,Lost Third Round,1,0,0,0,0,0,sports-reference
Clemson,2011,Lost Second Round,1,0,0,0,0,0,sports-reference
Duke,2011,Lost Regional Semifinal,1,1,0,0,0,0,sports-reference
Florida,2011,Lost Regional Final,1,1,1,0,0,0,sports-reference
Florida State,2011,Lost Regional Semifinal,1,1,0,0,0,0,sports-reference
George Mason,2011,Lost Third Round,1,0,0,0,0,0,sports-reference
Georgetown,2011,Lost Second Round,1,0,0,0,0,0,sports-reference
Georgia,2011,Lost Second Round,1,0,0,0,0,0,sports-reference
Gonzaga,2011,Lost Third Round,1,0,0,0,0,0,sports-reference
Hampton,2011,Lost Second Round,1,0,0,0,0,0,sports-reference
Illinois,2011,Lost Third Round,1,0,0,0,0,0,sports-reference
Indiana State,2011,Lost Second Round,1,0,0,0,0,0,sports-reference
Kansas,2011,Lost Regional Final,1,1,1,0,0,0,sports-reference
Kansas State,2011,Lost Third Round,1,0,0,0,0,0,sports-reference
Kentucky,2011,Lost National Semifinal,1,1,1,1,0,0,sports-reference
LIU,2011,Lost Second Round,1,0,0,0,0,0,sports-reference
Little Rock,2011,Lost First Round,1,0,0,0,0,0,sports-reference
Louisville,2011,Lost Second Round,1,0,0,0,0,0,sports-reference
Marquette,2011,Lost Regional Semifinal,1,1,0,0,0,0,sports-reference
Memphis,2011,Lost Second Round,1,0,0,0,0,0,sports-reference
Michigan,2011,Lost Third Round,1,0,0,0,0,0,sports-reference
Michigan State,2011,Lost Second Round,1,0,0,0,0,0,sports-reference
Missouri,2011,Lost Second Round,1,0,0,0,0,0,sports-reference
Morehead State,2011,Lost Third Round,1,0,0,0,0,0,sports-reference
North Carolina,2011,Lost Regional Final,1,1,1,0,0,0,sports-reference
Northern Colorado,2011,Lost Second Round,1,0,0,0,0,0,sports-reference
Notre Dame,2011,Lost Third Round,1,0,0,0,0,0,sports-reference
Oakland,2011,Lost Second Round,1,0,0,0,0,0,sports-reference
Ohio State,2011,Lost Regional Semifinal,1,1,0,0,0,0,sports-reference
Old Dominion,2011,Lost Second Round,1,0,0,0,0,0,sports-reference
Penn State,2011,Lost Second Round,1,0,0,0,0,0,sports-reference
Pittsburgh,2011,Lost Third Round,1,0,0,0,0,0,sports-reference
Princeton,2011,Lost Second Round,1,0,0,0,0,0,sports-reference
Purdue,2011,Lost Third Round,1,0,0,0,0,0,sports-reference
Richmond,2011,Lost Regional Semifinal,1,1,0,0,0,0,sports-reference
Saint Peter's,2011,Lost Second Round,1,0,0,0,0,0,sports-reference
San Diego State,2011,Lost Regional Semifinal,1,1,0,0,0,0,sports-reference
St. John's,2011,Lost Second Round,1,0,0,0,0,0,sports-reference
Syracuse,2011,Lost Third Round,1,0,0,0,0,0,sports-reference
Temple,2011,Lost Third Round,1,0,0,0,0,0,sports-reference
Tennessee,2011,Lost Second Round,1,0,0,0,0,0,sports-reference
Texas,2011,Lost Third Round,1,0,0,0,0,0,sports-reference
Texas A&M,2011,Lost Second Round,1,0,0,0,0,0,sports-reference
UAB,2011,Lost First Round,1,0,0,0,0,0,sports-reference
UC Santa Barbara,2011,Lost Second Round,1,0,0,0,0,0,sports-reference
UCLA,2011,Lost Third Round,1,0,0,0,0,0,sports-reference
UConn,2011,Won National Final,1,1,1,1,1,0,sports-reference
UNC Asheville,2011,Lost Second Round,1,0,0,0,0,0,sports-reference
UNLV,2011,Lost Second Round,1,0,0,0,0,0,sports-reference
USC,2011,Lost First Round,1,0,0,0,0,0,sports-reference
UTSA,2011,Lost Second Round,1,0,0,0,0,0,sports-reference
Utah State,2011,Lost Second Round,1,0,0,0,0,0,sports-reference
VCU,2011,Lost National Semifinal,1,1,1,1,0,0,sports-reference
Vanderbilt,2011,Lost Second Round,1,0,0,0,0,0,sports-reference
Villanova,2011,Lost Second Round,1,0,0,0,0,0,sports-reference
Washington,2011,Lost Third Round,1,0,0,0,0,0,sports-reference
West Virginia,2011,Lost Third Round,1,0,0,0,0,0,sports-reference
Wisconsin,2011,Lost Regional Semifinal,1,1,0,0,0,0,sports-reference
Wofford,2011,Lost Second Round,1,0,0,0,0,0,sports-reference
Xavier,2011,Lost Second Round,1,0,0,0,0,0,sports-reference
Alabama,2012,Lost Second Round,1,0,0,0,0,0,sports-reference
BYU,2012,Lost Second Round,1,0,0,0,0,0,sports-reference
Baylor,2012,Lost Regional Final,1,1,1,0,0,0,sports-reference
Belmont,2012,Lost Second Round,1,0,0,0,0,0,sports-reference
California,2012,Lost First Round,1,0,0,0,0,0,sports-reference
Cincinnati,2012,Lost Regional Semifinal,1,1,0,0,0,0,sports-reference
Colorado,2012,Lost Third Round,1,0,0,0,0,0,sports-reference
Colorado State,2012,Lost Second Round,1,0,0,0,0,0,sports-reference
Creighton,2012,Lost Third Round,1,0,0,0,0,0,sports-reference
Davidson,2012,Lost Second Round,1,0,0,0,0,0,sports-reference
Detroit Mercy,2012,Lost Second Round,1,0,0,0,0,0,sports-reference
Duke,2012,Lost Second Round,1,0,0,0,0,0,sports-reference
Florida,2012,Lost Regional Final,1,1,1,0,0,0,sports-reference
Florida State,2012,Lost Third Round,1,0,0,0,0,0,sports-reference
Georgetown,2012,Lost Third Round,1,0,0,0,0,0,sports-reference
Gonzaga,2012,Lost Third Round,1,0,0,0,0,0,sports-reference
Harvard,2012,Lost Second Round,1,0,0,0,0,0,sports-reference
Indiana,2012,Lost Regional Semifinal,1,1,0,0,0,0,sports-reference
Iona,2012,Lost First Round,1,0,0,0,0,0,sports-reference
Iowa State,2012,Lost Third Round,1,0,0,0,0,0,sports-reference
Kansas,2012,Lost National Final,1,1,1,1,0,0,sports-reference
Kansas State,2012,Lost Third Round,1,0,0,0,0,0,sports-reference
Kentucky,2012,Won National Final,1,1,1,1,1,0,sports-reference
LIU,2012,Lost Second Round,1,0,0,0,0,0,sports-reference
Lamar,2012,Lost First Round,1,0,0,0,0,0,sports-reference
Lehigh,2012,Lost Third Round,1,0,0,0,0,0,sports-reference
Long Beach State,2012,Lost Second Round,1,0,0,0,0,0,sports-reference
Louisville,2012,Lost National Semifinal,1,1,1,1,0,1,sports-reference
Loyola Maryland,2012,Lost Second Round,1,0,0,0,0,0,sports-reference
Marquette,2012,Lost Regional Semifinal,1,1,0,0,0,0,sports-reference
Memphis,2012,Lost Second Round,1,0,0,0,0,0,sports-reference
Michigan,2012,Lost Second Round,1,0,0,0,0,0,sports-reference
Michigan State,2012,Lost Regional Semifinal,1,1,0,0,0,0,sports-reference
Mississippi Valley State,2012,Lost First Round,1,0,0,0,0,0,sports-reference
Missouri,2012,Lost Second Round,1,0,0,0,0,0,sports-reference
Montana,2012,Lost Second Round,1,0,0,0,0,0,sports-reference
Murray State,2012,Lost Third Round,1,0,0,0,0,0,sports-reference
NC State,2012,Lost Regional Semifinal,1,1,0,0,0,0,sports-reference
New Mexico,2012,Lost Third Round,1,0,0,0,0,0,sports-reference
New Mexico State,2012,Lost Second Round,1,0,0,0,0,0,sports-reference
Norfolk State,2012,Lost Third Round,1,0,0,0,0,0,sports-reference
North Carolina,2012,Lost Regional Final,1,1,1,0,0,0,sports-reference
Notre Dame,2012,Lost Second Round,1,0,0,0,0,0,sports-reference
Ohio,2012,Lost Regional Semifinal,1,1,0,0,0,0,sports-reference
Ohio State,2012,Lost National Semifinal,1,1,1,1,0,0,sports-reference
Purdue,2012,Lost Third Round,1,0,0,0,0,0,sports-reference
Saint Louis,2012,Lost Third Round,1,0,0,0,0,0,sports-reference
Saint Mary's,2012,Lost Second Round,1,0,0,0,0,0,sports-reference
San Diego State,2012,Lost Second Round,1,0,0,0,0,0,sports-reference
South Dakota State,2012,Lost Second Round,1,0,0,0,0,0,sports-reference
South Florida,2012,Lost Third Round,1,0,0,0,0,0,sports-reference
Southern Miss,2012,Lost Second Round,1,0,0,0,0,0,sports-reference
St. Bonaventure,2012,Lost Second Round,1,0,0,0,0,0,sports-reference
Syracuse,2012,Lost Regional Final,1,1,1,0,0,0,sports-reference
Temple,2012,Lost Second Round,1,0,0,0,0,0,sports-reference
Texas,2012,Lost Second Round,1,0,0,0,0,0,sports-reference
UConn,2012,Lost Second Round,1,0,0,0,0,0,sports-reference
UNC Asheville,2012,Lost Second Round,1,0,0,0,0,0,sports-reference
UNLV,2012,Lost Second Round,1,0,0,0,0,0,sports-reference
VCU,2012,Lost Third Round,1,0,0,0,0,0,sports-reference
Vanderbilt,2012,Lost Third Round,1,0,0,0,0,0,sports-reference
Vermont,2012,Lost Second Round,1,0,0,0,0,0,sports-reference
Virginia,2012,Lost Second Round,1,0,0,0,0,0,sports-reference
West Virginia,2012,Lost Second Round,1,0,0,0,0,0,sports-reference
Western Kentucky,2012,Lost Second Round,1,0,0,0,0,0,sports-reference
Wichita State,2012,Lost Second Round,1,0,0,0,0,0,sports-reference
Wisconsin,2012,Lost Regional Semifinal,1,1,0,0,0,0,sports-reference
Xavier,2012,Lost Regional Semifinal,1,1,0,0,0,0,sports-reference
Akron,2013,Lost Second Round,1,0,0,0,0,0,sports-reference
Albany,2013,Lost Second Round,1,0,0,0,0,0,sports-reference
Arizona,2013,Lost Regional Semifinal,1,1,0,0,0,0,sports-reference
Belmont,2013,Lost Second Round,1,0,0,0,0,0,sports-reference
Boise State,2013,Lost First Round,1,0,0,0,0,0,sports-reference
Bucknell,2013,Lost Second Round,1,0,0,0,0,0,sports-reference
Butler,2013,Lost Third Round,1,0,0,0,0,0,sports-reference
California,2013,Lost Third Round,1,0,0,0,0,0,sports-reference
Cincinnati,2013,Lost Second Round,1,0,0,0,0,0,sports-reference
Colorado,2013,Lost Second Round,1,0,0,0,0,0,sports-reference
Colorado State,2013,Lost Third Round,1,0,0,0,0,0,sports-reference
Creighton,2013,Lost Third Round,1,0,0,0,0,0,sports-reference
Davidson,2013,Lost Second Round,1,0,0,0,0,0,sports-reference
Duke,2013,Lost Regional Final,1,1,1,0,0,0,sports-reference
Florida,2013,Lost Regional Final,1,1,1,0,0,0,sports-reference
Florida Gulf Coast,2013,Lost Regional Semifinal,1,1,0,0,0,0,sports-reference
Georgetown,2013,Lost Second Round,1,0,0,0,0,0,sports-reference
Gonzaga,2013,Lost Third Round,1,0,0,0,0,0,sports-reference
Harvard,2013,Lost Third Round,1,0,0,0,0,0,sports-reference
Illinois,2013,Lost Third Round,1,0,0,0,0,0,sports-reference
Indiana,2013,Lost Regional Semifinal,1,1,0,0,0,0,sports-reference
Iona,2013,Lost Second Round,1,0,0,0,0,0,sports-reference
Iowa State,2013,Lost Third Round,1,0,0,0,0,0,sports-reference
James Madison,2013,Lost Second Round,1,0,0,0,0,0,sports-reference
Kansas,2013,Lost Regional Semifinal,1,1,0,0,0,0,sports-reference
Kansas State,2013,Lost Second Round,1,0,0,0,0,0,sports-reference
LIU,2013,Lost First Round,1,0,0,0,0,0,sports-reference
La Salle,2013,Lost Regional Semifinal,1,1,0,0,0,0,sports-reference
Liberty,2013,Lost First Round,1,0,0,0,0,0,sports-reference
Louisville,2013,Won National Final,1,1,1,1,1,1,sports-reference
Marquette,2013,Lost Regional Final,1,1,1,0,0,0,sports-reference
Memphis,2013,Lost Third Round,1,0,0,0,0,0,sports-reference
Miami (FL),2013,Lost Regional Semifinal,1,1,0,0,0,0,sports-reference
Michigan,2013,Lost National Final,1,1,1,1,0,0,sports-reference
Michigan State,2013,Lost Regional Semifinal,1,1,0,0,0,0,sports-reference
Middle Tennessee,2013,Lost First Round,1,0,0,0,0,0,sports-reference
Minnesota,2013,Lost Third Round,1,0,0,0,0,0,sports-reference
Missouri,2013,Lost Second Round,1,0,0,0,0,0,sports-reference
Montana,2013,Lost Second Round,1,0,0,0,0,0,sports-reference
NC State,2013,Lost Second Round,1,0,0,0,0,0,sports-reference
New Mexico,2013,Lost Second Round,1,0,0,0,0,0,sports-reference
New Mexico State,2013,Lost Second Round,1,0,0,0,0,0,sports-reference
North Carolina,2013,Lost Third Round,1,0,0,0,0,0,sports-reference
North Carolina A&T,2013,Lost Second Round,1,0,0,0,0,0,sports-reference
Northwestern State,2013,Lost Second Round,1,0,0,0,0,0,sports-reference
Notre Dame,2013,Lost Second Round,1,0,0,0,0,0,sports-reference
Ohio State,2013,Lost Regional Final,1,1,1,0,0,0,sports-reference
Oklahoma,2013,Lost Second Round,1,0,0,0,0,0,sports-reference
Oklahoma State,2013,Lost Second Round,1,0,0,0,0,0,sports-reference
Ole Miss,2013,Lost Third Round,1,0,0,0,0,0,sports-reference
Oregon,2013,Lost Regional Semifinal,1,1,0,0,0,0,sports-reference
Pacific,2013,Lost Second Round,1,0,0,0,0,0,sports-reference
Pittsburgh,2013,Lost Second Round,1,0,0,0,0,0,sports-reference
Saint Louis,2013,Lost Third Round,1,0,0,0,0,0,sports-reference
Saint Mary's,2013,Lost Second Round,1,0,0,0,0,0,sports-reference
San Diego State,2013,Lost Third Round,1,0,0,0,0,0,sports-reference
South Dakota State,2013,Lost Second Round,1,0,0,0,0,0,sports-reference
Southern,2013,Lost Second Round,1,0,0,0,0,0,sports-reference
Syracuse,2013,Lost National Semifinal,1,1,1,1,0,0,sports-reference
Temple,2013,Lost Third Round,1,0,0,0,0,0,sports-reference
UCLA,2013,Lost Second Round,1,0,0,0,0,0,sports-reference
UNLV,2013,Lost Second Round,1,0,0,0,0,0,sports-reference
VCU,2013,Lost Third Round,1,0,0,0,0,0,sports-reference
Valparaiso,2013,Lost Second Round,1,0,0,0,0,0,sports-reference
Villanova,2013,Lost Second Round,1,0,0,0,0,0,sports-reference
Western Kentucky,2013,Lost Second Round,1,0,0,0,0,0,sports-reference
Wichita State,2013,Lost National Semifinal,1,1,1,1,0,0,sports-reference
Wisconsin,2013,Lost Second Round,1,0,0,0,0,0,sports-reference
Albany,2014,Lost Second Round,1,0,0,0,0,0,sports-reference
American,2014,Lost Second Round,1,0,0,0,0,0,sports-reference
Arizona,2014,Lost Regional Final,1,1,1,0,0,0,sports-reference
Arizona State,2014,Lost Second Round,1,0,0,0,0,0,sports-reference
BYU,2014,Lost Second Round,1,0,0,0,0,0,sports-reference
Baylor,2014,Lost Regional Semifinal,1,1,0,0,0,0,sports-reference
Cal Poly,2014,Lost Second Round,1,0,0,0,0,0,sports-reference
Cincinnati,2014,Lost Second Round,1,0,0,0,0,0,sports-reference
Coastal Carolina,2014,Lost Second Round,1,0,0,0,0,0,sports-reference
Colorado,2014,Lost Second Round,1,0,0,0,0,0,sports-reference
Creighton,2014,Lost Third Round,1,0,0,0,0,0,sports-reference
Dayton,2014,Lost Regional Final,1,1,1,0,0,0,sports-reference
Delaware,2014,Lost Second Round,1,0,0,0,0,0,sports-reference
Duke,2014,Lost Second Round,1,0,0,0,0,0,sports-reference
Eastern Kentucky,2014,Lost Second Round,1,0,0,0,0,0,sports-reference
Florida,2014,Lost National Semifinal,1,1,1,1,0,0,sports-reference
George Washington,2014,Lost Second Round,1,0,0,0,0,0,sports-reference
Gonzaga,2014,Lost Third Round,1,0,0,0,0,0,sports-reference
Harvard,2014,Lost Third Round,1,0,0,0,0,0,sports-reference
Iowa,2014,Lost First Round,1,0,0,0,0,0,sports-reference
Iowa State,2014,Lost Regional Semifinal,1,1,0,0,0,0,sports-reference
Kansas,2014,Lost Third Round,1,0,0,0,0,0,sports-reference
Kansas State,2014,Lost Second Round,1,0,0,0,0,0,sports-reference
Kentucky,2014,Lost National Final,1,1,1,1,0,0,sports-reference
Louisiana,2014,Lost Second Round,1,0,0,0,0,0,sports-reference
Louisville,2014,Lost Regional Semifinal,1,1,0,0,0,1,sports-reference
Manhattan,2014,Lost Second Round,1,0,0,0,0,0,sports-reference
Memphis,2014,Lost Third Round,1,0,0,0,0,0,sports-reference
Mercer,2014,Lost Third Round,1,0,0,0,0,0,sports-reference
Michigan,2014,Lost Regional Final,1,1,1,0,0,0,sports-reference
Michigan State,2014,Lost Regional Final,1,1,1,0,0,0,sports-reference
Milwaukee,2014,Lost Second Round,1,0,0,0,0,0,sports-reference
Mount St. Mary's,2014,Lost First Round,1,0,0,0,0,0,sports-reference
NC State,2014,Lost Second Round,1,0,0,0,0,0,sports-reference
Nebraska,2014,Lost Second Round,1,0,0,0,0,0,sports-reference
New Mexico,2014,Lost Second Round,1,0,0,0,0,0,sports-reference
New Mexico State,2014,Lost Second Round,1,0,0,0,0,0,sports-reference
North Carolina,2014,Lost Third Round,1,0,0,0,0,0,sports-reference
North Carolina Central,2014,Lost Second Round,1,0,0,0,0,0,sports-reference
North Dakota State,2014,Lost Third Round,1,0,0,0,0,0,sports-reference
Ohio State,2014,Lost Second Round,1,0,0,0,0,0,sports-reference
Oklahoma,2014,Lost Second Round,1,0,0,0,0,0,sports-reference
Oklahoma State,2014,Lost Second Round,1,0,0,0,0,0,sports-reference
Oregon,2014,Lost Third Round,1,0,0,0,0,0,sports-reference
Pittsburgh,2014,Lost Third Round,1,0,0,0,0,0,sports-reference
Providence,2014,Lost Second Round,1,0,0,0,0,0,sports-reference
Saint Joseph's,2014,Lost Second Round,1,0,0,0,0,0,sports-reference
Saint Louis,2014,Lost Third Round,1,0,0,0,0,0,sports-reference
San Diego State,2014,Lost Regional Semifinal,1,1,0,0,0,0,sports-reference
Stanford,2014,Lost Regional Semifinal,1,1,0,0,0,0,sports-reference
Stephen F. Austin,2014,Lost Third Round,1,0,0,0,0,0,sports-reference
Syracuse,2014,Lost Third Round,1,0,0,0,0,0,sports-reference
Tennessee,2014,Lost Regional Semifinal,1,1,0,0,0,0,sports-reference
Texas,2014,Lost Third Round,1,0,0,0,0,0,sports-reference
Texas Southern,2014,Lost First Round,1,0,0,0,0,0,sports-reference
Tulsa,2014,Lost Second Round,1,0,0,0,0,0,sports-reference
UCLA,2014,Lost Regional Semifinal,1,1,0,0,0,0,sports-reference
UConn,2014,Won National Final,1,1,1,1,1,0,sports-reference
UMass,2014,Lost Second Round,1,0,0,0,0,0,sports-reference
VCU,2014,Lost Second Round,1,0,0,0,0,0,sports-reference
Villanova,2014,Lost Third Round,1,0,0,0,0,0,sports-reference
Virginia,2014,Lost Regional Semifinal,1,1,0,0,0,0,sports-reference
Weber State,2014,Lost Second Round,1,0,0,0,0,0,sports-reference
Western Michigan,2014,Lost Second Round,1,0,0,0,0,0,sports-reference
Wichita State,2014,Lost Third Round,1,0,0,0,0,0,sports-reference
Wisconsin,2014,Lost National Semifinal,1,1,1,1,0,0,sports-reference
Wofford,2014,Lost Second Round,1,0,0,0,0,0,sports-reference
Xavier,2014,Lost First Round,1,0,0,0,0,0,sports-reference
Albany,2015,Lost Second Round,1,0,0,0,0,0,sports-reference
Arizona,2015,Lost Regional Final,1,1,1,0,0,0,sports-reference
Arkansas,2015,Lost Third Round,1,0,0,0,0,0,sports-reference
BYU,2015,Lost First Round,1,0,0,0,0,0,sports-reference
Baylor,2015,Lost Second Round,1,0,0,0,0,0,sports-reference
Belmont,2015,Lost Second Round,1,0,0,0,0,0,sports-reference
Boise State,2015,Lost First Round,1,0,0,0,0,0,sports-reference
Buffalo,2015,Lost Second Round,1,0,0,0,0,0,sports-reference
Butler,2015,Lost Third Round,1,0,0,0,0,0,sports-reference
Cincinnati,2015,Lost Third Round,1,0,0,0,0,0,sports-reference
Coastal Carolina,2015,Lost Second Round,1,0,0,0,0,0,sports-reference
Davidson,2015,Lost Second Round,1,0,0,0,0,0,sports-reference
Dayton,2015,Lost Third Round,1,0,0,0,0,0,sports-reference
Duke,2015,Won National Final,1,1,1,1,1,0,sports-reference
Eastern Washington,2015,Lost Second Round,1,0,0,0,0,0,sports-reference
Georgetown,2015,Lost Third Round,1,0,0,0,0,0,sports-reference
Georgia,2015,Lost Second Round,1,0,0,0,0,0,sports-reference
Georgia State,2015,Lost Third Round,1,0,0,0,0,0,sports-reference
Gonzaga,2015,Lost Regional Final,1,1,1,0,0,0,sports-reference
Hampton,2015,Lost Second Round,1,0,0,0,0,0,sports-reference
Harvard,2015,Lost Second Round,1,0,0,0,0,0,sports-reference
Indiana,2015,Lost Second Round,1,0,0,0,0,0,sports-reference
Iowa,2015,Lost Third Round,1,0,0,0,0,0,sports-reference
Iowa State,2015,Lost Second Round,1,0,0,0,0,0,sports-reference
Kansas,2015,Lost Third Round,1,0,0,0,0,0,sports-reference
Kentucky,2015,Lost National Semifinal,1,1,1,1,0,0,sports-reference
LSU,2015,Lost Second Round,1,0,0,0,0,0,sports-reference
Lafayette,2015,Lost Second Round,1,0,0,0,0,0,sports-reference
Louisville,2015,Lost Regional Final,1,1,1,0,0,1,sports-reference
Manhattan,2015,Lost First Round,1,0,0,0,0,0,sports-reference
Maryland,2015,Lost Third Round,1,0,0,0,0,0,sports-reference
Michigan State,2015,Lost National Semifinal,1,1,1,1,0,0,sports-reference
NC State,2015,Lost Regional Semifinal,1,1,0,0,0,0,sports-reference
New Mexico State,2015,Lost Second Round,1,0,0,0,0,0,sports-reference
North Carolina,2015,Lost Regional Semifinal,1,1,0,0,0,0,sports-reference
North Dakota State,2015,Lost Second Round,1,0,0,0,0,0,sports-reference
North Florida,2015,Lost First Round,1,0,0,0,0,0,sports-reference
Northeastern,2015,Lost Second Round,1,0,0,0,0,0,sports-reference
Northern Iowa,2015,Lost Third Round,1,0,0,0,0,0,sports-reference
Notre Dame,2015,Lost Regional Final,1,1,1,0,0,0,sports-reference
Ohio State,2015,Lost Third Round,1,0,0,0,0,0,sports-reference
Oklahoma,2015,Lost Regional Semifinal,1,1,0,0,0,0,sports-reference
Oklahoma State,2015,Lost Second Round,1,0,0,0,0,0,sports-reference
Ole Miss,2015,Lost Second Round,1,0,0,0,0,0,sports-reference
Oregon,2015,Lost Third Round,1,0,0,0,0,0,sports-reference
Providence,2015,Lost Second Round,1,0,0,0,0,0,sports-reference
Purdue,2015,Lost Second Round,1,0,0,0,0,0,sports-reference
Robert Morris,2015,Lost Second Round,1,0,0,0,0,0,sports-reference
SMU,2015,Lost Second Round,1,0,0,0,0,0,sports-reference
San Diego State,2015,Lost Third Round,1,0,0,0,0,0,sports-reference
St. John's,2015,Lost Second Round,1,0,0,0,0,0,sports-reference
Stephen F. Austin,2015,Lost Second Round,1,0,0,0,0,0,sports-reference
Texas,2015,Lost Second Round,1,0,0,0,0,0,sports-reference
Texas Southern,2015,Lost Second Round,1,0,0,0,0,0,sports-reference
UAB,2015,Lost Third Round,1,0,0,0,0,0,sports-reference
UC Irvine,2015,Lost Second Round,1,0,0,0,0,0,sports-reference
UCLA,2015,Lost Regional Semifinal,1,1,0,0,0,0,sports-reference
Utah,2015,Lost Regional Semifinal,1,1,0,0,0,0,sports-reference
VCU,2015,Lost Second Round,1,0,0,0,0,0,sports-reference
Valparaiso,2015,Lost Second Round,1,0,0,0,0,0,sports-reference
Villanova,2015,Lost Third Round,1,0,0,0,0,0,sports-reference
Virginia,2015,Lost Third Round,1,0,0,0,0,0,sports-reference
West Virginia,2015,Lost Regional Semifinal,1,1,0,0,0,0,sports-reference
Wichita State,2015,Lost Regional Semifinal,1,1,0,0,0,0,sports-reference
Wisconsin,2015,Lost National Final,1,1,1,1,0,0,sports-reference
Wofford,2015,Lost Second Round,1,0,0,0,0,0,sports-reference
Wyoming,2015,Lost Second Round,1,0,0,0,0,0,sports-reference
Xavier,2015,Lost Regional Semifinal,1,1,0,0,0,0,sports-reference
Arizona,2016,Lost First Round,1,0,0,0,0,0,sports-reference
Austin Peay,2016,Lost First Round,1,0,0,0,0,0,sports-reference
Baylor,2016,Lost First Round,1,0,0,0,0,0,sports-reference
Buffalo,2016,Lost First Round,1,0,0,0,0,0,sports-reference
Butler,2016,Lost Second Round,1,0,0,0,0,0,sports-reference
Cal State Bakersfield,2016,Lost First Round,1,0,0,0,0,0,sports-reference
California,2016,Lost First Round,1,0,0,0,0,0,sports-reference
Chattanooga,2016,Lost First Round,1,0,0,0,0,0,sports-reference
Cincinnati,2016,Lost First Round,1,0,0,0,0,0,sports-reference
Colorado,2016,Lost First Round,1,0,0,0,0,0,sports-reference
Dayton,2016,Lost First Round,1,0,0,0,0,0,sports-reference
Duke,2016,Lost Regional Semifinal,1,1,0,0,0,0,sports-reference
Fairleigh Dickinson,2016,Lost First Four,1,0,0,0,0,0,sports-reference
Florida Gulf Coast,2016,Lost First Round,1,0,0,0,0,0,sports-reference
Fresno State,2016,Lost First Round,1,0,0,0,0,0,sports-reference
Gonzaga,2016,Lost Regional Semifinal,1,1,0,0,0,0,sports-reference
Green Bay,2016,Lost First Round,1,0,0,0,0,0,sports-reference
Hampton,2016,Lost First Round,1,0,0,0,0,0,sports-reference
Hawaii,2016,Lost Second Round,1,0,0,0,0,0,sports-reference
Holy Cross,2016,Lost First Round,1,0,0,0,0,0,sports-reference
Indiana,2016,Lost Regional Semifinal,1,1,0,0,0,0,sports-reference
Iona,2016,Lost First Round,1,0,0,0,0,0,sports-reference
Iowa,2016,Lost Second Round,1,0,0,0,0,0,sports-reference
Iowa State,2016,Lost Regional Semifinal,1,1,0,0,0,0,sports-reference
Kansas,2016,Lost Regional Final,1,1,1,0,0,0,sports-reference
Kentucky,2016,Lost Second Round,1,0,0,0,0,0,sports-reference
Little Rock,2016,Lost Second Round,1,0,0,0,0,0,sports-reference
Maryland,2016,Lost Regional Semifinal,1,1,0,0,0,0,sports-reference
Miami (FL),2016,Lost Regional Semifinal,1,1,0,0,0,0,sports-reference
Michigan,2016,Lost First Round,1,0,0,0,0,0,sports-reference
Michigan State,2016,Lost First Round,1,0,0,0,0,0,sports-reference
Middle Tennessee,2016,Lost Second Round,1,0,0,0,0,0,sports-reference
North Carolina,2016,Lost National Final,1,1,1,1,0,0,sports-reference
Northern Iowa,2016,Lost Second Round,1,0,0,0,0,0,sports-reference
Notre Dame,2016,Lost Regional Final,1,1,1,0,0,0,sports-reference
Oklahoma,2016,Lost National Semifinal,1,1,1,1,0,0,sports-reference
Oregon,2016,Lost Regional Final,1,1,1,0,0,0,sports-reference
Oregon State,2016,Lost First Round,1,0,0,0,0,0,sports-reference
Pittsburgh,2016,Lost First Round,1,0,0,0,0,0,sports-reference
Providence,2016,Lost Second Round,1,0,0,0,0,0,sports-reference
Purdue,2016,Lost First Round,1,0,0,0,0,0,sports-reference
Saint Joseph's,2016,Lost Second Round,1,0,0,0,0,0,sports-reference
Seton Hall,2016,Lost First Round,1,0,0,0,0,0,sports-reference
South Dakota State,2016,Lost First Round,1,0,0,0,0,0,sports-reference
Southern,2016,Lost First Four,1,0,0,0,0,0,sports-reference
Stephen F. Austin,2016,Lost Second Round,1,0,0,0,0,0,sports-reference
Stony Brook,2016,Lost First Round,1,0,0,0,0,0,sports-reference
Syracuse,2016,Lost National Semifinal,1,1,1,1,0,0,sports-reference
Temple,2016,Lost First Round,1,0,0,0,0,0,sports-reference
Texas,2016,Lost First Round,1,0,0,0,0,0,sports-reference
Texas A&M,2016,Lost Regional Semifinal,1,1,0,0,0,0,sports-reference
Texas Tech,2016,Lost First Round,1,0,0,0,0,0,sports-reference
Tulsa,2016,Lost First Four,1,0,0,0,0,0,sports-reference
UConn,2016,Lost Second Round,1,0,0,0,0,0,sports-reference
UNC Asheville,2016,Lost First Round,1,0,0,0,0,0,sports-reference
UNC Wilmington,2016,Lost First Round,1,0,0,0,0,0,sports-reference
USC,2016,Lost First Round,1,0,0,0,0,0,sports-reference
Utah,2016,Lost Second Round,1,0,0,0,0,0,sports-reference
VCU,2016,Lost Second Round,1,0,0,0,0,0,sports-reference
Vanderbilt,2016,Lost First Four,1,0,0,0,0,0,sports-reference
Villanova,2016,Won National Final,1,1,1,1,1,0,sports-reference
Virginia,2016,Lost Regional Final,1,1,1,0,0,0,sports-reference
Weber State,2016,Lost First Round,1,0,0,0,0,0,sports-reference
West Virginia,2016,Lost First Round,1,0,0,0,0,0,sports-reference
Wichita State,2016,Lost Second Round,1,0,0,0,0,0,sports-reference
Wisconsin,2016,Lost Regional Semifinal,1,1,0,0,0,0,sports-reference
Xavier,2016,Lost Second Round,1,0,0,0,0,0,sports-reference
Yale,2016,Lost Second Round,1,0,0,0,0,0,sports-reference
Arizona,2017,Lost Sweet 16,1,1,0,0,0,0,espn
Arkansas,2017,Lost 2nd Round,1,0,0,0,0,0,espn
Baylor,2017,Lost Sweet 16,1,1,0,0,0,0,espn
Bucknell,2017,Lost 1st Round,1,0,0,0,0,0,espn
Butler,2017,Lost Sweet 16,1,1,0,0,0,0,espn
Cincinnati,2017,Lost 2nd Round,1,0,0,0,0,0,espn
Creighton,2017,Lost 1st Round,1,0,0,0,0,0,espn
Dayton,2017,Lost 1st Round,1,0,0,0,0,0,espn
Duke,2017,Lost 2nd Round,1,0,0,0,0,0,espn
East Tennessee State,2017,Lost 1st Round,1,0,0,0,0,0,espn
Florida,2017,Lost Elite 8,1,1,1,0,0,0,espn
Florida Gulf Coast,2017,Lost 1st Round,1,0,0,0,0,0,espn
Florida State,2017,Lost 2nd Round,1,0,0,0,0,0,espn
Gonzaga,2017,Lost National Championship,1,1,1,1,0,0,espn
Iona,2017,Lost 1st Round,1,0,0,0,0,0,espn
Iowa State,2017,Lost 2nd Round,1,0,0,0,0,0,espn
Jacksonville State,2017,Lost 1st Round,1,0,0,0,0,0,espn
Kansas,2017,Lost Elite 8,1,1,1,0,0,0,espn
Kansas State,2017,Lost 1st Round,1,0,0,0,0,0,espn
Kent State,2017,Lost 1st Round,1,0,0,0,0,0,espn
Kentucky,2017,Lost Elite 8,1,1,1,0,0,0,espn
Louisville,2017,Lost 2nd Round,1,0,0,0,0,0,espn
Marquette,2017,Lost 1st Round,1,0,0,0,0,0,espn
Maryland,2017,Lost 1st Round,1,0,0,0,0,0,espn
Miami (FL),2017,Lost 1st Round,1,0,0,0,0,0,espn
Michigan,2017,Lost Sweet 16,1,1,0,0,0,0,espn
Michigan State,2017,Lost 2nd Round,1,0,0,0,0,0,espn
Middle Tennessee,2017,Lost 2nd Round,1,0,0,0,0,0,espn
Minnesota,2017,Lost 1st Round,1,0,0,0,0,0,espn
Mount St. Mary's,2017,Lost 1st Round,1,0,0,0,0,0,espn
Nevada,2017,Lost 1st Round,1,0,0,0,0,0,espn
New Mexico State,2017,Lost 1st Round,1,0,0,0,0,0,espn
North Carolina,2017,Won National Final,1,1,1,1,1,0,espn
North Carolina Central,2017,Lost First Four,1,0,0,0,0,0,espn
North Dakota,2017,Lost 1st Round,1,0,0,0,0,0,espn
Northern Kentucky,2017,Lost 1st Round,1,0,0,0,0,0,espn
Northwestern,2017,Lost 2nd Round,1,0,0,0,0,0,espn
Notre Dame,2017,Lost 2nd Round,1,0,0,0,0,0,espn
Oklahoma State,2017,Lost 1st Round,1,0,0,0,0,0,espn
Oregon,2017,Lost Final Four,1,1,1,1,0,0,espn
Princeton,2017,Lost 1st Round,1,0,0,0,0,0,espn
Providence,2017,Lost First Four,1,0,0,0,0,0,espn
Purdue,2017,Lost Sweet 16,1,1,0,0,0,0,espn
Rhode Island,2017,Lost 2nd Round,1,0,0,0,0,0,espn
SMU,2017,Lost 1st Round,1,0,0,0,0,0,espn
Saint Mary's,2017,Lost 2nd Round,1,0,0,0,0,0,espn
Seton Hall,2017,Lost 1st Round,1,0,0,0,0,0,espn
South Carolina,2017,Lost Final Four,1,1,1,1,0,0,espn
South Dakota State,2017,Lost 1st Round,1,0,0,0,0,0,espn
Texas Southern,2017,Lost 1st Round,1,0,0,0,0,0,espn
Troy,2017,Lost 1st Round,1,0,0,0,0,0,espn
UC Davis,2017,Lost 1st Round,1,0,0,0,0,0,espn
UCLA,2017,Lost Sweet 16,1,1,0,0,0,0,espn
UNC Wilmington,2017,Lost 1st Round,1,0,0,0,0,0,espn
USC,2017,Lost 2nd Round,1,0,0,0,0,0,espn
VCU,2017,Lost 1st Round,1,0,0,0,0,0,espn
Vanderbilt,2017,Lost 1st Round,1,0,0,0,0,0,espn
Vermont,2017,Lost 1st Round,1,0,0,0,0,0,espn
Villanova,2017,Lost 2nd Round,1,0,0,0,0,0,espn
Virginia,2017,Lost 2nd Round,1,0,0,0,0,0,espn
Virginia Tech,2017,Lost 1st Round,1,0,0,0,0,0,espn
West Virginia,2017,Lost Sweet 16,1,1,0,0,0,0,espn
Wichita State,2017,Lost 2nd Round,1,0,0,0,0,0,espn
Winthrop,2017,Lost 1st Round,1,0,0,0,0,0,espn
Wisconsin,2017,Lost Sweet 16,1,1,0,0,0,0,espn
Xavier,2017,Lost Elite 8,1,1,1,0,0,0,espn
Alabama,2018,Lost 2nd Round,1,0,0,0,0,0,espn
Arizona,2018,Lost 1st Round,1,0,0,0,0,0,espn
Arizona State,2018,Lost First Four,1,0,0,0,0,0,espn
Arkansas,2018,Lost 1st Round,1,0,0,0,0,0,espn
Auburn,2018,Lost 2nd Round,1,0,0,0,0,0,espn
Bucknell,2018,Lost 1st Round,1,0,0,0,0,0,espn
Buffalo,2018,Lost 2nd Round,1,0,0,0,0,0,espn
Butler,2018,Lost 2nd Round,1,0,0,0,0,0,espn
Cal State Fullerton,2018,Lost 1st Round,1,0,0,0,0,0,espn
Charleston,2018,Lost 1st Round,1,0,0,0,0,0,espn
Cincinnati,2018,Lost 2nd Round,1,0,0,0,0,0,espn
Clemson,2018,Lost Sweet 16,1,1,0,0,0,0,espn
Creighton,2018,Lost 1st Round,1,0,0,0,0,0,espn
Davidson,2018,Lost 1st Round,1,0,0,0,0,0,espn
Duke,2018,Lost Elite 8,1,1,1,0,0,0,espn
Florida,2018,Lost 2nd Round,1,0,0,0,0,0,espn
Florida State,2018,Lost Elite 8,1,1,1,0,0,0,espn
Georgia State,2018,Lost 1st Round,1,0,0,0,0,0,espn
Gonzaga,2018,Lost Sweet 16,1,1,0,0,0,0,espn
Houston,2018,Lost 2nd Round,1,0,0,0,0,0,espn
Iona,2018,Lost 1st Round,1,0,0,0,0,0,espn
Kansas,2018,Lost Final Four,1,1,1,1,0,0,espn
Kansas State,2018,Lost Elite 8,1,1,1,0,0,0,espn
Kentucky,2018,Lost Sweet 16,1,1,0,0,0,0,espn
LIU,2018,Lost First Four,1,0,0,0,0,0,espn
Lipscomb,2018,Lost 1st Round,1,0,0,0,0,0,espn
Loyola Chicago,2018,Lost Final Four,1,1,1,1,0,0,espn
Marshall,2018,Lost 2nd Round,1,0,0,0,0,0,espn
Miami (FL),2018,Lost 1st Round,1,0,0,0,0,0,espn
Michigan,2018,Lost National Championship,1,1,1,1,0,0,espn
Michigan State,2018,Lost 2nd Round,1,0,0,0,0,0,espn
Missouri,2018,Lost 1st Round,1,0,0,0,0,0,espn
Montana,2018,Lost 1st Round,1,0,0,0,0,0,espn
Murray State,2018,Lost 1st Round,1,0,0,0,0,0,espn
NC State,2018,Lost 1st Round,1,0,0,0,0,0,espn
Nevada,2018,Lost Sweet 16,1,1,0,0,0,0,espn
New Mexico State,2018,Lost 1st Round,1,0,0,0,0,0,espn
North Carolina,2018,Lost 2nd Round,1,0,0,0,0,0,espn
North Carolina Central,2018,Lost First Four,1,0,0,0,0,0,espn
Ohio State,2018,Lost 2nd Round,1,0,0,0,0,0,espn
Oklahoma,2018,Lost 1st Round,1,0,0,0,0,0,espn
Pennsylvania,2018,Lost 1st Round,1,0,0,0,0,0,espn
Providence,2018,Lost 1st Round,1,0,0,0,0,0,espn
Purdue,2018,Lost Sweet 16,1,1,0,0,0,0,espn
Radford,2018,Lost 1st Round,1,0,0,0,0,0,espn
Rhode Island,2018,Lost 2nd Round,1,0,0,0,0,0,espn
San Diego State,2018,Lost 1st Round,1,0,0,0,0,0,espn
Seton Hall,2018,Lost 2nd Round,1,0,0,0,0,0,espn
South Dakota State,2018,Lost 1st Round,1,0,0,0,0,0,espn
St. Bonaventure,2018,Lost 1st Round,1,0,0,0,0,0,espn
Stephen F. Austin,2018,Lost 1st Round,1,0,0,0,0,0,espn
Syracuse,2018,Lost Sweet 16,1,1,0,0,0,0,espn
TCU,2018,Lost 1st Round,1,0,0,0,0,0,espn
Tennessee,2018,Lost 2nd Round,1,0,0,0,0,0,espn
Texas,2018,Lost 1st Round,1,0,0,0,0,0,espn
Texas A&M,2018,Lost Sweet 16,1,1,0,0,0,0,espn
Texas Southern,2018,Lost 1st Round,1,0,0,0,0,0,espn
Texas Tech,2018,Lost Elite 8,1,1,1,0,0,0,espn
UCLA,2018,Lost First Four,1,0,0,0,0,0,espn
UMBC,2018,Lost 2nd Round,1,0,0,0,0,0,espn
UNC Greensboro,2018,Lost 1st Round,1,0,0,0,0,0,espn
Villanova,2018,Won National Final,1,1,1,1,1,0,espn
Virginia,2018,Lost 1st Round,1,0,0,0,0,0,espn
Virginia Tech,2018,Lost 1st Round,1,0,0,0,0,0,espn
West Virginia,2018,Lost Sweet 16,1,1,0,0,0,0,espn
Wichita State,2018,Lost 1st Round,1,0,0,0,0,0,espn
Wright State,2018,Lost 1st Round,1,0,0,0,0,0,espn
Xavier,2018,Lost 2nd Round,1,0,0,0,0,0,espn
Abilene Christian,2019,Lost 1st Round,1,0,0,0,0,0,espn
Arizona State,2019,Lost 1st Round,1,0,0,0,0,0,espn
Auburn,2019,Lost Final Four,1,1,1,1,0,0,espn
Baylor,2019,Lost 2nd Round,1,0,0,0,0,0,espn
Belmont,2019,Lost 1st Round,1,0,0,0,0,0,espn
Bradley,2019,Lost 1st Round,1,0,0,0,0,0,espn
Buffalo,2019,Lost 2nd Round,1,0,0,0,0,0,espn
Cincinnati,2019,Lost 1st Round,1,0,0,0,0,0,espn
Colgate,2019,Lost 1st Round,1,0,0,0,0,0,espn
Duke,2019,Lost Elite 8,1,1,1,0,0,0,espn
Fairleigh Dickinson,2019,Lost 1st Round,1,0,0,0,0,0,espn
Florida,2019,Lost 2nd Round,1,0,0,0,0,0,espn
Florida State,2019,Lost Sweet 16,1,1,0,0,0,0,espn
Gardner-Webb,2019,Lost 1st Round,1,0,0,0,0,0,espn
Georgia State,2019,Lost 1st Round,1,0,0,0,0,0,espn
Gonzaga,2019,Lost Elite 8,1,1,1,0,0,0,espn
Houston,2019,Lost Sweet 16,1,1,0,0,0,0,espn
Iona,2019,Lost 1st Round,1,0,0,0,0,0,espn
Iowa,2019,Lost 2nd Round,1,0,0,0,0,0,espn
Iowa State,2019,Lost 1st Round,1,0,0,0,0,0,espn
Kansas,2019,Lost 2nd Round,1,0,0,0,0,0,espn
Kansas State,2019,Lost 1st Round,1,0,0,0,0,0,espn
Kentucky,2019,Lost Elite 8,1,1,1,0,0,0,espn
LSU,2019,Lost Sweet 16,1,1,0,0,0,0,espn
Liberty,2019,Lost 2nd Round,1,0,0,0,0,0,espn
Louisville,2019,Lost 1st Round,1,0,0,0,0,0,espn
Marquette,2019,Lost 1st Round,1,0,0,0,0,0,espn
Maryland,2019,Lost 2nd Round,1,0,0,0,0,0,espn
Michigan,2019,Lost Sweet 16,1,1,0,0,0,0,espn
Michigan State,2019,Lost Final Four,1,1,1,1,0,0,espn
Minnesota,2019,Lost 2nd Round,1,0,0,0,0,0,espn
Mississippi State,2019,Lost 1st Round,1,0,0,0,0,0,espn
Montana,2019,Lost 1st Round,1,0,0,0,0,0,espn
Murray State,2019,Lost 2nd Round,1,0,0,0,0,0,espn
Nevada,2019,Lost 1st Round,1,0,0,0,0,0,espn
New Mexico State,2019,Lost 1st Round,1,0,0,0,0,0,espn
North Carolina,2019,Lost Sweet 16,1,1,0,0,0,0,espn
North Carolina Central,2019,Lost First Four,1,0,0,0,0,0,espn
North Dakota State,2019,Lost 1st Round,1,0,0,0,0,0,espn
Northeastern,2019,Lost 1st Round,1,0,0,0,0,0,espn
Northern Kentucky,2019,Lost 1st Round,1,0,0,0,0,0,espn
Ohio State,2019,Lost 2nd Round,1,0,0,0,0,0,espn
Oklahoma,2019,Lost 2nd Round,1,0,0,0,0,0,espn
Old Dominion,2019,Lost 1st Round,1,0,0,0,0,0,espn
Ole Miss,2019,Lost 1st Round,1,0,0,0,0,0,espn
Oregon,2019,Lost Sweet 16,1,1,0,0,0,0,espn
Prairie View A&M,2019,Lost First Four,1,0,0,0,0,0,espn
Purdue,2019,Lost Elite 8,1,1,1,0,0,0,espn
Saint Louis,2019,Lost 1st Round,1,0,0,0,0,0,espn
Saint Mary's,2019,Lost 1st Round,1,0,0,0,0,0,espn
Seton Hall,2019,Lost 1st Round,1,0,0,0,0,0,espn
St. John's,2019,Lost First Four,1,0,0,0,0,0,espn
Syracuse,2019,Lost 1st Round,1,0,0,0,0,0,espn
Temple,2019,Lost First Four,1,0,0,0,0,0,espn
Tennessee,2019,Lost Sweet 16,1,1,0,0,0,0,espn
Texas Tech,2019,Lost National Championship,1,1,1,1,0,0,espn
UC Irvine,2019,Lost 2nd Round,1,0,0,0,0,0,espn
UCF,2019,Lost 2nd Round,1,0,0,0,0,0,espn
Utah State,2019,Lost 1st Round,1,0,0,0,0,0,espn
VCU,2019,Lost 1st Round,1,0,0,0,0,0,espn
Vermont,2019,Lost 1st Round,1,0,0,0,0,0,espn
Villanova,2019,Lost 2nd Round,1,0,0,0,0,0,espn
Virginia,2019,Won National Final,1,1,1,1,1,0,espn
Virginia Tech,2019,Lost Sweet 16,1,1,0,0,0,0,espn
Washington,2019,Lost 2nd Round,1,0,0,0,0,0,espn
Wisconsin,2019,Lost 1st Round,1,0,0,0,0,0,espn
Wofford,2019,Lost 2nd Round,1,0,0,0,0,0,espn
Yale,2019,Lost 1st Round,1,0,0,0,0,0,espn
Abilene Christian,2021,Lost 2nd Round,1,0,0,0,0,0,espn
Alabama,2021,Lost Sweet 16,1,1,0,0,0,0,espn
Appalachian State,2021,Lost First Four,1,0,0,0,0,0,espn
Arkansas,2021,Lost Elite 8,1,1,1,0,0,0,espn
BYU,2021,Lost 1st Round,1,0,0,0,0,0,espn
Baylor,2021,Won National Final,1,1,1,1,1,0,espn
Clemson,2021,Lost 1st Round,1,0,0,0,0,0,espn
Cleveland State,2021,Lost 1st Round,1,0,0,0,0,0,espn
Colgate,2021,Lost 1st Round,1,0,0,0,0,0,espn
Colorado,2021,Lost 2nd Round,1,0,0,0,0,0,espn
Creighton,2021,Lost Sweet 16,1,1,0,0,0,0,espn
Drake,2021,Lost 1st Round,1,0,0,0,0,0,espn
Drexel,2021,Lost 1st Round,1,0,0,0,0,0,espn
Eastern Washington,2021,Lost 1st Round,1,0,0,0,0,0,espn
Florida,2021,Lost 2nd Round,1,0,0,0,0,0,espn
Florida State,2021,Lost Sweet 16,1,1,0,0,0,0,espn
Georgetown,2021,Lost 1st Round,1,0,0,0,0,0,espn
Georgia Tech,2021,Lost 1st Round,1,0,0,0,0,0,espn
Gonzaga,2021,Lost National Championship,1,1,1,1,0,0,espn
Grand Canyon,2021,Lost 1st Round,1,0,0,0,0,0,espn
Houston,2021,Lost Final Four,1,1,1,1,0,0,espn
Illinois,2021,Lost 2nd Round,1,0,0,0,0,0,espn
Iona,2021,Lost 1st Round,1,0,0,0,0,0,espn
Iowa,2021,Lost 2nd Round,1,0,0,0,0,0,espn
Kansas,2021,Lost 2nd Round,1,0,0,0,0,0,espn
LSU,2021,Lost 2nd Round,1,0,0,0,0,0,espn
Liberty,2021,Lost 1st Round,1,0,0,0,0,0,espn
Loyola Chicago,2021,Lost Sweet 16,1,1,0,0,0,0,espn
Maryland,2021,Lost 2nd Round,1,0,0,0,0,0,espn
Michigan,2021,Lost Elite 8,1,1,1,0,0,0,espn
Michigan State,2021,Lost First Four,1,0,0,0,0,0,espn
Missouri,2021,Lost 1st Round,1,0,0,0,0,0,espn
Morehead State,2021,Lost 1st Round,1,0,0,0,0,0,espn
Mount St. Mary's,2021,Lost First Four,1,0,0,0,0,0,espn
Norfolk State,2021,Lost 1st Round,1,0,0,0,0,0,espn
North Carolina,2021,Lost 1st Round,1,0,0,0,0,0,espn
North Texas,2021,Lost 2nd Round,1,0,0,0,0,0,espn
Ohio,2021,Lost 2nd Round,1,0,0,0,0,0,espn
Ohio State,2021,Lost 1st Round,1,0,0,0,0,0,espn
Oklahoma,2021,Lost 2nd Round,1,0,0,0,0,0,espn
Oklahoma State,2021,Lost 2nd Round,1,0,0,0,0,0,espn
Oral Roberts,2021,Lost Sweet 16,1,1,0,0,0,0,espn
Oregon,2021,Lost Sweet 16,1,1,0,0,0,0,espn
Oregon State,2021,Lost Elite 8,1,1,1,0,0,0,espn
Purdue,2021,Lost 1st Round,1,0,0,0,0,0,espn
Rutgers,2021,Lost 2nd Round,1,0,0,0,0,0,espn
San Diego State,2021,Lost 1st Round,1,0,0,0,0,0,espn
St. Bonaventure,2021,Lost 1st Round,1,0,0,0,0,0,espn
Syracuse,2021,Lost Sweet 16,1,1,0,0,0,0,espn
Tennessee,2021,Lost 1st Round,1,0,0,0,0,0,espn
Texas,2021,Lost 1st Round,1,0,0,0,0,0,espn
Texas Southern,2021,Lost 1st Round,1,0,0,0,0,0,espn
Texas Tech,2021,Lost 2nd Round,1,0,0,0,0,0,espn
UC Santa Barbara,2021,Lost 1st Round,1,0,0,0,0,0,espn
UCLA,2021,Lost Final Four,1,1,1,1,0,0,espn
UConn,2021,Lost 1st Round,1,0,0,0,0,0,espn
UNC Greensboro,2021,Lost 1st Round,1,0,0,0,0,0,espn
USC,2021,Lost Elite 8,1,1,1,0,0,0,espn
Utah State,2021,Lost 1st Round,1,0,0,0,0,0,espn
Villanova,2021,Lost Sweet 16,1,1,0,0,0,0,espn
Virginia,2021,Lost 1st Round,1,0,0,0,0,0,espn
Virginia Tech,2021,Lost 1st Round,1,0,0,0,0,0,espn
West Virginia,2021,Lost 2nd Round,1,0,0,0,0,0,espn
Wichita State,2021,Lost First Four,1,0,0,0,0,0,espn
Winthrop,2021,Lost 1st Round,1,0,0,0,0,0,espn
Wisconsin,2021,Lost 2nd Round,1,0,0,0,0,0,espn
Akron,2022,Lost 1st Round,1,0,0,0,0,0,espn
Alabama,2022,Lost 1st Round,1,0,0,0,0,0,espn
Arizona,2022,Lost Sweet 16,1,1,0,0,0,0,espn
Arkansas,2022,Lost Elite 8,1,1,1,0,0,0,espn
Auburn,2022,Lost 2nd Round,1,0,0,0,0,0,espn
Baylor,2022,Lost 2nd Round,1,0,0,0,0,0,espn
Boise State,2022,Lost 1st Round,1,0,0,0,0,0,espn
Bryant,2022,Lost First Four,1,0,0,0,0,0,espn
Cal State Fullerton,2022,Lost 1st Round,1,0,0,0,0,0,espn
Chattanooga,2022,Lost 1st Round,1,0,0,0,0,0,espn
Colgate,2022,Lost 1st Round,1,0,0,0,0,0,espn
Colorado State,2022,Lost 1st Round,1,0,0,0,0,0,espn
Creighton,2022,Lost 2nd Round,1,0,0,0,0,0,espn
Davidson,2022,Lost 1st Round,1,0,0,0,0,0,espn
Delaware,2022,Lost 1st Round,1,0,0,0,0,0,espn
Duke,2022,Lost Final Four,1,1,1,1,0,0,espn
Georgia State,2022,Lost 1st Round,1,0,0,0,0,0,espn
Gonzaga,2022,Lost Sweet 16,1,1,0,0,0,0,espn
Houston,2022,Lost Elite 8,1,1,1,0,0,0,espn
Illinois,2022,Lost 2nd Round,1,0,0,0,0,0,espn
Indiana,2022,Lost 1st Round,1,0,0,0,0,0,espn
Iowa,2022,Lost 1st Round,1,0,0,0,0,0,espn
Iowa State,2022,Lost Sweet 16,1,1,0,0,0,0,espn
Jacksonville State,2022,Lost 1st Round,1,0,0,0,0,0,espn
Kansas,2022,Won National Final,1,1,1,1,1,0,espn
Kentucky,2022,Lost 1st Round,1,0,0,0,0,0,espn
LSU,2022,Lost 1st Round,1,0,0,0,0,0,espn
Longwood,2022,Lost 1st Round,1,0,0,0,0,0,espn
Loyola Chicago,2022,Lost 1st Round,1,0,0,0,0,0,espn
Marquette,2022,Lost 1st Round,1,0,0,0,0,0,espn
Memphis,2022,Lost 2nd Round,1,0,0,0,0,0,espn
Miami (FL),2022,Lost Elite 8,1,1,1,0,0,0,espn
Michigan,2022,Lost Sweet 16,1,1,0,0,0,0,espn
Michigan State,2022,Lost 2nd Round,1,0,0,0,0,0,espn
Montana State,2022,Lost 1st Round,1,0,0,0,0,0,espn
Murray State,2022,Lost 2nd Round,1,0,0,0,0,0,espn
New Mexico State,2022,Lost 2nd Round,1,0,0,0,0,0,espn
Norfolk State,2022,Lost 1st Round,1,0,0,0,0,0,espn
North Carolina,2022,Lost National Championship,1,1,1,1,0,0,espn
Notre Dame,2022,Lost 2nd Round,1,0,0,0,0,0,espn
Ohio State,2022,Lost 2nd Round,1,0,0,0,0,0,espn
Providence,2022,Lost Sweet 16,1,1,0,0,0,0,espn
Purdue,2022,Lost Sweet 16,1,1,0,0,0,0,espn
Richmond,2022,Lost 2nd Round,1,0,0,0,0,0,espn
Rutgers,2022,Lost First Four,1,0,0,0,0,0,espn
Saint Mary's,2022,Lost 2nd Round,1,0,0,0,0,0,espn
Saint Peter's,2022,Lost Elite 8,1,1,1,0,0,0,espn
San Diego State,2022,Lost 1st Round,1,0,0,0,0,0,espn
San Francisco,2022,Lost 1st Round,1,0,0,0,0,0,espn
Seton Hall,2022,Lost 1st Round,1,0,0,0,0,0,espn
South Dakota State,2022,Lost 1st Round,1,0,0,0,0,0,espn
TCU,2022,Lost 2nd Round,1,0,0,0,0,0,espn
Tennessee,2022,Lost 2nd Round,1,0,0,0,0,0,espn
Texas,2022,Lost 2nd Round,1,0,0,0,0,0,espn
Texas A&M-Corpus Christi,2022,Lost First Four,1,0,0,0,0,0,espn
Texas Southern,2022,Lost 1st Round,1,0,0,0,0,0,espn
Texas Tech,2022,Lost Sweet 16,1,1,0,0,0,0,espn
UAB,2022,Lost 1st Round,1,0,0,0,0,0,espn
UCLA,2022,Lost Sweet 16,1,1,0,0,0,0,espn
UConn,2022,Lost 1st Round,1,0,0,0,0,0,espn
USC,2022,Lost 1st Round,1,0,0,0,0,0,espn
Vermont,2022,Lost 1st Round,1,0,0,0,0,0,espn
Villanova,2022,Lost Final Four,1,1,1,1,0,0,espn
Virginia Tech,2022,Lost 1st Round,1,0,0,0,0,0,espn
Wisconsin,2022,Lost 2nd Round,1,0,0,0,0,0,espn
Wright State,2022,Lost 1st Round,1,0,0,0,0,0,espn
Wyoming,2022,Lost First Four,1,0,0,0,0,0,espn
Yale,2022,Lost 1st Round,1,0,0,0,0,0,espn
Alabama,2023,Lost Sweet 16,1,1,0,0,0,0,espn
Arizona,2023,Lost 1st Round,1,0,0,0,0,0,espn
Arizona State,2023,Lost 1st Round,1,0,0,0,0,0,espn
Arkansas,2023,Lost Sweet 16,1,1,0,0,0,0,espn
Auburn,2023,Lost 2nd Round,1,0,0,0,0,0,espn
Baylor,2023,Lost 2nd Round,1,0,0,0,0,0,espn
Boise State,2023,Lost 1st Round,1,0,0,0,0,0,espn
Charleston,2023,Lost 1st Round,1,0,0,0,0,0,espn
Colgate,2023,Lost 1st Round,1,0,0,0,0,0,espn
Creighton,2023,Lost Elite 8,1,1,1,0,0,0,espn
Drake,2023,Lost 1st Round,1,0,0,0,0,0,espn
Duke,2023,Lost 2nd Round,1,0,0,0,0,0,espn
Fairleigh Dickinson,2023,Lost 2nd Round,1,0,0,0,0,0,espn
Florida Atlantic,2023,Lost Final Four,1,1,1,1,0,0,espn
Furman,2023,Lost 2nd Round,1,0,0,0,0,0,espn
Gonzaga,2023,Lost Elite 8,1,1,1,0,0,0,espn
Grand Canyon,2023,Lost 1st Round,1,0,0,0,0,0,espn
Houston,2023,Lost Sweet 16,1,1,0,0,0,0,espn
Howard,2023,Lost 1st Round,1,0,0,0,0,0,espn
Illinois,2023,Lost 1st Round,1,0,0,0,0,0,espn
Indiana,2023,Lost 2nd Round,1,0,0,0,0,0,espn
Iona,2023,Lost 1st Round,1,0,0,0,0,0,espn
Iowa,2023,Lost 1st Round,1,0,0,0,0,0,espn
Iowa State,2023,Lost 1st Round,1,0,0,0,0,0,espn
Kansas,2023,Lost 2nd Round,1,0,0,0,0,0,espn
Kansas State,2023,Lost Elite 8,1,1,1,0,0,0,espn
Kennesaw State,2023,Lost 1st Round,1,0,0,0,0,0,espn
Kent State,2023,Lost 1st Round,1,0,0,0,0,0,espn
Kentucky,2023,Lost 2nd Round,1,0,0,0,0,0,espn
Louisiana,2023,Lost 1st Round,1,0,0,0,0,0,espn
Marquette,2023,Lost 2nd Round,1,0,0,0,0,0,espn
Maryland,2023,Lost 2nd Round,1,0,0,0,0,0,espn
Memphis,2023,Lost 1st Round,1,0,0,0,0,0,espn
Miami (FL),2023,Lost Final Four,1,1,1,1,0,0,espn
Michigan State,2023,Lost Sweet 16,1,1,0,0,0,0,espn
Mississippi State,2023,Lost First Four,1,0,0,0,0,0,espn
Missouri,2023,Lost 2nd Round,1,0,0,0,0,0,espn
Montana State,2023,Lost 1st Round,1,0,0,0,0,0,espn
NC State,2023,Lost 1st Round,1,0,0,0,0,0,espn
Nevada,2023,Lost First Four,1,0,0,0,0,0,espn
Northern Kentucky,2023,Lost 1st Round,1,0,0,0,0,0,espn
Northwestern,2023,Lost 2nd Round,1,0,0,0,0,0,espn
Oral Roberts,2023,Lost 1st Round,1,0,0,0,0,0,espn
Penn State,2023,Lost 2nd Round,1,0,0,0,0,0,espn
Pittsburgh,2023,Lost 2nd Round,1,0,0,0,0,0,espn
Princeton,2023,Lost Sweet 16,1,1,0,0,0,0,espn
Providence,2023,Lost 1st Round,1,0,0,0,0,0,espn
Purdue,2023,Lost 1st Round,1,0,0,0,0,0,espn
Saint Mary's,2023,Lost 2nd Round,1,0,0,0,0,0,espn
San Diego State,2023,Lost National Championship,1,1,1,1,0,0,espn
Southeast Missouri State,2023,Lost First Four,1,0,0,0,0,0,espn
TCU,2023,Lost 2nd Round,1,0,0,0,0,0,espn
Tennessee,2023,Lost Sweet 16,1,1,0,0,0,0,espn
Texas,2023,Lost Elite 8,1,1,1,0,0,0,espn
Texas A&M,2023,Lost 1st Round,1,0,0,0,0,0,espn
Texas A&M-Corpus Christi,2023,Lost 1st Round,1,0,0,0,0,0,espn
Texas Southern,2023,Lost First Four,1,0,0,0,0,0,espn
UC Santa Barbara,2023,Lost 1st Round,1,0,0,0,0,0,espn
UCLA,2023,Lost Sweet 16,1,1,0,0,0,0,espn
UConn,2023,Won National Final,1,1,1,1,1,0,espn
UNC Asheville,2023,Lost 1st Round,1,0,0,0,0,0,espn
USC,2023,Lost 1st Round,1,0,0,0,0,0,espn
Utah State,2023,Lost 1st Round,1,0,0,0,0,0,espn
VCU,2023,Lost 1st Round,1,0,0,0,0,0,espn
Vermont,2023,Lost 1st Round,1,0,0,0,0,0,espn
Virginia,2023,Lost 1st Round,1,0,0,0,0,0,espn
West Virginia,2023,Lost 1st Round,1,0,0,0,0,0,espn
Xavier,2023,Lost Sweet 16,1,1,0,0,0,0,espn
Akron,2024,Lost 1st Round,1,0,0,0,0,0,espn
Alabama,2024,Lost Final Four,1,1,1,1,0,0,espn
Arizona,2024,Lost Sweet 16,1,1,0,0,0,0,espn
Auburn,2024,Lost 1st Round,1,0,0,0,0,0,espn
BYU,2024,Lost 1st Round,1,0,0,0,0,0,espn
Baylor,2024,Lost 2nd Round,1,0,0,0,0,0,espn
Boise State,2024,Lost First Four,1,0,0,0,0,0,espn
Charleston,2024,Lost 1st Round,1,0,0,0,0,0,espn
Clemson,2024,Lost Elite 8,1,1,1,0,0,0,espn
Colgate,2024,Lost 1st Round,1,0,0,0,0,0,espn
Colorado,2024,Lost 2nd Round,1,0,0,0,0,0,espn
Colorado State,2024,Lost 1st Round,1,0,0,0,0,0,espn
Creighton,2024,Lost Sweet 16,1,1,0,0,0,0,espn
Dayton,2024,Lost 2nd Round,1,0,0,0,0,0,espn
Drake,2024,Lost 1st Round,1,0,0,0,0,0,espn
Duke,2024,Lost Elite 8,1,1,1,0,0,0,espn
Duquesne,2024,Lost 2nd Round,1,0,0,0,0,0,espn
Florida,2024,Lost 1st Round,1,0,0,0,0,0,espn
Florida Atlantic,2024,Lost 1st Round,1,0,0,0,0,0,espn
Gonzaga,2024,Lost Sweet 16,1,1,0,0,0,0,espn
Grambling,2024,Lost 1st Round,1,0,0,0,0,0,espn
Grand Canyon,2024,Lost 2nd Round,1,0,0,0,0,0,espn
Houston,2024,Lost Sweet 16,1,1,0,0,0,0,espn
Howard,2024,Lost First Four,1,0,0,0,0,0,espn
Illinois,2024,Lost Elite 8,1,1,1,0,0,0,espn
Iowa State,2024,Lost Sweet 16,1,1,0,0,0,0,espn
James Madison,2024,Lost 2nd Round,1,0,0,0,0,0,espn
Kansas,2024,Lost 2nd Round,1,0,0,0,0,0,espn
Kentucky,2024,Lost 1st Round,1,0,0,0,0,0,espn
Long Beach State,2024,Lost 1st Round,1,0,0,0,0,0,espn
Longwood,2024,Lost 1st Round,1,0,0,0,0,0,espn
Marquette,2024,Lost Sweet 16,1,1,0,0,0,0,espn
McNeese,2024,Lost 1st Round,1,0,0,0,0,0,espn
Michigan State,2024,Lost 2nd Round,1,0,0,0,0,0,espn
Mississippi State,2024,Lost 1st Round,1,0,0,0,0,0,espn
Montana State,2024,Lost First Four,1,0,0,0,0,0,espn
Morehead State,2024,Lost 1st Round,1,0,0,0,0,0,espn
NC State,2024,Lost Final Four,1,1,1,1,0,0,espn
Nebraska,2024,Lost 1st Round,1,0,0,0,0,0,espn
Nevada,2024,Lost 1st Round,1,0,0,0,0,0,espn
New Mexico,2024,Lost 1st Round,1,0,0,0,0,0,espn
North Carolina,2024,Lost Sweet 16,1,1,0,0,0,0,espn
Northwestern,2024,Lost 2nd Round,1,0,0,0,0,0,espn
Oakland,2024,Lost 2nd Round,1,0,0,0,0,0,espn
Oregon,2024,Lost 2nd Round,1,0,0,0,0,0,espn
Purdue,2024,Lost National Championship,1,1,1,1,0,0,espn
Saint Mary's,2024,Lost 1st Round,1,0,0,0,0,0,espn
Saint Peter's,2024,Lost 1st Round,1,0,0,0,0,0,espn
Samford,2024,Lost 1st Round,1,0,0,0,0,0,espn
San Diego State,2024,Lost Sweet 16,1,1,0,0,0,0,espn
South Carolina,2024,Lost 1st Round,1,0,0,0,0,0,espn
South Dakota State,2024,Lost 1st Round,1,0,0,0,0,0,espn
Stetson,2024,Lost 1st Round,1,0,0,0,0,0,espn
TCU,2024,Lost 1st Round,1,0,0,0,0,0,espn
Tennessee,2024,Lost Elite 8,1,1,1,0,0,0,espn
Texas,2024,Lost 2nd Round,1,0,0,0,0,0,espn
Texas A&M,2024,Lost 2nd Round,1,0,0,0,0,0,espn
Texas Tech,2024,Lost 1st Round,1,0,0,0,0,0,espn
UAB,2024,Lost 1st Round,1,0,0,0,0,0,espn
UConn,2024,Won National Final,1,1,1,1,1,0,espn
Utah State,2024,Lost 2nd Round,1,0,0,0,0,0,espn
Vermont,2024,Lost 1st Round,1,0,0,0,0,0,espn
Virginia,2024,Lost First Four,1,0,0,0,0,0,espn
Wagner,2024,Lost 1st Round,1,0,0,0,0,0,espn
Washington State,2024,Lost 2nd Round,1,0,0,0,0,0,espn
Western Kentucky,2024,Lost 1st Round,1,0,0,0,0,0,espn
Wisconsin,2024,Lost 1st Round,1,0,0,0,0,0,espn
Yale,2024,Lost 2nd Round,1,0,0,0,0,0,espn
Akron,2025,Lost 1st Round,1,0,0,0,0,0,espn
Alabama,2025,Lost Elite 8,1,1,1,0,0,0,espn
Alabama State,2025,Lost 1st Round,1,0,0,0,0,0,espn
American,2025,Lost First Four,1,0,0,0,0,0,espn
Arizona,2025,Lost Sweet 16,1,1,0,0,0,0,espn
Arkansas,2025,Lost Sweet 16,1,1,0,0,0,0,espn
Auburn,2025,Lost Final Four,1,1,1,1,0,0,espn
BYU,2025,Lost Sweet 16,1,1,0,0,0,0,espn
Baylor,2025,Lost 2nd Round,1,0,0,0,0,0,espn
Bryant,2025,Lost 1st Round,1,0,0,0,0,0,espn
Clemson,2025,Lost 1st Round,1,0,0,0,0,0,espn
Colorado State,2025,Lost 2nd Round,1,0,0,0,0,0,espn
Creighton,2025,Lost 2nd Round,1,0,0,0,0,0,espn
Drake,2025,Lost 2nd Round,1,0,0,0,0,0,espn
Duke,2025,Lost Final Four,1,1,1,1,0,0,espn
Florida,2025,Won National Final,1,1,1,1,1,0,espn
Georgia,2025,Lost 1st Round,1,0,0,0,0,0,espn
Gonzaga,2025,Lost 2nd Round,1,0,0,0,0,0,espn
Grand Canyon,2025,Lost 1st Round,1,0,0,0,0,0,espn
High Point,2025,Lost 1st Round,1,0,0,0,0,0,espn
Houston,2025,Lost National Championship,1,1,1,1,0,0,espn
Illinois,2025,Lost 2nd Round,1,0,0,0,0,0,espn
Iowa State,2025,Lost 2nd Round,1,0,0,0,0,0,espn
Kansas,2025,Lost 1st Round,1,0,0,0,0,0,espn
Kentucky,2025,Lost Sweet 16,1,1,0,0,0,0,espn
Liberty,2025,Lost 1st Round,1,0,0,0,0,0,espn
Lipscomb,2025,Lost 1st Round,1,0,0,0,0,0,espn
Louisville,2025,Lost 1st Round,1,0,0,0,0,0,espn
Marquette,2025,Lost 1st Round,1,0,0,0,0,0,espn
Maryland,2025,Lost Sweet 16,1,1,0,0,0,0,espn
McNeese,2025,Lost 2nd Round,1,0,0,0,0,0,espn
Memphis,2025,Lost 1st Round,1,0,0,0,0,0,espn
Michigan,2025,Lost Sweet 16,1,1,0,0,0,0,espn
Michigan State,2025,Lost Elite 8,1,1,1,0,0,0,espn
Mississippi State,2025,Lost 1st Round,1,0,0,0,0,0,espn
Missouri,2025,Lost 1st Round,1,0,0,0,0,0,espn
Montana,2025,Lost 1st Round,1,0,0,0,0,0,espn
Mount St. Mary's,2025,Lost 1st Round,1,0,0,0,0,0,espn
New Mexico,2025,Lost 2nd Round,1,0,0,0,0,0,espn
Norfolk State,2025,Lost 1st Round,1,0,0,0,0,0,espn
North Carolina,2025,Lost 1st Round,1,0,0,0,0,0,espn
Oklahoma,2025,Lost 1st Round,1,0,0,0,0,0,espn
Ole Miss,2025,Lost Sweet 16,1,1,0,0,0,0,espn
Omaha,2025,Lost 1st Round,1,0,0,0,0,0,espn
Oregon,2025,Lost 2nd Round,1,0,0,0,0,0,espn
Purdue,2025,Lost Sweet 16,1,1,0,0,0,0,espn
Robert Morris,2025,Lost 1st Round,1,0,0,0,0,0,espn
SIU Edwardsville,2025,Lost 1st Round,1,0,0,0,0,0,espn
Saint Francis,2025,Lost First Four,1,0,0,0,0,0,espn
Saint Mary's,2025,Lost 2nd Round,1,0,0,0,0,0,espn
San Diego State,2025,Lost First Four,1,0,0,0,0,0,espn
St. John's,2025,Lost 2nd Round,1,0,0,0,0,0,espn
Tennessee,2025,Lost Elite 8,1,1,1,0,0,0,espn
Texas,2025,Lost First Four,1,0,0,0,0,0,espn
Texas A&M,2025,Lost 2nd Round,1,0,0,0,0,0,espn
Texas Tech,2025,Lost Elite 8,1,1,1,0,0,0,espn
Troy,2025,Lost 1st Round,1,0,0,0,0,0,espn
UC San Diego,2025,Lost 1st Round,1,0,0,0,0,0,espn
UCLA,2025,Lost 2nd Round,1,0,0,0,0,0,espn
UConn,2025,Lost 2nd Round,1,0,0,0,0,0,espn
UNC Wilmington,2025,Lost 1st Round,1,0,0,0,0,0,espn
Utah State,2025,Lost 1st Round,1,0,0,0,0,0,espn
VCU,2025,Lost 1st Round,1,0,0,0,0,0,espn
Vanderbilt,2025,Lost 1st Round,1,0,0,0,0,0,espn
Wisconsin,2025,Lost 2nd Round,1,0,0,0,0,0,espn
Wofford,2025,Lost 1st Round,1,0,0,0,0,0,espn
Xavier,2025,Lost 1st Round,1,0,0,0,0,0,espn
Yale,2025,Lost 1st Round,1,0,0,0,0,0,espn
Akron,2026,Lost 1st Round,1,0,0,0,0,0,espn
Alabama,2026,Lost Sweet 16,1,1,0,0,0,0,espn
Arizona,2026,Lost Final Four,1,1,1,1,0,0,espn
Arkansas,2026,Lost Sweet 16,1,1,0,0,0,0,espn
BYU,2026,Lost 1st Round,1,0,0,0,0,0,espn
California Baptist,2026,Lost 1st Round,1,0,0,0,0,0,espn
Clemson,2026,Lost 1st Round,1,0,0,0,0,0,espn
Duke,2026,Lost Elite 8,1,1,1,0,0,0,espn
Florida,2026,Lost 2nd Round,1,0,0,0,0,0,espn
Furman,2026,Lost 1st Round,1,0,0,0,0,0,espn
Georgia,2026,Lost 1st Round,1,0,0,0,0,0,espn
Gonzaga,2026,Lost 2nd Round,1,0,0,0,0,0,espn
Hawaii,2026,Lost 1st Round,1,0,0,0,0,0,espn
High Point,2026,Lost 2nd Round,1,0,0,0,0,0,espn
Hofstra,2026,Lost 1st Round,1,0,0,0,0,0,espn
Houston,2026,Lost Sweet 16,1,1,0,0,0,0,espn
Howard,2026,Lost 1st Round,1,0,0,0,0,0,espn
Idaho,2026,Lost 1st Round,1,0,0,0,0,0,espn
Illinois,2026,Lost Final Four,1,1,1,1,0,0,espn
Iowa,2026,Lost Elite 8,1,1,1,0,0,0,espn
Iowa State,2026,Lost Sweet 16,1,1,0,0,0,0,espn
Kansas,2026,Lost 2nd Round,1,0,0,0,0,0,espn
Kennesaw State,2026,Lost 1st Round,1,0,0,0,0,0,espn
Kentucky,2026,Lost 2nd Round,1,0,0,0,0,0,espn
LIU,2026,Lost 1st Round,1,0,0,0,0,0,espn
Lehigh,2026,Lost First Four,1,0,0,0,0,0,espn
Louisville,2026,Lost 2nd Round,1,0,0,0,0,0,espn
McNeese,2026,Lost 1st Round,1,0,0,0,0,0,espn
Miami (FL),2026,Lost 2nd Round,1,0,0,0,0,0,espn
Miami (OH),2026,Lost 1st Round,1,0,0,0,0,0,espn
Michigan,2026,Won National Final,1,1,1,1,1,0,espn
Michigan State,2026,Lost Sweet 16,1,1,0,0,0,0,espn
Missouri,2026,Lost 1st Round,1,0,0,0,0,0,espn
NC State,2026,Lost First Four,1,0,0,0,0,0,espn
Nebraska,2026,Lost Sweet 16,1,1,0,0,0,0,espn
North Carolina,2026,Lost 1st Round,1,0,0,0,0,0,espn
North Dakota State,2026,Lost 1st Round,1,0,0,0,0,0,espn
Northern Iowa,2026,Lost 1st Round,1,0,0,0,0,0,espn
Ohio State,2026,Lost 1st Round,1,0,0,0,0,0,espn
Pennsylvania,2026,Lost 1st Round,1,0,0,0,0,0,espn
Prairie View A&M,2026,Lost 1st Round,1,0,0,0,0,0,espn
Purdue,2026,Lost Elite 8,1,1,1,0,0,0,espn
Queens,2026,Lost 1st Round,1,0,0,0,0,0,espn
SMU,2026,Lost First Four,1,0,0,0,0,0,espn
Saint Louis,2026,Lost 2nd Round,1,0,0,0,0,0,espn
Saint Mary's,2026,Lost 1st Round,1,0,0,0,0,0,espn
Santa Clara,2026,Lost 1st Round,1,0,0,0,0,0,espn
Siena,2026,Lost 1st Round,1,0,0,0,0,0,espn
South Florida,2026,Lost 1st Round,1,0,0,0,0,0,espn
St. John's,2026,Lost Sweet 16,1,1,0,0,0,0,espn
TCU,2026,Lost 2nd Round,1,0,0,0,0,0,espn
Tennessee,2026,Lost Elite 8,1,1,1,0,0,0,espn
Tennessee State,2026,Lost 1st Round,1,0,0,0,0,0,espn
Texas,2026,Lost Sweet 16,1,1,0,0,0,0,espn
Texas A&M,2026,Lost 2nd Round,1,0,0,0,0,0,espn
Texas Tech,2026,Lost 2nd Round,1,0,0,0,0,0,espn
Troy,2026,Lost 1st Round,1,0,0,0,0,0,espn
UCF,2026,Lost 1st Round,1,0,0,0,0,0,espn
UCLA,2026,Lost 2nd Round,1,0,0,0,0,0,espn
UConn,2026,Lost National Championship,1,1,1,1,0,0,espn
UMBC,2026,Lost First Four,1,0,0,0,0,0,espn
Utah State,2026,Lost 2nd Round,1,0,0,0,0,0,espn
VCU,2026,Lost 2nd Round,1,0,0,0,0,0,espn
Vanderbilt,2026,Lost 2nd Round,1,0,0,0,0,0,espn
Villanova,2026,Lost 1st Round,1,0,0,0,0,0,espn
Virginia,2026,Lost 2nd Round,1,0,0,0,0,0,espn
Wisconsin,2026,Lost 1st Round,1,0,0,0,0,0,espn
Wright State,2026,Lost 1st Round,1,0,0,0,0,0,espn
