# One (school, season) record. Hand-maintained — no automated process writes here.
#   source=history       per-season W-L-T. Covers 1936->present for every program,
#     plus 1869-1935 wherever game-level records survive (every game in which one
#     side is a current FBS program contributes a W / L / T; a tie for both sides
#     on equal scores). Sparse before ~1905, so those early totals sit below the book.
#   source=ncaa          one row (1935) per program in _staging_wins_ncaa.csv; sized so the
#     all-time OFFICIAL total (as-played minus wins_vacated) matches the NCAA "FBS
#     Records" book through its `through` year, with the live current season on top.
#   source=ncaa-history  per-season rows from a program's NCAA stats.org team
#     history page (stats.ncaa.org/teams/history), used where we hold no game-level
#     data and the program is not in the FBS Records book (Jacksonville St., Sam
#     Houston, Missouri St. — their full pre-2003 record).
#   source=manual        any hand rows.
# A tie counts as half a win in win %.
# wins_vacated / losses_vacated: NCAA-vacated results - removed only in the
#   "NCAA official" wins toggle; the trajectory and default view use as-played.
school,season,wins,losses,ties,wins_vacated,losses_vacated,vacated_note,source
# --- 6 programs added Aug 2026 (JMU, Jax State, Sam Houston, Kennesaw, Delaware, Missouri State) ---
# Per-season 2003-2025 rows; a few clearly-partial seasons hand-corrected (Jax State 2013, Sam Houston 2008 & 2022).
# The season=1935 row is a pre-2003 all-time LUMP (W-L-T) from published program records —
#   VERIFY against each media guide. Kennesaw State (football since 2015) needs no lump.
Air Force,1956,0,1,0,,,,history
Air Force,1957,3,6,1,,,,history
Air Force,1958,9,0,2,,,,history
Air Force,1959,5,4,1,,,,history
Air Force,1960,4,6,0,,,,history
Air Force,1961,3,7,0,,,,history
Air Force,1962,5,5,0,,,,history
Air Force,1963,7,4,0,,,,history
Air Force,1964,4,5,1,,,,history
Air Force,1965,3,6,1,,,,history
Air Force,1966,4,6,0,,,,history
Air Force,1967,2,6,2,,,,history
Air Force,1968,7,3,0,,,,history
Air Force,1969,6,4,0,,,,history
Air Force,1970,9,3,0,,,,history
Air Force,1971,6,4,0,,,,history
Air Force,1972,6,4,0,,,,history
Air Force,1973,6,4,0,,,,history
Air Force,1974,2,9,0,,,,history
Air Force,1975,2,8,1,,,,history
Air Force,1976,4,7,0,,,,history
Air Force,1977,2,8,1,,,,history
Air Force,1978,3,8,0,,,,history
Air Force,1979,2,9,0,,,,history
Air Force,1980,2,9,1,,,,history
Air Force,1981,4,7,0,,,,history
Air Force,1982,8,5,0,,,,history
Air Force,1983,10,2,0,,,,history
Air Force,1984,8,4,0,,,,history
Air Force,1985,12,1,0,,,,history
Air Force,1986,6,5,0,,,,history
Air Force,1987,9,4,0,,,,history
Air Force,1988,5,7,0,,,,history
Air Force,1989,8,4,1,,,,history
Air Force,1990,7,5,0,,,,history
Air Force,1991,10,3,0,,,,history
Air Force,1992,7,5,0,,,,history
Air Force,1993,4,8,0,,,,history
Air Force,1994,8,4,0,,,,history
Air Force,1995,8,5,0,,,,history
Air Force,1996,6,5,0,,,,history
Air Force,1997,10,3,0,,,,history
Air Force,1998,12,1,0,,,,history
Air Force,1999,6,5,0,,,,history
Air Force,2000,9,3,0,,,,history
Air Force,2001,6,6,0,,,,history
Air Force,2002,8,5,0,,,,history
Air Force,2003,7,5,0,,,,history
Air Force,2004,5,6,0,,,,history
Air Force,2005,4,7,0,,,,history
Air Force,2006,4,8,0,,,,history
Air Force,2007,9,4,0,,,,history
Air Force,2008,8,5,0,,,,history
Air Force,2009,8,5,0,,,,history
Air Force,2010,9,4,0,,,,history
Air Force,2011,7,6,0,,,,history
Air Force,2012,6,7,0,,,,history
Air Force,2013,2,10,0,,,,history
Air Force,2014,10,3,0,,,,history
Air Force,2015,8,6,0,,,,history
Air Force,2016,10,3,0,,,,history
Air Force,2017,5,7,0,,,,history
Air Force,2018,5,7,0,,,,history
Air Force,2019,11,2,0,,,,history
Air Force,2020,3,3,0,,,,history
Air Force,2021,10,3,0,,,,history
Air Force,2022,10,3,0,,,,history
Air Force,2023,9,4,0,,,,history
Air Force,2024,5,7,0,,,,history
Air Force,2025,4,8,0,,,,history
Akron,1913,1,0,0,,,,history
Akron,1936,0,0,0,,,,history
Akron,1937,0,0,0,,,,history
Akron,1938,0,1,0,,,,history
Akron,1939,0,0,0,,,,history
Akron,1940,0,1,0,,,,history
Akron,1941,0,0,0,,,,history
Akron,1942,0,0,0,,,,history
Akron,1946,0,0,0,,,,history
Akron,1947,0,0,0,,,,history
Akron,1948,0,0,0,,,,history
Akron,1949,0,0,0,,,,history
Akron,1950,0,0,0,,,,history
Akron,1951,0,0,0,,,,history
Akron,1952,0,0,0,,,,history
Akron,1953,0,0,0,,,,history
Akron,1954,0,0,0,,,,history
Akron,1955,0,0,0,,,,history
Akron,1956,0,0,0,,,,history
Akron,1957,0,0,0,,,,history
Akron,1958,0,0,0,,,,history
Akron,1959,0,0,0,,,,history
Akron,1960,0,0,0,,,,history
Akron,1961,0,0,0,,,,history
Akron,1962,0,0,0,,,,history
Akron,1963,0,0,0,,,,history
Akron,1964,0,0,0,,,,history
Akron,1965,0,0,0,,,,history
Akron,1966,0,1,0,,,,history
Akron,1967,1,1,0,,,,history
Akron,1968,0,1,0,,,,history
Akron,1969,1,0,0,,,,history
Akron,1970,0,1,0,,,,history
Akron,1971,1,0,0,,,,history
Akron,1972,0,0,1,,,,history
Akron,1973,0,3,0,,,,history
Akron,1974,0,3,0,,,,history
Akron,1975,7,4,0,,,,history
Akron,1976,4,2,0,,,,history
Akron,1977,2,2,0,,,,history
Akron,1978,0,2,0,,,,history
Akron,1979,2,2,0,,,,history
Akron,1980,1,2,0,,,,history
Akron,1981,1,1,0,,,,history
Akron,1982,1,0,0,,,,history
Akron,1983,2,0,0,,,,history
Akron,1984,0,2,0,,,,history
Akron,1985,2,1,0,,,,history
Akron,1986,1,1,0,,,,history
Akron,1987,4,7,0,,,,history
Akron,1988,5,6,0,,,,history
Akron,1989,6,4,1,,,,history
Akron,1990,3,7,1,,,,history
Akron,1991,5,6,0,,,,history
Akron,1992,7,3,1,,,,history
Akron,1993,5,6,0,,,,history
Akron,1994,1,10,0,,,,history
Akron,1995,2,9,0,,,,history
Akron,1996,4,7,0,,,,history
Akron,1997,2,9,0,,,,history
Akron,1998,4,7,0,,,,history
Akron,1999,7,4,0,,,,history
Akron,2000,6,5,0,,,,history
Akron,2001,4,7,0,,,,history
Akron,2002,4,8,0,,,,history
Akron,2003,7,5,0,,,,history
Akron,2004,6,5,0,,,,history
Akron,2005,7,6,0,,,,history
Akron,2006,5,7,0,,,,history
Akron,2007,4,8,0,,,,history
Akron,2008,5,7,0,,,,history
Akron,2009,3,9,0,,,,history
Akron,2010,1,11,0,,,,history
Akron,2011,1,11,0,,,,history
Akron,2012,1,11,0,,,,history
Akron,2013,5,7,0,,,,history
Akron,2014,5,7,0,,,,history
Akron,2015,8,5,0,,,,history
Akron,2016,5,7,0,,,,history
Akron,2017,7,7,0,,,,history
Akron,2018,4,8,0,,,,history
Akron,2019,0,12,0,,,,history
Akron,2020,1,5,0,,,,history
Akron,2021,2,10,0,,,,history
Akron,2022,2,10,0,,,,history
Akron,2023,2,10,0,,,,history
Akron,2024,4,8,0,,,,history
Akron,2025,5,7,0,,,,history
Alabama,1935,220,96,18,,,,ncaa
Alabama,1936,8,0,1,,,,history
Alabama,1937,9,1,0,,,,history
Alabama,1938,7,1,1,,,,history
Alabama,1939,5,3,1,,,,history
Alabama,1940,7,2,0,,,,history
Alabama,1941,9,2,0,,,,history
Alabama,1942,8,3,0,,,,history
Alabama,1944,5,2,2,,,,history
Alabama,1945,10,0,0,,,,history
Alabama,1946,7,4,0,,,,history
Alabama,1947,8,3,0,,,,history
Alabama,1948,6,4,1,,,,history
Alabama,1949,6,3,1,,,,history
Alabama,1950,9,2,0,,,,history
Alabama,1951,5,6,0,,,,history
Alabama,1952,10,2,0,,,,history
Alabama,1953,6,3,3,,,,history
Alabama,1954,4,5,2,,,,history
Alabama,1955,0,10,0,,,,history
Alabama,1956,2,7,1,,,,history
Alabama,1957,2,7,1,,,,history
Alabama,1958,5,4,1,,,,history
Alabama,1959,7,2,2,,,,history
Alabama,1960,8,1,2,,,,history
Alabama,1961,11,0,0,,,,history
Alabama,1962,10,1,0,,,,history
Alabama,1963,9,2,0,,,,history
Alabama,1964,10,1,0,,,,history
Alabama,1965,9,1,1,,,,history
Alabama,1966,11,0,0,,,,history
Alabama,1967,8,2,1,,,,history
Alabama,1968,8,3,0,,,,history
Alabama,1969,6,5,0,,,,history
Alabama,1970,6,5,1,,,,history
Alabama,1971,11,1,0,,,,history
Alabama,1972,10,2,0,,,,history
Alabama,1973,11,1,0,,,,history
Alabama,1974,11,1,0,,,,history
Alabama,1975,11,1,0,,,,history
Alabama,1976,9,3,0,,,,history
Alabama,1977,11,1,0,,,,history
Alabama,1978,11,1,0,,,,history
Alabama,1979,12,0,0,,,,history
Alabama,1980,10,2,0,,,,history
Alabama,1981,9,2,1,,,,history
Alabama,1982,8,4,0,,,,history
Alabama,1983,8,4,0,,,,history
Alabama,1984,5,6,0,,,,history
Alabama,1985,9,2,1,,,,history
Alabama,1986,10,3,0,,,,history
Alabama,1987,7,5,0,,,,history
Alabama,1988,9,3,0,,,,history
Alabama,1989,10,2,0,,,,history
Alabama,1990,7,5,0,,,,history
Alabama,1991,11,1,0,,,,history
Alabama,1992,13,0,0,,,,history
Alabama,1993,9,3,1,,,,history
Alabama,1994,12,1,0,,,,history
Alabama,1995,8,3,0,,,,history
Alabama,1996,10,3,0,,,,history
Alabama,1997,4,7,0,,,,history
Alabama,1998,7,5,0,,,,history
Alabama,1999,10,3,0,,,,history
Alabama,2000,3,8,0,,,,history
Alabama,2001,7,5,0,,,,history
Alabama,2002,10,3,0,,,,history
Alabama,2003,4,9,0,,,,history
Alabama,2004,6,6,0,,,,history
Alabama,2005,10,2,0,10,0,Shula; 9 reg + 2006 Cotton Bowl,history
Alabama,2006,6,7,0,6,0,Shula,history
Alabama,2007,7,6,0,5,0,Saban,history
Alabama,2008,12,2,0,,,,history
Alabama,2009,14,0,0,,,,history
Alabama,2010,10,3,0,,,,history
Alabama,2011,12,1,0,,,,history
Alabama,2012,13,1,0,,,,history
Alabama,2013,11,2,0,,,,history
Alabama,2014,12,2,0,,,,history
Alabama,2015,14,1,0,,,,history
Alabama,2016,14,1,0,,,,history
Alabama,2017,13,1,0,,,,history
Alabama,2018,14,1,0,,,,history
Alabama,2019,11,2,0,,,,history
Alabama,2020,13,0,0,,,,history
Alabama,2021,13,2,0,,,,history
Alabama,2022,11,2,0,,,,history
Alabama,2023,12,2,0,,,,history
Alabama,2024,9,4,0,,,,history
Alabama,2025,11,4,0,,,,history
Appalachian State,1935,415,200,22,,,,ncaa
Appalachian State,1936,0,0,0,,,,history
Appalachian State,1937,0,0,0,,,,history
Appalachian State,1938,0,0,0,,,,history
Appalachian State,1939,0,0,0,,,,history
Appalachian State,1940,0,1,0,,,,history
Appalachian State,1941,0,0,0,,,,history
Appalachian State,1942,0,0,0,,,,history
Appalachian State,1945,0,0,0,,,,history
Appalachian State,1946,0,0,0,,,,history
Appalachian State,1947,0,0,0,,,,history
Appalachian State,1948,0,0,0,,,,history
Appalachian State,1949,0,0,0,,,,history
Appalachian State,1950,0,0,0,,,,history
Appalachian State,1951,0,0,0,,,,history
Appalachian State,1952,0,0,0,,,,history
Appalachian State,1953,0,0,0,,,,history
Appalachian State,1954,0,0,0,,,,history
Appalachian State,1955,0,0,0,,,,history
Appalachian State,1956,0,0,0,,,,history
Appalachian State,1957,0,0,0,,,,history
Appalachian State,1958,0,0,0,,,,history
Appalachian State,1959,0,0,0,,,,history
Appalachian State,1960,0,0,0,,,,history
Appalachian State,1961,0,0,0,,,,history
Appalachian State,1962,0,0,0,,,,history
Appalachian State,1963,0,0,0,,,,history
Appalachian State,1964,0,0,0,,,,history
Appalachian State,1965,0,0,0,,,,history
Appalachian State,1966,0,0,0,,,,history
Appalachian State,1967,0,0,0,,,,history
Appalachian State,1968,0,0,0,,,,history
Appalachian State,1969,0,0,0,,,,history
Appalachian State,1970,0,0,0,,,,history
Appalachian State,1971,1,0,1,,,,history
Appalachian State,1972,5,5,1,,,,history
Appalachian State,1973,3,7,1,,,,history
Appalachian State,1974,6,5,0,,,,history
Appalachian State,1975,8,3,0,,,,history
Appalachian State,1976,6,4,1,,,,history
Appalachian State,1977,2,9,0,,,,history
Appalachian State,1978,7,4,0,,,,history
Appalachian State,1979,3,8,0,,,,history
Appalachian State,1980,6,4,1,,,,history
Appalachian State,1981,3,7,1,,,,history
Appalachian State,1982,0,2,0,,,,history
Appalachian State,1983,1,1,0,,,,history
Appalachian State,1984,0,2,0,,,,history
Appalachian State,1985,0,2,0,,,,history
Appalachian State,1986,0,1,0,,,,history
Appalachian State,1987,0,2,0,,,,history
Appalachian State,1988,0,1,1,,,,history
Appalachian State,1989,1,0,0,,,,history
Appalachian State,1990,0,3,0,,,,history
Appalachian State,1991,1,1,0,,,,history
Appalachian State,1992,0,2,0,,,,history
Appalachian State,1993,0,1,0,,,,history
Appalachian State,1994,0,1,0,,,,history
Appalachian State,1995,1,0,0,,,,history
Appalachian State,1996,0,1,0,,,,history
Appalachian State,1997,0,1,0,,,,history
Appalachian State,1998,1,0,0,,,,history
Appalachian State,1999,0,1,0,,,,history
Appalachian State,2000,1,0,0,,,,history
Appalachian State,2001,0,1,0,,,,history
Appalachian State,2002,0,1,0,,,,history
Appalachian State,2003,7,4,0,,,,history
Appalachian State,2004,6,5,0,,,,history
Appalachian State,2005,10,3,0,,,,history
Appalachian State,2006,12,1,0,,,,history
Appalachian State,2007,11,2,0,,,,history
Appalachian State,2008,11,3,0,,,,history
Appalachian State,2009,11,2,0,,,,history
Appalachian State,2010,10,2,0,,,,history
Appalachian State,2011,8,4,0,,,,history
Appalachian State,2012,8,4,0,,,,history
Appalachian State,2013,4,8,0,,,,history
Appalachian State,2014,7,5,0,,,,history
Appalachian State,2015,11,2,0,,,,history
Appalachian State,2016,10,3,0,,,,history
Appalachian State,2017,9,4,0,,,,history
Appalachian State,2018,11,2,0,,,,history
Appalachian State,2019,13,1,0,,,,history
Appalachian State,2020,9,3,0,,,,history
Appalachian State,2021,10,4,0,,,,history
Appalachian State,2022,6,6,0,,,,history
Appalachian State,2023,9,5,0,,,,history
Appalachian State,2024,5,6,0,,,,history
Appalachian State,2025,5,8,0,,,,history
Arizona,1916,0,1,0,,,,history
Arizona,1921,0,2,0,,,,history
Arizona,1922,1,2,0,,,,history
Arizona,1923,0,1,0,,,,history
Arizona,1924,0,2,0,,,,history
Arizona,1925,0,3,0,,,,history
Arizona,1926,0,0,1,,,,history
Arizona,1928,0,1,1,,,,history
Arizona,1930,1,1,0,,,,history
Arizona,1931,3,5,1,,,,history
Arizona,1932,4,5,0,,,,history
Arizona,1933,5,3,0,,,,history
Arizona,1934,7,2,1,,,,history
Arizona,1935,7,2,0,,,,history
Arizona,1936,5,2,3,,,,history
Arizona,1937,8,2,0,,,,history
Arizona,1938,3,6,0,,,,history
Arizona,1939,6,4,0,,,,history
Arizona,1940,7,2,0,,,,history
Arizona,1941,7,3,0,,,,history
Arizona,1942,6,4,0,,,,history
Arizona,1945,0,0,0,,,,history
Arizona,1946,4,4,2,,,,history
Arizona,1947,5,4,1,,,,history
Arizona,1948,6,5,0,,,,history
Arizona,1949,2,7,1,,,,history
Arizona,1950,4,6,0,,,,history
Arizona,1951,6,5,0,,,,history
Arizona,1952,6,4,0,,,,history
Arizona,1953,4,5,1,,,,history
Arizona,1954,7,3,0,,,,history
Arizona,1955,5,4,1,,,,history
Arizona,1956,4,6,0,,,,history
Arizona,1957,1,8,1,,,,history
Arizona,1958,3,7,0,,,,history
Arizona,1959,4,6,0,,,,history
Arizona,1960,7,3,0,,,,history
Arizona,1961,8,1,1,,,,history
Arizona,1962,5,5,0,,,,history
Arizona,1963,5,5,0,,,,history
Arizona,1964,6,3,1,,,,history
Arizona,1965,3,7,0,,,,history
Arizona,1966,3,7,0,,,,history
Arizona,1967,3,6,1,,,,history
Arizona,1968,8,3,0,,,,history
Arizona,1969,3,7,0,,,,history
Arizona,1970,4,6,0,,,,history
Arizona,1971,5,6,0,,,,history
Arizona,1972,4,7,0,,,,history
Arizona,1973,8,3,0,,,,history
Arizona,1974,9,2,0,,,,history
Arizona,1975,9,2,0,,,,history
Arizona,1976,5,6,0,,,,history
Arizona,1977,5,7,0,,,,history
Arizona,1978,5,6,0,,,,history
Arizona,1979,6,5,1,,,,history
Arizona,1980,5,6,0,,,,history
Arizona,1981,6,5,0,,,,history
Arizona,1982,6,4,1,,,,history
Arizona,1983,7,3,1,,,,history
Arizona,1984,7,4,0,,,,history
Arizona,1985,8,3,1,,,,history
Arizona,1986,9,3,0,,,,history
Arizona,1987,4,4,3,,,,history
Arizona,1988,7,4,0,,,,history
Arizona,1989,8,4,0,,,,history
Arizona,1990,7,5,0,,,,history
Arizona,1991,4,7,0,,,,history
Arizona,1992,6,5,1,,,,history
Arizona,1993,10,2,0,,,,history
Arizona,1994,8,4,0,,,,history
Arizona,1995,6,5,0,,,,history
Arizona,1996,5,6,0,,,,history
Arizona,1997,7,5,0,,,,history
Arizona,1998,12,1,0,,,,history
Arizona,1999,6,6,0,,,,history
Arizona,2000,5,6,0,,,,history
Arizona,2001,5,6,0,,,,history
Arizona,2002,4,8,0,,,,history
Arizona,2003,2,10,0,,,,history
Arizona,2004,3,8,0,,,,history
Arizona,2005,3,8,0,,,,history
Arizona,2006,6,6,0,,,,history
Arizona,2007,5,7,0,,,,history
Arizona,2008,8,5,0,,,,history
Arizona,2009,8,5,0,,,,history
Arizona,2010,7,6,0,,,,history
Arizona,2011,4,8,0,,,,history
Arizona,2012,8,5,0,,,,history
Arizona,2013,8,5,0,,,,history
Arizona,2014,10,4,0,,,,history
Arizona,2015,7,6,0,,,,history
Arizona,2016,3,9,0,,,,history
Arizona,2017,7,6,0,,,,history
Arizona,2018,5,7,0,,,,history
Arizona,2019,4,8,0,,,,history
Arizona,2020,0,5,0,,,,history
Arizona,2021,1,11,0,,,,history
Arizona,2022,5,7,0,,,,history
Arizona,2023,10,3,0,,,,history
Arizona,2024,4,8,0,,,,history
Arizona,2025,9,4,0,,,,history
Arizona State,1935,65,61,9,,,,ncaa
Arizona State,1936,4,5,0,,,,history
Arizona State,1937,0,8,1,,,,history
Arizona State,1938,3,6,0,,,,history
Arizona State,1939,8,2,1,,,,history
Arizona State,1940,7,2,2,,,,history
Arizona State,1941,5,5,1,,,,history
Arizona State,1942,2,8,0,,,,history
Arizona State,1946,2,7,2,,,,history
Arizona State,1947,4,7,0,,,,history
Arizona State,1948,5,5,0,,,,history
Arizona State,1949,7,3,0,,,,history
Arizona State,1950,9,2,0,,,,history
Arizona State,1951,6,3,1,,,,history
Arizona State,1952,6,3,0,,,,history
Arizona State,1953,4,5,1,,,,history
Arizona State,1954,5,5,0,,,,history
Arizona State,1955,8,2,1,,,,history
Arizona State,1956,9,1,0,,,,history
Arizona State,1957,10,0,0,,,,history
Arizona State,1958,7,3,0,,,,history
Arizona State,1959,10,1,0,,,,history
Arizona State,1960,7,3,0,,,,history
Arizona State,1961,7,3,0,,,,history
Arizona State,1962,7,2,1,,,,history
Arizona State,1963,8,1,0,,,,history
Arizona State,1964,8,2,0,,,,history
Arizona State,1965,6,4,0,,,,history
Arizona State,1966,5,5,0,,,,history
Arizona State,1967,8,2,0,,,,history
Arizona State,1968,8,2,0,,,,history
Arizona State,1969,8,2,0,,,,history
Arizona State,1970,11,0,0,,,,history
Arizona State,1971,11,1,0,,,,history
Arizona State,1972,10,2,0,,,,history
Arizona State,1973,11,1,0,,,,history
Arizona State,1974,7,5,0,,,,history
Arizona State,1975,12,0,0,,,,history
Arizona State,1976,4,7,0,,,,history
Arizona State,1977,9,3,0,,,,history
Arizona State,1978,9,3,0,,,,history
Arizona State,1979,6,6,0,,,,history
Arizona State,1980,7,4,0,,,,history
Arizona State,1981,9,2,0,,,,history
Arizona State,1982,10,2,0,,,,history
Arizona State,1983,6,4,1,,,,history
Arizona State,1984,5,6,0,,,,history
Arizona State,1985,8,4,0,,,,history
Arizona State,1986,10,1,1,,,,history
Arizona State,1987,7,4,1,,,,history
Arizona State,1988,6,5,0,,,,history
Arizona State,1989,6,4,1,,,,history
Arizona State,1990,4,7,0,,,,history
Arizona State,1991,6,5,0,,,,history
Arizona State,1992,6,5,0,,,,history
Arizona State,1993,6,5,0,,,,history
Arizona State,1994,3,8,0,,,,history
Arizona State,1995,6,5,0,,,,history
Arizona State,1996,11,1,0,,,,history
Arizona State,1997,9,3,0,,,,history
Arizona State,1998,5,6,0,,,,history
Arizona State,1999,6,6,0,,,,history
Arizona State,2000,6,6,0,,,,history
Arizona State,2001,4,7,0,,,,history
Arizona State,2002,8,6,0,,,,history
Arizona State,2003,5,7,0,,,,history
Arizona State,2004,9,3,0,,,,history
Arizona State,2005,7,5,0,,,,history
Arizona State,2006,7,6,0,,,,history
Arizona State,2007,10,3,0,,,,history
Arizona State,2008,5,7,0,,,,history
Arizona State,2009,4,8,0,,,,history
Arizona State,2010,6,6,0,,,,history
Arizona State,2011,6,7,0,,,,history
Arizona State,2012,8,5,0,,,,history
Arizona State,2013,10,4,0,,,,history
Arizona State,2014,10,3,0,,,,history
Arizona State,2015,6,7,0,,,,history
Arizona State,2016,5,7,0,,,,history
Arizona State,2017,7,6,0,,,,history
Arizona State,2018,7,6,0,,,,history
Arizona State,2019,8,5,0,,,,history
Arizona State,2020,2,2,0,,,,history
Arizona State,2021,8,5,0,8,0,Edwards,history
Arizona State,2022,3,9,0,2,0,Edwards,history
Arizona State,2023,3,9,0,,,,history
Arizona State,2024,11,3,0,,,,history
Arizona State,2025,8,5,0,,,,history
Arkansas,1935,177,122,21,,,,ncaa
Arkansas,1936,7,3,0,,,,history
Arkansas,1937,6,2,2,,,,history
Arkansas,1938,2,7,1,,,,history
Arkansas,1939,4,5,1,,,,history
Arkansas,1940,4,6,0,,,,history
Arkansas,1941,3,7,0,,,,history
Arkansas,1942,3,7,0,,,,history
Arkansas,1943,2,7,0,,,,history
Arkansas,1944,5,5,1,,,,history
Arkansas,1945,3,7,0,,,,history
Arkansas,1946,6,3,2,,,,history
Arkansas,1947,6,4,1,,,,history
Arkansas,1948,5,5,0,,,,history
Arkansas,1949,5,5,0,,,,history
Arkansas,1950,2,8,0,,,,history
Arkansas,1951,5,5,0,,,,history
Arkansas,1952,2,8,0,,,,history
Arkansas,1953,3,7,0,,,,history
Arkansas,1954,8,3,0,,,,history
Arkansas,1955,5,4,1,,,,history
Arkansas,1956,6,4,0,,,,history
Arkansas,1957,6,4,0,,,,history
Arkansas,1958,4,6,0,,,,history
Arkansas,1959,9,2,0,,,,history
Arkansas,1960,8,3,0,,,,history
Arkansas,1961,8,3,0,,,,history
Arkansas,1962,9,2,0,,,,history
Arkansas,1963,5,5,0,,,,history
Arkansas,1964,11,0,0,,,,history
Arkansas,1965,10,1,0,,,,history
Arkansas,1966,8,2,0,,,,history
Arkansas,1967,4,5,1,,,,history
Arkansas,1968,10,1,0,,,,history
Arkansas,1969,9,2,0,,,,history
Arkansas,1970,9,2,0,,,,history
Arkansas,1971,8,3,1,,,,history
Arkansas,1972,6,5,0,,,,history
Arkansas,1973,5,5,1,,,,history
Arkansas,1974,6,4,1,,,,history
Arkansas,1975,10,2,0,,,,history
Arkansas,1976,5,5,1,,,,history
Arkansas,1977,11,1,0,,,,history
Arkansas,1978,9,2,1,,,,history
Arkansas,1979,10,2,0,,,,history
Arkansas,1980,7,5,0,,,,history
Arkansas,1981,8,4,0,,,,history
Arkansas,1982,9,2,1,,,,history
Arkansas,1983,6,5,0,,,,history
Arkansas,1984,7,4,1,,,,history
Arkansas,1985,10,2,0,,,,history
Arkansas,1986,9,3,0,,,,history
Arkansas,1987,9,4,0,,,,history
Arkansas,1988,10,2,0,,,,history
Arkansas,1989,10,2,0,,,,history
Arkansas,1990,3,8,0,,,,history
Arkansas,1991,6,6,0,,,,history
Arkansas,1992,3,7,1,,,,history
Arkansas,1993,5,5,1,,,,history
Arkansas,1994,4,7,0,,,,history
Arkansas,1995,8,5,0,,,,history
Arkansas,1996,4,7,0,,,,history
Arkansas,1997,4,7,0,,,,history
Arkansas,1998,9,3,0,,,,history
Arkansas,1999,8,4,0,,,,history
Arkansas,2000,6,6,0,,,,history
Arkansas,2001,7,5,0,,,,history
Arkansas,2002,9,5,0,,,,history
Arkansas,2003,9,4,0,,,,history
Arkansas,2004,5,6,0,,,,history
Arkansas,2005,4,7,0,,,,history
Arkansas,2006,10,4,0,,,,history
Arkansas,2007,8,5,0,,,,history
Arkansas,2008,5,7,0,,,,history
Arkansas,2009,8,5,0,,,,history
Arkansas,2010,10,3,0,,,,history
Arkansas,2011,11,2,0,,,,history
Arkansas,2012,4,8,0,,,,history
Arkansas,2013,3,9,0,,,,history
Arkansas,2014,7,6,0,,,,history
Arkansas,2015,8,5,0,,,,history
Arkansas,2016,7,6,0,,,,history
Arkansas,2017,4,8,0,,,,history
Arkansas,2018,2,10,0,,,,history
Arkansas,2019,2,10,0,,,,history
Arkansas,2020,3,7,0,,,,history
Arkansas,2021,9,4,0,,,,history
Arkansas,2022,7,6,0,,,,history
Arkansas,2023,4,8,0,,,,history
Arkansas,2024,7,6,0,,,,history
Arkansas,2025,2,10,0,,,,history
Arkansas State,1914,0,1,0,,,,history
Arkansas State,1915,1,0,0,,,,history
Arkansas State,1916,0,1,0,,,,history
Arkansas State,1917,0,0,1,,,,history
Arkansas State,1919,0,1,0,,,,history
Arkansas State,1924,0,1,0,,,,history
Arkansas State,1925,0,1,0,,,,history
Arkansas State,1926,0,1,0,,,,history
Arkansas State,1935,0,1,0,,,,history
Arkansas State,1936,0,0,0,,,,history
Arkansas State,1937,0,0,0,,,,history
Arkansas State,1938,0,0,0,,,,history
Arkansas State,1939,0,0,0,,,,history
Arkansas State,1940,0,0,0,,,,history
Arkansas State,1941,0,0,0,,,,history
Arkansas State,1945,0,0,0,,,,history
Arkansas State,1946,0,0,0,,,,history
Arkansas State,1947,0,0,0,,,,history
Arkansas State,1948,0,1,0,,,,history
Arkansas State,1949,0,0,0,,,,history
Arkansas State,1950,0,1,0,,,,history
Arkansas State,1951,0,2,0,,,,history
Arkansas State,1952,0,1,0,,,,history
Arkansas State,1953,3,0,1,,,,history
Arkansas State,1954,1,1,0,,,,history
Arkansas State,1955,0,0,0,,,,history
Arkansas State,1956,0,1,0,,,,history
Arkansas State,1957,0,1,0,,,,history
Arkansas State,1958,0,2,0,,,,history
Arkansas State,1959,0,1,0,,,,history
Arkansas State,1960,0,2,0,,,,history
Arkansas State,1961,0,2,0,,,,history
Arkansas State,1962,1,0,0,,,,history
Arkansas State,1963,0,2,0,,,,history
Arkansas State,1964,0,0,0,,,,history
Arkansas State,1965,1,0,0,,,,history
Arkansas State,1966,0,0,0,,,,history
Arkansas State,1967,1,1,0,,,,history
Arkansas State,1968,0,1,0,,,,history
Arkansas State,1969,0,1,0,,,,history
Arkansas State,1970,2,0,0,,,,history
Arkansas State,1971,2,0,0,,,,history
Arkansas State,1972,0,3,0,,,,history
Arkansas State,1973,3,2,0,,,,history
Arkansas State,1974,7,3,0,,,,history
Arkansas State,1975,11,0,0,,,,history
Arkansas State,1976,5,6,0,,,,history
Arkansas State,1977,7,4,0,,,,history
Arkansas State,1978,7,4,0,,,,history
Arkansas State,1979,4,7,0,,,,history
Arkansas State,1980,2,9,0,,,,history
Arkansas State,1981,6,5,0,,,,history
Arkansas State,1982,2,3,0,,,,history
Arkansas State,1983,0,2,1,,,,history
Arkansas State,1984,1,2,0,,,,history
Arkansas State,1985,1,2,0,,,,history
Arkansas State,1986,1,1,1,,,,history
Arkansas State,1987,0,1,1,,,,history
Arkansas State,1988,3,2,0,,,,history
Arkansas State,1989,1,3,0,,,,history
Arkansas State,1990,3,7,1,,,,history
Arkansas State,1991,1,10,0,,,,history
Arkansas State,1992,2,9,0,,,,history
Arkansas State,1993,2,8,1,,,,history
Arkansas State,1994,1,10,0,,,,history
Arkansas State,1995,6,5,0,,,,history
Arkansas State,1996,4,7,0,,,,history
Arkansas State,1997,2,9,0,,,,history
Arkansas State,1998,4,8,0,,,,history
Arkansas State,1999,4,7,0,,,,history
Arkansas State,2000,1,10,0,,,,history
Arkansas State,2001,2,9,0,,,,history
Arkansas State,2002,6,7,0,,,,history
Arkansas State,2003,5,7,0,,,,history
Arkansas State,2004,3,8,0,,,,history
Arkansas State,2005,6,6,0,4,0,Roberts,history
Arkansas State,2006,6,6,0,6,0,Roberts,history
Arkansas State,2007,5,7,0,,,,history
Arkansas State,2008,6,6,0,,,,history
Arkansas State,2009,4,8,0,,,,history
Arkansas State,2010,4,8,0,,,,history
Arkansas State,2011,10,3,0,,,,history
Arkansas State,2012,10,3,0,,,,history
Arkansas State,2013,8,5,0,,,,history
Arkansas State,2014,7,6,0,,,,history
Arkansas State,2015,9,4,0,,,,history
Arkansas State,2016,8,5,0,,,,history
Arkansas State,2017,7,5,0,,,,history
Arkansas State,2018,8,5,0,,,,history
Arkansas State,2019,8,5,0,,,,history
Arkansas State,2020,4,7,0,,,,history
Arkansas State,2021,2,10,0,,,,history
Arkansas State,2022,3,9,0,,,,history
Arkansas State,2023,6,7,0,,,,history
Arkansas State,2024,8,5,0,,,,history
Arkansas State,2025,7,6,0,,,,history
Army,1935,266,89,27,,,,ncaa
Army,1936,6,3,0,,,,history
Army,1937,7,2,0,,,,history
Army,1938,8,2,0,,,,history
Army,1939,3,4,2,,,,history
Army,1940,1,7,1,,,,history
Army,1941,5,3,1,,,,history
Army,1942,6,3,0,,,,history
Army,1943,7,2,1,,,,history
Army,1944,9,0,0,,,,history
Army,1945,9,0,0,,,,history
Army,1946,9,0,1,,,,history
Army,1947,5,2,2,,,,history
Army,1948,8,0,1,,,,history
Army,1949,9,0,0,,,,history
Army,1950,8,1,0,,,,history
Army,1951,2,7,0,,,,history
Army,1952,4,4,1,,,,history
Army,1953,7,1,1,,,,history
Army,1954,7,2,0,,,,history
Army,1955,6,3,0,,,,history
Army,1956,5,3,1,,,,history
Army,1957,7,2,0,,,,history
Army,1958,8,0,1,,,,history
Army,1959,4,4,1,,,,history
Army,1960,6,3,1,,,,history
Army,1961,6,4,0,,,,history
Army,1962,6,4,0,,,,history
Army,1963,7,3,0,,,,history
Army,1964,4,6,0,,,,history
Army,1965,4,5,1,,,,history
Army,1966,8,2,0,,,,history
Army,1967,8,2,0,,,,history
Army,1968,7,3,0,,,,history
Army,1969,4,5,1,,,,history
Army,1970,1,9,1,,,,history
Army,1971,6,4,0,,,,history
Army,1972,6,4,0,,,,history
Army,1973,0,10,0,,,,history
Army,1974,3,8,0,,,,history
Army,1975,2,9,0,,,,history
Army,1976,5,6,0,,,,history
Army,1977,7,4,0,,,,history
Army,1978,4,6,1,,,,history
Army,1979,2,8,1,,,,history
Army,1980,3,7,1,,,,history
Army,1981,3,7,1,,,,history
Army,1982,4,7,0,,,,history
Army,1983,2,9,0,,,,history
Army,1984,8,3,1,,,,history
Army,1985,9,3,0,,,,history
Army,1986,6,5,0,,,,history
Army,1987,5,6,0,,,,history
Army,1988,9,3,0,,,,history
Army,1989,6,5,0,,,,history
Army,1990,6,5,0,,,,history
Army,1991,4,7,0,,,,history
Army,1992,5,6,0,,,,history
Army,1993,6,5,0,,,,history
Army,1994,4,7,0,,,,history
Army,1995,5,5,1,,,,history
Army,1996,10,2,0,,,,history
Army,1997,4,7,0,,,,history
Army,1998,3,8,0,,,,history
Army,1999,3,8,0,,,,history
Army,2000,1,10,0,,,,history
Army,2001,3,8,0,,,,history
Army,2002,1,11,0,,,,history
Army,2003,0,13,0,,,,history
Army,2004,2,9,0,,,,history
Army,2005,4,7,0,,,,history
Army,2006,3,9,0,,,,history
Army,2007,3,9,0,,,,history
Army,2008,3,9,0,,,,history
Army,2009,5,7,0,,,,history
Army,2010,7,6,0,,,,history
Army,2011,3,9,0,,,,history
Army,2012,2,10,0,,,,history
Army,2013,3,9,0,,,,history
Army,2014,4,8,0,,,,history
Army,2015,2,10,0,,,,history
Army,2016,8,5,0,,,,history
Army,2017,10,3,0,,,,history
Army,2018,11,2,0,,,,history
Army,2019,5,8,0,,,,history
Army,2020,9,3,0,,,,history
Army,2021,9,4,0,,,,history
Army,2022,6,6,0,,,,history
Army,2023,6,6,0,,,,history
Army,2024,12,2,0,,,,history
Army,2025,7,6,0,,,,history
Auburn,1935,190,115,20,,,,ncaa
Auburn,1936,7,2,2,,,,history
Auburn,1937,6,2,3,,,,history
Auburn,1938,4,5,1,,,,history
Auburn,1939,5,5,1,,,,history
Auburn,1940,6,4,1,,,,history
Auburn,1941,4,5,1,,,,history
Auburn,1942,6,4,1,,,,history
Auburn,1944,4,4,0,,,,history
Auburn,1945,5,5,0,,,,history
Auburn,1946,4,6,0,,,,history
Auburn,1947,2,7,0,,,,history
Auburn,1948,1,8,1,,,,history
Auburn,1949,2,4,3,,,,history
Auburn,1950,0,10,0,,,,history
Auburn,1951,5,5,0,,,,history
Auburn,1952,2,8,0,,,,history
Auburn,1953,7,3,1,,,,history
Auburn,1954,8,3,0,,,,history
Auburn,1955,8,2,1,,,,history
Auburn,1956,7,3,0,,,,history
Auburn,1957,10,0,0,,,,history
Auburn,1958,9,0,1,,,,history
Auburn,1959,7,3,0,,,,history
Auburn,1960,8,2,0,,,,history
Auburn,1961,6,4,0,,,,history
Auburn,1962,6,3,1,,,,history
Auburn,1963,9,2,0,,,,history
Auburn,1964,6,4,0,,,,history
Auburn,1965,5,5,1,,,,history
Auburn,1966,4,6,0,,,,history
Auburn,1967,6,4,0,,,,history
Auburn,1968,7,4,0,,,,history
Auburn,1969,8,3,0,,,,history
Auburn,1970,9,2,0,,,,history
Auburn,1971,9,2,0,,,,history
Auburn,1972,10,1,0,,,,history
Auburn,1973,6,6,0,,,,history
Auburn,1974,10,2,0,,,,history
Auburn,1975,3,6,2,,,,history
Auburn,1976,3,8,0,,,,history
Auburn,1977,5,6,0,,,,history
Auburn,1978,6,4,1,,,,history
Auburn,1979,8,3,0,,,,history
Auburn,1980,5,6,0,,,,history
Auburn,1981,5,6,0,,,,history
Auburn,1982,9,3,0,,,,history
Auburn,1983,11,1,0,,,,history
Auburn,1984,9,4,0,,,,history
Auburn,1985,8,4,0,,,,history
Auburn,1986,10,2,0,,,,history
Auburn,1987,9,1,2,,,,history
Auburn,1988,10,2,0,,,,history
Auburn,1989,10,2,0,,,,history
Auburn,1990,8,3,1,,,,history
Auburn,1991,5,6,0,,,,history
Auburn,1992,5,5,1,,,,history
Auburn,1993,11,0,0,,,,history
Auburn,1994,9,1,1,,,,history
Auburn,1995,8,4,0,,,,history
Auburn,1996,8,4,0,,,,history
Auburn,1997,10,3,0,,,,history
Auburn,1998,3,8,0,,,,history
Auburn,1999,5,6,0,,,,history
Auburn,2000,9,4,0,,,,history
Auburn,2001,7,5,0,,,,history
Auburn,2002,9,4,0,,,,history
Auburn,2003,8,5,0,,,,history
Auburn,2004,13,0,0,,,,history
Auburn,2005,9,3,0,,,,history
Auburn,2006,11,2,0,,,,history
Auburn,2007,9,4,0,,,,history
Auburn,2008,5,7,0,,,,history
Auburn,2009,8,5,0,,,,history
Auburn,2010,14,0,0,,,,history
Auburn,2011,8,5,0,,,,history
Auburn,2012,3,9,0,,,,history
Auburn,2013,12,2,0,,,,history
Auburn,2014,8,5,0,,,,history
Auburn,2015,7,6,0,,,,history
Auburn,2016,8,5,0,,,,history
Auburn,2017,10,4,0,,,,history
Auburn,2018,8,5,0,,,,history
Auburn,2019,9,4,0,,,,history
Auburn,2020,6,5,0,,,,history
Auburn,2021,6,7,0,,,,history
Auburn,2022,5,7,0,,,,history
Auburn,2023,6,7,0,,,,history
Auburn,2024,5,7,0,,,,history
Auburn,2025,5,7,0,,,,history
Ball State,1932,0,1,0,,,,history
Ball State,1933,0,1,0,,,,history
Ball State,1936,0,0,0,,,,history
Ball State,1937,0,0,0,,,,history
Ball State,1938,0,0,0,,,,history
Ball State,1939,0,0,0,,,,history
Ball State,1940,0,0,0,,,,history
Ball State,1941,0,0,0,,,,history
Ball State,1942,0,0,0,,,,history
Ball State,1944,0,0,0,,,,history
Ball State,1945,0,0,0,,,,history
Ball State,1946,0,0,0,,,,history
Ball State,1947,0,0,0,,,,history
Ball State,1948,0,0,0,,,,history
Ball State,1949,0,0,0,,,,history
Ball State,1950,0,0,0,,,,history
Ball State,1951,0,0,0,,,,history
Ball State,1952,0,0,0,,,,history
Ball State,1953,0,0,0,,,,history
Ball State,1954,0,0,0,,,,history
Ball State,1955,0,0,0,,,,history
Ball State,1956,0,0,0,,,,history
Ball State,1957,0,0,0,,,,history
Ball State,1958,0,0,0,,,,history
Ball State,1959,0,0,0,,,,history
Ball State,1960,0,0,0,,,,history
Ball State,1961,0,0,0,,,,history
Ball State,1962,0,0,0,,,,history
Ball State,1963,0,0,0,,,,history
Ball State,1964,0,0,0,,,,history
Ball State,1965,0,0,0,,,,history
Ball State,1966,0,0,0,,,,history
Ball State,1967,0,0,0,,,,history
Ball State,1968,0,2,0,,,,history
Ball State,1969,1,1,0,,,,history
Ball State,1970,1,1,0,,,,history
Ball State,1971,0,1,1,,,,history
Ball State,1972,1,2,0,,,,history
Ball State,1973,0,3,1,,,,history
Ball State,1974,2,0,0,,,,history
Ball State,1975,9,2,0,,,,history
Ball State,1976,8,3,0,,,,history
Ball State,1977,9,2,0,,,,history
Ball State,1978,10,1,0,,,,history
Ball State,1979,6,5,0,,,,history
Ball State,1980,6,5,0,,,,history
Ball State,1981,4,7,0,,,,history
Ball State,1982,5,6,0,,,,history
Ball State,1983,6,5,0,,,,history
Ball State,1984,3,8,0,,,,history
Ball State,1985,4,7,0,,,,history
Ball State,1986,6,5,0,,,,history
Ball State,1987,4,7,0,,,,history
Ball State,1988,8,3,0,,,,history
Ball State,1989,7,3,2,,,,history
Ball State,1990,7,4,0,,,,history
Ball State,1991,6,5,0,,,,history
Ball State,1992,5,6,0,,,,history
Ball State,1993,8,3,1,,,,history
Ball State,1994,5,5,1,,,,history
Ball State,1995,7,4,0,,,,history
Ball State,1996,8,4,0,,,,history
Ball State,1997,5,6,0,,,,history
Ball State,1998,1,10,0,,,,history
Ball State,1999,0,11,0,,,,history
Ball State,2000,5,6,0,,,,history
Ball State,2001,5,6,0,,,,history
Ball State,2002,6,6,0,,,,history
Ball State,2003,4,8,0,,,,history
Ball State,2004,2,9,0,,,,history
Ball State,2005,4,7,0,,,,history
Ball State,2006,5,7,0,,,,history
Ball State,2007,7,6,0,,,,history
Ball State,2008,12,2,0,,,,history
Ball State,2009,2,10,0,,,,history
Ball State,2010,4,8,0,,,,history
Ball State,2011,6,6,0,,,,history
Ball State,2012,9,4,0,,,,history
Ball State,2013,10,3,0,,,,history
Ball State,2014,5,7,0,,,,history
Ball State,2015,3,9,0,,,,history
Ball State,2016,4,8,0,,,,history
Ball State,2017,2,10,0,,,,history
Ball State,2018,4,8,0,,,,history
Ball State,2019,5,7,0,,,,history
Ball State,2020,7,1,0,,,,history
Ball State,2021,6,7,0,,,,history
Ball State,2022,5,7,0,,,,history
Ball State,2023,4,8,0,,,,history
Ball State,2024,3,9,0,,,,history
Ball State,2025,4,8,0,,,,history
Baylor,1903,4,3,1,,,,history
Baylor,1904,2,5,1,,,,history
Baylor,1905,1,6,0,,,,history
Baylor,1907,4,3,1,,,,history
Baylor,1908,3,5,0,,,,history
Baylor,1909,5,3,0,,,,history
Baylor,1910,6,0,2,,,,history
Baylor,1911,3,4,2,,,,history
Baylor,1912,3,5,0,,,,history
Baylor,1913,4,4,2,,,,history
Baylor,1914,3,5,2,,,,history
Baylor,1915,7,1,0,,,,history
Baylor,1916,9,1,0,,,,history
Baylor,1917,6,2,1,,,,history
Baylor,1918,0,6,0,,,,history
Baylor,1919,5,3,1,,,,history
Baylor,1920,4,4,1,,,,history
Baylor,1921,8,3,0,,,,history
Baylor,1922,8,3,0,,,,history
Baylor,1923,5,1,2,,,,history
Baylor,1924,7,2,1,,,,history
Baylor,1925,3,5,2,,,,history
Baylor,1926,6,3,1,,,,history
Baylor,1927,2,7,0,,,,history
Baylor,1928,8,2,0,,,,history
Baylor,1929,7,3,1,,,,history
Baylor,1930,6,3,1,,,,history
Baylor,1931,3,6,0,,,,history
Baylor,1932,3,5,1,,,,history
Baylor,1933,6,4,0,,,,history
Baylor,1934,3,7,0,,,,history
Baylor,1935,8,3,0,,,,history
Baylor,1936,6,3,1,,,,history
Baylor,1937,7,3,0,,,,history
Baylor,1938,7,2,1,,,,history
Baylor,1939,7,3,0,,,,history
Baylor,1940,4,6,0,,,,history
Baylor,1941,3,6,1,,,,history
Baylor,1942,6,4,1,,,,history
Baylor,1945,5,5,1,,,,history
Baylor,1946,1,8,0,,,,history
Baylor,1947,5,5,0,,,,history
Baylor,1948,6,3,2,,,,history
Baylor,1949,8,2,0,,,,history
Baylor,1950,7,3,0,,,,history
Baylor,1951,8,2,1,,,,history
Baylor,1952,4,4,2,,,,history
Baylor,1953,7,3,0,,,,history
Baylor,1954,7,4,0,,,,history
Baylor,1955,5,5,0,,,,history
Baylor,1956,9,2,0,,,,history
Baylor,1957,3,6,1,,,,history
Baylor,1958,3,7,0,,,,history
Baylor,1959,4,6,0,,,,history
Baylor,1960,8,3,0,,,,history
Baylor,1961,6,5,0,,,,history
Baylor,1962,4,6,0,,,,history
Baylor,1963,8,3,0,,,,history
Baylor,1964,5,5,0,,,,history
Baylor,1965,5,5,0,,,,history
Baylor,1966,5,5,0,,,,history
Baylor,1967,1,8,1,,,,history
Baylor,1968,3,7,0,,,,history
Baylor,1969,0,10,0,,,,history
Baylor,1970,2,9,0,,,,history
Baylor,1971,1,9,0,,,,history
Baylor,1972,5,6,0,,,,history
Baylor,1973,2,9,0,,,,history
Baylor,1974,8,4,0,,,,history
Baylor,1975,3,6,2,,,,history
Baylor,1976,7,3,1,,,,history
Baylor,1977,5,6,0,,,,history
Baylor,1978,3,8,0,,,,history
Baylor,1979,8,4,0,,,,history
Baylor,1980,10,2,0,,,,history
Baylor,1981,5,6,0,,,,history
Baylor,1982,4,6,1,,,,history
Baylor,1983,7,4,1,,,,history
Baylor,1984,5,6,0,,,,history
Baylor,1985,9,3,0,,,,history
Baylor,1986,9,3,0,,,,history
Baylor,1987,6,5,0,,,,history
Baylor,1988,6,5,0,,,,history
Baylor,1989,5,6,0,,,,history
Baylor,1990,6,4,1,,,,history
Baylor,1991,8,4,0,,,,history
Baylor,1992,7,5,0,,,,history
Baylor,1993,5,6,0,,,,history
Baylor,1994,7,5,0,,,,history
Baylor,1995,7,4,0,,,,history
Baylor,1996,4,7,0,,,,history
Baylor,1997,2,9,0,,,,history
Baylor,1998,2,9,0,,,,history
Baylor,1999,1,10,0,,,,history
Baylor,2000,2,9,0,,,,history
Baylor,2001,3,8,0,,,,history
Baylor,2002,3,9,0,,,,history
Baylor,2003,3,9,0,,,,history
Baylor,2004,3,8,0,,,,history
Baylor,2005,5,6,0,,,,history
Baylor,2006,4,8,0,,,,history
Baylor,2007,3,9,0,,,,history
Baylor,2008,4,8,0,,,,history
Baylor,2009,4,8,0,,,,history
Baylor,2010,7,6,0,,,,history
Baylor,2011,10,3,0,,,,history
Baylor,2012,8,5,0,,,,history
Baylor,2013,11,2,0,,,,history
Baylor,2014,11,2,0,,,,history
Baylor,2015,10,3,0,,,,history
Baylor,2016,7,6,0,,,,history
Baylor,2017,1,11,0,,,,history
Baylor,2018,7,6,0,,,,history
Baylor,2019,11,3,0,,,,history
Baylor,2020,2,7,0,,,,history
Baylor,2021,12,2,0,,,,history
Baylor,2022,6,7,0,,,,history
Baylor,2023,3,9,0,,,,history
Baylor,2024,8,5,0,,,,history
Baylor,2025,5,7,0,,,,history
Boise State,1935,201,84,2,,,,ncaa
Boise State,1970,0,1,0,,,,history
Boise State,1971,1,0,0,,,,history
Boise State,1972,0,1,0,,,,history
Boise State,1973,1,0,0,,,,history
Boise State,1974,1,0,0,,,,history
Boise State,1975,0,1,0,,,,history
Boise State,1976,0,0,0,,,,history
Boise State,1977,1,1,0,,,,history
Boise State,1978,3,0,0,,,,history
Boise State,1979,1,1,0,,,,history
Boise State,1980,2,0,0,,,,history
Boise State,1981,0,1,0,,,,history
Boise State,1982,3,0,0,,,,history
Boise State,1983,0,2,0,,,,history
Boise State,1984,0,2,0,,,,history
Boise State,1985,0,2,0,,,,history
Boise State,1986,0,1,0,,,,history
Boise State,1987,0,1,0,,,,history
Boise State,1988,1,0,0,,,,history
Boise State,1989,0,2,0,,,,history
Boise State,1990,0,1,0,,,,history
Boise State,1991,1,0,0,,,,history
Boise State,1992,1,0,0,,,,history
Boise State,1993,0,1,0,,,,history
Boise State,1994,1,0,0,,,,history
Boise State,1995,1,0,0,,,,history
Boise State,1996,2,10,0,,,,history
Boise State,1997,4,7,0,,,,history
Boise State,1998,6,5,0,,,,history
Boise State,1999,10,3,0,,,,history
Boise State,2000,10,2,0,,,,history
Boise State,2001,8,4,0,,,,history
Boise State,2002,12,1,0,,,,history
Boise State,2003,13,1,0,,,,history
Boise State,2004,11,1,0,,,,history
Boise State,2005,9,4,0,,,,history
Boise State,2006,13,0,0,,,,history
Boise State,2007,10,3,0,,,,history
Boise State,2008,12,1,0,,,,history
Boise State,2009,14,0,0,,,,history
Boise State,2010,12,1,0,,,,history
Boise State,2011,12,1,0,,,,history
Boise State,2012,11,2,0,,,,history
Boise State,2013,8,5,0,,,,history
Boise State,2014,12,2,0,,,,history
Boise State,2015,9,4,0,,,,history
Boise State,2016,10,3,0,,,,history
Boise State,2017,11,3,0,,,,history
Boise State,2018,10,3,0,,,,history
Boise State,2019,12,2,0,,,,history
Boise State,2020,5,2,0,,,,history
Boise State,2021,7,5,0,,,,history
Boise State,2022,10,4,0,,,,history
Boise State,2023,8,6,0,,,,history
Boise State,2024,12,2,0,,,,history
Boise State,2025,9,5,0,,,,history
Boston College,1893,0,1,0,,,,history
Boston College,1895,0,1,0,,,,history
Boston College,1896,0,1,0,,,,history
Boston College,1897,0,1,0,,,,history
Boston College,1898,0,3,0,,,,history
Boston College,1899,2,1,0,,,,history
Boston College,1901,2,7,0,,,,history
Boston College,1902,0,9,0,,,,history
Boston College,1916,0,1,0,,,,history
Boston College,1917,0,2,0,,,,history
Boston College,1918,0,1,0,,,,history
Boston College,1919,5,3,0,,,,history
Boston College,1920,1,0,0,,,,history
Boston College,1921,1,0,0,,,,history
Boston College,1922,1,1,0,,,,history
Boston College,1924,0,1,0,,,,history
Boston College,1925,0,1,0,,,,history
Boston College,1927,0,2,0,,,,history
Boston College,1928,3,0,0,,,,history
Boston College,1929,1,2,0,,,,history
Boston College,1930,0,4,0,,,,history
Boston College,1931,1,3,0,,,,history
Boston College,1932,1,2,0,,,,history
Boston College,1933,2,1,0,,,,history
Boston College,1934,1,1,0,,,,history
Boston College,1935,1,1,0,,,,history
Boston College,1936,2,1,1,,,,history
Boston College,1937,4,4,1,,,,history
Boston College,1938,6,1,2,,,,history
Boston College,1939,9,2,0,,,,history
Boston College,1940,11,0,0,,,,history
Boston College,1941,7,3,0,,,,history
Boston College,1942,8,2,0,,,,history
Boston College,1943,0,0,0,,,,history
Boston College,1944,4,3,0,,,,history
Boston College,1945,3,4,0,,,,history
Boston College,1946,6,3,0,,,,history
Boston College,1947,5,4,0,,,,history
Boston College,1948,5,2,2,,,,history
Boston College,1949,4,4,1,,,,history
Boston College,1950,0,9,1,,,,history
Boston College,1951,3,6,0,,,,history
Boston College,1952,4,4,1,,,,history
Boston College,1953,5,3,1,,,,history
Boston College,1954,8,1,0,,,,history
Boston College,1955,5,2,1,,,,history
Boston College,1956,5,4,0,,,,history
Boston College,1957,7,2,0,,,,history
Boston College,1958,7,3,0,,,,history
Boston College,1959,5,4,0,,,,history
Boston College,1960,3,6,1,,,,history
Boston College,1961,4,6,0,,,,history
Boston College,1962,8,2,0,,,,history
Boston College,1963,6,3,0,,,,history
Boston College,1964,6,3,0,,,,history
Boston College,1965,6,4,0,,,,history
Boston College,1966,4,6,0,,,,history
Boston College,1967,4,6,0,,,,history
Boston College,1968,6,3,0,,,,history
Boston College,1969,5,4,0,,,,history
Boston College,1970,8,2,0,,,,history
Boston College,1971,9,2,0,,,,history
Boston College,1972,4,7,0,,,,history
Boston College,1973,7,4,0,,,,history
Boston College,1974,8,3,0,,,,history
Boston College,1975,7,4,0,,,,history
Boston College,1976,8,3,0,,,,history
Boston College,1977,6,5,0,,,,history
Boston College,1978,0,11,0,,,,history
Boston College,1979,5,6,0,,,,history
Boston College,1980,7,4,0,,,,history
Boston College,1981,5,6,0,,,,history
Boston College,1982,8,3,1,,,,history
Boston College,1983,9,3,0,,,,history
Boston College,1984,10,2,0,,,,history
Boston College,1985,4,8,0,,,,history
Boston College,1986,9,3,0,,,,history
Boston College,1987,5,6,0,,,,history
Boston College,1988,3,8,0,,,,history
Boston College,1989,2,9,0,,,,history
Boston College,1990,4,7,0,,,,history
Boston College,1991,4,7,0,,,,history
Boston College,1992,8,3,1,,,,history
Boston College,1993,9,3,0,,,,history
Boston College,1994,7,4,1,,,,history
Boston College,1995,4,8,0,,,,history
Boston College,1996,5,7,0,,,,history
Boston College,1997,4,7,0,,,,history
Boston College,1998,4,7,0,,,,history
Boston College,1999,8,4,0,,,,history
Boston College,2000,7,5,0,,,,history
Boston College,2001,8,4,0,,,,history
Boston College,2002,9,4,0,,,,history
Boston College,2003,8,5,0,,,,history
Boston College,2004,9,3,0,,,,history
Boston College,2005,9,3,0,,,,history
Boston College,2006,10,3,0,,,,history
Boston College,2007,11,3,0,,,,history
Boston College,2008,9,5,0,,,,history
Boston College,2009,8,5,0,,,,history
Boston College,2010,7,6,0,,,,history
Boston College,2011,4,8,0,,,,history
Boston College,2012,2,10,0,,,,history
Boston College,2013,7,6,0,,,,history
Boston College,2014,7,6,0,,,,history
Boston College,2015,3,9,0,,,,history
Boston College,2016,7,6,0,,,,history
Boston College,2017,7,6,0,,,,history
Boston College,2018,7,5,0,,,,history
Boston College,2019,6,7,0,,,,history
Boston College,2020,6,5,0,,,,history
Boston College,2021,6,6,0,,,,history
Boston College,2022,3,9,0,,,,history
Boston College,2023,7,6,0,,,,history
Boston College,2024,7,6,0,,,,history
Boston College,2025,2,10,0,,,,history
Bowling Green,1936,0,0,0,,,,history
Bowling Green,1937,0,0,0,,,,history
Bowling Green,1938,0,0,0,,,,history
Bowling Green,1939,0,0,0,,,,history
Bowling Green,1940,0,0,0,,,,history
Bowling Green,1941,0,0,0,,,,history
Bowling Green,1942,0,0,0,,,,history
Bowling Green,1943,0,0,0,,,,history
Bowling Green,1944,0,0,0,,,,history
Bowling Green,1945,0,0,0,,,,history
Bowling Green,1946,0,0,0,,,,history
Bowling Green,1947,0,1,0,,,,history
Bowling Green,1948,0,0,0,,,,history
Bowling Green,1949,0,0,0,,,,history
Bowling Green,1950,1,0,0,,,,history
Bowling Green,1951,1,0,0,,,,history
Bowling Green,1952,0,0,0,,,,history
Bowling Green,1953,0,0,0,,,,history
Bowling Green,1954,0,0,0,,,,history
Bowling Green,1955,0,0,0,,,,history
Bowling Green,1956,1,0,0,,,,history
Bowling Green,1957,0,0,0,,,,history
Bowling Green,1958,2,0,0,,,,history
Bowling Green,1959,1,0,0,,,,history
Bowling Green,1960,1,0,0,,,,history
Bowling Green,1961,2,0,0,,,,history
Bowling Green,1962,7,1,1,,,,history
Bowling Green,1963,8,2,0,,,,history
Bowling Green,1964,9,1,0,,,,history
Bowling Green,1965,7,2,0,,,,history
Bowling Green,1966,6,3,0,,,,history
Bowling Green,1967,6,4,0,,,,history
Bowling Green,1968,6,3,1,,,,history
Bowling Green,1969,6,4,0,,,,history
Bowling Green,1970,2,6,1,,,,history
Bowling Green,1971,6,4,0,,,,history
Bowling Green,1972,6,3,1,,,,history
Bowling Green,1973,7,3,0,,,,history
Bowling Green,1974,6,4,1,,,,history
Bowling Green,1975,8,3,0,,,,history
Bowling Green,1976,6,5,0,,,,history
Bowling Green,1977,5,7,0,,,,history
Bowling Green,1978,4,7,0,,,,history
Bowling Green,1979,4,7,0,,,,history
Bowling Green,1980,4,7,0,,,,history
Bowling Green,1981,5,5,1,,,,history
Bowling Green,1982,7,5,0,,,,history
Bowling Green,1983,8,3,0,,,,history
Bowling Green,1984,8,3,0,,,,history
Bowling Green,1985,11,1,0,,,,history
Bowling Green,1986,5,6,0,,,,history
Bowling Green,1987,5,6,0,,,,history
Bowling Green,1988,2,8,1,,,,history
Bowling Green,1989,5,6,0,,,,history
Bowling Green,1990,3,5,2,,,,history
Bowling Green,1991,11,1,0,,,,history
Bowling Green,1992,10,2,0,,,,history
Bowling Green,1993,6,3,2,,,,history
Bowling Green,1994,9,2,0,,,,history
Bowling Green,1995,5,6,0,,,,history
Bowling Green,1996,4,7,0,,,,history
Bowling Green,1997,3,8,0,,,,history
Bowling Green,1998,5,6,0,,,,history
Bowling Green,1999,5,6,0,,,,history
Bowling Green,2000,2,9,0,,,,history
Bowling Green,2001,8,3,0,,,,history
Bowling Green,2002,9,3,0,,,,history
Bowling Green,2003,11,3,0,,,,history
Bowling Green,2004,9,3,0,,,,history
Bowling Green,2005,6,5,0,,,,history
Bowling Green,2006,4,8,0,,,,history
Bowling Green,2007,8,5,0,,,,history
Bowling Green,2008,6,6,0,,,,history
Bowling Green,2009,7,6,0,,,,history
Bowling Green,2010,2,10,0,,,,history
Bowling Green,2011,5,7,0,,,,history
Bowling Green,2012,8,5,0,,,,history
Bowling Green,2013,10,4,0,,,,history
Bowling Green,2014,8,6,0,,,,history
Bowling Green,2015,10,4,0,,,,history
Bowling Green,2016,4,8,0,,,,history
Bowling Green,2017,2,10,0,,,,history
Bowling Green,2018,3,9,0,,,,history
Bowling Green,2019,3,9,0,,,,history
Bowling Green,2020,0,5,0,,,,history
Bowling Green,2021,4,8,0,,,,history
Bowling Green,2022,6,7,0,,,,history
Bowling Green,2023,7,6,0,,,,history
Bowling Green,2024,7,6,0,,,,history
Bowling Green,2025,4,8,0,,,,history
Buffalo,1898,1,1,0,,,,history
Buffalo,1899,2,0,0,,,,history
Buffalo,1900,1,1,0,,,,history
Buffalo,1901,2,1,0,,,,history
Buffalo,1902,0,2,0,,,,history
Buffalo,1930,0,2,0,,,,history
Buffalo,1931,0,2,0,,,,history
Buffalo,1932,0,2,0,,,,history
Buffalo,1936,0,0,0,,,,history
Buffalo,1937,0,0,0,,,,history
Buffalo,1938,0,0,0,,,,history
Buffalo,1939,0,0,0,,,,history
Buffalo,1940,0,0,0,,,,history
Buffalo,1941,0,0,0,,,,history
Buffalo,1942,0,0,0,,,,history
Buffalo,1946,0,1,0,,,,history
Buffalo,1947,0,0,0,,,,history
Buffalo,1948,0,1,0,,,,history
Buffalo,1949,0,1,0,,,,history
Buffalo,1950,0,0,0,,,,history
Buffalo,1951,0,1,0,,,,history
Buffalo,1952,0,1,0,,,,history
Buffalo,1953,0,0,0,,,,history
Buffalo,1954,0,0,0,,,,history
Buffalo,1955,0,0,0,,,,history
Buffalo,1956,0,0,0,,,,history
Buffalo,1957,0,0,0,,,,history
Buffalo,1958,2,0,0,,,,history
Buffalo,1959,0,0,0,,,,history
Buffalo,1960,0,4,0,,,,history
Buffalo,1961,1,3,0,,,,history
Buffalo,1962,6,3,0,,,,history
Buffalo,1963,5,3,1,,,,history
Buffalo,1964,4,4,1,,,,history
Buffalo,1965,5,3,2,,,,history
Buffalo,1966,5,5,0,,,,history
Buffalo,1967,6,4,0,,,,history
Buffalo,1968,7,3,0,,,,history
Buffalo,1969,6,3,0,,,,history
Buffalo,1970,2,9,0,,,,history
Buffalo,1977,0,0,0,,,,history
Buffalo,1978,0,0,0,,,,history
Buffalo,1979,0,0,0,,,,history
Buffalo,1980,0,0,0,,,,history
Buffalo,1981,0,0,0,,,,history
Buffalo,1982,0,0,0,,,,history
Buffalo,1983,0,0,0,,,,history
Buffalo,1984,0,0,0,,,,history
Buffalo,1985,0,0,0,,,,history
Buffalo,1986,0,0,0,,,,history
Buffalo,1987,0,0,0,,,,history
Buffalo,1988,0,0,0,,,,history
Buffalo,1989,0,0,0,,,,history
Buffalo,1990,0,0,0,,,,history
Buffalo,1991,0,0,0,,,,history
Buffalo,1992,0,0,0,,,,history
Buffalo,1993,0,0,0,,,,history
Buffalo,1994,0,0,0,,,,history
Buffalo,1995,0,0,0,,,,history
Buffalo,1996,0,0,0,,,,history
Buffalo,1997,0,1,0,,,,history
Buffalo,1998,0,0,0,,,,history
Buffalo,1999,0,11,0,,,,history
Buffalo,2000,2,9,0,,,,history
Buffalo,2001,3,8,0,,,,history
Buffalo,2002,1,11,0,,,,history
Buffalo,2003,1,11,0,,,,history
Buffalo,2004,2,9,0,,,,history
Buffalo,2005,1,10,0,,,,history
Buffalo,2006,2,10,0,,,,history
Buffalo,2007,5,7,0,,,,history
Buffalo,2008,8,6,0,,,,history
Buffalo,2009,5,7,0,,,,history
Buffalo,2010,2,10,0,,,,history
Buffalo,2011,3,9,0,,,,history
Buffalo,2012,4,8,0,,,,history
Buffalo,2013,8,5,0,,,,history
Buffalo,2014,5,6,0,,,,history
Buffalo,2015,5,7,0,,,,history
Buffalo,2016,2,10,0,,,,history
Buffalo,2017,6,6,0,,,,history
Buffalo,2018,10,4,0,,,,history
Buffalo,2019,8,5,0,,,,history
Buffalo,2020,6,1,0,,,,history
Buffalo,2021,4,8,0,,,,history
Buffalo,2022,7,6,0,,,,history
Buffalo,2023,3,9,0,,,,history
Buffalo,2024,9,4,0,,,,history
Buffalo,2025,5,7,0,,,,history
BYU,1922,1,5,0,,,,history
BYU,1923,2,5,0,,,,history
BYU,1924,2,3,1,,,,history
BYU,1925,3,3,0,,,,history
BYU,1926,1,5,1,,,,history
BYU,1927,2,4,1,,,,history
BYU,1928,3,3,1,,,,history
BYU,1929,5,3,0,,,,history
BYU,1930,5,2,4,,,,history
BYU,1931,4,4,0,,,,history
BYU,1932,8,1,0,,,,history
BYU,1933,5,4,0,,,,history
BYU,1934,4,5,0,,,,history
BYU,1935,4,4,0,,,,history
BYU,1936,4,5,0,,,,history
BYU,1937,6,3,0,,,,history
BYU,1938,4,3,1,,,,history
BYU,1939,5,2,2,,,,history
BYU,1940,2,4,2,,,,history
BYU,1941,4,3,2,,,,history
BYU,1942,2,5,0,,,,history
BYU,1946,5,4,1,,,,history
BYU,1947,3,7,0,,,,history
BYU,1948,5,6,0,,,,history
BYU,1949,0,11,0,,,,history
BYU,1950,4,5,1,,,,history
BYU,1951,6,3,1,,,,history
BYU,1952,4,6,0,,,,history
BYU,1953,2,7,1,,,,history
BYU,1954,1,8,0,,,,history
BYU,1955,1,9,0,,,,history
BYU,1956,2,7,1,,,,history
BYU,1957,5,3,2,,,,history
BYU,1958,6,4,0,,,,history
BYU,1959,3,7,0,,,,history
BYU,1960,3,8,0,,,,history
BYU,1961,2,8,0,,,,history
BYU,1962,4,6,0,,,,history
BYU,1963,2,8,0,,,,history
BYU,1964,3,6,1,,,,history
BYU,1965,6,4,0,,,,history
BYU,1966,8,2,0,,,,history
BYU,1967,6,4,0,,,,history
BYU,1968,2,8,0,,,,history
BYU,1969,6,4,0,,,,history
BYU,1970,3,8,0,,,,history
BYU,1971,5,6,0,,,,history
BYU,1972,7,4,0,,,,history
BYU,1973,5,6,0,,,,history
BYU,1974,7,4,1,,,,history
BYU,1975,6,5,0,,,,history
BYU,1976,9,3,0,,,,history
BYU,1977,9,2,0,,,,history
BYU,1978,9,4,0,,,,history
BYU,1979,11,1,0,,,,history
BYU,1980,12,1,0,,,,history
BYU,1981,11,2,0,,,,history
BYU,1982,8,4,0,,,,history
BYU,1983,11,1,0,,,,history
BYU,1984,13,0,0,,,,history
BYU,1985,11,3,0,,,,history
BYU,1986,8,5,0,,,,history
BYU,1987,9,4,0,,,,history
BYU,1988,9,4,0,,,,history
BYU,1989,10,3,0,,,,history
BYU,1990,10,3,0,,,,history
BYU,1991,8,3,2,,,,history
BYU,1992,8,5,0,,,,history
BYU,1993,6,6,0,,,,history
BYU,1994,10,3,0,,,,history
BYU,1995,7,4,0,,,,history
BYU,1996,14,1,0,,,,history
BYU,1997,6,5,0,,,,history
BYU,1998,9,5,0,,,,history
BYU,1999,8,4,0,,,,history
BYU,2000,6,6,0,,,,history
BYU,2001,12,2,0,,,,history
BYU,2002,5,7,0,,,,history
BYU,2003,4,8,0,,,,history
BYU,2004,5,6,0,,,,history
BYU,2005,6,6,0,,,,history
BYU,2006,11,2,0,,,,history
BYU,2007,11,2,0,,,,history
BYU,2008,10,3,0,,,,history
BYU,2009,11,2,0,,,,history
BYU,2010,7,6,0,,,,history
BYU,2011,10,3,0,,,,history
BYU,2012,8,5,0,,,,history
BYU,2013,8,5,0,,,,history
BYU,2014,8,5,0,,,,history
BYU,2015,9,4,0,,,,history
BYU,2016,9,4,0,,,,history
BYU,2017,4,9,0,,,,history
BYU,2018,7,6,0,,,,history
BYU,2019,7,6,0,,,,history
BYU,2020,11,1,0,,,,history
BYU,2021,10,3,0,,,,history
BYU,2022,8,5,0,,,,history
BYU,2023,5,7,0,,,,history
BYU,2024,11,2,0,,,,history
BYU,2025,12,2,0,,,,history
California,1899,0,1,0,,,,history
California,1916,6,4,1,,,,history
California,1917,5,5,1,,,,history
California,1918,6,2,0,,,,history
California,1919,6,2,1,,,,history
California,1920,9,0,0,,,,history
California,1921,9,0,1,,,,history
California,1922,9,0,0,,,,history
California,1923,9,0,1,,,,history
California,1924,8,0,2,,,,history
California,1925,6,3,0,,,,history
California,1926,3,6,0,,,,history
California,1927,7,3,0,,,,history
California,1928,6,2,2,,,,history
California,1929,7,1,1,,,,history
California,1930,4,5,0,,,,history
California,1931,8,2,0,,,,history
California,1932,7,3,2,,,,history
California,1933,6,3,2,,,,history
California,1934,6,6,0,,,,history
California,1935,9,1,0,,,,history
California,1936,6,5,0,,,,history
California,1937,10,0,1,,,,history
California,1938,10,1,0,,,,history
California,1939,3,7,0,,,,history
California,1940,4,6,0,,,,history
California,1941,4,5,0,,,,history
California,1942,5,5,0,,,,history
California,1943,4,6,0,,,,history
California,1944,3,6,1,,,,history
California,1945,4,5,1,,,,history
California,1946,2,7,0,,,,history
California,1947,9,1,0,,,,history
California,1948,10,1,0,,,,history
California,1949,10,1,0,,,,history
California,1950,9,1,1,,,,history
California,1951,8,2,0,,,,history
California,1952,7,3,0,,,,history
California,1953,4,4,2,,,,history
California,1954,5,5,0,,,,history
California,1955,2,7,1,,,,history
California,1956,3,7,0,,,,history
California,1957,1,9,0,,,,history
California,1958,7,4,0,,,,history
California,1959,2,8,0,,,,history
California,1960,2,7,1,,,,history
California,1961,1,8,1,,,,history
California,1962,1,9,0,,,,history
California,1963,4,5,1,,,,history
California,1964,3,7,0,,,,history
California,1965,5,5,0,,,,history
California,1966,3,7,0,,,,history
California,1967,5,5,0,,,,history
California,1968,7,3,1,,,,history
California,1969,5,5,0,,,,history
California,1970,6,5,0,,,,history
California,1971,6,5,0,,,,history
California,1972,3,8,0,,,,history
California,1973,4,7,0,,,,history
California,1974,7,3,1,,,,history
California,1975,8,3,0,,,,history
California,1976,5,6,0,,,,history
California,1977,7,4,0,,,,history
California,1978,6,5,0,,,,history
California,1979,6,6,0,,,,history
California,1980,3,8,0,,,,history
California,1981,2,9,0,,,,history
California,1982,7,4,0,,,,history
California,1983,5,5,1,,,,history
California,1984,2,9,0,,,,history
California,1985,4,7,0,,,,history
California,1986,2,9,0,,,,history
California,1987,3,6,2,,,,history
California,1988,5,5,1,,,,history
California,1989,4,7,0,,,,history
California,1990,7,4,1,,,,history
California,1991,10,2,0,,,,history
California,1992,4,7,0,,,,history
California,1993,9,4,0,,,,history
California,1994,4,7,0,,,,history
California,1995,3,8,0,,,,history
California,1996,6,6,0,,,,history
California,1997,3,8,0,,,,history
California,1998,5,6,0,,,,history
California,1999,4,7,0,4,0,Holmoe,history
California,2000,3,8,0,,,,history
California,2001,1,10,0,,,,history
California,2002,7,5,0,,,,history
California,2003,8,6,0,,,,history
California,2004,10,2,0,,,,history
California,2005,8,4,0,,,,history
California,2006,10,3,0,,,,history
California,2007,7,6,0,,,,history
California,2008,9,4,0,,,,history
California,2009,8,5,0,,,,history
California,2010,5,7,0,,,,history
California,2011,7,6,0,,,,history
California,2012,3,9,0,,,,history
California,2013,1,11,0,,,,history
California,2014,5,7,0,,,,history
California,2015,8,5,0,,,,history
California,2016,5,7,0,,,,history
California,2017,5,7,0,,,,history
California,2018,7,6,0,,,,history
California,2019,8,5,0,,,,history
California,2020,1,3,0,,,,history
California,2021,5,7,0,,,,history
California,2022,4,8,0,,,,history
California,2023,6,7,0,,,,history
California,2024,6,7,0,,,,history
California,2025,7,6,0,,,,history
Central Michigan,1931,0,1,0,,,,history
Central Michigan,1934,0,1,0,,,,history
Central Michigan,1935,0,1,0,,,,history
Central Michigan,1936,0,0,0,,,,history
Central Michigan,1937,0,0,0,,,,history
Central Michigan,1938,0,0,0,,,,history
Central Michigan,1939,0,1,0,,,,history
Central Michigan,1940,0,0,0,,,,history
Central Michigan,1941,0,1,0,,,,history
Central Michigan,1942,0,0,0,,,,history
Central Michigan,1943,0,0,0,,,,history
Central Michigan,1944,0,0,0,,,,history
Central Michigan,1945,0,0,0,,,,history
Central Michigan,1946,0,0,0,,,,history
Central Michigan,1947,0,1,0,,,,history
Central Michigan,1948,0,0,0,,,,history
Central Michigan,1949,0,0,0,,,,history
Central Michigan,1950,0,0,0,,,,history
Central Michigan,1951,0,0,0,,,,history
Central Michigan,1952,0,0,0,,,,history
Central Michigan,1953,0,0,0,,,,history
Central Michigan,1954,0,0,0,,,,history
Central Michigan,1955,0,0,0,,,,history
Central Michigan,1956,0,0,0,,,,history
Central Michigan,1957,0,0,0,,,,history
Central Michigan,1958,0,0,0,,,,history
Central Michigan,1959,0,0,0,,,,history
Central Michigan,1960,0,0,0,,,,history
Central Michigan,1961,0,0,0,,,,history
Central Michigan,1962,0,1,0,,,,history
Central Michigan,1963,1,0,0,,,,history
Central Michigan,1964,1,0,0,,,,history
Central Michigan,1965,0,1,0,,,,history
Central Michigan,1966,0,1,0,,,,history
Central Michigan,1967,0,0,0,,,,history
Central Michigan,1968,0,0,0,,,,history
Central Michigan,1969,0,1,0,,,,history
Central Michigan,1970,0,1,0,,,,history
Central Michigan,1971,0,0,0,,,,history
Central Michigan,1972,0,1,0,,,,history
Central Michigan,1973,1,3,0,,,,history
Central Michigan,1974,3,1,0,,,,history
Central Michigan,1975,8,2,1,,,,history
Central Michigan,1976,7,4,0,,,,history
Central Michigan,1977,10,1,0,,,,history
Central Michigan,1978,9,2,0,,,,history
Central Michigan,1979,10,0,1,,,,history
Central Michigan,1980,9,2,0,,,,history
Central Michigan,1981,7,4,0,,,,history
Central Michigan,1982,6,4,1,,,,history
Central Michigan,1983,8,3,0,,,,history
Central Michigan,1984,8,2,1,,,,history
Central Michigan,1985,7,3,0,,,,history
Central Michigan,1986,5,5,0,,,,history
Central Michigan,1987,5,5,1,,,,history
Central Michigan,1988,7,4,0,,,,history
Central Michigan,1989,5,5,1,,,,history
Central Michigan,1990,8,3,1,,,,history
Central Michigan,1991,6,1,4,,,,history
Central Michigan,1992,5,6,0,,,,history
Central Michigan,1993,5,6,0,,,,history
Central Michigan,1994,9,3,0,,,,history
Central Michigan,1995,4,7,0,,,,history
Central Michigan,1996,5,6,0,,,,history
Central Michigan,1997,2,9,0,,,,history
Central Michigan,1998,6,5,0,,,,history
Central Michigan,1999,4,7,0,,,,history
Central Michigan,2000,2,9,0,,,,history
Central Michigan,2001,3,8,0,,,,history
Central Michigan,2002,4,8,0,,,,history
Central Michigan,2003,3,9,0,,,,history
Central Michigan,2004,4,7,0,,,,history
Central Michigan,2005,6,5,0,,,,history
Central Michigan,2006,10,4,0,,,,history
Central Michigan,2007,8,6,0,,,,history
Central Michigan,2008,8,5,0,,,,history
Central Michigan,2009,12,2,0,,,,history
Central Michigan,2010,3,9,0,,,,history
Central Michigan,2011,3,9,0,,,,history
Central Michigan,2012,7,6,0,,,,history
Central Michigan,2013,6,6,0,,,,history
Central Michigan,2014,7,6,0,,,,history
Central Michigan,2015,7,6,0,,,,history
Central Michigan,2016,6,7,0,,,,history
Central Michigan,2017,8,5,0,,,,history
Central Michigan,2018,1,11,0,,,,history
Central Michigan,2019,8,6,0,,,,history
Central Michigan,2020,3,3,0,,,,history
Central Michigan,2021,9,4,0,,,,history
Central Michigan,2022,4,8,0,,,,history
Central Michigan,2023,5,7,0,,,,history
Central Michigan,2024,4,8,0,,,,history
Central Michigan,2025,7,6,0,,,,history
Charlotte,1946,0,0,0,,,,history
Charlotte,1947,0,0,0,,,,history
Charlotte,1948,0,0,0,,,,history
Charlotte,2013,5,6,0,,,,history
Charlotte,2014,5,6,0,,,,history
Charlotte,2015,2,10,0,,,,history
Charlotte,2016,4,8,0,,,,history
Charlotte,2017,1,11,0,,,,history
Charlotte,2018,5,7,0,,,,history
Charlotte,2019,7,6,0,,,,history
Charlotte,2020,2,4,0,,,,history
Charlotte,2021,5,7,0,,,,history
Charlotte,2022,3,9,0,,,,history
Charlotte,2023,3,9,0,,,,history
Charlotte,2024,5,7,0,,,,history
Charlotte,2025,1,11,0,,,,history
Cincinnati,1893,0,1,0,,,,history
Cincinnati,1896,0,1,0,,,,history
Cincinnati,1897,0,1,0,,,,history
Cincinnati,1898,1,0,0,,,,history
Cincinnati,1899,0,1,0,,,,history
Cincinnati,1900,0,1,0,,,,history
Cincinnati,1903,0,2,0,,,,history
Cincinnati,1904,1,0,0,,,,history
Cincinnati,1905,0,2,0,,,,history
Cincinnati,1906,0,2,0,,,,history
Cincinnati,1908,0,1,0,,,,history
Cincinnati,1909,0,1,0,,,,history
Cincinnati,1915,0,1,0,,,,history
Cincinnati,1916,0,1,0,,,,history
Cincinnati,1919,1,2,0,,,,history
Cincinnati,1920,0,1,0,,,,history
Cincinnati,1921,0,2,0,,,,history
Cincinnati,1922,0,3,0,,,,history
Cincinnati,1923,0,1,0,,,,history
Cincinnati,1924,0,1,0,,,,history
Cincinnati,1930,0,1,0,,,,history
Cincinnati,1931,0,1,0,,,,history
Cincinnati,1932,1,0,0,,,,history
Cincinnati,1933,1,1,0,,,,history
Cincinnati,1934,0,2,0,,,,history
Cincinnati,1935,1,0,0,,,,history
Cincinnati,1936,0,3,0,,,,history
Cincinnati,1937,0,1,0,,,,history
Cincinnati,1938,0,0,0,,,,history
Cincinnati,1939,0,1,0,,,,history
Cincinnati,1940,1,1,1,,,,history
Cincinnati,1941,0,1,0,,,,history
Cincinnati,1942,0,2,0,,,,history
Cincinnati,1945,1,2,0,,,,history
Cincinnati,1946,3,2,0,,,,history
Cincinnati,1947,1,1,0,,,,history
Cincinnati,1948,0,4,1,,,,history
Cincinnati,1949,2,2,0,,,,history
Cincinnati,1950,3,3,0,,,,history
Cincinnati,1951,5,0,0,,,,history
Cincinnati,1952,2,1,1,,,,history
Cincinnati,1953,3,1,0,,,,history
Cincinnati,1954,8,2,0,,,,history
Cincinnati,1955,1,6,2,,,,history
Cincinnati,1956,4,5,0,,,,history
Cincinnati,1957,5,4,1,,,,history
Cincinnati,1958,6,2,2,,,,history
Cincinnati,1959,5,4,1,,,,history
Cincinnati,1960,4,6,0,,,,history
Cincinnati,1961,3,7,0,,,,history
Cincinnati,1962,2,8,0,,,,history
Cincinnati,1963,6,4,0,,,,history
Cincinnati,1964,8,2,0,,,,history
Cincinnati,1965,5,5,0,,,,history
Cincinnati,1966,3,7,0,,,,history
Cincinnati,1967,3,6,0,,,,history
Cincinnati,1968,5,4,1,,,,history
Cincinnati,1969,4,6,0,,,,history
Cincinnati,1970,7,4,0,,,,history
Cincinnati,1971,7,4,0,,,,history
Cincinnati,1972,2,9,0,,,,history
Cincinnati,1973,4,7,0,,,,history
Cincinnati,1974,7,4,0,,,,history
Cincinnati,1975,6,5,0,,,,history
Cincinnati,1976,8,3,0,,,,history
Cincinnati,1977,5,4,2,,,,history
Cincinnati,1978,5,6,0,,,,history
Cincinnati,1979,2,9,0,,,,history
Cincinnati,1980,2,9,0,,,,history
Cincinnati,1981,6,5,0,,,,history
Cincinnati,1982,6,5,0,,,,history
Cincinnati,1983,4,6,1,,,,history
Cincinnati,1984,2,9,0,,,,history
Cincinnati,1985,5,6,0,,,,history
Cincinnati,1986,5,6,0,,,,history
Cincinnati,1987,4,7,0,,,,history
Cincinnati,1988,3,8,0,,,,history
Cincinnati,1989,1,9,1,,,,history
Cincinnati,1990,1,10,0,,,,history
Cincinnati,1991,4,7,0,,,,history
Cincinnati,1992,3,8,0,,,,history
Cincinnati,1993,8,3,0,,,,history
Cincinnati,1994,2,8,1,,,,history
Cincinnati,1995,6,5,0,,,,history
Cincinnati,1996,6,5,0,,,,history
Cincinnati,1997,8,4,0,,,,history
Cincinnati,1998,2,9,0,,,,history
Cincinnati,1999,3,8,0,,,,history
Cincinnati,2000,7,5,0,,,,history
Cincinnati,2001,7,5,0,,,,history
Cincinnati,2002,7,7,0,,,,history
Cincinnati,2003,5,7,0,,,,history
Cincinnati,2004,7,5,0,,,,history
Cincinnati,2005,4,7,0,,,,history
Cincinnati,2006,8,5,0,,,,history
Cincinnati,2007,10,3,0,,,,history
Cincinnati,2008,11,3,0,,,,history
Cincinnati,2009,12,1,0,,,,history
Cincinnati,2010,4,8,0,,,,history
Cincinnati,2011,10,3,0,,,,history
Cincinnati,2012,10,3,0,,,,history
Cincinnati,2013,9,4,0,,,,history
Cincinnati,2014,9,4,0,,,,history
Cincinnati,2015,7,6,0,,,,history
Cincinnati,2016,4,8,0,,,,history
Cincinnati,2017,4,8,0,,,,history
Cincinnati,2018,11,2,0,,,,history
Cincinnati,2019,11,3,0,,,,history
Cincinnati,2020,9,1,0,,,,history
Cincinnati,2021,13,1,0,,,,history
Cincinnati,2022,9,4,0,,,,history
Cincinnati,2023,3,9,0,,,,history
Cincinnati,2024,5,7,0,,,,history
Cincinnati,2025,7,6,0,,,,history
Clemson,1935,160,135,23,,,,ncaa
Clemson,1936,5,5,0,,,,history
Clemson,1937,4,4,1,,,,history
Clemson,1938,7,1,1,,,,history
Clemson,1939,9,1,0,,,,history
Clemson,1940,6,2,1,,,,history
Clemson,1941,7,2,0,,,,history
Clemson,1942,3,6,1,,,,history
Clemson,1943,2,6,0,,,,history
Clemson,1944,4,5,0,,,,history
Clemson,1945,6,3,1,,,,history
Clemson,1946,4,5,0,,,,history
Clemson,1947,4,5,0,,,,history
Clemson,1948,11,0,0,,,,history
Clemson,1949,4,4,2,,,,history
Clemson,1950,9,0,1,,,,history
Clemson,1951,7,3,0,,,,history
Clemson,1952,2,6,1,,,,history
Clemson,1953,3,5,1,,,,history
Clemson,1954,5,5,0,,,,history
Clemson,1955,7,3,0,,,,history
Clemson,1956,7,2,2,,,,history
Clemson,1957,7,3,0,,,,history
Clemson,1958,8,3,0,,,,history
Clemson,1959,9,2,0,,,,history
Clemson,1960,6,4,0,,,,history
Clemson,1961,5,5,0,,,,history
Clemson,1962,6,4,0,,,,history
Clemson,1963,5,4,1,,,,history
Clemson,1964,3,7,0,,,,history
Clemson,1965,5,5,0,,,,history
Clemson,1966,6,4,0,,,,history
Clemson,1967,6,4,0,,,,history
Clemson,1968,4,5,1,,,,history
Clemson,1969,4,6,0,,,,history
Clemson,1970,3,8,0,,,,history
Clemson,1971,5,6,0,,,,history
Clemson,1972,4,7,0,,,,history
Clemson,1973,5,6,0,,,,history
Clemson,1974,7,4,0,,,,history
Clemson,1975,2,9,0,,,,history
Clemson,1976,3,6,2,,,,history
Clemson,1977,8,3,1,,,,history
Clemson,1978,11,1,0,,,,history
Clemson,1979,8,4,0,,,,history
Clemson,1980,6,5,0,,,,history
Clemson,1981,12,0,0,,,,history
Clemson,1982,9,1,1,,,,history
Clemson,1983,9,1,1,,,,history
Clemson,1984,7,4,0,,,,history
Clemson,1985,6,6,0,,,,history
Clemson,1986,8,2,2,,,,history
Clemson,1987,10,2,0,,,,history
Clemson,1988,10,2,0,,,,history
Clemson,1989,10,2,0,,,,history
Clemson,1990,10,2,0,,,,history
Clemson,1991,9,2,1,,,,history
Clemson,1992,5,6,0,,,,history
Clemson,1993,9,3,0,,,,history
Clemson,1994,5,6,0,,,,history
Clemson,1995,8,4,0,,,,history
Clemson,1996,7,5,0,,,,history
Clemson,1997,7,5,0,,,,history
Clemson,1998,3,8,0,,,,history
Clemson,1999,6,6,0,,,,history
Clemson,2000,9,3,0,,,,history
Clemson,2001,7,5,0,,,,history
Clemson,2002,7,6,0,,,,history
Clemson,2003,9,4,0,,,,history
Clemson,2004,6,5,0,,,,history
Clemson,2005,8,4,0,,,,history
Clemson,2006,8,5,0,,,,history
Clemson,2007,9,4,0,,,,history
Clemson,2008,7,6,0,,,,history
Clemson,2009,9,5,0,,,,history
Clemson,2010,6,7,0,,,,history
Clemson,2011,10,4,0,,,,history
Clemson,2012,11,2,0,,,,history
Clemson,2013,11,2,0,,,,history
Clemson,2014,10,3,0,,,,history
Clemson,2015,14,1,0,,,,history
Clemson,2016,14,1,0,,,,history
Clemson,2017,12,2,0,,,,history
Clemson,2018,15,0,0,,,,history
Clemson,2019,14,1,0,,,,history
Clemson,2020,10,2,0,,,,history
Clemson,2021,10,3,0,,,,history
Clemson,2022,11,3,0,,,,history
Clemson,2023,9,4,0,,,,history
Clemson,2024,10,4,0,,,,history
Clemson,2025,7,6,0,,,,history
Coastal Carolina,2003,6,5,0,,,,history
Coastal Carolina,2004,10,1,0,,,,history
Coastal Carolina,2005,9,2,0,,,,history
Coastal Carolina,2006,9,3,0,,,,history
Coastal Carolina,2007,5,6,0,,,,history
Coastal Carolina,2008,6,6,0,,,,history
Coastal Carolina,2009,4,6,0,,,,history
Coastal Carolina,2010,6,6,0,,,,history
Coastal Carolina,2011,7,3,0,,,,history
Coastal Carolina,2012,3,4,0,,,,history
Coastal Carolina,2013,11,2,0,,,,history
Coastal Carolina,2014,12,2,0,,,,history
Coastal Carolina,2015,9,3,0,,,,history
Coastal Carolina,2016,10,2,0,,,,history
Coastal Carolina,2017,3,9,0,,,,history
Coastal Carolina,2018,5,7,0,,,,history
Coastal Carolina,2019,5,7,0,,,,history
Coastal Carolina,2020,11,1,0,,,,history
Coastal Carolina,2021,11,2,0,,,,history
Coastal Carolina,2022,9,4,0,,,,history
Coastal Carolina,2023,8,5,0,,,,history
Coastal Carolina,2024,6,7,0,,,,history
Coastal Carolina,2025,6,7,0,,,,history
Colorado,1902,5,1,0,,,,history
Colorado,1903,8,2,0,,,,history
Colorado,1904,6,2,1,,,,history
Colorado,1905,8,1,0,,,,history
Colorado,1906,2,3,4,,,,history
Colorado,1907,5,3,0,,,,history
Colorado,1908,5,2,0,,,,history
Colorado,1909,6,0,0,,,,history
Colorado,1910,6,0,0,,,,history
Colorado,1911,6,0,0,,,,history
Colorado,1912,6,3,0,,,,history
Colorado,1913,5,1,1,,,,history
Colorado,1914,5,1,0,,,,history
Colorado,1915,1,6,0,,,,history
Colorado,1916,1,5,1,,,,history
Colorado,1917,6,2,0,,,,history
Colorado,1918,2,3,0,,,,history
Colorado,1919,2,3,1,,,,history
Colorado,1920,4,1,2,,,,history
Colorado,1921,4,1,1,,,,history
Colorado,1922,4,4,0,,,,history
Colorado,1923,9,0,0,,,,history
Colorado,1924,8,1,1,,,,history
Colorado,1925,6,3,0,,,,history
Colorado,1926,3,5,1,,,,history
Colorado,1927,4,5,0,,,,history
Colorado,1928,5,1,0,,,,history
Colorado,1929,5,1,1,,,,history
Colorado,1930,6,1,1,,,,history
Colorado,1931,5,3,0,,,,history
Colorado,1932,2,4,0,,,,history
Colorado,1933,7,2,0,,,,history
Colorado,1934,6,1,2,,,,history
Colorado,1935,5,4,0,,,,history
Colorado,1936,4,3,0,,,,history
Colorado,1937,8,1,0,,,,history
Colorado,1938,3,4,1,,,,history
Colorado,1939,5,3,0,,,,history
Colorado,1940,5,3,1,,,,history
Colorado,1941,3,4,1,,,,history
Colorado,1942,7,2,0,,,,history
Colorado,1943,5,2,0,,,,history
Colorado,1944,6,2,0,,,,history
Colorado,1945,5,3,0,,,,history
Colorado,1946,5,4,1,,,,history
Colorado,1947,4,5,0,,,,history
Colorado,1948,3,6,0,,,,history
Colorado,1949,3,7,0,,,,history
Colorado,1950,5,4,1,,,,history
Colorado,1951,7,3,0,,,,history
Colorado,1952,6,2,2,,,,history
Colorado,1953,6,4,0,,,,history
Colorado,1954,7,2,1,,,,history
Colorado,1955,6,4,0,,,,history
Colorado,1956,8,2,1,,,,history
Colorado,1957,6,3,1,,,,history
Colorado,1958,6,4,0,,,,history
Colorado,1959,5,5,0,,,,history
Colorado,1960,6,4,0,,,,history
Colorado,1961,9,2,0,,,,history
Colorado,1962,2,8,0,,,,history
Colorado,1963,2,8,0,,,,history
Colorado,1964,2,8,0,,,,history
Colorado,1965,6,2,2,,,,history
Colorado,1966,7,3,0,,,,history
Colorado,1967,9,2,0,,,,history
Colorado,1968,4,6,0,,,,history
Colorado,1969,8,3,0,,,,history
Colorado,1970,6,5,0,,,,history
Colorado,1971,10,2,0,,,,history
Colorado,1972,8,4,0,,,,history
Colorado,1973,5,6,0,,,,history
Colorado,1974,5,6,0,,,,history
Colorado,1975,9,3,0,,,,history
Colorado,1976,8,4,0,,,,history
Colorado,1977,7,3,1,,,,history
Colorado,1978,6,5,0,,,,history
Colorado,1979,3,8,0,,,,history
Colorado,1980,1,10,0,,,,history
Colorado,1981,3,8,0,,,,history
Colorado,1982,2,8,1,,,,history
Colorado,1983,4,7,0,,,,history
Colorado,1984,1,10,0,,,,history
Colorado,1985,7,5,0,,,,history
Colorado,1986,6,6,0,,,,history
Colorado,1987,7,4,0,,,,history
Colorado,1988,8,4,0,,,,history
Colorado,1989,11,1,0,,,,history
Colorado,1990,11,1,1,,,,history
Colorado,1991,8,3,1,,,,history
Colorado,1992,9,2,1,,,,history
Colorado,1993,8,3,1,,,,history
Colorado,1994,11,1,0,,,,history
Colorado,1995,10,2,0,,,,history
Colorado,1996,10,2,0,,,,history
Colorado,1997,5,6,0,,,,history
Colorado,1998,8,4,0,,,,history
Colorado,1999,7,5,0,,,,history
Colorado,2000,3,8,0,,,,history
Colorado,2001,10,3,0,,,,history
Colorado,2002,9,5,0,,,,history
Colorado,2003,5,7,0,,,,history
Colorado,2004,8,5,0,,,,history
Colorado,2005,7,6,0,,,,history
Colorado,2006,2,10,0,,,,history
Colorado,2007,6,7,0,,,,history
Colorado,2008,5,7,0,,,,history
Colorado,2009,3,9,0,,,,history
Colorado,2010,5,7,0,,,,history
Colorado,2011,3,10,0,,,,history
Colorado,2012,1,11,0,,,,history
Colorado,2013,4,8,0,,,,history
Colorado,2014,2,10,0,,,,history
Colorado,2015,4,9,0,,,,history
Colorado,2016,10,4,0,,,,history
Colorado,2017,5,7,0,,,,history
Colorado,2018,5,7,0,,,,history
Colorado,2019,5,7,0,,,,history
Colorado,2020,4,2,0,,,,history
Colorado,2021,4,8,0,,,,history
Colorado,2022,1,11,0,,,,history
Colorado,2023,4,8,0,,,,history
Colorado,2024,9,4,0,,,,history
Colorado,2025,3,9,0,,,,history
Colorado State,1902,1,3,2,,,,history
Colorado State,1903,6,1,0,,,,history
Colorado State,1904,0,4,1,,,,history
Colorado State,1905,3,4,0,,,,history
Colorado State,1906,1,2,1,,,,history
Colorado State,1907,0,4,0,,,,history
Colorado State,1908,0,2,0,,,,history
Colorado State,1909,1,2,0,,,,history
Colorado State,1910,0,5,0,,,,history
Colorado State,1911,0,6,0,,,,history
Colorado State,1912,3,2,0,,,,history
Colorado State,1913,3,2,0,,,,history
Colorado State,1914,3,4,0,,,,history
Colorado State,1915,7,0,0,,,,history
Colorado State,1916,6,0,1,,,,history
Colorado State,1917,0,7,1,,,,history
Colorado State,1918,0,2,0,,,,history
Colorado State,1919,7,1,0,,,,history
Colorado State,1920,6,1,1,,,,history
Colorado State,1921,2,3,1,,,,history
Colorado State,1922,5,2,1,,,,history
Colorado State,1923,5,2,1,,,,history
Colorado State,1924,4,2,0,,,,history
Colorado State,1925,9,1,0,,,,history
Colorado State,1926,6,2,1,,,,history
Colorado State,1927,7,1,0,,,,history
Colorado State,1928,6,2,0,,,,history
Colorado State,1929,5,4,0,,,,history
Colorado State,1930,3,5,1,,,,history
Colorado State,1931,5,4,0,,,,history
Colorado State,1932,4,3,1,,,,history
Colorado State,1933,5,1,1,,,,history
Colorado State,1934,6,2,1,,,,history
Colorado State,1935,3,4,1,,,,history
Colorado State,1936,4,4,1,,,,history
Colorado State,1937,1,7,0,,,,history
Colorado State,1938,1,5,2,,,,history
Colorado State,1939,2,7,0,,,,history
Colorado State,1940,3,4,2,,,,history
Colorado State,1941,4,2,1,,,,history
Colorado State,1942,4,3,0,,,,history
Colorado State,1945,2,5,1,,,,history
Colorado State,1946,2,7,0,,,,history
Colorado State,1947,5,4,1,,,,history
Colorado State,1948,8,3,0,,,,history
Colorado State,1949,9,1,0,,,,history
Colorado State,1950,6,3,0,,,,history
Colorado State,1951,5,4,1,,,,history
Colorado State,1952,6,4,0,,,,history
Colorado State,1953,4,5,0,,,,history
Colorado State,1954,3,7,0,,,,history
Colorado State,1955,8,2,0,,,,history
Colorado State,1956,2,7,1,,,,history
Colorado State,1957,3,7,0,,,,history
Colorado State,1958,6,4,0,,,,history
Colorado State,1959,6,4,0,,,,history
Colorado State,1960,2,8,0,,,,history
Colorado State,1961,0,10,0,,,,history
Colorado State,1962,0,10,0,,,,history
Colorado State,1963,3,7,0,,,,history
Colorado State,1964,5,6,0,,,,history
Colorado State,1965,4,6,0,,,,history
Colorado State,1966,7,3,0,,,,history
Colorado State,1967,4,5,1,,,,history
Colorado State,1968,2,8,0,,,,history
Colorado State,1969,4,6,0,,,,history
Colorado State,1970,4,7,0,,,,history
Colorado State,1971,3,8,0,,,,history
Colorado State,1972,1,10,0,,,,history
Colorado State,1973,5,6,0,,,,history
Colorado State,1974,4,6,1,,,,history
Colorado State,1975,6,5,0,,,,history
Colorado State,1976,6,5,0,,,,history
Colorado State,1977,9,2,1,,,,history
Colorado State,1978,5,6,0,,,,history
Colorado State,1979,4,7,1,,,,history
Colorado State,1980,6,4,1,,,,history
Colorado State,1981,0,12,0,,,,history
Colorado State,1982,4,7,0,,,,history
Colorado State,1983,5,7,0,,,,history
Colorado State,1984,3,8,0,,,,history
Colorado State,1985,5,7,0,,,,history
Colorado State,1986,6,5,0,,,,history
Colorado State,1987,1,11,0,,,,history
Colorado State,1988,1,10,0,,,,history
Colorado State,1989,5,5,1,,,,history
Colorado State,1990,9,4,0,,,,history
Colorado State,1991,3,8,0,,,,history
Colorado State,1992,5,7,0,,,,history
Colorado State,1993,5,6,0,,,,history
Colorado State,1994,10,2,0,,,,history
Colorado State,1995,8,4,0,,,,history
Colorado State,1996,7,5,0,,,,history
Colorado State,1997,11,2,0,,,,history
Colorado State,1998,8,4,0,,,,history
Colorado State,1999,8,4,0,,,,history
Colorado State,2000,10,2,0,,,,history
Colorado State,2001,7,5,0,,,,history
Colorado State,2002,10,4,0,,,,history
Colorado State,2003,7,6,0,,,,history
Colorado State,2004,4,7,0,,,,history
Colorado State,2005,6,6,0,,,,history
Colorado State,2006,4,8,0,,,,history
Colorado State,2007,3,9,0,,,,history
Colorado State,2008,7,6,0,,,,history
Colorado State,2009,3,9,0,,,,history
Colorado State,2010,3,9,0,,,,history
Colorado State,2011,3,9,0,,,,history
Colorado State,2012,4,8,0,,,,history
Colorado State,2013,8,6,0,,,,history
Colorado State,2014,10,3,0,,,,history
Colorado State,2015,7,6,0,,,,history
Colorado State,2016,7,6,0,,,,history
Colorado State,2017,7,6,0,,,,history
Colorado State,2018,3,9,0,,,,history
Colorado State,2019,4,8,0,,,,history
Colorado State,2020,1,3,0,,,,history
Colorado State,2021,3,9,0,,,,history
Colorado State,2022,3,9,0,,,,history
Colorado State,2023,5,7,0,,,,history
Colorado State,2024,8,5,0,,,,history
Colorado State,2025,2,10,0,,,,history
Delaware,1935,590,383,43,,,,ncaa
Delaware,2003,11,1,0,,,,manual
Delaware,2004,9,3,0,,,,manual
Delaware,2005,6,5,0,,,,manual
Delaware,2006,6,6,0,,,,manual
Delaware,2007,10,3,0,,,,manual
Delaware,2008,4,8,0,,,,manual
Delaware,2009,6,5,0,,,,manual
Delaware,2010,8,2,0,,,,manual
Delaware,2011,7,4,0,,,,manual
Delaware,2012,4,6,0,,,,manual
Delaware,2013,7,5,0,,,,manual
Delaware,2014,6,6,0,,,,manual
Delaware,2015,4,7,0,,,,manual
Delaware,2016,4,7,0,,,,manual
Delaware,2017,7,4,0,,,,manual
Delaware,2018,7,5,0,,,,manual
Delaware,2019,5,7,0,,,,manual
Delaware,2020,7,1,0,,,,manual
Delaware,2021,5,6,0,,,,manual
Delaware,2022,8,5,0,,,,manual
Delaware,2023,9,4,0,,,,manual
Delaware,2024,9,2,0,,,,manual
Delaware,2025,7,6,0,,,,manual
Duke,1890,0,1,0,,,,history
Duke,1920,0,0,1,,,,history
Duke,1921,2,0,0,,,,history
Duke,1922,7,2,1,,,,history
Duke,1923,5,4,0,,,,history
Duke,1924,4,5,0,,,,history
Duke,1925,4,5,0,,,,history
Duke,1926,3,6,0,,,,history
Duke,1927,4,5,0,,,,history
Duke,1928,5,5,0,,,,history
Duke,1929,4,6,0,,,,history
Duke,1930,8,1,2,,,,history
Duke,1931,5,3,2,,,,history
Duke,1932,7,3,0,,,,history
Duke,1933,9,1,0,,,,history
Duke,1934,7,2,0,,,,history
Duke,1935,8,2,0,,,,history
Duke,1936,9,1,0,,,,history
Duke,1937,7,2,1,,,,history
Duke,1938,9,1,0,,,,history
Duke,1939,8,1,0,,,,history
Duke,1940,7,2,0,,,,history
Duke,1941,9,1,0,,,,history
Duke,1942,5,4,1,,,,history
Duke,1943,8,1,0,,,,history
Duke,1944,6,4,0,,,,history
Duke,1945,6,2,0,,,,history
Duke,1946,4,5,0,,,,history
Duke,1947,4,3,2,,,,history
Duke,1948,4,3,2,,,,history
Duke,1949,6,3,0,,,,history
Duke,1950,7,3,0,,,,history
Duke,1951,5,4,1,,,,history
Duke,1952,8,2,0,,,,history
Duke,1953,7,2,1,,,,history
Duke,1954,8,2,1,,,,history
Duke,1955,7,2,1,,,,history
Duke,1956,5,4,1,,,,history
Duke,1957,6,3,2,,,,history
Duke,1958,5,5,0,,,,history
Duke,1959,4,6,0,,,,history
Duke,1960,8,3,0,,,,history
Duke,1961,7,3,0,,,,history
Duke,1962,8,2,0,,,,history
Duke,1963,5,4,1,,,,history
Duke,1964,4,5,1,,,,history
Duke,1965,6,4,0,,,,history
Duke,1966,5,5,0,,,,history
Duke,1967,4,6,0,,,,history
Duke,1968,4,6,0,,,,history
Duke,1969,3,6,1,,,,history
Duke,1970,6,5,0,,,,history
Duke,1971,6,5,0,,,,history
Duke,1972,5,6,0,,,,history
Duke,1973,2,8,1,,,,history
Duke,1974,6,5,0,,,,history
Duke,1975,4,5,2,,,,history
Duke,1976,5,5,1,,,,history
Duke,1977,5,6,0,,,,history
Duke,1978,4,7,0,,,,history
Duke,1979,2,8,1,,,,history
Duke,1980,2,9,0,,,,history
Duke,1981,6,5,0,,,,history
Duke,1982,6,5,0,,,,history
Duke,1983,3,8,0,,,,history
Duke,1984,2,9,0,,,,history
Duke,1985,4,7,0,,,,history
Duke,1986,4,7,0,,,,history
Duke,1987,5,6,0,,,,history
Duke,1988,7,3,1,,,,history
Duke,1989,8,4,0,,,,history
Duke,1990,4,7,0,,,,history
Duke,1991,4,6,1,,,,history
Duke,1992,2,9,0,,,,history
Duke,1993,3,8,0,,,,history
Duke,1994,8,4,0,,,,history
Duke,1995,3,8,0,,,,history
Duke,1996,0,11,0,,,,history
Duke,1997,2,9,0,,,,history
Duke,1998,4,7,0,,,,history
Duke,1999,3,8,0,,,,history
Duke,2000,0,11,0,,,,history
Duke,2001,0,11,0,,,,history
Duke,2002,2,10,0,,,,history
Duke,2003,4,8,0,,,,history
Duke,2004,2,9,0,,,,history
Duke,2005,1,10,0,,,,history
Duke,2006,0,12,0,,,,history
Duke,2007,1,11,0,,,,history
Duke,2008,4,8,0,,,,history
Duke,2009,5,7,0,,,,history
Duke,2010,3,9,0,,,,history
Duke,2011,3,9,0,,,,history
Duke,2012,6,7,0,,,,history
Duke,2013,10,4,0,,,,history
Duke,2014,9,4,0,,,,history
Duke,2015,8,5,0,,,,history
Duke,2016,4,8,0,,,,history
Duke,2017,7,6,0,,,,history
Duke,2018,8,5,0,,,,history
Duke,2019,5,7,0,,,,history
Duke,2020,2,9,0,,,,history
Duke,2021,3,9,0,,,,history
Duke,2022,9,4,0,,,,history
Duke,2023,8,5,0,,,,history
Duke,2024,9,4,0,,,,history
Duke,2025,9,5,0,,,,history
East Carolina,1936,0,0,0,,,,history
East Carolina,1937,0,0,0,,,,history
East Carolina,1938,0,0,0,,,,history
East Carolina,1939,0,0,0,,,,history
East Carolina,1940,0,0,0,,,,history
East Carolina,1941,0,0,0,,,,history
East Carolina,1946,0,0,0,,,,history
East Carolina,1947,0,0,0,,,,history
East Carolina,1948,0,0,0,,,,history
East Carolina,1949,0,0,0,,,,history
East Carolina,1950,0,0,0,,,,history
East Carolina,1951,0,1,0,,,,history
East Carolina,1952,0,0,0,,,,history
East Carolina,1953,0,0,0,,,,history
East Carolina,1954,0,0,0,,,,history
East Carolina,1955,0,0,0,,,,history
East Carolina,1956,0,2,0,,,,history
East Carolina,1957,0,2,0,,,,history
East Carolina,1958,0,0,0,,,,history
East Carolina,1959,0,0,0,,,,history
East Carolina,1960,1,0,0,,,,history
East Carolina,1961,0,1,0,,,,history
East Carolina,1962,0,1,0,,,,history
East Carolina,1963,2,1,0,,,,history
East Carolina,1964,3,1,0,,,,history
East Carolina,1965,9,1,0,,,,history
East Carolina,1966,4,5,1,,,,history
East Carolina,1967,8,2,0,,,,history
East Carolina,1968,4,6,0,,,,history
East Carolina,1969,2,7,0,,,,history
East Carolina,1970,3,8,0,,,,history
East Carolina,1971,4,6,0,,,,history
East Carolina,1972,9,2,0,,,,history
East Carolina,1973,9,2,0,,,,history
East Carolina,1974,7,4,0,,,,history
East Carolina,1975,8,3,0,,,,history
East Carolina,1976,9,2,0,,,,history
East Carolina,1977,8,3,0,,,,history
East Carolina,1978,9,3,0,,,,history
East Carolina,1979,7,3,1,,,,history
East Carolina,1980,4,7,0,,,,history
East Carolina,1981,5,6,0,,,,history
East Carolina,1982,7,4,0,,,,history
East Carolina,1983,8,3,0,,,,history
East Carolina,1984,2,9,0,,,,history
East Carolina,1985,2,9,0,,,,history
East Carolina,1986,2,9,0,,,,history
East Carolina,1987,5,6,0,,,,history
East Carolina,1988,3,8,0,,,,history
East Carolina,1989,5,5,1,,,,history
East Carolina,1990,5,6,0,,,,history
East Carolina,1991,11,1,0,,,,history
East Carolina,1992,5,6,0,,,,history
East Carolina,1993,2,9,0,,,,history
East Carolina,1994,7,5,0,,,,history
East Carolina,1995,9,3,0,,,,history
East Carolina,1996,8,3,0,,,,history
East Carolina,1997,5,6,0,,,,history
East Carolina,1998,6,5,0,,,,history
East Carolina,1999,9,3,0,,,,history
East Carolina,2000,8,4,0,,,,history
East Carolina,2001,6,6,0,,,,history
East Carolina,2002,4,8,0,,,,history
East Carolina,2003,1,11,0,,,,history
East Carolina,2004,2,9,0,,,,history
East Carolina,2005,5,6,0,,,,history
East Carolina,2006,7,6,0,,,,history
East Carolina,2007,8,5,0,,,,history
East Carolina,2008,9,5,0,,,,history
East Carolina,2009,9,5,0,,,,history
East Carolina,2010,6,7,0,,,,history
East Carolina,2011,5,7,0,,,,history
East Carolina,2012,8,5,0,,,,history
East Carolina,2013,10,3,0,,,,history
East Carolina,2014,8,5,0,,,,history
East Carolina,2015,5,7,0,,,,history
East Carolina,2016,3,9,0,,,,history
East Carolina,2017,3,9,0,,,,history
East Carolina,2018,3,9,0,,,,history
East Carolina,2019,4,8,0,,,,history
East Carolina,2020,3,6,0,,,,history
East Carolina,2021,7,5,0,,,,history
East Carolina,2022,8,5,0,,,,history
East Carolina,2023,2,10,0,,,,history
East Carolina,2024,8,5,0,,,,history
East Carolina,2025,9,4,0,,,,history
Eastern Michigan,1896,0,1,0,,,,history
Eastern Michigan,1897,0,1,0,,,,history
Eastern Michigan,1898,0,1,0,,,,history
Eastern Michigan,1930,0,1,0,,,,history
Eastern Michigan,1931,0,1,0,,,,history
Eastern Michigan,1932,0,1,0,,,,history
Eastern Michigan,1933,0,1,0,,,,history
Eastern Michigan,1936,0,0,0,,,,history
Eastern Michigan,1937,0,0,0,,,,history
Eastern Michigan,1938,0,0,0,,,,history
Eastern Michigan,1939,0,0,0,,,,history
Eastern Michigan,1940,0,1,0,,,,history
Eastern Michigan,1941,0,0,0,,,,history
Eastern Michigan,1942,0,0,0,,,,history
Eastern Michigan,1943,0,0,0,,,,history
Eastern Michigan,1945,0,0,0,,,,history
Eastern Michigan,1946,0,0,0,,,,history
Eastern Michigan,1947,0,0,0,,,,history
Eastern Michigan,1948,0,0,0,,,,history
Eastern Michigan,1949,0,0,0,,,,history
Eastern Michigan,1950,0,0,0,,,,history
Eastern Michigan,1951,0,0,0,,,,history
Eastern Michigan,1952,0,0,0,,,,history
Eastern Michigan,1953,0,0,0,,,,history
Eastern Michigan,1954,0,0,0,,,,history
Eastern Michigan,1955,0,0,0,,,,history
Eastern Michigan,1956,0,0,0,,,,history
Eastern Michigan,1957,0,0,0,,,,history
Eastern Michigan,1958,0,0,0,,,,history
Eastern Michigan,1959,0,0,0,,,,history
Eastern Michigan,1960,0,0,0,,,,history
Eastern Michigan,1961,0,0,0,,,,history
Eastern Michigan,1964,0,0,0,,,,history
Eastern Michigan,1965,0,0,0,,,,history
Eastern Michigan,1966,0,0,0,,,,history
Eastern Michigan,1967,0,0,0,,,,history
Eastern Michigan,1968,0,1,0,,,,history
Eastern Michigan,1969,0,0,0,,,,history
Eastern Michigan,1970,0,0,0,,,,history
Eastern Michigan,1971,0,0,0,,,,history
Eastern Michigan,1972,0,2,0,,,,history
Eastern Michigan,1973,0,2,0,,,,history
Eastern Michigan,1974,2,3,0,,,,history
Eastern Michigan,1975,4,6,0,,,,history
Eastern Michigan,1976,2,9,0,,,,history
Eastern Michigan,1977,8,3,0,,,,history
Eastern Michigan,1978,3,7,0,,,,history
Eastern Michigan,1979,2,8,1,,,,history
Eastern Michigan,1980,1,9,0,,,,history
Eastern Michigan,1981,0,11,0,,,,history
Eastern Michigan,1982,1,9,1,,,,history
Eastern Michigan,1983,1,10,0,,,,history
Eastern Michigan,1984,2,7,2,,,,history
Eastern Michigan,1985,4,7,0,,,,history
Eastern Michigan,1986,6,5,0,,,,history
Eastern Michigan,1987,10,2,0,,,,history
Eastern Michigan,1988,6,3,1,,,,history
Eastern Michigan,1989,7,3,1,,,,history
Eastern Michigan,1990,2,9,0,,,,history
Eastern Michigan,1991,3,7,1,,,,history
Eastern Michigan,1992,1,10,0,,,,history
Eastern Michigan,1993,4,7,0,,,,history
Eastern Michigan,1994,5,6,0,,,,history
Eastern Michigan,1995,6,5,0,,,,history
Eastern Michigan,1996,3,8,0,,,,history
Eastern Michigan,1997,4,7,0,,,,history
Eastern Michigan,1998,3,8,0,,,,history
Eastern Michigan,1999,4,7,0,,,,history
Eastern Michigan,2000,3,8,0,,,,history
Eastern Michigan,2001,2,9,0,,,,history
Eastern Michigan,2002,3,9,0,,,,history
Eastern Michigan,2003,3,9,0,,,,history
Eastern Michigan,2004,4,7,0,,,,history
Eastern Michigan,2005,4,7,0,,,,history
Eastern Michigan,2006,1,11,0,,,,history
Eastern Michigan,2007,4,8,0,,,,history
Eastern Michigan,2008,3,9,0,,,,history
Eastern Michigan,2009,0,12,0,,,,history
Eastern Michigan,2010,2,10,0,,,,history
Eastern Michigan,2011,6,6,0,,,,history
Eastern Michigan,2012,2,10,0,,,,history
Eastern Michigan,2013,2,10,0,,,,history
Eastern Michigan,2014,2,10,0,,,,history
Eastern Michigan,2015,1,11,0,,,,history
Eastern Michigan,2016,7,6,0,,,,history
Eastern Michigan,2017,5,7,0,,,,history
Eastern Michigan,2018,7,6,0,,,,history
Eastern Michigan,2019,6,7,0,,,,history
Eastern Michigan,2020,2,4,0,,,,history
Eastern Michigan,2021,7,6,0,,,,history
Eastern Michigan,2022,9,4,0,,,,history
Eastern Michigan,2023,6,7,0,,,,history
Eastern Michigan,2024,5,7,0,,,,history
Eastern Michigan,2025,4,8,0,,,,history
FIU,2002,0,0,0,,,,history
FIU,2003,2,10,0,,,,history
FIU,2004,6,10,0,,,,history
FIU,2005,5,6,0,5,0,Strock,history
FIU,2006,0,12,0,,,,history
FIU,2007,1,11,0,,,,history
FIU,2008,5,7,0,,,,history
FIU,2009,3,9,0,,,,history
FIU,2010,7,6,0,,,,history
FIU,2011,8,5,0,,,,history
FIU,2012,3,9,0,,,,history
FIU,2013,1,11,0,,,,history
FIU,2014,4,8,0,,,,history
FIU,2015,5,7,0,,,,history
FIU,2016,4,8,0,,,,history
FIU,2017,8,5,0,,,,history
FIU,2018,9,4,0,,,,history
FIU,2019,6,7,0,,,,history
FIU,2020,0,5,0,,,,history
FIU,2021,1,11,0,,,,history
FIU,2022,4,8,0,,,,history
FIU,2023,4,8,0,,,,history
FIU,2024,4,8,0,,,,history
FIU,2025,7,6,0,,,,history
Florida,1935,143,84,18,,,,ncaa
Florida,1936,4,6,0,,,,history
Florida,1937,4,7,0,,,,history
Florida,1938,4,6,1,,,,history
Florida,1939,5,5,1,,,,history
Florida,1940,5,5,0,,,,history
Florida,1941,4,6,0,,,,history
Florida,1942,3,7,0,,,,history
Florida,1944,4,3,0,,,,history
Florida,1945,4,5,1,,,,history
Florida,1946,0,9,0,,,,history
Florida,1947,4,5,1,,,,history
Florida,1948,5,5,0,,,,history
Florida,1949,4,5,1,,,,history
Florida,1950,5,5,0,,,,history
Florida,1951,5,5,0,,,,history
Florida,1952,8,3,0,,,,history
Florida,1953,3,5,2,,,,history
Florida,1954,5,5,0,,,,history
Florida,1955,4,6,0,,,,history
Florida,1956,6,3,1,,,,history
Florida,1957,6,2,1,,,,history
Florida,1958,6,4,1,,,,history
Florida,1959,5,4,1,,,,history
Florida,1960,9,2,0,,,,history
Florida,1961,4,5,1,,,,history
Florida,1962,7,4,0,,,,history
Florida,1963,6,3,1,,,,history
Florida,1964,7,3,0,,,,history
Florida,1965,7,4,0,,,,history
Florida,1966,9,2,0,,,,history
Florida,1967,6,4,0,,,,history
Florida,1968,6,3,1,,,,history
Florida,1969,9,1,1,,,,history
Florida,1970,7,4,0,,,,history
Florida,1971,4,7,0,,,,history
Florida,1972,5,5,1,,,,history
Florida,1973,7,5,0,,,,history
Florida,1974,8,4,0,,,,history
Florida,1975,9,3,0,,,,history
Florida,1976,8,4,0,,,,history
Florida,1977,6,4,1,,,,history
Florida,1978,4,7,0,,,,history
Florida,1979,0,10,1,,,,history
Florida,1980,8,4,0,,,,history
Florida,1981,7,5,0,,,,history
Florida,1982,8,4,0,,,,history
Florida,1983,9,2,1,,,,history
Florida,1984,9,1,1,,,,history
Florida,1985,9,1,1,,,,history
Florida,1986,6,5,0,,,,history
Florida,1987,6,6,0,,,,history
Florida,1988,7,5,0,,,,history
Florida,1989,7,5,0,,,,history
Florida,1990,9,2,0,,,,history
Florida,1991,10,2,0,,,,history
Florida,1992,9,4,0,,,,history
Florida,1993,11,2,0,,,,history
Florida,1994,10,2,1,,,,history
Florida,1995,12,1,0,,,,history
Florida,1996,12,1,0,,,,history
Florida,1997,10,2,0,,,,history
Florida,1998,10,2,0,,,,history
Florida,1999,9,4,0,,,,history
Florida,2000,10,3,0,,,,history
Florida,2001,10,2,0,,,,history
Florida,2002,8,5,0,,,,history
Florida,2003,8,5,0,,,,history
Florida,2004,7,5,0,,,,history
Florida,2005,9,3,0,,,,history
Florida,2006,13,1,0,,,,history
Florida,2007,9,4,0,,,,history
Florida,2008,13,1,0,,,,history
Florida,2009,13,1,0,,,,history
Florida,2010,8,5,0,,,,history
Florida,2011,7,6,0,,,,history
Florida,2012,11,2,0,,,,history
Florida,2013,4,8,0,,,,history
Florida,2014,7,5,0,,,,history
Florida,2015,10,4,0,,,,history
Florida,2016,9,4,0,,,,history
Florida,2017,4,7,0,,,,history
Florida,2018,10,3,0,,,,history
Florida,2019,11,2,0,,,,history
Florida,2020,8,4,0,,,,history
Florida,2021,6,7,0,,,,history
Florida,2022,6,7,0,,,,history
Florida,2023,5,7,0,,,,history
Florida,2024,8,5,0,,,,history
Florida,2025,4,8,0,,,,history
Florida Atlantic,2001,0,0,0,,,,history
Florida Atlantic,2002,0,3,0,,,,history
Florida Atlantic,2003,9,1,0,,,,history
Florida Atlantic,2004,14,3,0,,,,history
Florida Atlantic,2005,2,9,0,,,,history
Florida Atlantic,2006,5,7,0,,,,history
Florida Atlantic,2007,8,5,0,,,,history
Florida Atlantic,2008,7,6,0,,,,history
Florida Atlantic,2009,5,7,0,,,,history
Florida Atlantic,2010,4,8,0,,,,history
Florida Atlantic,2011,1,11,0,,,,history
Florida Atlantic,2012,3,9,0,,,,history
Florida Atlantic,2013,6,6,0,,,,history
Florida Atlantic,2014,3,9,0,,,,history
Florida Atlantic,2015,3,9,0,,,,history
Florida Atlantic,2016,3,9,0,,,,history
Florida Atlantic,2017,11,3,0,,,,history
Florida Atlantic,2018,5,7,0,,,,history
Florida Atlantic,2019,11,3,0,,,,history
Florida Atlantic,2020,5,4,0,,,,history
Florida Atlantic,2021,5,7,0,,,,history
Florida Atlantic,2022,5,7,0,,,,history
Florida Atlantic,2023,4,8,0,,,,history
Florida Atlantic,2024,3,9,0,,,,history
Florida Atlantic,2025,4,8,0,,,,history
Florida State,1935,35,14,1,,,,ncaa
Florida State,1947,0,0,0,,,,history
Florida State,1948,0,0,0,,,,history
Florida State,1949,0,0,0,,,,history
Florida State,1950,0,0,0,,,,history
Florida State,1951,0,1,0,,,,history
Florida State,1952,0,4,0,,,,history
Florida State,1953,2,2,0,,,,history
Florida State,1954,8,4,0,,,,history
Florida State,1955,5,5,0,,,,history
Florida State,1956,5,4,1,,,,history
Florida State,1957,4,6,0,,,,history
Florida State,1958,7,4,0,,,,history
Florida State,1959,4,6,0,,,,history
Florida State,1960,3,6,1,,,,history
Florida State,1961,4,5,1,,,,history
Florida State,1962,4,3,3,,,,history
Florida State,1963,4,5,1,,,,history
Florida State,1964,9,1,1,,,,history
Florida State,1965,4,5,1,,,,history
Florida State,1966,6,5,0,,,,history
Florida State,1967,7,2,2,,,,history
Florida State,1968,8,3,0,,,,history
Florida State,1969,6,3,1,,,,history
Florida State,1970,7,4,0,,,,history
Florida State,1971,8,4,0,,,,history
Florida State,1972,7,4,0,,,,history
Florida State,1973,0,11,0,,,,history
Florida State,1974,1,10,0,,,,history
Florida State,1975,3,8,0,,,,history
Florida State,1976,5,6,0,,,,history
Florida State,1977,10,2,0,,,,history
Florida State,1978,8,3,0,,,,history
Florida State,1979,11,1,0,,,,history
Florida State,1980,10,2,0,,,,history
Florida State,1981,6,5,0,,,,history
Florida State,1982,9,3,0,,,,history
Florida State,1983,7,5,0,,,,history
Florida State,1984,7,3,2,,,,history
Florida State,1985,9,3,0,,,,history
Florida State,1986,7,4,1,,,,history
Florida State,1987,11,1,0,,,,history
Florida State,1988,11,1,0,,,,history
Florida State,1989,10,2,0,,,,history
Florida State,1990,10,2,0,,,,history
Florida State,1991,11,2,0,,,,history
Florida State,1992,11,1,0,,,,history
Florida State,1993,12,1,0,,,,history
Florida State,1994,10,1,1,,,,history
Florida State,1995,10,2,0,,,,history
Florida State,1996,11,1,0,,,,history
Florida State,1997,11,1,0,,,,history
Florida State,1998,11,2,0,,,,history
Florida State,1999,12,0,0,,,,history
Florida State,2000,11,2,0,,,,history
Florida State,2001,8,4,0,,,,history
Florida State,2002,9,5,0,,,,history
Florida State,2003,10,3,0,,,,history
Florida State,2004,9,3,0,,,,history
Florida State,2005,8,5,0,,,,history
Florida State,2006,7,6,0,5,0,Bowden; 4 reg + 2006 Emerald Bowl,history
Florida State,2007,7,6,0,7,0,Bowden,history
Florida State,2008,9,4,0,,,,history
Florida State,2009,7,6,0,,,,history
Florida State,2010,10,4,0,,,,history
Florida State,2011,9,4,0,,,,history
Florida State,2012,12,2,0,,,,history
Florida State,2013,14,0,0,,,,history
Florida State,2014,13,1,0,,,,history
Florida State,2015,10,3,0,,,,history
Florida State,2016,10,3,0,,,,history
Florida State,2017,7,6,0,,,,history
Florida State,2018,5,7,0,,,,history
Florida State,2019,6,7,0,,,,history
Florida State,2020,3,6,0,,,,history
Florida State,2021,5,7,0,,,,history
Florida State,2022,10,3,0,,,,history
Florida State,2023,13,1,0,,,,history
Florida State,2024,2,10,0,,,,history
Florida State,2025,5,7,0,,,,history
Fresno State,1926,0,1,0,,,,history
Fresno State,1927,0,1,0,,,,history
Fresno State,1928,0,1,0,,,,history
Fresno State,1929,0,1,0,,,,history
Fresno State,1931,0,2,0,,,,history
Fresno State,1932,0,0,1,,,,history
Fresno State,1933,0,1,0,,,,history
Fresno State,1934,1,1,0,,,,history
Fresno State,1935,0,2,0,,,,history
Fresno State,1936,1,1,0,,,,history
Fresno State,1937,0,0,0,,,,history
Fresno State,1938,0,2,0,,,,history
Fresno State,1939,2,0,0,,,,history
Fresno State,1940,1,0,0,,,,history
Fresno State,1941,0,3,0,,,,history
Fresno State,1942,1,1,0,,,,history
Fresno State,1944,0,0,0,,,,history
Fresno State,1945,0,2,0,,,,history
Fresno State,1946,2,0,0,,,,history
Fresno State,1947,0,2,0,,,,history
Fresno State,1948,1,2,0,,,,history
Fresno State,1949,0,3,0,,,,history
Fresno State,1950,0,3,0,,,,history
Fresno State,1951,0,1,0,,,,history
Fresno State,1952,1,2,0,,,,history
Fresno State,1953,0,2,1,,,,history
Fresno State,1954,1,1,0,,,,history
Fresno State,1955,1,1,0,,,,history
Fresno State,1956,2,2,0,,,,history
Fresno State,1957,2,2,0,,,,history
Fresno State,1958,0,3,0,,,,history
Fresno State,1959,1,2,0,,,,history
Fresno State,1960,2,0,0,,,,history
Fresno State,1961,2,0,0,,,,history
Fresno State,1962,2,0,0,,,,history
Fresno State,1963,1,2,0,,,,history
Fresno State,1964,1,1,0,,,,history
Fresno State,1965,2,1,0,,,,history
Fresno State,1966,2,0,0,,,,history
Fresno State,1967,0,3,0,,,,history
Fresno State,1968,1,1,0,,,,history
Fresno State,1969,6,4,0,,,,history
Fresno State,1970,8,4,0,,,,history
Fresno State,1971,6,5,0,,,,history
Fresno State,1972,6,4,1,,,,history
Fresno State,1973,2,9,0,,,,history
Fresno State,1974,5,7,0,,,,history
Fresno State,1975,3,8,0,,,,history
Fresno State,1976,5,6,0,,,,history
Fresno State,1977,9,2,0,,,,history
Fresno State,1978,3,8,0,,,,history
Fresno State,1979,4,7,0,,,,history
Fresno State,1980,5,6,0,,,,history
Fresno State,1981,5,6,0,,,,history
Fresno State,1982,11,1,0,,,,history
Fresno State,1983,6,5,0,,,,history
Fresno State,1984,6,6,0,,,,history
Fresno State,1985,11,0,1,,,,history
Fresno State,1986,9,2,0,,,,history
Fresno State,1987,6,5,0,,,,history
Fresno State,1988,10,2,0,,,,history
Fresno State,1989,11,1,0,,,,history
Fresno State,1990,8,2,1,,,,history
Fresno State,1991,10,2,0,,,,history
Fresno State,1992,9,4,0,,,,history
Fresno State,1993,8,4,0,,,,history
Fresno State,1994,5,7,1,,,,history
Fresno State,1995,5,7,0,,,,history
Fresno State,1996,4,7,0,,,,history
Fresno State,1997,6,6,0,,,,history
Fresno State,1998,5,6,0,,,,history
Fresno State,1999,8,5,0,,,,history
Fresno State,2000,7,5,0,,,,history
Fresno State,2001,11,3,0,,,,history
Fresno State,2002,9,5,0,,,,history
Fresno State,2003,9,5,0,,,,history
Fresno State,2004,9,3,0,,,,history
Fresno State,2005,8,5,0,,,,history
Fresno State,2006,4,8,0,,,,history
Fresno State,2007,9,4,0,,,,history
Fresno State,2008,7,6,0,,,,history
Fresno State,2009,8,5,0,,,,history
Fresno State,2010,8,5,0,,,,history
Fresno State,2011,4,9,0,,,,history
Fresno State,2012,9,4,0,,,,history
Fresno State,2013,11,2,0,,,,history
Fresno State,2014,6,8,0,,,,history
Fresno State,2015,3,9,0,,,,history
Fresno State,2016,1,11,0,,,,history
Fresno State,2017,10,4,0,,,,history
Fresno State,2018,12,2,0,,,,history
Fresno State,2019,4,8,0,,,,history
Fresno State,2020,3,3,0,,,,history
Fresno State,2021,10,3,0,,,,history
Fresno State,2022,10,4,0,,,,history
Fresno State,2023,9,4,0,,,,history
Fresno State,2024,6,7,0,,,,history
Fresno State,2025,9,4,0,,,,history
Georgia,1935,188,119,26,,,,ncaa
Georgia,1936,5,4,1,,,,history
Georgia,1937,6,3,2,,,,history
Georgia,1938,5,4,1,,,,history
Georgia,1939,5,6,0,,,,history
Georgia,1940,5,4,1,,,,history
Georgia,1941,9,1,1,,,,history
Georgia,1942,11,1,0,,,,history
Georgia,1943,6,4,0,,,,history
Georgia,1944,7,3,0,,,,history
Georgia,1945,9,2,0,,,,history
Georgia,1946,11,0,0,,,,history
Georgia,1947,7,4,1,,,,history
Georgia,1948,9,2,0,,,,history
Georgia,1949,4,6,1,,,,history
Georgia,1950,6,3,3,,,,history
Georgia,1951,5,5,0,,,,history
Georgia,1952,7,4,0,,,,history
Georgia,1953,3,8,0,,,,history
Georgia,1954,6,3,1,,,,history
Georgia,1955,4,6,0,,,,history
Georgia,1956,3,6,1,,,,history
Georgia,1957,3,7,0,,,,history
Georgia,1958,4,6,0,,,,history
Georgia,1959,10,1,0,,,,history
Georgia,1960,6,4,0,,,,history
Georgia,1961,3,7,0,,,,history
Georgia,1962,3,4,3,,,,history
Georgia,1963,4,5,1,,,,history
Georgia,1964,7,3,1,,,,history
Georgia,1965,6,4,0,,,,history
Georgia,1966,10,1,0,,,,history
Georgia,1967,7,4,0,,,,history
Georgia,1968,8,1,2,,,,history
Georgia,1969,5,5,1,,,,history
Georgia,1970,5,5,0,,,,history
Georgia,1971,11,1,0,,,,history
Georgia,1972,7,4,0,,,,history
Georgia,1973,7,4,1,,,,history
Georgia,1974,6,6,0,,,,history
Georgia,1975,9,3,0,,,,history
Georgia,1976,10,2,0,,,,history
Georgia,1977,5,6,0,,,,history
Georgia,1978,9,2,1,,,,history
Georgia,1979,6,5,0,,,,history
Georgia,1980,12,0,0,,,,history
Georgia,1981,10,2,0,,,,history
Georgia,1982,11,1,0,,,,history
Georgia,1983,10,1,1,,,,history
Georgia,1984,7,4,1,,,,history
Georgia,1985,7,3,2,,,,history
Georgia,1986,8,4,0,,,,history
Georgia,1987,9,3,0,,,,history
Georgia,1988,9,3,0,,,,history
Georgia,1989,6,6,0,,,,history
Georgia,1990,4,7,0,,,,history
Georgia,1991,9,3,0,,,,history
Georgia,1992,10,2,0,,,,history
Georgia,1993,5,6,0,,,,history
Georgia,1994,6,4,1,,,,history
Georgia,1995,6,6,0,,,,history
Georgia,1996,5,6,0,,,,history
Georgia,1997,10,2,0,,,,history
Georgia,1998,9,3,0,,,,history
Georgia,1999,8,4,0,,,,history
Georgia,2000,8,4,0,,,,history
Georgia,2001,8,4,0,,,,history
Georgia,2002,13,1,0,,,,history
Georgia,2003,11,3,0,,,,history
Georgia,2004,10,2,0,,,,history
Georgia,2005,10,3,0,,,,history
Georgia,2006,9,4,0,,,,history
Georgia,2007,11,2,0,,,,history
Georgia,2008,10,3,0,,,,history
Georgia,2009,8,5,0,,,,history
Georgia,2010,6,7,0,,,,history
Georgia,2011,10,4,0,,,,history
Georgia,2012,12,2,0,,,,history
Georgia,2013,8,5,0,,,,history
Georgia,2014,10,3,0,,,,history
Georgia,2015,10,3,0,,,,history
Georgia,2016,8,5,0,,,,history
Georgia,2017,13,2,0,,,,history
Georgia,2018,11,3,0,,,,history
Georgia,2019,12,2,0,,,,history
Georgia,2020,8,2,0,,,,history
Georgia,2021,14,1,0,,,,history
Georgia,2022,15,0,0,,,,history
Georgia,2023,13,1,0,,,,history
Georgia,2024,11,3,0,,,,history
Georgia,2025,12,2,0,,,,history
Georgia Southern,1935,271,129,10,,,,ncaa
Georgia Southern,1936,0,2,0,,,,history
Georgia Southern,1937,0,1,0,,,,history
Georgia Southern,1938,0,0,0,,,,history
Georgia Southern,1939,0,0,0,,,,history
Georgia Southern,1940,0,0,0,,,,history
Georgia Southern,1941,0,0,0,,,,history
Georgia Southern,1982,0,0,0,,,,history
Georgia Southern,1983,0,0,0,,,,history
Georgia Southern,1984,0,1,0,,,,history
Georgia Southern,1985,0,0,0,,,,history
Georgia Southern,1986,0,2,0,,,,history
Georgia Southern,1987,0,1,0,,,,history
Georgia Southern,1988,0,1,0,,,,history
Georgia Southern,1989,0,0,0,,,,history
Georgia Southern,1990,0,1,0,,,,history
Georgia Southern,1991,0,1,0,,,,history
Georgia Southern,1992,0,1,0,,,,history
Georgia Southern,1993,0,1,0,,,,history
Georgia Southern,1994,0,1,0,,,,history
Georgia Southern,1995,0,0,0,,,,history
Georgia Southern,1996,0,1,0,,,,history
Georgia Southern,1997,0,0,0,,,,history
Georgia Southern,1998,0,0,0,,,,history
Georgia Southern,1999,0,1,0,,,,history
Georgia Southern,2000,0,1,0,,,,history
Georgia Southern,2001,0,0,0,,,,history
Georgia Southern,2002,0,0,0,,,,history
Georgia Southern,2003,7,4,0,,,,history
Georgia Southern,2004,10,3,0,,,,history
Georgia Southern,2005,8,4,0,,,,history
Georgia Southern,2006,3,8,0,,,,history
Georgia Southern,2007,7,4,0,,,,history
Georgia Southern,2008,6,5,0,,,,history
Georgia Southern,2009,5,6,0,,,,history
Georgia Southern,2010,9,4,0,,,,history
Georgia Southern,2011,10,2,0,,,,history
Georgia Southern,2012,9,3,0,,,,history
Georgia Southern,2013,7,4,0,,,,history
Georgia Southern,2014,9,3,0,,,,history
Georgia Southern,2015,9,4,0,,,,history
Georgia Southern,2016,5,7,0,,,,history
Georgia Southern,2017,2,10,0,,,,history
Georgia Southern,2018,10,3,0,,,,history
Georgia Southern,2019,7,6,0,,,,history
Georgia Southern,2020,8,5,0,,,,history
Georgia Southern,2021,3,9,0,,,,history
Georgia Southern,2022,6,7,0,,,,history
Georgia Southern,2023,6,7,0,,,,history
Georgia Southern,2024,8,5,0,,,,history
Georgia Southern,2025,7,6,0,,,,history
Georgia State,2010,6,4,0,,,,history
Georgia State,2011,3,8,0,,,,history
Georgia State,2012,1,10,0,,,,history
Georgia State,2013,0,12,0,,,,history
Georgia State,2014,1,11,0,,,,history
Georgia State,2015,6,7,0,,,,history
Georgia State,2016,3,9,0,,,,history
Georgia State,2017,7,5,0,,,,history
Georgia State,2018,2,10,0,,,,history
Georgia State,2019,7,6,0,,,,history
Georgia State,2020,6,4,0,,,,history
Georgia State,2021,8,5,0,,,,history
Georgia State,2022,4,8,0,,,,history
Georgia State,2023,7,6,0,,,,history
Georgia State,2024,3,9,0,,,,history
Georgia State,2025,1,11,0,,,,history
Georgia Tech,1935,192,121,22,,,,ncaa
Georgia Tech,1936,5,5,1,,,,history
Georgia Tech,1937,6,3,1,,,,history
Georgia Tech,1938,3,4,3,,,,history
Georgia Tech,1939,8,2,0,,,,history
Georgia Tech,1940,3,7,0,,,,history
Georgia Tech,1941,3,6,0,,,,history
Georgia Tech,1942,9,2,0,,,,history
Georgia Tech,1943,8,3,0,,,,history
Georgia Tech,1944,8,3,0,,,,history
Georgia Tech,1945,4,6,0,,,,history
Georgia Tech,1946,9,2,0,,,,history
Georgia Tech,1947,10,1,0,,,,history
Georgia Tech,1948,7,3,0,,,,history
Georgia Tech,1949,7,3,0,,,,history
Georgia Tech,1950,5,6,0,,,,history
Georgia Tech,1951,11,0,1,,,,history
Georgia Tech,1952,12,0,0,,,,history
Georgia Tech,1953,9,2,1,,,,history
Georgia Tech,1954,8,3,0,,,,history
Georgia Tech,1955,9,1,1,,,,history
Georgia Tech,1956,10,1,0,,,,history
Georgia Tech,1957,4,4,2,,,,history
Georgia Tech,1958,5,4,1,,,,history
Georgia Tech,1959,6,5,0,,,,history
Georgia Tech,1960,5,5,0,,,,history
Georgia Tech,1961,7,4,0,,,,history
Georgia Tech,1962,7,3,1,,,,history
Georgia Tech,1963,7,3,0,,,,history
Georgia Tech,1964,7,3,0,,,,history
Georgia Tech,1965,7,3,1,,,,history
Georgia Tech,1966,9,2,0,,,,history
Georgia Tech,1967,4,6,0,,,,history
Georgia Tech,1968,4,6,0,,,,history
Georgia Tech,1969,4,6,0,,,,history
Georgia Tech,1970,9,3,0,,,,history
Georgia Tech,1971,6,6,0,,,,history
Georgia Tech,1972,7,4,1,,,,history
Georgia Tech,1973,5,6,0,,,,history
Georgia Tech,1974,6,5,0,,,,history
Georgia Tech,1975,7,4,0,,,,history
Georgia Tech,1976,4,6,1,,,,history
Georgia Tech,1977,6,5,0,,,,history
Georgia Tech,1978,7,5,0,,,,history
Georgia Tech,1979,4,6,1,,,,history
Georgia Tech,1980,1,9,1,,,,history
Georgia Tech,1981,1,10,0,,,,history
Georgia Tech,1982,6,5,0,,,,history
Georgia Tech,1983,3,8,0,,,,history
Georgia Tech,1984,6,4,1,,,,history
Georgia Tech,1985,9,2,1,,,,history
Georgia Tech,1986,5,5,1,,,,history
Georgia Tech,1987,2,9,0,,,,history
Georgia Tech,1988,3,8,0,,,,history
Georgia Tech,1989,7,4,0,,,,history
Georgia Tech,1990,11,0,1,,,,history
Georgia Tech,1991,8,5,0,,,,history
Georgia Tech,1992,5,6,0,,,,history
Georgia Tech,1993,5,6,0,,,,history
Georgia Tech,1994,1,10,0,,,,history
Georgia Tech,1995,6,5,0,,,,history
Georgia Tech,1996,5,6,0,,,,history
Georgia Tech,1997,7,5,0,,,,history
Georgia Tech,1998,10,2,0,,,,history
Georgia Tech,1999,8,4,0,,,,history
Georgia Tech,2000,9,3,0,,,,history
Georgia Tech,2001,8,5,0,,,,history
Georgia Tech,2002,7,6,0,,,,history
Georgia Tech,2003,7,6,0,,,,history
Georgia Tech,2004,7,5,0,,,,history
Georgia Tech,2005,7,5,0,,,,history
Georgia Tech,2006,9,5,0,,,,history
Georgia Tech,2007,7,6,0,,,,history
Georgia Tech,2008,9,4,0,,,,history
Georgia Tech,2009,11,3,0,1,0,Johnson; 2009 ACC title game,history
Georgia Tech,2010,6,7,0,,,,history
Georgia Tech,2011,8,5,0,,,,history
Georgia Tech,2012,7,7,0,,,,history
Georgia Tech,2013,7,6,0,,,,history
Georgia Tech,2014,11,3,0,,,,history
Georgia Tech,2015,3,9,0,,,,history
Georgia Tech,2016,9,4,0,,,,history
Georgia Tech,2017,5,6,0,,,,history
Georgia Tech,2018,7,6,0,,,,history
Georgia Tech,2019,3,9,0,,,,history
Georgia Tech,2020,3,7,0,,,,history
Georgia Tech,2021,3,9,0,,,,history
Georgia Tech,2022,5,7,0,,,,history
Georgia Tech,2023,7,6,0,,,,history
Georgia Tech,2024,7,6,0,,,,history
Georgia Tech,2025,9,4,0,,,,history
Hawaii,1921,0,1,0,,,,history
Hawaii,1923,1,0,0,,,,history
Hawaii,1924,1,0,0,,,,history
Hawaii,1925,2,0,0,,,,history
Hawaii,1926,0,1,0,,,,history
Hawaii,1927,1,0,0,,,,history
Hawaii,1928,0,2,0,,,,history
Hawaii,1929,0,2,0,,,,history
Hawaii,1930,2,1,0,,,,history
Hawaii,1931,1,1,0,,,,history
Hawaii,1933,1,1,0,,,,history
Hawaii,1934,2,0,0,,,,history
Hawaii,1935,1,3,0,,,,history
Hawaii,1936,0,0,0,,,,history
Hawaii,1937,1,1,0,,,,history
Hawaii,1938,0,3,0,,,,history
Hawaii,1939,0,2,0,,,,history
Hawaii,1940,0,1,0,,,,history
Hawaii,1941,0,0,0,,,,history
Hawaii,1946,1,2,0,,,,history
Hawaii,1947,1,5,0,,,,history
Hawaii,1948,0,4,0,,,,history
Hawaii,1949,1,2,0,,,,history
Hawaii,1950,2,2,0,,,,history
Hawaii,1951,0,3,0,,,,history
Hawaii,1952,0,3,0,,,,history
Hawaii,1953,0,2,0,,,,history
Hawaii,1954,0,2,0,,,,history
Hawaii,1955,1,2,0,,,,history
Hawaii,1956,1,1,0,,,,history
Hawaii,1957,0,2,0,,,,history
Hawaii,1958,1,3,0,,,,history
Hawaii,1959,0,4,0,,,,history
Hawaii,1960,1,4,0,,,,history
Hawaii,1961,0,0,0,,,,history
Hawaii,1962,0,1,0,,,,history
Hawaii,1963,0,1,0,,,,history
Hawaii,1964,0,2,0,,,,history
Hawaii,1965,0,3,0,,,,history
Hawaii,1966,0,3,0,,,,history
Hawaii,1967,0,1,0,,,,history
Hawaii,1968,0,1,0,,,,history
Hawaii,1969,1,3,0,,,,history
Hawaii,1970,4,1,0,,,,history
Hawaii,1971,7,4,0,,,,history
Hawaii,1972,1,2,0,,,,history
Hawaii,1973,3,2,0,,,,history
Hawaii,1974,6,5,0,,,,history
Hawaii,1975,6,5,0,,,,history
Hawaii,1976,3,8,0,,,,history
Hawaii,1977,5,6,0,,,,history
Hawaii,1978,6,5,0,,,,history
Hawaii,1979,6,5,0,,,,history
Hawaii,1980,8,3,0,,,,history
Hawaii,1981,9,2,0,,,,history
Hawaii,1982,6,5,0,,,,history
Hawaii,1983,5,5,1,,,,history
Hawaii,1984,7,4,0,,,,history
Hawaii,1985,4,6,2,,,,history
Hawaii,1986,7,5,0,,,,history
Hawaii,1987,5,7,0,,,,history
Hawaii,1988,9,3,0,,,,history
Hawaii,1989,9,3,1,,,,history
Hawaii,1990,7,5,0,,,,history
Hawaii,1991,4,7,1,,,,history
Hawaii,1992,11,2,0,,,,history
Hawaii,1993,6,6,0,,,,history
Hawaii,1994,3,8,1,,,,history
Hawaii,1995,4,8,0,,,,history
Hawaii,1996,2,10,0,,,,history
Hawaii,1997,3,9,0,,,,history
Hawaii,1998,0,12,0,,,,history
Hawaii,1999,9,4,0,,,,history
Hawaii,2000,3,9,0,,,,history
Hawaii,2001,9,3,0,,,,history
Hawaii,2002,10,4,0,,,,history
Hawaii,2003,9,5,0,,,,history
Hawaii,2004,8,5,0,,,,history
Hawaii,2005,5,7,0,,,,history
Hawaii,2006,11,3,0,,,,history
Hawaii,2007,12,1,0,,,,history
Hawaii,2008,7,7,0,,,,history
Hawaii,2009,6,7,0,,,,history
Hawaii,2010,10,4,0,,,,history
Hawaii,2011,6,7,0,,,,history
Hawaii,2012,3,9,0,,,,history
Hawaii,2013,1,11,0,,,,history
Hawaii,2014,4,9,0,,,,history
Hawaii,2015,3,10,0,,,,history
Hawaii,2016,7,7,0,,,,history
Hawaii,2017,3,9,0,,,,history
Hawaii,2018,8,6,0,,,,history
Hawaii,2019,10,5,0,,,,history
Hawaii,2020,5,4,0,,,,history
Hawaii,2021,6,7,0,,,,history
Hawaii,2022,3,10,0,,,,history
Hawaii,2023,5,8,0,,,,history
Hawaii,2024,5,7,0,,,,history
Hawaii,2025,9,4,0,,,,history
Houston,1946,1,1,0,,,,history
Houston,1947,0,1,0,,,,history
Houston,1948,0,2,0,,,,history
Houston,1949,5,4,1,,,,history
Houston,1950,4,6,0,,,,history
Houston,1951,6,5,0,,,,history
Houston,1952,8,2,0,,,,history
Houston,1953,4,4,1,,,,history
Houston,1954,5,5,0,,,,history
Houston,1955,6,4,0,,,,history
Houston,1956,7,2,1,,,,history
Houston,1957,5,4,1,,,,history
Houston,1958,5,4,0,,,,history
Houston,1959,3,7,0,,,,history
Houston,1960,6,4,0,,,,history
Houston,1961,5,4,1,,,,history
Houston,1962,7,4,0,,,,history
Houston,1963,2,8,0,,,,history
Houston,1964,2,6,1,,,,history
Houston,1965,4,5,1,,,,history
Houston,1966,8,2,0,,,,history
Houston,1967,7,3,0,,,,history
Houston,1968,6,2,2,,,,history
Houston,1969,9,2,0,,,,history
Houston,1970,8,3,0,,,,history
Houston,1971,9,3,0,,,,history
Houston,1972,6,4,1,,,,history
Houston,1973,11,1,0,,,,history
Houston,1974,8,3,1,,,,history
Houston,1975,2,8,0,,,,history
Houston,1976,10,2,0,,,,history
Houston,1977,6,5,0,,,,history
Houston,1978,9,3,0,,,,history
Houston,1979,11,1,0,,,,history
Houston,1980,7,5,0,,,,history
Houston,1981,7,4,1,,,,history
Houston,1982,5,5,1,,,,history
Houston,1983,4,7,0,,,,history
Houston,1984,7,5,0,,,,history
Houston,1985,4,7,0,,,,history
Houston,1986,1,10,0,,,,history
Houston,1987,4,6,1,,,,history
Houston,1988,9,3,0,,,,history
Houston,1989,9,2,0,,,,history
Houston,1990,10,1,0,,,,history
Houston,1991,4,7,0,,,,history
Houston,1992,4,7,0,,,,history
Houston,1993,1,9,1,,,,history
Houston,1994,1,10,0,,,,history
Houston,1995,2,9,0,,,,history
Houston,1996,7,5,0,,,,history
Houston,1997,3,8,0,,,,history
Houston,1998,3,8,0,,,,history
Houston,1999,7,4,0,,,,history
Houston,2000,3,8,0,,,,history
Houston,2001,0,11,0,,,,history
Houston,2002,5,7,0,,,,history
Houston,2003,7,6,0,,,,history
Houston,2004,3,8,0,,,,history
Houston,2005,6,6,0,,,,history
Houston,2006,10,4,0,,,,history
Houston,2007,8,5,0,,,,history
Houston,2008,8,5,0,,,,history
Houston,2009,10,4,0,,,,history
Houston,2010,5,7,0,,,,history
Houston,2011,13,1,0,,,,history
Houston,2012,5,7,0,,,,history
Houston,2013,8,5,0,,,,history
Houston,2014,8,5,0,,,,history
Houston,2015,13,1,0,,,,history
Houston,2016,9,4,0,,,,history
Houston,2017,7,5,0,,,,history
Houston,2018,8,5,0,,,,history
Houston,2019,4,8,0,,,,history
Houston,2020,3,5,0,,,,history
Houston,2021,12,2,0,,,,history
Houston,2022,8,5,0,,,,history
Houston,2023,4,8,0,,,,history
Houston,2024,4,8,0,,,,history
Houston,2025,10,3,0,,,,history
Illinois,1892,7,4,1,,,,history
Illinois,1893,3,2,3,,,,history
Illinois,1894,4,3,0,,,,history
Illinois,1895,4,2,1,,,,history
Illinois,1896,4,2,1,,,,history
Illinois,1897,6,2,0,,,,history
Illinois,1898,4,5,0,,,,history
Illinois,1899,3,5,1,,,,history
Illinois,1900,7,3,2,,,,history
Illinois,1901,8,2,0,,,,history
Illinois,1902,10,2,1,,,,history
Illinois,1903,8,6,0,,,,history
Illinois,1904,9,2,1,,,,history
Illinois,1905,5,4,0,,,,history
Illinois,1906,1,3,1,,,,history
Illinois,1907,3,2,0,,,,history
Illinois,1908,5,1,1,,,,history
Illinois,1909,5,2,0,,,,history
Illinois,1910,7,0,0,,,,history
Illinois,1911,4,2,1,,,,history
Illinois,1912,3,3,1,,,,history
Illinois,1913,4,2,1,,,,history
Illinois,1914,7,0,0,,,,history
Illinois,1915,5,0,2,,,,history
Illinois,1916,3,3,1,,,,history
Illinois,1917,5,2,1,,,,history
Illinois,1918,5,2,0,,,,history
Illinois,1919,6,1,0,,,,history
Illinois,1920,5,2,0,,,,history
Illinois,1921,3,4,0,,,,history
Illinois,1922,2,5,0,,,,history
Illinois,1923,8,0,0,,,,history
Illinois,1924,6,1,1,,,,history
Illinois,1925,5,3,0,,,,history
Illinois,1926,6,2,0,,,,history
Illinois,1927,7,0,1,,,,history
Illinois,1928,7,1,0,,,,history
Illinois,1929,6,1,1,,,,history
Illinois,1930,3,5,0,,,,history
Illinois,1931,2,6,0,,,,history
Illinois,1932,5,4,0,,,,history
Illinois,1933,5,3,0,,,,history
Illinois,1934,7,1,0,,,,history
Illinois,1935,3,5,0,,,,history
Illinois,1936,4,3,1,,,,history
Illinois,1937,3,3,2,,,,history
Illinois,1938,3,5,0,,,,history
Illinois,1939,3,4,1,,,,history
Illinois,1940,1,7,0,,,,history
Illinois,1941,2,6,0,,,,history
Illinois,1942,6,4,0,,,,history
Illinois,1943,3,7,0,,,,history
Illinois,1944,5,4,1,,,,history
Illinois,1945,2,6,1,,,,history
Illinois,1946,8,2,0,,,,history
Illinois,1947,5,3,1,,,,history
Illinois,1948,3,6,0,,,,history
Illinois,1949,3,4,2,,,,history
Illinois,1950,7,2,0,,,,history
Illinois,1951,9,0,1,,,,history
Illinois,1952,4,5,0,,,,history
Illinois,1953,7,1,1,,,,history
Illinois,1954,1,8,0,,,,history
Illinois,1955,5,3,1,,,,history
Illinois,1956,2,5,2,,,,history
Illinois,1957,4,5,0,,,,history
Illinois,1958,4,5,0,,,,history
Illinois,1959,5,3,1,,,,history
Illinois,1960,5,4,0,,,,history
Illinois,1961,0,9,0,,,,history
Illinois,1962,2,7,0,,,,history
Illinois,1963,8,1,1,,,,history
Illinois,1964,6,3,0,,,,history
Illinois,1965,6,4,0,,,,history
Illinois,1966,4,6,0,,,,history
Illinois,1967,4,6,0,,,,history
Illinois,1968,1,9,0,,,,history
Illinois,1969,0,10,0,,,,history
Illinois,1970,3,7,0,,,,history
Illinois,1971,5,6,0,,,,history
Illinois,1972,3,8,0,,,,history
Illinois,1973,5,6,0,,,,history
Illinois,1974,6,4,1,,,,history
Illinois,1975,5,6,0,,,,history
Illinois,1976,5,6,0,,,,history
Illinois,1977,3,8,0,,,,history
Illinois,1978,1,8,2,,,,history
Illinois,1979,2,8,1,,,,history
Illinois,1980,3,7,1,,,,history
Illinois,1981,7,4,0,,,,history
Illinois,1982,7,5,0,,,,history
Illinois,1983,10,2,0,,,,history
Illinois,1984,7,4,0,,,,history
Illinois,1985,6,5,1,,,,history
Illinois,1986,4,7,0,,,,history
Illinois,1987,3,7,1,,,,history
Illinois,1988,6,5,1,,,,history
Illinois,1989,10,2,0,,,,history
Illinois,1990,8,4,0,,,,history
Illinois,1991,6,6,0,,,,history
Illinois,1992,6,5,1,,,,history
Illinois,1993,5,6,0,,,,history
Illinois,1994,7,5,0,,,,history
Illinois,1995,5,5,1,,,,history
Illinois,1996,2,9,0,,,,history
Illinois,1997,0,11,0,,,,history
Illinois,1998,3,8,0,,,,history
Illinois,1999,8,4,0,,,,history
Illinois,2000,5,6,0,,,,history
Illinois,2001,10,2,0,,,,history
Illinois,2002,5,7,0,,,,history
Illinois,2003,1,11,0,,,,history
Illinois,2004,3,8,0,,,,history
Illinois,2005,2,9,0,,,,history
Illinois,2006,2,10,0,,,,history
Illinois,2007,9,4,0,,,,history
Illinois,2008,5,7,0,,,,history
Illinois,2009,3,9,0,,,,history
Illinois,2010,7,6,0,,,,history
Illinois,2011,7,6,0,,,,history
Illinois,2012,2,10,0,,,,history
Illinois,2013,4,8,0,,,,history
Illinois,2014,6,7,0,,,,history
Illinois,2015,5,7,0,,,,history
Illinois,2016,3,9,0,,,,history
Illinois,2017,2,10,0,,,,history
Illinois,2018,4,8,0,,,,history
Illinois,2019,6,7,0,,,,history
Illinois,2020,2,6,0,,,,history
Illinois,2021,5,7,0,,,,history
Illinois,2022,8,5,0,,,,history
Illinois,2023,5,7,0,,,,history
Illinois,2024,10,3,0,,,,history
Illinois,2025,9,4,0,,,,history
Indiana,1892,0,1,0,,,,history
Indiana,1893,0,1,0,,,,history
Indiana,1897,0,1,0,,,,history
Indiana,1898,0,1,0,,,,history
Indiana,1899,6,2,0,,,,history
Indiana,1900,4,2,2,,,,history
Indiana,1901,6,3,0,,,,history
Indiana,1902,3,5,1,,,,history
Indiana,1903,4,4,0,,,,history
Indiana,1904,6,4,0,,,,history
Indiana,1905,8,1,1,,,,history
Indiana,1906,4,2,0,,,,history
Indiana,1907,2,3,1,,,,history
Indiana,1908,3,4,0,,,,history
Indiana,1909,4,3,0,,,,history
Indiana,1910,6,1,0,,,,history
Indiana,1911,3,3,1,,,,history
Indiana,1912,2,5,0,,,,history
Indiana,1913,3,4,0,,,,history
Indiana,1914,3,4,0,,,,history
Indiana,1915,3,3,1,,,,history
Indiana,1916,2,4,1,,,,history
Indiana,1917,5,2,0,,,,history
Indiana,1918,2,2,0,,,,history
Indiana,1919,3,4,0,,,,history
Indiana,1920,5,2,0,,,,history
Indiana,1921,3,4,0,,,,history
Indiana,1922,1,4,2,,,,history
Indiana,1923,3,4,0,,,,history
Indiana,1924,4,4,0,,,,history
Indiana,1925,3,4,1,,,,history
Indiana,1926,3,5,0,,,,history
Indiana,1927,3,4,1,,,,history
Indiana,1928,4,4,0,,,,history
Indiana,1929,2,6,1,,,,history
Indiana,1930,2,5,1,,,,history
Indiana,1931,2,5,1,,,,history
Indiana,1932,3,4,1,,,,history
Indiana,1933,1,5,2,,,,history
Indiana,1934,3,3,2,,,,history
Indiana,1935,4,3,1,,,,history
Indiana,1936,5,2,1,,,,history
Indiana,1937,5,3,0,,,,history
Indiana,1938,1,6,1,,,,history
Indiana,1939,2,4,2,,,,history
Indiana,1940,3,5,0,,,,history
Indiana,1941,2,6,0,,,,history
Indiana,1942,7,3,0,,,,history
Indiana,1943,4,4,2,,,,history
Indiana,1944,7,3,0,,,,history
Indiana,1945,9,0,1,,,,history
Indiana,1946,6,3,0,,,,history
Indiana,1947,5,3,1,,,,history
Indiana,1948,2,7,0,,,,history
Indiana,1949,1,8,0,,,,history
Indiana,1950,3,5,1,,,,history
Indiana,1951,2,7,0,,,,history
Indiana,1952,2,7,0,,,,history
Indiana,1953,2,7,0,,,,history
Indiana,1954,3,6,0,,,,history
Indiana,1955,3,6,0,,,,history
Indiana,1956,3,6,0,,,,history
Indiana,1957,1,8,0,,,,history
Indiana,1958,5,3,1,,,,history
Indiana,1959,4,4,1,,,,history
Indiana,1960,1,8,0,,,,history
Indiana,1961,2,7,0,,,,history
Indiana,1962,3,6,0,,,,history
Indiana,1963,3,6,0,,,,history
Indiana,1964,2,7,0,,,,history
Indiana,1965,2,8,0,,,,history
Indiana,1966,1,8,1,,,,history
Indiana,1967,9,2,0,,,,history
Indiana,1968,6,4,0,,,,history
Indiana,1969,4,6,0,,,,history
Indiana,1970,1,9,0,,,,history
Indiana,1971,3,8,0,,,,history
Indiana,1972,5,6,0,,,,history
Indiana,1973,2,9,0,,,,history
Indiana,1974,1,10,0,,,,history
Indiana,1975,2,8,1,,,,history
Indiana,1976,5,6,0,,,,history
Indiana,1977,5,5,1,,,,history
Indiana,1978,4,7,0,,,,history
Indiana,1979,8,4,0,,,,history
Indiana,1980,6,5,0,,,,history
Indiana,1981,3,8,0,,,,history
Indiana,1982,5,6,0,,,,history
Indiana,1983,3,8,0,,,,history
Indiana,1984,0,11,0,,,,history
Indiana,1985,4,7,0,,,,history
Indiana,1986,6,6,0,,,,history
Indiana,1987,8,4,0,,,,history
Indiana,1988,8,3,1,,,,history
Indiana,1989,5,6,0,,,,history
Indiana,1990,6,5,1,,,,history
Indiana,1991,7,4,1,,,,history
Indiana,1992,5,6,0,,,,history
Indiana,1993,8,4,0,,,,history
Indiana,1994,6,5,0,,,,history
Indiana,1995,2,9,0,,,,history
Indiana,1996,3,8,0,,,,history
Indiana,1997,2,9,0,,,,history
Indiana,1998,4,7,0,,,,history
Indiana,1999,4,7,0,,,,history
Indiana,2000,3,8,0,,,,history
Indiana,2001,5,6,0,,,,history
Indiana,2002,3,9,0,,,,history
Indiana,2003,2,10,0,,,,history
Indiana,2004,3,8,0,,,,history
Indiana,2005,4,7,0,,,,history
Indiana,2006,5,7,0,,,,history
Indiana,2007,7,6,0,,,,history
Indiana,2008,3,9,0,,,,history
Indiana,2009,4,8,0,,,,history
Indiana,2010,5,7,0,,,,history
Indiana,2011,1,11,0,,,,history
Indiana,2012,4,8,0,,,,history
Indiana,2013,5,7,0,,,,history
Indiana,2014,4,8,0,,,,history
Indiana,2015,6,7,0,,,,history
Indiana,2016,6,7,0,,,,history
Indiana,2017,5,7,0,,,,history
Indiana,2018,5,7,0,,,,history
Indiana,2019,8,5,0,,,,history
Indiana,2020,6,2,0,,,,history
Indiana,2021,2,10,0,,,,history
Indiana,2022,4,8,0,,,,history
Indiana,2023,3,9,0,,,,history
Indiana,2024,11,2,0,,,,history
Indiana,2025,16,0,0,,,,history
Iowa,1894,0,1,1,,,,history
Iowa,1895,0,1,0,,,,history
Iowa,1896,0,1,0,,,,history
Iowa,1897,1,0,0,,,,history
Iowa,1898,0,1,0,,,,history
Iowa,1899,8,0,1,,,,history
Iowa,1900,7,0,1,,,,history
Iowa,1901,6,3,0,,,,history
Iowa,1902,5,4,0,,,,history
Iowa,1903,9,2,0,,,,history
Iowa,1904,7,4,0,,,,history
Iowa,1905,8,2,0,,,,history
Iowa,1906,2,3,0,,,,history
Iowa,1907,3,2,0,,,,history
Iowa,1908,2,5,0,,,,history
Iowa,1909,2,4,1,,,,history
Iowa,1910,5,2,0,,,,history
Iowa,1911,3,4,0,,,,history
Iowa,1912,4,3,0,,,,history
Iowa,1913,5,2,0,,,,history
Iowa,1914,4,3,0,,,,history
Iowa,1915,3,4,0,,,,history
Iowa,1916,4,3,0,,,,history
Iowa,1917,3,5,0,,,,history
Iowa,1918,6,2,1,,,,history
Iowa,1919,5,2,0,,,,history
Iowa,1920,5,2,0,,,,history
Iowa,1921,7,0,0,,,,history
Iowa,1922,7,0,0,,,,history
Iowa,1923,5,3,0,,,,history
Iowa,1924,6,1,1,,,,history
Iowa,1925,5,3,0,,,,history
Iowa,1926,3,5,0,,,,history
Iowa,1927,4,4,0,,,,history
Iowa,1928,6,2,0,,,,history
Iowa,1929,4,2,2,,,,history
Iowa,1930,4,4,0,,,,history
Iowa,1931,1,6,1,,,,history
Iowa,1932,1,7,0,,,,history
Iowa,1933,5,3,0,,,,history
Iowa,1934,2,5,1,,,,history
Iowa,1935,4,2,2,,,,history
Iowa,1936,3,4,1,,,,history
Iowa,1937,1,7,0,,,,history
Iowa,1938,1,6,1,,,,history
Iowa,1939,6,1,1,,,,history
Iowa,1940,4,4,0,,,,history
Iowa,1941,3,5,0,,,,history
Iowa,1942,6,4,0,,,,history
Iowa,1943,1,6,1,,,,history
Iowa,1944,1,7,0,,,,history
Iowa,1945,2,7,0,,,,history
Iowa,1946,5,4,0,,,,history
Iowa,1947,3,5,1,,,,history
Iowa,1948,4,5,0,,,,history
Iowa,1949,4,5,0,,,,history
Iowa,1950,3,5,1,,,,history
Iowa,1951,2,5,2,,,,history
Iowa,1952,2,7,0,,,,history
Iowa,1953,5,3,1,,,,history
Iowa,1954,5,4,0,,,,history
Iowa,1955,3,5,1,,,,history
Iowa,1956,9,1,0,,,,history
Iowa,1957,7,1,1,,,,history
Iowa,1958,8,1,1,,,,history
Iowa,1959,5,4,0,,,,history
Iowa,1960,8,1,0,,,,history
Iowa,1961,5,4,0,,,,history
Iowa,1962,4,5,0,,,,history
Iowa,1963,3,3,2,,,,history
Iowa,1964,3,6,0,,,,history
Iowa,1965,1,9,0,,,,history
Iowa,1966,2,8,0,,,,history
Iowa,1967,1,8,1,,,,history
Iowa,1968,5,5,0,,,,history
Iowa,1969,5,5,0,,,,history
Iowa,1970,3,6,1,,,,history
Iowa,1971,1,10,0,,,,history
Iowa,1972,3,7,1,,,,history
Iowa,1973,0,11,0,,,,history
Iowa,1974,3,8,0,,,,history
Iowa,1975,3,8,0,,,,history
Iowa,1976,5,6,0,,,,history
Iowa,1977,4,7,0,,,,history
Iowa,1978,2,9,0,,,,history
Iowa,1979,5,6,0,,,,history
Iowa,1980,4,7,0,,,,history
Iowa,1981,8,4,0,,,,history
Iowa,1982,8,4,0,,,,history
Iowa,1983,9,3,0,,,,history
Iowa,1984,8,4,1,,,,history
Iowa,1985,10,2,0,,,,history
Iowa,1986,9,3,0,,,,history
Iowa,1987,10,3,0,,,,history
Iowa,1988,6,4,3,,,,history
Iowa,1989,5,6,0,,,,history
Iowa,1990,8,4,0,,,,history
Iowa,1991,10,1,1,,,,history
Iowa,1992,5,7,0,,,,history
Iowa,1993,6,6,0,,,,history
Iowa,1994,5,5,1,,,,history
Iowa,1995,8,4,0,,,,history
Iowa,1996,9,3,0,,,,history
Iowa,1997,7,5,0,,,,history
Iowa,1998,3,8,0,,,,history
Iowa,1999,1,10,0,,,,history
Iowa,2000,3,9,0,,,,history
Iowa,2001,7,5,0,,,,history
Iowa,2002,11,2,0,,,,history
Iowa,2003,10,3,0,,,,history
Iowa,2004,10,2,0,,,,history
Iowa,2005,7,5,0,,,,history
Iowa,2006,6,7,0,,,,history
Iowa,2007,6,6,0,,,,history
Iowa,2008,9,4,0,,,,history
Iowa,2009,11,2,0,,,,history
Iowa,2010,8,5,0,,,,history
Iowa,2011,7,6,0,,,,history
Iowa,2012,4,8,0,,,,history
Iowa,2013,8,5,0,,,,history
Iowa,2014,7,6,0,,,,history
Iowa,2015,12,2,0,,,,history
Iowa,2016,8,5,0,,,,history
Iowa,2017,8,5,0,,,,history
Iowa,2018,9,4,0,,,,history
Iowa,2019,10,3,0,,,,history
Iowa,2020,6,2,0,,,,history
Iowa,2021,10,4,0,,,,history
Iowa,2022,8,5,0,,,,history
Iowa,2023,10,4,0,4,0,Ferentz,history
Iowa,2024,8,5,0,,,,history
Iowa,2025,9,4,0,,,,history
Iowa State,1895,3,4,0,,,,history
Iowa State,1896,0,1,0,,,,history
Iowa State,1897,1,0,0,,,,history
Iowa State,1898,1,0,0,,,,history
Iowa State,1899,5,4,1,,,,history
Iowa State,1900,2,5,1,,,,history
Iowa State,1901,2,6,2,,,,history
Iowa State,1902,6,3,1,,,,history
Iowa State,1903,8,1,0,,,,history
Iowa State,1904,7,2,0,,,,history
Iowa State,1905,6,3,0,,,,history
Iowa State,1906,9,1,0,,,,history
Iowa State,1907,6,2,0,,,,history
Iowa State,1908,6,3,0,,,,history
Iowa State,1909,4,3,1,,,,history
Iowa State,1910,4,4,0,,,,history
Iowa State,1911,6,1,1,,,,history
Iowa State,1912,6,2,0,,,,history
Iowa State,1913,4,4,0,,,,history
Iowa State,1914,4,3,0,,,,history
Iowa State,1915,6,2,0,,,,history
Iowa State,1916,5,2,1,,,,history
Iowa State,1917,5,2,0,,,,history
Iowa State,1918,0,3,0,,,,history
Iowa State,1919,5,2,1,,,,history
Iowa State,1920,4,4,0,,,,history
Iowa State,1921,4,4,0,,,,history
Iowa State,1922,2,6,0,,,,history
Iowa State,1923,4,3,1,,,,history
Iowa State,1924,4,3,1,,,,history
Iowa State,1925,4,3,1,,,,history
Iowa State,1926,4,3,1,,,,history
Iowa State,1927,4,3,1,,,,history
Iowa State,1928,2,5,1,,,,history
Iowa State,1929,1,7,0,,,,history
Iowa State,1930,0,9,0,,,,history
Iowa State,1931,5,3,0,,,,history
Iowa State,1932,3,4,1,,,,history
Iowa State,1933,3,5,1,,,,history
Iowa State,1934,5,3,1,,,,history
Iowa State,1935,2,4,3,,,,history
Iowa State,1936,3,3,2,,,,history
Iowa State,1937,3,6,0,,,,history
Iowa State,1938,7,1,1,,,,history
Iowa State,1939,2,7,0,,,,history
Iowa State,1940,4,5,0,,,,history
Iowa State,1941,2,6,1,,,,history
Iowa State,1942,3,6,0,,,,history
Iowa State,1943,4,4,0,,,,history
Iowa State,1944,6,1,1,,,,history
Iowa State,1945,4,3,1,,,,history
Iowa State,1946,2,6,1,,,,history
Iowa State,1947,3,6,0,,,,history
Iowa State,1948,4,6,0,,,,history
Iowa State,1949,5,3,1,,,,history
Iowa State,1950,3,6,1,,,,history
Iowa State,1951,4,4,1,,,,history
Iowa State,1952,3,6,0,,,,history
Iowa State,1953,2,7,0,,,,history
Iowa State,1954,3,6,0,,,,history
Iowa State,1955,1,7,1,,,,history
Iowa State,1956,2,8,0,,,,history
Iowa State,1957,4,5,1,,,,history
Iowa State,1958,4,6,0,,,,history
Iowa State,1959,7,3,0,,,,history
Iowa State,1960,7,3,0,,,,history
Iowa State,1961,5,5,0,,,,history
Iowa State,1962,5,5,0,,,,history
Iowa State,1963,4,5,0,,,,history
Iowa State,1964,1,8,1,,,,history
Iowa State,1965,5,4,1,,,,history
Iowa State,1966,2,6,2,,,,history
Iowa State,1967,2,8,0,,,,history
Iowa State,1968,3,7,0,,,,history
Iowa State,1969,3,7,0,,,,history
Iowa State,1970,5,6,0,,,,history
Iowa State,1971,8,4,0,,,,history
Iowa State,1972,5,6,1,,,,history
Iowa State,1973,4,7,0,,,,history
Iowa State,1974,4,7,0,,,,history
Iowa State,1975,4,7,0,,,,history
Iowa State,1976,8,3,0,,,,history
Iowa State,1977,8,4,0,,,,history
Iowa State,1978,8,4,0,,,,history
Iowa State,1979,3,8,0,,,,history
Iowa State,1980,6,5,0,,,,history
Iowa State,1981,5,5,1,,,,history
Iowa State,1982,4,6,1,,,,history
Iowa State,1983,4,7,0,,,,history
Iowa State,1984,2,7,2,,,,history
Iowa State,1985,5,6,0,,,,history
Iowa State,1986,6,5,0,,,,history
Iowa State,1987,3,8,0,,,,history
Iowa State,1988,5,6,0,,,,history
Iowa State,1989,6,5,0,,,,history
Iowa State,1990,4,6,1,,,,history
Iowa State,1991,3,7,1,,,,history
Iowa State,1992,4,7,0,,,,history
Iowa State,1993,3,8,0,,,,history
Iowa State,1994,0,10,1,,,,history
Iowa State,1995,3,8,0,,,,history
Iowa State,1996,2,9,0,,,,history
Iowa State,1997,1,10,0,,,,history
Iowa State,1998,3,8,0,,,,history
Iowa State,1999,4,7,0,,,,history
Iowa State,2000,9,3,0,,,,history
Iowa State,2001,7,5,0,,,,history
Iowa State,2002,7,7,0,,,,history
Iowa State,2003,2,10,0,,,,history
Iowa State,2004,7,5,0,,,,history
Iowa State,2005,7,5,0,,,,history
Iowa State,2006,4,8,0,,,,history
Iowa State,2007,3,9,0,,,,history
Iowa State,2008,2,10,0,,,,history
Iowa State,2009,7,6,0,,,,history
Iowa State,2010,5,7,0,,,,history
Iowa State,2011,6,7,0,,,,history
Iowa State,2012,6,7,0,,,,history
Iowa State,2013,3,9,0,,,,history
Iowa State,2014,2,10,0,,,,history
Iowa State,2015,3,9,0,,,,history
Iowa State,2016,3,9,0,,,,history
Iowa State,2017,8,5,0,,,,history
Iowa State,2018,8,5,0,,,,history
Iowa State,2019,7,6,0,,,,history
Iowa State,2020,9,3,0,,,,history
Iowa State,2021,7,6,0,,,,history
Iowa State,2022,4,8,0,,,,history
Iowa State,2023,7,6,0,,,,history
Iowa State,2024,11,3,0,,,,history
Iowa State,2025,8,4,0,,,,history
Jacksonville State,1904,1,4,0,,,,ncaa-history
Jacksonville State,1905,1,1,0,,,,ncaa-history
Jacksonville State,1906,0,0,0,,,,ncaa-history
Jacksonville State,1907,0,0,0,,,,ncaa-history
Jacksonville State,1908,4,3,0,,,,ncaa-history
Jacksonville State,1909,0,2,0,,,,ncaa-history
Jacksonville State,1910,1,3,2,,,,ncaa-history
Jacksonville State,1911,3,2,1,,,,ncaa-history
Jacksonville State,1912,1,4,0,,,,ncaa-history
Jacksonville State,1913,5,2,1,,,,ncaa-history
Jacksonville State,1914,3,1,0,,,,ncaa-history
Jacksonville State,1915,5,2,0,,,,ncaa-history
Jacksonville State,1916,2,4,1,,,,ncaa-history
Jacksonville State,1917,9,0,1,,,,ncaa-history
Jacksonville State,1918,1,2,1,,,,ncaa-history
Jacksonville State,1919,3,4,1,,,,ncaa-history
Jacksonville State,1920,7,1,1,,,,ncaa-history
Jacksonville State,1921,5,2,2,,,,ncaa-history
Jacksonville State,1922,4,4,0,,,,ncaa-history
Jacksonville State,1923,3,2,1,,,,ncaa-history
Jacksonville State,1924,6,3,0,,,,ncaa-history
Jacksonville State,1925,1,6,0,,,,ncaa-history
Jacksonville State,1926,1,7,0,,,,ncaa-history
Jacksonville State,1927,2,4,1,,,,ncaa-history
Jacksonville State,1928,5,2,0,,,,ncaa-history
Jacksonville State,1929,5,3,0,,,,ncaa-history
Jacksonville State,1930,4,3,1,,,,ncaa-history
Jacksonville State,1931,0,9,1,,,,ncaa-history
Jacksonville State,1932,2,3,1,,,,ncaa-history
Jacksonville State,1933,2,5,1,,,,ncaa-history
Jacksonville State,1934,5,4,0,,,,ncaa-history
Jacksonville State,1935,2,5,0,,,,ncaa-history
Jacksonville State,1936,1,3,1,,,,ncaa-history
Jacksonville State,1937,0,5,0,,,,ncaa-history
Jacksonville State,1938,1,6,1,,,,ncaa-history
Jacksonville State,1939,0,7,2,,,,ncaa-history
Jacksonville State,1940,3,5,0,,,,ncaa-history
Jacksonville State,1941,0,0,0,,,,ncaa-history
Jacksonville State,1942,0,0,0,,,,ncaa-history
Jacksonville State,1943,0,0,0,,,,ncaa-history
Jacksonville State,1944,0,0,0,,,,ncaa-history
Jacksonville State,1945,1,1,0,,,,ncaa-history
Jacksonville State,1946,3,5,1,,,,ncaa-history
Jacksonville State,1947,9,0,0,,,,ncaa-history
Jacksonville State,1948,8,1,1,,,,ncaa-history
Jacksonville State,1949,6,3,0,,,,ncaa-history
Jacksonville State,1950,6,2,0,,,,ncaa-history
Jacksonville State,1951,3,3,2,,,,ncaa-history
Jacksonville State,1952,3,6,1,,,,ncaa-history
Jacksonville State,1953,3,5,1,,,,ncaa-history
Jacksonville State,1954,7,2,0,,,,ncaa-history
Jacksonville State,1955,10,1,0,,,,ncaa-history
Jacksonville State,1956,5,3,0,,,,ncaa-history
Jacksonville State,1957,4,4,0,,,,ncaa-history
Jacksonville State,1958,5,4,0,,,,ncaa-history
Jacksonville State,1959,6,2,1,,,,ncaa-history
Jacksonville State,1960,3,6,0,,,,ncaa-history
Jacksonville State,1961,5,4,0,,,,ncaa-history
Jacksonville State,1962,4,3,2,,,,ncaa-history
Jacksonville State,1963,4,4,1,,,,ncaa-history
Jacksonville State,1964,4,4,1,,,,ncaa-history
Jacksonville State,1965,7,2,0,,,,ncaa-history
Jacksonville State,1966,8,2,0,,,,ncaa-history
Jacksonville State,1967,4,5,1,,,,ncaa-history
Jacksonville State,1968,3,6,0,,,,ncaa-history
Jacksonville State,1969,3,6,0,,,,ncaa-history
Jacksonville State,1970,10,0,0,,,,ncaa-history
Jacksonville State,1971,6,3,0,,,,ncaa-history
Jacksonville State,1972,7,2,1,,,,ncaa-history
Jacksonville State,1973,7,2,0,,,,ncaa-history
Jacksonville State,1974,7,4,0,,,,ncaa-history
Jacksonville State,1975,7,3,0,,,,ncaa-history
Jacksonville State,1976,6,4,0,,,,ncaa-history
Jacksonville State,1977,11,3,0,,,,ncaa-history
Jacksonville State,1978,7,3,0,,,,ncaa-history
Jacksonville State,1979,4,6,0,,,,ncaa-history
Jacksonville State,1980,8,3,0,,,,ncaa-history
Jacksonville State,1981,8,3,0,,,,ncaa-history
Jacksonville State,1982,10,2,0,,,,ncaa-history
Jacksonville State,1983,6,5,0,,,,ncaa-history
Jacksonville State,1984,4,5,1,,,,ncaa-history
Jacksonville State,1985,3,6,1,,,,ncaa-history
Jacksonville State,1986,5,4,1,,,,ncaa-history
Jacksonville State,1987,5,4,1,,,,ncaa-history
Jacksonville State,1988,10,2,0,,,,ncaa-history
Jacksonville State,1989,13,1,0,,,,ncaa-history
Jacksonville State,1990,9,3,0,,,,ncaa-history
Jacksonville State,1991,12,1,0,,,,ncaa-history
Jacksonville State,1992,12,1,1,,,,ncaa-history
Jacksonville State,1993,3,7,0,,,,ncaa-history
Jacksonville State,1994,4,7,0,,,,ncaa-history
Jacksonville State,1995,7,4,0,,,,ncaa-history
Jacksonville State,1996,1,9,0,,,,ncaa-history
Jacksonville State,1997,1,10,0,,,,ncaa-history
Jacksonville State,1998,7,4,0,,,,ncaa-history
Jacksonville State,2000,4,6,0,,,,ncaa-history
Jacksonville State,2001,5,6,0,,,,ncaa-history
Jacksonville State,2002,5,6,0,,,,ncaa-history
Jacksonville State,2003,8,3,0,,,,manual
Jacksonville State,2004,9,2,0,,,,manual
Jacksonville State,2005,6,5,0,,,,manual
Jacksonville State,2006,6,5,0,,,,manual
Jacksonville State,2007,5,5,0,,,,manual
Jacksonville State,2008,8,3,0,,,,manual
Jacksonville State,2009,6,2,0,,,,manual
Jacksonville State,2010,9,3,0,,,,manual
Jacksonville State,2011,7,4,0,,,,manual
Jacksonville State,2012,6,5,0,,,,manual
Jacksonville State,2013,11,4,0,,,,manual
Jacksonville State,2014,10,2,0,,,,manual
Jacksonville State,2015,13,2,0,,,,manual
Jacksonville State,2016,10,2,0,,,,manual
Jacksonville State,2017,10,2,0,,,,manual
Jacksonville State,2018,9,4,0,,,,manual
Jacksonville State,2019,6,6,0,,,,manual
Jacksonville State,2020,10,3,0,,,,manual
Jacksonville State,2021,5,6,0,,,,manual
Jacksonville State,2022,9,2,0,,,,manual
Jacksonville State,2023,9,4,0,,,,manual
Jacksonville State,2024,9,5,0,,,,manual
Jacksonville State,2025,9,5,0,,,,manual
James Madison,1935,178,153,4,,,,ncaa
James Madison,2003,6,6,0,,,,manual
James Madison,2004,10,2,0,,,,manual
James Madison,2005,7,4,0,,,,manual
James Madison,2006,9,3,0,,,,manual
James Madison,2007,9,4,0,,,,manual
James Madison,2008,11,1,0,,,,manual
James Madison,2009,6,5,0,,,,manual
James Madison,2010,5,5,0,,,,manual
James Madison,2011,8,5,0,,,,manual
James Madison,2012,7,4,0,,,,manual
James Madison,2013,6,6,0,,,,manual
James Madison,2014,9,4,0,,,,manual
James Madison,2015,9,3,0,,,,manual
James Madison,2016,14,1,0,,,,manual
James Madison,2017,14,1,0,,,,manual
James Madison,2018,9,4,0,,,,manual
James Madison,2019,14,2,0,,,,manual
James Madison,2020,7,1,0,,,,manual
James Madison,2021,12,2,0,,,,manual
James Madison,2022,8,3,0,,,,manual
James Madison,2023,11,2,0,,,,manual
James Madison,2024,9,4,0,,,,manual
James Madison,2025,12,2,0,,,,manual
Kansas,1892,1,0,0,,,,history
Kansas,1893,0,2,0,,,,history
Kansas,1894,0,1,0,,,,history
Kansas,1896,0,1,0,,,,history
Kansas,1900,0,1,0,,,,history
Kansas,1901,3,5,2,,,,history
Kansas,1902,6,4,0,,,,history
Kansas,1903,6,3,0,,,,history
Kansas,1904,8,1,1,,,,history
Kansas,1905,10,1,0,,,,history
Kansas,1906,7,2,2,,,,history
Kansas,1907,5,3,0,,,,history
Kansas,1908,9,0,0,,,,history
Kansas,1909,8,1,0,,,,history
Kansas,1910,6,1,1,,,,history
Kansas,1911,4,2,2,,,,history
Kansas,1912,4,4,0,,,,history
Kansas,1913,5,3,0,,,,history
Kansas,1914,5,2,1,,,,history
Kansas,1915,6,2,0,,,,history
Kansas,1916,4,3,1,,,,history
Kansas,1917,6,2,0,,,,history
Kansas,1918,2,2,0,,,,history
Kansas,1919,3,2,3,,,,history
Kansas,1920,5,2,1,,,,history
Kansas,1921,4,3,0,,,,history
Kansas,1922,3,4,1,,,,history
Kansas,1923,5,0,3,,,,history
Kansas,1924,2,5,1,,,,history
Kansas,1925,2,5,1,,,,history
Kansas,1926,2,6,0,,,,history
Kansas,1927,3,4,1,,,,history
Kansas,1928,2,4,2,,,,history
Kansas,1929,4,4,0,,,,history
Kansas,1930,6,2,0,,,,history
Kansas,1931,5,5,0,,,,history
Kansas,1932,5,3,0,,,,history
Kansas,1933,5,4,1,,,,history
Kansas,1934,3,4,3,,,,history
Kansas,1935,4,4,1,,,,history
Kansas,1936,1,6,1,,,,history
Kansas,1937,3,4,2,,,,history
Kansas,1938,3,6,0,,,,history
Kansas,1939,2,6,0,,,,history
Kansas,1940,2,7,0,,,,history
Kansas,1941,3,6,0,,,,history
Kansas,1942,2,8,0,,,,history
Kansas,1943,4,5,1,,,,history
Kansas,1944,3,6,1,,,,history
Kansas,1945,4,5,1,,,,history
Kansas,1946,7,2,1,,,,history
Kansas,1947,8,1,2,,,,history
Kansas,1948,7,3,0,,,,history
Kansas,1949,5,5,0,,,,history
Kansas,1950,6,4,0,,,,history
Kansas,1951,8,2,0,,,,history
Kansas,1952,7,3,0,,,,history
Kansas,1953,2,8,0,,,,history
Kansas,1954,0,10,0,,,,history
Kansas,1955,3,6,1,,,,history
Kansas,1956,3,6,1,,,,history
Kansas,1957,5,4,1,,,,history
Kansas,1958,4,5,1,,,,history
Kansas,1959,5,5,0,,,,history
Kansas,1960,7,2,1,,,,history
Kansas,1961,7,3,1,,,,history
Kansas,1962,6,3,1,,,,history
Kansas,1963,5,5,0,,,,history
Kansas,1964,6,4,0,,,,history
Kansas,1965,2,8,0,,,,history
Kansas,1966,2,7,1,,,,history
Kansas,1967,5,5,0,,,,history
Kansas,1968,9,2,0,,,,history
Kansas,1969,1,9,0,,,,history
Kansas,1970,5,6,0,,,,history
Kansas,1971,4,7,0,,,,history
Kansas,1972,4,7,0,,,,history
Kansas,1973,7,4,1,,,,history
Kansas,1974,4,7,0,,,,history
Kansas,1975,7,5,0,,,,history
Kansas,1976,6,5,0,,,,history
Kansas,1977,3,7,1,,,,history
Kansas,1978,1,10,0,,,,history
Kansas,1979,3,8,0,,,,history
Kansas,1980,4,5,2,,,,history
Kansas,1981,8,4,0,,,,history
Kansas,1982,2,7,2,,,,history
Kansas,1983,4,6,1,,,,history
Kansas,1984,5,6,0,,,,history
Kansas,1985,6,6,0,,,,history
Kansas,1986,3,8,0,,,,history
Kansas,1987,1,9,1,,,,history
Kansas,1988,1,10,0,,,,history
Kansas,1989,4,7,0,,,,history
Kansas,1990,3,7,1,,,,history
Kansas,1991,6,5,0,,,,history
Kansas,1992,8,4,0,,,,history
Kansas,1993,5,7,0,,,,history
Kansas,1994,6,5,0,,,,history
Kansas,1995,10,2,0,,,,history
Kansas,1996,4,7,0,,,,history
Kansas,1997,5,6,0,,,,history
Kansas,1998,4,7,0,,,,history
Kansas,1999,5,7,0,,,,history
Kansas,2000,4,7,0,,,,history
Kansas,2001,3,8,0,,,,history
Kansas,2002,2,10,0,,,,history
Kansas,2003,6,7,0,,,,history
Kansas,2004,4,7,0,,,,history
Kansas,2005,7,5,0,,,,history
Kansas,2006,6,6,0,,,,history
Kansas,2007,12,1,0,,,,history
Kansas,2008,8,5,0,,,,history
Kansas,2009,5,7,0,,,,history
Kansas,2010,3,9,0,,,,history
Kansas,2011,2,10,0,,,,history
Kansas,2012,1,11,0,,,,history
Kansas,2013,3,9,0,,,,history
Kansas,2014,3,9,0,,,,history
Kansas,2015,0,12,0,,,,history
Kansas,2016,2,10,0,,,,history
Kansas,2017,1,11,0,,,,history
Kansas,2018,3,9,0,,,,history
Kansas,2019,3,9,0,,,,history
Kansas,2020,0,9,0,,,,history
Kansas,2021,2,10,0,,,,history
Kansas,2022,6,7,0,,,,history
Kansas,2023,9,4,0,,,,history
Kansas,2024,5,7,0,,,,history
Kansas,2025,5,7,0,,,,history
Kansas State,1902,0,1,0,,,,history
Kansas State,1903,0,1,0,,,,history
Kansas State,1904,0,1,0,,,,history
Kansas State,1905,0,2,0,,,,history
Kansas State,1906,2,0,0,,,,history
Kansas State,1907,0,2,0,,,,history
Kansas State,1908,0,1,0,,,,history
Kansas State,1909,0,2,0,,,,history
Kansas State,1910,2,1,0,,,,history
Kansas State,1911,1,2,0,,,,history
Kansas State,1912,8,2,0,,,,history
Kansas State,1913,3,4,1,,,,history
Kansas State,1914,1,5,1,,,,history
Kansas State,1915,3,4,1,,,,history
Kansas State,1916,6,1,1,,,,history
Kansas State,1917,6,2,0,,,,history
Kansas State,1918,4,1,0,,,,history
Kansas State,1919,4,5,1,,,,history
Kansas State,1920,3,3,3,,,,history
Kansas State,1921,5,3,0,,,,history
Kansas State,1922,5,1,2,,,,history
Kansas State,1923,4,2,2,,,,history
Kansas State,1924,3,4,1,,,,history
Kansas State,1925,5,2,1,,,,history
Kansas State,1926,5,3,0,,,,history
Kansas State,1927,3,5,0,,,,history
Kansas State,1928,3,5,0,,,,history
Kansas State,1929,3,5,0,,,,history
Kansas State,1930,5,3,0,,,,history
Kansas State,1931,8,2,0,,,,history
Kansas State,1932,4,4,0,,,,history
Kansas State,1933,6,2,1,,,,history
Kansas State,1934,7,2,1,,,,history
Kansas State,1935,2,4,3,,,,history
Kansas State,1936,4,3,2,,,,history
Kansas State,1937,4,5,0,,,,history
Kansas State,1938,4,4,1,,,,history
Kansas State,1939,4,5,0,,,,history
Kansas State,1940,2,7,0,,,,history
Kansas State,1941,2,5,2,,,,history
Kansas State,1942,3,8,0,,,,history
Kansas State,1943,1,7,0,,,,history
Kansas State,1944,2,5,2,,,,history
Kansas State,1945,1,7,0,,,,history
Kansas State,1946,0,9,0,,,,history
Kansas State,1947,0,10,0,,,,history
Kansas State,1948,1,9,0,,,,history
Kansas State,1949,2,8,0,,,,history
Kansas State,1950,1,9,1,,,,history
Kansas State,1951,1,7,1,,,,history
Kansas State,1952,1,9,0,,,,history
Kansas State,1953,6,3,1,,,,history
Kansas State,1954,7,3,0,,,,history
Kansas State,1955,4,6,0,,,,history
Kansas State,1956,3,7,0,,,,history
Kansas State,1957,3,6,1,,,,history
Kansas State,1958,3,7,0,,,,history
Kansas State,1959,2,8,0,,,,history
Kansas State,1960,1,9,0,,,,history
Kansas State,1961,2,8,0,,,,history
Kansas State,1962,0,10,0,,,,history
Kansas State,1963,2,7,0,,,,history
Kansas State,1964,3,7,0,,,,history
Kansas State,1965,0,10,0,,,,history
Kansas State,1966,0,9,1,,,,history
Kansas State,1967,1,9,0,,,,history
Kansas State,1968,4,6,0,,,,history
Kansas State,1969,5,5,0,,,,history
Kansas State,1970,6,5,0,,,,history
Kansas State,1971,5,6,0,,,,history
Kansas State,1972,3,8,0,,,,history
Kansas State,1973,5,6,0,,,,history
Kansas State,1974,4,7,0,,,,history
Kansas State,1975,3,8,0,,,,history
Kansas State,1976,1,10,0,,,,history
Kansas State,1977,1,10,0,,,,history
Kansas State,1978,4,7,0,,,,history
Kansas State,1979,3,8,0,,,,history
Kansas State,1980,3,8,0,,,,history
Kansas State,1981,2,9,0,,,,history
Kansas State,1982,6,5,1,,,,history
Kansas State,1983,3,8,0,,,,history
Kansas State,1984,3,7,1,,,,history
Kansas State,1985,1,10,0,,,,history
Kansas State,1986,2,9,0,,,,history
Kansas State,1987,0,10,1,,,,history
Kansas State,1988,0,11,0,,,,history
Kansas State,1989,1,10,0,,,,history
Kansas State,1990,5,6,0,,,,history
Kansas State,1991,7,4,0,,,,history
Kansas State,1992,5,6,0,,,,history
Kansas State,1993,9,2,1,,,,history
Kansas State,1994,9,3,0,,,,history
Kansas State,1995,10,2,0,,,,history
Kansas State,1996,9,3,0,,,,history
Kansas State,1997,11,1,0,,,,history
Kansas State,1998,11,2,0,,,,history
Kansas State,1999,11,1,0,,,,history
Kansas State,2000,11,3,0,,,,history
Kansas State,2001,6,6,0,,,,history
Kansas State,2002,11,2,0,,,,history
Kansas State,2003,11,4,0,,,,history
Kansas State,2004,4,7,0,,,,history
Kansas State,2005,5,6,0,,,,history
Kansas State,2006,7,6,0,,,,history
Kansas State,2007,5,7,0,,,,history
Kansas State,2008,5,7,0,,,,history
Kansas State,2009,6,6,0,,,,history
Kansas State,2010,7,6,0,,,,history
Kansas State,2011,10,3,0,,,,history
Kansas State,2012,11,2,0,,,,history
Kansas State,2013,8,5,0,,,,history
Kansas State,2014,9,4,0,,,,history
Kansas State,2015,6,7,0,,,,history
Kansas State,2016,9,4,0,,,,history
Kansas State,2017,8,5,0,,,,history
Kansas State,2018,5,7,0,,,,history
Kansas State,2019,8,5,0,,,,history
Kansas State,2020,4,6,0,,,,history
Kansas State,2021,8,5,0,,,,history
Kansas State,2022,10,4,0,,,,history
Kansas State,2023,9,4,0,,,,history
Kansas State,2024,9,4,0,,,,history
Kansas State,2025,6,6,0,,,,history
Kennesaw State,2015,6,5,0,,,,manual
Kennesaw State,2016,8,3,0,,,,manual
Kennesaw State,2017,12,2,0,,,,manual
Kennesaw State,2018,11,2,0,,,,manual
Kennesaw State,2019,11,3,0,,,,manual
Kennesaw State,2020,4,1,0,,,,manual
Kennesaw State,2021,11,2,0,,,,manual
Kennesaw State,2022,5,6,0,,,,manual
Kennesaw State,2023,3,6,0,,,,manual
Kennesaw State,2024,2,10,0,,,,manual
Kennesaw State,2025,10,4,0,,,,manual
Kent State,1904,0,1,0,,,,history
Kent State,1936,0,0,0,,,,history
Kent State,1937,0,0,0,,,,history
Kent State,1938,0,0,0,,,,history
Kent State,1939,0,0,0,,,,history
Kent State,1940,0,0,0,,,,history
Kent State,1941,0,0,0,,,,history
Kent State,1942,0,0,0,,,,history
Kent State,1946,0,0,0,,,,history
Kent State,1947,0,0,0,,,,history
Kent State,1948,0,0,0,,,,history
Kent State,1949,0,0,0,,,,history
Kent State,1950,0,0,0,,,,history
Kent State,1951,0,0,0,,,,history
Kent State,1952,0,0,0,,,,history
Kent State,1953,0,0,0,,,,history
Kent State,1954,0,0,0,,,,history
Kent State,1955,0,0,0,,,,history
Kent State,1956,0,0,0,,,,history
Kent State,1957,0,0,0,,,,history
Kent State,1958,0,0,0,,,,history
Kent State,1959,0,0,0,,,,history
Kent State,1960,1,0,0,,,,history
Kent State,1961,1,1,0,,,,history
Kent State,1962,3,6,0,,,,history
Kent State,1963,3,5,1,,,,history
Kent State,1964,3,5,1,,,,history
Kent State,1965,5,4,1,,,,history
Kent State,1966,4,6,0,,,,history
Kent State,1967,5,5,0,,,,history
Kent State,1968,1,9,0,,,,history
Kent State,1969,5,5,0,,,,history
Kent State,1970,3,7,0,,,,history
Kent State,1971,3,8,0,,,,history
Kent State,1972,6,5,1,,,,history
Kent State,1973,9,2,0,,,,history
Kent State,1974,7,4,0,,,,history
Kent State,1975,4,7,0,,,,history
Kent State,1976,8,4,0,,,,history
Kent State,1977,6,5,0,,,,history
Kent State,1978,4,7,0,,,,history
Kent State,1979,1,10,0,,,,history
Kent State,1980,3,8,0,,,,history
Kent State,1981,4,7,0,,,,history
Kent State,1982,0,11,0,,,,history
Kent State,1983,1,10,0,,,,history
Kent State,1984,4,7,0,,,,history
Kent State,1985,3,8,0,,,,history
Kent State,1986,5,6,0,,,,history
Kent State,1987,7,4,0,,,,history
Kent State,1988,5,6,0,,,,history
Kent State,1989,0,11,0,,,,history
Kent State,1990,2,9,0,,,,history
Kent State,1991,1,10,0,,,,history
Kent State,1992,2,9,0,,,,history
Kent State,1993,0,11,0,,,,history
Kent State,1994,2,9,0,,,,history
Kent State,1995,1,9,1,,,,history
Kent State,1996,2,9,0,,,,history
Kent State,1997,3,8,0,,,,history
Kent State,1998,0,11,0,,,,history
Kent State,1999,2,9,0,,,,history
Kent State,2000,1,10,0,,,,history
Kent State,2001,6,5,0,,,,history
Kent State,2002,3,9,0,,,,history
Kent State,2003,5,7,0,,,,history
Kent State,2004,5,6,0,,,,history
Kent State,2005,1,10,0,,,,history
Kent State,2006,6,6,0,,,,history
Kent State,2007,3,9,0,,,,history
Kent State,2008,4,8,0,,,,history
Kent State,2009,5,7,0,,,,history
Kent State,2010,5,7,0,,,,history
Kent State,2011,5,7,0,,,,history
Kent State,2012,11,3,0,,,,history
Kent State,2013,4,8,0,,,,history
Kent State,2014,2,9,0,,,,history
Kent State,2015,3,9,0,,,,history
Kent State,2016,3,9,0,,,,history
Kent State,2017,2,10,0,,,,history
Kent State,2018,2,10,0,,,,history
Kent State,2019,7,6,0,,,,history
Kent State,2020,3,1,0,,,,history
Kent State,2021,7,7,0,,,,history
Kent State,2022,5,7,0,,,,history
Kent State,2023,1,11,0,,,,history
Kent State,2024,0,12,0,,,,history
Kent State,2025,5,7,0,,,,history
Kentucky,1895,0,1,0,,,,history
Kentucky,1904,1,0,0,,,,history
Kentucky,1905,1,1,0,,,,history
Kentucky,1906,1,1,0,,,,history
Kentucky,1907,1,1,1,,,,history
Kentucky,1908,0,3,0,,,,history
Kentucky,1909,2,1,0,,,,history
Kentucky,1910,3,0,0,,,,history
Kentucky,1911,1,1,0,,,,history
Kentucky,1912,1,0,0,,,,history
Kentucky,1913,0,2,0,,,,history
Kentucky,1914,1,2,0,,,,history
Kentucky,1915,6,1,1,,,,history
Kentucky,1916,4,1,2,,,,history
Kentucky,1917,3,5,1,,,,history
Kentucky,1918,2,1,0,,,,history
Kentucky,1919,3,4,1,,,,history
Kentucky,1920,3,4,1,,,,history
Kentucky,1921,4,3,1,,,,history
Kentucky,1922,6,3,0,,,,history
Kentucky,1923,4,3,2,,,,history
Kentucky,1924,4,5,0,,,,history
Kentucky,1925,6,3,0,,,,history
Kentucky,1926,2,6,1,,,,history
Kentucky,1927,3,6,1,,,,history
Kentucky,1928,4,3,1,,,,history
Kentucky,1929,6,1,1,,,,history
Kentucky,1930,5,3,0,,,,history
Kentucky,1931,5,2,2,,,,history
Kentucky,1932,4,5,0,,,,history
Kentucky,1933,5,5,0,,,,history
Kentucky,1934,5,5,0,,,,history
Kentucky,1935,5,4,0,,,,history
Kentucky,1936,6,4,0,,,,history
Kentucky,1937,4,6,0,,,,history
Kentucky,1938,2,7,0,,,,history
Kentucky,1939,6,2,1,,,,history
Kentucky,1940,5,3,2,,,,history
Kentucky,1941,5,4,0,,,,history
Kentucky,1942,3,6,1,,,,history
Kentucky,1944,3,6,0,,,,history
Kentucky,1945,2,8,0,,,,history
Kentucky,1946,7,3,0,,,,history
Kentucky,1947,8,3,0,,,,history
Kentucky,1948,5,3,2,,,,history
Kentucky,1949,9,3,0,,,,history
Kentucky,1950,11,1,0,,,,history
Kentucky,1951,8,4,0,,,,history
Kentucky,1952,5,4,2,,,,history
Kentucky,1953,7,2,1,,,,history
Kentucky,1954,7,3,0,,,,history
Kentucky,1955,6,3,1,,,,history
Kentucky,1956,6,4,0,,,,history
Kentucky,1957,3,7,0,,,,history
Kentucky,1958,5,4,1,,,,history
Kentucky,1959,4,6,0,,,,history
Kentucky,1960,5,4,1,,,,history
Kentucky,1961,5,5,0,,,,history
Kentucky,1962,3,5,2,,,,history
Kentucky,1963,3,6,1,,,,history
Kentucky,1964,5,5,0,,,,history
Kentucky,1965,6,4,0,,,,history
Kentucky,1966,3,6,1,,,,history
Kentucky,1967,2,8,0,,,,history
Kentucky,1968,3,7,0,,,,history
Kentucky,1969,2,8,0,,,,history
Kentucky,1970,2,9,0,,,,history
Kentucky,1971,3,8,0,,,,history
Kentucky,1972,3,8,0,,,,history
Kentucky,1973,5,6,0,,,,history
Kentucky,1974,6,5,0,,,,history
Kentucky,1975,2,8,1,,,,history
Kentucky,1976,8,4,0,,,,history
Kentucky,1977,10,1,0,,,,history
Kentucky,1978,4,6,1,,,,history
Kentucky,1979,5,6,0,,,,history
Kentucky,1980,3,8,0,,,,history
Kentucky,1981,3,8,0,,,,history
Kentucky,1982,0,10,1,,,,history
Kentucky,1983,6,5,1,,,,history
Kentucky,1984,9,3,0,,,,history
Kentucky,1985,5,6,0,,,,history
Kentucky,1986,5,5,1,,,,history
Kentucky,1987,5,6,0,,,,history
Kentucky,1988,5,6,0,,,,history
Kentucky,1989,6,5,0,,,,history
Kentucky,1990,4,7,0,,,,history
Kentucky,1991,3,8,0,,,,history
Kentucky,1992,4,7,0,,,,history
Kentucky,1993,6,6,0,,,,history
Kentucky,1994,1,10,0,,,,history
Kentucky,1995,4,7,0,,,,history
Kentucky,1996,4,7,0,,,,history
Kentucky,1997,5,6,0,,,,history
Kentucky,1998,7,5,0,,,,history
Kentucky,1999,6,6,0,,,,history
Kentucky,2000,2,9,0,,,,history
Kentucky,2001,2,9,0,,,,history
Kentucky,2002,7,5,0,,,,history
Kentucky,2003,4,8,0,,,,history
Kentucky,2004,2,9,0,,,,history
Kentucky,2005,3,8,0,,,,history
Kentucky,2006,8,5,0,,,,history
Kentucky,2007,8,5,0,,,,history
Kentucky,2008,7,6,0,,,,history
Kentucky,2009,7,6,0,,,,history
Kentucky,2010,6,7,0,,,,history
Kentucky,2011,5,7,0,,,,history
Kentucky,2012,2,10,0,,,,history
Kentucky,2013,2,10,0,,,,history
Kentucky,2014,5,7,0,,,,history
Kentucky,2015,5,7,0,,,,history
Kentucky,2016,7,6,0,,,,history
Kentucky,2017,7,6,0,,,,history
Kentucky,2018,10,3,0,,,,history
Kentucky,2019,8,5,0,,,,history
Kentucky,2020,5,6,0,,,,history
Kentucky,2021,10,3,0,10,0,Stoops; 9 reg + 2022 Citrus Bowl,history
Kentucky,2022,7,6,0,,,,history
Kentucky,2023,7,6,0,,,,history
Kentucky,2024,4,8,0,,,,history
Kentucky,2025,5,7,0,,,,history
Liberty,1984,0,0,0,,,,history
Liberty,1985,0,0,0,,,,history
Liberty,1986,0,0,0,,,,history
Liberty,1987,0,0,0,,,,history
Liberty,1988,0,0,0,,,,history
Liberty,1989,1,0,0,,,,history
Liberty,1990,0,0,0,,,,history
Liberty,1991,0,0,0,,,,history
Liberty,1992,0,1,0,,,,history
Liberty,1993,0,0,0,,,,history
Liberty,1994,0,1,0,,,,history
Liberty,1995,0,0,0,,,,history
Liberty,1996,0,0,0,,,,history
Liberty,1997,0,0,0,,,,history
Liberty,1998,0,0,0,,,,history
Liberty,1999,0,1,0,,,,history
Liberty,2000,0,1,0,,,,history
Liberty,2001,0,2,0,,,,history
Liberty,2002,0,2,0,,,,history
Liberty,2003,6,6,0,,,,history
Liberty,2004,6,5,0,,,,history
Liberty,2005,1,10,0,,,,history
Liberty,2006,6,5,0,,,,history
Liberty,2007,6,3,0,,,,history
Liberty,2008,9,2,0,,,,history
Liberty,2009,7,3,0,,,,history
Liberty,2010,8,3,0,,,,history
Liberty,2011,6,4,0,,,,history
Liberty,2012,0,3,0,,,,history
Liberty,2013,8,4,0,,,,history
Liberty,2014,9,5,0,,,,history
Liberty,2015,6,5,0,,,,history
Liberty,2016,6,5,0,,,,history
Liberty,2017,6,5,0,,,,history
Liberty,2018,6,6,0,,,,history
Liberty,2019,8,5,0,,,,history
Liberty,2020,10,1,0,,,,history
Liberty,2021,8,5,0,,,,history
Liberty,2022,8,5,0,,,,history
Liberty,2023,13,1,0,,,,history
Liberty,2024,8,4,0,,,,history
Liberty,2025,4,8,0,,,,history
Louisiana,1902,0,1,0,,,,history
Louisiana,1908,1,0,0,,,,history
Louisiana,1911,0,2,0,,,,history
Louisiana,1912,0,2,0,,,,history
Louisiana,1913,0,1,0,,,,history
Louisiana,1914,0,2,0,,,,history
Louisiana,1915,0,1,0,,,,history
Louisiana,1916,0,1,0,,,,history
Louisiana,1917,0,1,0,,,,history
Louisiana,1919,0,2,0,,,,history
Louisiana,1920,0,1,0,,,,history
Louisiana,1921,0,1,0,,,,history
Louisiana,1922,0,1,0,,,,history
Louisiana,1923,0,2,0,,,,history
Louisiana,1924,0,2,0,,,,history
Louisiana,1925,0,1,0,,,,history
Louisiana,1926,0,1,0,,,,history
Louisiana,1927,0,1,0,,,,history
Louisiana,1928,0,1,0,,,,history
Louisiana,1929,0,2,0,,,,history
Louisiana,1930,0,2,0,,,,history
Louisiana,1935,0,1,0,,,,history
Louisiana,1936,0,1,0,,,,history
Louisiana,1937,0,0,0,,,,history
Louisiana,1938,0,1,0,,,,history
Louisiana,1939,0,0,0,,,,history
Louisiana,1940,0,1,0,,,,history
Louisiana,1941,0,1,0,,,,history
Louisiana,1942,0,1,0,,,,history
Louisiana,1943,0,0,0,,,,history
Louisiana,1944,0,0,0,,,,history
Louisiana,1945,0,3,0,,,,history
Louisiana,1946,0,1,0,,,,history
Louisiana,1947,0,0,0,,,,history
Louisiana,1948,0,0,0,,,,history
Louisiana,1949,0,1,0,,,,history
Louisiana,1950,0,0,0,,,,history
Louisiana,1951,0,0,0,,,,history
Louisiana,1952,0,0,0,,,,history
Louisiana,1953,0,1,0,,,,history
Louisiana,1954,0,0,0,,,,history
Louisiana,1955,0,0,0,,,,history
Louisiana,1956,0,0,0,,,,history
Louisiana,1957,0,0,0,,,,history
Louisiana,1958,0,0,0,,,,history
Louisiana,1959,0,0,0,,,,history
Louisiana,1960,0,0,0,,,,history
Louisiana,1961,0,0,0,,,,history
Louisiana,1962,0,0,0,,,,history
Louisiana,1963,0,1,0,,,,history
Louisiana,1964,0,1,0,,,,history
Louisiana,1965,0,0,0,,,,history
Louisiana,1966,0,0,0,,,,history
Louisiana,1967,0,1,0,,,,history
Louisiana,1968,0,0,0,,,,history
Louisiana,1969,0,1,0,,,,history
Louisiana,1970,0,1,0,,,,history
Louisiana,1971,1,0,0,,,,history
Louisiana,1972,1,1,0,,,,history
Louisiana,1973,0,10,0,,,,history
Louisiana,1974,2,9,0,,,,history
Louisiana,1975,6,5,0,,,,history
Louisiana,1976,9,2,0,,,,history
Louisiana,1977,6,4,2,,,,history
Louisiana,1978,3,8,0,,,,history
Louisiana,1979,4,7,0,,,,history
Louisiana,1980,7,4,0,,,,history
Louisiana,1981,1,9,1,,,,history
Louisiana,1982,7,3,1,,,,history
Louisiana,1983,4,6,0,,,,history
Louisiana,1984,6,5,0,,,,history
Louisiana,1985,4,7,0,,,,history
Louisiana,1986,6,5,0,,,,history
Louisiana,1987,6,5,0,,,,history
Louisiana,1988,6,5,0,,,,history
Louisiana,1989,7,4,0,,,,history
Louisiana,1990,5,6,0,,,,history
Louisiana,1991,2,8,1,,,,history
Louisiana,1992,2,9,0,,,,history
Louisiana,1993,8,3,0,,,,history
Louisiana,1994,6,5,0,,,,history
Louisiana,1995,6,5,0,,,,history
Louisiana,1996,5,6,0,,,,history
Louisiana,1997,1,10,0,,,,history
Louisiana,1998,2,9,0,,,,history
Louisiana,1999,2,9,0,,,,history
Louisiana,2000,1,10,0,,,,history
Louisiana,2001,3,8,0,,,,history
Louisiana,2002,3,9,0,,,,history
Louisiana,2003,4,8,0,,,,history
Louisiana,2004,4,7,0,,,,history
Louisiana,2005,6,5,0,,,,history
Louisiana,2006,6,6,0,,,,history
Louisiana,2007,3,9,0,,,,history
Louisiana,2008,6,6,0,,,,history
Louisiana,2009,6,6,0,,,,history
Louisiana,2010,3,9,0,,,,history
Louisiana,2011,9,4,0,8,0,Hudspeth; 7 reg + New Orleans Bowl,history
Louisiana,2012,9,4,0,4,0,Hudspeth,history
Louisiana,2013,9,4,0,8,0,Hudspeth; 7 reg + New Orleans Bowl,history
Louisiana,2014,9,4,0,2,0,Hudspeth,history
Louisiana,2015,4,8,0,,,,history
Louisiana,2016,6,7,0,,,,history
Louisiana,2017,5,7,0,,,,history
Louisiana,2018,7,7,0,,,,history
Louisiana,2019,11,3,0,,,,history
Louisiana,2020,10,1,0,,,,history
Louisiana,2021,13,1,0,,,,history
Louisiana,2022,6,7,0,,,,history
Louisiana,2023,6,7,0,,,,history
Louisiana,2024,10,4,0,,,,history
Louisiana,2025,6,7,0,,,,history
Louisiana Tech,1904,1,3,0,,,,history
Louisiana Tech,1906,0,1,0,,,,history
Louisiana Tech,1907,0,1,0,,,,history
Louisiana Tech,1908,0,2,0,,,,history
Louisiana Tech,1909,0,1,0,,,,history
Louisiana Tech,1911,1,2,0,,,,history
Louisiana Tech,1912,0,1,0,,,,history
Louisiana Tech,1913,0,2,0,,,,history
Louisiana Tech,1914,0,1,0,,,,history
Louisiana Tech,1915,0,0,1,,,,history
Louisiana Tech,1923,0,1,0,,,,history
Louisiana Tech,1924,0,1,0,,,,history
Louisiana Tech,1925,0,1,0,,,,history
Louisiana Tech,1926,0,1,0,,,,history
Louisiana Tech,1927,0,2,0,,,,history
Louisiana Tech,1929,0,1,0,,,,history
Louisiana Tech,1930,0,2,0,,,,history
Louisiana Tech,1933,0,1,0,,,,history
Louisiana Tech,1936,0,1,0,,,,history
Louisiana Tech,1937,0,1,1,,,,history
Louisiana Tech,1938,0,3,0,,,,history
Louisiana Tech,1939,0,2,0,,,,history
Louisiana Tech,1940,2,1,0,,,,history
Louisiana Tech,1941,1,3,1,,,,history
Louisiana Tech,1942,1,1,0,,,,history
Louisiana Tech,1944,0,0,0,,,,history
Louisiana Tech,1945,0,2,0,,,,history
Louisiana Tech,1946,1,0,0,,,,history
Louisiana Tech,1947,0,1,0,,,,history
Louisiana Tech,1948,0,0,1,,,,history
Louisiana Tech,1949,0,1,0,,,,history
Louisiana Tech,1950,0,0,0,,,,history
Louisiana Tech,1951,0,0,0,,,,history
Louisiana Tech,1952,0,0,0,,,,history
Louisiana Tech,1953,0,0,0,,,,history
Louisiana Tech,1954,0,0,0,,,,history
Louisiana Tech,1955,0,0,0,,,,history
Louisiana Tech,1956,0,0,0,,,,history
Louisiana Tech,1957,0,0,0,,,,history
Louisiana Tech,1958,0,0,0,,,,history
Louisiana Tech,1959,0,0,0,,,,history
Louisiana Tech,1960,0,0,0,,,,history
Louisiana Tech,1961,0,0,0,,,,history
Louisiana Tech,1962,0,0,0,,,,history
Louisiana Tech,1963,1,0,0,,,,history
Louisiana Tech,1964,0,1,0,,,,history
Louisiana Tech,1965,0,2,0,,,,history
Louisiana Tech,1966,0,2,0,,,,history
Louisiana Tech,1967,0,2,0,,,,history
Louisiana Tech,1968,4,0,0,,,,history
Louisiana Tech,1969,1,1,0,,,,history
Louisiana Tech,1970,1,0,0,,,,history
Louisiana Tech,1971,2,1,0,,,,history
Louisiana Tech,1972,2,0,0,,,,history
Louisiana Tech,1973,3,0,0,,,,history
Louisiana Tech,1974,5,0,0,,,,history
Louisiana Tech,1975,8,2,0,,,,history
Louisiana Tech,1976,6,5,0,,,,history
Louisiana Tech,1977,9,1,2,,,,history
Louisiana Tech,1978,6,5,0,,,,history
Louisiana Tech,1979,2,9,0,,,,history
Louisiana Tech,1980,5,6,0,,,,history
Louisiana Tech,1981,4,6,1,,,,history
Louisiana Tech,1982,3,2,0,,,,history
Louisiana Tech,1983,0,3,0,,,,history
Louisiana Tech,1984,0,3,0,,,,history
Louisiana Tech,1985,2,1,0,,,,history
Louisiana Tech,1986,2,2,0,,,,history
Louisiana Tech,1987,1,3,0,,,,history
Louisiana Tech,1988,4,7,0,,,,history
Louisiana Tech,1989,5,4,1,,,,history
Louisiana Tech,1990,8,3,1,,,,history
Louisiana Tech,1991,8,1,2,,,,history
Louisiana Tech,1992,5,6,0,,,,history
Louisiana Tech,1993,2,9,0,,,,history
Louisiana Tech,1994,3,8,0,,,,history
Louisiana Tech,1995,5,6,0,,,,history
Louisiana Tech,1996,6,5,0,,,,history
Louisiana Tech,1997,9,2,0,,,,history
Louisiana Tech,1998,6,6,0,,,,history
Louisiana Tech,1999,8,3,0,,,,history
Louisiana Tech,2000,3,9,0,,,,history
Louisiana Tech,2001,7,5,0,,,,history
Louisiana Tech,2002,4,8,0,,,,history
Louisiana Tech,2003,5,7,0,,,,history
Louisiana Tech,2004,6,6,0,,,,history
Louisiana Tech,2005,7,4,0,,,,history
Louisiana Tech,2006,3,10,0,,,,history
Louisiana Tech,2007,5,7,0,,,,history
Louisiana Tech,2008,8,5,0,,,,history
Louisiana Tech,2009,4,8,0,,,,history
Louisiana Tech,2010,5,7,0,,,,history
Louisiana Tech,2011,8,5,0,,,,history
Louisiana Tech,2012,9,3,0,,,,history
Louisiana Tech,2013,4,8,0,,,,history
Louisiana Tech,2014,9,5,0,,,,history
Louisiana Tech,2015,9,4,0,,,,history
Louisiana Tech,2016,9,5,0,,,,history
Louisiana Tech,2017,7,6,0,,,,history
Louisiana Tech,2018,8,5,0,,,,history
Louisiana Tech,2019,10,3,0,,,,history
Louisiana Tech,2020,5,5,0,,,,history
Louisiana Tech,2021,3,9,0,,,,history
Louisiana Tech,2022,3,9,0,,,,history
Louisiana Tech,2023,3,9,0,,,,history
Louisiana Tech,2024,5,8,0,,,,history
Louisiana Tech,2025,8,5,0,,,,history
Louisiana-Monroe,1953,0,0,0,,,,history
Louisiana-Monroe,1954,0,0,0,,,,history
Louisiana-Monroe,1955,0,0,0,,,,history
Louisiana-Monroe,1956,0,0,0,,,,history
Louisiana-Monroe,1957,0,0,0,,,,history
Louisiana-Monroe,1958,0,0,0,,,,history
Louisiana-Monroe,1959,0,0,0,,,,history
Louisiana-Monroe,1960,0,0,0,,,,history
Louisiana-Monroe,1961,0,0,0,,,,history
Louisiana-Monroe,1962,0,0,0,,,,history
Louisiana-Monroe,1963,0,0,0,,,,history
Louisiana-Monroe,1964,0,0,0,,,,history
Louisiana-Monroe,1965,0,1,0,,,,history
Louisiana-Monroe,1966,2,0,0,,,,history
Louisiana-Monroe,1967,0,0,0,,,,history
Louisiana-Monroe,1968,0,0,0,,,,history
Louisiana-Monroe,1969,0,0,0,,,,history
Louisiana-Monroe,1970,0,0,0,,,,history
Louisiana-Monroe,1971,1,0,0,,,,history
Louisiana-Monroe,1972,0,3,0,,,,history
Louisiana-Monroe,1973,1,0,1,,,,history
Louisiana-Monroe,1974,0,2,0,,,,history
Louisiana-Monroe,1975,4,6,1,,,,history
Louisiana-Monroe,1976,2,9,0,,,,history
Louisiana-Monroe,1977,2,9,0,,,,history
Louisiana-Monroe,1978,6,4,1,,,,history
Louisiana-Monroe,1979,3,8,0,,,,history
Louisiana-Monroe,1980,7,4,0,,,,history
Louisiana-Monroe,1981,5,6,0,,,,history
Louisiana-Monroe,1982,1,2,0,,,,history
Louisiana-Monroe,1983,1,1,0,,,,history
Louisiana-Monroe,1984,1,0,0,,,,history
Louisiana-Monroe,1985,0,1,0,,,,history
Louisiana-Monroe,1986,0,2,0,,,,history
Louisiana-Monroe,1987,1,1,0,,,,history
Louisiana-Monroe,1988,0,1,0,,,,history
Louisiana-Monroe,1989,0,3,0,,,,history
Louisiana-Monroe,1990,0,2,0,,,,history
Louisiana-Monroe,1991,1,1,0,,,,history
Louisiana-Monroe,1992,0,1,0,,,,history
Louisiana-Monroe,1993,1,1,0,,,,history
Louisiana-Monroe,1994,3,8,0,,,,history
Louisiana-Monroe,1995,2,9,0,,,,history
Louisiana-Monroe,1996,5,6,0,,,,history
Louisiana-Monroe,1997,5,7,0,,,,history
Louisiana-Monroe,1998,5,6,0,,,,history
Louisiana-Monroe,1999,5,6,0,,,,history
Louisiana-Monroe,2000,1,10,0,,,,history
Louisiana-Monroe,2001,2,9,0,,,,history
Louisiana-Monroe,2002,3,9,0,,,,history
Louisiana-Monroe,2003,1,11,0,,,,history
Louisiana-Monroe,2004,5,6,0,,,,history
Louisiana-Monroe,2005,5,6,0,,,,history
Louisiana-Monroe,2006,4,8,0,,,,history
Louisiana-Monroe,2007,6,6,0,,,,history
Louisiana-Monroe,2008,4,8,0,,,,history
Louisiana-Monroe,2009,6,6,0,,,,history
Louisiana-Monroe,2010,5,7,0,,,,history
Louisiana-Monroe,2011,4,8,0,,,,history
Louisiana-Monroe,2012,8,5,0,,,,history
Louisiana-Monroe,2013,6,6,0,,,,history
Louisiana-Monroe,2014,4,8,0,,,,history
Louisiana-Monroe,2015,2,11,0,,,,history
Louisiana-Monroe,2016,4,8,0,,,,history
Louisiana-Monroe,2017,4,8,0,,,,history
Louisiana-Monroe,2018,6,6,0,,,,history
Louisiana-Monroe,2019,5,7,0,,,,history
Louisiana-Monroe,2020,0,10,0,,,,history
Louisiana-Monroe,2021,4,8,0,,,,history
Louisiana-Monroe,2022,4,8,0,,,,history
Louisiana-Monroe,2023,2,10,0,,,,history
Louisiana-Monroe,2024,5,7,0,,,,history
Louisiana-Monroe,2025,3,9,0,,,,history
Louisville,1914,0,1,0,,,,history
Louisville,1915,0,1,0,,,,history
Louisville,1922,0,2,0,,,,history
Louisville,1924,1,1,0,,,,history
Louisville,1928,0,1,0,,,,history
Louisville,1936,0,0,0,,,,history
Louisville,1937,0,0,0,,,,history
Louisville,1938,0,0,0,,,,history
Louisville,1939,0,0,0,,,,history
Louisville,1940,0,0,0,,,,history
Louisville,1941,0,1,0,,,,history
Louisville,1942,0,0,0,,,,history
Louisville,1946,0,0,0,,,,history
Louisville,1947,0,0,0,,,,history
Louisville,1948,0,0,0,,,,history
Louisville,1949,1,1,0,,,,history
Louisville,1950,0,3,1,,,,history
Louisville,1951,3,1,0,,,,history
Louisville,1952,0,0,0,,,,history
Louisville,1953,0,1,0,,,,history
Louisville,1954,0,1,0,,,,history
Louisville,1955,0,0,0,,,,history
Louisville,1956,0,1,0,,,,history
Louisville,1957,2,0,0,,,,history
Louisville,1958,0,2,0,,,,history
Louisville,1959,1,2,0,,,,history
Louisville,1960,1,1,0,,,,history
Louisville,1961,1,3,0,,,,history
Louisville,1962,6,4,0,,,,history
Louisville,1963,3,7,0,,,,history
Louisville,1964,1,9,0,,,,history
Louisville,1965,6,4,0,,,,history
Louisville,1966,6,4,0,,,,history
Louisville,1967,5,5,0,,,,history
Louisville,1968,5,5,0,,,,history
Louisville,1969,5,4,1,,,,history
Louisville,1970,8,3,1,,,,history
Louisville,1971,6,3,1,,,,history
Louisville,1972,9,1,0,,,,history
Louisville,1973,5,6,0,,,,history
Louisville,1974,4,7,0,,,,history
Louisville,1975,1,10,0,,,,history
Louisville,1976,4,7,0,,,,history
Louisville,1977,7,4,1,,,,history
Louisville,1978,7,4,0,,,,history
Louisville,1979,4,6,1,,,,history
Louisville,1980,5,6,0,,,,history
Louisville,1981,5,6,0,,,,history
Louisville,1982,5,6,0,,,,history
Louisville,1983,3,8,0,,,,history
Louisville,1984,2,9,0,,,,history
Louisville,1985,2,9,0,,,,history
Louisville,1986,3,8,0,,,,history
Louisville,1987,3,7,1,,,,history
Louisville,1988,8,3,0,,,,history
Louisville,1989,6,5,0,,,,history
Louisville,1990,10,1,1,,,,history
Louisville,1991,2,9,0,,,,history
Louisville,1992,5,6,0,,,,history
Louisville,1993,9,3,0,,,,history
Louisville,1994,6,5,0,,,,history
Louisville,1995,7,4,0,,,,history
Louisville,1996,5,6,0,,,,history
Louisville,1997,1,10,0,,,,history
Louisville,1998,7,5,0,,,,history
Louisville,1999,7,5,0,,,,history
Louisville,2000,9,3,0,,,,history
Louisville,2001,11,2,0,,,,history
Louisville,2002,7,6,0,,,,history
Louisville,2003,9,4,0,,,,history
Louisville,2004,11,1,0,,,,history
Louisville,2005,9,3,0,,,,history
Louisville,2006,12,1,0,,,,history
Louisville,2007,6,6,0,,,,history
Louisville,2008,5,7,0,,,,history
Louisville,2009,4,8,0,,,,history
Louisville,2010,7,6,0,,,,history
Louisville,2011,7,6,0,,,,history
Louisville,2012,11,2,0,,,,history
Louisville,2013,12,1,0,,,,history
Louisville,2014,9,4,0,,,,history
Louisville,2015,8,5,0,,,,history
Louisville,2016,9,4,0,,,,history
Louisville,2017,8,5,0,,,,history
Louisville,2018,2,10,0,,,,history
Louisville,2019,8,5,0,,,,history
Louisville,2020,4,7,0,,,,history
Louisville,2021,6,7,0,,,,history
Louisville,2022,8,5,0,,,,history
Louisville,2023,10,4,0,,,,history
Louisville,2024,9,4,0,,,,history
Louisville,2025,9,4,0,,,,history
LSU,1935,195,101,19,,,,ncaa
LSU,1936,9,1,1,,,,history
LSU,1937,9,2,0,,,,history
LSU,1938,6,4,0,,,,history
LSU,1939,4,5,0,,,,history
LSU,1940,6,4,0,,,,history
LSU,1941,4,4,2,,,,history
LSU,1942,7,3,0,,,,history
LSU,1943,6,3,0,,,,history
LSU,1944,2,5,1,,,,history
LSU,1945,7,2,0,,,,history
LSU,1946,9,1,1,,,,history
LSU,1947,5,3,1,,,,history
LSU,1948,3,7,0,,,,history
LSU,1949,8,3,0,,,,history
LSU,1950,4,5,2,,,,history
LSU,1951,7,3,1,,,,history
LSU,1952,3,7,0,,,,history
LSU,1953,5,3,3,,,,history
LSU,1954,5,6,0,,,,history
LSU,1955,3,5,2,,,,history
LSU,1956,3,7,0,,,,history
LSU,1957,5,5,0,,,,history
LSU,1958,11,0,0,,,,history
LSU,1959,9,2,0,,,,history
LSU,1960,5,4,1,,,,history
LSU,1961,10,1,0,,,,history
LSU,1962,9,1,1,,,,history
LSU,1963,7,4,0,,,,history
LSU,1964,8,2,1,,,,history
LSU,1965,8,3,0,,,,history
LSU,1966,5,4,1,,,,history
LSU,1967,7,3,1,,,,history
LSU,1968,8,3,0,,,,history
LSU,1969,9,1,0,,,,history
LSU,1970,9,3,0,,,,history
LSU,1971,9,3,0,,,,history
LSU,1972,9,2,1,,,,history
LSU,1973,9,3,0,,,,history
LSU,1974,5,5,1,,,,history
LSU,1975,4,7,0,,,,history
LSU,1976,6,4,1,,,,history
LSU,1977,8,4,0,,,,history
LSU,1978,8,4,0,,,,history
LSU,1979,7,5,0,,,,history
LSU,1980,7,4,0,,,,history
LSU,1981,3,7,1,,,,history
LSU,1982,8,3,1,,,,history
LSU,1983,4,7,0,,,,history
LSU,1984,8,3,1,,,,history
LSU,1985,9,2,1,,,,history
LSU,1986,9,3,0,,,,history
LSU,1987,10,1,1,,,,history
LSU,1988,8,4,0,,,,history
LSU,1989,4,7,0,,,,history
LSU,1990,5,6,0,,,,history
LSU,1991,5,6,0,,,,history
LSU,1992,2,9,0,,,,history
LSU,1993,5,6,0,,,,history
LSU,1994,4,7,0,,,,history
LSU,1995,7,4,1,,,,history
LSU,1996,10,2,0,,,,history
LSU,1997,9,3,0,,,,history
LSU,1998,4,7,0,,,,history
LSU,1999,3,8,0,,,,history
LSU,2000,8,4,0,,,,history
LSU,2001,10,3,0,,,,history
LSU,2002,8,5,0,,,,history
LSU,2003,13,1,0,,,,history
LSU,2004,9,3,0,,,,history
LSU,2005,11,2,0,,,,history
LSU,2006,11,2,0,,,,history
LSU,2007,12,2,0,,,,history
LSU,2008,9,5,0,,,,history
LSU,2009,9,4,0,,,,history
LSU,2010,11,2,0,,,,history
LSU,2011,13,1,0,,,,history
LSU,2012,10,3,0,10,0,Miles,history
LSU,2013,10,3,0,10,0,Miles; 9 reg + 2014 Outback Bowl,history
LSU,2014,8,5,0,8,0,Miles,history
LSU,2015,9,3,0,9,0,Miles; 8 reg + 2015 Texas Bowl,history
LSU,2016,8,4,0,,,,history
LSU,2017,9,4,0,,,,history
LSU,2018,10,3,0,,,,history
LSU,2019,15,0,0,,,,history
LSU,2020,5,5,0,,,,history
LSU,2021,6,7,0,,,,history
LSU,2022,10,4,0,,,,history
LSU,2023,10,3,0,,,,history
LSU,2024,9,4,0,,,,history
LSU,2025,7,6,0,,,,history
Marshall,1913,0,2,0,,,,history
Marshall,1914,0,4,0,,,,history
Marshall,1915,0,2,0,,,,history
Marshall,1921,0,1,0,,,,history
Marshall,1922,0,1,0,,,,history
Marshall,1923,0,2,0,,,,history
Marshall,1929,0,1,0,,,,history
Marshall,1930,0,1,0,,,,history
Marshall,1931,0,1,0,,,,history
Marshall,1936,0,0,0,,,,history
Marshall,1937,0,0,0,,,,history
Marshall,1938,0,1,0,,,,history
Marshall,1939,1,1,0,,,,history
Marshall,1940,1,1,0,,,,history
Marshall,1941,1,0,0,,,,history
Marshall,1942,0,0,0,,,,history
Marshall,1946,0,0,0,,,,history
Marshall,1947,0,1,0,,,,history
Marshall,1948,0,1,0,,,,history
Marshall,1949,0,1,0,,,,history
Marshall,1950,0,0,0,,,,history
Marshall,1951,0,1,0,,,,history
Marshall,1952,0,1,0,,,,history
Marshall,1953,0,1,0,,,,history
Marshall,1954,0,0,0,,,,history
Marshall,1955,0,0,0,,,,history
Marshall,1956,0,0,0,,,,history
Marshall,1957,0,0,0,,,,history
Marshall,1958,0,0,0,,,,history
Marshall,1959,0,1,0,,,,history
Marshall,1960,0,1,0,,,,history
Marshall,1961,0,2,0,,,,history
Marshall,1962,4,6,0,,,,history
Marshall,1963,5,4,1,,,,history
Marshall,1964,7,3,0,,,,history
Marshall,1965,5,5,0,,,,history
Marshall,1966,2,8,0,,,,history
Marshall,1967,0,10,0,,,,history
Marshall,1968,0,9,1,,,,history
Marshall,1969,3,7,0,,,,history
Marshall,1970,3,6,0,,,,history
Marshall,1971,2,8,0,,,,history
Marshall,1972,2,8,0,,,,history
Marshall,1973,4,7,0,,,,history
Marshall,1974,1,10,0,,,,history
Marshall,1975,2,9,0,,,,history
Marshall,1976,4,7,0,,,,history
Marshall,1977,2,9,0,,,,history
Marshall,1978,1,10,0,,,,history
Marshall,1979,1,10,0,,,,history
Marshall,1980,2,8,1,,,,history
Marshall,1981,2,9,0,,,,history
Marshall,1982,1,2,0,,,,history
Marshall,1983,0,3,0,,,,history
Marshall,1984,2,1,0,,,,history
Marshall,1985,1,0,0,,,,history
Marshall,1986,1,0,0,,,,history
Marshall,1987,1,1,0,,,,history
Marshall,1988,1,0,0,,,,history
Marshall,1989,0,0,0,,,,history
Marshall,1990,0,0,0,,,,history
Marshall,1991,0,1,0,,,,history
Marshall,1992,0,1,0,,,,history
Marshall,1993,0,1,0,,,,history
Marshall,1994,0,0,0,,,,history
Marshall,1995,0,1,0,,,,history
Marshall,1996,0,0,0,,,,history
Marshall,1997,10,3,0,,,,history
Marshall,1998,12,1,0,,,,history
Marshall,1999,13,0,0,,,,history
Marshall,2000,8,5,0,,,,history
Marshall,2001,11,2,0,,,,history
Marshall,2002,11,2,0,,,,history
Marshall,2003,8,4,0,,,,history
Marshall,2004,6,6,0,,,,history
Marshall,2005,4,7,0,,,,history
Marshall,2006,5,7,0,,,,history
Marshall,2007,3,9,0,,,,history
Marshall,2008,4,8,0,,,,history
Marshall,2009,7,6,0,,,,history
Marshall,2010,5,7,0,,,,history
Marshall,2011,7,6,0,,,,history
Marshall,2012,5,7,0,,,,history
Marshall,2013,10,4,0,,,,history
Marshall,2014,13,1,0,,,,history
Marshall,2015,10,3,0,,,,history
Marshall,2016,3,9,0,,,,history
Marshall,2017,8,5,0,,,,history
Marshall,2018,9,4,0,,,,history
Marshall,2019,8,5,0,,,,history
Marshall,2020,7,3,0,,,,history
Marshall,2021,7,6,0,,,,history
Marshall,2022,9,4,0,,,,history
Marshall,2023,6,7,0,,,,history
Marshall,2024,10,3,0,,,,history
Marshall,2025,5,7,0,,,,history
Maryland,1902,0,1,0,,,,history
Maryland,1903,0,1,0,,,,history
Maryland,1904,0,1,0,,,,history
Maryland,1905,0,1,0,,,,history
Maryland,1906,0,1,0,,,,history
Maryland,1907,0,1,0,,,,history
Maryland,1908,0,2,0,,,,history
Maryland,1909,0,1,0,,,,history
Maryland,1913,0,1,0,,,,history
Maryland,1916,1,1,0,,,,history
Maryland,1917,4,3,1,,,,history
Maryland,1918,4,1,1,,,,history
Maryland,1919,5,4,0,,,,history
Maryland,1920,7,2,0,,,,history
Maryland,1921,3,5,1,,,,history
Maryland,1922,4,5,1,,,,history
Maryland,1923,7,2,1,,,,history
Maryland,1924,3,3,3,,,,history
Maryland,1925,3,5,0,,,,history
Maryland,1926,5,4,1,,,,history
Maryland,1927,4,7,0,,,,history
Maryland,1928,6,3,1,,,,history
Maryland,1929,4,4,2,,,,history
Maryland,1930,7,5,0,,,,history
Maryland,1931,8,1,1,,,,history
Maryland,1932,5,6,0,,,,history
Maryland,1933,3,7,0,,,,history
Maryland,1934,7,3,0,,,,history
Maryland,1935,7,2,2,,,,history
Maryland,1936,6,5,0,,,,history
Maryland,1937,8,2,0,,,,history
Maryland,1938,2,7,0,,,,history
Maryland,1939,2,7,0,,,,history
Maryland,1940,2,6,1,,,,history
Maryland,1941,3,5,1,,,,history
Maryland,1942,7,2,0,,,,history
Maryland,1943,4,5,0,,,,history
Maryland,1944,1,7,1,,,,history
Maryland,1945,6,2,1,,,,history
Maryland,1946,3,6,0,,,,history
Maryland,1947,7,2,2,,,,history
Maryland,1948,6,4,0,,,,history
Maryland,1949,9,1,0,,,,history
Maryland,1950,7,2,1,,,,history
Maryland,1951,10,0,0,,,,history
Maryland,1952,7,2,0,,,,history
Maryland,1953,10,1,0,,,,history
Maryland,1954,7,2,1,,,,history
Maryland,1955,10,1,0,,,,history
Maryland,1956,2,7,1,,,,history
Maryland,1957,5,5,0,,,,history
Maryland,1958,4,6,0,,,,history
Maryland,1959,5,5,0,,,,history
Maryland,1960,6,4,0,,,,history
Maryland,1961,7,3,0,,,,history
Maryland,1962,6,4,0,,,,history
Maryland,1963,3,7,0,,,,history
Maryland,1964,5,5,0,,,,history
Maryland,1965,4,6,0,,,,history
Maryland,1966,4,6,0,,,,history
Maryland,1967,0,9,0,,,,history
Maryland,1968,2,8,0,,,,history
Maryland,1969,3,7,0,,,,history
Maryland,1970,2,9,0,,,,history
Maryland,1971,2,9,0,,,,history
Maryland,1972,5,5,1,,,,history
Maryland,1973,8,4,0,,,,history
Maryland,1974,8,4,0,,,,history
Maryland,1975,9,2,1,,,,history
Maryland,1976,11,1,0,,,,history
Maryland,1977,8,4,0,,,,history
Maryland,1978,9,3,0,,,,history
Maryland,1979,7,4,0,,,,history
Maryland,1980,8,4,0,,,,history
Maryland,1981,4,6,1,,,,history
Maryland,1982,8,4,0,,,,history
Maryland,1983,8,4,0,,,,history
Maryland,1984,9,3,0,,,,history
Maryland,1985,9,3,0,,,,history
Maryland,1986,5,5,1,,,,history
Maryland,1987,4,7,0,,,,history
Maryland,1988,5,6,0,,,,history
Maryland,1989,3,7,1,,,,history
Maryland,1990,6,5,1,,,,history
Maryland,1991,2,9,0,,,,history
Maryland,1992,3,8,0,,,,history
Maryland,1993,2,9,0,,,,history
Maryland,1994,4,7,0,,,,history
Maryland,1995,6,5,0,,,,history
Maryland,1996,5,6,0,,,,history
Maryland,1997,2,9,0,,,,history
Maryland,1998,3,8,0,,,,history
Maryland,1999,5,6,0,,,,history
Maryland,2000,5,6,0,,,,history
Maryland,2001,10,2,0,,,,history
Maryland,2002,11,3,0,,,,history
Maryland,2003,10,3,0,,,,history
Maryland,2004,5,6,0,,,,history
Maryland,2005,5,6,0,,,,history
Maryland,2006,9,4,0,,,,history
Maryland,2007,6,7,0,,,,history
Maryland,2008,8,5,0,,,,history
Maryland,2009,2,10,0,,,,history
Maryland,2010,9,4,0,,,,history
Maryland,2011,2,10,0,,,,history
Maryland,2012,4,8,0,,,,history
Maryland,2013,7,6,0,,,,history
Maryland,2014,7,6,0,,,,history
Maryland,2015,3,9,0,,,,history
Maryland,2016,6,7,0,,,,history
Maryland,2017,4,8,0,,,,history
Maryland,2018,5,7,0,,,,history
Maryland,2019,3,9,0,,,,history
Maryland,2020,2,3,0,,,,history
Maryland,2021,7,6,0,,,,history
Maryland,2022,8,5,0,,,,history
Maryland,2023,8,5,0,,,,history
Maryland,2024,4,8,0,,,,history
Maryland,2025,4,8,0,,,,history
Memphis,1921,0,1,0,,,,history
Memphis,1934,0,1,0,,,,history
Memphis,1935,0,1,0,,,,history
Memphis,1936,0,0,0,,,,history
Memphis,1937,0,0,0,,,,history
Memphis,1938,0,0,0,,,,history
Memphis,1939,0,2,0,,,,history
Memphis,1940,0,1,0,,,,history
Memphis,1941,0,0,0,,,,history
Memphis,1942,0,1,0,,,,history
Memphis,1947,0,0,0,,,,history
Memphis,1948,0,0,0,,,,history
Memphis,1949,1,1,0,,,,history
Memphis,1950,0,2,0,,,,history
Memphis,1951,0,3,0,,,,history
Memphis,1952,0,1,0,,,,history
Memphis,1953,1,3,0,,,,history
Memphis,1954,0,3,1,,,,history
Memphis,1955,0,3,0,,,,history
Memphis,1956,0,1,0,,,,history
Memphis,1957,0,2,0,,,,history
Memphis,1958,0,4,0,,,,history
Memphis,1959,1,3,0,,,,history
Memphis,1960,8,2,0,,,,history
Memphis,1961,8,2,0,,,,history
Memphis,1962,8,1,0,,,,history
Memphis,1963,9,0,1,,,,history
Memphis,1964,5,4,0,,,,history
Memphis,1965,5,5,0,,,,history
Memphis,1966,7,2,0,,,,history
Memphis,1967,6,3,0,,,,history
Memphis,1968,6,4,0,,,,history
Memphis,1969,8,2,0,,,,history
Memphis,1970,6,4,0,,,,history
Memphis,1971,5,6,0,,,,history
Memphis,1972,5,5,1,,,,history
Memphis,1973,8,3,0,,,,history
Memphis,1974,7,4,0,,,,history
Memphis,1975,7,4,0,,,,history
Memphis,1976,7,4,0,,,,history
Memphis,1977,6,5,0,,,,history
Memphis,1978,4,7,0,,,,history
Memphis,1979,5,6,0,,,,history
Memphis,1980,2,9,0,,,,history
Memphis,1981,1,10,0,,,,history
Memphis,1982,1,10,0,,,,history
Memphis,1983,6,4,1,,,,history
Memphis,1984,5,5,1,,,,history
Memphis,1985,2,7,2,,,,history
Memphis,1986,1,10,0,,,,history
Memphis,1987,5,5,1,,,,history
Memphis,1988,6,5,0,,,,history
Memphis,1989,2,9,0,,,,history
Memphis,1990,4,6,1,,,,history
Memphis,1991,5,6,0,,,,history
Memphis,1992,6,5,0,,,,history
Memphis,1993,6,5,0,,,,history
Memphis,1994,6,5,0,,,,history
Memphis,1995,3,8,0,,,,history
Memphis,1996,4,7,0,,,,history
Memphis,1997,4,7,0,,,,history
Memphis,1998,2,9,0,,,,history
Memphis,1999,5,6,0,,,,history
Memphis,2000,4,7,0,,,,history
Memphis,2001,5,6,0,,,,history
Memphis,2002,3,9,0,,,,history
Memphis,2003,9,4,0,,,,history
Memphis,2004,8,4,0,,,,history
Memphis,2005,7,5,0,,,,history
Memphis,2006,2,10,0,,,,history
Memphis,2007,7,6,0,,,,history
Memphis,2008,6,7,0,,,,history
Memphis,2009,2,10,0,,,,history
Memphis,2010,1,11,0,,,,history
Memphis,2011,2,10,0,,,,history
Memphis,2012,4,8,0,,,,history
Memphis,2013,3,9,0,,,,history
Memphis,2014,10,3,0,,,,history
Memphis,2015,9,4,0,,,,history
Memphis,2016,8,5,0,,,,history
Memphis,2017,10,3,0,,,,history
Memphis,2018,8,6,0,,,,history
Memphis,2019,12,2,0,,,,history
Memphis,2020,8,3,0,,,,history
Memphis,2021,6,6,0,,,,history
Memphis,2022,7,6,0,,,,history
Memphis,2023,10,3,0,,,,history
Memphis,2024,11,2,0,,,,history
Memphis,2025,8,5,0,,,,history
Miami (FL),1935,49,35,7,,,,ncaa
Miami (FL),1936,6,2,2,,,,history
Miami (FL),1937,4,4,1,,,,history
Miami (FL),1938,8,2,0,,,,history
Miami (FL),1939,5,5,0,,,,history
Miami (FL),1940,3,7,0,,,,history
Miami (FL),1941,8,2,0,,,,history
Miami (FL),1942,7,2,0,,,,history
Miami (FL),1943,0,0,0,,,,history
Miami (FL),1944,1,7,1,,,,history
Miami (FL),1945,9,1,1,,,,history
Miami (FL),1946,8,2,0,,,,history
Miami (FL),1947,2,7,1,,,,history
Miami (FL),1948,4,6,0,,,,history
Miami (FL),1949,6,3,0,,,,history
Miami (FL),1950,9,1,1,,,,history
Miami (FL),1951,8,3,0,,,,history
Miami (FL),1952,4,7,0,,,,history
Miami (FL),1953,4,5,0,,,,history
Miami (FL),1954,8,1,0,,,,history
Miami (FL),1955,6,3,0,,,,history
Miami (FL),1956,8,1,1,,,,history
Miami (FL),1957,5,4,1,,,,history
Miami (FL),1958,2,8,0,,,,history
Miami (FL),1959,6,4,0,,,,history
Miami (FL),1960,6,4,0,,,,history
Miami (FL),1961,7,4,0,,,,history
Miami (FL),1962,7,4,0,,,,history
Miami (FL),1963,3,7,0,,,,history
Miami (FL),1964,4,5,1,,,,history
Miami (FL),1965,5,4,1,,,,history
Miami (FL),1966,8,2,1,,,,history
Miami (FL),1967,7,4,0,,,,history
Miami (FL),1968,5,5,0,,,,history
Miami (FL),1969,4,6,0,,,,history
Miami (FL),1970,3,8,0,,,,history
Miami (FL),1971,4,7,0,,,,history
Miami (FL),1972,5,6,0,,,,history
Miami (FL),1973,5,6,0,,,,history
Miami (FL),1974,6,5,0,,,,history
Miami (FL),1975,2,8,0,,,,history
Miami (FL),1976,3,8,0,,,,history
Miami (FL),1977,3,8,0,,,,history
Miami (FL),1978,6,5,0,,,,history
Miami (FL),1979,5,6,0,,,,history
Miami (FL),1980,9,3,0,,,,history
Miami (FL),1981,9,2,0,,,,history
Miami (FL),1982,7,4,0,,,,history
Miami (FL),1983,11,1,0,,,,history
Miami (FL),1984,8,5,0,,,,history
Miami (FL),1985,10,2,0,,,,history
Miami (FL),1986,11,1,0,,,,history
Miami (FL),1987,12,0,0,,,,history
Miami (FL),1988,11,1,0,,,,history
Miami (FL),1989,11,1,0,,,,history
Miami (FL),1990,10,2,0,,,,history
Miami (FL),1991,12,0,0,,,,history
Miami (FL),1992,11,1,0,,,,history
Miami (FL),1993,9,3,0,,,,history
Miami (FL),1994,10,2,0,,,,history
Miami (FL),1995,8,3,0,,,,history
Miami (FL),1996,9,3,0,,,,history
Miami (FL),1997,5,6,0,,,,history
Miami (FL),1998,9,3,0,,,,history
Miami (FL),1999,9,4,0,,,,history
Miami (FL),2000,11,1,0,,,,history
Miami (FL),2001,12,0,0,,,,history
Miami (FL),2002,12,1,0,,,,history
Miami (FL),2003,11,2,0,,,,history
Miami (FL),2004,9,3,0,,,,history
Miami (FL),2005,9,3,0,,,,history
Miami (FL),2006,7,6,0,,,,history
Miami (FL),2007,5,7,0,,,,history
Miami (FL),2008,7,6,0,,,,history
Miami (FL),2009,9,4,0,,,,history
Miami (FL),2010,7,6,0,,,,history
Miami (FL),2011,6,6,0,,,,history
Miami (FL),2012,7,5,0,,,,history
Miami (FL),2013,9,4,0,,,,history
Miami (FL),2014,6,7,0,,,,history
Miami (FL),2015,8,5,0,,,,history
Miami (FL),2016,9,4,0,,,,history
Miami (FL),2017,10,3,0,,,,history
Miami (FL),2018,7,6,0,,,,history
Miami (FL),2019,6,7,0,,,,history
Miami (FL),2020,8,3,0,,,,history
Miami (FL),2021,7,5,0,,,,history
Miami (FL),2022,5,7,0,,,,history
Miami (FL),2023,7,6,0,,,,history
Miami (FL),2024,10,3,0,,,,history
Miami (FL),2025,13,3,0,,,,history
Miami (OH),1904,0,2,0,,,,history
Miami (OH),1914,0,1,0,,,,history
Miami (OH),1915,0,1,0,,,,history
Miami (OH),1917,0,0,1,,,,history
Miami (OH),1920,1,0,0,,,,history
Miami (OH),1924,0,1,0,,,,history
Miami (OH),1925,0,1,0,,,,history
Miami (OH),1930,0,1,0,,,,history
Miami (OH),1931,0,1,0,,,,history
Miami (OH),1932,0,1,0,,,,history
Miami (OH),1933,0,1,0,,,,history
Miami (OH),1934,0,1,0,,,,history
Miami (OH),1936,0,0,0,,,,history
Miami (OH),1937,0,0,0,,,,history
Miami (OH),1938,0,0,0,,,,history
Miami (OH),1939,0,0,0,,,,history
Miami (OH),1940,0,0,0,,,,history
Miami (OH),1941,0,1,0,,,,history
Miami (OH),1942,0,1,0,,,,history
Miami (OH),1943,0,0,1,,,,history
Miami (OH),1944,0,0,0,,,,history
Miami (OH),1945,0,2,0,,,,history
Miami (OH),1946,0,2,0,,,,history
Miami (OH),1947,2,0,0,,,,history
Miami (OH),1948,1,0,1,,,,history
Miami (OH),1949,1,2,0,,,,history
Miami (OH),1950,2,0,0,,,,history
Miami (OH),1951,1,1,0,,,,history
Miami (OH),1952,2,0,0,,,,history
Miami (OH),1953,0,0,0,,,,history
Miami (OH),1954,3,0,0,,,,history
Miami (OH),1955,2,0,0,,,,history
Miami (OH),1956,2,1,0,,,,history
Miami (OH),1957,1,2,0,,,,history
Miami (OH),1958,1,2,0,,,,history
Miami (OH),1959,2,2,0,,,,history
Miami (OH),1960,3,2,0,,,,history
Miami (OH),1961,3,2,0,,,,history
Miami (OH),1962,8,2,1,,,,history
Miami (OH),1963,5,3,2,,,,history
Miami (OH),1964,6,3,1,,,,history
Miami (OH),1965,7,3,0,,,,history
Miami (OH),1966,9,1,0,,,,history
Miami (OH),1967,6,4,0,,,,history
Miami (OH),1968,7,3,0,,,,history
Miami (OH),1969,7,3,0,,,,history
Miami (OH),1970,7,3,0,,,,history
Miami (OH),1971,7,3,0,,,,history
Miami (OH),1972,7,3,0,,,,history
Miami (OH),1973,11,0,0,,,,history
Miami (OH),1974,10,0,1,,,,history
Miami (OH),1975,11,1,0,,,,history
Miami (OH),1976,3,8,0,,,,history
Miami (OH),1977,10,1,0,,,,history
Miami (OH),1978,8,2,1,,,,history
Miami (OH),1979,6,5,0,,,,history
Miami (OH),1980,5,6,0,,,,history
Miami (OH),1981,8,2,1,,,,history
Miami (OH),1982,7,4,0,,,,history
Miami (OH),1983,4,7,0,,,,history
Miami (OH),1984,4,7,0,,,,history
Miami (OH),1985,8,2,1,,,,history
Miami (OH),1986,8,4,0,,,,history
Miami (OH),1987,5,6,0,,,,history
Miami (OH),1988,0,10,1,,,,history
Miami (OH),1989,2,8,1,,,,history
Miami (OH),1990,5,5,1,,,,history
Miami (OH),1991,6,4,1,,,,history
Miami (OH),1992,6,4,1,,,,history
Miami (OH),1993,4,7,0,,,,history
Miami (OH),1994,5,5,1,,,,history
Miami (OH),1995,8,2,1,,,,history
Miami (OH),1996,6,5,0,,,,history
Miami (OH),1997,8,3,0,,,,history
Miami (OH),1998,10,1,0,,,,history
Miami (OH),1999,7,4,0,,,,history
Miami (OH),2000,6,5,0,,,,history
Miami (OH),2001,7,5,0,,,,history
Miami (OH),2002,7,5,0,,,,history
Miami (OH),2003,13,1,0,,,,history
Miami (OH),2004,8,5,0,,,,history
Miami (OH),2005,7,4,0,,,,history
Miami (OH),2006,2,10,0,,,,history
Miami (OH),2007,6,7,0,,,,history
Miami (OH),2008,2,10,0,,,,history
Miami (OH),2009,1,11,0,,,,history
Miami (OH),2010,10,4,0,,,,history
Miami (OH),2011,4,8,0,,,,history
Miami (OH),2012,4,8,0,,,,history
Miami (OH),2013,0,12,0,,,,history
Miami (OH),2014,2,10,0,,,,history
Miami (OH),2015,3,9,0,,,,history
Miami (OH),2016,6,7,0,,,,history
Miami (OH),2017,5,7,0,,,,history
Miami (OH),2018,6,6,0,,,,history
Miami (OH),2019,8,6,0,,,,history
Miami (OH),2020,2,1,0,,,,history
Miami (OH),2021,7,6,0,,,,history
Miami (OH),2022,6,7,0,,,,history
Miami (OH),2023,11,3,0,,,,history
Miami (OH),2024,9,5,0,,,,history
Miami (OH),2025,7,7,0,,,,history
Michigan,1935,320,83,19,,,,ncaa
Michigan,1936,1,7,0,,,,history
Michigan,1937,4,4,0,,,,history
Michigan,1938,6,1,1,,,,history
Michigan,1939,6,2,0,,,,history
Michigan,1940,7,1,0,,,,history
Michigan,1941,6,1,1,,,,history
Michigan,1942,7,3,0,,,,history
Michigan,1943,8,1,0,,,,history
Michigan,1944,8,2,0,,,,history
Michigan,1945,7,3,0,,,,history
Michigan,1946,6,2,1,,,,history
Michigan,1947,10,0,0,,,,history
Michigan,1948,9,0,0,,,,history
Michigan,1949,6,2,1,,,,history
Michigan,1950,6,3,1,,,,history
Michigan,1951,4,5,0,,,,history
Michigan,1952,5,4,0,,,,history
Michigan,1953,6,3,0,,,,history
Michigan,1954,6,3,0,,,,history
Michigan,1955,7,2,0,,,,history
Michigan,1956,7,2,0,,,,history
Michigan,1957,5,3,1,,,,history
Michigan,1958,2,6,1,,,,history
Michigan,1959,4,5,0,,,,history
Michigan,1960,5,4,0,,,,history
Michigan,1961,6,3,0,,,,history
Michigan,1962,2,7,0,,,,history
Michigan,1963,3,4,2,,,,history
Michigan,1964,9,1,0,,,,history
Michigan,1965,4,6,0,,,,history
Michigan,1966,6,4,0,,,,history
Michigan,1967,4,6,0,,,,history
Michigan,1968,8,2,0,,,,history
Michigan,1969,8,3,0,,,,history
Michigan,1970,9,1,0,,,,history
Michigan,1971,11,1,0,,,,history
Michigan,1972,10,1,0,,,,history
Michigan,1973,10,0,1,,,,history
Michigan,1974,10,1,0,,,,history
Michigan,1975,8,2,2,,,,history
Michigan,1976,10,2,0,,,,history
Michigan,1977,10,2,0,,,,history
Michigan,1978,10,2,0,,,,history
Michigan,1979,8,4,0,,,,history
Michigan,1980,10,2,0,,,,history
Michigan,1981,9,3,0,,,,history
Michigan,1982,8,4,0,,,,history
Michigan,1983,9,3,0,,,,history
Michigan,1984,6,6,0,,,,history
Michigan,1985,10,1,1,,,,history
Michigan,1986,11,2,0,,,,history
Michigan,1987,8,4,0,,,,history
Michigan,1988,9,2,1,,,,history
Michigan,1989,10,2,0,,,,history
Michigan,1990,9,3,0,,,,history
Michigan,1991,10,2,0,,,,history
Michigan,1992,9,0,3,,,,history
Michigan,1993,8,4,0,,,,history
Michigan,1994,8,4,0,,,,history
Michigan,1995,9,4,0,,,,history
Michigan,1996,8,4,0,,,,history
Michigan,1997,12,0,0,,,,history
Michigan,1998,10,3,0,,,,history
Michigan,1999,10,2,0,,,,history
Michigan,2000,9,3,0,,,,history
Michigan,2001,8,4,0,,,,history
Michigan,2002,10,3,0,,,,history
Michigan,2003,10,3,0,,,,history
Michigan,2004,9,3,0,,,,history
Michigan,2005,7,5,0,,,,history
Michigan,2006,11,2,0,,,,history
Michigan,2007,9,4,0,,,,history
Michigan,2008,3,9,0,,,,history
Michigan,2009,5,7,0,,,,history
Michigan,2010,7,6,0,,,,history
Michigan,2011,11,2,0,,,,history
Michigan,2012,8,5,0,,,,history
Michigan,2013,7,6,0,,,,history
Michigan,2014,5,7,0,,,,history
Michigan,2015,10,3,0,,,,history
Michigan,2016,10,3,0,,,,history
Michigan,2017,8,5,0,,,,history
Michigan,2018,10,3,0,,,,history
Michigan,2019,9,4,0,,,,history
Michigan,2020,2,4,0,,,,history
Michigan,2021,12,2,0,,,,history
Michigan,2022,13,1,0,,,,history
Michigan,2023,15,0,0,,,,history
Michigan,2024,8,5,0,,,,history
Michigan,2025,9,4,0,,,,history
Michigan State,1898,0,1,0,,,,history
Michigan State,1899,0,1,0,,,,history
Michigan State,1902,0,2,0,,,,history
Michigan State,1905,0,2,0,,,,history
Michigan State,1907,0,1,0,,,,history
Michigan State,1908,0,0,1,,,,history
Michigan State,1910,0,1,0,,,,history
Michigan State,1911,0,1,0,,,,history
Michigan State,1912,0,1,0,,,,history
Michigan State,1913,2,0,0,,,,history
Michigan State,1914,1,2,0,,,,history
Michigan State,1915,1,0,0,,,,history
Michigan State,1916,0,2,0,,,,history
Michigan State,1917,0,4,0,,,,history
Michigan State,1918,4,3,0,,,,history
Michigan State,1919,0,3,0,,,,history
Michigan State,1920,0,4,0,,,,history
Michigan State,1921,0,2,0,,,,history
Michigan State,1922,0,2,0,,,,history
Michigan State,1923,0,3,0,,,,history
Michigan State,1924,0,2,0,,,,history
Michigan State,1925,3,5,0,,,,history
Michigan State,1926,3,4,1,,,,history
Michigan State,1927,4,5,0,,,,history
Michigan State,1928,3,4,1,,,,history
Michigan State,1929,5,3,0,,,,history
Michigan State,1930,5,1,2,,,,history
Michigan State,1931,5,3,1,,,,history
Michigan State,1932,7,1,0,,,,history
Michigan State,1933,4,2,2,,,,history
Michigan State,1934,8,1,0,,,,history
Michigan State,1935,6,2,0,,,,history
Michigan State,1936,6,1,2,,,,history
Michigan State,1937,8,2,0,,,,history
Michigan State,1938,6,3,0,,,,history
Michigan State,1939,4,4,1,,,,history
Michigan State,1940,3,4,1,,,,history
Michigan State,1941,5,3,1,,,,history
Michigan State,1942,4,3,2,,,,history
Michigan State,1944,6,1,0,,,,history
Michigan State,1945,5,3,1,,,,history
Michigan State,1946,5,5,0,,,,history
Michigan State,1947,7,2,0,,,,history
Michigan State,1948,6,2,2,,,,history
Michigan State,1949,6,3,0,,,,history
Michigan State,1950,8,1,0,,,,history
Michigan State,1951,9,0,0,,,,history
Michigan State,1952,9,0,0,,,,history
Michigan State,1953,9,1,0,,,,history
Michigan State,1954,3,6,0,,,,history
Michigan State,1955,9,1,0,,,,history
Michigan State,1956,7,2,0,,,,history
Michigan State,1957,8,1,0,,,,history
Michigan State,1958,3,5,1,,,,history
Michigan State,1959,5,4,0,,,,history
Michigan State,1960,6,2,1,,,,history
Michigan State,1961,7,2,0,,,,history
Michigan State,1962,5,4,0,,,,history
Michigan State,1963,6,2,1,,,,history
Michigan State,1964,4,5,0,,,,history
Michigan State,1965,10,1,0,,,,history
Michigan State,1966,9,0,1,,,,history
Michigan State,1967,3,7,0,,,,history
Michigan State,1968,5,5,0,,,,history
Michigan State,1969,4,6,0,,,,history
Michigan State,1970,4,6,0,,,,history
Michigan State,1971,6,5,0,,,,history
Michigan State,1972,5,5,1,,,,history
Michigan State,1973,5,6,0,,,,history
Michigan State,1974,7,3,1,,,,history
Michigan State,1975,7,4,0,,,,history
Michigan State,1976,4,6,1,,,,history
Michigan State,1977,7,3,1,,,,history
Michigan State,1978,8,3,0,,,,history
Michigan State,1979,5,6,0,,,,history
Michigan State,1980,3,8,0,,,,history
Michigan State,1981,5,6,0,,,,history
Michigan State,1982,2,9,0,,,,history
Michigan State,1983,4,6,1,,,,history
Michigan State,1984,6,6,0,,,,history
Michigan State,1985,7,5,0,,,,history
Michigan State,1986,6,5,0,,,,history
Michigan State,1987,9,2,1,,,,history
Michigan State,1988,6,5,1,,,,history
Michigan State,1989,8,4,0,,,,history
Michigan State,1990,8,3,1,,,,history
Michigan State,1991,3,8,0,,,,history
Michigan State,1992,5,6,0,,,,history
Michigan State,1993,6,6,0,,,,history
Michigan State,1994,5,6,0,,,,history
Michigan State,1995,6,5,1,,,,history
Michigan State,1996,6,6,0,,,,history
Michigan State,1997,7,5,0,,,,history
Michigan State,1998,6,6,0,,,,history
Michigan State,1999,10,2,0,,,,history
Michigan State,2000,5,6,0,,,,history
Michigan State,2001,7,5,0,,,,history
Michigan State,2002,4,8,0,,,,history
Michigan State,2003,8,5,0,,,,history
Michigan State,2004,5,7,0,,,,history
Michigan State,2005,5,6,0,,,,history
Michigan State,2006,4,8,0,,,,history
Michigan State,2007,7,6,0,,,,history
Michigan State,2008,9,4,0,,,,history
Michigan State,2009,6,7,0,,,,history
Michigan State,2010,11,2,0,,,,history
Michigan State,2011,11,3,0,,,,history
Michigan State,2012,7,6,0,,,,history
Michigan State,2013,13,1,0,,,,history
Michigan State,2014,11,2,0,,,,history
Michigan State,2015,12,2,0,,,,history
Michigan State,2016,3,9,0,,,,history
Michigan State,2017,10,3,0,,,,history
Michigan State,2018,7,6,0,,,,history
Michigan State,2019,7,6,0,,,,history
Michigan State,2020,2,5,0,,,,history
Michigan State,2021,11,2,0,,,,history
Michigan State,2022,5,7,0,,,,history
Michigan State,2023,4,8,0,,,,history
Michigan State,2024,5,7,0,,,,history
Michigan State,2025,4,8,0,,,,history
Middle Tennessee,1911,0,1,0,,,,history
Middle Tennessee,1915,0,1,0,,,,history
Middle Tennessee,1920,0,1,0,,,,history
Middle Tennessee,1921,0,1,0,,,,history
Middle Tennessee,1922,0,1,0,,,,history
Middle Tennessee,1925,0,2,0,,,,history
Middle Tennessee,1926,0,2,0,,,,history
Middle Tennessee,1932,0,1,0,,,,history
Middle Tennessee,1936,0,1,0,,,,history
Middle Tennessee,1937,0,0,0,,,,history
Middle Tennessee,1938,0,0,0,,,,history
Middle Tennessee,1939,0,0,0,,,,history
Middle Tennessee,1940,0,0,0,,,,history
Middle Tennessee,1941,0,0,0,,,,history
Middle Tennessee,1942,0,0,0,,,,history
Middle Tennessee,1946,0,0,0,,,,history
Middle Tennessee,1947,0,0,0,,,,history
Middle Tennessee,1948,0,0,0,,,,history
Middle Tennessee,1949,0,0,0,,,,history
Middle Tennessee,1950,0,1,0,,,,history
Middle Tennessee,1951,0,1,0,,,,history
Middle Tennessee,1952,0,0,0,,,,history
Middle Tennessee,1953,0,1,0,,,,history
Middle Tennessee,1954,0,0,0,,,,history
Middle Tennessee,1955,0,1,0,,,,history
Middle Tennessee,1956,0,1,0,,,,history
Middle Tennessee,1957,0,0,0,,,,history
Middle Tennessee,1958,0,0,0,,,,history
Middle Tennessee,1959,1,0,0,,,,history
Middle Tennessee,1960,0,0,0,,,,history
Middle Tennessee,1961,0,1,0,,,,history
Middle Tennessee,1962,0,0,0,,,,history
Middle Tennessee,1963,0,0,0,,,,history
Middle Tennessee,1964,0,0,0,,,,history
Middle Tennessee,1965,0,0,0,,,,history
Middle Tennessee,1966,0,0,0,,,,history
Middle Tennessee,1967,0,0,0,,,,history
Middle Tennessee,1968,0,0,0,,,,history
Middle Tennessee,1969,0,0,0,,,,history
Middle Tennessee,1970,0,0,0,,,,history
Middle Tennessee,1971,1,0,0,,,,history
Middle Tennessee,1972,1,0,0,,,,history
Middle Tennessee,1973,0,0,0,,,,history
Middle Tennessee,1974,0,2,0,,,,history
Middle Tennessee,1975,0,1,0,,,,history
Middle Tennessee,1976,1,0,0,,,,history
Middle Tennessee,1977,0,2,0,,,,history
Middle Tennessee,1978,0,0,1,,,,history
Middle Tennessee,1979,0,2,0,,,,history
Middle Tennessee,1980,0,2,0,,,,history
Middle Tennessee,1981,1,1,0,,,,history
Middle Tennessee,1982,0,0,0,,,,history
Middle Tennessee,1983,0,0,0,,,,history
Middle Tennessee,1984,1,0,0,,,,history
Middle Tennessee,1985,0,0,0,,,,history
Middle Tennessee,1986,0,0,0,,,,history
Middle Tennessee,1987,0,0,0,,,,history
Middle Tennessee,1988,0,1,0,,,,history
Middle Tennessee,1989,0,1,0,,,,history
Middle Tennessee,1990,0,0,0,,,,history
Middle Tennessee,1991,0,2,0,,,,history
Middle Tennessee,1992,1,1,0,,,,history
Middle Tennessee,1993,0,2,0,,,,history
Middle Tennessee,1994,0,0,0,,,,history
Middle Tennessee,1995,0,1,0,,,,history
Middle Tennessee,1996,0,1,0,,,,history
Middle Tennessee,1997,0,0,0,,,,history
Middle Tennessee,1998,0,2,0,,,,history
Middle Tennessee,1999,3,8,0,,,,history
Middle Tennessee,2000,6,5,0,,,,history
Middle Tennessee,2001,8,3,0,,,,history
Middle Tennessee,2002,4,8,0,,,,history
Middle Tennessee,2003,4,8,0,,,,history
Middle Tennessee,2004,5,6,0,,,,history
Middle Tennessee,2005,4,7,0,,,,history
Middle Tennessee,2006,7,6,0,,,,history
Middle Tennessee,2007,5,7,0,,,,history
Middle Tennessee,2008,5,7,0,,,,history
Middle Tennessee,2009,10,3,0,,,,history
Middle Tennessee,2010,6,7,0,,,,history
Middle Tennessee,2011,2,10,0,,,,history
Middle Tennessee,2012,8,4,0,,,,history
Middle Tennessee,2013,8,5,0,,,,history
Middle Tennessee,2014,6,6,0,,,,history
Middle Tennessee,2015,7,6,0,,,,history
Middle Tennessee,2016,8,5,0,,,,history
Middle Tennessee,2017,7,6,0,,,,history
Middle Tennessee,2018,8,6,0,,,,history
Middle Tennessee,2019,4,8,0,,,,history
Middle Tennessee,2020,3,6,0,,,,history
Middle Tennessee,2021,7,6,0,,,,history
Middle Tennessee,2022,8,5,0,,,,history
Middle Tennessee,2023,4,8,0,,,,history
Middle Tennessee,2024,3,9,0,,,,history
Middle Tennessee,2025,3,9,0,,,,history
Minnesota,1935,269,86,27,,,,ncaa
Minnesota,1936,7,1,0,,,,history
Minnesota,1937,6,2,0,,,,history
Minnesota,1938,6,2,0,,,,history
Minnesota,1939,3,4,1,,,,history
Minnesota,1940,8,0,0,,,,history
Minnesota,1941,8,0,0,,,,history
Minnesota,1942,5,4,0,,,,history
Minnesota,1943,5,4,0,,,,history
Minnesota,1944,5,3,1,,,,history
Minnesota,1945,4,5,0,,,,history
Minnesota,1946,5,4,0,,,,history
Minnesota,1947,6,3,0,,,,history
Minnesota,1948,7,2,0,,,,history
Minnesota,1949,7,2,0,,,,history
Minnesota,1950,1,7,1,,,,history
Minnesota,1951,2,6,1,,,,history
Minnesota,1952,4,3,2,,,,history
Minnesota,1953,4,4,1,,,,history
Minnesota,1954,7,2,0,,,,history
Minnesota,1955,3,6,0,,,,history
Minnesota,1956,6,1,2,,,,history
Minnesota,1957,4,5,0,,,,history
Minnesota,1958,1,8,0,,,,history
Minnesota,1959,2,7,0,,,,history
Minnesota,1960,8,2,0,,,,history
Minnesota,1961,8,2,0,,,,history
Minnesota,1962,6,2,1,,,,history
Minnesota,1963,3,6,0,,,,history
Minnesota,1964,5,4,0,,,,history
Minnesota,1965,5,4,1,,,,history
Minnesota,1966,4,5,1,,,,history
Minnesota,1967,8,2,0,,,,history
Minnesota,1968,6,4,0,,,,history
Minnesota,1969,4,5,1,,,,history
Minnesota,1970,3,6,1,,,,history
Minnesota,1971,4,7,0,,,,history
Minnesota,1972,4,7,0,,,,history
Minnesota,1973,7,4,0,,,,history
Minnesota,1974,4,7,0,,,,history
Minnesota,1975,6,5,0,,,,history
Minnesota,1976,6,5,0,,,,history
Minnesota,1977,7,5,0,,,,history
Minnesota,1978,5,6,0,,,,history
Minnesota,1979,4,6,1,,,,history
Minnesota,1980,5,6,0,,,,history
Minnesota,1981,6,5,0,,,,history
Minnesota,1982,3,8,0,,,,history
Minnesota,1983,1,10,0,,,,history
Minnesota,1984,4,7,0,,,,history
Minnesota,1985,7,5,0,,,,history
Minnesota,1986,6,6,0,,,,history
Minnesota,1987,6,5,0,,,,history
Minnesota,1988,2,7,2,,,,history
Minnesota,1989,6,5,0,,,,history
Minnesota,1990,6,5,0,,,,history
Minnesota,1991,2,9,0,,,,history
Minnesota,1992,2,9,0,,,,history
Minnesota,1993,4,7,0,,,,history
Minnesota,1994,3,8,0,,,,history
Minnesota,1995,3,8,0,,,,history
Minnesota,1996,4,7,0,,,,history
Minnesota,1997,3,9,0,,,,history
Minnesota,1998,5,6,0,,,,history
Minnesota,1999,8,4,0,,,,history
Minnesota,2000,6,6,0,,,,history
Minnesota,2001,4,7,0,,,,history
Minnesota,2002,8,5,0,,,,history
Minnesota,2003,10,3,0,,,,history
Minnesota,2004,7,5,0,,,,history
Minnesota,2005,7,5,0,,,,history
Minnesota,2006,6,7,0,,,,history
Minnesota,2007,1,11,0,,,,history
Minnesota,2008,7,6,0,,,,history
Minnesota,2009,6,7,0,,,,history
Minnesota,2010,3,9,0,,,,history
Minnesota,2011,3,9,0,,,,history
Minnesota,2012,6,7,0,,,,history
Minnesota,2013,8,5,0,,,,history
Minnesota,2014,8,5,0,,,,history
Minnesota,2015,6,7,0,,,,history
Minnesota,2016,9,4,0,,,,history
Minnesota,2017,5,7,0,,,,history
Minnesota,2018,7,6,0,,,,history
Minnesota,2019,11,2,0,,,,history
Minnesota,2020,3,4,0,,,,history
Minnesota,2021,9,4,0,,,,history
Minnesota,2022,9,4,0,,,,history
Minnesota,2023,6,7,0,,,,history
Minnesota,2024,8,5,0,,,,history
Minnesota,2025,8,5,0,,,,history
Mississippi State,1902,1,4,1,,,,history
Mississippi State,1903,1,0,0,,,,history
Mississippi State,1904,2,5,0,,,,history
Mississippi State,1905,0,2,0,,,,history
Mississippi State,1906,2,2,1,,,,history
Mississippi State,1907,6,3,0,,,,history
Mississippi State,1908,3,4,0,,,,history
Mississippi State,1909,5,4,0,,,,history
Mississippi State,1910,7,2,0,,,,history
Mississippi State,1911,7,2,1,,,,history
Mississippi State,1912,4,3,0,,,,history
Mississippi State,1913,6,1,1,,,,history
Mississippi State,1914,6,2,0,,,,history
Mississippi State,1915,5,2,1,,,,history
Mississippi State,1916,4,4,1,,,,history
Mississippi State,1917,6,1,0,,,,history
Mississippi State,1918,3,2,0,,,,history
Mississippi State,1919,6,2,0,,,,history
Mississippi State,1920,5,3,0,,,,history
Mississippi State,1921,4,4,1,,,,history
Mississippi State,1922,3,4,2,,,,history
Mississippi State,1923,5,2,2,,,,history
Mississippi State,1924,5,4,0,,,,history
Mississippi State,1925,3,4,1,,,,history
Mississippi State,1926,5,4,0,,,,history
Mississippi State,1927,5,3,0,,,,history
Mississippi State,1928,2,4,2,,,,history
Mississippi State,1929,1,5,2,,,,history
Mississippi State,1930,2,7,0,,,,history
Mississippi State,1931,2,6,0,,,,history
Mississippi State,1932,3,5,0,,,,history
Mississippi State,1933,3,6,1,,,,history
Mississippi State,1934,4,6,0,,,,history
Mississippi State,1935,8,3,0,,,,history
Mississippi State,1936,7,3,1,,,,history
Mississippi State,1937,5,4,1,,,,history
Mississippi State,1938,4,6,0,,,,history
Mississippi State,1939,8,2,0,,,,history
Mississippi State,1940,10,0,1,,,,history
Mississippi State,1941,8,1,1,,,,history
Mississippi State,1942,8,2,0,,,,history
Mississippi State,1944,6,2,0,,,,history
Mississippi State,1945,6,3,0,,,,history
Mississippi State,1946,8,2,0,,,,history
Mississippi State,1947,7,3,0,,,,history
Mississippi State,1948,4,4,1,,,,history
Mississippi State,1949,0,8,1,,,,history
Mississippi State,1950,4,5,0,,,,history
Mississippi State,1951,4,5,0,,,,history
Mississippi State,1952,5,4,0,,,,history
Mississippi State,1953,5,2,3,,,,history
Mississippi State,1954,6,4,0,,,,history
Mississippi State,1955,6,4,0,,,,history
Mississippi State,1956,4,6,0,,,,history
Mississippi State,1957,6,2,1,,,,history
Mississippi State,1958,3,6,0,,,,history
Mississippi State,1959,2,7,0,,,,history
Mississippi State,1960,2,6,1,,,,history
Mississippi State,1961,5,5,0,,,,history
Mississippi State,1962,3,6,0,,,,history
Mississippi State,1963,7,2,2,,,,history
Mississippi State,1964,4,6,0,,,,history
Mississippi State,1965,4,6,0,,,,history
Mississippi State,1966,2,8,0,,,,history
Mississippi State,1967,1,9,0,,,,history
Mississippi State,1968,0,8,2,,,,history
Mississippi State,1969,3,7,0,,,,history
Mississippi State,1970,6,5,0,,,,history
Mississippi State,1971,2,9,0,,,,history
Mississippi State,1972,4,7,0,,,,history
Mississippi State,1973,4,5,2,,,,history
Mississippi State,1974,9,3,0,,,,history
Mississippi State,1975,6,4,1,,,,history
Mississippi State,1976,9,2,0,,,,history
Mississippi State,1977,5,6,0,,,,history
Mississippi State,1978,6,5,0,,,,history
Mississippi State,1979,3,8,0,,,,history
Mississippi State,1980,9,3,0,,,,history
Mississippi State,1981,8,4,0,,,,history
Mississippi State,1982,5,6,0,,,,history
Mississippi State,1983,3,8,0,,,,history
Mississippi State,1984,4,7,0,,,,history
Mississippi State,1985,5,6,0,,,,history
Mississippi State,1986,6,5,0,,,,history
Mississippi State,1987,4,7,0,,,,history
Mississippi State,1988,1,10,0,,,,history
Mississippi State,1989,5,6,0,,,,history
Mississippi State,1990,5,6,0,,,,history
Mississippi State,1991,7,5,0,,,,history
Mississippi State,1992,7,5,0,,,,history
Mississippi State,1993,3,6,2,,,,history
Mississippi State,1994,8,4,0,,,,history
Mississippi State,1995,3,8,0,,,,history
Mississippi State,1996,5,6,0,,,,history
Mississippi State,1997,7,4,0,,,,history
Mississippi State,1998,8,5,0,,,,history
Mississippi State,1999,10,2,0,,,,history
Mississippi State,2000,8,4,0,,,,history
Mississippi State,2001,3,8,0,,,,history
Mississippi State,2002,3,9,0,,,,history
Mississippi State,2003,2,10,0,,,,history
Mississippi State,2004,3,8,0,,,,history
Mississippi State,2005,3,8,0,,,,history
Mississippi State,2006,3,9,0,,,,history
Mississippi State,2007,8,5,0,,,,history
Mississippi State,2008,4,8,0,,,,history
Mississippi State,2009,5,7,0,,,,history
Mississippi State,2010,9,4,0,,,,history
Mississippi State,2011,7,6,0,,,,history
Mississippi State,2012,8,5,0,,,,history
Mississippi State,2013,7,6,0,,,,history
Mississippi State,2014,10,3,0,,,,history
Mississippi State,2015,9,4,0,,,,history
Mississippi State,2016,6,7,0,,,,history
Mississippi State,2017,9,4,0,,,,history
Mississippi State,2018,8,5,0,,,,history
Mississippi State,2019,6,7,0,,,,history
Mississippi State,2020,4,7,0,,,,history
Mississippi State,2021,7,6,0,,,,history
Mississippi State,2022,9,4,0,,,,history
Mississippi State,2023,5,7,0,,,,history
Mississippi State,2024,2,10,0,,,,history
Mississippi State,2025,5,8,0,,,,history
Missouri,1895,2,0,0,,,,history
Missouri,1896,0,1,0,,,,history
Missouri,1897,0,1,0,,,,history
Missouri,1900,0,1,0,,,,history
Missouri,1901,1,6,1,,,,history
Missouri,1902,5,3,0,,,,history
Missouri,1903,1,7,1,,,,history
Missouri,1904,3,6,0,,,,history
Missouri,1905,5,4,0,,,,history
Missouri,1906,5,2,1,,,,history
Missouri,1907,7,2,0,,,,history
Missouri,1908,6,2,0,,,,history
Missouri,1909,7,0,1,,,,history
Missouri,1910,4,2,2,,,,history
Missouri,1911,2,4,2,,,,history
Missouri,1912,5,3,0,,,,history
Missouri,1913,7,1,0,,,,history
Missouri,1914,5,3,0,,,,history
Missouri,1915,2,5,1,,,,history
Missouri,1916,6,1,1,,,,history
Missouri,1917,3,5,0,,,,history
Missouri,1919,5,1,2,,,,history
Missouri,1920,7,1,0,,,,history
Missouri,1921,6,2,0,,,,history
Missouri,1922,5,3,0,,,,history
Missouri,1923,2,3,3,,,,history
Missouri,1924,7,2,0,,,,history
Missouri,1925,6,1,1,,,,history
Missouri,1926,5,1,2,,,,history
Missouri,1927,7,2,0,,,,history
Missouri,1928,4,4,0,,,,history
Missouri,1929,5,2,1,,,,history
Missouri,1930,2,5,2,,,,history
Missouri,1931,2,8,0,,,,history
Missouri,1932,1,7,1,,,,history
Missouri,1933,1,8,0,,,,history
Missouri,1934,0,8,1,,,,history
Missouri,1935,3,3,3,,,,history
Missouri,1936,6,2,1,,,,history
Missouri,1937,3,6,1,,,,history
Missouri,1938,6,3,0,,,,history
Missouri,1939,8,2,0,,,,history
Missouri,1940,6,3,0,,,,history
Missouri,1941,8,2,0,,,,history
Missouri,1942,8,3,1,,,,history
Missouri,1943,3,5,0,,,,history
Missouri,1944,3,5,2,,,,history
Missouri,1945,6,4,0,,,,history
Missouri,1946,5,4,1,,,,history
Missouri,1947,6,4,0,,,,history
Missouri,1948,8,3,0,,,,history
Missouri,1949,7,4,0,,,,history
Missouri,1950,4,5,1,,,,history
Missouri,1951,2,8,0,,,,history
Missouri,1952,5,5,0,,,,history
Missouri,1953,6,4,0,,,,history
Missouri,1954,4,5,1,,,,history
Missouri,1955,1,9,0,,,,history
Missouri,1956,4,5,1,,,,history
Missouri,1957,5,4,1,,,,history
Missouri,1958,5,4,1,,,,history
Missouri,1959,6,5,0,,,,history
Missouri,1960,10,1,0,,,,history
Missouri,1961,7,2,1,,,,history
Missouri,1962,8,1,2,,,,history
Missouri,1963,7,3,0,,,,history
Missouri,1964,6,3,1,,,,history
Missouri,1965,8,2,1,,,,history
Missouri,1966,6,3,1,,,,history
Missouri,1967,7,3,0,,,,history
Missouri,1968,8,3,0,,,,history
Missouri,1969,9,2,0,,,,history
Missouri,1970,5,6,0,,,,history
Missouri,1971,1,10,0,,,,history
Missouri,1972,6,6,0,,,,history
Missouri,1973,8,4,0,,,,history
Missouri,1974,7,4,0,,,,history
Missouri,1975,6,5,0,,,,history
Missouri,1976,6,5,0,,,,history
Missouri,1977,4,7,0,,,,history
Missouri,1978,8,4,0,,,,history
Missouri,1979,7,5,0,,,,history
Missouri,1980,8,4,0,,,,history
Missouri,1981,8,4,0,,,,history
Missouri,1982,5,4,2,,,,history
Missouri,1983,7,5,0,,,,history
Missouri,1984,3,7,1,,,,history
Missouri,1985,1,10,0,,,,history
Missouri,1986,3,8,0,,,,history
Missouri,1987,5,6,0,,,,history
Missouri,1988,3,7,1,,,,history
Missouri,1989,2,9,0,,,,history
Missouri,1990,4,7,0,,,,history
Missouri,1991,3,7,1,,,,history
Missouri,1992,3,8,0,,,,history
Missouri,1993,3,7,1,,,,history
Missouri,1994,3,8,1,,,,history
Missouri,1995,3,8,0,,,,history
Missouri,1996,5,6,0,,,,history
Missouri,1997,7,5,0,,,,history
Missouri,1998,8,4,0,,,,history
Missouri,1999,4,7,0,,,,history
Missouri,2000,3,8,0,,,,history
Missouri,2001,4,7,0,,,,history
Missouri,2002,5,7,0,,,,history
Missouri,2003,8,5,0,,,,history
Missouri,2004,5,6,0,,,,history
Missouri,2005,7,5,0,,,,history
Missouri,2006,8,5,0,,,,history
Missouri,2007,12,2,0,,,,history
Missouri,2008,10,4,0,,,,history
Missouri,2009,8,5,0,,,,history
Missouri,2010,10,3,0,,,,history
Missouri,2011,8,5,0,,,,history
Missouri,2012,5,7,0,,,,history
Missouri,2013,12,2,0,,,,history
Missouri,2014,11,3,0,,,,history
Missouri,2015,5,7,0,5,0,Pinkel,history
Missouri,2016,4,8,0,4,0,Odom,history
Missouri,2017,7,6,0,,,,history
Missouri,2018,8,5,0,,,,history
Missouri,2019,6,6,0,,,,history
Missouri,2020,5,5,0,,,,history
Missouri,2021,6,7,0,,,,history
Missouri,2022,6,7,0,,,,history
Missouri,2023,11,2,0,,,,history
Missouri,2024,10,3,0,,,,history
Missouri,2025,8,5,0,,,,history
Missouri State,1909,4,2,0,,,,ncaa-history
Missouri State,1910,1,4,0,,,,ncaa-history
Missouri State,1911,1,6,0,,,,ncaa-history
Missouri State,1912,0,4,0,,,,ncaa-history
Missouri State,1914,6,0,0,,,,ncaa-history
Missouri State,1915,4,2,0,,,,ncaa-history
Missouri State,1916,2,2,2,,,,ncaa-history
Missouri State,1917,3,1,1,,,,ncaa-history
Missouri State,1918,1,2,0,,,,ncaa-history
Missouri State,1919,3,4,0,,,,ncaa-history
Missouri State,1920,2,6,0,,,,ncaa-history
Missouri State,1921,3,4,0,,,,ncaa-history
Missouri State,1922,7,0,0,,,,ncaa-history
Missouri State,1923,7,2,0,,,,ncaa-history
Missouri State,1924,1,6,1,,,,ncaa-history
Missouri State,1925,4,2,2,,,,ncaa-history
Missouri State,1926,3,5,0,,,,ncaa-history
Missouri State,1927,4,3,0,,,,ncaa-history
Missouri State,1928,7,1,1,,,,ncaa-history
Missouri State,1929,6,2,1,,,,ncaa-history
Missouri State,1930,4,5,0,,,,ncaa-history
Missouri State,1931,5,2,1,,,,ncaa-history
Missouri State,1932,3,2,2,,,,ncaa-history
Missouri State,1933,2,5,0,,,,ncaa-history
Missouri State,1934,1,5,1,,,,ncaa-history
Missouri State,1935,3,4,1,,,,ncaa-history
Missouri State,1936,1,5,2,,,,ncaa-history
Missouri State,1937,0,8,1,,,,ncaa-history
Missouri State,1938,5,2,2,,,,ncaa-history
Missouri State,1939,7,1,1,,,,ncaa-history
Missouri State,1940,10,0,0,,,,ncaa-history
Missouri State,1941,8,3,0,,,,ncaa-history
Missouri State,1942,2,7,1,,,,ncaa-history
Missouri State,1945,5,1,2,,,,ncaa-history
Missouri State,1946,2,6,0,,,,ncaa-history
Missouri State,1947,7,2,1,,,,ncaa-history
Missouri State,1948,9,2,0,,,,ncaa-history
Missouri State,1949,5,4,1,,,,ncaa-history
Missouri State,1950,5,4,2,,,,ncaa-history
Missouri State,1951,6,3,1,,,,ncaa-history
Missouri State,1952,3,6,0,,,,ncaa-history
Missouri State,1953,3,6,0,,,,ncaa-history
Missouri State,1954,2,6,0,,,,ncaa-history
Missouri State,1955,2,6,1,,,,ncaa-history
Missouri State,1956,3,6,0,,,,ncaa-history
Missouri State,1957,4,4,1,,,,ncaa-history
Missouri State,1958,4,5,0,,,,ncaa-history
Missouri State,1959,4,5,0,,,,ncaa-history
Missouri State,1960,2,7,0,,,,ncaa-history
Missouri State,1961,4,4,1,,,,ncaa-history
Missouri State,1962,5,3,1,,,,ncaa-history
Missouri State,1963,9,1,0,,,,ncaa-history
Missouri State,1964,6,4,0,,,,ncaa-history
Missouri State,1965,7,3,0,,,,ncaa-history
Missouri State,1966,7,4,0,,,,ncaa-history
Missouri State,1967,4,6,0,,,,ncaa-history
Missouri State,1968,2,8,0,,,,ncaa-history
Missouri State,1969,0,10,0,,,,ncaa-history
Missouri State,1970,2,7,1,,,,ncaa-history
Missouri State,1971,1,8,1,,,,ncaa-history
Missouri State,1972,4,6,0,,,,ncaa-history
Missouri State,1973,3,7,0,,,,ncaa-history
Missouri State,1974,7,3,0,,,,ncaa-history
Missouri State,1975,6,4,1,,,,ncaa-history
Missouri State,1976,5,6,0,,,,ncaa-history
Missouri State,1977,6,3,1,,,,ncaa-history
Missouri State,1978,8,3,0,,,,ncaa-history
Missouri State,1979,7,4,0,,,,ncaa-history
Missouri State,1980,6,5,0,,,,ncaa-history
Missouri State,1981,3,5,2,,,,ncaa-history
Missouri State,1982,5,6,0,,,,ncaa-history
Missouri State,1983,6,5,0,,,,ncaa-history
Missouri State,1984,6,3,1,,,,ncaa-history
Missouri State,1985,6,4,1,,,,ncaa-history
Missouri State,1986,3,7,0,,,,ncaa-history
Missouri State,1987,5,6,0,,,,ncaa-history
Missouri State,1988,5,5,0,,,,ncaa-history
Missouri State,1989,10,3,0,,,,ncaa-history
Missouri State,1990,9,3,0,,,,ncaa-history
Missouri State,1991,6,4,1,,,,ncaa-history
Missouri State,1992,6,5,0,,,,ncaa-history
Missouri State,1993,7,4,0,,,,ncaa-history
Missouri State,1994,4,7,0,,,,ncaa-history
Missouri State,1995,4,7,0,,,,ncaa-history
Missouri State,1996,7,4,0,,,,ncaa-history
Missouri State,1997,5,6,0,,,,ncaa-history
Missouri State,1998,5,6,0,,,,ncaa-history
Missouri State,1999,5,6,0,,,,ncaa-history
Missouri State,2000,5,6,0,,,,ncaa-history
Missouri State,2001,6,5,0,,,,ncaa-history
Missouri State,2002,4,7,0,,,,ncaa-history
Missouri State,2003,4,7,0,,,,manual
Missouri State,2004,6,5,0,,,,manual
Missouri State,2005,4,6,0,,,,manual
Missouri State,2006,2,9,0,,,,manual
Missouri State,2007,6,5,0,,,,manual
Missouri State,2008,4,7,0,,,,manual
Missouri State,2009,6,5,0,,,,manual
Missouri State,2010,5,6,0,,,,manual
Missouri State,2011,2,9,0,,,,manual
Missouri State,2012,3,8,0,,,,manual
Missouri State,2013,5,7,0,,,,manual
Missouri State,2014,4,8,0,,,,manual
Missouri State,2015,1,10,0,,,,manual
Missouri State,2016,4,7,0,,,,manual
Missouri State,2017,3,8,0,,,,manual
Missouri State,2018,4,7,0,,,,manual
Missouri State,2019,1,10,0,,,,manual
Missouri State,2020,5,5,0,,,,manual
Missouri State,2021,8,4,0,,,,manual
Missouri State,2022,5,6,0,,,,manual
Missouri State,2023,4,7,0,,,,manual
Missouri State,2024,8,4,0,,,,manual
Missouri State,2025,7,6,0,,,,manual
Navy,1888,0,1,0,,,,history
Navy,1889,0,1,1,,,,history
Navy,1890,1,1,0,,,,history
Navy,1891,5,2,0,,,,history
Navy,1892,5,2,0,,,,history
Navy,1893,1,2,0,,,,history
Navy,1894,1,1,0,,,,history
Navy,1895,0,1,0,,,,history
Navy,1896,5,3,0,,,,history
Navy,1897,7,1,0,,,,history
Navy,1898,7,1,0,,,,history
Navy,1899,5,3,0,,,,history
Navy,1900,6,3,0,,,,history
Navy,1901,6,4,1,,,,history
Navy,1902,2,7,1,,,,history
Navy,1903,4,7,1,,,,history
Navy,1904,7,2,1,,,,history
Navy,1905,10,1,1,,,,history
Navy,1906,8,2,2,,,,history
Navy,1907,9,2,1,,,,history
Navy,1908,9,2,1,,,,history
Navy,1909,4,3,1,,,,history
Navy,1910,8,0,1,,,,history
Navy,1911,6,0,3,,,,history
Navy,1912,6,3,0,,,,history
Navy,1913,7,1,1,,,,history
Navy,1914,6,3,0,,,,history
Navy,1915,3,5,1,,,,history
Navy,1916,6,3,1,,,,history
Navy,1917,7,1,0,,,,history
Navy,1918,4,1,0,,,,history
Navy,1919,7,1,0,,,,history
Navy,1920,6,2,0,,,,history
Navy,1921,6,1,0,,,,history
Navy,1922,5,2,0,,,,history
Navy,1923,5,1,3,,,,history
Navy,1924,2,6,0,,,,history
Navy,1925,5,2,1,,,,history
Navy,1926,9,0,1,,,,history
Navy,1927,6,3,0,,,,history
Navy,1928,5,3,1,,,,history
Navy,1929,6,2,2,,,,history
Navy,1930,6,5,0,,,,history
Navy,1931,5,5,1,,,,history
Navy,1932,2,6,1,,,,history
Navy,1933,5,4,0,,,,history
Navy,1934,8,1,0,,,,history
Navy,1935,5,4,0,,,,history
Navy,1936,6,3,0,,,,history
Navy,1937,4,4,1,,,,history
Navy,1938,4,3,2,,,,history
Navy,1939,3,5,1,,,,history
Navy,1940,6,2,1,,,,history
Navy,1941,7,1,1,,,,history
Navy,1942,5,4,0,,,,history
Navy,1943,8,1,0,,,,history
Navy,1944,6,3,0,,,,history
Navy,1945,7,1,1,,,,history
Navy,1946,1,8,0,,,,history
Navy,1947,1,7,1,,,,history
Navy,1948,0,8,1,,,,history
Navy,1949,3,5,1,,,,history
Navy,1950,3,6,0,,,,history
Navy,1951,2,6,1,,,,history
Navy,1952,6,2,1,,,,history
Navy,1953,4,3,2,,,,history
Navy,1954,8,2,0,,,,history
Navy,1955,6,2,1,,,,history
Navy,1956,6,1,2,,,,history
Navy,1957,9,1,1,,,,history
Navy,1958,6,3,0,,,,history
Navy,1959,5,4,1,,,,history
Navy,1960,9,2,0,,,,history
Navy,1961,7,3,0,,,,history
Navy,1962,5,5,0,,,,history
Navy,1963,9,2,0,,,,history
Navy,1964,3,6,1,,,,history
Navy,1965,4,4,2,,,,history
Navy,1966,4,6,0,,,,history
Navy,1967,5,4,1,,,,history
Navy,1968,2,8,0,,,,history
Navy,1969,1,9,0,,,,history
Navy,1970,2,9,0,,,,history
Navy,1971,3,8,0,,,,history
Navy,1972,4,7,0,,,,history
Navy,1973,4,7,0,,,,history
Navy,1974,4,7,0,,,,history
Navy,1975,7,4,0,,,,history
Navy,1976,4,7,0,,,,history
Navy,1977,5,6,0,,,,history
Navy,1978,9,3,0,,,,history
Navy,1979,7,4,0,,,,history
Navy,1980,8,4,0,,,,history
Navy,1981,7,4,1,,,,history
Navy,1982,6,5,0,,,,history
Navy,1983,3,8,0,,,,history
Navy,1984,4,6,1,,,,history
Navy,1985,4,7,0,,,,history
Navy,1986,3,8,0,,,,history
Navy,1987,2,9,0,,,,history
Navy,1988,3,8,0,,,,history
Navy,1989,3,8,0,,,,history
Navy,1990,5,6,0,,,,history
Navy,1991,1,10,0,,,,history
Navy,1992,1,10,0,,,,history
Navy,1993,4,7,0,,,,history
Navy,1994,3,8,0,,,,history
Navy,1995,5,6,0,,,,history
Navy,1996,9,3,0,,,,history
Navy,1997,7,4,0,,,,history
Navy,1998,3,8,0,,,,history
Navy,1999,5,7,0,,,,history
Navy,2000,1,10,0,,,,history
Navy,2001,0,10,0,,,,history
Navy,2002,2,10,0,,,,history
Navy,2003,8,5,0,,,,history
Navy,2004,10,2,0,,,,history
Navy,2005,8,4,0,,,,history
Navy,2006,9,4,0,,,,history
Navy,2007,8,5,0,,,,history
Navy,2008,8,5,0,,,,history
Navy,2009,10,4,0,,,,history
Navy,2010,9,4,0,,,,history
Navy,2011,5,7,0,,,,history
Navy,2012,8,5,0,,,,history
Navy,2013,9,4,0,,,,history
Navy,2014,8,5,0,,,,history
Navy,2015,11,2,0,,,,history
Navy,2016,9,5,0,,,,history
Navy,2017,7,6,0,,,,history
Navy,2018,3,10,0,,,,history
Navy,2019,11,2,0,,,,history
Navy,2020,3,7,0,,,,history
Navy,2021,4,8,0,,,,history
Navy,2022,4,8,0,,,,history
Navy,2023,5,7,0,,,,history
Navy,2024,10,3,0,,,,history
Navy,2025,11,2,0,,,,history
Nebraska,1935,264,87,26,,,,ncaa
Nebraska,1936,7,2,0,,,,history
Nebraska,1937,6,1,2,,,,history
Nebraska,1938,3,5,1,,,,history
Nebraska,1939,7,1,1,,,,history
Nebraska,1940,8,2,0,,,,history
Nebraska,1941,4,5,0,,,,history
Nebraska,1942,3,7,0,,,,history
Nebraska,1943,2,6,0,,,,history
Nebraska,1944,2,6,0,,,,history
Nebraska,1945,4,5,0,,,,history
Nebraska,1946,3,6,0,,,,history
Nebraska,1947,2,7,0,,,,history
Nebraska,1948,2,8,0,,,,history
Nebraska,1949,4,5,0,,,,history
Nebraska,1950,6,2,1,,,,history
Nebraska,1951,1,8,1,,,,history
Nebraska,1952,5,4,1,,,,history
Nebraska,1953,3,6,1,,,,history
Nebraska,1954,6,5,0,,,,history
Nebraska,1955,5,5,0,,,,history
Nebraska,1956,4,6,0,,,,history
Nebraska,1957,1,9,0,,,,history
Nebraska,1958,3,7,0,,,,history
Nebraska,1959,4,6,0,,,,history
Nebraska,1960,4,6,0,,,,history
Nebraska,1961,3,6,1,,,,history
Nebraska,1962,9,2,0,,,,history
Nebraska,1963,10,1,0,,,,history
Nebraska,1964,9,2,0,,,,history
Nebraska,1965,10,1,0,,,,history
Nebraska,1966,9,2,0,,,,history
Nebraska,1967,6,4,0,,,,history
Nebraska,1968,6,4,0,,,,history
Nebraska,1969,9,2,0,,,,history
Nebraska,1970,11,0,1,,,,history
Nebraska,1971,13,0,0,,,,history
Nebraska,1972,9,2,1,,,,history
Nebraska,1973,9,2,1,,,,history
Nebraska,1974,9,3,0,,,,history
Nebraska,1975,10,2,0,,,,history
Nebraska,1976,9,3,1,,,,history
Nebraska,1977,9,3,0,,,,history
Nebraska,1978,9,3,0,,,,history
Nebraska,1979,10,2,0,,,,history
Nebraska,1980,10,2,0,,,,history
Nebraska,1981,9,3,0,,,,history
Nebraska,1982,12,1,0,,,,history
Nebraska,1983,12,1,0,,,,history
Nebraska,1984,10,2,0,,,,history
Nebraska,1985,9,3,0,,,,history
Nebraska,1986,10,2,0,,,,history
Nebraska,1987,10,2,0,,,,history
Nebraska,1988,11,2,0,,,,history
Nebraska,1989,10,2,0,,,,history
Nebraska,1990,9,3,0,,,,history
Nebraska,1991,9,2,1,,,,history
Nebraska,1992,9,3,0,,,,history
Nebraska,1993,11,1,0,,,,history
Nebraska,1994,13,0,0,,,,history
Nebraska,1995,12,0,0,,,,history
Nebraska,1996,11,2,0,,,,history
Nebraska,1997,13,0,0,,,,history
Nebraska,1998,9,4,0,,,,history
Nebraska,1999,12,1,0,,,,history
Nebraska,2000,10,2,0,,,,history
Nebraska,2001,11,2,0,,,,history
Nebraska,2002,7,7,0,,,,history
Nebraska,2003,10,3,0,,,,history
Nebraska,2004,5,6,0,,,,history
Nebraska,2005,8,4,0,,,,history
Nebraska,2006,9,5,0,,,,history
Nebraska,2007,5,7,0,,,,history
Nebraska,2008,9,4,0,,,,history
Nebraska,2009,10,4,0,,,,history
Nebraska,2010,10,4,0,,,,history
Nebraska,2011,9,4,0,,,,history
Nebraska,2012,10,4,0,,,,history
Nebraska,2013,9,4,0,,,,history
Nebraska,2014,9,4,0,,,,history
Nebraska,2015,6,7,0,,,,history
Nebraska,2016,9,4,0,,,,history
Nebraska,2017,4,8,0,,,,history
Nebraska,2018,4,8,0,,,,history
Nebraska,2019,5,7,0,,,,history
Nebraska,2020,3,5,0,,,,history
Nebraska,2021,3,9,0,,,,history
Nebraska,2022,4,8,0,,,,history
Nebraska,2023,5,7,0,,,,history
Nebraska,2024,7,6,0,,,,history
Nebraska,2025,7,6,0,,,,history
Nevada,1915,0,1,0,,,,history
Nevada,1916,1,0,0,,,,history
Nevada,1920,2,1,0,,,,history
Nevada,1921,2,1,1,,,,history
Nevada,1922,0,3,0,,,,history
Nevada,1923,0,2,1,,,,history
Nevada,1924,0,3,0,,,,history
Nevada,1925,0,1,0,,,,history
Nevada,1926,0,2,0,,,,history
Nevada,1927,0,2,0,,,,history
Nevada,1928,0,2,0,,,,history
Nevada,1929,0,3,0,,,,history
Nevada,1930,0,2,1,,,,history
Nevada,1931,0,3,0,,,,history
Nevada,1932,0,2,1,,,,history
Nevada,1933,1,3,0,,,,history
Nevada,1934,1,2,0,,,,history
Nevada,1935,0,3,0,,,,history
Nevada,1936,1,0,0,,,,history
Nevada,1937,1,1,0,,,,history
Nevada,1938,0,0,1,,,,history
Nevada,1939,0,2,0,,,,history
Nevada,1940,0,1,1,,,,history
Nevada,1941,0,4,0,,,,history
Nevada,1942,0,2,1,,,,history
Nevada,1943,1,1,0,,,,history
Nevada,1944,1,2,0,,,,history
Nevada,1945,1,3,0,,,,history
Nevada,1946,7,2,0,,,,history
Nevada,1947,9,2,0,,,,history
Nevada,1948,9,2,0,,,,history
Nevada,1949,5,5,0,,,,history
Nevada,1950,1,9,0,,,,history
Nevada,1951,0,0,0,,,,history
Nevada,1952,0,0,0,,,,history
Nevada,1953,0,0,0,,,,history
Nevada,1954,0,0,0,,,,history
Nevada,1955,0,0,0,,,,history
Nevada,1956,0,0,0,,,,history
Nevada,1957,0,0,0,,,,history
Nevada,1958,0,0,0,,,,history
Nevada,1959,0,0,0,,,,history
Nevada,1960,0,0,0,,,,history
Nevada,1961,0,0,0,,,,history
Nevada,1962,0,0,0,,,,history
Nevada,1963,0,0,0,,,,history
Nevada,1964,0,0,0,,,,history
Nevada,1965,0,0,0,,,,history
Nevada,1966,0,0,0,,,,history
Nevada,1967,0,0,0,,,,history
Nevada,1968,0,0,0,,,,history
Nevada,1969,0,1,0,,,,history
Nevada,1970,0,0,0,,,,history
Nevada,1971,0,0,0,,,,history
Nevada,1972,0,0,0,,,,history
Nevada,1973,0,0,0,,,,history
Nevada,1974,0,1,0,,,,history
Nevada,1975,0,0,0,,,,history
Nevada,1976,0,0,0,,,,history
Nevada,1977,0,0,0,,,,history
Nevada,1978,2,0,0,,,,history
Nevada,1979,0,1,0,,,,history
Nevada,1980,0,1,0,,,,history
Nevada,1981,1,0,0,,,,history
Nevada,1982,2,0,0,,,,history
Nevada,1983,1,4,0,,,,history
Nevada,1984,0,2,0,,,,history
Nevada,1985,2,0,0,,,,history
Nevada,1986,1,0,0,,,,history
Nevada,1987,0,1,0,,,,history
Nevada,1988,0,0,0,,,,history
Nevada,1989,1,0,0,,,,history
Nevada,1990,1,0,0,,,,history
Nevada,1991,1,0,0,,,,history
Nevada,1992,7,5,0,,,,history
Nevada,1993,7,4,0,,,,history
Nevada,1994,9,2,0,,,,history
Nevada,1995,9,3,0,,,,history
Nevada,1996,9,3,0,,,,history
Nevada,1997,5,6,0,,,,history
Nevada,1998,6,5,0,,,,history
Nevada,1999,3,8,0,,,,history
Nevada,2000,2,10,0,,,,history
Nevada,2001,3,8,0,,,,history
Nevada,2002,5,7,0,,,,history
Nevada,2003,6,6,0,,,,history
Nevada,2004,5,7,0,,,,history
Nevada,2005,9,3,0,,,,history
Nevada,2006,8,5,0,,,,history
Nevada,2007,6,7,0,,,,history
Nevada,2008,7,6,0,,,,history
Nevada,2009,8,5,0,,,,history
Nevada,2010,13,1,0,,,,history
Nevada,2011,7,6,0,,,,history
Nevada,2012,7,6,0,,,,history
Nevada,2013,4,8,0,,,,history
Nevada,2014,7,6,0,,,,history
Nevada,2015,7,6,0,,,,history
Nevada,2016,5,7,0,,,,history
Nevada,2017,3,9,0,,,,history
Nevada,2018,8,5,0,,,,history
Nevada,2019,7,6,0,,,,history
Nevada,2020,7,2,0,,,,history
Nevada,2021,8,5,0,,,,history
Nevada,2022,2,10,0,,,,history
Nevada,2023,2,10,0,,,,history
Nevada,2024,3,10,0,,,,history
Nevada,2025,3,9,0,,,,history
New Mexico,1909,0,1,0,,,,history
New Mexico,1916,0,2,0,,,,history
New Mexico,1919,0,0,1,,,,history
New Mexico,1920,0,1,0,,,,history
New Mexico,1921,0,1,0,,,,history
New Mexico,1922,0,2,0,,,,history
New Mexico,1923,0,2,0,,,,history
New Mexico,1924,1,0,0,,,,history
New Mexico,1925,0,1,1,,,,history
New Mexico,1926,1,1,0,,,,history
New Mexico,1927,1,0,0,,,,history
New Mexico,1928,1,0,0,,,,history
New Mexico,1930,0,2,0,,,,history
New Mexico,1931,3,3,1,,,,history
New Mexico,1932,1,6,1,,,,history
New Mexico,1933,3,4,1,,,,history
New Mexico,1934,8,1,0,,,,history
New Mexico,1935,6,4,0,,,,history
New Mexico,1936,2,7,0,,,,history
New Mexico,1937,4,4,1,,,,history
New Mexico,1938,8,3,0,,,,history
New Mexico,1939,8,2,0,,,,history
New Mexico,1940,5,4,0,,,,history
New Mexico,1941,5,4,1,,,,history
New Mexico,1942,4,5,2,,,,history
New Mexico,1943,1,2,0,,,,history
New Mexico,1944,1,7,0,,,,history
New Mexico,1945,6,1,1,,,,history
New Mexico,1946,5,5,2,,,,history
New Mexico,1947,4,5,1,,,,history
New Mexico,1948,2,9,0,,,,history
New Mexico,1949,2,8,0,,,,history
New Mexico,1950,2,8,0,,,,history
New Mexico,1951,4,7,0,,,,history
New Mexico,1952,7,2,0,,,,history
New Mexico,1953,5,3,1,,,,history
New Mexico,1954,5,5,0,,,,history
New Mexico,1955,2,8,0,,,,history
New Mexico,1956,4,6,0,,,,history
New Mexico,1957,4,6,0,,,,history
New Mexico,1958,7,3,0,,,,history
New Mexico,1959,7,3,0,,,,history
New Mexico,1960,5,5,0,,,,history
New Mexico,1961,7,4,0,,,,history
New Mexico,1962,7,2,1,,,,history
New Mexico,1963,6,4,0,,,,history
New Mexico,1964,9,2,0,,,,history
New Mexico,1965,3,7,0,,,,history
New Mexico,1966,2,8,0,,,,history
New Mexico,1967,1,9,0,,,,history
New Mexico,1968,0,10,0,,,,history
New Mexico,1969,4,6,0,,,,history
New Mexico,1970,7,3,0,,,,history
New Mexico,1971,6,3,2,,,,history
New Mexico,1972,3,8,0,,,,history
New Mexico,1973,4,7,0,,,,history
New Mexico,1974,4,6,1,,,,history
New Mexico,1975,6,5,0,,,,history
New Mexico,1976,4,7,0,,,,history
New Mexico,1977,5,7,0,,,,history
New Mexico,1978,7,5,0,,,,history
New Mexico,1979,6,6,0,,,,history
New Mexico,1980,4,7,0,,,,history
New Mexico,1981,4,7,1,,,,history
New Mexico,1982,10,1,0,,,,history
New Mexico,1983,6,6,0,,,,history
New Mexico,1984,4,8,0,,,,history
New Mexico,1985,3,8,0,,,,history
New Mexico,1986,4,8,0,,,,history
New Mexico,1987,0,11,0,,,,history
New Mexico,1988,2,10,0,,,,history
New Mexico,1989,2,10,0,,,,history
New Mexico,1990,2,10,0,,,,history
New Mexico,1991,3,9,0,,,,history
New Mexico,1992,3,8,0,,,,history
New Mexico,1993,6,5,0,,,,history
New Mexico,1994,5,7,0,,,,history
New Mexico,1995,4,7,0,,,,history
New Mexico,1996,6,5,0,,,,history
New Mexico,1997,9,4,0,,,,history
New Mexico,1998,3,9,0,,,,history
New Mexico,1999,4,7,0,,,,history
New Mexico,2000,5,7,0,,,,history
New Mexico,2001,6,5,0,,,,history
New Mexico,2002,7,7,0,,,,history
New Mexico,2003,8,5,0,,,,history
New Mexico,2004,7,5,0,,,,history
New Mexico,2005,6,5,0,,,,history
New Mexico,2006,6,7,0,,,,history
New Mexico,2007,9,4,0,,,,history
New Mexico,2008,4,8,0,,,,history
New Mexico,2009,1,11,0,,,,history
New Mexico,2010,1,11,0,,,,history
New Mexico,2011,1,11,0,,,,history
New Mexico,2012,4,9,0,,,,history
New Mexico,2013,3,9,0,,,,history
New Mexico,2014,4,8,0,,,,history
New Mexico,2015,7,6,0,,,,history
New Mexico,2016,9,4,0,,,,history
New Mexico,2017,3,9,0,,,,history
New Mexico,2018,3,9,0,,,,history
New Mexico,2019,2,10,0,,,,history
New Mexico,2020,2,5,0,,,,history
New Mexico,2021,3,9,0,,,,history
New Mexico,2022,2,10,0,,,,history
New Mexico,2023,4,8,0,,,,history
New Mexico,2024,5,7,0,,,,history
New Mexico,2025,9,4,0,,,,history
New Mexico State,1931,6,4,0,,,,history
New Mexico State,1932,4,5,1,,,,history
New Mexico State,1933,2,6,0,,,,history
New Mexico State,1934,4,1,3,,,,history
New Mexico State,1935,7,1,2,,,,history
New Mexico State,1936,6,4,1,,,,history
New Mexico State,1937,7,2,0,,,,history
New Mexico State,1938,7,2,0,,,,history
New Mexico State,1939,3,6,0,,,,history
New Mexico State,1940,3,6,0,,,,history
New Mexico State,1941,2,7,0,,,,history
New Mexico State,1942,1,8,0,,,,history
New Mexico State,1943,0,0,0,,,,history
New Mexico State,1946,5,5,0,,,,history
New Mexico State,1947,3,6,0,,,,history
New Mexico State,1948,3,7,0,,,,history
New Mexico State,1949,4,6,0,,,,history
New Mexico State,1950,2,7,0,,,,history
New Mexico State,1951,1,9,0,,,,history
New Mexico State,1952,2,6,1,,,,history
New Mexico State,1953,2,7,0,,,,history
New Mexico State,1954,0,9,0,,,,history
New Mexico State,1955,3,7,0,,,,history
New Mexico State,1956,1,9,0,,,,history
New Mexico State,1957,3,7,0,,,,history
New Mexico State,1958,4,6,0,,,,history
New Mexico State,1959,8,3,0,,,,history
New Mexico State,1960,11,0,0,,,,history
New Mexico State,1961,5,4,1,,,,history
New Mexico State,1962,4,6,0,,,,history
New Mexico State,1963,3,6,1,,,,history
New Mexico State,1964,6,4,0,,,,history
New Mexico State,1965,8,2,0,,,,history
New Mexico State,1966,7,3,0,,,,history
New Mexico State,1967,7,2,1,,,,history
New Mexico State,1968,5,5,0,,,,history
New Mexico State,1969,5,5,0,,,,history
New Mexico State,1970,4,6,0,,,,history
New Mexico State,1971,5,5,1,,,,history
New Mexico State,1972,2,9,0,,,,history
New Mexico State,1973,5,6,0,,,,history
New Mexico State,1974,5,6,0,,,,history
New Mexico State,1975,5,6,0,,,,history
New Mexico State,1976,4,6,1,,,,history
New Mexico State,1977,4,7,0,,,,history
New Mexico State,1978,6,5,0,,,,history
New Mexico State,1979,2,9,0,,,,history
New Mexico State,1980,3,7,1,,,,history
New Mexico State,1981,3,8,0,,,,history
New Mexico State,1982,3,8,0,,,,history
New Mexico State,1983,5,6,0,,,,history
New Mexico State,1984,2,9,0,,,,history
New Mexico State,1985,1,10,0,,,,history
New Mexico State,1986,1,10,0,,,,history
New Mexico State,1987,2,9,0,,,,history
New Mexico State,1988,1,10,0,,,,history
New Mexico State,1989,0,11,0,,,,history
New Mexico State,1990,1,10,0,,,,history
New Mexico State,1991,2,9,0,,,,history
New Mexico State,1992,6,5,0,,,,history
New Mexico State,1993,5,6,0,,,,history
New Mexico State,1994,3,8,0,,,,history
New Mexico State,1995,4,7,0,,,,history
New Mexico State,1996,1,10,0,,,,history
New Mexico State,1997,2,9,0,,,,history
New Mexico State,1998,3,8,0,,,,history
New Mexico State,1999,6,5,0,,,,history
New Mexico State,2000,3,8,0,,,,history
New Mexico State,2001,5,7,0,,,,history
New Mexico State,2002,7,5,0,,,,history
New Mexico State,2003,3,9,0,,,,history
New Mexico State,2004,5,6,0,,,,history
New Mexico State,2005,0,12,0,,,,history
New Mexico State,2006,4,8,0,,,,history
New Mexico State,2007,4,9,0,,,,history
New Mexico State,2008,3,9,0,,,,history
New Mexico State,2009,3,10,0,,,,history
New Mexico State,2010,2,10,0,,,,history
New Mexico State,2011,4,9,0,,,,history
New Mexico State,2012,1,11,0,,,,history
New Mexico State,2013,2,10,0,,,,history
New Mexico State,2014,2,10,0,,,,history
New Mexico State,2015,3,9,0,,,,history
New Mexico State,2016,3,9,0,,,,history
New Mexico State,2017,7,6,0,,,,history
New Mexico State,2018,3,9,0,,,,history
New Mexico State,2019,2,10,0,,,,history
New Mexico State,2020,1,1,0,,,,history
New Mexico State,2021,2,10,0,,,,history
New Mexico State,2022,7,6,0,,,,history
New Mexico State,2023,10,5,0,,,,history
New Mexico State,2024,3,9,0,,,,history
New Mexico State,2025,4,8,0,,,,history
North Carolina,1893,0,1,0,,,,history
North Carolina,1894,0,1,0,,,,history
North Carolina,1899,0,2,0,,,,history
North Carolina,1902,5,1,3,,,,history
North Carolina,1903,6,3,0,,,,history
North Carolina,1904,5,2,2,,,,history
North Carolina,1905,4,3,1,,,,history
North Carolina,1906,1,4,2,,,,history
North Carolina,1907,4,4,1,,,,history
North Carolina,1908,3,3,3,,,,history
North Carolina,1909,5,2,0,,,,history
North Carolina,1910,3,6,0,,,,history
North Carolina,1911,6,1,1,,,,history
North Carolina,1912,3,4,1,,,,history
North Carolina,1913,5,4,0,,,,history
North Carolina,1914,10,1,0,,,,history
North Carolina,1915,4,3,1,,,,history
North Carolina,1916,5,4,0,,,,history
North Carolina,1918,0,2,0,,,,history
North Carolina,1919,4,3,1,,,,history
North Carolina,1920,2,6,0,,,,history
North Carolina,1921,5,2,2,,,,history
North Carolina,1922,9,1,0,,,,history
North Carolina,1923,5,3,1,,,,history
North Carolina,1924,4,5,0,,,,history
North Carolina,1925,7,1,1,,,,history
North Carolina,1926,4,5,0,,,,history
North Carolina,1927,4,6,0,,,,history
North Carolina,1928,5,3,2,,,,history
North Carolina,1929,9,1,0,,,,history
North Carolina,1930,5,3,2,,,,history
North Carolina,1931,4,3,3,,,,history
North Carolina,1932,3,5,2,,,,history
North Carolina,1933,4,5,0,,,,history
North Carolina,1934,7,1,1,,,,history
North Carolina,1935,8,1,0,,,,history
North Carolina,1936,8,2,0,,,,history
North Carolina,1937,7,1,1,,,,history
North Carolina,1938,6,2,1,,,,history
North Carolina,1939,8,1,1,,,,history
North Carolina,1940,6,4,0,,,,history
North Carolina,1941,3,7,0,,,,history
North Carolina,1942,5,2,2,,,,history
North Carolina,1943,6,3,0,,,,history
North Carolina,1944,1,7,1,,,,history
North Carolina,1945,5,5,0,,,,history
North Carolina,1946,8,2,1,,,,history
North Carolina,1947,8,2,0,,,,history
North Carolina,1948,9,1,1,,,,history
North Carolina,1949,7,4,0,,,,history
North Carolina,1950,3,5,2,,,,history
North Carolina,1951,2,8,0,,,,history
North Carolina,1952,2,6,0,,,,history
North Carolina,1953,4,6,0,,,,history
North Carolina,1954,4,5,1,,,,history
North Carolina,1955,3,7,0,,,,history
North Carolina,1956,2,7,1,,,,history
North Carolina,1957,6,4,0,,,,history
North Carolina,1958,6,4,0,,,,history
North Carolina,1959,5,5,0,,,,history
North Carolina,1960,3,7,0,,,,history
North Carolina,1961,5,5,0,,,,history
North Carolina,1962,3,7,0,,,,history
North Carolina,1963,9,2,0,,,,history
North Carolina,1964,5,5,0,,,,history
North Carolina,1965,4,6,0,,,,history
North Carolina,1966,2,8,0,,,,history
North Carolina,1967,2,8,0,,,,history
North Carolina,1968,3,7,0,,,,history
North Carolina,1969,5,5,0,,,,history
North Carolina,1970,8,4,0,,,,history
North Carolina,1971,9,3,0,,,,history
North Carolina,1972,11,1,0,,,,history
North Carolina,1973,4,7,0,,,,history
North Carolina,1974,7,5,0,,,,history
North Carolina,1975,3,7,1,,,,history
North Carolina,1976,9,3,0,,,,history
North Carolina,1977,8,3,1,,,,history
North Carolina,1978,5,6,0,,,,history
North Carolina,1979,8,3,1,,,,history
North Carolina,1980,11,1,0,,,,history
North Carolina,1981,10,2,0,,,,history
North Carolina,1982,8,4,0,,,,history
North Carolina,1983,8,4,0,,,,history
North Carolina,1984,5,5,1,,,,history
North Carolina,1985,5,6,0,,,,history
North Carolina,1986,7,4,1,,,,history
North Carolina,1987,5,6,0,,,,history
North Carolina,1988,1,10,0,,,,history
North Carolina,1989,1,10,0,,,,history
North Carolina,1990,6,4,1,,,,history
North Carolina,1991,7,4,0,,,,history
North Carolina,1992,9,3,0,,,,history
North Carolina,1993,10,3,0,,,,history
North Carolina,1994,8,4,0,,,,history
North Carolina,1995,7,5,0,,,,history
North Carolina,1996,10,2,0,,,,history
North Carolina,1997,11,1,0,,,,history
North Carolina,1998,7,5,0,,,,history
North Carolina,1999,3,8,0,,,,history
North Carolina,2000,6,5,0,,,,history
North Carolina,2001,8,5,0,,,,history
North Carolina,2002,3,9,0,,,,history
North Carolina,2003,2,10,0,,,,history
North Carolina,2004,6,6,0,,,,history
North Carolina,2005,5,6,0,,,,history
North Carolina,2006,3,9,0,,,,history
North Carolina,2007,4,8,0,,,,history
North Carolina,2008,8,5,0,8,0,Davis,history
North Carolina,2009,8,5,0,8,0,Davis,history
North Carolina,2010,8,5,0,,,,history
North Carolina,2011,7,6,0,,,,history
North Carolina,2012,8,4,0,,,,history
North Carolina,2013,7,6,0,,,,history
North Carolina,2014,6,7,0,,,,history
North Carolina,2015,11,3,0,,,,history
North Carolina,2016,8,5,0,,,,history
North Carolina,2017,3,9,0,,,,history
North Carolina,2018,2,9,0,,,,history
North Carolina,2019,7,6,0,,,,history
North Carolina,2020,8,4,0,,,,history
North Carolina,2021,6,7,0,,,,history
North Carolina,2022,9,5,0,,,,history
North Carolina,2023,8,5,0,,,,history
North Carolina,2024,6,7,0,,,,history
North Carolina,2025,4,8,0,,,,history
North Carolina State,1902,3,4,2,,,,history
North Carolina State,1903,1,2,0,,,,history
North Carolina State,1904,3,1,2,,,,history
North Carolina State,1905,0,1,1,,,,history
North Carolina State,1906,0,1,1,,,,history
North Carolina State,1907,2,0,0,,,,history
North Carolina State,1908,6,1,0,,,,history
North Carolina State,1909,6,1,0,,,,history
North Carolina State,1910,4,0,2,,,,history
North Carolina State,1911,5,3,0,,,,history
North Carolina State,1912,4,3,0,,,,history
North Carolina State,1913,6,1,0,,,,history
North Carolina State,1914,2,3,1,,,,history
North Carolina State,1915,3,3,1,,,,history
North Carolina State,1916,2,5,0,,,,history
North Carolina State,1917,6,2,1,,,,history
North Carolina State,1918,1,3,0,,,,history
North Carolina State,1919,7,2,0,,,,history
North Carolina State,1920,7,3,0,,,,history
North Carolina State,1921,3,3,3,,,,history
North Carolina State,1922,4,6,0,,,,history
North Carolina State,1923,3,7,0,,,,history
North Carolina State,1924,2,6,2,,,,history
North Carolina State,1925,3,5,1,,,,history
North Carolina State,1926,4,6,0,,,,history
North Carolina State,1927,9,1,0,,,,history
North Carolina State,1928,4,5,1,,,,history
North Carolina State,1929,1,8,0,,,,history
North Carolina State,1930,2,8,0,,,,history
North Carolina State,1931,3,6,0,,,,history
North Carolina State,1932,6,1,2,,,,history
North Carolina State,1933,1,5,3,,,,history
North Carolina State,1934,2,6,1,,,,history
North Carolina State,1935,6,4,0,,,,history
North Carolina State,1936,3,7,0,,,,history
North Carolina State,1937,5,3,1,,,,history
North Carolina State,1938,3,7,1,,,,history
North Carolina State,1939,2,8,0,,,,history
North Carolina State,1940,3,6,0,,,,history
North Carolina State,1941,4,5,2,,,,history
North Carolina State,1942,4,4,2,,,,history
North Carolina State,1943,3,6,0,,,,history
North Carolina State,1944,7,2,0,,,,history
North Carolina State,1945,3,6,0,,,,history
North Carolina State,1946,8,3,0,,,,history
North Carolina State,1947,5,3,1,,,,history
North Carolina State,1948,3,6,1,,,,history
North Carolina State,1949,3,7,0,,,,history
North Carolina State,1950,5,4,1,,,,history
North Carolina State,1951,3,7,0,,,,history
North Carolina State,1952,3,7,0,,,,history
North Carolina State,1953,1,9,0,,,,history
North Carolina State,1954,2,8,0,,,,history
North Carolina State,1955,4,5,1,,,,history
North Carolina State,1956,3,7,0,,,,history
North Carolina State,1957,7,1,2,,,,history
North Carolina State,1958,2,7,1,,,,history
North Carolina State,1959,1,9,0,,,,history
North Carolina State,1960,6,3,1,,,,history
North Carolina State,1961,4,6,0,,,,history
North Carolina State,1962,3,6,1,,,,history
North Carolina State,1963,8,3,0,,,,history
North Carolina State,1964,5,5,0,,,,history
North Carolina State,1965,6,4,0,,,,history
North Carolina State,1966,5,5,0,,,,history
North Carolina State,1967,9,2,0,,,,history
North Carolina State,1968,6,4,0,,,,history
North Carolina State,1969,3,6,1,,,,history
North Carolina State,1970,3,7,1,,,,history
North Carolina State,1971,3,8,0,,,,history
North Carolina State,1972,8,3,1,,,,history
North Carolina State,1973,9,3,0,,,,history
North Carolina State,1974,9,2,1,,,,history
North Carolina State,1975,7,4,1,,,,history
North Carolina State,1976,3,7,1,,,,history
North Carolina State,1977,8,4,0,,,,history
North Carolina State,1978,9,3,0,,,,history
North Carolina State,1979,7,4,0,,,,history
North Carolina State,1980,6,5,0,,,,history
North Carolina State,1981,4,7,0,,,,history
North Carolina State,1982,6,5,0,,,,history
North Carolina State,1983,3,8,0,,,,history
North Carolina State,1984,3,8,0,,,,history
North Carolina State,1985,3,8,0,,,,history
North Carolina State,1986,8,3,1,,,,history
North Carolina State,1987,4,7,0,,,,history
North Carolina State,1988,8,3,1,,,,history
North Carolina State,1989,7,5,0,,,,history
North Carolina State,1990,7,5,0,,,,history
North Carolina State,1991,9,3,0,,,,history
North Carolina State,1992,9,3,1,,,,history
North Carolina State,1993,7,5,0,,,,history
North Carolina State,1994,9,3,0,,,,history
North Carolina State,1995,3,8,0,,,,history
North Carolina State,1996,3,8,0,,,,history
North Carolina State,1997,6,5,0,,,,history
North Carolina State,1998,7,5,0,,,,history
North Carolina State,1999,6,6,0,,,,history
North Carolina State,2000,8,4,0,,,,history
North Carolina State,2001,7,5,0,,,,history
North Carolina State,2002,11,3,0,,,,history
North Carolina State,2003,8,5,0,,,,history
North Carolina State,2004,5,6,0,,,,history
North Carolina State,2005,7,5,0,,,,history
North Carolina State,2006,3,9,0,,,,history
North Carolina State,2007,5,7,0,,,,history
North Carolina State,2008,6,7,0,,,,history
North Carolina State,2009,5,7,0,,,,history
North Carolina State,2010,9,4,0,,,,history
North Carolina State,2011,8,5,0,,,,history
North Carolina State,2012,7,6,0,,,,history
North Carolina State,2013,3,9,0,,,,history
North Carolina State,2014,8,5,0,,,,history
North Carolina State,2015,7,6,0,,,,history
North Carolina State,2016,7,6,0,,,,history
North Carolina State,2017,9,4,0,,,,history
North Carolina State,2018,9,4,0,,,,history
North Carolina State,2019,4,8,0,,,,history
North Carolina State,2020,8,4,0,,,,history
North Carolina State,2021,9,3,0,,,,history
North Carolina State,2022,8,5,0,,,,history
North Carolina State,2023,9,4,0,,,,history
North Carolina State,2024,6,7,0,,,,history
North Carolina State,2025,8,5,0,,,,history
North Texas,1914,0,1,0,,,,history
North Texas,1918,0,1,0,,,,history
North Texas,1919,0,1,0,,,,history
North Texas,1922,0,2,0,,,,history
North Texas,1923,0,2,0,,,,history
North Texas,1924,0,2,0,,,,history
North Texas,1925,0,2,0,,,,history
North Texas,1926,0,1,0,,,,history
North Texas,1927,0,1,0,,,,history
North Texas,1928,0,3,0,,,,history
North Texas,1929,0,3,0,,,,history
North Texas,1930,0,2,0,,,,history
North Texas,1931,0,2,0,,,,history
North Texas,1932,0,1,1,,,,history
North Texas,1933,1,1,0,,,,history
North Texas,1934,0,2,0,,,,history
North Texas,1935,0,2,0,,,,history
North Texas,1936,0,1,0,,,,history
North Texas,1937,0,1,0,,,,history
North Texas,1938,0,1,0,,,,history
North Texas,1939,0,1,0,,,,history
North Texas,1940,0,2,0,,,,history
North Texas,1941,1,1,0,,,,history
North Texas,1942,0,2,0,,,,history
North Texas,1946,0,1,0,,,,history
North Texas,1947,2,2,0,,,,history
North Texas,1948,1,1,0,,,,history
North Texas,1949,1,3,0,,,,history
North Texas,1950,2,2,0,,,,history
North Texas,1951,2,2,0,,,,history
North Texas,1952,2,2,0,,,,history
North Texas,1953,3,6,1,,,,history
North Texas,1954,4,6,0,,,,history
North Texas,1955,5,4,1,,,,history
North Texas,1956,7,2,1,,,,history
North Texas,1957,5,5,0,,,,history
North Texas,1958,7,2,1,,,,history
North Texas,1959,9,2,0,,,,history
North Texas,1960,2,6,1,,,,history
North Texas,1961,5,4,1,,,,history
North Texas,1962,6,4,0,,,,history
North Texas,1963,3,6,0,,,,history
North Texas,1964,2,7,1,,,,history
North Texas,1965,3,7,0,,,,history
North Texas,1966,8,2,0,,,,history
North Texas,1967,7,1,1,,,,history
North Texas,1968,8,2,0,,,,history
North Texas,1969,7,3,0,,,,history
North Texas,1970,3,8,0,,,,history
North Texas,1971,3,8,0,,,,history
North Texas,1972,1,10,0,,,,history
North Texas,1973,5,5,1,,,,history
North Texas,1974,2,7,2,,,,history
North Texas,1975,7,4,0,,,,history
North Texas,1976,6,5,0,,,,history
North Texas,1977,9,2,0,,,,history
North Texas,1978,9,2,0,,,,history
North Texas,1979,5,6,0,,,,history
North Texas,1980,6,5,0,,,,history
North Texas,1981,2,9,0,,,,history
North Texas,1982,2,9,0,,,,history
North Texas,1983,3,2,0,,,,history
North Texas,1984,0,3,0,,,,history
North Texas,1985,1,3,0,,,,history
North Texas,1986,1,2,0,,,,history
North Texas,1987,0,2,0,,,,history
North Texas,1988,2,1,0,,,,history
North Texas,1989,0,2,0,,,,history
North Texas,1990,2,1,0,,,,history
North Texas,1991,0,1,0,,,,history
North Texas,1992,0,2,0,,,,history
North Texas,1993,0,1,0,,,,history
North Texas,1994,0,2,0,,,,history
North Texas,1995,2,9,0,,,,history
North Texas,1996,5,6,0,,,,history
North Texas,1997,4,7,0,,,,history
North Texas,1998,3,8,0,,,,history
North Texas,1999,2,9,0,,,,history
North Texas,2000,3,8,0,,,,history
North Texas,2001,5,7,0,,,,history
North Texas,2002,8,5,0,,,,history
North Texas,2003,9,4,0,,,,history
North Texas,2004,7,5,0,,,,history
North Texas,2005,2,9,0,,,,history
North Texas,2006,3,9,0,,,,history
North Texas,2007,2,10,0,,,,history
North Texas,2008,1,11,0,,,,history
North Texas,2009,2,10,0,,,,history
North Texas,2010,3,9,0,,,,history
North Texas,2011,5,7,0,,,,history
North Texas,2012,4,8,0,,,,history
North Texas,2013,9,4,0,,,,history
North Texas,2014,4,8,0,,,,history
North Texas,2015,1,11,0,,,,history
North Texas,2016,5,8,0,,,,history
North Texas,2017,9,5,0,,,,history
North Texas,2018,9,4,0,,,,history
North Texas,2019,4,8,0,,,,history
North Texas,2020,4,6,0,,,,history
North Texas,2021,6,7,0,,,,history
North Texas,2022,7,7,0,,,,history
North Texas,2023,5,7,0,,,,history
North Texas,2024,6,7,0,,,,history
North Texas,2025,12,2,0,,,,history
Northern Illinois,1936,0,0,0,,,,history
Northern Illinois,1937,0,0,0,,,,history
Northern Illinois,1938,0,0,0,,,,history
Northern Illinois,1939,0,0,0,,,,history
Northern Illinois,1940,0,0,0,,,,history
Northern Illinois,1941,0,0,0,,,,history
Northern Illinois,1942,0,0,0,,,,history
Northern Illinois,1943,0,0,0,,,,history
Northern Illinois,1944,0,0,0,,,,history
Northern Illinois,1945,0,0,0,,,,history
Northern Illinois,1946,0,0,0,,,,history
Northern Illinois,1947,0,0,0,,,,history
Northern Illinois,1948,0,0,0,,,,history
Northern Illinois,1949,0,0,0,,,,history
Northern Illinois,1950,0,0,0,,,,history
Northern Illinois,1951,0,0,0,,,,history
Northern Illinois,1952,0,0,0,,,,history
Northern Illinois,1953,0,0,0,,,,history
Northern Illinois,1954,0,0,0,,,,history
Northern Illinois,1955,0,0,0,,,,history
Northern Illinois,1956,0,0,0,,,,history
Northern Illinois,1957,0,0,0,,,,history
Northern Illinois,1958,0,0,0,,,,history
Northern Illinois,1959,0,0,0,,,,history
Northern Illinois,1960,0,0,0,,,,history
Northern Illinois,1961,0,0,0,,,,history
Northern Illinois,1962,0,0,0,,,,history
Northern Illinois,1963,0,0,0,,,,history
Northern Illinois,1964,0,0,0,,,,history
Northern Illinois,1965,0,0,0,,,,history
Northern Illinois,1966,0,1,0,,,,history
Northern Illinois,1967,0,4,0,,,,history
Northern Illinois,1968,2,8,0,,,,history
Northern Illinois,1969,3,7,0,,,,history
Northern Illinois,1970,3,7,0,,,,history
Northern Illinois,1971,5,5,1,,,,history
Northern Illinois,1972,7,4,0,,,,history
Northern Illinois,1973,6,5,0,,,,history
Northern Illinois,1974,4,7,0,,,,history
Northern Illinois,1975,3,8,0,,,,history
Northern Illinois,1976,1,10,0,,,,history
Northern Illinois,1977,3,8,0,,,,history
Northern Illinois,1978,5,6,0,,,,history
Northern Illinois,1979,5,5,1,,,,history
Northern Illinois,1980,7,4,0,,,,history
Northern Illinois,1981,3,8,0,,,,history
Northern Illinois,1982,5,5,0,,,,history
Northern Illinois,1983,10,2,0,,,,history
Northern Illinois,1984,4,6,1,,,,history
Northern Illinois,1985,4,7,0,,,,history
Northern Illinois,1986,2,9,0,,,,history
Northern Illinois,1987,5,5,1,,,,history
Northern Illinois,1988,7,4,0,,,,history
Northern Illinois,1989,9,2,0,,,,history
Northern Illinois,1990,6,5,0,,,,history
Northern Illinois,1991,2,9,0,,,,history
Northern Illinois,1992,5,6,0,,,,history
Northern Illinois,1993,4,7,0,,,,history
Northern Illinois,1994,4,7,0,,,,history
Northern Illinois,1995,3,8,0,,,,history
Northern Illinois,1996,1,10,0,,,,history
Northern Illinois,1997,0,11,0,,,,history
Northern Illinois,1998,2,9,0,,,,history
Northern Illinois,1999,5,6,0,,,,history
Northern Illinois,2000,6,5,0,,,,history
Northern Illinois,2001,6,5,0,,,,history
Northern Illinois,2002,8,4,0,,,,history
Northern Illinois,2003,10,2,0,,,,history
Northern Illinois,2004,9,3,0,,,,history
Northern Illinois,2005,7,5,0,,,,history
Northern Illinois,2006,7,6,0,,,,history
Northern Illinois,2007,2,10,0,,,,history
Northern Illinois,2008,6,7,0,,,,history
Northern Illinois,2009,7,6,0,,,,history
Northern Illinois,2010,11,3,0,,,,history
Northern Illinois,2011,11,3,0,,,,history
Northern Illinois,2012,12,2,0,,,,history
Northern Illinois,2013,12,2,0,,,,history
Northern Illinois,2014,11,3,0,,,,history
Northern Illinois,2015,8,6,0,,,,history
Northern Illinois,2016,5,7,0,,,,history
Northern Illinois,2017,8,5,0,,,,history
Northern Illinois,2018,8,6,0,,,,history
Northern Illinois,2019,5,7,0,,,,history
Northern Illinois,2020,0,6,0,,,,history
Northern Illinois,2021,9,5,0,,,,history
Northern Illinois,2022,3,9,0,,,,history
Northern Illinois,2023,7,6,0,,,,history
Northern Illinois,2024,8,5,0,,,,history
Northern Illinois,2025,3,9,0,,,,history
Northwestern,1892,6,4,2,,,,history
Northwestern,1893,2,5,3,,,,history
Northwestern,1894,4,5,0,,,,history
Northwestern,1895,6,5,0,,,,history
Northwestern,1896,6,1,2,,,,history
Northwestern,1897,5,3,0,,,,history
Northwestern,1898,9,4,1,,,,history
Northwestern,1899,7,6,0,,,,history
Northwestern,1900,7,2,3,,,,history
Northwestern,1901,8,2,1,,,,history
Northwestern,1902,6,6,0,,,,history
Northwestern,1903,10,1,3,,,,history
Northwestern,1904,8,2,0,,,,history
Northwestern,1905,8,2,1,,,,history
Northwestern,1908,2,2,0,,,,history
Northwestern,1909,1,3,1,,,,history
Northwestern,1910,1,3,1,,,,history
Northwestern,1911,3,4,0,,,,history
Northwestern,1912,2,3,1,,,,history
Northwestern,1913,1,6,0,,,,history
Northwestern,1914,1,6,0,,,,history
Northwestern,1915,2,5,0,,,,history
Northwestern,1916,6,1,0,,,,history
Northwestern,1917,5,2,0,,,,history
Northwestern,1918,2,2,1,,,,history
Northwestern,1919,2,5,0,,,,history
Northwestern,1920,3,4,0,,,,history
Northwestern,1921,1,6,0,,,,history
Northwestern,1922,3,3,1,,,,history
Northwestern,1923,2,6,0,,,,history
Northwestern,1924,4,4,0,,,,history
Northwestern,1925,5,3,0,,,,history
Northwestern,1926,7,1,0,,,,history
Northwestern,1927,4,4,0,,,,history
Northwestern,1928,5,3,0,,,,history
Northwestern,1929,6,3,0,,,,history
Northwestern,1930,7,1,0,,,,history
Northwestern,1931,7,1,1,,,,history
Northwestern,1932,3,4,1,,,,history
Northwestern,1933,1,5,2,,,,history
Northwestern,1934,3,5,0,,,,history
Northwestern,1935,4,3,1,,,,history
Northwestern,1936,7,1,0,,,,history
Northwestern,1937,4,4,0,,,,history
Northwestern,1938,4,2,2,,,,history
Northwestern,1939,3,4,1,,,,history
Northwestern,1940,6,2,0,,,,history
Northwestern,1941,5,3,0,,,,history
Northwestern,1942,1,9,0,,,,history
Northwestern,1943,6,2,0,,,,history
Northwestern,1944,1,7,1,,,,history
Northwestern,1945,4,4,1,,,,history
Northwestern,1946,4,4,1,,,,history
Northwestern,1947,3,6,0,,,,history
Northwestern,1948,8,2,0,,,,history
Northwestern,1949,4,5,0,,,,history
Northwestern,1950,6,3,0,,,,history
Northwestern,1951,5,4,0,,,,history
Northwestern,1952,2,6,1,,,,history
Northwestern,1953,3,6,0,,,,history
Northwestern,1954,2,7,0,,,,history
Northwestern,1955,0,8,1,,,,history
Northwestern,1956,4,4,1,,,,history
Northwestern,1957,0,9,0,,,,history
Northwestern,1958,5,4,0,,,,history
Northwestern,1959,6,3,0,,,,history
Northwestern,1960,5,4,0,,,,history
Northwestern,1961,4,5,0,,,,history
Northwestern,1962,7,2,0,,,,history
Northwestern,1963,5,4,0,,,,history
Northwestern,1964,3,6,0,,,,history
Northwestern,1965,4,6,0,,,,history
Northwestern,1966,3,6,1,,,,history
Northwestern,1967,3,7,0,,,,history
Northwestern,1968,1,9,0,,,,history
Northwestern,1969,3,7,0,,,,history
Northwestern,1970,6,4,0,,,,history
Northwestern,1971,7,4,0,,,,history
Northwestern,1972,2,9,0,,,,history
Northwestern,1973,4,7,0,,,,history
Northwestern,1974,3,8,0,,,,history
Northwestern,1975,3,8,0,,,,history
Northwestern,1976,1,10,0,,,,history
Northwestern,1977,1,10,0,,,,history
Northwestern,1978,0,10,1,,,,history
Northwestern,1979,1,10,0,,,,history
Northwestern,1980,0,11,0,,,,history
Northwestern,1981,0,11,0,,,,history
Northwestern,1982,3,8,0,,,,history
Northwestern,1983,2,9,0,,,,history
Northwestern,1984,2,9,0,,,,history
Northwestern,1985,3,8,0,,,,history
Northwestern,1986,4,7,0,,,,history
Northwestern,1987,2,8,1,,,,history
Northwestern,1988,2,8,1,,,,history
Northwestern,1989,0,11,0,,,,history
Northwestern,1990,2,9,0,,,,history
Northwestern,1991,3,8,0,,,,history
Northwestern,1992,3,8,0,,,,history
Northwestern,1993,2,9,0,,,,history
Northwestern,1994,3,7,1,,,,history
Northwestern,1995,10,2,0,,,,history
Northwestern,1996,9,3,0,,,,history
Northwestern,1997,5,7,0,,,,history
Northwestern,1998,3,9,0,,,,history
Northwestern,1999,3,8,0,,,,history
Northwestern,2000,8,4,0,,,,history
Northwestern,2001,4,7,0,,,,history
Northwestern,2002,3,9,0,,,,history
Northwestern,2003,6,7,0,,,,history
Northwestern,2004,6,6,0,,,,history
Northwestern,2005,7,5,0,,,,history
Northwestern,2006,4,8,0,,,,history
Northwestern,2007,6,6,0,,,,history
Northwestern,2008,9,4,0,,,,history
Northwestern,2009,8,5,0,,,,history
Northwestern,2010,7,6,0,,,,history
Northwestern,2011,6,7,0,,,,history
Northwestern,2012,10,3,0,,,,history
Northwestern,2013,5,7,0,,,,history
Northwestern,2014,5,7,0,,,,history
Northwestern,2015,10,3,0,,,,history
Northwestern,2016,7,6,0,,,,history
Northwestern,2017,10,3,0,,,,history
Northwestern,2018,9,5,0,,,,history
Northwestern,2019,3,9,0,,,,history
Northwestern,2020,7,2,0,,,,history
Northwestern,2021,3,9,0,,,,history
Northwestern,2022,1,11,0,,,,history
Northwestern,2023,8,5,0,,,,history
Northwestern,2024,4,8,0,,,,history
Northwestern,2025,7,6,0,,,,history
Notre Dame,1935,281,61,22,,,,ncaa
Notre Dame,1936,6,2,1,,,,history
Notre Dame,1937,6,2,1,,,,history
Notre Dame,1938,8,1,0,,,,history
Notre Dame,1939,7,2,0,,,,history
Notre Dame,1940,7,2,0,,,,history
Notre Dame,1941,8,0,1,,,,history
Notre Dame,1942,7,2,2,,,,history
Notre Dame,1943,9,1,0,,,,history
Notre Dame,1944,8,2,0,,,,history
Notre Dame,1945,7,2,1,,,,history
Notre Dame,1946,8,0,1,,,,history
Notre Dame,1947,9,0,0,,,,history
Notre Dame,1948,9,0,1,,,,history
Notre Dame,1949,10,0,0,,,,history
Notre Dame,1950,4,4,1,,,,history
Notre Dame,1951,7,2,1,,,,history
Notre Dame,1952,7,2,1,,,,history
Notre Dame,1953,9,0,1,,,,history
Notre Dame,1954,9,1,0,,,,history
Notre Dame,1955,8,2,0,,,,history
Notre Dame,1956,2,8,0,,,,history
Notre Dame,1957,7,3,0,,,,history
Notre Dame,1958,6,4,0,,,,history
Notre Dame,1959,5,5,0,,,,history
Notre Dame,1960,2,8,0,,,,history
Notre Dame,1961,5,5,0,,,,history
Notre Dame,1962,5,5,0,,,,history
Notre Dame,1963,2,7,0,,,,history
Notre Dame,1964,9,1,0,,,,history
Notre Dame,1965,7,2,1,,,,history
Notre Dame,1966,9,0,1,,,,history
Notre Dame,1967,8,2,0,,,,history
Notre Dame,1968,7,2,1,,,,history
Notre Dame,1969,8,2,1,,,,history
Notre Dame,1970,10,1,0,,,,history
Notre Dame,1971,8,2,0,,,,history
Notre Dame,1972,8,3,0,,,,history
Notre Dame,1973,11,0,0,,,,history
Notre Dame,1974,10,2,0,,,,history
Notre Dame,1975,8,3,0,,,,history
Notre Dame,1976,9,3,0,,,,history
Notre Dame,1977,11,1,0,,,,history
Notre Dame,1978,9,3,0,,,,history
Notre Dame,1979,7,4,0,,,,history
Notre Dame,1980,9,2,1,,,,history
Notre Dame,1981,5,6,0,,,,history
Notre Dame,1982,6,4,1,,,,history
Notre Dame,1983,7,5,0,,,,history
Notre Dame,1984,7,5,0,,,,history
Notre Dame,1985,5,6,0,,,,history
Notre Dame,1986,5,6,0,,,,history
Notre Dame,1987,8,4,0,,,,history
Notre Dame,1988,12,0,0,,,,history
Notre Dame,1989,12,1,0,,,,history
Notre Dame,1990,9,3,0,,,,history
Notre Dame,1991,10,3,0,,,,history
Notre Dame,1992,10,1,1,,,,history
Notre Dame,1993,11,1,0,,,,history
Notre Dame,1994,6,5,1,,,,history
Notre Dame,1995,9,3,0,,,,history
Notre Dame,1996,8,3,0,,,,history
Notre Dame,1997,7,6,0,,,,history
Notre Dame,1998,9,3,0,,,,history
Notre Dame,1999,5,7,0,,,,history
Notre Dame,2000,9,3,0,,,,history
Notre Dame,2001,5,6,0,,,,history
Notre Dame,2002,10,3,0,,,,history
Notre Dame,2003,5,7,0,,,,history
Notre Dame,2004,6,6,0,,,,history
Notre Dame,2005,9,3,0,,,,history
Notre Dame,2006,10,3,0,,,,history
Notre Dame,2007,3,9,0,,,,history
Notre Dame,2008,7,6,0,,,,history
Notre Dame,2009,6,6,0,,,,history
Notre Dame,2010,8,5,0,,,,history
Notre Dame,2011,8,5,0,,,,history
Notre Dame,2012,12,1,0,12,1,Kelly; 12 reg + 2013 BCS NCG loss,history
Notre Dame,2013,9,4,0,9,0,Kelly; 8 reg + 2013 Pinstripe Bowl,history
Notre Dame,2014,8,5,0,,,,history
Notre Dame,2015,10,3,0,,,,history
Notre Dame,2016,4,8,0,,,,history
Notre Dame,2017,10,3,0,,,,history
Notre Dame,2018,12,1,0,,,,history
Notre Dame,2019,11,2,0,,,,history
Notre Dame,2020,10,2,0,,,,history
Notre Dame,2021,11,2,0,,,,history
Notre Dame,2022,9,4,0,,,,history
Notre Dame,2023,10,3,0,,,,history
Notre Dame,2024,14,2,0,,,,history
Notre Dame,2025,10,2,0,,,,history
Ohio,1905,0,1,0,,,,history
Ohio,1916,0,1,0,,,,history
Ohio,1921,1,2,0,,,,history
Ohio,1922,0,1,0,,,,history
Ohio,1927,0,1,0,,,,history
Ohio,1929,1,0,0,,,,history
Ohio,1931,0,1,0,,,,history
Ohio,1932,1,1,0,,,,history
Ohio,1933,0,1,0,,,,history
Ohio,1934,0,2,0,,,,history
Ohio,1935,1,0,0,,,,history
Ohio,1936,0,1,0,,,,history
Ohio,1937,0,1,0,,,,history
Ohio,1938,1,0,0,,,,history
Ohio,1939,0,0,0,,,,history
Ohio,1940,1,0,0,,,,history
Ohio,1941,0,0,0,,,,history
Ohio,1942,0,0,0,,,,history
Ohio,1945,1,0,0,,,,history
Ohio,1946,0,0,0,,,,history
Ohio,1947,0,0,0,,,,history
Ohio,1948,1,2,0,,,,history
Ohio,1949,1,0,0,,,,history
Ohio,1950,0,1,0,,,,history
Ohio,1951,0,0,0,,,,history
Ohio,1952,0,0,0,,,,history
Ohio,1953,0,1,0,,,,history
Ohio,1954,0,1,0,,,,history
Ohio,1955,0,1,0,,,,history
Ohio,1956,0,1,0,,,,history
Ohio,1957,0,1,0,,,,history
Ohio,1958,1,0,0,,,,history
Ohio,1959,1,0,0,,,,history
Ohio,1960,3,0,0,,,,history
Ohio,1961,1,1,0,,,,history
Ohio,1962,8,3,0,,,,history
Ohio,1963,6,4,0,,,,history
Ohio,1964,5,4,1,,,,history
Ohio,1965,0,10,0,,,,history
Ohio,1966,5,5,0,,,,history
Ohio,1967,5,5,0,,,,history
Ohio,1968,10,1,0,,,,history
Ohio,1969,5,4,1,,,,history
Ohio,1970,4,5,0,,,,history
Ohio,1971,5,5,0,,,,history
Ohio,1972,3,8,0,,,,history
Ohio,1973,5,5,0,,,,history
Ohio,1974,6,5,0,,,,history
Ohio,1975,5,5,1,,,,history
Ohio,1976,7,4,0,,,,history
Ohio,1977,1,10,0,,,,history
Ohio,1978,3,8,0,,,,history
Ohio,1979,6,5,0,,,,history
Ohio,1980,6,5,0,,,,history
Ohio,1981,5,6,0,,,,history
Ohio,1982,6,5,0,,,,history
Ohio,1983,4,7,0,,,,history
Ohio,1984,4,6,1,,,,history
Ohio,1985,2,9,0,,,,history
Ohio,1986,1,10,0,,,,history
Ohio,1987,1,10,0,,,,history
Ohio,1988,4,6,1,,,,history
Ohio,1989,1,9,1,,,,history
Ohio,1990,1,9,1,,,,history
Ohio,1991,2,8,1,,,,history
Ohio,1992,1,10,0,,,,history
Ohio,1993,4,7,0,,,,history
Ohio,1994,0,11,0,,,,history
Ohio,1995,2,8,1,,,,history
Ohio,1996,6,6,0,,,,history
Ohio,1997,8,3,0,,,,history
Ohio,1998,5,6,0,,,,history
Ohio,1999,5,6,0,,,,history
Ohio,2000,7,4,0,,,,history
Ohio,2001,1,10,0,,,,history
Ohio,2002,4,8,0,,,,history
Ohio,2003,2,10,0,,,,history
Ohio,2004,4,7,0,,,,history
Ohio,2005,4,7,0,,,,history
Ohio,2006,9,5,0,,,,history
Ohio,2007,6,6,0,,,,history
Ohio,2008,4,8,0,,,,history
Ohio,2009,9,5,0,,,,history
Ohio,2010,8,5,0,,,,history
Ohio,2011,10,4,0,,,,history
Ohio,2012,9,4,0,,,,history
Ohio,2013,7,6,0,,,,history
Ohio,2014,6,6,0,,,,history
Ohio,2015,8,5,0,,,,history
Ohio,2016,8,6,0,,,,history
Ohio,2017,9,4,0,,,,history
Ohio,2018,9,4,0,,,,history
Ohio,2019,7,6,0,,,,history
Ohio,2020,2,1,0,,,,history
Ohio,2021,3,9,0,,,,history
Ohio,2022,10,4,0,,,,history
Ohio,2023,10,3,0,,,,history
Ohio,2024,11,3,0,,,,history
Ohio,2025,9,4,0,,,,history
Ohio State,1935,244,117,31,,,,ncaa
Ohio State,1936,5,3,0,,,,history
Ohio State,1937,6,2,0,,,,history
Ohio State,1938,4,3,1,,,,history
Ohio State,1939,6,2,0,,,,history
Ohio State,1940,4,4,0,,,,history
Ohio State,1941,6,1,1,,,,history
Ohio State,1942,9,1,0,,,,history
Ohio State,1943,3,6,0,,,,history
Ohio State,1944,9,0,0,,,,history
Ohio State,1945,7,2,0,,,,history
Ohio State,1946,4,3,2,,,,history
Ohio State,1947,2,6,1,,,,history
Ohio State,1948,6,3,0,,,,history
Ohio State,1949,7,1,2,,,,history
Ohio State,1950,6,3,0,,,,history
Ohio State,1951,4,3,2,,,,history
Ohio State,1952,6,3,0,,,,history
Ohio State,1953,6,3,0,,,,history
Ohio State,1954,10,0,0,,,,history
Ohio State,1955,7,2,0,,,,history
Ohio State,1956,6,3,0,,,,history
Ohio State,1957,9,1,0,,,,history
Ohio State,1958,6,1,2,,,,history
Ohio State,1959,3,5,1,,,,history
Ohio State,1960,7,2,0,,,,history
Ohio State,1961,8,0,1,,,,history
Ohio State,1962,6,3,0,,,,history
Ohio State,1963,5,3,1,,,,history
Ohio State,1964,7,2,0,,,,history
Ohio State,1965,7,2,0,,,,history
Ohio State,1966,4,5,0,,,,history
Ohio State,1967,6,3,0,,,,history
Ohio State,1968,10,0,0,,,,history
Ohio State,1969,8,1,0,,,,history
Ohio State,1970,9,1,0,,,,history
Ohio State,1971,6,4,0,,,,history
Ohio State,1972,9,2,0,,,,history
Ohio State,1973,10,0,1,,,,history
Ohio State,1974,10,2,0,,,,history
Ohio State,1975,11,1,0,,,,history
Ohio State,1976,9,2,1,,,,history
Ohio State,1977,9,3,0,,,,history
Ohio State,1978,7,4,1,,,,history
Ohio State,1979,11,1,0,,,,history
Ohio State,1980,9,3,0,,,,history
Ohio State,1981,9,3,0,,,,history
Ohio State,1982,9,3,0,,,,history
Ohio State,1983,9,3,0,,,,history
Ohio State,1984,9,3,0,,,,history
Ohio State,1985,9,3,0,,,,history
Ohio State,1986,10,3,0,,,,history
Ohio State,1987,6,4,1,,,,history
Ohio State,1988,4,6,1,,,,history
Ohio State,1989,8,4,0,,,,history
Ohio State,1990,7,4,1,,,,history
Ohio State,1991,8,4,0,,,,history
Ohio State,1992,8,3,1,,,,history
Ohio State,1993,10,1,1,,,,history
Ohio State,1994,9,4,0,,,,history
Ohio State,1995,11,2,0,,,,history
Ohio State,1996,11,1,0,,,,history
Ohio State,1997,10,3,0,,,,history
Ohio State,1998,11,1,0,,,,history
Ohio State,1999,6,6,0,,,,history
Ohio State,2000,8,4,0,,,,history
Ohio State,2001,7,5,0,,,,history
Ohio State,2002,14,0,0,,,,history
Ohio State,2003,11,2,0,,,,history
Ohio State,2004,8,4,0,,,,history
Ohio State,2005,10,2,0,,,,history
Ohio State,2006,12,1,0,,,,history
Ohio State,2007,11,2,0,,,,history
Ohio State,2008,10,3,0,,,,history
Ohio State,2009,11,2,0,,,,history
Ohio State,2010,12,1,0,12,0,Tressel; 11 reg + 2011 Sugar Bowl,history
Ohio State,2011,6,7,0,,,,history
Ohio State,2012,12,0,0,,,,history
Ohio State,2013,12,2,0,,,,history
Ohio State,2014,14,1,0,,,,history
Ohio State,2015,12,1,0,,,,history
Ohio State,2016,11,2,0,,,,history
Ohio State,2017,12,2,0,,,,history
Ohio State,2018,13,1,0,,,,history
Ohio State,2019,13,1,0,,,,history
Ohio State,2020,7,1,0,,,,history
Ohio State,2021,11,2,0,,,,history
Ohio State,2022,11,2,0,,,,history
Ohio State,2023,11,2,0,,,,history
Ohio State,2024,14,2,0,,,,history
Ohio State,2025,12,2,0,,,,history
Oklahoma,1935,187,103,31,,,,ncaa
Oklahoma,1936,3,3,3,,,,history
Oklahoma,1937,5,2,2,,,,history
Oklahoma,1938,10,1,0,,,,history
Oklahoma,1939,6,2,1,,,,history
Oklahoma,1940,6,3,0,,,,history
Oklahoma,1941,6,3,0,,,,history
Oklahoma,1942,3,5,2,,,,history
Oklahoma,1943,7,2,0,,,,history
Oklahoma,1944,6,3,1,,,,history
Oklahoma,1945,5,5,0,,,,history
Oklahoma,1946,8,3,0,,,,history
Oklahoma,1947,7,2,1,,,,history
Oklahoma,1948,10,1,0,,,,history
Oklahoma,1949,11,0,0,,,,history
Oklahoma,1950,10,1,0,,,,history
Oklahoma,1951,8,2,0,,,,history
Oklahoma,1952,8,1,1,,,,history
Oklahoma,1953,9,1,1,,,,history
Oklahoma,1954,10,0,0,,,,history
Oklahoma,1955,11,0,0,,,,history
Oklahoma,1956,10,0,0,,,,history
Oklahoma,1957,10,1,0,,,,history
Oklahoma,1958,10,1,0,,,,history
Oklahoma,1959,7,3,0,,,,history
Oklahoma,1960,3,6,1,,,,history
Oklahoma,1961,5,5,0,,,,history
Oklahoma,1962,8,3,0,,,,history
Oklahoma,1963,8,2,0,,,,history
Oklahoma,1964,6,4,1,,,,history
Oklahoma,1965,3,7,0,,,,history
Oklahoma,1966,6,4,0,,,,history
Oklahoma,1967,10,1,0,,,,history
Oklahoma,1968,7,4,0,,,,history
Oklahoma,1969,6,4,0,,,,history
Oklahoma,1970,7,4,1,,,,history
Oklahoma,1971,11,1,0,,,,history
Oklahoma,1972,11,1,0,,,,history
Oklahoma,1973,10,0,1,,,,history
Oklahoma,1974,11,0,0,,,,history
Oklahoma,1975,11,1,0,,,,history
Oklahoma,1976,9,2,1,,,,history
Oklahoma,1977,10,2,0,,,,history
Oklahoma,1978,11,1,0,,,,history
Oklahoma,1979,11,1,0,,,,history
Oklahoma,1980,10,2,0,,,,history
Oklahoma,1981,7,4,1,,,,history
Oklahoma,1982,8,4,0,,,,history
Oklahoma,1983,8,4,0,,,,history
Oklahoma,1984,9,2,1,,,,history
Oklahoma,1985,11,1,0,,,,history
Oklahoma,1986,11,1,0,,,,history
Oklahoma,1987,11,1,0,,,,history
Oklahoma,1988,9,3,0,,,,history
Oklahoma,1989,7,4,0,,,,history
Oklahoma,1990,8,3,0,,,,history
Oklahoma,1991,9,3,0,,,,history
Oklahoma,1992,5,4,2,,,,history
Oklahoma,1993,9,3,0,,,,history
Oklahoma,1994,6,6,0,,,,history
Oklahoma,1995,5,5,1,,,,history
Oklahoma,1996,3,8,0,,,,history
Oklahoma,1997,4,8,0,,,,history
Oklahoma,1998,5,6,0,,,,history
Oklahoma,1999,7,5,0,,,,history
Oklahoma,2000,13,0,0,,,,history
Oklahoma,2001,11,2,0,,,,history
Oklahoma,2002,12,2,0,,,,history
Oklahoma,2003,12,2,0,,,,history
Oklahoma,2004,12,1,0,,,,history
Oklahoma,2005,8,4,0,,,,history
Oklahoma,2006,11,3,0,,,,history
Oklahoma,2007,11,3,0,,,,history
Oklahoma,2008,12,2,0,,,,history
Oklahoma,2009,8,5,0,,,,history
Oklahoma,2010,12,2,0,,,,history
Oklahoma,2011,10,3,0,,,,history
Oklahoma,2012,10,3,0,,,,history
Oklahoma,2013,11,2,0,,,,history
Oklahoma,2014,8,5,0,,,,history
Oklahoma,2015,11,2,0,,,,history
Oklahoma,2016,11,2,0,,,,history
Oklahoma,2017,12,2,0,,,,history
Oklahoma,2018,12,2,0,,,,history
Oklahoma,2019,12,2,0,,,,history
Oklahoma,2020,9,2,0,,,,history
Oklahoma,2021,11,2,0,,,,history
Oklahoma,2022,6,7,0,,,,history
Oklahoma,2023,10,3,0,,,,history
Oklahoma,2024,6,7,0,,,,history
Oklahoma,2025,10,3,0,,,,history
Oklahoma State,1912,1,1,0,,,,history
Oklahoma State,1913,1,2,0,,,,history
Oklahoma State,1914,6,2,1,,,,history
Oklahoma State,1915,4,5,1,,,,history
Oklahoma State,1916,4,4,0,,,,history
Oklahoma State,1917,4,5,0,,,,history
Oklahoma State,1918,4,2,0,,,,history
Oklahoma State,1919,3,3,2,,,,history
Oklahoma State,1920,0,7,1,,,,history
Oklahoma State,1921,5,4,1,,,,history
Oklahoma State,1922,4,4,1,,,,history
Oklahoma State,1923,2,8,0,,,,history
Oklahoma State,1924,6,1,2,,,,history
Oklahoma State,1925,2,5,1,,,,history
Oklahoma State,1926,3,4,1,,,,history
Oklahoma State,1927,4,4,0,,,,history
Oklahoma State,1928,1,7,0,,,,history
Oklahoma State,1929,4,3,2,,,,history
Oklahoma State,1930,7,2,1,,,,history
Oklahoma State,1931,8,2,1,,,,history
Oklahoma State,1932,9,1,2,,,,history
Oklahoma State,1933,6,2,1,,,,history
Oklahoma State,1934,4,5,1,,,,history
Oklahoma State,1935,3,7,0,,,,history
Oklahoma State,1936,1,9,0,,,,history
Oklahoma State,1937,4,6,0,,,,history
Oklahoma State,1938,2,8,0,,,,history
Oklahoma State,1939,5,4,1,,,,history
Oklahoma State,1940,6,3,1,,,,history
Oklahoma State,1941,5,4,0,,,,history
Oklahoma State,1942,6,3,1,,,,history
Oklahoma State,1943,3,4,0,,,,history
Oklahoma State,1944,8,1,0,,,,history
Oklahoma State,1945,9,0,0,,,,history
Oklahoma State,1946,3,7,1,,,,history
Oklahoma State,1947,3,7,0,,,,history
Oklahoma State,1948,6,4,0,,,,history
Oklahoma State,1949,4,4,2,,,,history
Oklahoma State,1950,4,6,1,,,,history
Oklahoma State,1951,3,7,0,,,,history
Oklahoma State,1952,3,7,0,,,,history
Oklahoma State,1953,7,3,0,,,,history
Oklahoma State,1954,5,4,1,,,,history
Oklahoma State,1955,2,8,0,,,,history
Oklahoma State,1956,3,5,2,,,,history
Oklahoma State,1957,6,3,1,,,,history
Oklahoma State,1958,8,3,0,,,,history
Oklahoma State,1959,6,4,0,,,,history
Oklahoma State,1960,3,7,0,,,,history
Oklahoma State,1961,4,6,0,,,,history
Oklahoma State,1962,4,6,0,,,,history
Oklahoma State,1963,1,8,0,,,,history
Oklahoma State,1964,4,6,0,,,,history
Oklahoma State,1965,3,7,0,,,,history
Oklahoma State,1966,4,5,1,,,,history
Oklahoma State,1967,4,5,1,,,,history
Oklahoma State,1968,3,7,0,,,,history
Oklahoma State,1969,5,5,0,,,,history
Oklahoma State,1970,4,7,0,,,,history
Oklahoma State,1971,4,6,1,,,,history
Oklahoma State,1972,6,5,0,,,,history
Oklahoma State,1973,5,4,2,,,,history
Oklahoma State,1974,7,5,0,,,,history
Oklahoma State,1975,7,4,0,,,,history
Oklahoma State,1976,9,3,0,,,,history
Oklahoma State,1977,4,7,0,,,,history
Oklahoma State,1978,3,8,0,,,,history
Oklahoma State,1979,7,4,0,,,,history
Oklahoma State,1980,3,7,1,,,,history
Oklahoma State,1981,7,5,0,,,,history
Oklahoma State,1982,4,5,2,,,,history
Oklahoma State,1983,8,4,0,,,,history
Oklahoma State,1984,10,2,0,,,,history
Oklahoma State,1985,8,4,0,,,,history
Oklahoma State,1986,6,5,0,,,,history
Oklahoma State,1987,10,2,0,,,,history
Oklahoma State,1988,10,2,0,,,,history
Oklahoma State,1989,4,7,0,,,,history
Oklahoma State,1990,4,7,0,,,,history
Oklahoma State,1991,0,10,1,,,,history
Oklahoma State,1992,4,6,1,,,,history
Oklahoma State,1993,3,8,0,,,,history
Oklahoma State,1994,3,7,1,,,,history
Oklahoma State,1995,4,8,0,,,,history
Oklahoma State,1996,5,6,0,,,,history
Oklahoma State,1997,8,4,0,,,,history
Oklahoma State,1998,5,6,0,,,,history
Oklahoma State,1999,5,6,0,,,,history
Oklahoma State,2000,3,8,0,,,,history
Oklahoma State,2001,4,7,0,,,,history
Oklahoma State,2002,8,5,0,,,,history
Oklahoma State,2003,9,4,0,,,,history
Oklahoma State,2004,7,5,0,,,,history
Oklahoma State,2005,4,7,0,,,,history
Oklahoma State,2006,7,6,0,,,,history
Oklahoma State,2007,7,6,0,,,,history
Oklahoma State,2008,9,4,0,,,,history
Oklahoma State,2009,9,4,0,,,,history
Oklahoma State,2010,11,2,0,,,,history
Oklahoma State,2011,12,1,0,,,,history
Oklahoma State,2012,8,5,0,,,,history
Oklahoma State,2013,10,3,0,,,,history
Oklahoma State,2014,7,6,0,,,,history
Oklahoma State,2015,10,3,0,,,,history
Oklahoma State,2016,10,3,0,,,,history
Oklahoma State,2017,10,3,0,,,,history
Oklahoma State,2018,7,6,0,,,,history
Oklahoma State,2019,8,5,0,,,,history
Oklahoma State,2020,8,3,0,,,,history
Oklahoma State,2021,12,2,0,,,,history
Oklahoma State,2022,7,6,0,,,,history
Oklahoma State,2023,10,4,0,,,,history
Oklahoma State,2024,3,9,0,,,,history
Oklahoma State,2025,1,11,0,,,,history
Old Dominion,1936,0,0,0,,,,history
Old Dominion,1937,0,0,0,,,,history
Old Dominion,1938,0,0,0,,,,history
Old Dominion,1939,0,0,0,,,,history
Old Dominion,1940,0,0,0,,,,history
Old Dominion,2009,9,2,0,,,,history
Old Dominion,2010,8,3,0,,,,history
Old Dominion,2011,10,3,0,,,,history
Old Dominion,2012,10,1,0,,,,history
Old Dominion,2013,8,4,0,,,,history
Old Dominion,2014,6,6,0,,,,history
Old Dominion,2015,5,7,0,,,,history
Old Dominion,2016,10,3,0,,,,history
Old Dominion,2017,5,7,0,,,,history
Old Dominion,2018,4,8,0,,,,history
Old Dominion,2019,1,11,0,,,,history
Old Dominion,2021,6,7,0,,,,history
Old Dominion,2022,3,9,0,,,,history
Old Dominion,2023,6,7,0,,,,history
Old Dominion,2024,5,7,0,,,,history
Old Dominion,2025,10,3,0,,,,history
Ole Miss,1902,4,3,0,,,,history
Ole Miss,1903,0,1,0,,,,history
Ole Miss,1904,4,3,0,,,,history
Ole Miss,1905,0,1,0,,,,history
Ole Miss,1906,4,2,0,,,,history
Ole Miss,1907,0,6,0,,,,history
Ole Miss,1908,3,5,0,,,,history
Ole Miss,1909,4,3,2,,,,history
Ole Miss,1910,7,1,0,,,,history
Ole Miss,1911,6,3,0,,,,history
Ole Miss,1912,4,3,0,,,,history
Ole Miss,1913,6,3,1,,,,history
Ole Miss,1914,5,4,1,,,,history
Ole Miss,1915,2,6,0,,,,history
Ole Miss,1916,3,6,0,,,,history
Ole Miss,1917,1,4,1,,,,history
Ole Miss,1918,1,3,0,,,,history
Ole Miss,1919,4,4,0,,,,history
Ole Miss,1920,0,3,0,,,,history
Ole Miss,1921,3,6,0,,,,history
Ole Miss,1922,4,5,1,,,,history
Ole Miss,1923,4,6,0,,,,history
Ole Miss,1924,4,5,0,,,,history
Ole Miss,1925,5,5,0,,,,history
Ole Miss,1926,5,4,0,,,,history
Ole Miss,1927,5,3,1,,,,history
Ole Miss,1928,5,4,0,,,,history
Ole Miss,1929,1,6,2,,,,history
Ole Miss,1930,3,5,1,,,,history
Ole Miss,1931,2,6,1,,,,history
Ole Miss,1932,5,6,0,,,,history
Ole Miss,1933,6,3,2,,,,history
Ole Miss,1934,4,5,1,,,,history
Ole Miss,1935,9,3,0,,,,history
Ole Miss,1936,5,5,2,,,,history
Ole Miss,1937,4,5,1,,,,history
Ole Miss,1938,9,2,0,,,,history
Ole Miss,1939,7,2,0,,,,history
Ole Miss,1940,9,2,0,,,,history
Ole Miss,1941,6,2,1,,,,history
Ole Miss,1942,2,7,0,,,,history
Ole Miss,1944,2,6,0,,,,history
Ole Miss,1945,4,5,0,,,,history
Ole Miss,1946,2,7,0,,,,history
Ole Miss,1947,9,2,0,,,,history
Ole Miss,1948,8,1,0,,,,history
Ole Miss,1949,4,5,1,,,,history
Ole Miss,1950,5,5,0,,,,history
Ole Miss,1951,6,3,1,,,,history
Ole Miss,1952,8,1,2,,,,history
Ole Miss,1953,7,2,1,,,,history
Ole Miss,1954,9,2,0,,,,history
Ole Miss,1955,10,1,0,,,,history
Ole Miss,1956,7,3,0,,,,history
Ole Miss,1957,9,1,1,,,,history
Ole Miss,1958,9,2,0,,,,history
Ole Miss,1959,10,1,0,,,,history
Ole Miss,1960,10,0,1,,,,history
Ole Miss,1961,9,2,0,,,,history
Ole Miss,1962,10,0,0,,,,history
Ole Miss,1963,7,1,2,,,,history
Ole Miss,1964,5,5,1,,,,history
Ole Miss,1965,7,4,0,,,,history
Ole Miss,1966,8,3,0,,,,history
Ole Miss,1967,6,4,1,,,,history
Ole Miss,1968,7,3,1,,,,history
Ole Miss,1969,8,3,0,,,,history
Ole Miss,1970,7,4,0,,,,history
Ole Miss,1971,10,2,0,,,,history
Ole Miss,1972,5,5,0,,,,history
Ole Miss,1973,6,5,0,,,,history
Ole Miss,1974,3,8,0,,,,history
Ole Miss,1975,6,5,0,,,,history
Ole Miss,1976,5,6,0,,,,history
Ole Miss,1977,5,6,0,,,,history
Ole Miss,1978,5,6,0,,,,history
Ole Miss,1979,4,7,0,,,,history
Ole Miss,1980,3,8,0,,,,history
Ole Miss,1981,4,6,1,,,,history
Ole Miss,1982,4,7,0,,,,history
Ole Miss,1983,6,6,0,,,,history
Ole Miss,1984,4,6,1,,,,history
Ole Miss,1985,4,6,1,,,,history
Ole Miss,1986,8,3,1,,,,history
Ole Miss,1987,3,8,0,,,,history
Ole Miss,1988,5,6,0,,,,history
Ole Miss,1989,8,4,0,,,,history
Ole Miss,1990,9,3,0,,,,history
Ole Miss,1991,5,6,0,,,,history
Ole Miss,1992,9,3,0,,,,history
Ole Miss,1993,5,6,0,,,,history
Ole Miss,1994,4,7,0,,,,history
Ole Miss,1995,6,5,0,,,,history
Ole Miss,1996,5,6,0,,,,history
Ole Miss,1997,8,4,0,,,,history
Ole Miss,1998,7,5,0,,,,history
Ole Miss,1999,8,4,0,,,,history
Ole Miss,2000,7,5,0,,,,history
Ole Miss,2001,7,4,0,,,,history
Ole Miss,2002,7,6,0,,,,history
Ole Miss,2003,10,3,0,,,,history
Ole Miss,2004,4,7,0,,,,history
Ole Miss,2005,3,8,0,,,,history
Ole Miss,2006,4,8,0,,,,history
Ole Miss,2007,3,9,0,,,,history
Ole Miss,2008,9,4,0,,,,history
Ole Miss,2009,9,4,0,,,,history
Ole Miss,2010,4,8,0,4,0,Nutt,history
Ole Miss,2011,2,10,0,2,0,Nutt,history
Ole Miss,2012,7,6,0,7,0,Freeze; 6 reg + 2013 BBVA Compass Bowl,history
Ole Miss,2013,8,5,0,7,0,Freeze,history
Ole Miss,2014,9,4,0,8,0,Freeze,history
Ole Miss,2015,10,3,0,,,,history
Ole Miss,2016,5,7,0,5,0,Freeze,history
Ole Miss,2017,6,6,0,,,,history
Ole Miss,2018,5,7,0,,,,history
Ole Miss,2019,4,8,0,,,,history
Ole Miss,2020,5,5,0,,,,history
Ole Miss,2021,10,3,0,,,,history
Ole Miss,2022,8,5,0,,,,history
Ole Miss,2023,11,2,0,,,,history
Ole Miss,2024,10,3,0,,,,history
Ole Miss,2025,13,2,0,,,,history
Oregon,1916,7,0,1,,,,history
Oregon,1917,4,3,0,,,,history
Oregon,1918,4,2,0,,,,history
Oregon,1919,5,2,0,,,,history
Oregon,1920,3,2,1,,,,history
Oregon,1921,5,1,3,,,,history
Oregon,1922,6,1,1,,,,history
Oregon,1923,3,4,1,,,,history
Oregon,1924,4,2,3,,,,history
Oregon,1925,1,5,1,,,,history
Oregon,1926,2,4,1,,,,history
Oregon,1927,2,4,1,,,,history
Oregon,1928,9,2,0,,,,history
Oregon,1929,7,3,0,,,,history
Oregon,1930,7,2,0,,,,history
Oregon,1931,6,2,2,,,,history
Oregon,1932,6,3,1,,,,history
Oregon,1933,9,1,0,,,,history
Oregon,1934,6,4,0,,,,history
Oregon,1935,6,3,0,,,,history
Oregon,1936,2,6,1,,,,history
Oregon,1937,4,6,0,,,,history
Oregon,1938,4,5,0,,,,history
Oregon,1939,3,4,1,,,,history
Oregon,1940,4,4,1,,,,history
Oregon,1941,5,5,0,,,,history
Oregon,1942,2,6,0,,,,history
Oregon,1945,3,6,0,,,,history
Oregon,1946,4,4,1,,,,history
Oregon,1947,7,3,0,,,,history
Oregon,1948,9,2,0,,,,history
Oregon,1949,4,6,0,,,,history
Oregon,1950,1,9,0,,,,history
Oregon,1951,2,8,0,,,,history
Oregon,1952,2,7,1,,,,history
Oregon,1953,4,5,1,,,,history
Oregon,1954,6,4,0,,,,history
Oregon,1955,6,4,0,,,,history
Oregon,1956,4,4,2,,,,history
Oregon,1957,7,4,0,,,,history
Oregon,1958,4,6,0,,,,history
Oregon,1959,8,2,0,,,,history
Oregon,1960,7,3,1,,,,history
Oregon,1961,4,6,0,,,,history
Oregon,1962,6,3,1,,,,history
Oregon,1963,8,3,0,,,,history
Oregon,1964,7,2,1,,,,history
Oregon,1965,4,5,1,,,,history
Oregon,1966,3,7,0,,,,history
Oregon,1967,2,8,0,,,,history
Oregon,1968,4,6,0,,,,history
Oregon,1969,5,5,1,,,,history
Oregon,1970,6,4,1,,,,history
Oregon,1971,5,6,0,,,,history
Oregon,1972,4,7,0,,,,history
Oregon,1973,2,9,0,,,,history
Oregon,1974,2,9,0,,,,history
Oregon,1975,3,8,0,,,,history
Oregon,1976,4,7,0,,,,history
Oregon,1977,2,9,0,,,,history
Oregon,1978,2,9,0,,,,history
Oregon,1979,6,5,0,,,,history
Oregon,1980,6,3,2,,,,history
Oregon,1981,2,9,0,,,,history
Oregon,1982,2,8,1,,,,history
Oregon,1983,4,6,1,,,,history
Oregon,1984,6,5,0,,,,history
Oregon,1985,5,6,0,,,,history
Oregon,1986,5,6,0,,,,history
Oregon,1987,6,5,0,,,,history
Oregon,1988,6,6,0,,,,history
Oregon,1989,8,4,0,,,,history
Oregon,1990,8,4,0,,,,history
Oregon,1991,3,8,0,,,,history
Oregon,1992,6,6,0,,,,history
Oregon,1993,5,6,0,,,,history
Oregon,1994,9,4,0,,,,history
Oregon,1995,9,3,0,,,,history
Oregon,1996,6,5,0,,,,history
Oregon,1997,7,5,0,,,,history
Oregon,1998,8,4,0,,,,history
Oregon,1999,9,3,0,,,,history
Oregon,2000,10,2,0,,,,history
Oregon,2001,11,1,0,,,,history
Oregon,2002,7,6,0,,,,history
Oregon,2003,8,5,0,,,,history
Oregon,2004,5,6,0,,,,history
Oregon,2005,10,2,0,,,,history
Oregon,2006,7,6,0,,,,history
Oregon,2007,9,4,0,,,,history
Oregon,2008,10,3,0,,,,history
Oregon,2009,10,3,0,,,,history
Oregon,2010,12,1,0,,,,history
Oregon,2011,12,2,0,,,,history
Oregon,2012,12,1,0,,,,history
Oregon,2013,11,2,0,,,,history
Oregon,2014,13,2,0,,,,history
Oregon,2015,9,4,0,,,,history
Oregon,2016,4,8,0,,,,history
Oregon,2017,7,6,0,,,,history
Oregon,2018,9,4,0,,,,history
Oregon,2019,12,2,0,,,,history
Oregon,2020,4,3,0,,,,history
Oregon,2021,10,4,0,,,,history
Oregon,2022,10,3,0,,,,history
Oregon,2023,12,2,0,,,,history
Oregon,2024,13,1,0,,,,history
Oregon,2025,13,2,0,,,,history
Oregon State,1915,0,1,0,,,,history
Oregon State,1916,4,5,0,,,,history
Oregon State,1917,4,2,1,,,,history
Oregon State,1918,2,4,0,,,,history
Oregon State,1919,4,4,1,,,,history
Oregon State,1920,2,2,2,,,,history
Oregon State,1921,4,3,2,,,,history
Oregon State,1922,3,4,0,,,,history
Oregon State,1923,4,5,2,,,,history
Oregon State,1924,3,5,0,,,,history
Oregon State,1925,7,2,0,,,,history
Oregon State,1926,7,1,0,,,,history
Oregon State,1927,3,3,1,,,,history
Oregon State,1928,6,3,0,,,,history
Oregon State,1929,5,4,0,,,,history
Oregon State,1930,7,3,0,,,,history
Oregon State,1931,6,3,1,,,,history
Oregon State,1932,4,6,0,,,,history
Oregon State,1933,6,2,2,,,,history
Oregon State,1934,3,6,2,,,,history
Oregon State,1935,6,4,1,,,,history
Oregon State,1936,4,6,0,,,,history
Oregon State,1937,3,3,3,,,,history
Oregon State,1938,5,3,1,,,,history
Oregon State,1939,9,1,1,,,,history
Oregon State,1940,5,3,1,,,,history
Oregon State,1941,8,2,0,,,,history
Oregon State,1942,4,5,1,,,,history
Oregon State,1945,4,4,1,,,,history
Oregon State,1946,7,1,1,,,,history
Oregon State,1947,5,5,0,,,,history
Oregon State,1948,5,4,3,,,,history
Oregon State,1949,7,3,0,,,,history
Oregon State,1950,3,6,0,,,,history
Oregon State,1951,4,6,0,,,,history
Oregon State,1952,2,7,0,,,,history
Oregon State,1953,3,6,0,,,,history
Oregon State,1954,1,8,0,,,,history
Oregon State,1955,6,3,0,,,,history
Oregon State,1956,7,3,1,,,,history
Oregon State,1957,8,2,0,,,,history
Oregon State,1958,6,4,0,,,,history
Oregon State,1959,3,7,0,,,,history
Oregon State,1960,6,3,1,,,,history
Oregon State,1961,5,5,0,,,,history
Oregon State,1962,9,2,0,,,,history
Oregon State,1963,5,5,0,,,,history
Oregon State,1964,8,3,0,,,,history
Oregon State,1965,5,5,0,,,,history
Oregon State,1966,7,3,0,,,,history
Oregon State,1967,7,2,1,,,,history
Oregon State,1968,7,3,0,,,,history
Oregon State,1969,6,4,0,,,,history
Oregon State,1970,6,5,0,,,,history
Oregon State,1971,5,6,0,,,,history
Oregon State,1972,2,9,0,,,,history
Oregon State,1973,2,9,0,,,,history
Oregon State,1974,3,8,0,,,,history
Oregon State,1975,1,10,0,,,,history
Oregon State,1976,2,10,0,,,,history
Oregon State,1977,2,9,0,,,,history
Oregon State,1978,3,7,1,,,,history
Oregon State,1979,1,10,0,,,,history
Oregon State,1980,0,11,0,,,,history
Oregon State,1981,1,10,0,,,,history
Oregon State,1982,1,9,1,,,,history
Oregon State,1983,2,8,1,,,,history
Oregon State,1984,2,9,0,,,,history
Oregon State,1985,3,8,0,,,,history
Oregon State,1986,3,8,0,,,,history
Oregon State,1987,2,9,0,,,,history
Oregon State,1988,4,6,1,,,,history
Oregon State,1989,4,7,1,,,,history
Oregon State,1990,1,10,0,,,,history
Oregon State,1991,1,10,0,,,,history
Oregon State,1992,1,9,1,,,,history
Oregon State,1993,4,7,0,,,,history
Oregon State,1994,4,7,0,,,,history
Oregon State,1995,1,10,0,,,,history
Oregon State,1996,2,9,0,,,,history
Oregon State,1997,3,8,0,,,,history
Oregon State,1998,5,6,0,,,,history
Oregon State,1999,7,5,0,,,,history
Oregon State,2000,11,1,0,,,,history
Oregon State,2001,5,6,0,,,,history
Oregon State,2002,8,5,0,,,,history
Oregon State,2003,8,5,0,,,,history
Oregon State,2004,7,5,0,,,,history
Oregon State,2005,5,6,0,,,,history
Oregon State,2006,10,4,0,,,,history
Oregon State,2007,9,4,0,,,,history
Oregon State,2008,9,4,0,,,,history
Oregon State,2009,8,5,0,,,,history
Oregon State,2010,5,7,0,,,,history
Oregon State,2011,3,9,0,,,,history
Oregon State,2012,9,4,0,,,,history
Oregon State,2013,7,6,0,,,,history
Oregon State,2014,5,7,0,,,,history
Oregon State,2015,2,10,0,,,,history
Oregon State,2016,4,8,0,,,,history
Oregon State,2017,1,11,0,,,,history
Oregon State,2018,2,10,0,,,,history
Oregon State,2019,5,7,0,,,,history
Oregon State,2020,2,5,0,,,,history
Oregon State,2021,7,6,0,,,,history
Oregon State,2022,10,3,0,,,,history
Oregon State,2023,8,5,0,,,,history
Oregon State,2024,5,7,0,,,,history
Oregon State,2025,2,10,0,,,,history
Penn State,1935,235,141,26,,,,ncaa
Penn State,1936,3,5,0,,,,history
Penn State,1937,5,3,0,,,,history
Penn State,1938,3,4,1,,,,history
Penn State,1939,5,1,2,,,,history
Penn State,1940,6,1,1,,,,history
Penn State,1941,7,2,0,,,,history
Penn State,1942,6,1,1,,,,history
Penn State,1943,5,3,1,,,,history
Penn State,1944,6,3,0,,,,history
Penn State,1945,5,3,0,,,,history
Penn State,1946,6,2,0,,,,history
Penn State,1947,9,0,1,,,,history
Penn State,1948,7,1,1,,,,history
Penn State,1949,5,4,0,,,,history
Penn State,1950,5,3,1,,,,history
Penn State,1951,5,4,0,,,,history
Penn State,1952,7,2,1,,,,history
Penn State,1953,6,3,0,,,,history
Penn State,1954,7,2,0,,,,history
Penn State,1955,5,4,0,,,,history
Penn State,1956,6,2,1,,,,history
Penn State,1957,6,3,0,,,,history
Penn State,1958,6,3,1,,,,history
Penn State,1959,9,2,0,,,,history
Penn State,1960,7,3,0,,,,history
Penn State,1961,8,3,0,,,,history
Penn State,1962,9,2,0,,,,history
Penn State,1963,7,3,0,,,,history
Penn State,1964,6,4,0,,,,history
Penn State,1965,5,5,0,,,,history
Penn State,1966,5,5,0,,,,history
Penn State,1967,8,2,1,,,,history
Penn State,1968,11,0,0,,,,history
Penn State,1969,11,0,0,,,,history
Penn State,1970,7,3,0,,,,history
Penn State,1971,11,1,0,,,,history
Penn State,1972,10,2,0,,,,history
Penn State,1973,12,0,0,,,,history
Penn State,1974,10,2,0,,,,history
Penn State,1975,9,3,0,,,,history
Penn State,1976,7,5,0,,,,history
Penn State,1977,11,1,0,,,,history
Penn State,1978,11,1,0,,,,history
Penn State,1979,8,4,0,,,,history
Penn State,1980,10,2,0,,,,history
Penn State,1981,10,2,0,,,,history
Penn State,1982,11,1,0,,,,history
Penn State,1983,8,4,1,,,,history
Penn State,1984,6,5,0,,,,history
Penn State,1985,11,1,0,,,,history
Penn State,1986,12,0,0,,,,history
Penn State,1987,8,4,0,,,,history
Penn State,1988,5,6,0,,,,history
Penn State,1989,8,3,1,,,,history
Penn State,1990,9,3,0,,,,history
Penn State,1991,11,2,0,,,,history
Penn State,1992,7,5,0,,,,history
Penn State,1993,10,2,0,,,,history
Penn State,1994,12,0,0,,,,history
Penn State,1995,9,3,0,,,,history
Penn State,1996,11,2,0,,,,history
Penn State,1997,9,3,0,,,,history
Penn State,1998,9,3,0,,,,history
Penn State,1999,10,3,0,,,,history
Penn State,2000,5,7,0,,,,history
Penn State,2001,5,6,0,,,,history
Penn State,2002,9,4,0,,,,history
Penn State,2003,3,9,0,,,,history
Penn State,2004,4,7,0,,,,history
Penn State,2005,11,1,0,,,,history
Penn State,2006,9,4,0,,,,history
Penn State,2007,9,4,0,,,,history
Penn State,2008,11,2,0,,,,history
Penn State,2009,11,2,0,,,,history
Penn State,2010,7,6,0,,,,history
Penn State,2011,9,4,0,,,,history
Penn State,2012,8,4,0,,,,history
Penn State,2013,7,5,0,,,,history
Penn State,2014,7,6,0,,,,history
Penn State,2015,7,6,0,,,,history
Penn State,2016,11,3,0,,,,history
Penn State,2017,11,2,0,,,,history
Penn State,2018,9,4,0,,,,history
Penn State,2019,11,2,0,,,,history
Penn State,2020,4,5,0,,,,history
Penn State,2021,7,6,0,,,,history
Penn State,2022,11,2,0,,,,history
Penn State,2023,10,3,0,,,,history
Penn State,2024,13,3,0,,,,history
Penn State,2025,7,6,0,,,,history
Pittsburgh,1935,263,106,22,,,,ncaa
Pittsburgh,1936,8,1,1,,,,history
Pittsburgh,1937,9,0,1,,,,history
Pittsburgh,1938,8,2,0,,,,history
Pittsburgh,1939,5,4,0,,,,history
Pittsburgh,1940,3,4,1,,,,history
Pittsburgh,1941,3,6,0,,,,history
Pittsburgh,1942,3,6,0,,,,history
Pittsburgh,1943,3,5,0,,,,history
Pittsburgh,1944,4,5,0,,,,history
Pittsburgh,1945,3,7,0,,,,history
Pittsburgh,1946,3,5,1,,,,history
Pittsburgh,1947,1,8,0,,,,history
Pittsburgh,1948,6,3,0,,,,history
Pittsburgh,1949,6,3,0,,,,history
Pittsburgh,1950,1,8,0,,,,history
Pittsburgh,1951,3,7,0,,,,history
Pittsburgh,1952,6,3,0,,,,history
Pittsburgh,1953,3,5,1,,,,history
Pittsburgh,1954,4,5,0,,,,history
Pittsburgh,1955,7,4,0,,,,history
Pittsburgh,1956,7,3,1,,,,history
Pittsburgh,1957,4,6,0,,,,history
Pittsburgh,1958,5,4,1,,,,history
Pittsburgh,1959,6,4,0,,,,history
Pittsburgh,1960,4,3,3,,,,history
Pittsburgh,1961,3,7,0,,,,history
Pittsburgh,1962,5,5,0,,,,history
Pittsburgh,1963,9,1,0,,,,history
Pittsburgh,1964,3,5,2,,,,history
Pittsburgh,1965,3,7,0,,,,history
Pittsburgh,1966,1,9,0,,,,history
Pittsburgh,1967,1,9,0,,,,history
Pittsburgh,1968,1,9,0,,,,history
Pittsburgh,1969,4,6,0,,,,history
Pittsburgh,1970,5,5,0,,,,history
Pittsburgh,1971,3,8,0,,,,history
Pittsburgh,1972,1,10,0,,,,history
Pittsburgh,1973,6,5,1,,,,history
Pittsburgh,1974,7,4,0,,,,history
Pittsburgh,1975,8,4,0,,,,history
Pittsburgh,1976,12,0,0,,,,history
Pittsburgh,1977,9,2,1,,,,history
Pittsburgh,1978,8,4,0,,,,history
Pittsburgh,1979,11,1,0,,,,history
Pittsburgh,1980,11,1,0,,,,history
Pittsburgh,1981,11,1,0,,,,history
Pittsburgh,1982,9,3,0,,,,history
Pittsburgh,1983,8,3,1,,,,history
Pittsburgh,1984,3,7,1,,,,history
Pittsburgh,1985,5,5,1,,,,history
Pittsburgh,1986,5,5,1,,,,history
Pittsburgh,1987,8,4,0,,,,history
Pittsburgh,1988,6,5,0,,,,history
Pittsburgh,1989,8,3,1,,,,history
Pittsburgh,1990,3,7,1,,,,history
Pittsburgh,1991,6,5,0,,,,history
Pittsburgh,1992,3,9,0,,,,history
Pittsburgh,1993,3,8,0,,,,history
Pittsburgh,1994,3,8,0,,,,history
Pittsburgh,1995,2,9,0,,,,history
Pittsburgh,1996,4,7,0,,,,history
Pittsburgh,1997,6,6,0,,,,history
Pittsburgh,1998,2,9,0,,,,history
Pittsburgh,1999,5,6,0,,,,history
Pittsburgh,2000,7,5,0,,,,history
Pittsburgh,2001,7,5,0,,,,history
Pittsburgh,2002,9,4,0,,,,history
Pittsburgh,2003,8,5,0,,,,history
Pittsburgh,2004,8,4,0,,,,history
Pittsburgh,2005,5,6,0,,,,history
Pittsburgh,2006,6,6,0,,,,history
Pittsburgh,2007,5,7,0,,,,history
Pittsburgh,2008,9,4,0,,,,history
Pittsburgh,2009,10,3,0,,,,history
Pittsburgh,2010,8,5,0,,,,history
Pittsburgh,2011,6,7,0,,,,history
Pittsburgh,2012,6,7,0,,,,history
Pittsburgh,2013,7,6,0,,,,history
Pittsburgh,2014,6,7,0,,,,history
Pittsburgh,2015,8,5,0,,,,history
Pittsburgh,2016,8,5,0,,,,history
Pittsburgh,2017,5,7,0,,,,history
Pittsburgh,2018,7,7,0,,,,history
Pittsburgh,2019,8,5,0,,,,history
Pittsburgh,2020,6,5,0,,,,history
Pittsburgh,2021,11,3,0,,,,history
Pittsburgh,2022,9,4,0,,,,history
Pittsburgh,2023,3,9,0,,,,history
Pittsburgh,2024,7,6,0,,,,history
Pittsburgh,2025,8,5,0,,,,history
Purdue,1892,8,0,0,,,,history
Purdue,1893,5,2,1,,,,history
Purdue,1894,8,1,0,,,,history
Purdue,1895,4,3,0,,,,history
Purdue,1896,4,2,1,,,,history
Purdue,1897,5,3,1,,,,history
Purdue,1898,3,3,0,,,,history
Purdue,1899,4,4,1,,,,history
Purdue,1900,4,4,0,,,,history
Purdue,1901,4,4,1,,,,history
Purdue,1902,7,2,1,,,,history
Purdue,1903,4,2,0,,,,history
Purdue,1904,9,3,0,,,,history
Purdue,1905,6,1,1,,,,history
Purdue,1906,0,5,0,,,,history
Purdue,1907,0,5,0,,,,history
Purdue,1908,4,3,0,,,,history
Purdue,1909,2,5,0,,,,history
Purdue,1910,1,5,0,,,,history
Purdue,1911,3,4,0,,,,history
Purdue,1912,4,2,1,,,,history
Purdue,1913,4,1,2,,,,history
Purdue,1914,5,2,0,,,,history
Purdue,1915,3,3,1,,,,history
Purdue,1916,2,4,1,,,,history
Purdue,1917,3,4,0,,,,history
Purdue,1918,3,3,0,,,,history
Purdue,1919,2,4,1,,,,history
Purdue,1920,2,5,0,,,,history
Purdue,1921,1,6,0,,,,history
Purdue,1922,1,5,1,,,,history
Purdue,1923,2,5,1,,,,history
Purdue,1924,5,2,0,,,,history
Purdue,1925,3,4,1,,,,history
Purdue,1926,5,2,1,,,,history
Purdue,1927,6,2,0,,,,history
Purdue,1928,5,2,1,,,,history
Purdue,1929,8,0,0,,,,history
Purdue,1930,6,2,0,,,,history
Purdue,1931,9,1,0,,,,history
Purdue,1932,7,0,1,,,,history
Purdue,1933,6,1,1,,,,history
Purdue,1934,5,3,0,,,,history
Purdue,1935,4,4,0,,,,history
Purdue,1936,5,2,1,,,,history
Purdue,1937,4,3,1,,,,history
Purdue,1938,5,1,2,,,,history
Purdue,1939,3,3,2,,,,history
Purdue,1940,2,6,0,,,,history
Purdue,1941,2,5,1,,,,history
Purdue,1942,1,8,0,,,,history
Purdue,1943,9,0,0,,,,history
Purdue,1944,5,5,0,,,,history
Purdue,1945,7,3,0,,,,history
Purdue,1946,2,6,1,,,,history
Purdue,1947,5,4,0,,,,history
Purdue,1948,3,6,0,,,,history
Purdue,1949,4,5,0,,,,history
Purdue,1950,2,7,0,,,,history
Purdue,1951,5,4,0,,,,history
Purdue,1952,4,3,2,,,,history
Purdue,1953,2,7,0,,,,history
Purdue,1954,5,3,1,,,,history
Purdue,1955,5,3,1,,,,history
Purdue,1956,3,4,2,,,,history
Purdue,1957,5,4,0,,,,history
Purdue,1958,6,1,2,,,,history
Purdue,1959,5,2,2,,,,history
Purdue,1960,4,4,1,,,,history
Purdue,1961,6,3,0,,,,history
Purdue,1962,4,4,1,,,,history
Purdue,1963,5,4,0,,,,history
Purdue,1964,6,3,0,,,,history
Purdue,1965,7,2,1,,,,history
Purdue,1966,9,2,0,,,,history
Purdue,1967,8,2,0,,,,history
Purdue,1968,8,2,0,,,,history
Purdue,1969,8,2,0,,,,history
Purdue,1970,4,6,0,,,,history
Purdue,1971,3,7,0,,,,history
Purdue,1972,6,5,0,,,,history
Purdue,1973,5,6,0,,,,history
Purdue,1974,4,6,1,,,,history
Purdue,1975,4,7,0,,,,history
Purdue,1976,5,6,0,,,,history
Purdue,1977,5,6,0,,,,history
Purdue,1978,9,2,1,,,,history
Purdue,1979,10,2,0,,,,history
Purdue,1980,9,3,0,,,,history
Purdue,1981,5,6,0,,,,history
Purdue,1982,3,8,0,,,,history
Purdue,1983,3,7,1,,,,history
Purdue,1984,7,5,0,,,,history
Purdue,1985,5,6,0,,,,history
Purdue,1986,3,8,0,,,,history
Purdue,1987,3,7,1,,,,history
Purdue,1988,4,7,0,,,,history
Purdue,1989,3,8,0,,,,history
Purdue,1990,2,9,0,,,,history
Purdue,1991,4,7,0,,,,history
Purdue,1992,4,7,0,,,,history
Purdue,1993,1,10,0,,,,history
Purdue,1994,4,5,2,,,,history
Purdue,1995,4,6,1,,,,history
Purdue,1996,3,8,0,,,,history
Purdue,1997,9,3,0,,,,history
Purdue,1998,9,4,0,,,,history
Purdue,1999,7,5,0,,,,history
Purdue,2000,8,4,0,,,,history
Purdue,2001,6,6,0,,,,history
Purdue,2002,7,6,0,,,,history
Purdue,2003,9,4,0,,,,history
Purdue,2004,7,5,0,,,,history
Purdue,2005,5,6,0,,,,history
Purdue,2006,8,6,0,,,,history
Purdue,2007,8,5,0,,,,history
Purdue,2008,4,8,0,,,,history
Purdue,2009,5,7,0,,,,history
Purdue,2010,4,8,0,,,,history
Purdue,2011,7,6,0,,,,history
Purdue,2012,6,7,0,,,,history
Purdue,2013,1,11,0,,,,history
Purdue,2014,3,9,0,,,,history
Purdue,2015,2,10,0,,,,history
Purdue,2016,3,9,0,,,,history
Purdue,2017,7,6,0,,,,history
Purdue,2018,6,7,0,,,,history
Purdue,2019,4,8,0,,,,history
Purdue,2020,2,4,0,,,,history
Purdue,2021,9,4,0,,,,history
Purdue,2022,8,6,0,,,,history
Purdue,2023,4,8,0,,,,history
Purdue,2024,1,11,0,,,,history
Purdue,2025,2,10,0,,,,history
Rice,1912,0,1,0,,,,history
Rice,1913,1,0,0,,,,history
Rice,1914,3,2,3,,,,history
Rice,1915,5,3,0,,,,history
Rice,1916,6,1,2,,,,history
Rice,1917,7,1,0,,,,history
Rice,1918,1,5,1,,,,history
Rice,1919,8,1,0,,,,history
Rice,1920,4,2,2,,,,history
Rice,1921,4,4,1,,,,history
Rice,1922,4,4,0,,,,history
Rice,1923,3,5,0,,,,history
Rice,1924,4,4,0,,,,history
Rice,1925,4,4,1,,,,history
Rice,1926,4,4,1,,,,history
Rice,1927,2,6,1,,,,history
Rice,1928,2,7,0,,,,history
Rice,1929,2,7,0,,,,history
Rice,1930,8,4,0,,,,history
Rice,1931,6,4,0,,,,history
Rice,1932,7,3,0,,,,history
Rice,1933,3,8,0,,,,history
Rice,1934,9,1,1,,,,history
Rice,1935,8,3,0,,,,history
Rice,1936,5,7,0,,,,history
Rice,1937,6,3,2,,,,history
Rice,1938,4,6,0,,,,history
Rice,1939,1,9,1,,,,history
Rice,1940,7,3,0,,,,history
Rice,1941,6,3,1,,,,history
Rice,1942,7,2,1,,,,history
Rice,1943,3,7,0,,,,history
Rice,1944,5,6,0,,,,history
Rice,1945,5,6,0,,,,history
Rice,1946,9,2,0,,,,history
Rice,1947,6,3,1,,,,history
Rice,1948,5,4,1,,,,history
Rice,1949,10,1,0,,,,history
Rice,1950,6,4,0,,,,history
Rice,1951,5,5,0,,,,history
Rice,1952,5,5,0,,,,history
Rice,1953,9,2,0,,,,history
Rice,1954,7,3,0,,,,history
Rice,1955,2,7,1,,,,history
Rice,1956,4,6,0,,,,history
Rice,1957,7,4,0,,,,history
Rice,1958,5,5,0,,,,history
Rice,1959,1,7,2,,,,history
Rice,1960,7,4,0,,,,history
Rice,1961,7,4,0,,,,history
Rice,1962,2,6,2,,,,history
Rice,1963,6,4,0,,,,history
Rice,1964,4,5,1,,,,history
Rice,1965,2,8,0,,,,history
Rice,1966,2,8,0,,,,history
Rice,1967,4,6,0,,,,history
Rice,1968,0,9,1,,,,history
Rice,1969,3,7,0,,,,history
Rice,1970,5,5,0,,,,history
Rice,1971,3,7,1,,,,history
Rice,1972,5,5,1,,,,history
Rice,1973,5,6,0,,,,history
Rice,1974,2,8,1,,,,history
Rice,1975,2,9,0,,,,history
Rice,1976,3,8,0,,,,history
Rice,1977,1,10,0,,,,history
Rice,1978,2,9,0,,,,history
Rice,1979,1,10,0,,,,history
Rice,1980,5,6,0,,,,history
Rice,1981,4,7,0,,,,history
Rice,1982,0,11,0,,,,history
Rice,1983,1,10,0,,,,history
Rice,1984,1,10,0,,,,history
Rice,1985,3,8,0,,,,history
Rice,1986,4,7,0,,,,history
Rice,1987,2,9,0,,,,history
Rice,1988,0,11,0,,,,history
Rice,1989,2,8,1,,,,history
Rice,1990,5,6,0,,,,history
Rice,1991,4,7,0,,,,history
Rice,1992,6,5,0,,,,history
Rice,1993,6,5,0,,,,history
Rice,1994,5,6,0,,,,history
Rice,1995,2,8,1,,,,history
Rice,1996,7,4,0,,,,history
Rice,1997,7,4,0,,,,history
Rice,1998,5,6,0,,,,history
Rice,1999,5,6,0,,,,history
Rice,2000,3,8,0,,,,history
Rice,2001,8,4,0,,,,history
Rice,2002,4,7,0,,,,history
Rice,2003,5,7,0,,,,history
Rice,2004,3,8,0,,,,history
Rice,2005,1,10,0,,,,history
Rice,2006,7,6,0,,,,history
Rice,2007,3,9,0,,,,history
Rice,2008,10,3,0,,,,history
Rice,2009,2,10,0,,,,history
Rice,2010,4,8,0,,,,history
Rice,2011,4,8,0,,,,history
Rice,2012,7,6,0,,,,history
Rice,2013,10,4,0,,,,history
Rice,2014,8,5,0,,,,history
Rice,2015,5,7,0,,,,history
Rice,2016,3,9,0,,,,history
Rice,2017,1,11,0,,,,history
Rice,2018,2,11,0,,,,history
Rice,2019,3,9,0,,,,history
Rice,2020,2,3,0,,,,history
Rice,2021,4,8,0,,,,history
Rice,2022,5,8,0,,,,history
Rice,2023,6,7,0,,,,history
Rice,2024,4,8,0,,,,history
Rice,2025,5,8,0,,,,history
Rutgers,1869,1,1,0,,,,history
Rutgers,1870,1,1,0,,,,history
Rutgers,1872,1,1,1,,,,history
Rutgers,1874,1,3,0,,,,history
Rutgers,1875,1,1,1,,,,history
Rutgers,1876,1,0,0,,,,history
Rutgers,1877,1,2,0,,,,history
Rutgers,1878,1,2,1,,,,history
Rutgers,1879,1,2,3,,,,history
Rutgers,1880,2,2,0,,,,history
Rutgers,1881,2,4,1,,,,history
Rutgers,1882,6,4,0,,,,history
Rutgers,1883,1,6,0,,,,history
Rutgers,1884,3,4,0,,,,history
Rutgers,1885,0,1,0,,,,history
Rutgers,1886,1,3,0,,,,history
Rutgers,1887,2,6,0,,,,history
Rutgers,1888,1,6,1,,,,history
Rutgers,1889,1,4,0,,,,history
Rutgers,1890,5,5,1,,,,history
Rutgers,1891,8,6,0,,,,history
Rutgers,1892,3,5,1,,,,history
Rutgers,1894,1,2,0,,,,history
Rutgers,1895,0,3,0,,,,history
Rutgers,1896,0,3,0,,,,history
Rutgers,1897,0,1,0,,,,history
Rutgers,1898,0,2,0,,,,history
Rutgers,1899,0,3,0,,,,history
Rutgers,1900,0,3,0,,,,history
Rutgers,1901,0,1,0,,,,history
Rutgers,1902,0,2,0,,,,history
Rutgers,1904,0,1,0,,,,history
Rutgers,1906,0,1,0,,,,history
Rutgers,1907,0,2,0,,,,history
Rutgers,1908,0,2,0,,,,history
Rutgers,1909,0,2,0,,,,history
Rutgers,1910,0,0,1,,,,history
Rutgers,1911,0,2,0,,,,history
Rutgers,1912,0,2,0,,,,history
Rutgers,1913,0,2,0,,,,history
Rutgers,1914,5,3,1,,,,history
Rutgers,1915,0,1,0,,,,history
Rutgers,1916,3,2,2,,,,history
Rutgers,1917,7,1,1,,,,history
Rutgers,1918,5,2,0,,,,history
Rutgers,1919,5,3,0,,,,history
Rutgers,1920,2,7,0,,,,history
Rutgers,1921,4,5,0,,,,history
Rutgers,1922,5,4,0,,,,history
Rutgers,1923,7,1,1,,,,history
Rutgers,1924,1,0,0,,,,history
Rutgers,1925,0,2,0,,,,history
Rutgers,1926,0,1,0,,,,history
Rutgers,1927,0,2,0,,,,history
Rutgers,1928,0,1,0,,,,history
Rutgers,1929,0,1,0,,,,history
Rutgers,1930,0,2,0,,,,history
Rutgers,1931,0,1,0,,,,history
Rutgers,1932,1,1,0,,,,history
Rutgers,1933,1,3,1,,,,history
Rutgers,1934,1,2,0,,,,history
Rutgers,1935,0,4,0,,,,history
Rutgers,1936,0,3,0,,,,history
Rutgers,1937,0,2,0,,,,history
Rutgers,1938,2,1,0,,,,history
Rutgers,1939,1,1,1,,,,history
Rutgers,1940,0,2,0,,,,history
Rutgers,1941,2,1,0,,,,history
Rutgers,1942,0,2,0,,,,history
Rutgers,1943,0,0,0,,,,history
Rutgers,1944,0,0,0,,,,history
Rutgers,1945,2,1,0,,,,history
Rutgers,1946,7,2,0,,,,history
Rutgers,1947,8,1,0,,,,history
Rutgers,1948,7,2,0,,,,history
Rutgers,1949,6,3,0,,,,history
Rutgers,1950,4,4,0,,,,history
Rutgers,1951,4,4,0,,,,history
Rutgers,1952,4,4,1,,,,history
Rutgers,1953,2,6,0,,,,history
Rutgers,1954,3,6,0,,,,history
Rutgers,1955,3,5,0,,,,history
Rutgers,1956,3,7,0,,,,history
Rutgers,1957,5,4,0,,,,history
Rutgers,1958,8,1,0,,,,history
Rutgers,1959,6,3,0,,,,history
Rutgers,1960,8,1,0,,,,history
Rutgers,1961,9,0,0,,,,history
Rutgers,1962,5,5,0,,,,history
Rutgers,1963,3,6,0,,,,history
Rutgers,1964,6,3,0,,,,history
Rutgers,1965,3,6,0,,,,history
Rutgers,1966,5,4,0,,,,history
Rutgers,1967,4,5,0,,,,history
Rutgers,1968,8,2,0,,,,history
Rutgers,1969,6,3,0,,,,history
Rutgers,1970,5,5,0,,,,history
Rutgers,1971,4,7,0,,,,history
Rutgers,1972,7,4,0,,,,history
Rutgers,1973,6,5,0,,,,history
Rutgers,1974,7,3,1,,,,history
Rutgers,1975,9,2,0,,,,history
Rutgers,1976,11,0,0,,,,history
Rutgers,1977,8,3,0,,,,history
Rutgers,1978,9,3,0,,,,history
Rutgers,1979,8,3,0,,,,history
Rutgers,1980,7,4,0,,,,history
Rutgers,1981,5,6,0,,,,history
Rutgers,1982,5,6,0,,,,history
Rutgers,1983,3,8,0,,,,history
Rutgers,1984,7,3,0,,,,history
Rutgers,1985,2,8,1,,,,history
Rutgers,1986,5,5,1,,,,history
Rutgers,1987,6,5,0,,,,history
Rutgers,1988,5,6,0,,,,history
Rutgers,1989,2,7,2,,,,history
Rutgers,1990,3,8,0,,,,history
Rutgers,1991,6,5,0,,,,history
Rutgers,1992,7,4,0,,,,history
Rutgers,1993,4,7,0,,,,history
Rutgers,1994,5,5,1,,,,history
Rutgers,1995,4,7,0,,,,history
Rutgers,1996,2,9,0,,,,history
Rutgers,1997,0,11,0,,,,history
Rutgers,1998,5,6,0,,,,history
Rutgers,1999,1,10,0,,,,history
Rutgers,2000,3,8,0,,,,history
Rutgers,2001,2,9,0,,,,history
Rutgers,2002,1,11,0,,,,history
Rutgers,2003,5,7,0,,,,history
Rutgers,2004,4,7,0,,,,history
Rutgers,2005,7,5,0,,,,history
Rutgers,2006,11,2,0,,,,history
Rutgers,2007,8,5,0,,,,history
Rutgers,2008,8,5,0,,,,history
Rutgers,2009,9,4,0,,,,history
Rutgers,2010,4,8,0,,,,history
Rutgers,2011,9,4,0,,,,history
Rutgers,2012,9,4,0,,,,history
Rutgers,2013,6,7,0,,,,history
Rutgers,2014,8,5,0,,,,history
Rutgers,2015,4,8,0,,,,history
Rutgers,2016,2,10,0,,,,history
Rutgers,2017,4,8,0,,,,history
Rutgers,2018,1,11,0,,,,history
Rutgers,2019,2,10,0,,,,history
Rutgers,2020,3,6,0,,,,history
Rutgers,2021,5,8,0,,,,history
Rutgers,2022,4,8,0,,,,history
Rutgers,2023,7,6,0,,,,history
Rutgers,2024,7,6,0,,,,history
Rutgers,2025,5,7,0,,,,history
Sam Houston,1912,2,2,0,,,,ncaa-history
Sam Houston,1913,6,2,0,,,,ncaa-history
Sam Houston,1914,3,2,0,,,,ncaa-history
Sam Houston,1915,5,1,1,,,,ncaa-history
Sam Houston,1916,5,2,0,,,,ncaa-history
Sam Houston,1917,1,3,0,,,,ncaa-history
Sam Houston,1918,0,0,0,,,,ncaa-history
Sam Houston,1919,0,7,0,,,,ncaa-history
Sam Houston,1920,1,3,2,,,,ncaa-history
Sam Houston,1921,3,1,2,,,,ncaa-history
Sam Houston,1922,3,4,0,,,,ncaa-history
Sam Houston,1923,4,4,0,,,,ncaa-history
Sam Houston,1924,2,5,1,,,,ncaa-history
Sam Houston,1925,5,4,0,,,,ncaa-history
Sam Houston,1926,5,3,1,,,,ncaa-history
Sam Houston,1927,4,4,1,,,,ncaa-history
Sam Houston,1928,5,5,0,,,,ncaa-history
Sam Houston,1929,6,3,1,,,,ncaa-history
Sam Houston,1930,9,1,0,,,,ncaa-history
Sam Houston,1931,3,6,0,,,,ncaa-history
Sam Houston,1932,2,6,1,,,,ncaa-history
Sam Houston,1933,3,4,2,,,,ncaa-history
Sam Houston,1934,4,3,2,,,,ncaa-history
Sam Houston,1935,3,5,0,,,,ncaa-history
Sam Houston,1936,2,7,0,,,,ncaa-history
Sam Houston,1937,5,5,0,,,,ncaa-history
Sam Houston,1938,9,2,0,,,,ncaa-history
Sam Houston,1939,7,1,2,,,,ncaa-history
Sam Houston,1940,8,2,0,,,,ncaa-history
Sam Houston,1941,2,7,1,,,,ncaa-history
Sam Houston,1942,5,3,0,,,,ncaa-history
Sam Houston,1946,6,2,1,,,,ncaa-history
Sam Houston,1947,3,6,0,,,,ncaa-history
Sam Houston,1948,0,9,1,,,,ncaa-history
Sam Houston,1949,3,7,0,,,,ncaa-history
Sam Houston,1950,5,5,0,,,,ncaa-history
Sam Houston,1951,4,4,1,,,,ncaa-history
Sam Houston,1952,6,4,0,,,,ncaa-history
Sam Houston,1953,9,1,0,,,,ncaa-history
Sam Houston,1954,6,4,0,,,,ncaa-history
Sam Houston,1955,6,1,2,,,,ncaa-history
Sam Houston,1956,10,0,0,,,,ncaa-history
Sam Houston,1957,3,5,1,,,,ncaa-history
Sam Houston,1958,7,3,0,,,,ncaa-history
Sam Houston,1959,5,5,0,,,,ncaa-history
Sam Houston,1960,3,6,0,,,,ncaa-history
Sam Houston,1961,8,1,0,,,,ncaa-history
Sam Houston,1962,5,3,1,,,,ncaa-history
Sam Houston,1963,4,3,1,,,,ncaa-history
Sam Houston,1964,9,1,1,,,,ncaa-history
Sam Houston,1965,4,6,0,,,,ncaa-history
Sam Houston,1966,6,3,1,,,,ncaa-history
Sam Houston,1967,3,6,0,,,,ncaa-history
Sam Houston,1968,5,4,1,,,,ncaa-history
Sam Houston,1969,3,6,1,,,,ncaa-history
Sam Houston,1970,8,2,1,,,,ncaa-history
Sam Houston,1971,4,7,0,,,,ncaa-history
Sam Houston,1972,5,6,0,,,,ncaa-history
Sam Houston,1973,2,8,0,,,,ncaa-history
Sam Houston,1974,4,7,0,,,,ncaa-history
Sam Houston,1975,3,8,0,,,,ncaa-history
Sam Houston,1976,3,5,1,,,,ncaa-history
Sam Houston,1977,1,10,0,,,,ncaa-history
Sam Houston,1978,6,5,0,,,,ncaa-history
Sam Houston,1979,1,9,0,,,,ncaa-history
Sam Houston,1980,3,7,0,,,,ncaa-history
Sam Houston,1981,2,8,0,,,,ncaa-history
Sam Houston,1982,3,8,0,,,,ncaa-history
Sam Houston,1983,4,7,0,,,,ncaa-history
Sam Houston,1984,8,3,0,,,,ncaa-history
Sam Houston,1985,8,3,0,,,,ncaa-history
Sam Houston,1986,9,3,0,,,,ncaa-history
Sam Houston,1987,8,3,0,,,,ncaa-history
Sam Houston,1988,3,8,0,,,,ncaa-history
Sam Houston,1989,3,8,0,,,,ncaa-history
Sam Houston,1990,4,7,0,,,,ncaa-history
Sam Houston,1991,8,3,1,,,,ncaa-history
Sam Houston,1992,6,3,2,,,,ncaa-history
Sam Houston,1993,4,7,0,,,,ncaa-history
Sam Houston,1994,6,5,0,,,,ncaa-history
Sam Houston,1995,5,5,0,,,,ncaa-history
Sam Houston,1996,4,7,0,,,,ncaa-history
Sam Houston,1997,5,6,0,,,,ncaa-history
Sam Houston,1998,3,8,0,,,,ncaa-history
Sam Houston,1999,6,5,0,,,,ncaa-history
Sam Houston,2000,7,4,0,,,,ncaa-history
Sam Houston,2001,10,3,0,,,,ncaa-history
Sam Houston,2002,4,7,0,,,,ncaa-history
Sam Houston,2003,2,9,0,,,,manual
Sam Houston,2004,10,2,0,,,,manual
Sam Houston,2005,3,7,0,,,,manual
Sam Houston,2006,6,5,0,,,,manual
Sam Houston,2007,6,4,0,,,,manual
Sam Houston,2008,6,5,0,,,,manual
Sam Houston,2009,5,6,0,,,,manual
Sam Houston,2010,5,5,0,,,,manual
Sam Houston,2011,12,0,0,,,,manual
Sam Houston,2012,9,3,0,,,,manual
Sam Houston,2013,9,4,0,,,,manual
Sam Houston,2014,11,4,0,,,,manual
Sam Houston,2015,10,4,0,,,,manual
Sam Houston,2016,12,1,0,,,,manual
Sam Houston,2017,12,2,0,,,,manual
Sam Houston,2018,6,5,0,,,,manual
Sam Houston,2019,7,5,0,,,,manual
Sam Houston,2020,10,0,0,,,,manual
Sam Houston,2021,11,1,0,,,,manual
Sam Houston,2022,5,6,0,,,,manual
Sam Houston,2023,3,9,0,,,,manual
Sam Houston,2024,10,3,0,,,,manual
Sam Houston,2025,2,10,0,,,,manual
San Diego State,1931,1,0,0,,,,history
San Diego State,1932,1,0,0,,,,history
San Diego State,1933,0,1,0,,,,history
San Diego State,1934,0,4,0,,,,history
San Diego State,1935,1,0,0,,,,history
San Diego State,1936,0,0,1,,,,history
San Diego State,1937,1,0,0,,,,history
San Diego State,1938,0,0,0,,,,history
San Diego State,1939,0,1,0,,,,history
San Diego State,1940,0,0,0,,,,history
San Diego State,1941,0,0,0,,,,history
San Diego State,1942,0,0,0,,,,history
San Diego State,1945,0,0,0,,,,history
San Diego State,1946,0,1,0,,,,history
San Diego State,1947,2,1,0,,,,history
San Diego State,1948,1,2,0,,,,history
San Diego State,1949,1,1,0,,,,history
San Diego State,1950,0,2,0,,,,history
San Diego State,1951,0,0,1,,,,history
San Diego State,1952,0,1,0,,,,history
San Diego State,1953,0,1,0,,,,history
San Diego State,1954,0,1,0,,,,history
San Diego State,1955,0,2,0,,,,history
San Diego State,1956,0,2,1,,,,history
San Diego State,1957,0,3,0,,,,history
San Diego State,1958,0,1,0,,,,history
San Diego State,1959,0,0,0,,,,history
San Diego State,1960,0,0,0,,,,history
San Diego State,1961,0,0,0,,,,history
San Diego State,1962,1,0,0,,,,history
San Diego State,1963,1,0,0,,,,history
San Diego State,1964,0,1,0,,,,history
San Diego State,1965,1,0,0,,,,history
San Diego State,1966,1,0,0,,,,history
San Diego State,1967,0,1,0,,,,history
San Diego State,1968,4,0,0,,,,history
San Diego State,1969,11,0,0,,,,history
San Diego State,1970,9,2,0,,,,history
San Diego State,1971,6,5,0,,,,history
San Diego State,1972,10,1,0,,,,history
San Diego State,1973,9,1,1,,,,history
San Diego State,1974,8,2,1,,,,history
San Diego State,1975,8,3,0,,,,history
San Diego State,1976,10,1,0,,,,history
San Diego State,1977,10,1,0,,,,history
San Diego State,1978,4,7,0,,,,history
San Diego State,1979,8,3,0,,,,history
San Diego State,1980,4,8,0,,,,history
San Diego State,1981,6,5,0,,,,history
San Diego State,1982,7,5,0,,,,history
San Diego State,1983,2,9,1,,,,history
San Diego State,1984,4,7,1,,,,history
San Diego State,1985,5,6,1,,,,history
San Diego State,1986,8,4,0,,,,history
San Diego State,1987,5,7,0,,,,history
San Diego State,1988,3,8,0,,,,history
San Diego State,1989,6,5,1,,,,history
San Diego State,1990,6,5,0,,,,history
San Diego State,1991,8,4,1,,,,history
San Diego State,1992,5,5,1,,,,history
San Diego State,1993,6,6,0,,,,history
San Diego State,1994,4,7,0,,,,history
San Diego State,1995,8,4,0,,,,history
San Diego State,1996,8,3,0,,,,history
San Diego State,1997,5,7,0,,,,history
San Diego State,1998,7,5,0,,,,history
San Diego State,1999,5,6,0,,,,history
San Diego State,2000,3,8,0,,,,history
San Diego State,2001,3,8,0,,,,history
San Diego State,2002,4,9,0,,,,history
San Diego State,2003,6,6,0,,,,history
San Diego State,2004,4,7,0,,,,history
San Diego State,2005,5,7,0,,,,history
San Diego State,2006,3,9,0,,,,history
San Diego State,2007,4,8,0,,,,history
San Diego State,2008,2,10,0,,,,history
San Diego State,2009,4,8,0,,,,history
San Diego State,2010,9,4,0,,,,history
San Diego State,2011,8,5,0,,,,history
San Diego State,2012,9,4,0,,,,history
San Diego State,2013,8,5,0,,,,history
San Diego State,2014,7,6,0,,,,history
San Diego State,2015,11,3,0,,,,history
San Diego State,2016,11,3,0,,,,history
San Diego State,2017,10,3,0,,,,history
San Diego State,2018,7,6,0,,,,history
San Diego State,2019,10,3,0,,,,history
San Diego State,2020,4,4,0,,,,history
San Diego State,2021,12,2,0,,,,history
San Diego State,2022,7,6,0,,,,history
San Diego State,2023,4,8,0,,,,history
San Diego State,2024,3,9,0,,,,history
San Diego State,2025,9,4,0,,,,history
San Jose State,1933,0,1,0,,,,history
San Jose State,1934,0,1,0,,,,history
San Jose State,1935,0,1,0,,,,history
San Jose State,1936,1,2,0,,,,history
San Jose State,1937,2,1,0,,,,history
San Jose State,1938,2,0,0,,,,history
San Jose State,1939,3,0,0,,,,history
San Jose State,1940,3,0,0,,,,history
San Jose State,1941,1,1,1,,,,history
San Jose State,1942,0,1,0,,,,history
San Jose State,1946,4,1,0,,,,history
San Jose State,1947,2,1,0,,,,history
San Jose State,1948,1,3,0,,,,history
San Jose State,1949,3,3,0,,,,history
San Jose State,1950,6,3,1,,,,history
San Jose State,1951,2,7,1,,,,history
San Jose State,1952,6,3,0,,,,history
San Jose State,1953,4,4,1,,,,history
San Jose State,1954,7,3,0,,,,history
San Jose State,1955,5,3,1,,,,history
San Jose State,1956,2,7,1,,,,history
San Jose State,1957,3,7,0,,,,history
San Jose State,1958,4,5,0,,,,history
San Jose State,1959,4,6,0,,,,history
San Jose State,1960,5,4,0,,,,history
San Jose State,1961,6,4,0,,,,history
San Jose State,1962,2,8,1,,,,history
San Jose State,1963,5,5,0,,,,history
San Jose State,1964,4,6,0,,,,history
San Jose State,1965,5,5,0,,,,history
San Jose State,1966,3,7,0,,,,history
San Jose State,1967,2,7,0,,,,history
San Jose State,1968,3,7,0,,,,history
San Jose State,1969,2,8,0,,,,history
San Jose State,1970,2,9,0,,,,history
San Jose State,1971,5,6,1,,,,history
San Jose State,1972,4,7,0,,,,history
San Jose State,1973,5,4,2,,,,history
San Jose State,1974,8,3,1,,,,history
San Jose State,1975,9,2,0,,,,history
San Jose State,1976,7,4,0,,,,history
San Jose State,1977,4,7,0,,,,history
San Jose State,1978,7,5,0,,,,history
San Jose State,1979,6,4,1,,,,history
San Jose State,1980,7,4,0,,,,history
San Jose State,1981,9,3,0,,,,history
San Jose State,1982,8,3,0,,,,history
San Jose State,1983,5,6,0,,,,history
San Jose State,1984,6,5,0,,,,history
San Jose State,1985,2,8,1,,,,history
San Jose State,1986,10,2,0,,,,history
San Jose State,1987,10,2,0,,,,history
San Jose State,1988,4,8,0,,,,history
San Jose State,1989,6,5,0,,,,history
San Jose State,1990,9,2,1,,,,history
San Jose State,1991,6,4,1,,,,history
San Jose State,1992,7,4,0,,,,history
San Jose State,1993,2,9,0,,,,history
San Jose State,1994,3,8,0,,,,history
San Jose State,1995,3,8,0,,,,history
San Jose State,1996,3,9,0,,,,history
San Jose State,1997,4,7,0,,,,history
San Jose State,1998,4,8,0,,,,history
San Jose State,1999,3,7,0,,,,history
San Jose State,2000,7,5,0,,,,history
San Jose State,2001,3,9,0,,,,history
San Jose State,2002,6,7,0,,,,history
San Jose State,2003,3,8,0,,,,history
San Jose State,2004,2,9,0,,,,history
San Jose State,2005,3,8,0,,,,history
San Jose State,2006,9,4,0,,,,history
San Jose State,2007,5,7,0,,,,history
San Jose State,2008,6,6,0,,,,history
San Jose State,2009,2,10,0,,,,history
San Jose State,2010,1,12,0,,,,history
San Jose State,2011,5,7,0,,,,history
San Jose State,2012,11,2,0,,,,history
San Jose State,2013,6,6,0,,,,history
San Jose State,2014,3,9,0,,,,history
San Jose State,2015,6,7,0,,,,history
San Jose State,2016,4,8,0,,,,history
San Jose State,2017,2,11,0,,,,history
San Jose State,2018,1,11,0,,,,history
San Jose State,2019,5,7,0,,,,history
San Jose State,2020,7,1,0,,,,history
San Jose State,2021,5,7,0,,,,history
San Jose State,2022,7,5,0,,,,history
San Jose State,2023,7,6,0,,,,history
San Jose State,2024,7,6,0,,,,history
San Jose State,2025,3,9,0,,,,history
SMU,1915,0,2,0,,,,history
SMU,1916,0,8,2,,,,history
SMU,1917,3,2,3,,,,history
SMU,1918,3,2,0,,,,history
SMU,1919,5,4,1,,,,history
SMU,1920,3,5,2,,,,history
SMU,1921,1,6,1,,,,history
SMU,1922,6,3,1,,,,history
SMU,1923,9,0,0,,,,history
SMU,1924,5,1,4,,,,history
SMU,1925,5,2,2,,,,history
SMU,1926,8,0,1,,,,history
SMU,1927,7,2,0,,,,history
SMU,1928,6,3,1,,,,history
SMU,1929,6,0,4,,,,history
SMU,1930,6,3,1,,,,history
SMU,1931,9,1,1,,,,history
SMU,1932,3,7,2,,,,history
SMU,1933,4,7,1,,,,history
SMU,1934,8,2,2,,,,history
SMU,1935,12,1,0,,,,history
SMU,1936,5,4,1,,,,history
SMU,1937,5,6,0,,,,history
SMU,1938,6,4,0,,,,history
SMU,1939,6,3,1,,,,history
SMU,1940,8,1,1,,,,history
SMU,1941,5,5,0,,,,history
SMU,1942,3,6,2,,,,history
SMU,1943,2,7,0,,,,history
SMU,1944,5,5,0,,,,history
SMU,1945,5,6,0,,,,history
SMU,1946,4,5,1,,,,history
SMU,1947,9,0,2,,,,history
SMU,1948,9,1,1,,,,history
SMU,1949,5,4,1,,,,history
SMU,1950,6,4,0,,,,history
SMU,1951,3,6,1,,,,history
SMU,1952,4,5,1,,,,history
SMU,1953,5,5,0,,,,history
SMU,1954,6,3,1,,,,history
SMU,1955,4,6,0,,,,history
SMU,1956,4,6,0,,,,history
SMU,1957,4,5,1,,,,history
SMU,1958,6,4,0,,,,history
SMU,1959,5,4,1,,,,history
SMU,1960,0,9,1,,,,history
SMU,1961,2,7,1,,,,history
SMU,1962,2,8,0,,,,history
SMU,1963,4,7,0,,,,history
SMU,1964,1,9,0,,,,history
SMU,1965,4,5,1,,,,history
SMU,1966,8,3,0,,,,history
SMU,1967,3,7,0,,,,history
SMU,1968,8,3,0,,,,history
SMU,1969,3,7,0,,,,history
SMU,1970,5,6,0,,,,history
SMU,1971,4,7,0,,,,history
SMU,1972,7,4,0,,,,history
SMU,1973,6,4,1,,,,history
SMU,1974,6,4,1,,,,history
SMU,1975,4,7,0,,,,history
SMU,1976,3,8,0,,,,history
SMU,1977,4,7,0,,,,history
SMU,1978,4,6,1,,,,history
SMU,1979,5,6,0,,,,history
SMU,1980,8,4,0,,,,history
SMU,1981,10,1,0,,,,history
SMU,1982,11,0,1,,,,history
SMU,1983,10,2,0,,,,history
SMU,1984,10,2,0,,,,history
SMU,1985,6,5,0,,,,history
SMU,1986,6,5,0,,,,history
SMU,1989,2,9,0,,,,history
SMU,1990,1,10,0,,,,history
SMU,1991,1,10,0,,,,history
SMU,1992,5,6,0,,,,history
SMU,1993,2,7,2,,,,history
SMU,1994,1,9,1,,,,history
SMU,1995,1,10,0,,,,history
SMU,1996,5,6,0,,,,history
SMU,1997,6,5,0,,,,history
SMU,1998,5,7,0,4,6,Cavan,history
SMU,1999,4,6,0,,,,history
SMU,2000,3,9,0,,,,history
SMU,2001,4,7,0,,,,history
SMU,2002,3,9,0,,,,history
SMU,2003,0,12,0,,,,history
SMU,2004,3,8,0,,,,history
SMU,2005,5,6,0,,,,history
SMU,2006,6,6,0,,,,history
SMU,2007,1,11,0,,,,history
SMU,2008,1,11,0,,,,history
SMU,2009,8,5,0,,,,history
SMU,2010,7,7,0,,,,history
SMU,2011,8,5,0,,,,history
SMU,2012,7,6,0,,,,history
SMU,2013,5,7,0,,,,history
SMU,2014,1,11,0,,,,history
SMU,2015,2,10,0,,,,history
SMU,2016,5,7,0,,,,history
SMU,2017,7,6,0,,,,history
SMU,2018,5,7,0,,,,history
SMU,2019,10,3,0,,,,history
SMU,2020,7,3,0,,,,history
SMU,2021,8,4,0,,,,history
SMU,2022,7,6,0,,,,history
SMU,2023,11,3,0,,,,history
SMU,2024,11,3,0,,,,history
SMU,2025,9,4,0,,,,history
South Alabama,2011,4,4,0,,,,history
South Alabama,2012,2,11,0,,,,history
South Alabama,2013,6,6,0,,,,history
South Alabama,2014,6,7,0,,,,history
South Alabama,2015,5,7,0,,,,history
South Alabama,2016,6,7,0,,,,history
South Alabama,2017,4,8,0,,,,history
South Alabama,2018,3,9,0,,,,history
South Alabama,2019,2,10,0,,,,history
South Alabama,2020,4,7,0,,,,history
South Alabama,2021,5,7,0,,,,history
South Alabama,2022,10,3,0,,,,history
South Alabama,2023,7,6,0,,,,history
South Alabama,2024,7,6,0,,,,history
South Alabama,2025,4,8,0,,,,history
South Carolina,1902,1,1,0,,,,history
South Carolina,1903,8,2,0,,,,history
South Carolina,1904,1,1,1,,,,history
South Carolina,1905,0,1,0,,,,history
South Carolina,1908,0,3,0,,,,history
South Carolina,1909,2,6,0,,,,history
South Carolina,1910,4,4,0,,,,history
South Carolina,1911,1,4,2,,,,history
South Carolina,1912,5,2,1,,,,history
South Carolina,1913,4,3,0,,,,history
South Carolina,1914,5,5,1,,,,history
South Carolina,1915,5,3,1,,,,history
South Carolina,1916,2,7,0,,,,history
South Carolina,1917,3,5,0,,,,history
South Carolina,1918,2,1,1,,,,history
South Carolina,1919,1,7,1,,,,history
South Carolina,1920,5,4,0,,,,history
South Carolina,1921,5,1,2,,,,history
South Carolina,1922,5,4,0,,,,history
South Carolina,1923,4,6,0,,,,history
South Carolina,1924,7,3,0,,,,history
South Carolina,1925,7,3,0,,,,history
South Carolina,1926,6,4,0,,,,history
South Carolina,1927,4,5,0,,,,history
South Carolina,1928,6,2,2,,,,history
South Carolina,1929,6,5,0,,,,history
South Carolina,1930,6,4,0,,,,history
South Carolina,1931,5,4,1,,,,history
South Carolina,1932,5,4,2,,,,history
South Carolina,1933,6,3,1,,,,history
South Carolina,1934,5,4,0,,,,history
South Carolina,1935,3,7,0,,,,history
South Carolina,1936,5,7,0,,,,history
South Carolina,1937,5,6,1,,,,history
South Carolina,1938,6,4,1,,,,history
South Carolina,1939,3,6,1,,,,history
South Carolina,1940,3,6,0,,,,history
South Carolina,1941,4,4,1,,,,history
South Carolina,1942,1,7,1,,,,history
South Carolina,1943,5,2,0,,,,history
South Carolina,1944,3,4,2,,,,history
South Carolina,1945,2,4,3,,,,history
South Carolina,1946,5,3,0,,,,history
South Carolina,1947,6,2,1,,,,history
South Carolina,1948,3,5,0,,,,history
South Carolina,1949,4,6,0,,,,history
South Carolina,1950,3,4,2,,,,history
South Carolina,1951,5,4,0,,,,history
South Carolina,1952,5,5,0,,,,history
South Carolina,1953,7,3,0,,,,history
South Carolina,1954,6,4,0,,,,history
South Carolina,1955,3,6,0,,,,history
South Carolina,1956,7,3,0,,,,history
South Carolina,1957,5,5,0,,,,history
South Carolina,1958,7,3,0,,,,history
South Carolina,1959,6,4,0,,,,history
South Carolina,1960,3,6,1,,,,history
South Carolina,1961,4,6,0,,,,history
South Carolina,1962,4,5,1,,,,history
South Carolina,1963,1,8,1,,,,history
South Carolina,1964,3,5,2,,,,history
South Carolina,1965,5,5,0,,,,history
South Carolina,1966,1,9,0,,,,history
South Carolina,1967,5,5,0,,,,history
South Carolina,1968,4,6,0,,,,history
South Carolina,1969,7,4,0,,,,history
South Carolina,1970,4,6,1,,,,history
South Carolina,1971,6,5,0,,,,history
South Carolina,1972,4,7,0,,,,history
South Carolina,1973,7,4,0,,,,history
South Carolina,1974,4,7,0,,,,history
South Carolina,1975,7,5,0,,,,history
South Carolina,1976,6,5,0,,,,history
South Carolina,1977,5,7,0,,,,history
South Carolina,1978,5,5,1,,,,history
South Carolina,1979,8,4,0,,,,history
South Carolina,1980,8,4,0,,,,history
South Carolina,1981,6,6,0,,,,history
South Carolina,1982,4,7,0,,,,history
South Carolina,1983,5,6,0,,,,history
South Carolina,1984,10,2,0,,,,history
South Carolina,1985,5,6,0,,,,history
South Carolina,1986,3,6,2,,,,history
South Carolina,1987,8,4,0,,,,history
South Carolina,1988,8,4,0,,,,history
South Carolina,1989,6,4,1,,,,history
South Carolina,1990,6,5,0,,,,history
South Carolina,1991,3,6,2,,,,history
South Carolina,1992,5,6,0,,,,history
South Carolina,1993,4,7,0,,,,history
South Carolina,1994,7,5,0,,,,history
South Carolina,1995,4,6,1,,,,history
South Carolina,1996,6,5,0,,,,history
South Carolina,1997,5,6,0,,,,history
South Carolina,1998,1,10,0,,,,history
South Carolina,1999,0,11,0,,,,history
South Carolina,2000,8,4,0,,,,history
South Carolina,2001,9,3,0,,,,history
South Carolina,2002,5,7,0,,,,history
South Carolina,2003,5,7,0,,,,history
South Carolina,2004,6,5,0,,,,history
South Carolina,2005,7,5,0,,,,history
South Carolina,2006,8,5,0,,,,history
South Carolina,2007,6,6,0,,,,history
South Carolina,2008,7,6,0,,,,history
South Carolina,2009,7,6,0,,,,history
South Carolina,2010,9,5,0,,,,history
South Carolina,2011,11,2,0,,,,history
South Carolina,2012,11,2,0,,,,history
South Carolina,2013,11,2,0,,,,history
South Carolina,2014,7,6,0,,,,history
South Carolina,2015,3,9,0,,,,history
South Carolina,2016,6,7,0,,,,history
South Carolina,2017,9,4,0,,,,history
South Carolina,2018,7,6,0,,,,history
South Carolina,2019,4,8,0,,,,history
South Carolina,2020,2,8,0,,,,history
South Carolina,2021,7,6,0,,,,history
South Carolina,2022,8,5,0,,,,history
South Carolina,2023,5,7,0,,,,history
South Carolina,2024,9,4,0,,,,history
South Carolina,2025,4,8,0,,,,history
South Florida,1997,0,0,0,,,,history
South Florida,1998,0,0,0,,,,history
South Florida,1999,0,1,0,,,,history
South Florida,2000,7,4,0,,,,history
South Florida,2001,8,3,0,,,,history
South Florida,2002,9,2,0,,,,history
South Florida,2003,7,4,0,,,,history
South Florida,2004,4,7,0,,,,history
South Florida,2005,6,6,0,,,,history
South Florida,2006,9,4,0,,,,history
South Florida,2007,9,4,0,,,,history
South Florida,2008,8,5,0,,,,history
South Florida,2009,8,5,0,,,,history
South Florida,2010,8,5,0,,,,history
South Florida,2011,5,7,0,,,,history
South Florida,2012,3,9,0,,,,history
South Florida,2013,2,10,0,,,,history
South Florida,2014,4,8,0,,,,history
South Florida,2015,8,5,0,,,,history
South Florida,2016,11,2,0,,,,history
South Florida,2017,10,2,0,,,,history
South Florida,2018,7,6,0,,,,history
South Florida,2019,4,8,0,,,,history
South Florida,2020,1,8,0,,,,history
South Florida,2021,2,10,0,,,,history
South Florida,2022,1,11,0,,,,history
South Florida,2023,7,6,0,,,,history
South Florida,2024,7,6,0,,,,history
South Florida,2025,9,4,0,,,,history
Southern Miss,1913,0,1,0,,,,history
Southern Miss,1915,0,1,0,,,,history
Southern Miss,1916,0,1,0,,,,history
Southern Miss,1919,0,1,0,,,,history
Southern Miss,1932,0,1,0,,,,history
Southern Miss,1933,0,1,0,,,,history
Southern Miss,1935,0,1,0,,,,history
Southern Miss,1936,0,0,0,,,,history
Southern Miss,1937,0,0,0,,,,history
Southern Miss,1938,0,1,0,,,,history
Southern Miss,1939,0,1,0,,,,history
Southern Miss,1940,0,0,0,,,,history
Southern Miss,1941,0,0,0,,,,history
Southern Miss,1942,0,0,0,,,,history
Southern Miss,1946,0,1,0,,,,history
Southern Miss,1947,1,2,0,,,,history
Southern Miss,1948,0,2,0,,,,history
Southern Miss,1949,0,2,0,,,,history
Southern Miss,1950,0,2,0,,,,history
Southern Miss,1951,0,2,0,,,,history
Southern Miss,1952,0,2,0,,,,history
Southern Miss,1953,6,2,0,,,,history
Southern Miss,1954,2,2,0,,,,history
Southern Miss,1955,2,0,0,,,,history
Southern Miss,1956,1,2,1,,,,history
Southern Miss,1957,2,3,0,,,,history
Southern Miss,1958,3,0,0,,,,history
Southern Miss,1959,2,2,0,,,,history
Southern Miss,1960,3,2,0,,,,history
Southern Miss,1961,1,2,0,,,,history
Southern Miss,1962,2,1,0,,,,history
Southern Miss,1963,5,3,1,,,,history
Southern Miss,1964,6,3,0,,,,history
Southern Miss,1965,7,2,0,,,,history
Southern Miss,1966,6,4,0,,,,history
Southern Miss,1967,6,3,0,,,,history
Southern Miss,1968,4,6,0,,,,history
Southern Miss,1969,5,5,0,,,,history
Southern Miss,1970,5,6,0,,,,history
Southern Miss,1971,6,5,0,,,,history
Southern Miss,1972,3,7,1,,,,history
Southern Miss,1973,6,4,1,,,,history
Southern Miss,1974,6,5,0,,,,history
Southern Miss,1975,7,4,0,,,,history
Southern Miss,1976,2,9,0,,,,history
Southern Miss,1977,6,6,0,,,,history
Southern Miss,1978,7,4,0,,,,history
Southern Miss,1979,6,4,1,,,,history
Southern Miss,1980,9,3,0,,,,history
Southern Miss,1981,9,2,1,,,,history
Southern Miss,1982,7,4,0,,,,history
Southern Miss,1983,7,4,0,,,,history
Southern Miss,1984,4,7,0,,,,history
Southern Miss,1985,7,4,0,,,,history
Southern Miss,1986,6,5,0,,,,history
Southern Miss,1987,6,5,0,,,,history
Southern Miss,1988,10,2,0,,,,history
Southern Miss,1989,5,6,0,,,,history
Southern Miss,1990,8,4,0,,,,history
Southern Miss,1991,4,7,0,,,,history
Southern Miss,1992,7,4,0,,,,history
Southern Miss,1993,2,8,1,,,,history
Southern Miss,1994,6,5,0,,,,history
Southern Miss,1995,6,5,0,,,,history
Southern Miss,1996,8,3,0,,,,history
Southern Miss,1997,9,3,0,,,,history
Southern Miss,1998,7,5,0,,,,history
Southern Miss,1999,9,3,0,,,,history
Southern Miss,2000,8,4,0,,,,history
Southern Miss,2001,6,5,0,,,,history
Southern Miss,2002,7,6,0,,,,history
Southern Miss,2003,9,4,0,,,,history
Southern Miss,2004,7,5,0,,,,history
Southern Miss,2005,7,5,0,,,,history
Southern Miss,2006,9,5,0,,,,history
Southern Miss,2007,7,6,0,,,,history
Southern Miss,2008,7,6,0,,,,history
Southern Miss,2009,7,6,0,,,,history
Southern Miss,2010,8,5,0,,,,history
Southern Miss,2011,12,2,0,,,,history
Southern Miss,2012,0,12,0,,,,history
Southern Miss,2013,1,11,0,,,,history
Southern Miss,2014,3,9,0,,,,history
Southern Miss,2015,9,5,0,,,,history
Southern Miss,2016,7,6,0,,,,history
Southern Miss,2017,8,5,0,,,,history
Southern Miss,2018,6,5,0,,,,history
Southern Miss,2019,7,6,0,,,,history
Southern Miss,2020,3,7,0,,,,history
Southern Miss,2021,3,9,0,,,,history
Southern Miss,2022,7,6,0,,,,history
Southern Miss,2023,3,9,0,,,,history
Southern Miss,2024,1,11,0,,,,history
Southern Miss,2025,7,6,0,,,,history
Stanford,1894,1,1,0,,,,history
Stanford,1901,0,1,0,,,,history
Stanford,1904,1,0,0,,,,history
Stanford,1918,0,4,0,,,,history
Stanford,1919,4,3,0,,,,history
Stanford,1920,4,3,0,,,,history
Stanford,1921,4,2,2,,,,history
Stanford,1922,4,5,0,,,,history
Stanford,1923,7,2,0,,,,history
Stanford,1924,7,1,1,,,,history
Stanford,1925,7,2,0,,,,history
Stanford,1926,10,0,1,,,,history
Stanford,1927,8,2,1,,,,history
Stanford,1928,8,3,1,,,,history
Stanford,1929,9,2,0,,,,history
Stanford,1930,9,1,1,,,,history
Stanford,1931,7,2,2,,,,history
Stanford,1932,6,4,1,,,,history
Stanford,1933,8,2,1,,,,history
Stanford,1934,9,1,1,,,,history
Stanford,1935,8,1,0,,,,history
Stanford,1936,2,5,2,,,,history
Stanford,1937,4,3,2,,,,history
Stanford,1938,3,6,0,,,,history
Stanford,1939,1,7,1,,,,history
Stanford,1940,10,0,0,,,,history
Stanford,1941,6,3,0,,,,history
Stanford,1942,6,4,0,,,,history
Stanford,1946,6,3,1,,,,history
Stanford,1947,0,9,0,,,,history
Stanford,1948,4,6,0,,,,history
Stanford,1949,7,3,1,,,,history
Stanford,1950,5,3,2,,,,history
Stanford,1951,9,2,0,,,,history
Stanford,1952,5,5,0,,,,history
Stanford,1953,6,3,1,,,,history
Stanford,1954,4,6,0,,,,history
Stanford,1955,6,3,1,,,,history
Stanford,1956,4,6,0,,,,history
Stanford,1957,6,4,0,,,,history
Stanford,1958,2,8,0,,,,history
Stanford,1959,3,7,0,,,,history
Stanford,1960,0,10,0,,,,history
Stanford,1961,4,6,0,,,,history
Stanford,1962,5,5,0,,,,history
Stanford,1963,3,7,0,,,,history
Stanford,1964,5,5,0,,,,history
Stanford,1965,6,3,1,,,,history
Stanford,1966,5,5,0,,,,history
Stanford,1967,5,5,0,,,,history
Stanford,1968,6,3,1,,,,history
Stanford,1969,7,2,1,,,,history
Stanford,1970,9,3,0,,,,history
Stanford,1971,9,3,0,,,,history
Stanford,1972,6,5,0,,,,history
Stanford,1973,7,4,0,,,,history
Stanford,1974,5,4,2,,,,history
Stanford,1975,6,4,1,,,,history
Stanford,1976,6,5,0,,,,history
Stanford,1977,9,3,0,,,,history
Stanford,1978,8,4,0,,,,history
Stanford,1979,5,5,1,,,,history
Stanford,1980,6,5,0,,,,history
Stanford,1981,4,7,0,,,,history
Stanford,1982,5,6,0,,,,history
Stanford,1983,1,10,0,,,,history
Stanford,1984,5,6,0,,,,history
Stanford,1985,4,7,0,,,,history
Stanford,1986,8,4,0,,,,history
Stanford,1987,5,6,0,,,,history
Stanford,1988,3,6,2,,,,history
Stanford,1989,3,8,0,,,,history
Stanford,1990,5,6,0,,,,history
Stanford,1991,8,4,0,,,,history
Stanford,1992,10,3,0,,,,history
Stanford,1993,4,7,0,,,,history
Stanford,1994,3,7,1,,,,history
Stanford,1995,7,4,1,,,,history
Stanford,1996,7,5,0,,,,history
Stanford,1997,5,6,0,,,,history
Stanford,1998,3,8,0,,,,history
Stanford,1999,8,4,0,,,,history
Stanford,2000,5,6,0,,,,history
Stanford,2001,9,3,0,,,,history
Stanford,2002,2,9,0,,,,history
Stanford,2003,4,7,0,,,,history
Stanford,2004,4,7,0,,,,history
Stanford,2005,5,6,0,,,,history
Stanford,2006,1,11,0,,,,history
Stanford,2007,4,8,0,,,,history
Stanford,2008,5,7,0,,,,history
Stanford,2009,8,5,0,,,,history
Stanford,2010,12,1,0,,,,history
Stanford,2011,11,2,0,,,,history
Stanford,2012,12,2,0,,,,history
Stanford,2013,11,3,0,,,,history
Stanford,2014,8,5,0,,,,history
Stanford,2015,12,2,0,,,,history
Stanford,2016,10,3,0,,,,history
Stanford,2017,9,5,0,,,,history
Stanford,2018,9,4,0,,,,history
Stanford,2019,4,8,0,,,,history
Stanford,2020,4,2,0,,,,history
Stanford,2021,3,9,0,,,,history
Stanford,2022,3,9,0,,,,history
Stanford,2023,3,9,0,,,,history
Stanford,2024,3,9,0,,,,history
Stanford,2025,4,8,0,,,,history
Syracuse,1891,0,1,0,,,,history
Syracuse,1892,0,1,0,,,,history
Syracuse,1893,0,1,0,,,,history
Syracuse,1894,0,2,0,,,,history
Syracuse,1895,0,2,0,,,,history
Syracuse,1896,0,2,0,,,,history
Syracuse,1897,0,1,0,,,,history
Syracuse,1898,0,2,1,,,,history
Syracuse,1899,4,4,0,,,,history
Syracuse,1900,7,2,1,,,,history
Syracuse,1901,7,2,0,,,,history
Syracuse,1902,6,2,1,,,,history
Syracuse,1903,0,3,0,,,,history
Syracuse,1904,1,2,0,,,,history
Syracuse,1905,8,3,0,,,,history
Syracuse,1906,6,3,0,,,,history
Syracuse,1907,5,3,1,,,,history
Syracuse,1908,6,3,1,,,,history
Syracuse,1909,4,5,1,,,,history
Syracuse,1910,5,4,1,,,,history
Syracuse,1911,5,3,2,,,,history
Syracuse,1912,4,5,0,,,,history
Syracuse,1913,6,4,0,,,,history
Syracuse,1914,5,3,2,,,,history
Syracuse,1915,9,1,2,,,,history
Syracuse,1916,5,4,0,,,,history
Syracuse,1917,8,1,1,,,,history
Syracuse,1918,5,1,0,,,,history
Syracuse,1919,8,3,0,,,,history
Syracuse,1920,6,2,1,,,,history
Syracuse,1921,7,2,0,,,,history
Syracuse,1922,6,1,2,,,,history
Syracuse,1923,8,1,0,,,,history
Syracuse,1924,8,2,1,,,,history
Syracuse,1925,8,1,1,,,,history
Syracuse,1926,7,2,1,,,,history
Syracuse,1927,5,3,2,,,,history
Syracuse,1928,4,4,1,,,,history
Syracuse,1929,6,3,0,,,,history
Syracuse,1930,5,2,2,,,,history
Syracuse,1931,7,1,1,,,,history
Syracuse,1932,4,4,1,,,,history
Syracuse,1933,4,4,0,,,,history
Syracuse,1934,6,2,0,,,,history
Syracuse,1935,6,1,1,,,,history
Syracuse,1936,1,7,0,,,,history
Syracuse,1937,5,2,1,,,,history
Syracuse,1938,5,3,0,,,,history
Syracuse,1939,3,3,2,,,,history
Syracuse,1940,3,4,1,,,,history
Syracuse,1941,5,2,1,,,,history
Syracuse,1942,6,3,0,,,,history
Syracuse,1944,2,4,1,,,,history
Syracuse,1945,1,6,0,,,,history
Syracuse,1946,4,5,0,,,,history
Syracuse,1947,3,6,0,,,,history
Syracuse,1948,1,8,0,,,,history
Syracuse,1949,4,5,0,,,,history
Syracuse,1950,5,5,0,,,,history
Syracuse,1951,5,4,0,,,,history
Syracuse,1952,7,3,0,,,,history
Syracuse,1953,5,3,1,,,,history
Syracuse,1954,4,4,0,,,,history
Syracuse,1955,5,3,0,,,,history
Syracuse,1956,7,2,0,,,,history
Syracuse,1957,5,3,1,,,,history
Syracuse,1958,8,2,0,,,,history
Syracuse,1959,11,0,0,,,,history
Syracuse,1960,7,2,0,,,,history
Syracuse,1961,8,3,0,,,,history
Syracuse,1962,5,5,0,,,,history
Syracuse,1963,8,2,0,,,,history
Syracuse,1964,7,4,0,,,,history
Syracuse,1965,7,3,0,,,,history
Syracuse,1966,8,3,0,,,,history
Syracuse,1967,8,2,0,,,,history
Syracuse,1968,6,4,0,,,,history
Syracuse,1969,5,5,0,,,,history
Syracuse,1970,6,4,0,,,,history
Syracuse,1971,5,5,1,,,,history
Syracuse,1972,5,6,0,,,,history
Syracuse,1973,2,9,0,,,,history
Syracuse,1974,2,9,0,,,,history
Syracuse,1975,6,5,0,,,,history
Syracuse,1976,3,8,0,,,,history
Syracuse,1977,6,5,0,,,,history
Syracuse,1978,3,8,0,,,,history
Syracuse,1979,7,5,0,,,,history
Syracuse,1980,5,6,0,,,,history
Syracuse,1981,4,6,1,,,,history
Syracuse,1982,2,9,0,,,,history
Syracuse,1983,6,5,0,,,,history
Syracuse,1984,6,5,0,,,,history
Syracuse,1985,7,5,0,,,,history
Syracuse,1986,5,6,0,,,,history
Syracuse,1987,11,0,1,,,,history
Syracuse,1988,10,2,0,,,,history
Syracuse,1989,8,4,0,,,,history
Syracuse,1990,7,4,2,,,,history
Syracuse,1991,10,2,0,,,,history
Syracuse,1992,10,2,0,,,,history
Syracuse,1993,6,4,1,,,,history
Syracuse,1994,7,4,0,,,,history
Syracuse,1995,9,3,0,,,,history
Syracuse,1996,9,3,0,,,,history
Syracuse,1997,9,4,0,,,,history
Syracuse,1998,8,4,0,,,,history
Syracuse,1999,7,5,0,,,,history
Syracuse,2000,6,5,0,,,,history
Syracuse,2001,10,3,0,,,,history
Syracuse,2002,4,8,0,,,,history
Syracuse,2003,6,6,0,,,,history
Syracuse,2004,6,6,0,6,0,Pasqualoni,history
Syracuse,2005,1,10,0,1,0,Robinson,history
Syracuse,2006,4,8,0,4,0,Robinson,history
Syracuse,2007,2,10,0,,,,history
Syracuse,2008,3,9,0,,,,history
Syracuse,2009,4,8,0,,,,history
Syracuse,2010,8,5,0,,,,history
Syracuse,2011,5,7,0,,,,history
Syracuse,2012,8,5,0,,,,history
Syracuse,2013,7,6,0,,,,history
Syracuse,2014,3,9,0,,,,history
Syracuse,2015,4,8,0,,,,history
Syracuse,2016,4,8,0,,,,history
Syracuse,2017,4,8,0,,,,history
Syracuse,2018,10,3,0,,,,history
Syracuse,2019,5,7,0,,,,history
Syracuse,2020,1,10,0,,,,history
Syracuse,2021,5,7,0,,,,history
Syracuse,2022,7,6,0,,,,history
Syracuse,2023,6,7,0,,,,history
Syracuse,2024,10,3,0,,,,history
Syracuse,2025,3,9,0,,,,history
TCU,1903,0,7,0,,,,history
TCU,1904,1,4,1,,,,history
TCU,1905,4,4,0,,,,history
TCU,1906,2,5,0,,,,history
TCU,1907,4,2,2,,,,history
TCU,1908,6,3,0,,,,history
TCU,1909,5,2,1,,,,history
TCU,1910,2,6,1,,,,history
TCU,1911,0,2,0,,,,history
TCU,1912,2,1,0,,,,history
TCU,1914,4,4,2,,,,history
TCU,1915,4,5,0,,,,history
TCU,1916,6,2,1,,,,history
TCU,1917,8,2,0,,,,history
TCU,1918,4,2,0,,,,history
TCU,1919,2,6,0,,,,history
TCU,1920,9,1,0,,,,history
TCU,1921,6,3,1,,,,history
TCU,1922,2,5,3,,,,history
TCU,1923,4,5,0,,,,history
TCU,1924,4,5,0,,,,history
TCU,1925,7,1,1,,,,history
TCU,1926,6,1,2,,,,history
TCU,1927,4,3,2,,,,history
TCU,1928,8,2,0,,,,history
TCU,1929,9,0,1,,,,history
TCU,1930,9,2,1,,,,history
TCU,1931,9,2,1,,,,history
TCU,1932,10,0,1,,,,history
TCU,1933,9,2,1,,,,history
TCU,1934,8,4,0,,,,history
TCU,1935,12,1,0,,,,history
TCU,1936,9,2,2,,,,history
TCU,1937,4,4,2,,,,history
TCU,1938,11,0,0,,,,history
TCU,1939,3,7,0,,,,history
TCU,1940,3,7,0,,,,history
TCU,1941,7,3,1,,,,history
TCU,1942,7,3,0,,,,history
TCU,1943,2,6,0,,,,history
TCU,1944,7,3,1,,,,history
TCU,1945,5,5,0,,,,history
TCU,1946,2,7,1,,,,history
TCU,1947,4,5,2,,,,history
TCU,1948,4,5,1,,,,history
TCU,1949,6,3,1,,,,history
TCU,1950,5,5,0,,,,history
TCU,1951,6,5,0,,,,history
TCU,1952,4,4,2,,,,history
TCU,1953,3,7,0,,,,history
TCU,1954,4,6,0,,,,history
TCU,1955,9,2,0,,,,history
TCU,1956,8,3,0,,,,history
TCU,1957,5,4,1,,,,history
TCU,1958,8,2,1,,,,history
TCU,1959,8,3,0,,,,history
TCU,1960,4,4,2,,,,history
TCU,1961,3,5,2,,,,history
TCU,1962,6,4,0,,,,history
TCU,1963,4,5,1,,,,history
TCU,1964,4,6,0,,,,history
TCU,1965,6,5,0,,,,history
TCU,1966,2,8,0,,,,history
TCU,1967,4,6,0,,,,history
TCU,1968,3,7,0,,,,history
TCU,1969,4,6,0,,,,history
TCU,1970,4,6,1,,,,history
TCU,1971,6,4,1,,,,history
TCU,1972,5,6,0,,,,history
TCU,1973,3,8,0,,,,history
TCU,1974,1,10,0,,,,history
TCU,1975,1,10,0,,,,history
TCU,1976,0,11,0,,,,history
TCU,1977,2,9,0,,,,history
TCU,1978,2,9,0,,,,history
TCU,1979,2,8,1,,,,history
TCU,1980,1,10,0,,,,history
TCU,1981,2,7,2,,,,history
TCU,1982,3,8,0,,,,history
TCU,1983,1,8,2,,,,history
TCU,1984,8,4,0,,,,history
TCU,1985,3,8,0,,,,history
TCU,1986,3,8,0,,,,history
TCU,1987,5,6,0,,,,history
TCU,1988,4,7,0,,,,history
TCU,1989,4,7,0,,,,history
TCU,1990,5,6,0,,,,history
TCU,1991,7,4,0,,,,history
TCU,1992,2,8,1,,,,history
TCU,1993,4,7,0,,,,history
TCU,1994,7,5,0,,,,history
TCU,1995,6,5,0,,,,history
TCU,1996,4,7,0,,,,history
TCU,1997,1,10,0,,,,history
TCU,1998,7,5,0,,,,history
TCU,1999,8,4,0,,,,history
TCU,2000,10,2,0,,,,history
TCU,2001,6,6,0,,,,history
TCU,2002,10,2,0,,,,history
TCU,2003,11,2,0,,,,history
TCU,2004,5,6,0,,,,history
TCU,2005,11,1,0,,,,history
TCU,2006,11,2,0,,,,history
TCU,2007,8,5,0,,,,history
TCU,2008,11,2,0,,,,history
TCU,2009,12,1,0,,,,history
TCU,2010,13,0,0,,,,history
TCU,2011,11,2,0,,,,history
TCU,2012,7,6,0,,,,history
TCU,2013,4,8,0,,,,history
TCU,2014,12,1,0,,,,history
TCU,2015,11,2,0,,,,history
TCU,2016,6,7,0,,,,history
TCU,2017,11,3,0,,,,history
TCU,2018,7,6,0,,,,history
TCU,2019,5,7,0,,,,history
TCU,2020,6,4,0,,,,history
TCU,2021,5,7,0,,,,history
TCU,2022,13,2,0,,,,history
TCU,2023,5,7,0,,,,history
TCU,2024,9,4,0,,,,history
TCU,2025,9,4,0,,,,history
Temple,1927,1,1,0,,,,history
Temple,1929,1,0,1,,,,history
Temple,1930,7,3,0,,,,history
Temple,1931,8,1,1,,,,history
Temple,1932,5,1,2,,,,history
Temple,1933,5,3,0,,,,history
Temple,1934,7,1,2,,,,history
Temple,1935,7,3,0,,,,history
Temple,1936,6,3,2,,,,history
Temple,1937,3,2,4,,,,history
Temple,1938,3,6,1,,,,history
Temple,1939,2,7,0,,,,history
Temple,1940,4,4,1,,,,history
Temple,1941,7,2,0,,,,history
Temple,1942,2,5,3,,,,history
Temple,1943,2,6,0,,,,history
Temple,1944,2,4,2,,,,history
Temple,1945,7,1,0,,,,history
Temple,1946,2,4,2,,,,history
Temple,1947,3,6,0,,,,history
Temple,1948,2,6,1,,,,history
Temple,1949,5,4,0,,,,history
Temple,1950,4,4,1,,,,history
Temple,1951,6,4,0,,,,history
Temple,1952,2,7,1,,,,history
Temple,1953,0,4,0,,,,history
Temple,1954,1,3,0,,,,history
Temple,1955,0,2,0,,,,history
Temple,1956,0,0,0,,,,history
Temple,1957,0,0,0,,,,history
Temple,1958,0,0,0,,,,history
Temple,1959,0,0,0,,,,history
Temple,1960,0,0,0,,,,history
Temple,1961,0,0,0,,,,history
Temple,1962,0,2,0,,,,history
Temple,1963,0,0,0,,,,history
Temple,1964,1,0,0,,,,history
Temple,1965,0,1,0,,,,history
Temple,1966,0,1,0,,,,history
Temple,1967,0,2,0,,,,history
Temple,1968,0,2,0,,,,history
Temple,1969,0,2,0,,,,history
Temple,1970,3,1,0,,,,history
Temple,1971,6,2,1,,,,history
Temple,1972,5,4,0,,,,history
Temple,1973,9,1,0,,,,history
Temple,1974,8,2,0,,,,history
Temple,1975,6,5,0,,,,history
Temple,1976,4,6,0,,,,history
Temple,1977,5,5,1,,,,history
Temple,1978,7,3,1,,,,history
Temple,1979,10,2,0,,,,history
Temple,1980,4,7,0,,,,history
Temple,1981,5,5,0,,,,history
Temple,1982,4,7,0,,,,history
Temple,1983,4,7,0,,,,history
Temple,1984,6,5,0,,,,history
Temple,1985,4,7,0,,,,history
Temple,1986,6,5,0,,,,history
Temple,1987,3,8,0,,,,history
Temple,1988,4,7,0,,,,history
Temple,1989,1,10,0,,,,history
Temple,1990,7,4,0,,,,history
Temple,1991,2,9,0,,,,history
Temple,1992,1,10,0,,,,history
Temple,1993,1,10,0,,,,history
Temple,1994,2,9,0,,,,history
Temple,1995,1,10,0,,,,history
Temple,1996,1,10,0,,,,history
Temple,1997,3,8,0,,,,history
Temple,1998,2,9,0,,,,history
Temple,1999,2,9,0,,,,history
Temple,2000,4,7,0,,,,history
Temple,2001,4,7,0,,,,history
Temple,2002,4,8,0,,,,history
Temple,2003,1,11,0,,,,history
Temple,2004,2,9,0,,,,history
Temple,2005,0,11,0,,,,history
Temple,2006,1,11,0,,,,history
Temple,2007,4,8,0,,,,history
Temple,2008,5,7,0,,,,history
Temple,2009,9,4,0,,,,history
Temple,2010,8,4,0,,,,history
Temple,2011,9,4,0,,,,history
Temple,2012,4,7,0,,,,history
Temple,2013,2,10,0,,,,history
Temple,2014,6,6,0,,,,history
Temple,2015,10,4,0,,,,history
Temple,2016,10,4,0,,,,history
Temple,2017,7,6,0,,,,history
Temple,2018,8,5,0,,,,history
Temple,2019,8,5,0,,,,history
Temple,2020,1,6,0,,,,history
Temple,2021,3,9,0,,,,history
Temple,2022,3,9,0,,,,history
Temple,2023,3,9,0,,,,history
Temple,2024,3,9,0,,,,history
Temple,2025,5,7,0,,,,history
Tennessee,1935,211,103,24,,,,ncaa
Tennessee,1936,6,2,2,,,,history
Tennessee,1937,6,3,1,,,,history
Tennessee,1938,11,0,0,,,,history
Tennessee,1939,10,1,0,,,,history
Tennessee,1940,10,1,0,,,,history
Tennessee,1941,8,2,0,,,,history
Tennessee,1942,9,1,1,,,,history
Tennessee,1944,7,1,1,,,,history
Tennessee,1945,8,1,0,,,,history
Tennessee,1946,9,2,0,,,,history
Tennessee,1947,5,5,0,,,,history
Tennessee,1948,4,4,2,,,,history
Tennessee,1949,7,2,1,,,,history
Tennessee,1950,11,1,0,,,,history
Tennessee,1951,10,1,0,,,,history
Tennessee,1952,8,2,1,,,,history
Tennessee,1953,6,4,1,,,,history
Tennessee,1954,4,6,0,,,,history
Tennessee,1955,6,3,1,,,,history
Tennessee,1956,10,1,0,,,,history
Tennessee,1957,8,3,0,,,,history
Tennessee,1958,4,6,0,,,,history
Tennessee,1959,5,4,1,,,,history
Tennessee,1960,6,2,2,,,,history
Tennessee,1961,6,4,0,,,,history
Tennessee,1962,4,6,0,,,,history
Tennessee,1963,5,5,0,,,,history
Tennessee,1964,4,5,1,,,,history
Tennessee,1965,8,1,2,,,,history
Tennessee,1966,8,3,0,,,,history
Tennessee,1967,9,2,0,,,,history
Tennessee,1968,8,2,1,,,,history
Tennessee,1969,9,2,0,,,,history
Tennessee,1970,11,1,0,,,,history
Tennessee,1971,10,2,0,,,,history
Tennessee,1972,10,2,0,,,,history
Tennessee,1973,8,4,0,,,,history
Tennessee,1974,7,3,2,,,,history
Tennessee,1975,7,5,0,,,,history
Tennessee,1976,6,5,0,,,,history
Tennessee,1977,4,7,0,,,,history
Tennessee,1978,5,5,1,,,,history
Tennessee,1979,7,5,0,,,,history
Tennessee,1980,5,6,0,,,,history
Tennessee,1981,8,4,0,,,,history
Tennessee,1982,6,5,1,,,,history
Tennessee,1983,9,3,0,,,,history
Tennessee,1984,7,4,1,,,,history
Tennessee,1985,9,1,2,,,,history
Tennessee,1986,7,5,0,,,,history
Tennessee,1987,10,2,1,,,,history
Tennessee,1988,5,6,0,,,,history
Tennessee,1989,11,1,0,,,,history
Tennessee,1990,9,2,2,,,,history
Tennessee,1991,9,3,0,,,,history
Tennessee,1992,9,3,0,,,,history
Tennessee,1993,9,2,1,,,,history
Tennessee,1994,8,4,0,,,,history
Tennessee,1995,11,1,0,,,,history
Tennessee,1996,10,2,0,,,,history
Tennessee,1997,11,2,0,,,,history
Tennessee,1998,13,0,0,,,,history
Tennessee,1999,9,3,0,,,,history
Tennessee,2000,8,4,0,,,,history
Tennessee,2001,11,2,0,,,,history
Tennessee,2002,8,5,0,,,,history
Tennessee,2003,10,3,0,,,,history
Tennessee,2004,10,3,0,,,,history
Tennessee,2005,5,6,0,,,,history
Tennessee,2006,9,4,0,,,,history
Tennessee,2007,10,4,0,,,,history
Tennessee,2008,5,7,0,,,,history
Tennessee,2009,7,6,0,,,,history
Tennessee,2010,6,7,0,,,,history
Tennessee,2011,5,7,0,,,,history
Tennessee,2012,5,7,0,,,,history
Tennessee,2013,5,7,0,,,,history
Tennessee,2014,7,6,0,,,,history
Tennessee,2015,9,4,0,,,,history
Tennessee,2016,9,4,0,,,,history
Tennessee,2017,4,8,0,,,,history
Tennessee,2018,5,7,0,,,,history
Tennessee,2019,8,5,0,8,0,Pruitt; 7 reg + 2020 Gator Bowl,history
Tennessee,2020,3,7,0,3,0,Pruitt,history
Tennessee,2021,7,6,0,,,,history
Tennessee,2022,11,2,0,,,,history
Tennessee,2023,9,4,0,,,,history
Tennessee,2024,10,3,0,,,,history
Tennessee,2025,8,5,0,,,,history
Texas,1935,262,85,18,,,,ncaa
Texas,1936,2,6,1,,,,history
Texas,1937,2,6,1,,,,history
Texas,1938,1,8,0,,,,history
Texas,1939,5,4,0,,,,history
Texas,1940,8,2,0,,,,history
Texas,1941,8,1,1,,,,history
Texas,1942,9,2,0,,,,history
Texas,1943,7,1,1,,,,history
Texas,1944,5,4,0,,,,history
Texas,1945,10,1,0,,,,history
Texas,1946,8,2,0,,,,history
Texas,1947,10,1,0,,,,history
Texas,1948,7,3,1,,,,history
Texas,1949,6,4,0,,,,history
Texas,1950,9,2,0,,,,history
Texas,1951,7,3,0,,,,history
Texas,1952,9,2,0,,,,history
Texas,1953,7,3,0,,,,history
Texas,1954,4,5,1,,,,history
Texas,1955,5,5,0,,,,history
Texas,1956,1,9,0,,,,history
Texas,1957,6,4,1,,,,history
Texas,1958,7,3,0,,,,history
Texas,1959,9,2,0,,,,history
Texas,1960,7,3,1,,,,history
Texas,1961,10,1,0,,,,history
Texas,1962,9,1,1,,,,history
Texas,1963,11,0,0,,,,history
Texas,1964,10,1,0,,,,history
Texas,1965,6,4,0,,,,history
Texas,1966,7,4,0,,,,history
Texas,1967,6,4,0,,,,history
Texas,1968,9,1,1,,,,history
Texas,1969,11,0,0,,,,history
Texas,1970,10,1,0,,,,history
Texas,1971,8,3,0,,,,history
Texas,1972,10,1,0,,,,history
Texas,1973,8,3,0,,,,history
Texas,1974,8,4,0,,,,history
Texas,1975,10,2,0,,,,history
Texas,1976,5,5,1,,,,history
Texas,1977,11,1,0,,,,history
Texas,1978,9,3,0,,,,history
Texas,1979,9,3,0,,,,history
Texas,1980,7,5,0,,,,history
Texas,1981,10,1,1,,,,history
Texas,1982,9,3,0,,,,history
Texas,1983,11,1,0,,,,history
Texas,1984,7,4,1,,,,history
Texas,1985,8,4,0,,,,history
Texas,1986,5,6,0,,,,history
Texas,1987,7,5,0,,,,history
Texas,1988,4,7,0,,,,history
Texas,1989,5,6,0,,,,history
Texas,1990,10,2,0,,,,history
Texas,1991,5,6,0,,,,history
Texas,1992,6,5,0,,,,history
Texas,1993,5,5,1,,,,history
Texas,1994,8,4,0,,,,history
Texas,1995,10,2,1,,,,history
Texas,1996,8,5,0,,,,history
Texas,1997,4,7,0,,,,history
Texas,1998,9,3,0,,,,history
Texas,1999,9,5,0,,,,history
Texas,2000,9,3,0,,,,history
Texas,2001,11,2,0,,,,history
Texas,2002,11,2,0,,,,history
Texas,2003,10,3,0,,,,history
Texas,2004,11,1,0,,,,history
Texas,2005,13,0,0,,,,history
Texas,2006,10,3,0,,,,history
Texas,2007,10,3,0,,,,history
Texas,2008,12,1,0,,,,history
Texas,2009,13,1,0,,,,history
Texas,2010,5,7,0,,,,history
Texas,2011,8,5,0,,,,history
Texas,2012,9,4,0,,,,history
Texas,2013,8,5,0,,,,history
Texas,2014,6,7,0,,,,history
Texas,2015,5,7,0,,,,history
Texas,2016,5,7,0,,,,history
Texas,2017,7,6,0,,,,history
Texas,2018,10,4,0,,,,history
Texas,2019,8,5,0,,,,history
Texas,2020,7,3,0,,,,history
Texas,2021,5,7,0,,,,history
Texas,2022,8,5,0,,,,history
Texas,2023,12,2,0,,,,history
Texas,2024,13,3,0,,,,history
Texas,2025,10,3,0,,,,history
Texas A&M,1935,212,95,24,,,,ncaa
Texas A&M,1936,8,3,1,,,,history
Texas A&M,1937,5,2,2,,,,history
Texas A&M,1938,4,4,1,,,,history
Texas A&M,1939,11,0,0,,,,history
Texas A&M,1940,9,1,0,,,,history
Texas A&M,1941,9,2,0,,,,history
Texas A&M,1942,4,5,1,,,,history
Texas A&M,1943,7,2,1,,,,history
Texas A&M,1944,7,4,0,,,,history
Texas A&M,1945,6,4,0,,,,history
Texas A&M,1946,4,6,0,,,,history
Texas A&M,1947,3,6,1,,,,history
Texas A&M,1948,0,9,1,,,,history
Texas A&M,1949,1,8,1,,,,history
Texas A&M,1950,7,4,0,,,,history
Texas A&M,1951,5,3,2,,,,history
Texas A&M,1952,3,6,1,,,,history
Texas A&M,1953,4,5,1,,,,history
Texas A&M,1954,1,9,0,,,,history
Texas A&M,1955,7,2,1,,,,history
Texas A&M,1956,9,0,1,,,,history
Texas A&M,1957,8,3,0,,,,history
Texas A&M,1958,4,6,0,,,,history
Texas A&M,1959,3,7,0,,,,history
Texas A&M,1960,1,6,3,,,,history
Texas A&M,1961,4,5,1,,,,history
Texas A&M,1962,3,7,0,,,,history
Texas A&M,1963,2,7,1,,,,history
Texas A&M,1964,1,9,0,,,,history
Texas A&M,1965,3,7,0,,,,history
Texas A&M,1966,4,5,1,,,,history
Texas A&M,1967,7,4,0,,,,history
Texas A&M,1968,3,7,0,,,,history
Texas A&M,1969,3,7,0,,,,history
Texas A&M,1970,2,9,0,,,,history
Texas A&M,1971,5,6,0,,,,history
Texas A&M,1972,3,8,0,,,,history
Texas A&M,1973,5,6,0,,,,history
Texas A&M,1974,8,3,0,,,,history
Texas A&M,1975,10,2,0,,,,history
Texas A&M,1976,10,2,0,,,,history
Texas A&M,1977,8,4,0,,,,history
Texas A&M,1978,8,4,0,,,,history
Texas A&M,1979,6,5,0,,,,history
Texas A&M,1980,4,7,0,,,,history
Texas A&M,1981,7,5,0,,,,history
Texas A&M,1982,5,6,0,,,,history
Texas A&M,1983,5,5,1,,,,history
Texas A&M,1984,6,5,0,,,,history
Texas A&M,1985,10,2,0,,,,history
Texas A&M,1986,9,3,0,,,,history
Texas A&M,1987,10,2,0,,,,history
Texas A&M,1988,7,5,0,,,,history
Texas A&M,1989,8,4,0,,,,history
Texas A&M,1990,9,3,1,,,,history
Texas A&M,1991,10,2,0,,,,history
Texas A&M,1992,12,1,0,,,,history
Texas A&M,1993,10,2,0,,,,history
Texas A&M,1994,10,0,1,,,,history
Texas A&M,1995,9,3,0,,,,history
Texas A&M,1996,6,6,0,,,,history
Texas A&M,1997,9,4,0,,,,history
Texas A&M,1998,11,3,0,,,,history
Texas A&M,1999,8,4,0,,,,history
Texas A&M,2000,7,5,0,,,,history
Texas A&M,2001,8,4,0,,,,history
Texas A&M,2002,6,6,0,,,,history
Texas A&M,2003,4,8,0,,,,history
Texas A&M,2004,7,5,0,,,,history
Texas A&M,2005,5,6,0,,,,history
Texas A&M,2006,9,4,0,,,,history
Texas A&M,2007,7,6,0,,,,history
Texas A&M,2008,4,8,0,,,,history
Texas A&M,2009,6,7,0,,,,history
Texas A&M,2010,9,4,0,,,,history
Texas A&M,2011,7,6,0,,,,history
Texas A&M,2012,11,2,0,,,,history
Texas A&M,2013,9,4,0,,,,history
Texas A&M,2014,8,5,0,,,,history
Texas A&M,2015,8,5,0,,,,history
Texas A&M,2016,8,5,0,,,,history
Texas A&M,2017,7,6,0,,,,history
Texas A&M,2018,9,4,0,,,,history
Texas A&M,2019,8,5,0,,,,history
Texas A&M,2020,9,1,0,,,,history
Texas A&M,2021,8,4,0,,,,history
Texas A&M,2022,5,7,0,,,,history
Texas A&M,2023,7,6,0,,,,history
Texas A&M,2024,8,5,0,,,,history
Texas A&M,2025,11,2,0,,,,history
Texas State,1909,0,1,0,,,,history
Texas State,1913,0,1,0,,,,history
Texas State,1916,0,1,0,,,,history
Texas State,1918,0,1,0,,,,history
Texas State,1919,0,2,0,,,,history
Texas State,1920,0,1,1,,,,history
Texas State,1921,1,0,0,,,,history
Texas State,1923,1,0,0,,,,history
Texas State,1930,0,1,0,,,,history
Texas State,1936,0,0,0,,,,history
Texas State,1937,0,0,0,,,,history
Texas State,1938,0,0,0,,,,history
Texas State,1939,0,0,0,,,,history
Texas State,1940,0,0,0,,,,history
Texas State,1941,0,0,0,,,,history
Texas State,1942,0,0,0,,,,history
Texas State,1946,0,0,0,,,,history
Texas State,1947,0,0,0,,,,history
Texas State,1948,0,0,0,,,,history
Texas State,1949,0,0,0,,,,history
Texas State,1950,0,0,0,,,,history
Texas State,1951,0,0,0,,,,history
Texas State,1952,0,0,0,,,,history
Texas State,1953,0,0,0,,,,history
Texas State,1954,0,0,0,,,,history
Texas State,1955,0,0,0,,,,history
Texas State,1956,0,0,0,,,,history
Texas State,1957,0,0,0,,,,history
Texas State,1958,0,0,0,,,,history
Texas State,1959,0,0,0,,,,history
Texas State,1960,0,0,0,,,,history
Texas State,1961,0,0,0,,,,history
Texas State,1962,0,0,0,,,,history
Texas State,1963,0,0,0,,,,history
Texas State,1964,0,0,0,,,,history
Texas State,1965,0,0,0,,,,history
Texas State,1966,0,0,0,,,,history
Texas State,1967,0,0,0,,,,history
Texas State,1968,0,0,0,,,,history
Texas State,1969,0,0,0,,,,history
Texas State,1970,0,0,0,,,,history
Texas State,1971,0,0,0,,,,history
Texas State,1972,0,0,0,,,,history
Texas State,1973,0,0,0,,,,history
Texas State,1974,0,0,0,,,,history
Texas State,1975,0,0,0,,,,history
Texas State,1976,0,0,0,,,,history
Texas State,1977,0,1,0,,,,history
Texas State,1978,0,0,0,,,,history
Texas State,1979,0,0,0,,,,history
Texas State,1980,0,1,0,,,,history
Texas State,1981,1,0,0,,,,history
Texas State,1982,0,0,0,,,,history
Texas State,1983,0,0,0,,,,history
Texas State,1984,1,0,0,,,,history
Texas State,1985,0,1,0,,,,history
Texas State,1986,1,0,0,,,,history
Texas State,1987,0,2,0,,,,history
Texas State,1988,0,1,0,,,,history
Texas State,1989,0,0,0,,,,history
Texas State,1990,0,0,0,,,,history
Texas State,1991,0,0,0,,,,history
Texas State,1992,0,0,0,,,,history
Texas State,1993,0,0,0,,,,history
Texas State,1994,0,1,0,,,,history
Texas State,1995,0,0,0,,,,history
Texas State,1996,1,0,0,,,,history
Texas State,1997,0,0,0,,,,history
Texas State,1998,0,0,0,,,,history
Texas State,1999,0,0,0,,,,history
Texas State,2000,1,1,0,,,,history
Texas State,2001,0,1,0,,,,history
Texas State,2002,0,1,0,,,,history
Texas State,2003,4,8,0,,,,history
Texas State,2004,5,7,0,,,,history
Texas State,2005,11,2,0,,,,history
Texas State,2006,5,6,0,,,,history
Texas State,2007,3,7,0,,,,history
Texas State,2008,3,2,0,,,,history
Texas State,2009,7,4,0,,,,history
Texas State,2010,4,6,0,,,,history
Texas State,2011,6,6,0,,,,history
Texas State,2012,4,8,0,,,,history
Texas State,2013,6,6,0,,,,history
Texas State,2014,7,5,0,,,,history
Texas State,2015,3,9,0,,,,history
Texas State,2016,2,10,0,,,,history
Texas State,2017,2,10,0,,,,history
Texas State,2018,3,9,0,,,,history
Texas State,2019,3,9,0,,,,history
Texas State,2020,2,10,0,,,,history
Texas State,2021,4,8,0,,,,history
Texas State,2022,4,8,0,,,,history
Texas State,2023,8,5,0,,,,history
Texas State,2024,8,5,0,,,,history
Texas State,2025,7,6,0,,,,history
Texas Tech,1926,0,1,0,,,,history
Texas Tech,1927,0,2,0,,,,history
Texas Tech,1928,0,2,0,,,,history
Texas Tech,1929,0,2,0,,,,history
Texas Tech,1930,0,1,0,,,,history
Texas Tech,1931,3,1,0,,,,history
Texas Tech,1932,10,2,0,,,,history
Texas Tech,1933,8,1,0,,,,history
Texas Tech,1934,7,2,1,,,,history
Texas Tech,1935,5,3,2,,,,history
Texas Tech,1936,5,4,1,,,,history
Texas Tech,1937,8,4,0,,,,history
Texas Tech,1938,10,1,0,,,,history
Texas Tech,1939,5,5,1,,,,history
Texas Tech,1940,9,1,1,,,,history
Texas Tech,1941,9,2,0,,,,history
Texas Tech,1942,4,5,1,,,,history
Texas Tech,1943,4,6,0,,,,history
Texas Tech,1944,4,7,0,,,,history
Texas Tech,1945,3,5,2,,,,history
Texas Tech,1946,8,3,0,,,,history
Texas Tech,1947,6,5,0,,,,history
Texas Tech,1948,7,3,0,,,,history
Texas Tech,1949,7,5,0,,,,history
Texas Tech,1950,3,8,0,,,,history
Texas Tech,1951,7,4,0,,,,history
Texas Tech,1952,3,7,1,,,,history
Texas Tech,1953,11,1,0,,,,history
Texas Tech,1954,7,2,1,,,,history
Texas Tech,1955,7,3,1,,,,history
Texas Tech,1956,2,7,1,,,,history
Texas Tech,1957,2,8,0,,,,history
Texas Tech,1958,3,7,0,,,,history
Texas Tech,1959,4,6,0,,,,history
Texas Tech,1960,3,6,1,,,,history
Texas Tech,1961,4,6,0,,,,history
Texas Tech,1962,1,9,0,,,,history
Texas Tech,1963,5,5,0,,,,history
Texas Tech,1964,6,4,1,,,,history
Texas Tech,1965,8,3,0,,,,history
Texas Tech,1966,4,6,0,,,,history
Texas Tech,1967,6,4,0,,,,history
Texas Tech,1968,5,3,2,,,,history
Texas Tech,1969,5,5,0,,,,history
Texas Tech,1970,8,4,0,,,,history
Texas Tech,1971,4,7,0,,,,history
Texas Tech,1972,8,4,0,,,,history
Texas Tech,1973,11,1,0,,,,history
Texas Tech,1974,6,4,2,,,,history
Texas Tech,1975,6,5,0,,,,history
Texas Tech,1976,10,2,0,,,,history
Texas Tech,1977,7,5,0,,,,history
Texas Tech,1978,7,4,0,,,,history
Texas Tech,1979,3,6,2,,,,history
Texas Tech,1980,5,6,0,,,,history
Texas Tech,1981,1,9,1,,,,history
Texas Tech,1982,4,7,0,,,,history
Texas Tech,1983,3,7,1,,,,history
Texas Tech,1984,4,7,0,,,,history
Texas Tech,1985,4,7,0,,,,history
Texas Tech,1986,7,5,0,,,,history
Texas Tech,1987,6,4,1,,,,history
Texas Tech,1988,5,6,0,,,,history
Texas Tech,1989,9,3,0,,,,history
Texas Tech,1990,4,7,0,,,,history
Texas Tech,1991,6,5,0,,,,history
Texas Tech,1992,5,6,0,,,,history
Texas Tech,1993,6,6,0,,,,history
Texas Tech,1994,6,6,0,,,,history
Texas Tech,1995,9,3,0,,,,history
Texas Tech,1996,7,5,0,,,,history
Texas Tech,1997,6,5,0,,,,history
Texas Tech,1998,7,5,0,,,,history
Texas Tech,1999,6,5,0,,,,history
Texas Tech,2000,7,6,0,,,,history
Texas Tech,2001,7,5,0,,,,history
Texas Tech,2002,9,5,0,,,,history
Texas Tech,2003,8,5,0,,,,history
Texas Tech,2004,8,4,0,,,,history
Texas Tech,2005,9,3,0,,,,history
Texas Tech,2006,8,5,0,,,,history
Texas Tech,2007,9,4,0,,,,history
Texas Tech,2008,11,2,0,,,,history
Texas Tech,2009,9,4,0,,,,history
Texas Tech,2010,8,5,0,,,,history
Texas Tech,2011,5,7,0,,,,history
Texas Tech,2012,8,5,0,,,,history
Texas Tech,2013,8,5,0,,,,history
Texas Tech,2014,4,8,0,,,,history
Texas Tech,2015,7,6,0,,,,history
Texas Tech,2016,5,7,0,,,,history
Texas Tech,2017,6,7,0,,,,history
Texas Tech,2018,5,7,0,,,,history
Texas Tech,2019,4,8,0,,,,history
Texas Tech,2020,4,6,0,,,,history
Texas Tech,2021,7,6,0,,,,history
Texas Tech,2022,8,5,0,,,,history
Texas Tech,2023,7,6,0,,,,history
Texas Tech,2024,8,5,0,,,,history
Texas Tech,2025,12,2,0,,,,history
Toledo,1923,0,1,0,,,,history
Toledo,1924,0,1,0,,,,history
Toledo,1925,0,1,0,,,,history
Toledo,1936,0,0,0,,,,history
Toledo,1937,0,1,0,,,,history
Toledo,1938,0,0,0,,,,history
Toledo,1939,0,0,0,,,,history
Toledo,1940,0,0,0,,,,history
Toledo,1941,0,0,0,,,,history
Toledo,1942,0,0,0,,,,history
Toledo,1946,0,1,0,,,,history
Toledo,1947,0,0,0,,,,history
Toledo,1948,0,1,0,,,,history
Toledo,1949,0,0,0,,,,history
Toledo,1950,1,0,0,,,,history
Toledo,1951,1,1,0,,,,history
Toledo,1952,0,0,0,,,,history
Toledo,1953,0,0,0,,,,history
Toledo,1954,0,0,0,,,,history
Toledo,1955,1,0,0,,,,history
Toledo,1956,0,0,0,,,,history
Toledo,1957,0,0,0,,,,history
Toledo,1958,0,0,0,,,,history
Toledo,1959,0,0,0,,,,history
Toledo,1960,0,0,0,,,,history
Toledo,1961,0,1,0,,,,history
Toledo,1962,3,6,0,,,,history
Toledo,1963,2,7,0,,,,history
Toledo,1964,2,8,0,,,,history
Toledo,1965,5,5,0,,,,history
Toledo,1966,2,7,1,,,,history
Toledo,1967,9,1,0,,,,history
Toledo,1968,5,4,1,,,,history
Toledo,1969,11,0,0,,,,history
Toledo,1970,12,0,0,,,,history
Toledo,1971,12,0,0,,,,history
Toledo,1972,6,5,0,,,,history
Toledo,1973,3,8,0,,,,history
Toledo,1974,6,5,0,,,,history
Toledo,1975,5,6,0,,,,history
Toledo,1976,3,8,0,,,,history
Toledo,1977,2,9,0,,,,history
Toledo,1978,2,9,0,,,,history
Toledo,1979,7,3,1,,,,history
Toledo,1980,4,7,0,,,,history
Toledo,1981,9,3,0,,,,history
Toledo,1982,6,5,0,,,,history
Toledo,1983,9,2,0,,,,history
Toledo,1984,8,3,1,,,,history
Toledo,1985,4,7,0,,,,history
Toledo,1986,7,4,0,,,,history
Toledo,1987,3,7,1,,,,history
Toledo,1988,6,5,0,,,,history
Toledo,1989,6,5,0,,,,history
Toledo,1990,9,2,0,,,,history
Toledo,1991,5,5,1,,,,history
Toledo,1992,8,3,0,,,,history
Toledo,1993,4,7,0,,,,history
Toledo,1994,6,4,1,,,,history
Toledo,1995,11,0,1,,,,history
Toledo,1996,7,4,0,,,,history
Toledo,1997,9,3,0,,,,history
Toledo,1998,7,5,0,,,,history
Toledo,1999,6,5,0,,,,history
Toledo,2000,10,1,0,,,,history
Toledo,2001,10,2,0,,,,history
Toledo,2002,9,5,0,,,,history
Toledo,2003,8,4,0,,,,history
Toledo,2004,9,4,0,,,,history
Toledo,2005,9,3,0,,,,history
Toledo,2006,5,7,0,,,,history
Toledo,2007,5,7,0,,,,history
Toledo,2008,3,9,0,,,,history
Toledo,2009,5,7,0,,,,history
Toledo,2010,8,5,0,,,,history
Toledo,2011,9,4,0,,,,history
Toledo,2012,9,4,0,,,,history
Toledo,2013,7,5,0,,,,history
Toledo,2014,9,4,0,,,,history
Toledo,2015,10,2,0,,,,history
Toledo,2016,9,4,0,,,,history
Toledo,2017,11,3,0,,,,history
Toledo,2018,7,6,0,,,,history
Toledo,2019,6,6,0,,,,history
Toledo,2020,4,2,0,,,,history
Toledo,2021,7,6,0,,,,history
Toledo,2022,9,5,0,,,,history
Toledo,2023,11,3,0,,,,history
Toledo,2024,8,5,0,,,,history
Toledo,2025,8,5,0,,,,history
Troy,1935,0,1,0,,,,history
Troy,1970,0,0,0,,,,history
Troy,1971,0,0,0,,,,history
Troy,1972,0,0,0,,,,history
Troy,1973,0,0,0,,,,history
Troy,1974,0,0,0,,,,history
Troy,1975,0,0,0,,,,history
Troy,1976,0,0,0,,,,history
Troy,1977,0,1,0,,,,history
Troy,1978,0,0,0,,,,history
Troy,1979,0,0,0,,,,history
Troy,1980,0,0,0,,,,history
Troy,1981,0,0,0,,,,history
Troy,1982,0,0,0,,,,history
Troy,1983,0,0,0,,,,history
Troy,1984,0,0,0,,,,history
Troy,1985,0,0,0,,,,history
Troy,1986,0,0,0,,,,history
Troy,1987,0,0,0,,,,history
Troy,1988,0,0,0,,,,history
Troy,1989,0,0,0,,,,history
Troy,1990,0,0,0,,,,history
Troy,1991,0,1,0,,,,history
Troy,1992,1,0,0,,,,history
Troy,1993,0,0,0,,,,history
Troy,1994,1,1,0,,,,history
Troy,1995,1,0,0,,,,history
Troy,1996,0,0,0,,,,history
Troy,1997,0,0,0,,,,history
Troy,1998,0,1,0,,,,history
Troy,1999,2,0,0,,,,history
Troy,2000,0,1,0,,,,history
Troy,2001,7,4,0,,,,history
Troy,2002,4,8,0,,,,history
Troy,2003,6,6,0,,,,history
Troy,2004,7,5,0,,,,history
Troy,2005,4,7,0,,,,history
Troy,2006,8,5,0,,,,history
Troy,2007,8,4,0,,,,history
Troy,2008,8,5,0,,,,history
Troy,2009,9,4,0,,,,history
Troy,2010,8,5,0,,,,history
Troy,2011,3,9,0,,,,history
Troy,2012,5,7,0,,,,history
Troy,2013,6,6,0,,,,history
Troy,2014,3,9,0,,,,history
Troy,2015,4,8,0,,,,history
Troy,2016,10,3,0,,,,history
Troy,2017,11,2,0,,,,history
Troy,2018,10,3,0,,,,history
Troy,2019,5,7,0,,,,history
Troy,2020,5,6,0,,,,history
Troy,2021,5,7,0,,,,history
Troy,2022,12,2,0,,,,history
Troy,2023,11,3,0,,,,history
Troy,2024,4,8,0,,,,history
Troy,2025,8,6,0,,,,history
Tulane,1902,1,4,2,,,,history
Tulane,1903,0,1,0,,,,history
Tulane,1904,5,2,0,,,,history
Tulane,1906,0,4,1,,,,history
Tulane,1907,3,2,0,,,,history
Tulane,1908,7,1,0,,,,history
Tulane,1909,4,3,2,,,,history
Tulane,1910,0,7,0,,,,history
Tulane,1911,5,3,1,,,,history
Tulane,1912,5,3,0,,,,history
Tulane,1913,3,5,0,,,,history
Tulane,1914,3,3,1,,,,history
Tulane,1915,4,4,0,,,,history
Tulane,1916,4,3,1,,,,history
Tulane,1917,5,3,0,,,,history
Tulane,1919,6,2,1,,,,history
Tulane,1920,6,2,1,,,,history
Tulane,1921,4,6,0,,,,history
Tulane,1922,4,4,0,,,,history
Tulane,1923,6,3,1,,,,history
Tulane,1924,8,1,0,,,,history
Tulane,1925,9,0,1,,,,history
Tulane,1926,3,5,1,,,,history
Tulane,1927,2,5,1,,,,history
Tulane,1928,6,3,1,,,,history
Tulane,1929,9,0,0,,,,history
Tulane,1930,8,1,0,,,,history
Tulane,1931,11,1,0,,,,history
Tulane,1932,6,2,1,,,,history
Tulane,1933,6,3,1,,,,history
Tulane,1934,10,1,0,,,,history
Tulane,1935,6,4,0,,,,history
Tulane,1936,6,3,1,,,,history
Tulane,1937,5,4,1,,,,history
Tulane,1938,7,2,1,,,,history
Tulane,1939,8,1,1,,,,history
Tulane,1940,5,5,0,,,,history
Tulane,1941,5,4,0,,,,history
Tulane,1942,4,5,0,,,,history
Tulane,1943,3,3,0,,,,history
Tulane,1944,4,3,0,,,,history
Tulane,1945,2,6,1,,,,history
Tulane,1946,3,7,0,,,,history
Tulane,1947,2,5,2,,,,history
Tulane,1948,9,1,0,,,,history
Tulane,1949,7,2,1,,,,history
Tulane,1950,6,2,1,,,,history
Tulane,1951,4,6,0,,,,history
Tulane,1952,5,5,0,,,,history
Tulane,1953,1,8,1,,,,history
Tulane,1954,1,6,3,,,,history
Tulane,1955,5,4,1,,,,history
Tulane,1956,6,4,0,,,,history
Tulane,1957,2,8,0,,,,history
Tulane,1958,3,7,0,,,,history
Tulane,1959,3,6,1,,,,history
Tulane,1960,3,6,1,,,,history
Tulane,1961,2,8,0,,,,history
Tulane,1962,0,10,0,,,,history
Tulane,1963,1,8,1,,,,history
Tulane,1964,3,7,0,,,,history
Tulane,1965,2,8,0,,,,history
Tulane,1966,5,4,1,,,,history
Tulane,1967,3,7,0,,,,history
Tulane,1968,2,8,0,,,,history
Tulane,1969,3,7,0,,,,history
Tulane,1970,8,4,0,,,,history
Tulane,1971,3,8,0,,,,history
Tulane,1972,6,5,0,,,,history
Tulane,1973,9,3,0,,,,history
Tulane,1974,5,6,0,,,,history
Tulane,1975,4,7,0,,,,history
Tulane,1976,2,9,0,,,,history
Tulane,1977,3,8,0,,,,history
Tulane,1978,4,7,0,,,,history
Tulane,1979,9,3,0,,,,history
Tulane,1980,7,5,0,,,,history
Tulane,1981,6,5,0,,,,history
Tulane,1982,4,7,0,,,,history
Tulane,1983,4,7,0,,,,history
Tulane,1984,3,8,0,,,,history
Tulane,1985,1,10,0,,,,history
Tulane,1986,4,7,0,,,,history
Tulane,1987,6,6,0,,,,history
Tulane,1988,5,6,0,,,,history
Tulane,1989,4,8,0,,,,history
Tulane,1990,4,7,0,,,,history
Tulane,1991,1,10,0,,,,history
Tulane,1992,2,9,0,,,,history
Tulane,1993,3,9,0,,,,history
Tulane,1994,1,10,0,,,,history
Tulane,1995,2,9,0,,,,history
Tulane,1996,2,9,0,,,,history
Tulane,1997,7,4,0,,,,history
Tulane,1998,12,0,0,,,,history
Tulane,1999,3,8,0,,,,history
Tulane,2000,6,5,0,,,,history
Tulane,2001,3,9,0,,,,history
Tulane,2002,8,5,0,,,,history
Tulane,2003,5,7,0,,,,history
Tulane,2004,5,6,0,,,,history
Tulane,2005,2,9,0,,,,history
Tulane,2006,4,8,0,,,,history
Tulane,2007,4,8,0,,,,history
Tulane,2008,2,10,0,,,,history
Tulane,2009,3,9,0,,,,history
Tulane,2010,4,8,0,,,,history
Tulane,2011,2,11,0,,,,history
Tulane,2012,2,10,0,,,,history
Tulane,2013,7,6,0,,,,history
Tulane,2014,3,9,0,,,,history
Tulane,2015,3,9,0,,,,history
Tulane,2016,4,8,0,,,,history
Tulane,2017,5,7,0,,,,history
Tulane,2018,7,6,0,,,,history
Tulane,2019,7,6,0,,,,history
Tulane,2020,6,6,0,,,,history
Tulane,2021,2,10,0,,,,history
Tulane,2022,12,2,0,,,,history
Tulane,2023,11,3,0,,,,history
Tulane,2024,9,5,0,,,,history
Tulane,2025,11,3,0,,,,history
Tulsa,1914,0,2,0,,,,history
Tulsa,1915,1,1,1,,,,history
Tulsa,1916,3,0,0,,,,history
Tulsa,1917,0,8,1,,,,history
Tulsa,1918,0,2,0,,,,history
Tulsa,1919,2,0,1,,,,history
Tulsa,1920,1,0,1,,,,history
Tulsa,1921,1,1,0,,,,history
Tulsa,1922,3,0,0,,,,history
Tulsa,1925,0,1,0,,,,history
Tulsa,1926,2,0,0,,,,history
Tulsa,1927,1,0,0,,,,history
Tulsa,1928,1,1,0,,,,history
Tulsa,1929,0,2,0,,,,history
Tulsa,1930,1,1,0,,,,history
Tulsa,1931,2,2,0,,,,history
Tulsa,1932,2,1,1,,,,history
Tulsa,1933,6,1,0,,,,history
Tulsa,1934,5,2,1,,,,history
Tulsa,1935,3,6,1,,,,history
Tulsa,1936,5,2,2,,,,history
Tulsa,1937,6,2,2,,,,history
Tulsa,1938,4,5,1,,,,history
Tulsa,1939,4,5,1,,,,history
Tulsa,1940,7,3,0,,,,history
Tulsa,1941,8,2,0,,,,history
Tulsa,1942,10,1,0,,,,history
Tulsa,1943,6,1,1,,,,history
Tulsa,1944,8,2,0,,,,history
Tulsa,1945,8,3,0,,,,history
Tulsa,1946,9,1,0,,,,history
Tulsa,1947,5,5,0,,,,history
Tulsa,1948,0,9,1,,,,history
Tulsa,1949,5,5,1,,,,history
Tulsa,1950,9,1,1,,,,history
Tulsa,1951,9,2,0,,,,history
Tulsa,1952,8,2,1,,,,history
Tulsa,1953,3,7,0,,,,history
Tulsa,1954,0,11,0,,,,history
Tulsa,1955,2,7,1,,,,history
Tulsa,1956,7,2,1,,,,history
Tulsa,1957,4,6,0,,,,history
Tulsa,1958,7,3,0,,,,history
Tulsa,1959,5,5,0,,,,history
Tulsa,1960,5,5,0,,,,history
Tulsa,1961,2,8,0,,,,history
Tulsa,1962,5,5,0,,,,history
Tulsa,1963,5,5,0,,,,history
Tulsa,1964,9,2,0,,,,history
Tulsa,1965,8,3,0,,,,history
Tulsa,1966,6,4,0,,,,history
Tulsa,1967,7,3,0,,,,history
Tulsa,1968,3,7,0,,,,history
Tulsa,1969,1,9,0,,,,history
Tulsa,1970,6,4,0,,,,history
Tulsa,1971,4,7,0,,,,history
Tulsa,1972,4,7,0,,,,history
Tulsa,1973,6,5,0,,,,history
Tulsa,1974,8,3,0,,,,history
Tulsa,1975,7,4,0,,,,history
Tulsa,1976,7,4,1,,,,history
Tulsa,1977,3,8,0,,,,history
Tulsa,1978,9,2,0,,,,history
Tulsa,1979,6,5,0,,,,history
Tulsa,1980,8,3,0,,,,history
Tulsa,1981,6,5,0,,,,history
Tulsa,1982,10,1,0,,,,history
Tulsa,1983,8,3,0,,,,history
Tulsa,1984,6,5,0,,,,history
Tulsa,1985,6,5,0,,,,history
Tulsa,1986,7,4,0,,,,history
Tulsa,1987,3,8,0,,,,history
Tulsa,1988,4,7,0,,,,history
Tulsa,1989,6,6,0,,,,history
Tulsa,1990,3,8,0,,,,history
Tulsa,1991,10,2,0,,,,history
Tulsa,1992,4,7,0,,,,history
Tulsa,1993,4,6,1,,,,history
Tulsa,1994,3,8,0,,,,history
Tulsa,1995,4,7,0,,,,history
Tulsa,1996,4,7,0,,,,history
Tulsa,1997,2,9,0,,,,history
Tulsa,1998,4,7,0,,,,history
Tulsa,1999,2,9,0,,,,history
Tulsa,2000,5,7,0,,,,history
Tulsa,2001,1,10,0,,,,history
Tulsa,2002,1,11,0,,,,history
Tulsa,2003,8,5,0,,,,history
Tulsa,2004,4,8,0,,,,history
Tulsa,2005,9,4,0,,,,history
Tulsa,2006,8,5,0,,,,history
Tulsa,2007,10,4,0,,,,history
Tulsa,2008,11,3,0,,,,history
Tulsa,2009,5,7,0,,,,history
Tulsa,2010,10,3,0,,,,history
Tulsa,2011,8,5,0,,,,history
Tulsa,2012,11,3,0,,,,history
Tulsa,2013,3,9,0,,,,history
Tulsa,2014,2,10,0,,,,history
Tulsa,2015,6,7,0,,,,history
Tulsa,2016,10,3,0,,,,history
Tulsa,2017,2,10,0,,,,history
Tulsa,2018,3,9,0,,,,history
Tulsa,2019,4,8,0,,,,history
Tulsa,2020,6,3,0,,,,history
Tulsa,2021,7,6,0,,,,history
Tulsa,2022,5,7,0,,,,history
Tulsa,2023,4,8,0,,,,history
Tulsa,2024,3,9,0,,,,history
Tulsa,2025,4,8,0,,,,history
UAB,1991,0,0,0,,,,history
UAB,1992,0,0,0,,,,history
UAB,1993,0,0,0,,,,history
UAB,1994,0,1,0,,,,history
UAB,1995,1,1,0,,,,history
UAB,1996,5,6,0,,,,history
UAB,1997,5,6,0,,,,history
UAB,1998,4,7,0,,,,history
UAB,1999,5,6,0,,,,history
UAB,2000,7,4,0,,,,history
UAB,2001,6,5,0,,,,history
UAB,2002,5,7,0,,,,history
UAB,2003,5,7,0,,,,history
UAB,2004,7,5,0,,,,history
UAB,2005,5,6,0,,,,history
UAB,2006,3,9,0,,,,history
UAB,2007,2,10,0,,,,history
UAB,2008,4,8,0,,,,history
UAB,2009,5,7,0,,,,history
UAB,2010,4,8,0,,,,history
UAB,2011,3,9,0,,,,history
UAB,2012,3,9,0,,,,history
UAB,2013,2,10,0,,,,history
UAB,2014,6,6,0,,,,history
UAB,2017,8,5,0,,,,history
UAB,2018,11,3,0,,,,history
UAB,2019,9,5,0,,,,history
UAB,2020,6,3,0,,,,history
UAB,2021,9,4,0,,,,history
UAB,2022,7,6,0,,,,history
UAB,2023,4,8,0,,,,history
UAB,2024,3,9,0,,,,history
UAB,2025,4,8,0,,,,history
UCF,1979,0,0,0,,,,history
UCF,1980,0,0,0,,,,history
UCF,1981,0,0,0,,,,history
UCF,1982,0,0,0,,,,history
UCF,1983,0,1,0,,,,history
UCF,1984,1,1,0,,,,history
UCF,1985,0,2,0,,,,history
UCF,1986,0,1,0,,,,history
UCF,1987,0,0,0,,,,history
UCF,1988,0,0,0,,,,history
UCF,1989,0,0,0,,,,history
UCF,1990,0,1,0,,,,history
UCF,1991,1,1,0,,,,history
UCF,1992,0,0,0,,,,history
UCF,1993,1,1,0,,,,history
UCF,1994,1,1,0,,,,history
UCF,1995,1,2,0,,,,history
UCF,1996,5,6,0,,,,history
UCF,1997,5,6,0,,,,history
UCF,1998,9,2,0,,,,history
UCF,1999,4,7,0,,,,history
UCF,2000,7,4,0,,,,history
UCF,2001,6,5,0,,,,history
UCF,2002,7,5,0,,,,history
UCF,2003,3,9,0,,,,history
UCF,2004,0,11,0,,,,history
UCF,2005,8,5,0,,,,history
UCF,2006,4,8,0,,,,history
UCF,2007,10,4,0,,,,history
UCF,2008,4,8,0,,,,history
UCF,2009,8,5,0,,,,history
UCF,2010,11,3,0,,,,history
UCF,2011,5,7,0,,,,history
UCF,2012,10,4,0,,,,history
UCF,2013,12,1,0,,,,history
UCF,2014,9,4,0,,,,history
UCF,2015,0,12,0,,,,history
UCF,2016,6,7,0,,,,history
UCF,2017,13,0,0,,,,history
UCF,2018,12,1,0,,,,history
UCF,2019,10,3,0,,,,history
UCF,2020,6,4,0,,,,history
UCF,2021,9,4,0,,,,history
UCF,2022,9,5,0,,,,history
UCF,2023,6,7,0,,,,history
UCF,2024,4,8,0,,,,history
UCF,2025,5,7,0,,,,history
UCLA,1925,0,1,0,,,,history
UCLA,1926,0,1,0,,,,history
UCLA,1927,0,1,0,,,,history
UCLA,1928,4,4,1,,,,history
UCLA,1929,4,4,0,,,,history
UCLA,1930,3,5,0,,,,history
UCLA,1931,3,4,1,,,,history
UCLA,1932,6,4,0,,,,history
UCLA,1933,6,4,1,,,,history
UCLA,1934,7,3,0,,,,history
UCLA,1935,8,2,0,,,,history
UCLA,1936,6,3,1,,,,history
UCLA,1937,2,6,1,,,,history
UCLA,1938,7,4,1,,,,history
UCLA,1939,6,0,4,,,,history
UCLA,1940,1,9,0,,,,history
UCLA,1941,5,5,1,,,,history
UCLA,1942,7,4,0,,,,history
UCLA,1943,1,8,0,,,,history
UCLA,1944,4,5,1,,,,history
UCLA,1945,5,4,0,,,,history
UCLA,1946,10,1,0,,,,history
UCLA,1947,5,4,0,,,,history
UCLA,1948,3,7,0,,,,history
UCLA,1949,6,3,0,,,,history
UCLA,1950,6,3,0,,,,history
UCLA,1951,5,3,1,,,,history
UCLA,1952,8,1,0,,,,history
UCLA,1953,8,2,0,,,,history
UCLA,1954,9,0,0,,,,history
UCLA,1955,9,2,0,,,,history
UCLA,1956,7,3,0,,,,history
UCLA,1957,8,2,0,,,,history
UCLA,1958,3,6,1,,,,history
UCLA,1959,5,4,1,,,,history
UCLA,1960,7,2,1,,,,history
UCLA,1961,7,4,0,,,,history
UCLA,1962,4,6,0,,,,history
UCLA,1963,2,8,0,,,,history
UCLA,1964,4,6,0,,,,history
UCLA,1965,8,2,1,,,,history
UCLA,1966,9,1,0,,,,history
UCLA,1967,7,2,1,,,,history
UCLA,1968,3,7,0,,,,history
UCLA,1969,8,1,1,,,,history
UCLA,1970,6,5,0,,,,history
UCLA,1971,2,7,1,,,,history
UCLA,1972,8,3,0,,,,history
UCLA,1973,9,2,0,,,,history
UCLA,1974,6,3,2,,,,history
UCLA,1975,9,2,1,,,,history
UCLA,1976,9,2,1,,,,history
UCLA,1977,7,4,0,,,,history
UCLA,1978,8,3,1,,,,history
UCLA,1979,5,6,0,,,,history
UCLA,1980,9,2,0,,,,history
UCLA,1981,7,4,1,,,,history
UCLA,1982,10,1,1,,,,history
UCLA,1983,7,4,1,,,,history
UCLA,1984,9,3,0,,,,history
UCLA,1985,9,2,1,,,,history
UCLA,1986,8,3,1,,,,history
UCLA,1987,10,2,0,,,,history
UCLA,1988,10,2,0,,,,history
UCLA,1989,3,7,1,,,,history
UCLA,1990,5,6,0,,,,history
UCLA,1991,9,3,0,,,,history
UCLA,1992,6,5,0,,,,history
UCLA,1993,8,4,0,,,,history
UCLA,1994,5,6,0,,,,history
UCLA,1995,7,5,0,,,,history
UCLA,1996,5,6,0,,,,history
UCLA,1997,10,2,0,,,,history
UCLA,1998,10,2,0,,,,history
UCLA,1999,4,7,0,,,,history
UCLA,2000,6,6,0,,,,history
UCLA,2001,7,4,0,,,,history
UCLA,2002,8,5,0,,,,history
UCLA,2003,6,7,0,,,,history
UCLA,2004,6,6,0,,,,history
UCLA,2005,10,2,0,,,,history
UCLA,2006,7,6,0,,,,history
UCLA,2007,6,7,0,,,,history
UCLA,2008,4,8,0,,,,history
UCLA,2009,7,6,0,,,,history
UCLA,2010,4,8,0,,,,history
UCLA,2011,6,8,0,,,,history
UCLA,2012,9,5,0,,,,history
UCLA,2013,10,3,0,,,,history
UCLA,2014,10,3,0,,,,history
UCLA,2015,8,5,0,,,,history
UCLA,2016,4,8,0,,,,history
UCLA,2017,6,7,0,,,,history
UCLA,2018,3,9,0,,,,history
UCLA,2019,4,8,0,,,,history
UCLA,2020,3,4,0,,,,history
UCLA,2021,8,4,0,,,,history
UCLA,2022,9,4,0,,,,history
UCLA,2023,8,5,0,,,,history
UCLA,2024,5,7,0,,,,history
UCLA,2025,3,9,0,,,,history
UConn,1899,0,1,0,,,,history
UConn,1900,0,2,0,,,,history
UConn,1905,0,1,0,,,,history
UConn,1936,1,0,0,,,,history
UConn,1937,0,1,0,,,,history
UConn,1938,0,0,0,,,,history
UConn,1939,0,1,0,,,,history
UConn,1940,0,0,0,,,,history
UConn,1941,0,0,0,,,,history
UConn,1942,0,1,0,,,,history
UConn,1944,0,0,0,,,,history
UConn,1945,0,0,0,,,,history
UConn,1946,0,1,0,,,,history
UConn,1947,0,1,0,,,,history
UConn,1948,0,2,0,,,,history
UConn,1949,0,1,0,,,,history
UConn,1950,1,1,0,,,,history
UConn,1951,0,0,0,,,,history
UConn,1952,0,2,0,,,,history
UConn,1953,0,2,0,,,,history
UConn,1954,0,3,0,,,,history
UConn,1955,2,1,0,,,,history
UConn,1956,1,1,0,,,,history
UConn,1957,0,3,0,,,,history
UConn,1958,0,2,0,,,,history
UConn,1959,0,3,0,,,,history
UConn,1960,1,3,0,,,,history
UConn,1961,0,4,0,,,,history
UConn,1962,1,3,0,,,,history
UConn,1963,1,1,0,,,,history
UConn,1964,1,3,0,,,,history
UConn,1965,1,2,0,,,,history
UConn,1966,0,2,0,,,,history
UConn,1967,1,2,0,,,,history
UConn,1968,0,4,0,,,,history
UConn,1969,2,0,0,,,,history
UConn,1970,0,2,1,,,,history
UConn,1971,1,2,0,,,,history
UConn,1972,0,3,0,,,,history
UConn,1973,3,0,0,,,,history
UConn,1974,1,2,0,,,,history
UConn,1975,1,4,0,,,,history
UConn,1976,0,5,0,,,,history
UConn,1977,0,4,0,,,,history
UConn,1978,0,5,0,,,,history
UConn,1979,3,6,2,,,,history
UConn,1980,2,1,0,,,,history
UConn,1981,1,1,0,,,,history
UConn,1982,0,0,0,,,,history
UConn,1983,0,1,0,,,,history
UConn,1984,0,0,0,,,,history
UConn,1985,0,0,0,,,,history
UConn,1986,0,0,0,,,,history
UConn,1987,0,0,0,,,,history
UConn,1988,0,0,0,,,,history
UConn,1989,0,1,0,,,,history
UConn,1990,0,1,0,,,,history
UConn,1991,0,0,0,,,,history
UConn,1992,0,0,0,,,,history
UConn,1993,0,0,0,,,,history
UConn,1994,0,0,0,,,,history
UConn,1995,0,0,0,,,,history
UConn,1996,0,0,0,,,,history
UConn,1997,0,0,0,,,,history
UConn,1998,0,0,0,,,,history
UConn,1999,1,1,0,,,,history
UConn,2000,3,8,0,,,,history
UConn,2001,2,9,0,,,,history
UConn,2002,6,6,0,,,,history
UConn,2003,9,3,0,,,,history
UConn,2004,8,4,0,,,,history
UConn,2005,5,6,0,,,,history
UConn,2006,4,8,0,,,,history
UConn,2007,9,4,0,,,,history
UConn,2008,8,5,0,,,,history
UConn,2009,8,5,0,,,,history
UConn,2010,8,5,0,,,,history
UConn,2011,5,7,0,,,,history
UConn,2012,5,7,0,,,,history
UConn,2013,3,9,0,,,,history
UConn,2014,2,10,0,,,,history
UConn,2015,6,7,0,,,,history
UConn,2016,3,9,0,,,,history
UConn,2017,3,9,0,,,,history
UConn,2018,1,11,0,,,,history
UConn,2019,2,10,0,,,,history
UConn,2021,1,11,0,,,,history
UConn,2022,6,7,0,,,,history
UConn,2023,3,9,0,,,,history
UConn,2024,9,4,0,,,,history
UConn,2025,9,4,0,,,,history
UMass,1882,0,3,0,,,,history
UMass,1885,0,1,0,,,,history
UMass,1886,1,1,0,,,,history
UMass,1887,0,2,0,,,,history
UMass,1888,0,3,0,,,,history
UMass,1890,0,2,0,,,,history
UMass,1891,2,5,0,,,,history
UMass,1892,4,6,2,,,,history
UMass,1893,1,9,0,,,,history
UMass,1894,3,3,0,,,,history
UMass,1895,1,5,0,,,,history
UMass,1897,0,3,0,,,,history
UMass,1898,0,0,1,,,,history
UMass,1899,7,3,0,,,,history
UMass,1900,5,5,0,,,,history
UMass,1901,8,1,0,,,,history
UMass,1902,2,3,2,,,,history
UMass,1903,5,4,0,,,,history
UMass,1904,5,2,1,,,,history
UMass,1905,3,7,0,,,,history
UMass,1906,1,7,1,,,,history
UMass,1907,0,1,0,,,,history
UMass,1908,0,1,0,,,,history
UMass,1909,0,1,0,,,,history
UMass,1910,0,1,0,,,,history
UMass,1911,0,1,0,,,,history
UMass,1912,0,1,0,,,,history
UMass,1913,0,1,0,,,,history
UMass,1914,0,2,0,,,,history
UMass,1915,0,2,0,,,,history
UMass,1916,0,3,0,,,,history
UMass,1919,0,1,0,,,,history
UMass,1936,0,0,0,,,,history
UMass,1937,0,0,0,,,,history
UMass,1938,0,0,0,,,,history
UMass,1939,0,0,0,,,,history
UMass,1940,0,0,0,,,,history
UMass,1941,0,0,0,,,,history
UMass,1942,0,0,0,,,,history
UMass,1945,0,0,0,,,,history
UMass,1946,0,0,0,,,,history
UMass,1947,0,0,0,,,,history
UMass,1948,0,0,0,,,,history
UMass,1949,0,0,0,,,,history
UMass,1950,0,0,0,,,,history
UMass,1951,0,0,0,,,,history
UMass,1952,0,0,0,,,,history
UMass,1953,0,0,0,,,,history
UMass,1954,1,0,0,,,,history
UMass,1955,0,1,0,,,,history
UMass,1956,0,1,0,,,,history
UMass,1957,0,1,0,,,,history
UMass,1958,0,1,0,,,,history
UMass,1959,0,2,0,,,,history
UMass,1960,1,1,0,,,,history
UMass,1961,0,3,0,,,,history
UMass,1962,1,2,0,,,,history
UMass,1963,1,0,1,,,,history
UMass,1964,3,2,0,,,,history
UMass,1965,1,1,0,,,,history
UMass,1966,0,3,0,,,,history
UMass,1967,1,2,0,,,,history
UMass,1968,0,3,0,,,,history
UMass,1969,0,2,0,,,,history
UMass,1970,1,3,0,,,,history
UMass,1971,1,2,0,,,,history
UMass,1972,2,1,0,,,,history
UMass,1973,2,3,0,,,,history
UMass,1974,1,4,0,,,,history
UMass,1975,2,1,0,,,,history
UMass,1976,2,3,0,,,,history
UMass,1977,2,2,0,,,,history
UMass,1978,2,3,0,,,,history
UMass,1979,1,4,0,,,,history
UMass,1980,2,1,0,,,,history
UMass,1981,2,1,0,,,,history
UMass,1982,0,1,0,,,,history
UMass,1983,0,1,0,,,,history
UMass,1984,1,0,0,,,,history
UMass,1985,0,0,0,,,,history
UMass,1986,0,0,0,,,,history
UMass,1987,0,0,0,,,,history
UMass,1988,0,1,0,,,,history
UMass,1989,0,0,0,,,,history
UMass,1990,0,0,0,,,,history
UMass,1991,0,0,0,,,,history
UMass,1992,0,0,0,,,,history
UMass,1993,0,0,0,,,,history
UMass,1994,0,0,0,,,,history
UMass,1995,0,0,0,,,,history
UMass,1996,0,0,0,,,,history
UMass,1997,0,0,0,,,,history
UMass,1998,0,0,0,,,,history
UMass,1999,0,1,0,,,,history
UMass,2000,0,0,0,,,,history
UMass,2001,0,1,0,,,,history
UMass,2002,0,1,0,,,,history
UMass,2003,10,2,0,,,,history
UMass,2004,6,6,0,,,,history
UMass,2005,6,4,0,,,,history
UMass,2006,12,1,0,,,,history
UMass,2007,10,3,0,,,,history
UMass,2008,7,5,0,,,,history
UMass,2009,5,6,0,,,,history
UMass,2010,6,5,0,,,,history
UMass,2011,5,6,0,,,,history
UMass,2012,1,11,0,,,,history
UMass,2013,1,11,0,,,,history
UMass,2014,3,9,0,,,,history
UMass,2015,3,9,0,,,,history
UMass,2016,2,10,0,,,,history
UMass,2017,4,8,0,,,,history
UMass,2018,4,8,0,,,,history
UMass,2019,1,11,0,,,,history
UMass,2020,0,4,0,,,,history
UMass,2021,1,11,0,,,,history
UMass,2022,1,11,0,,,,history
UMass,2023,3,9,0,,,,history
UMass,2024,2,10,0,,,,history
UMass,2025,0,12,0,,,,history
UNLV,1968,0,0,0,,,,history
UNLV,1969,0,0,0,,,,history
UNLV,1970,0,1,0,,,,history
UNLV,1971,0,1,0,,,,history
UNLV,1972,0,1,0,,,,history
UNLV,1973,1,1,0,,,,history
UNLV,1974,1,0,0,,,,history
UNLV,1975,0,0,0,,,,history
UNLV,1976,0,1,0,,,,history
UNLV,1977,1,1,0,,,,history
UNLV,1978,7,4,0,,,,history
UNLV,1979,9,1,2,,,,history
UNLV,1980,7,4,0,,,,history
UNLV,1981,6,6,0,,,,history
UNLV,1982,3,8,0,,,,history
UNLV,1983,7,4,0,,,,history
UNLV,1984,11,2,0,,,,history
UNLV,1985,5,5,1,,,,history
UNLV,1986,6,5,0,,,,history
UNLV,1987,5,6,0,,,,history
UNLV,1988,4,7,0,,,,history
UNLV,1989,4,7,0,,,,history
UNLV,1990,4,7,0,,,,history
UNLV,1991,4,7,0,,,,history
UNLV,1992,6,5,0,,,,history
UNLV,1993,3,8,0,,,,history
UNLV,1994,7,5,0,,,,history
UNLV,1995,2,9,0,,,,history
UNLV,1996,1,11,0,,,,history
UNLV,1997,3,8,0,,,,history
UNLV,1998,0,11,0,,,,history
UNLV,1999,3,8,0,,,,history
UNLV,2000,8,5,0,,,,history
UNLV,2001,4,7,0,,,,history
UNLV,2002,5,7,0,,,,history
UNLV,2003,6,6,0,,,,history
UNLV,2004,2,9,0,,,,history
UNLV,2005,2,9,0,,,,history
UNLV,2006,2,10,0,,,,history
UNLV,2007,2,10,0,,,,history
UNLV,2008,5,7,0,,,,history
UNLV,2009,5,7,0,,,,history
UNLV,2010,2,11,0,,,,history
UNLV,2011,2,10,0,,,,history
UNLV,2012,2,11,0,,,,history
UNLV,2013,7,6,0,,,,history
UNLV,2014,2,11,0,,,,history
UNLV,2015,3,9,0,,,,history
UNLV,2016,4,8,0,,,,history
UNLV,2017,5,7,0,,,,history
UNLV,2018,4,8,0,,,,history
UNLV,2019,4,8,0,,,,history
UNLV,2020,0,6,0,,,,history
UNLV,2021,2,10,0,,,,history
UNLV,2022,5,7,0,,,,history
UNLV,2023,9,5,0,,,,history
UNLV,2024,11,3,0,,,,history
UNLV,2025,10,4,0,,,,history
USC,1935,216,71,18,,,,ncaa
USC,1936,4,2,3,,,,history
USC,1937,4,4,2,,,,history
USC,1938,9,2,0,,,,history
USC,1939,8,0,2,,,,history
USC,1940,3,4,2,,,,history
USC,1941,2,6,1,,,,history
USC,1942,5,5,1,,,,history
USC,1943,8,2,0,,,,history
USC,1944,8,0,2,,,,history
USC,1945,7,4,0,,,,history
USC,1946,6,4,0,,,,history
USC,1947,7,2,1,,,,history
USC,1948,6,3,1,,,,history
USC,1949,5,3,1,,,,history
USC,1950,2,5,2,,,,history
USC,1951,7,3,0,,,,history
USC,1952,10,1,0,,,,history
USC,1953,6,3,1,,,,history
USC,1954,8,4,0,,,,history
USC,1955,6,4,0,,,,history
USC,1956,8,2,0,,,,history
USC,1957,1,9,0,,,,history
USC,1958,4,5,1,,,,history
USC,1959,8,2,0,,,,history
USC,1960,4,6,0,,,,history
USC,1961,4,5,1,,,,history
USC,1962,11,0,0,,,,history
USC,1963,7,3,0,,,,history
USC,1964,7,3,0,,,,history
USC,1965,7,2,1,,,,history
USC,1966,7,4,0,,,,history
USC,1967,10,1,0,,,,history
USC,1968,9,1,1,,,,history
USC,1969,10,0,1,,,,history
USC,1970,6,4,1,,,,history
USC,1971,6,4,1,,,,history
USC,1972,12,0,0,,,,history
USC,1973,9,2,1,,,,history
USC,1974,10,1,1,,,,history
USC,1975,8,4,0,,,,history
USC,1976,11,1,0,,,,history
USC,1977,8,4,0,,,,history
USC,1978,12,1,0,,,,history
USC,1979,11,0,1,,,,history
USC,1980,8,2,1,,,,history
USC,1981,9,3,0,,,,history
USC,1982,8,3,0,,,,history
USC,1983,4,6,1,,,,history
USC,1984,9,3,0,,,,history
USC,1985,6,6,0,,,,history
USC,1986,7,5,0,,,,history
USC,1987,8,4,0,,,,history
USC,1988,10,2,0,,,,history
USC,1989,9,2,1,,,,history
USC,1990,8,4,1,,,,history
USC,1991,3,8,0,,,,history
USC,1992,6,5,1,,,,history
USC,1993,8,5,0,,,,history
USC,1994,8,3,1,,,,history
USC,1995,9,2,1,,,,history
USC,1996,6,6,0,,,,history
USC,1997,6,5,0,,,,history
USC,1998,8,5,0,,,,history
USC,1999,6,6,0,,,,history
USC,2000,5,7,0,,,,history
USC,2001,6,6,0,,,,history
USC,2002,11,2,0,,,,history
USC,2003,12,1,0,,,,history
USC,2004,13,0,0,2,0,Carroll; 1 reg + 2005 Orange Bowl,history
USC,2005,12,1,0,12,1,Carroll; 12 reg + 2006 Rose Bowl loss,history
USC,2006,11,2,0,,,,history
USC,2007,11,2,0,,,,history
USC,2008,12,1,0,,,,history
USC,2009,9,4,0,,,,history
USC,2010,8,5,0,,,,history
USC,2011,10,2,0,,,,history
USC,2012,7,6,0,,,,history
USC,2013,10,4,0,,,,history
USC,2014,9,4,0,,,,history
USC,2015,8,6,0,,,,history
USC,2016,10,3,0,,,,history
USC,2017,11,3,0,,,,history
USC,2018,5,7,0,,,,history
USC,2019,8,5,0,,,,history
USC,2020,5,1,0,,,,history
USC,2021,4,8,0,,,,history
USC,2022,11,3,0,,,,history
USC,2023,8,5,0,,,,history
USC,2024,7,6,0,,,,history
USC,2025,9,4,0,,,,history
Utah,1900,0,1,0,,,,history
Utah,1902,0,0,1,,,,history
Utah,1903,0,4,0,,,,history
Utah,1904,2,1,0,,,,history
Utah,1905,6,2,0,,,,history
Utah,1906,4,1,0,,,,history
Utah,1907,6,3,0,,,,history
Utah,1908,3,2,1,,,,history
Utah,1909,0,1,0,,,,history
Utah,1910,4,2,0,,,,history
Utah,1911,5,1,1,,,,history
Utah,1912,5,1,1,,,,history
Utah,1913,2,4,1,,,,history
Utah,1914,3,3,0,,,,history
Utah,1915,5,2,0,,,,history
Utah,1916,3,2,0,,,,history
Utah,1917,2,4,0,,,,history
Utah,1919,5,2,0,,,,history
Utah,1920,1,5,1,,,,history
Utah,1921,3,2,1,,,,history
Utah,1922,7,1,0,,,,history
Utah,1923,4,3,0,,,,history
Utah,1924,3,4,1,,,,history
Utah,1925,6,2,0,,,,history
Utah,1926,7,0,0,,,,history
Utah,1927,3,3,1,,,,history
Utah,1928,5,0,2,,,,history
Utah,1929,7,0,0,,,,history
Utah,1930,8,0,0,,,,history
Utah,1931,7,2,0,,,,history
Utah,1932,6,1,1,,,,history
Utah,1933,5,3,0,,,,history
Utah,1934,5,3,0,,,,history
Utah,1935,4,3,1,,,,history
Utah,1936,6,3,0,,,,history
Utah,1937,5,3,0,,,,history
Utah,1938,7,1,2,,,,history
Utah,1939,6,1,2,,,,history
Utah,1940,7,2,0,,,,history
Utah,1941,6,0,2,,,,history
Utah,1942,6,3,0,,,,history
Utah,1943,0,7,0,,,,history
Utah,1944,5,2,1,,,,history
Utah,1945,4,4,0,,,,history
Utah,1946,8,3,0,,,,history
Utah,1947,8,1,1,,,,history
Utah,1948,8,1,1,,,,history
Utah,1949,2,7,1,,,,history
Utah,1950,3,4,3,,,,history
Utah,1951,7,4,0,,,,history
Utah,1952,6,3,1,,,,history
Utah,1953,8,2,0,,,,history
Utah,1954,4,7,0,,,,history
Utah,1955,6,3,0,,,,history
Utah,1956,5,5,0,,,,history
Utah,1957,6,4,0,,,,history
Utah,1958,4,7,0,,,,history
Utah,1959,5,5,0,,,,history
Utah,1960,7,3,0,,,,history
Utah,1961,6,4,0,,,,history
Utah,1962,4,5,1,,,,history
Utah,1963,4,6,0,,,,history
Utah,1964,9,2,0,,,,history
Utah,1965,3,7,0,,,,history
Utah,1966,5,5,0,,,,history
Utah,1967,4,7,0,,,,history
Utah,1968,3,7,0,,,,history
Utah,1969,8,2,0,,,,history
Utah,1970,6,4,0,,,,history
Utah,1971,3,8,0,,,,history
Utah,1972,6,5,0,,,,history
Utah,1973,7,5,0,,,,history
Utah,1974,1,10,0,,,,history
Utah,1975,1,10,0,,,,history
Utah,1976,3,8,0,,,,history
Utah,1977,3,8,0,,,,history
Utah,1978,8,3,0,,,,history
Utah,1979,6,6,0,,,,history
Utah,1980,5,5,1,,,,history
Utah,1981,8,2,1,,,,history
Utah,1982,5,6,0,,,,history
Utah,1983,5,6,0,,,,history
Utah,1984,6,5,1,,,,history
Utah,1985,8,4,0,,,,history
Utah,1986,2,9,0,,,,history
Utah,1987,5,7,0,,,,history
Utah,1988,6,5,0,,,,history
Utah,1989,4,8,0,,,,history
Utah,1990,4,7,0,,,,history
Utah,1991,7,5,0,,,,history
Utah,1992,6,6,0,,,,history
Utah,1993,7,6,0,,,,history
Utah,1994,10,2,0,,,,history
Utah,1995,7,4,0,,,,history
Utah,1996,8,4,0,,,,history
Utah,1997,6,5,0,,,,history
Utah,1998,7,4,0,,,,history
Utah,1999,9,3,0,,,,history
Utah,2000,4,7,0,,,,history
Utah,2001,8,4,0,,,,history
Utah,2002,5,6,0,,,,history
Utah,2003,10,2,0,,,,history
Utah,2004,12,0,0,,,,history
Utah,2005,7,5,0,,,,history
Utah,2006,8,5,0,,,,history
Utah,2007,9,4,0,,,,history
Utah,2008,13,0,0,,,,history
Utah,2009,10,3,0,,,,history
Utah,2010,10,3,0,,,,history
Utah,2011,8,5,0,,,,history
Utah,2012,5,7,0,,,,history
Utah,2013,5,7,0,,,,history
Utah,2014,9,4,0,,,,history
Utah,2015,10,3,0,,,,history
Utah,2016,9,4,0,,,,history
Utah,2017,7,6,0,,,,history
Utah,2018,9,5,0,,,,history
Utah,2019,11,3,0,,,,history
Utah,2020,3,2,0,,,,history
Utah,2021,10,4,0,,,,history
Utah,2022,10,4,0,,,,history
Utah,2023,8,5,0,,,,history
Utah,2024,5,7,0,,,,history
Utah,2025,11,2,0,,,,history
Utah State,1902,0,1,0,,,,history
Utah State,1905,0,1,0,,,,history
Utah State,1906,0,1,0,,,,history
Utah State,1907,1,0,0,,,,history
Utah State,1908,0,1,0,,,,history
Utah State,1910,0,2,0,,,,history
Utah State,1911,1,0,0,,,,history
Utah State,1912,4,2,1,,,,history
Utah State,1913,1,1,0,,,,history
Utah State,1914,2,5,0,,,,history
Utah State,1915,3,4,0,,,,history
Utah State,1916,1,5,1,,,,history
Utah State,1917,7,0,1,,,,history
Utah State,1919,5,2,0,,,,history
Utah State,1920,4,2,1,,,,history
Utah State,1921,7,1,0,,,,history
Utah State,1922,5,4,0,,,,history
Utah State,1923,5,2,0,,,,history
Utah State,1924,4,2,1,,,,history
Utah State,1925,6,1,0,,,,history
Utah State,1926,5,1,2,,,,history
Utah State,1927,3,4,1,,,,history
Utah State,1928,5,3,1,,,,history
Utah State,1929,3,4,0,,,,history
Utah State,1930,3,5,1,,,,history
Utah State,1931,6,2,0,,,,history
Utah State,1932,4,4,0,,,,history
Utah State,1933,4,4,0,,,,history
Utah State,1934,5,1,1,,,,history
Utah State,1935,5,2,1,,,,history
Utah State,1936,7,0,1,,,,history
Utah State,1937,2,4,2,,,,history
Utah State,1938,4,4,0,,,,history
Utah State,1939,3,4,1,,,,history
Utah State,1940,2,5,1,,,,history
Utah State,1941,0,8,0,,,,history
Utah State,1942,6,3,1,,,,history
Utah State,1944,3,3,0,,,,history
Utah State,1945,4,3,0,,,,history
Utah State,1946,7,2,1,,,,history
Utah State,1947,6,5,0,,,,history
Utah State,1948,5,6,0,,,,history
Utah State,1949,3,7,0,,,,history
Utah State,1950,2,9,0,,,,history
Utah State,1951,3,5,1,,,,history
Utah State,1952,3,7,1,,,,history
Utah State,1953,8,3,0,,,,history
Utah State,1954,4,6,0,,,,history
Utah State,1955,4,6,0,,,,history
Utah State,1956,6,4,0,,,,history
Utah State,1957,2,7,1,,,,history
Utah State,1958,3,7,0,,,,history
Utah State,1959,5,6,0,,,,history
Utah State,1960,9,2,0,,,,history
Utah State,1961,9,1,1,,,,history
Utah State,1962,8,2,0,,,,history
Utah State,1963,8,2,0,,,,history
Utah State,1964,5,4,1,,,,history
Utah State,1965,8,2,0,,,,history
Utah State,1966,4,6,0,,,,history
Utah State,1967,7,2,1,,,,history
Utah State,1968,7,3,0,,,,history
Utah State,1969,3,7,0,,,,history
Utah State,1970,5,5,0,,,,history
Utah State,1971,8,3,0,,,,history
Utah State,1972,8,3,0,,,,history
Utah State,1973,7,4,0,,,,history
Utah State,1974,8,3,0,,,,history
Utah State,1975,6,5,0,,,,history
Utah State,1976,3,8,0,,,,history
Utah State,1977,4,7,0,,,,history
Utah State,1978,7,4,0,,,,history
Utah State,1979,7,3,1,,,,history
Utah State,1980,6,5,0,,,,history
Utah State,1981,5,5,1,,,,history
Utah State,1982,5,6,0,,,,history
Utah State,1983,5,6,0,,,,history
Utah State,1984,1,10,0,,,,history
Utah State,1985,3,8,0,,,,history
Utah State,1986,3,8,0,,,,history
Utah State,1987,5,6,0,,,,history
Utah State,1988,4,7,0,,,,history
Utah State,1989,4,7,0,,,,history
Utah State,1990,5,5,1,,,,history
Utah State,1991,5,6,0,,,,history
Utah State,1992,5,6,0,,,,history
Utah State,1993,7,5,0,,,,history
Utah State,1994,3,8,0,,,,history
Utah State,1995,4,7,0,,,,history
Utah State,1996,6,5,0,,,,history
Utah State,1997,6,6,0,,,,history
Utah State,1998,3,8,0,,,,history
Utah State,1999,4,7,0,,,,history
Utah State,2000,5,6,0,,,,history
Utah State,2001,4,7,0,,,,history
Utah State,2002,4,7,0,,,,history
Utah State,2003,3,9,0,,,,history
Utah State,2004,3,8,0,,,,history
Utah State,2005,3,8,0,,,,history
Utah State,2006,1,11,0,,,,history
Utah State,2007,2,10,0,,,,history
Utah State,2008,3,9,0,,,,history
Utah State,2009,4,8,0,,,,history
Utah State,2010,4,8,0,,,,history
Utah State,2011,7,6,0,,,,history
Utah State,2012,11,2,0,,,,history
Utah State,2013,9,5,0,,,,history
Utah State,2014,10,4,0,,,,history
Utah State,2015,6,7,0,,,,history
Utah State,2016,3,9,0,,,,history
Utah State,2017,6,7,0,,,,history
Utah State,2018,11,2,0,,,,history
Utah State,2019,7,6,0,,,,history
Utah State,2020,1,5,0,,,,history
Utah State,2021,11,3,0,,,,history
Utah State,2022,6,7,0,,,,history
Utah State,2023,6,7,0,,,,history
Utah State,2024,4,8,0,,,,history
Utah State,2025,6,7,0,,,,history
UTEP,1930,0,1,0,,,,history
UTEP,1931,2,0,0,,,,history
UTEP,1932,1,3,0,,,,history
UTEP,1933,1,3,0,,,,history
UTEP,1934,0,2,0,,,,history
UTEP,1935,1,8,0,,,,history
UTEP,1936,5,3,1,,,,history
UTEP,1937,7,1,2,,,,history
UTEP,1938,6,3,0,,,,history
UTEP,1939,5,4,0,,,,history
UTEP,1940,4,4,1,,,,history
UTEP,1941,4,5,1,,,,history
UTEP,1942,5,4,0,,,,history
UTEP,1946,3,6,0,,,,history
UTEP,1947,5,3,1,,,,history
UTEP,1948,8,2,1,,,,history
UTEP,1949,8,2,1,,,,history
UTEP,1950,7,3,0,,,,history
UTEP,1951,3,7,0,,,,history
UTEP,1952,5,5,1,,,,history
UTEP,1953,8,2,0,,,,history
UTEP,1954,8,3,0,,,,history
UTEP,1955,6,2,2,,,,history
UTEP,1956,9,2,0,,,,history
UTEP,1957,6,3,0,,,,history
UTEP,1958,2,7,0,,,,history
UTEP,1959,3,7,0,,,,history
UTEP,1960,4,5,1,,,,history
UTEP,1961,3,7,0,,,,history
UTEP,1962,4,5,0,,,,history
UTEP,1963,3,7,0,,,,history
UTEP,1964,0,8,2,,,,history
UTEP,1965,8,3,0,,,,history
UTEP,1966,6,4,0,,,,history
UTEP,1967,7,2,1,,,,history
UTEP,1968,4,5,1,,,,history
UTEP,1969,4,6,0,,,,history
UTEP,1970,6,4,0,,,,history
UTEP,1971,5,6,0,,,,history
UTEP,1972,2,8,0,,,,history
UTEP,1973,0,11,0,,,,history
UTEP,1974,4,7,0,,,,history
UTEP,1975,1,10,0,,,,history
UTEP,1976,1,11,0,,,,history
UTEP,1977,1,10,0,,,,history
UTEP,1978,1,11,0,,,,history
UTEP,1979,2,9,0,,,,history
UTEP,1980,1,11,0,,,,history
UTEP,1981,1,10,0,,,,history
UTEP,1982,2,10,0,,,,history
UTEP,1983,2,10,0,,,,history
UTEP,1984,2,9,0,,,,history
UTEP,1985,1,10,0,,,,history
UTEP,1986,4,8,0,,,,history
UTEP,1987,7,4,0,,,,history
UTEP,1988,10,3,0,,,,history
UTEP,1989,2,10,0,,,,history
UTEP,1990,3,8,0,,,,history
UTEP,1991,4,7,1,,,,history
UTEP,1992,1,10,0,,,,history
UTEP,1993,1,11,0,,,,history
UTEP,1994,3,7,1,,,,history
UTEP,1995,2,10,0,,,,history
UTEP,1996,2,9,0,,,,history
UTEP,1997,4,7,0,,,,history
UTEP,1998,3,8,0,,,,history
UTEP,1999,5,7,0,,,,history
UTEP,2000,8,4,0,,,,history
UTEP,2001,2,9,0,,,,history
UTEP,2002,2,10,0,,,,history
UTEP,2003,2,11,0,,,,history
UTEP,2004,8,4,0,,,,history
UTEP,2005,8,4,0,,,,history
UTEP,2006,5,7,0,,,,history
UTEP,2007,4,8,0,,,,history
UTEP,2008,5,7,0,,,,history
UTEP,2009,4,8,0,,,,history
UTEP,2010,6,7,0,,,,history
UTEP,2011,5,7,0,,,,history
UTEP,2012,3,9,0,,,,history
UTEP,2013,2,10,0,,,,history
UTEP,2014,7,6,0,,,,history
UTEP,2015,5,7,0,,,,history
UTEP,2016,4,8,0,,,,history
UTEP,2017,0,12,0,,,,history
UTEP,2018,1,11,0,,,,history
UTEP,2019,1,11,0,,,,history
UTEP,2020,3,5,0,,,,history
UTEP,2021,7,6,0,,,,history
UTEP,2022,5,7,0,,,,history
UTEP,2023,3,9,0,,,,history
UTEP,2024,3,9,0,,,,history
UTEP,2025,2,10,0,,,,history
UTSA,2011,4,6,0,,,,history
UTSA,2012,8,4,0,,,,history
UTSA,2013,7,5,0,,,,history
UTSA,2014,4,8,0,,,,history
UTSA,2015,3,9,0,,,,history
UTSA,2016,6,7,0,,,,history
UTSA,2017,6,5,0,,,,history
UTSA,2018,3,9,0,,,,history
UTSA,2019,4,8,0,,,,history
UTSA,2020,7,5,0,,,,history
UTSA,2021,12,2,0,,,,history
UTSA,2022,11,3,0,,,,history
UTSA,2023,9,4,0,,,,history
UTSA,2024,7,6,0,,,,history
UTSA,2025,7,6,0,,,,history
Vanderbilt,1899,0,1,0,,,,history
Vanderbilt,1902,8,1,0,,,,history
Vanderbilt,1903,6,1,1,,,,history
Vanderbilt,1904,9,0,0,,,,history
Vanderbilt,1905,7,1,0,,,,history
Vanderbilt,1906,8,1,0,,,,history
Vanderbilt,1907,5,1,1,,,,history
Vanderbilt,1908,7,2,1,,,,history
Vanderbilt,1909,7,3,0,,,,history
Vanderbilt,1910,8,0,1,,,,history
Vanderbilt,1911,8,1,0,,,,history
Vanderbilt,1912,8,1,1,,,,history
Vanderbilt,1913,5,3,0,,,,history
Vanderbilt,1914,2,6,0,,,,history
Vanderbilt,1915,9,1,0,,,,history
Vanderbilt,1916,7,1,1,,,,history
Vanderbilt,1917,5,3,0,,,,history
Vanderbilt,1918,4,2,0,,,,history
Vanderbilt,1919,5,1,2,,,,history
Vanderbilt,1920,5,3,1,,,,history
Vanderbilt,1921,7,0,1,,,,history
Vanderbilt,1922,8,0,1,,,,history
Vanderbilt,1923,5,2,1,,,,history
Vanderbilt,1924,6,3,1,,,,history
Vanderbilt,1925,6,3,0,,,,history
Vanderbilt,1926,8,1,0,,,,history
Vanderbilt,1927,8,1,2,,,,history
Vanderbilt,1928,8,2,0,,,,history
Vanderbilt,1929,7,2,0,,,,history
Vanderbilt,1930,8,2,0,,,,history
Vanderbilt,1931,5,4,0,,,,history
Vanderbilt,1932,6,1,2,,,,history
Vanderbilt,1933,4,3,3,,,,history
Vanderbilt,1934,6,3,0,,,,history
Vanderbilt,1935,7,3,0,,,,history
Vanderbilt,1936,3,5,1,,,,history
Vanderbilt,1937,7,2,0,,,,history
Vanderbilt,1938,6,3,0,,,,history
Vanderbilt,1939,2,7,1,,,,history
Vanderbilt,1940,3,6,1,,,,history
Vanderbilt,1941,8,2,0,,,,history
Vanderbilt,1942,6,4,0,,,,history
Vanderbilt,1943,0,0,0,,,,history
Vanderbilt,1944,0,0,0,,,,history
Vanderbilt,1945,3,6,0,,,,history
Vanderbilt,1946,5,4,0,,,,history
Vanderbilt,1947,6,4,0,,,,history
Vanderbilt,1948,8,2,1,,,,history
Vanderbilt,1949,5,5,0,,,,history
Vanderbilt,1950,7,4,0,,,,history
Vanderbilt,1951,6,5,0,,,,history
Vanderbilt,1952,3,5,2,,,,history
Vanderbilt,1953,3,7,0,,,,history
Vanderbilt,1954,2,7,0,,,,history
Vanderbilt,1955,8,3,0,,,,history
Vanderbilt,1956,5,5,0,,,,history
Vanderbilt,1957,5,3,2,,,,history
Vanderbilt,1958,5,2,3,,,,history
Vanderbilt,1959,5,3,2,,,,history
Vanderbilt,1960,3,7,0,,,,history
Vanderbilt,1961,2,8,0,,,,history
Vanderbilt,1962,1,9,0,,,,history
Vanderbilt,1963,1,7,2,,,,history
Vanderbilt,1964,3,6,1,,,,history
Vanderbilt,1965,2,7,1,,,,history
Vanderbilt,1966,1,9,0,,,,history
Vanderbilt,1967,2,7,1,,,,history
Vanderbilt,1968,5,4,1,,,,history
Vanderbilt,1969,4,6,0,,,,history
Vanderbilt,1970,4,7,0,,,,history
Vanderbilt,1971,4,6,1,,,,history
Vanderbilt,1972,3,8,0,,,,history
Vanderbilt,1973,5,6,0,,,,history
Vanderbilt,1974,7,3,2,,,,history
Vanderbilt,1975,7,4,0,,,,history
Vanderbilt,1976,2,9,0,,,,history
Vanderbilt,1977,2,9,0,,,,history
Vanderbilt,1978,2,9,0,,,,history
Vanderbilt,1979,1,10,0,,,,history
Vanderbilt,1980,2,9,0,,,,history
Vanderbilt,1981,4,7,0,,,,history
Vanderbilt,1982,8,4,0,,,,history
Vanderbilt,1983,2,9,0,,,,history
Vanderbilt,1984,5,6,0,,,,history
Vanderbilt,1985,3,7,1,,,,history
Vanderbilt,1986,1,10,0,,,,history
Vanderbilt,1987,4,7,0,,,,history
Vanderbilt,1988,3,8,0,,,,history
Vanderbilt,1989,1,10,0,,,,history
Vanderbilt,1990,1,10,0,,,,history
Vanderbilt,1991,5,6,0,,,,history
Vanderbilt,1992,4,7,0,,,,history
Vanderbilt,1993,4,7,0,,,,history
Vanderbilt,1994,5,6,0,,,,history
Vanderbilt,1995,2,9,0,,,,history
Vanderbilt,1996,2,9,0,,,,history
Vanderbilt,1997,3,8,0,,,,history
Vanderbilt,1998,2,9,0,,,,history
Vanderbilt,1999,5,6,0,,,,history
Vanderbilt,2000,3,8,0,,,,history
Vanderbilt,2001,2,9,0,,,,history
Vanderbilt,2002,2,10,0,,,,history
Vanderbilt,2003,2,10,0,,,,history
Vanderbilt,2004,2,9,0,,,,history
Vanderbilt,2005,5,6,0,,,,history
Vanderbilt,2006,4,8,0,,,,history
Vanderbilt,2007,5,7,0,,,,history
Vanderbilt,2008,7,6,0,,,,history
Vanderbilt,2009,2,10,0,,,,history
Vanderbilt,2010,2,10,0,,,,history
Vanderbilt,2011,6,7,0,,,,history
Vanderbilt,2012,9,4,0,,,,history
Vanderbilt,2013,9,4,0,,,,history
Vanderbilt,2014,3,9,0,,,,history
Vanderbilt,2015,4,8,0,,,,history
Vanderbilt,2016,6,7,0,,,,history
Vanderbilt,2017,5,7,0,,,,history
Vanderbilt,2018,6,7,0,,,,history
Vanderbilt,2019,3,9,0,,,,history
Vanderbilt,2020,0,9,0,,,,history
Vanderbilt,2021,2,10,0,,,,history
Vanderbilt,2022,5,7,0,,,,history
Vanderbilt,2023,2,10,0,,,,history
Vanderbilt,2024,7,6,0,,,,history
Vanderbilt,2025,10,3,0,,,,history
Virginia,1889,0,1,0,,,,history
Virginia,1890,5,2,0,,,,history
Virginia,1891,0,0,1,,,,history
Virginia,1892,0,1,0,,,,history
Virginia,1894,0,2,0,,,,history
Virginia,1895,0,2,0,,,,history
Virginia,1896,0,2,0,,,,history
Virginia,1897,1,2,0,,,,history
Virginia,1898,0,3,0,,,,history
Virginia,1899,1,2,0,,,,history
Virginia,1900,0,1,0,,,,history
Virginia,1901,0,1,0,,,,history
Virginia,1902,8,1,1,,,,history
Virginia,1903,7,2,1,,,,history
Virginia,1904,6,3,0,,,,history
Virginia,1905,5,4,0,,,,history
Virginia,1906,0,2,0,,,,history
Virginia,1907,6,3,1,,,,history
Virginia,1908,7,0,1,,,,history
Virginia,1909,7,1,0,,,,history
Virginia,1910,6,2,0,,,,history
Virginia,1911,8,2,0,,,,history
Virginia,1912,6,3,0,,,,history
Virginia,1913,7,1,0,,,,history
Virginia,1914,8,1,0,,,,history
Virginia,1915,8,1,0,,,,history
Virginia,1916,4,5,0,,,,history
Virginia,1919,2,5,2,,,,history
Virginia,1920,5,2,2,,,,history
Virginia,1921,5,4,0,,,,history
Virginia,1922,4,4,1,,,,history
Virginia,1923,3,5,1,,,,history
Virginia,1924,5,4,0,,,,history
Virginia,1925,7,1,1,,,,history
Virginia,1926,6,2,2,,,,history
Virginia,1927,5,4,0,,,,history
Virginia,1928,2,6,1,,,,history
Virginia,1929,4,3,2,,,,history
Virginia,1930,4,6,0,,,,history
Virginia,1931,1,7,2,,,,history
Virginia,1932,5,4,0,,,,history
Virginia,1933,2,6,2,,,,history
Virginia,1934,3,6,0,,,,history
Virginia,1935,1,5,4,,,,history
Virginia,1936,2,7,0,,,,history
Virginia,1937,2,7,0,,,,history
Virginia,1938,4,4,1,,,,history
Virginia,1939,5,4,0,,,,history
Virginia,1940,4,5,0,,,,history
Virginia,1941,8,1,0,,,,history
Virginia,1942,2,6,1,,,,history
Virginia,1943,3,4,1,,,,history
Virginia,1944,6,1,2,,,,history
Virginia,1945,7,2,0,,,,history
Virginia,1946,4,4,1,,,,history
Virginia,1947,7,3,0,,,,history
Virginia,1948,5,3,1,,,,history
Virginia,1949,7,2,0,,,,history
Virginia,1950,8,2,0,,,,history
Virginia,1951,8,1,0,,,,history
Virginia,1952,8,2,0,,,,history
Virginia,1953,1,8,0,,,,history
Virginia,1954,3,6,0,,,,history
Virginia,1955,1,9,0,,,,history
Virginia,1956,3,7,0,,,,history
Virginia,1957,3,6,1,,,,history
Virginia,1958,1,9,0,,,,history
Virginia,1959,0,10,0,,,,history
Virginia,1960,0,10,0,,,,history
Virginia,1961,4,6,0,,,,history
Virginia,1962,5,5,0,,,,history
Virginia,1963,2,7,1,,,,history
Virginia,1964,5,5,0,,,,history
Virginia,1965,4,6,0,,,,history
Virginia,1966,4,6,0,,,,history
Virginia,1967,5,5,0,,,,history
Virginia,1968,7,3,0,,,,history
Virginia,1969,3,7,0,,,,history
Virginia,1970,5,6,0,,,,history
Virginia,1971,3,8,0,,,,history
Virginia,1972,4,7,0,,,,history
Virginia,1973,4,7,0,,,,history
Virginia,1974,4,7,0,,,,history
Virginia,1975,1,10,0,,,,history
Virginia,1976,2,9,0,,,,history
Virginia,1977,1,9,1,,,,history
Virginia,1978,2,9,0,,,,history
Virginia,1979,6,5,0,,,,history
Virginia,1980,4,7,0,,,,history
Virginia,1981,1,10,0,,,,history
Virginia,1982,2,9,0,,,,history
Virginia,1983,6,5,0,,,,history
Virginia,1984,8,2,2,,,,history
Virginia,1985,6,5,0,,,,history
Virginia,1986,3,8,0,,,,history
Virginia,1987,8,4,0,,,,history
Virginia,1988,7,4,0,,,,history
Virginia,1989,10,3,0,,,,history
Virginia,1990,8,4,0,,,,history
Virginia,1991,8,3,1,,,,history
Virginia,1992,7,4,0,,,,history
Virginia,1993,7,5,0,,,,history
Virginia,1994,9,3,0,,,,history
Virginia,1995,9,4,0,,,,history
Virginia,1996,7,5,0,,,,history
Virginia,1997,7,4,0,,,,history
Virginia,1998,9,3,0,,,,history
Virginia,1999,7,5,0,,,,history
Virginia,2000,6,6,0,,,,history
Virginia,2001,5,7,0,,,,history
Virginia,2002,9,5,0,,,,history
Virginia,2003,8,5,0,,,,history
Virginia,2004,8,4,0,,,,history
Virginia,2005,7,5,0,,,,history
Virginia,2006,5,7,0,,,,history
Virginia,2007,9,4,0,,,,history
Virginia,2008,5,7,0,,,,history
Virginia,2009,3,9,0,,,,history
Virginia,2010,4,8,0,,,,history
Virginia,2011,8,5,0,,,,history
Virginia,2012,4,8,0,,,,history
Virginia,2013,2,10,0,,,,history
Virginia,2014,5,7,0,,,,history
Virginia,2015,4,8,0,,,,history
Virginia,2016,2,10,0,,,,history
Virginia,2017,6,7,0,,,,history
Virginia,2018,8,5,0,,,,history
Virginia,2019,9,5,0,,,,history
Virginia,2020,5,5,0,,,,history
Virginia,2021,6,6,0,,,,history
Virginia,2022,3,7,0,,,,history
Virginia,2023,3,9,0,,,,history
Virginia,2024,5,7,0,,,,history
Virginia,2025,11,3,0,,,,history
Virginia Tech,1935,224,105,25,,,,ncaa
Virginia Tech,1936,5,5,0,,,,history
Virginia Tech,1937,5,5,0,,,,history
Virginia Tech,1938,3,5,2,,,,history
Virginia Tech,1939,4,5,1,,,,history
Virginia Tech,1940,5,5,0,,,,history
Virginia Tech,1941,6,4,0,,,,history
Virginia Tech,1942,7,2,1,,,,history
Virginia Tech,1945,2,6,0,,,,history
Virginia Tech,1946,3,4,3,,,,history
Virginia Tech,1947,4,5,0,,,,history
Virginia Tech,1948,0,8,1,,,,history
Virginia Tech,1949,1,7,2,,,,history
Virginia Tech,1950,0,10,0,,,,history
Virginia Tech,1951,2,8,0,,,,history
Virginia Tech,1952,5,6,0,,,,history
Virginia Tech,1953,5,5,0,,,,history
Virginia Tech,1954,8,0,1,,,,history
Virginia Tech,1955,6,3,1,,,,history
Virginia Tech,1956,7,2,1,,,,history
Virginia Tech,1957,4,6,0,,,,history
Virginia Tech,1958,5,4,1,,,,history
Virginia Tech,1959,6,4,0,,,,history
Virginia Tech,1960,6,4,0,,,,history
Virginia Tech,1961,4,5,0,,,,history
Virginia Tech,1962,5,5,0,,,,history
Virginia Tech,1963,8,2,0,,,,history
Virginia Tech,1964,6,4,0,,,,history
Virginia Tech,1965,7,3,0,,,,history
Virginia Tech,1966,8,2,1,,,,history
Virginia Tech,1967,7,3,0,,,,history
Virginia Tech,1968,7,4,0,,,,history
Virginia Tech,1969,4,5,1,,,,history
Virginia Tech,1970,5,6,0,,,,history
Virginia Tech,1971,4,7,0,,,,history
Virginia Tech,1972,6,4,1,,,,history
Virginia Tech,1973,2,9,0,,,,history
Virginia Tech,1974,4,7,0,,,,history
Virginia Tech,1975,8,3,0,,,,history
Virginia Tech,1976,6,5,0,,,,history
Virginia Tech,1977,3,7,1,,,,history
Virginia Tech,1978,4,7,0,,,,history
Virginia Tech,1979,5,6,0,,,,history
Virginia Tech,1980,8,4,0,,,,history
Virginia Tech,1981,7,4,0,,,,history
Virginia Tech,1982,7,4,0,,,,history
Virginia Tech,1983,9,2,0,,,,history
Virginia Tech,1984,8,4,0,,,,history
Virginia Tech,1985,6,5,0,,,,history
Virginia Tech,1986,9,2,1,,,,history
Virginia Tech,1987,2,9,0,,,,history
Virginia Tech,1988,3,8,0,,,,history
Virginia Tech,1989,6,4,1,,,,history
Virginia Tech,1990,6,5,0,,,,history
Virginia Tech,1991,5,6,0,,,,history
Virginia Tech,1992,2,8,1,,,,history
Virginia Tech,1993,9,3,0,,,,history
Virginia Tech,1994,8,4,0,,,,history
Virginia Tech,1995,10,2,0,,,,history
Virginia Tech,1996,10,2,0,,,,history
Virginia Tech,1997,7,5,0,,,,history
Virginia Tech,1998,9,3,0,,,,history
Virginia Tech,1999,11,1,0,,,,history
Virginia Tech,2000,11,1,0,,,,history
Virginia Tech,2001,8,4,0,,,,history
Virginia Tech,2002,10,4,0,,,,history
Virginia Tech,2003,8,5,0,,,,history
Virginia Tech,2004,10,3,0,,,,history
Virginia Tech,2005,11,2,0,,,,history
Virginia Tech,2006,10,3,0,,,,history
Virginia Tech,2007,11,3,0,,,,history
Virginia Tech,2008,10,4,0,,,,history
Virginia Tech,2009,10,3,0,,,,history
Virginia Tech,2010,11,3,0,,,,history
Virginia Tech,2011,11,3,0,,,,history
Virginia Tech,2012,7,6,0,,,,history
Virginia Tech,2013,8,5,0,,,,history
Virginia Tech,2014,7,6,0,,,,history
Virginia Tech,2015,7,6,0,,,,history
Virginia Tech,2016,10,4,0,,,,history
Virginia Tech,2017,9,4,0,,,,history
Virginia Tech,2018,6,7,0,,,,history
Virginia Tech,2019,8,5,0,,,,history
Virginia Tech,2020,5,6,0,,,,history
Virginia Tech,2021,6,7,0,,,,history
Virginia Tech,2022,3,8,0,,,,history
Virginia Tech,2023,7,6,0,,,,history
Virginia Tech,2024,6,7,0,,,,history
Virginia Tech,2025,3,9,0,,,,history
Wake Forest,1908,1,5,0,,,,history
Wake Forest,1909,2,4,0,,,,history
Wake Forest,1910,2,7,0,,,,history
Wake Forest,1911,3,5,0,,,,history
Wake Forest,1912,2,6,0,,,,history
Wake Forest,1913,0,8,0,,,,history
Wake Forest,1914,3,6,0,,,,history
Wake Forest,1915,3,4,0,,,,history
Wake Forest,1916,3,3,0,,,,history
Wake Forest,1917,1,6,1,,,,history
Wake Forest,1918,1,2,0,,,,history
Wake Forest,1919,2,6,0,,,,history
Wake Forest,1920,2,7,0,,,,history
Wake Forest,1921,2,8,0,,,,history
Wake Forest,1922,3,5,2,,,,history
Wake Forest,1923,6,3,0,,,,history
Wake Forest,1924,7,2,0,,,,history
Wake Forest,1925,6,2,1,,,,history
Wake Forest,1926,5,4,1,,,,history
Wake Forest,1927,2,6,2,,,,history
Wake Forest,1928,2,6,2,,,,history
Wake Forest,1929,6,5,1,,,,history
Wake Forest,1930,5,3,1,,,,history
Wake Forest,1931,4,4,0,,,,history
Wake Forest,1932,3,3,2,,,,history
Wake Forest,1933,0,5,1,,,,history
Wake Forest,1934,3,7,0,,,,history
Wake Forest,1935,2,7,0,,,,history
Wake Forest,1936,5,4,0,,,,history
Wake Forest,1937,3,6,0,,,,history
Wake Forest,1938,4,5,1,,,,history
Wake Forest,1939,7,3,0,,,,history
Wake Forest,1940,7,3,0,,,,history
Wake Forest,1941,5,5,1,,,,history
Wake Forest,1942,6,2,1,,,,history
Wake Forest,1943,4,5,0,,,,history
Wake Forest,1944,8,1,0,,,,history
Wake Forest,1945,5,3,1,,,,history
Wake Forest,1946,6,3,0,,,,history
Wake Forest,1947,6,4,0,,,,history
Wake Forest,1948,6,4,0,,,,history
Wake Forest,1949,4,6,0,,,,history
Wake Forest,1950,6,1,2,,,,history
Wake Forest,1951,6,4,0,,,,history
Wake Forest,1952,5,4,1,,,,history
Wake Forest,1953,3,6,1,,,,history
Wake Forest,1954,2,7,1,,,,history
Wake Forest,1955,5,4,1,,,,history
Wake Forest,1956,2,5,3,,,,history
Wake Forest,1957,0,10,0,,,,history
Wake Forest,1958,3,7,0,,,,history
Wake Forest,1959,6,4,0,,,,history
Wake Forest,1960,2,8,0,,,,history
Wake Forest,1961,4,6,0,,,,history
Wake Forest,1962,0,10,0,,,,history
Wake Forest,1963,1,9,0,,,,history
Wake Forest,1964,5,5,0,,,,history
Wake Forest,1965,3,7,0,,,,history
Wake Forest,1966,3,7,0,,,,history
Wake Forest,1967,4,6,0,,,,history
Wake Forest,1968,2,7,1,,,,history
Wake Forest,1969,3,7,0,,,,history
Wake Forest,1970,6,5,0,,,,history
Wake Forest,1971,6,5,0,,,,history
Wake Forest,1972,2,9,0,,,,history
Wake Forest,1973,1,9,1,,,,history
Wake Forest,1974,1,10,0,,,,history
Wake Forest,1975,3,8,0,,,,history
Wake Forest,1976,5,6,0,,,,history
Wake Forest,1977,1,10,0,,,,history
Wake Forest,1978,1,10,0,,,,history
Wake Forest,1979,8,4,0,,,,history
Wake Forest,1980,5,6,0,,,,history
Wake Forest,1981,4,7,0,,,,history
Wake Forest,1982,3,8,0,,,,history
Wake Forest,1983,4,7,0,,,,history
Wake Forest,1984,6,5,0,,,,history
Wake Forest,1985,4,7,0,,,,history
Wake Forest,1986,5,6,0,,,,history
Wake Forest,1987,7,4,0,,,,history
Wake Forest,1988,6,4,1,,,,history
Wake Forest,1989,2,8,1,,,,history
Wake Forest,1990,3,8,0,,,,history
Wake Forest,1991,3,8,0,,,,history
Wake Forest,1992,8,4,0,,,,history
Wake Forest,1993,2,9,0,,,,history
Wake Forest,1994,3,8,0,,,,history
Wake Forest,1995,1,10,0,,,,history
Wake Forest,1996,3,8,0,,,,history
Wake Forest,1997,5,6,0,,,,history
Wake Forest,1998,3,8,0,,,,history
Wake Forest,1999,7,5,0,,,,history
Wake Forest,2000,2,9,0,,,,history
Wake Forest,2001,6,5,0,,,,history
Wake Forest,2002,7,6,0,,,,history
Wake Forest,2003,5,7,0,,,,history
Wake Forest,2004,4,7,0,,,,history
Wake Forest,2005,4,7,0,,,,history
Wake Forest,2006,11,3,0,,,,history
Wake Forest,2007,9,4,0,,,,history
Wake Forest,2008,8,5,0,,,,history
Wake Forest,2009,5,7,0,,,,history
Wake Forest,2010,3,9,0,,,,history
Wake Forest,2011,6,7,0,,,,history
Wake Forest,2012,5,7,0,,,,history
Wake Forest,2013,4,8,0,,,,history
Wake Forest,2014,3,9,0,,,,history
Wake Forest,2015,3,9,0,,,,history
Wake Forest,2016,7,6,0,,,,history
Wake Forest,2017,8,5,0,,,,history
Wake Forest,2018,7,6,0,,,,history
Wake Forest,2019,8,5,0,,,,history
Wake Forest,2020,4,5,0,,,,history
Wake Forest,2021,11,3,0,,,,history
Wake Forest,2022,8,5,0,,,,history
Wake Forest,2023,4,8,0,,,,history
Wake Forest,2024,4,8,0,,,,history
Wake Forest,2025,9,4,0,,,,history
Washington,1935,214,75,30,,,,ncaa
Washington,1936,7,2,1,,,,history
Washington,1937,7,2,2,,,,history
Washington,1938,3,5,1,,,,history
Washington,1939,4,5,0,,,,history
Washington,1940,7,2,0,,,,history
Washington,1941,5,4,0,,,,history
Washington,1942,4,3,3,,,,history
Washington,1943,1,1,0,,,,history
Washington,1944,5,3,0,,,,history
Washington,1945,6,3,0,,,,history
Washington,1946,5,4,0,,,,history
Washington,1947,3,6,0,,,,history
Washington,1948,2,7,1,,,,history
Washington,1949,3,7,0,,,,history
Washington,1950,8,2,0,,,,history
Washington,1951,3,6,1,,,,history
Washington,1952,7,3,0,,,,history
Washington,1953,3,6,1,,,,history
Washington,1954,2,8,0,,,,history
Washington,1955,5,4,1,,,,history
Washington,1956,5,5,0,,,,history
Washington,1957,3,6,1,,,,history
Washington,1958,3,7,0,,,,history
Washington,1959,10,1,0,,,,history
Washington,1960,10,1,0,,,,history
Washington,1961,5,4,1,,,,history
Washington,1962,7,1,2,,,,history
Washington,1963,6,5,0,,,,history
Washington,1964,6,4,0,,,,history
Washington,1965,5,5,0,,,,history
Washington,1966,6,4,0,,,,history
Washington,1967,5,5,0,,,,history
Washington,1968,3,5,2,,,,history
Washington,1969,1,9,0,,,,history
Washington,1970,6,4,0,,,,history
Washington,1971,8,3,0,,,,history
Washington,1972,8,3,0,,,,history
Washington,1973,2,9,0,,,,history
Washington,1974,5,6,0,,,,history
Washington,1975,6,5,0,,,,history
Washington,1976,5,6,0,,,,history
Washington,1977,8,4,0,,,,history
Washington,1978,7,4,0,,,,history
Washington,1979,9,3,0,,,,history
Washington,1980,9,3,0,,,,history
Washington,1981,10,2,0,,,,history
Washington,1982,10,2,0,,,,history
Washington,1983,8,4,0,,,,history
Washington,1984,11,1,0,,,,history
Washington,1985,7,5,0,,,,history
Washington,1986,8,3,1,,,,history
Washington,1987,7,4,1,,,,history
Washington,1988,6,5,0,,,,history
Washington,1989,8,4,0,,,,history
Washington,1990,10,2,0,,,,history
Washington,1991,12,0,0,,,,history
Washington,1992,9,3,0,,,,history
Washington,1993,7,4,0,,,,history
Washington,1994,7,4,0,,,,history
Washington,1995,7,4,1,,,,history
Washington,1996,9,3,0,,,,history
Washington,1997,8,4,0,,,,history
Washington,1998,6,6,0,,,,history
Washington,1999,7,5,0,,,,history
Washington,2000,11,1,0,,,,history
Washington,2001,8,4,0,,,,history
Washington,2002,7,6,0,,,,history
Washington,2003,6,6,0,,,,history
Washington,2004,1,10,0,,,,history
Washington,2005,2,9,0,,,,history
Washington,2006,5,7,0,,,,history
Washington,2007,4,9,0,,,,history
Washington,2008,0,12,0,,,,history
Washington,2009,5,7,0,,,,history
Washington,2010,7,6,0,,,,history
Washington,2011,7,6,0,,,,history
Washington,2012,7,6,0,,,,history
Washington,2013,9,4,0,,,,history
Washington,2014,8,6,0,,,,history
Washington,2015,7,6,0,,,,history
Washington,2016,12,2,0,,,,history
Washington,2017,10,3,0,,,,history
Washington,2018,10,4,0,,,,history
Washington,2019,8,5,0,,,,history
Washington,2020,3,1,0,,,,history
Washington,2021,4,8,0,,,,history
Washington,2022,11,2,0,,,,history
Washington,2023,14,1,0,,,,history
Washington,2024,6,7,0,,,,history
Washington,2025,9,4,0,,,,history
Washington State,1907,1,0,0,,,,history
Washington State,1909,0,1,0,,,,history
Washington State,1915,1,0,0,,,,history
Washington State,1916,0,2,0,,,,history
Washington State,1917,6,0,1,,,,history
Washington State,1919,5,2,0,,,,history
Washington State,1920,5,1,0,,,,history
Washington State,1921,4,2,1,,,,history
Washington State,1922,2,5,0,,,,history
Washington State,1923,2,4,1,,,,history
Washington State,1924,1,5,2,,,,history
Washington State,1925,3,4,1,,,,history
Washington State,1926,6,1,0,,,,history
Washington State,1927,3,3,2,,,,history
Washington State,1928,7,3,0,,,,history
Washington State,1929,10,2,0,,,,history
Washington State,1930,9,1,0,,,,history
Washington State,1931,6,4,0,,,,history
Washington State,1932,7,1,1,,,,history
Washington State,1933,5,3,1,,,,history
Washington State,1934,4,3,1,,,,history
Washington State,1935,5,3,1,,,,history
Washington State,1936,6,3,1,,,,history
Washington State,1937,3,3,3,,,,history
Washington State,1938,2,8,0,,,,history
Washington State,1939,4,5,0,,,,history
Washington State,1940,4,4,2,,,,history
Washington State,1941,6,4,0,,,,history
Washington State,1942,6,2,2,,,,history
Washington State,1945,6,2,1,,,,history
Washington State,1946,1,6,1,,,,history
Washington State,1947,3,7,0,,,,history
Washington State,1948,4,5,1,,,,history
Washington State,1949,3,6,0,,,,history
Washington State,1950,4,3,2,,,,history
Washington State,1951,7,3,0,,,,history
Washington State,1952,4,6,0,,,,history
Washington State,1953,4,6,0,,,,history
Washington State,1954,4,6,0,,,,history
Washington State,1955,1,7,2,,,,history
Washington State,1956,3,6,1,,,,history
Washington State,1957,6,4,0,,,,history
Washington State,1958,7,3,0,,,,history
Washington State,1959,6,4,0,,,,history
Washington State,1960,4,5,1,,,,history
Washington State,1961,3,7,0,,,,history
Washington State,1962,5,4,1,,,,history
Washington State,1963,3,6,1,,,,history
Washington State,1964,3,6,1,,,,history
Washington State,1965,7,3,0,,,,history
Washington State,1966,3,7,0,,,,history
Washington State,1967,2,8,0,,,,history
Washington State,1968,3,6,1,,,,history
Washington State,1969,1,9,0,,,,history
Washington State,1970,1,10,0,,,,history
Washington State,1971,4,7,0,,,,history
Washington State,1972,7,4,0,,,,history
Washington State,1973,5,6,0,,,,history
Washington State,1974,2,9,0,,,,history
Washington State,1975,3,8,0,,,,history
Washington State,1976,3,8,0,,,,history
Washington State,1977,6,5,0,,,,history
Washington State,1978,3,7,1,,,,history
Washington State,1979,3,8,0,,,,history
Washington State,1980,4,7,0,,,,history
Washington State,1981,8,3,1,,,,history
Washington State,1982,3,7,1,,,,history
Washington State,1983,7,4,0,,,,history
Washington State,1984,6,5,0,,,,history
Washington State,1985,4,7,0,,,,history
Washington State,1986,3,7,1,,,,history
Washington State,1987,3,7,1,,,,history
Washington State,1988,9,3,0,,,,history
Washington State,1989,6,5,0,,,,history
Washington State,1990,3,8,0,,,,history
Washington State,1991,4,7,0,,,,history
Washington State,1992,9,3,0,,,,history
Washington State,1993,5,6,0,,,,history
Washington State,1994,8,4,0,,,,history
Washington State,1995,3,8,0,,,,history
Washington State,1996,5,6,0,,,,history
Washington State,1997,10,2,0,,,,history
Washington State,1998,3,8,0,,,,history
Washington State,1999,3,9,0,,,,history
Washington State,2000,4,7,0,,,,history
Washington State,2001,10,2,0,,,,history
Washington State,2002,10,3,0,,,,history
Washington State,2003,10,3,0,,,,history
Washington State,2004,5,6,0,,,,history
Washington State,2005,4,7,0,,,,history
Washington State,2006,6,6,0,,,,history
Washington State,2007,5,7,0,,,,history
Washington State,2008,2,11,0,,,,history
Washington State,2009,1,11,0,,,,history
Washington State,2010,2,10,0,,,,history
Washington State,2011,4,8,0,,,,history
Washington State,2012,3,9,0,,,,history
Washington State,2013,6,7,0,,,,history
Washington State,2014,3,9,0,,,,history
Washington State,2015,9,4,0,,,,history
Washington State,2016,8,5,0,,,,history
Washington State,2017,9,4,0,,,,history
Washington State,2018,11,2,0,,,,history
Washington State,2019,6,7,0,,,,history
Washington State,2020,1,3,0,,,,history
Washington State,2021,7,6,0,,,,history
Washington State,2022,7,6,0,,,,history
Washington State,2023,5,7,0,,,,history
Washington State,2024,8,5,0,,,,history
Washington State,2025,7,6,0,,,,history
West Virginia,1935,213,131,27,,,,ncaa
West Virginia,1936,6,4,0,,,,history
West Virginia,1937,8,1,1,,,,history
West Virginia,1938,4,5,1,,,,history
West Virginia,1939,2,6,1,,,,history
West Virginia,1940,4,4,1,,,,history
West Virginia,1941,4,6,0,,,,history
West Virginia,1942,5,4,0,,,,history
West Virginia,1943,4,3,0,,,,history
West Virginia,1944,5,3,1,,,,history
West Virginia,1945,2,6,1,,,,history
West Virginia,1946,5,5,0,,,,history
West Virginia,1947,6,4,0,,,,history
West Virginia,1948,9,3,0,,,,history
West Virginia,1949,4,6,1,,,,history
West Virginia,1950,2,8,0,,,,history
West Virginia,1951,5,5,0,,,,history
West Virginia,1952,7,2,0,,,,history
West Virginia,1953,8,2,0,,,,history
West Virginia,1954,8,1,0,,,,history
West Virginia,1955,8,2,0,,,,history
West Virginia,1956,6,4,0,,,,history
West Virginia,1957,7,2,1,,,,history
West Virginia,1958,4,5,1,,,,history
West Virginia,1959,3,7,0,,,,history
West Virginia,1960,0,8,2,,,,history
West Virginia,1961,4,6,0,,,,history
West Virginia,1962,8,2,0,,,,history
West Virginia,1963,4,6,0,,,,history
West Virginia,1964,7,4,0,,,,history
West Virginia,1965,6,4,0,,,,history
West Virginia,1966,3,5,2,,,,history
West Virginia,1967,5,4,1,,,,history
West Virginia,1968,7,3,0,,,,history
West Virginia,1969,10,1,0,,,,history
West Virginia,1970,8,3,0,,,,history
West Virginia,1971,7,4,0,,,,history
West Virginia,1972,8,4,0,,,,history
West Virginia,1973,6,5,0,,,,history
West Virginia,1974,4,7,0,,,,history
West Virginia,1975,9,3,0,,,,history
West Virginia,1976,5,6,0,,,,history
West Virginia,1977,5,6,0,,,,history
West Virginia,1978,2,9,0,,,,history
West Virginia,1979,5,6,0,,,,history
West Virginia,1980,6,6,0,,,,history
West Virginia,1981,9,3,0,,,,history
West Virginia,1982,9,3,0,,,,history
West Virginia,1983,9,3,0,,,,history
West Virginia,1984,8,4,0,,,,history
West Virginia,1985,7,3,1,,,,history
West Virginia,1986,4,7,0,,,,history
West Virginia,1987,6,6,0,,,,history
West Virginia,1988,11,1,0,,,,history
West Virginia,1989,8,3,1,,,,history
West Virginia,1990,4,7,0,,,,history
West Virginia,1991,6,5,0,,,,history
West Virginia,1992,5,4,2,,,,history
West Virginia,1993,11,1,0,,,,history
West Virginia,1994,7,6,0,,,,history
West Virginia,1995,5,6,0,,,,history
West Virginia,1996,8,4,0,,,,history
West Virginia,1997,7,5,0,,,,history
West Virginia,1998,8,4,0,,,,history
West Virginia,1999,4,7,0,,,,history
West Virginia,2000,7,5,0,,,,history
West Virginia,2001,3,8,0,,,,history
West Virginia,2002,9,4,0,,,,history
West Virginia,2003,8,5,0,,,,history
West Virginia,2004,8,4,0,,,,history
West Virginia,2005,11,1,0,,,,history
West Virginia,2006,11,2,0,,,,history
West Virginia,2007,11,2,0,,,,history
West Virginia,2008,9,4,0,,,,history
West Virginia,2009,9,4,0,,,,history
West Virginia,2010,9,4,0,,,,history
West Virginia,2011,10,3,0,,,,history
West Virginia,2012,7,6,0,,,,history
West Virginia,2013,4,8,0,,,,history
West Virginia,2014,7,6,0,,,,history
West Virginia,2015,8,5,0,,,,history
West Virginia,2016,10,3,0,,,,history
West Virginia,2017,7,6,0,,,,history
West Virginia,2018,8,4,0,,,,history
West Virginia,2019,5,7,0,,,,history
West Virginia,2020,6,4,0,,,,history
West Virginia,2021,6,7,0,,,,history
West Virginia,2022,5,7,0,,,,history
West Virginia,2023,9,4,0,,,,history
West Virginia,2024,6,7,0,,,,history
West Virginia,2025,4,8,0,,,,history
Western Kentucky,1925,0,1,0,,,,history
Western Kentucky,1931,0,2,0,,,,history
Western Kentucky,1932,0,1,0,,,,history
Western Kentucky,1935,1,0,0,,,,history
Western Kentucky,1936,0,0,0,,,,history
Western Kentucky,1937,0,0,0,,,,history
Western Kentucky,1938,0,1,0,,,,history
Western Kentucky,1939,0,0,0,,,,history
Western Kentucky,1940,0,0,0,,,,history
Western Kentucky,1941,0,0,0,,,,history
Western Kentucky,1942,0,1,0,,,,history
Western Kentucky,1946,0,0,0,,,,history
Western Kentucky,1947,0,0,0,,,,history
Western Kentucky,1948,0,0,0,,,,history
Western Kentucky,1949,0,0,0,,,,history
Western Kentucky,1950,0,0,0,,,,history
Western Kentucky,1951,0,0,0,,,,history
Western Kentucky,1952,0,0,0,,,,history
Western Kentucky,1953,0,0,0,,,,history
Western Kentucky,1954,0,0,0,,,,history
Western Kentucky,1955,0,0,0,,,,history
Western Kentucky,1956,0,0,0,,,,history
Western Kentucky,1957,0,0,0,,,,history
Western Kentucky,1958,0,0,0,,,,history
Western Kentucky,1959,0,0,0,,,,history
Western Kentucky,1960,0,0,0,,,,history
Western Kentucky,1961,0,0,0,,,,history
Western Kentucky,1962,0,0,0,,,,history
Western Kentucky,1963,1,0,0,,,,history
Western Kentucky,1964,0,0,0,,,,history
Western Kentucky,1965,0,0,0,,,,history
Western Kentucky,1966,0,0,0,,,,history
Western Kentucky,1967,0,0,0,,,,history
Western Kentucky,1968,0,0,0,,,,history
Western Kentucky,1969,1,0,0,,,,history
Western Kentucky,1970,0,0,0,,,,history
Western Kentucky,1971,0,0,0,,,,history
Western Kentucky,1972,0,1,0,,,,history
Western Kentucky,1973,1,0,0,,,,history
Western Kentucky,1974,1,0,0,,,,history
Western Kentucky,1975,3,0,0,,,,history
Western Kentucky,1976,1,0,0,,,,history
Western Kentucky,1977,0,1,0,,,,history
Western Kentucky,1978,1,1,0,,,,history
Western Kentucky,1979,0,2,0,,,,history
Western Kentucky,1980,0,0,0,,,,history
Western Kentucky,1981,0,0,0,,,,history
Western Kentucky,1982,0,1,0,,,,history
Western Kentucky,1983,0,1,0,,,,history
Western Kentucky,1984,0,1,0,,,,history
Western Kentucky,1985,0,1,0,,,,history
Western Kentucky,1986,0,1,0,,,,history
Western Kentucky,1987,0,0,0,,,,history
Western Kentucky,1988,0,1,0,,,,history
Western Kentucky,1989,0,1,0,,,,history
Western Kentucky,1990,0,1,0,,,,history
Western Kentucky,1991,0,0,0,,,,history
Western Kentucky,1992,0,1,0,,,,history
Western Kentucky,1993,0,1,0,,,,history
Western Kentucky,1994,0,0,0,,,,history
Western Kentucky,1995,0,0,0,,,,history
Western Kentucky,1996,0,1,0,,,,history
Western Kentucky,1997,0,1,0,,,,history
Western Kentucky,1998,0,2,0,,,,history
Western Kentucky,1999,0,0,0,,,,history
Western Kentucky,2000,0,1,0,,,,history
Western Kentucky,2001,0,1,0,,,,history
Western Kentucky,2002,0,1,0,,,,history
Western Kentucky,2003,8,3,0,,,,history
Western Kentucky,2004,10,3,0,,,,history
Western Kentucky,2005,6,5,0,,,,history
Western Kentucky,2006,6,5,0,,,,history
Western Kentucky,2007,7,5,0,,,,history
Western Kentucky,2008,2,10,0,,,,history
Western Kentucky,2009,0,12,0,,,,history
Western Kentucky,2010,2,10,0,,,,history
Western Kentucky,2011,7,5,0,,,,history
Western Kentucky,2012,7,6,0,,,,history
Western Kentucky,2013,8,4,0,,,,history
Western Kentucky,2014,8,5,0,,,,history
Western Kentucky,2015,12,2,0,,,,history
Western Kentucky,2016,11,3,0,,,,history
Western Kentucky,2017,6,7,0,,,,history
Western Kentucky,2018,3,9,0,,,,history
Western Kentucky,2019,9,4,0,,,,history
Western Kentucky,2020,5,7,0,,,,history
Western Kentucky,2021,9,5,0,,,,history
Western Kentucky,2022,9,5,0,,,,history
Western Kentucky,2023,8,5,0,,,,history
Western Kentucky,2024,8,6,0,,,,history
Western Kentucky,2025,9,4,0,,,,history
Western Michigan,1917,0,1,0,,,,history
Western Michigan,1918,0,1,0,,,,history
Western Michigan,1919,0,1,0,,,,history
Western Michigan,1920,0,1,0,,,,history
Western Michigan,1931,0,1,0,,,,history
Western Michigan,1933,0,1,0,,,,history
Western Michigan,1934,0,1,0,,,,history
Western Michigan,1935,0,1,0,,,,history
Western Michigan,1936,0,1,0,,,,history
Western Michigan,1937,0,1,0,,,,history
Western Michigan,1938,0,1,0,,,,history
Western Michigan,1939,0,1,0,,,,history
Western Michigan,1940,0,0,0,,,,history
Western Michigan,1941,0,0,0,,,,history
Western Michigan,1942,0,0,0,,,,history
Western Michigan,1943,0,2,0,,,,history
Western Michigan,1944,0,1,0,,,,history
Western Michigan,1945,0,1,0,,,,history
Western Michigan,1946,0,0,0,,,,history
Western Michigan,1947,0,1,0,,,,history
Western Michigan,1948,0,0,0,,,,history
Western Michigan,1949,0,0,0,,,,history
Western Michigan,1950,0,0,0,,,,history
Western Michigan,1951,0,0,0,,,,history
Western Michigan,1952,0,0,0,,,,history
Western Michigan,1953,0,0,0,,,,history
Western Michigan,1954,0,0,0,,,,history
Western Michigan,1955,0,0,0,,,,history
Western Michigan,1956,0,0,0,,,,history
Western Michigan,1957,0,0,0,,,,history
Western Michigan,1958,0,0,0,,,,history
Western Michigan,1959,0,1,0,,,,history
Western Michigan,1960,0,0,0,,,,history
Western Michigan,1961,0,3,0,,,,history
Western Michigan,1962,5,4,0,,,,history
Western Michigan,1963,2,7,0,,,,history
Western Michigan,1964,3,6,0,,,,history
Western Michigan,1965,6,2,1,,,,history
Western Michigan,1966,7,3,0,,,,history
Western Michigan,1967,5,4,0,,,,history
Western Michigan,1968,3,6,0,,,,history
Western Michigan,1969,4,6,0,,,,history
Western Michigan,1970,7,3,0,,,,history
Western Michigan,1971,7,3,0,,,,history
Western Michigan,1972,7,3,1,,,,history
Western Michigan,1973,6,5,0,,,,history
Western Michigan,1974,3,8,0,,,,history
Western Michigan,1975,1,10,0,,,,history
Western Michigan,1976,7,4,0,,,,history
Western Michigan,1977,4,7,0,,,,history
Western Michigan,1978,7,4,0,,,,history
Western Michigan,1979,6,5,0,,,,history
Western Michigan,1980,7,4,0,,,,history
Western Michigan,1981,6,5,0,,,,history
Western Michigan,1982,7,2,2,,,,history
Western Michigan,1983,6,5,0,,,,history
Western Michigan,1984,5,6,0,,,,history
Western Michigan,1985,4,6,1,,,,history
Western Michigan,1986,3,8,0,,,,history
Western Michigan,1987,5,6,0,,,,history
Western Michigan,1988,9,3,0,,,,history
Western Michigan,1989,5,6,0,,,,history
Western Michigan,1990,7,4,0,,,,history
Western Michigan,1991,6,5,0,,,,history
Western Michigan,1992,7,3,1,,,,history
Western Michigan,1993,7,3,1,,,,history
Western Michigan,1994,7,4,0,,,,history
Western Michigan,1995,7,4,0,,,,history
Western Michigan,1996,2,9,0,,,,history
Western Michigan,1997,8,3,0,,,,history
Western Michigan,1998,7,4,0,,,,history
Western Michigan,1999,7,5,0,,,,history
Western Michigan,2000,9,3,0,,,,history
Western Michigan,2001,5,6,0,,,,history
Western Michigan,2002,4,8,0,,,,history
Western Michigan,2003,5,7,0,,,,history
Western Michigan,2004,1,10,0,,,,history
Western Michigan,2005,7,4,0,,,,history
Western Michigan,2006,8,5,0,,,,history
Western Michigan,2007,5,7,0,,,,history
Western Michigan,2008,9,4,0,,,,history
Western Michigan,2009,5,7,0,,,,history
Western Michigan,2010,6,6,0,,,,history
Western Michigan,2011,7,6,0,,,,history
Western Michigan,2012,4,8,0,,,,history
Western Michigan,2013,1,11,0,,,,history
Western Michigan,2014,8,5,0,,,,history
Western Michigan,2015,8,5,0,,,,history
Western Michigan,2016,13,1,0,,,,history
Western Michigan,2017,6,6,0,,,,history
Western Michigan,2018,7,6,0,,,,history
Western Michigan,2019,7,6,0,,,,history
Western Michigan,2020,4,2,0,,,,history
Western Michigan,2021,8,5,0,,,,history
Western Michigan,2022,5,7,0,,,,history
Western Michigan,2023,4,8,0,,,,history
Western Michigan,2024,6,7,0,,,,history
Western Michigan,2025,10,4,0,,,,history
Wisconsin,1935,225,100,26,,,,ncaa
Wisconsin,1936,2,6,0,,,,history
Wisconsin,1937,4,3,1,,,,history
Wisconsin,1938,5,3,0,,,,history
Wisconsin,1939,1,6,1,,,,history
Wisconsin,1940,4,4,0,,,,history
Wisconsin,1941,3,5,0,,,,history
Wisconsin,1942,8,1,1,,,,history
Wisconsin,1943,1,9,0,,,,history
Wisconsin,1944,3,6,0,,,,history
Wisconsin,1945,3,4,2,,,,history
Wisconsin,1946,4,5,0,,,,history
Wisconsin,1947,5,3,1,,,,history
Wisconsin,1948,2,7,0,,,,history
Wisconsin,1949,5,3,1,,,,history
Wisconsin,1950,6,3,0,,,,history
Wisconsin,1951,7,1,1,,,,history
Wisconsin,1952,6,3,1,,,,history
Wisconsin,1953,6,2,1,,,,history
Wisconsin,1954,7,2,0,,,,history
Wisconsin,1955,4,5,0,,,,history
Wisconsin,1956,1,5,3,,,,history
Wisconsin,1957,6,3,0,,,,history
Wisconsin,1958,7,1,1,,,,history
Wisconsin,1959,7,3,0,,,,history
Wisconsin,1960,4,5,0,,,,history
Wisconsin,1961,6,3,0,,,,history
Wisconsin,1962,8,2,0,,,,history
Wisconsin,1963,5,4,0,,,,history
Wisconsin,1964,3,6,0,,,,history
Wisconsin,1965,2,7,1,,,,history
Wisconsin,1966,3,6,1,,,,history
Wisconsin,1967,0,9,1,,,,history
Wisconsin,1968,0,10,0,,,,history
Wisconsin,1969,3,7,0,,,,history
Wisconsin,1970,4,5,1,,,,history
Wisconsin,1971,4,6,1,,,,history
Wisconsin,1972,4,7,0,,,,history
Wisconsin,1973,4,7,0,,,,history
Wisconsin,1974,7,4,0,,,,history
Wisconsin,1975,4,6,1,,,,history
Wisconsin,1976,5,6,0,,,,history
Wisconsin,1977,5,6,0,,,,history
Wisconsin,1978,5,4,2,,,,history
Wisconsin,1979,4,7,0,,,,history
Wisconsin,1980,4,7,0,,,,history
Wisconsin,1981,7,5,0,,,,history
Wisconsin,1982,7,5,0,,,,history
Wisconsin,1983,7,4,0,,,,history
Wisconsin,1984,7,4,1,,,,history
Wisconsin,1985,5,6,0,,,,history
Wisconsin,1986,3,9,0,,,,history
Wisconsin,1987,3,8,0,,,,history
Wisconsin,1988,1,10,0,,,,history
Wisconsin,1989,2,9,0,,,,history
Wisconsin,1990,1,10,0,,,,history
Wisconsin,1991,5,6,0,,,,history
Wisconsin,1992,5,6,0,,,,history
Wisconsin,1993,10,1,1,,,,history
Wisconsin,1994,7,4,1,,,,history
Wisconsin,1995,4,5,2,,,,history
Wisconsin,1996,8,5,0,,,,history
Wisconsin,1997,8,5,0,,,,history
Wisconsin,1998,11,1,0,,,,history
Wisconsin,1999,10,2,0,,,,history
Wisconsin,2000,9,4,0,,,,history
Wisconsin,2001,5,7,0,,,,history
Wisconsin,2002,8,6,0,,,,history
Wisconsin,2003,7,6,0,,,,history
Wisconsin,2004,9,3,0,,,,history
Wisconsin,2005,10,3,0,,,,history
Wisconsin,2006,12,1,0,,,,history
Wisconsin,2007,9,4,0,,,,history
Wisconsin,2008,7,6,0,,,,history
Wisconsin,2009,10,3,0,,,,history
Wisconsin,2010,11,2,0,,,,history
Wisconsin,2011,11,3,0,,,,history
Wisconsin,2012,8,6,0,,,,history
Wisconsin,2013,9,4,0,,,,history
Wisconsin,2014,11,3,0,,,,history
Wisconsin,2015,10,3,0,,,,history
Wisconsin,2016,11,3,0,,,,history
Wisconsin,2017,13,1,0,,,,history
Wisconsin,2018,8,5,0,,,,history
Wisconsin,2019,10,4,0,,,,history
Wisconsin,2020,4,3,0,,,,history
Wisconsin,2021,9,4,0,,,,history
Wisconsin,2022,7,6,0,,,,history
Wisconsin,2023,7,6,0,,,,history
Wisconsin,2024,5,7,0,,,,history
Wisconsin,2025,4,8,0,,,,history
Wyoming,1903,0,1,0,,,,history
Wyoming,1904,0,0,1,,,,history
Wyoming,1905,3,4,0,,,,history
Wyoming,1906,0,1,0,,,,history
Wyoming,1907,0,1,0,,,,history
Wyoming,1908,0,1,0,,,,history
Wyoming,1909,3,5,0,,,,history
Wyoming,1910,4,4,0,,,,history
Wyoming,1911,4,3,1,,,,history
Wyoming,1912,2,7,0,,,,history
Wyoming,1913,0,5,0,,,,history
Wyoming,1914,1,5,0,,,,history
Wyoming,1915,2,6,0,,,,history
Wyoming,1916,1,4,0,,,,history
Wyoming,1917,3,4,0,,,,history
Wyoming,1919,3,5,0,,,,history
Wyoming,1920,4,5,1,,,,history
Wyoming,1921,1,4,2,,,,history
Wyoming,1922,1,8,0,,,,history
Wyoming,1923,0,8,0,,,,history
Wyoming,1924,2,6,0,,,,history
Wyoming,1925,6,3,0,,,,history
Wyoming,1926,2,4,2,,,,history
Wyoming,1927,4,5,0,,,,history
Wyoming,1928,2,7,0,,,,history
Wyoming,1929,1,7,0,,,,history
Wyoming,1930,2,5,1,,,,history
Wyoming,1931,6,4,0,,,,history
Wyoming,1932,2,6,1,,,,history
Wyoming,1933,2,6,1,,,,history
Wyoming,1934,3,5,0,,,,history
Wyoming,1935,4,4,0,,,,history
Wyoming,1936,2,5,1,,,,history
Wyoming,1937,3,5,0,,,,history
Wyoming,1938,2,5,1,,,,history
Wyoming,1939,0,7,1,,,,history
Wyoming,1940,1,7,1,,,,history
Wyoming,1941,2,7,1,,,,history
Wyoming,1942,3,5,0,,,,history
Wyoming,1946,1,8,1,,,,history
Wyoming,1947,4,5,0,,,,history
Wyoming,1948,4,5,0,,,,history
Wyoming,1949,9,1,0,,,,history
Wyoming,1950,10,0,0,,,,history
Wyoming,1951,7,2,1,,,,history
Wyoming,1952,5,4,0,,,,history
Wyoming,1953,5,4,1,,,,history
Wyoming,1954,6,4,0,,,,history
Wyoming,1955,8,3,0,,,,history
Wyoming,1956,10,0,0,,,,history
Wyoming,1957,4,3,3,,,,history
Wyoming,1958,8,3,0,,,,history
Wyoming,1959,9,1,0,,,,history
Wyoming,1960,8,2,0,,,,history
Wyoming,1961,6,1,2,,,,history
Wyoming,1962,5,5,0,,,,history
Wyoming,1963,6,4,0,,,,history
Wyoming,1964,6,2,2,,,,history
Wyoming,1965,6,4,0,,,,history
Wyoming,1966,10,1,0,,,,history
Wyoming,1967,10,1,0,,,,history
Wyoming,1968,7,3,0,,,,history
Wyoming,1969,6,4,0,,,,history
Wyoming,1970,1,9,0,,,,history
Wyoming,1971,5,6,0,,,,history
Wyoming,1972,4,7,0,,,,history
Wyoming,1973,4,7,0,,,,history
Wyoming,1974,2,9,0,,,,history
Wyoming,1975,2,9,0,,,,history
Wyoming,1976,8,4,0,,,,history
Wyoming,1977,4,6,1,,,,history
Wyoming,1978,5,7,0,,,,history
Wyoming,1979,4,8,0,,,,history
Wyoming,1980,6,5,0,,,,history
Wyoming,1981,8,3,0,,,,history
Wyoming,1982,5,7,0,,,,history
Wyoming,1983,7,5,0,,,,history
Wyoming,1984,6,6,0,,,,history
Wyoming,1985,3,8,0,,,,history
Wyoming,1986,6,6,0,,,,history
Wyoming,1987,10,3,0,,,,history
Wyoming,1988,11,2,0,,,,history
Wyoming,1989,5,6,0,,,,history
Wyoming,1990,9,4,0,,,,history
Wyoming,1991,4,6,1,,,,history
Wyoming,1992,5,7,0,,,,history
Wyoming,1993,8,4,0,,,,history
Wyoming,1994,6,6,0,,,,history
Wyoming,1995,6,5,0,,,,history
Wyoming,1996,10,2,0,,,,history
Wyoming,1997,7,6,0,,,,history
Wyoming,1998,8,3,0,,,,history
Wyoming,1999,7,4,0,,,,history
Wyoming,2000,1,10,0,,,,history
Wyoming,2001,2,9,0,,,,history
Wyoming,2002,2,10,0,,,,history
Wyoming,2003,4,8,0,,,,history
Wyoming,2004,7,5,0,,,,history
Wyoming,2005,4,7,0,,,,history
Wyoming,2006,6,6,0,,,,history
Wyoming,2007,5,7,0,,,,history
Wyoming,2008,4,8,0,,,,history
Wyoming,2009,7,6,0,,,,history
Wyoming,2010,3,9,0,,,,history
Wyoming,2011,8,5,0,,,,history
Wyoming,2012,4,8,0,,,,history
Wyoming,2013,5,7,0,,,,history
Wyoming,2014,4,8,0,,,,history
Wyoming,2015,2,10,0,,,,history
Wyoming,2016,8,6,0,,,,history
Wyoming,2017,8,5,0,,,,history
Wyoming,2018,6,6,0,,,,history
Wyoming,2019,8,5,0,,,,history
Wyoming,2020,2,4,0,,,,history
Wyoming,2021,7,6,0,,,,history
Wyoming,2022,7,6,0,,,,history
Wyoming,2023,9,4,0,,,,history
Wyoming,2024,3,9,0,,,,history
Wyoming,2025,4,8,0,,,,history
