week,game,team_id,rank
2021-11-08,401372463,2547,
2021-11-08,401372463,304,
2021-11-08,401371249,279,
2021-11-08,401371249,2458,
2021-11-08,401373112,2547,
2021-11-08,401373112,2016,
2021-11-08,401372366,233,
2021-11-08,401372366,2005,
2021-11-08,401378564,2460,
2021-11-08,401378564,261,
2021-11-08,401374288,2681,
2021-11-08,401374288,42,
2021-11-08,401372009,2507,
2021-11-08,401372009,2529,
2021-11-08,401371575,120,21.0
2021-11-08,401371575,45,
2021-11-08,401370962,2885,
2021-11-08,401370962,2771,
2021-11-08,401372180,232,
2021-11-08,401372180,2569,
2021-11-08,401372279,339,
2021-11-08,401372279,85,
2021-11-08,401371906,238,
2021-11-08,401371906,326,
2021-11-08,401371590,2628,
2021-11-08,401371590,2377,
2021-11-08,401373258,195,
2021-11-08,401373258,2057,
2021-11-08,401369138,156,
2021-11-08,401369138,338,
2021-11-08,401373626,9,
2021-11-08,401373626,27,
2021-11-08,401372475,23,
2021-11-08,401372475,2239,
2021-11-08,401371166,2539,
2021-11-08,401371166,2504,
2021-11-08,401372549,264,
2021-11-08,401372549,2464,
2021-11-08,401372479,2439,
2021-11-08,401372479,2241,
2021-11-08,401369870,52,20.0
2021-11-08,401369870,219,
2021-11-08,401369851,150,9.0
2021-11-08,401369851,349,
2021-11-08,401372435,70,
2021-11-08,401372435,299,
2021-11-08,401365207,120,21.0
2021-11-08,401365207,2514,
2021-11-08,401364997,130,6.0
2021-11-08,401364997,2084,
2021-11-08,401365208,179,23.0
2021-11-08,401365208,2561,
2021-11-08,401370054,154,
2021-11-08,401370054,2729,
2021-11-08,401371941,2116,
2021-11-08,401371941,2523,
2021-11-08,401372018,2550,
2021-11-08,401372018,161,
2021-11-08,401372168,164,
2021-11-08,401372168,2329,
2021-11-08,401373066,218,
2021-11-08,401373066,2379,
2021-11-08,401369137,245,
2021-11-08,401369137,2454,
2021-11-08,401371569,202,
2021-11-08,401371569,2466,
2021-11-08,401371864,344,
2021-11-08,401371864,2453,
2021-11-08,401371905,238,
2021-11-08,401371905,2011,
2021-11-08,401372253,2306,
2021-11-08,401372253,50,
2021-11-08,401372159,213,
2021-11-08,401372159,2754,
2021-11-08,401370794,305,
2021-11-08,401370794,2154,
2021-11-08,401372270,2751,
2021-11-08,401372270,2174,
2021-11-08,401372401,167,
2021-11-08,401372401,2226,
2021-11-08,401372586,62,
2021-11-08,401372586,2458,
2021-11-08,401372215,2247,
2021-11-08,401372215,111,
2021-11-08,401372650,2097,
2021-11-08,401372650,42,
2021-11-08,401372979,2430,
2021-11-08,401372979,2448,
2021-11-08,401372319,277,
2021-11-08,401372319,2473,
2021-11-08,401372214,2142,
2021-11-08,401372214,111,
2021-11-08,401372236,2729,
2021-11-08,401372236,44,
2021-11-08,401372652,2429,
2021-11-08,401372652,2908,
2021-11-08,401372681,145,
2021-11-08,401372681,2127,
2021-11-08,401372725,276,
2021-11-08,401372725,2750,
2021-11-08,401369130,66,
2021-11-08,401369130,338,
2021-11-08,401372820,5,
2021-11-08,401372820,2413,
2021-11-08,401371884,2579,
2021-11-08,401371884,2908,
2021-11-08,401372987,2506,
2021-11-08,401372987,2678,
2021-11-08,401373031,94,
2021-11-08,401373031,2430,
2021-11-08,401371846,61,
2021-11-08,401371846,2229,
2021-11-08,401371804,151,
2021-11-08,401371804,2569,
2021-11-08,401371792,2132,
2021-11-08,401371792,339,
2021-11-08,401371719,257,
2021-11-08,401371719,2428,
2021-11-08,401370037,258,25.0
2021-11-08,401370037,2515,
2021-11-08,401365212,194,17.0
2021-11-08,401365212,315,
2021-11-08,401371103,2244,
2021-11-08,401371103,219,
2021-11-08,401370123,97,
2021-11-08,401370123,231,
2021-11-08,401369926,228,
2021-11-08,401369926,2747,
2021-11-08,401369140,2086,
2021-11-08,401369140,2110,
2021-11-08,401373383,2352,
2021-11-08,401373383,2569,
2021-11-08,401365592,13,
2021-11-08,401365592,2449,
2021-11-08,401372329,302,
2021-11-08,401372329,331,
2021-11-08,401365001,2199,
2021-11-08,401365001,2287,
2021-11-08,401371712,227,
2021-11-08,401371712,2803,
2021-11-08,401371720,257,
2021-11-08,401371720,328,
2021-11-08,401365000,127,
2021-11-08,401365000,2711,
2021-11-08,401372036,2752,
2021-11-08,401372036,2309,
2021-11-08,401369910,103,
2021-11-08,401369910,107,
2021-11-08,401372142,135,
2021-11-08,401372142,98,
2021-11-08,401373787,2026,
2021-11-08,401373787,2193,
2021-11-08,401364999,84,
2021-11-08,401364999,2459,
2021-11-08,401365210,2520,
2021-11-08,401365210,2154,
2021-11-08,401365211,151,
2021-11-08,401365211,2099,
2021-11-08,401365213,2363,
2021-11-08,401365213,2230,
2021-11-08,401365215,171,
2021-11-08,401365215,2368,
2021-11-08,401373878,26,2.0
2021-11-08,401373878,2934,
2021-11-08,401369943,153,19.0
2021-11-08,401369943,2352,
2021-11-08,401373365,204,
2021-11-08,401373365,2502,
2021-11-08,401371914,235,12.0
2021-11-08,401371914,2635,
2021-11-08,401372141,135,
2021-11-08,401372141,140,
2021-11-08,401372146,158,
2021-11-08,401372146,2710,
2021-11-08,401372152,77,
2021-11-08,401372152,2197,
2021-11-08,401372172,275,
2021-11-08,401372172,2597,
2021-11-08,401364996,142,
2021-11-08,401364996,2117,
2021-11-08,401372225,2287,
2021-11-08,401372225,350,
2021-11-08,401372247,2739,
2021-11-08,401372247,282,
2021-11-08,401372260,197,
2021-11-08,401372260,250,
2021-11-08,401372308,2623,
2021-11-08,401372308,2546,
2021-11-08,401372337,2460,
2021-11-08,401372337,2447,
2021-11-08,401372012,2599,
2021-11-08,401372012,2400,
2021-11-08,401385910,59,
2021-11-08,401385910,193,
2021-11-08,401377970,2655,
2021-11-08,401377970,2545,
2021-11-08,401381708,2010,
2021-11-08,401381708,2634,
2021-11-08,401371832,2,22.0
2021-11-08,401371832,2413,
2021-11-08,401371824,8,16.0
2021-11-08,401371824,2382,
2021-11-08,401371963,156,
2021-11-08,401371963,2029,
2021-11-08,401371858,99,
2021-11-08,401371858,2433,
2021-11-08,401371839,57,
2021-11-08,401371839,2210,
2021-11-08,401371248,242,
2021-11-08,401371248,2492,
2021-11-08,401369134,139,
2021-11-08,401369134,2110,
2021-11-08,401369135,2641,
2021-11-08,401369135,2454,
2021-11-08,401369136,2724,
2021-11-08,401369136,55,
2021-11-08,401369909,103,
2021-11-08,401369909,159,
2021-11-08,401370017,259,
2021-11-08,401370017,311,
2021-11-08,401370091,152,
2021-11-08,401370091,2083,
2021-11-08,401370793,2350,
2021-11-08,401370793,2154,
2021-11-08,401371350,2130,
2021-11-08,401371350,2900,
2021-11-08,401371728,2603,
2021-11-08,401371728,2379,
2021-11-08,401365588,155,
2021-11-08,401365588,270,
2021-11-08,401371352,254,
2021-11-08,401371352,2000,
2021-11-08,401371564,201,
2021-11-08,401371564,2466,
2021-11-08,401371566,2567,
2021-11-08,401371566,2377,
2021-11-08,401371574,45,
2021-11-08,401371574,2598,
2021-11-08,401371583,2325,
2021-11-08,401371583,2529,
2021-11-08,401371811,248,15.0
2021-11-08,401371811,2275,
2021-11-08,401372110,356,11.0
2021-11-08,401372110,2296,
2021-11-08,401372548,12,
2021-11-08,401372548,2464,
2021-11-08,401372002,269,
2021-11-08,401372002,2565,
2021-11-08,401364995,2717,
2021-11-08,401364995,189,
2021-11-08,401369850,150,9.0
2021-11-08,401369850,96,10.0
2021-11-08,401371193,2608,
2021-11-08,401371193,2504,
2021-11-08,401371245,252,
2021-11-08,401371245,325,
2021-11-08,401371247,2351,
2021-11-08,401371247,236,
2021-11-08,401372138,127,
2021-11-08,401372138,2305,3.0
2021-11-08,401372121,2294,
2021-11-08,401372121,2344,
2021-11-08,401369133,2509,7.0
2021-11-08,401369133,91,
2021-11-08,401372396,2440,
2021-11-08,401372396,331,
2021-11-08,401372409,21,
2021-11-08,401372409,27,
2021-11-08,401372526,38,
2021-11-08,401372526,147,
2021-11-08,401373388,2483,13.0
2021-11-08,401373388,2640,
2021-11-08,401373875,24,
2021-11-08,401373875,2627,
2021-11-08,401371892,2633,18.0
2021-11-08,401371892,2630,
2021-11-08,401371165,2539,
2021-11-08,401371165,112358,
2021-11-08,401365589,36,
2021-11-08,401365589,198,
2021-11-08,401371743,2571,
2021-11-08,401371743,71,
2021-11-08,401371787,113,
2021-11-08,401371787,2378,
2021-11-08,401373823,2916,
2021-11-08,401373823,326,
2021-11-08,401372819,5,
2021-11-08,401372819,2427,
2021-11-08,401370122,97,
2021-11-08,401370122,2582,
2021-11-08,401371130,2541,
2021-11-08,401371130,2239,
2021-11-08,401371353,68,
2021-11-08,401371353,3084,
2021-11-08,401371355,2253,
2021-11-08,401371355,2755,
2021-11-08,401371565,145,
2021-11-08,401371565,2443,
2021-11-08,401371246,2250,1.0
2021-11-08,401371246,3101,
2021-11-08,401370944,2066,
2021-11-08,401370944,172,
2021-11-08,401365206,2390,
2021-11-08,401365206,2099,
2021-11-08,401373621,166,
2021-11-08,401373621,300,
2021-11-08,401373881,30,
2021-11-08,401373881,2463,
2021-11-08,401370036,258,25.0
2021-11-08,401370036,2426,
2021-11-08,401371819,333,14.0
2021-11-08,401371819,2348,
2021-11-08,401371567,251,5.0
2021-11-08,401371567,2277,
2021-11-08,401372746,2393,
2021-11-08,401372746,2065,
2021-11-08,401369889,59,
2021-11-08,401369889,56,
2021-11-08,401373026,270,
2021-11-08,401373026,2198,
2021-11-08,401365216,119,
2021-11-08,401365216,2405,
2021-11-08,401365218,2561,
2021-11-08,401365218,48,
2021-11-08,401371071,2184,
2021-11-08,401371071,2275,
2021-11-08,401371865,344,
2021-11-08,401371865,149,
2021-11-08,401371971,2670,
2021-11-08,401371971,2681,
2021-11-08,401383801,2569,
2021-11-08,401383801,288,
2021-11-08,401365201,314,
2021-11-08,401365201,2026,
2021-11-08,401369145,93,
2021-11-08,401369145,91,
2021-11-08,401371196,2501,
2021-11-08,401371196,2016,
2021-11-08,401364991,290,
2021-11-08,401364991,2050,
2021-11-08,401371960,2086,
2021-11-08,401371960,2653,
2021-11-08,401372480,2439,
2021-11-08,401372480,25,
2021-11-08,401365005,2649,
2021-11-08,401365005,2174,
2021-11-08,401365203,2507,
2021-11-08,401365203,2217,
2021-11-08,401372273,71,
2021-11-08,401372273,47,
2021-11-08,401369998,183,
2021-11-08,401369998,322,
2021-11-08,401369979,221,
2021-11-08,401369979,2643,
2021-11-08,401370934,2325,
2021-11-08,401370934,399,
2021-11-08,401371951,2724,
2021-11-08,401371951,6,
2021-11-08,401372208,256,
2021-11-08,401372208,295,
2021-11-08,401381699,2634,
2021-11-08,401381699,2450,
2021-11-08,401371004,2168,
2021-11-08,401371004,2349,
2021-11-08,401364990,2674,
2021-11-08,401364990,2649,
2021-11-08,401365221,2520,
2021-11-08,401365221,2169,
2021-11-08,401372276,2181,
2021-11-08,401372276,233,
2021-11-08,401374434,2031,
2021-11-08,401374434,79,
2021-11-08,401365199,2670,
2021-11-08,401365199,2612,
2021-11-08,401371091,225,
2021-11-08,401371091,2115,
2021-11-08,401369999,183,
2021-11-08,401369999,2182,
2021-11-08,401373623,25,
2021-11-08,401373623,28,
2021-11-08,401371926,58,
2021-11-08,401371926,2065,
2021-11-08,401371087,2244,
2021-11-08,401371087,2415,
2021-11-08,401372031,222,4.0
2021-11-08,401372031,116,
2021-11-08,401373111,265,
2021-11-08,401373111,2016,
2021-11-08,401377028,163,
2021-11-08,401377028,135,
2021-11-08,401371745,2617,
2021-11-08,401371745,2571,
2021-11-08,401371594,245,
2021-11-08,401371594,357,
2021-11-08,401370996,2539,
2021-11-08,401370996,2166,
2021-11-08,401372834,166,
2021-11-08,401372834,2638,
2021-11-08,401372026,41,24.0
2021-11-08,401372026,2115,
2021-11-08,401372603,254,
2021-11-08,401372603,16,
2021-11-08,401371365,2856,
2021-11-08,401371365,2400,
2021-11-08,401371116,2550,
2021-11-08,401371116,43,
2021-11-08,401364993,194,17.0
2021-11-08,401364993,2006,
2021-11-08,401372386,278,
2021-11-08,401372386,112358,
2021-11-08,401371361,12,
2021-11-08,401371361,292,
2021-11-08,401372397,2440,
2021-11-08,401372397,301,
2021-11-08,401373191,79,
2021-11-08,401373191,2046,
2021-11-08,401372111,356,11.0
2021-11-08,401372111,2032,
2021-11-08,401371363,3101,
2021-11-08,401371363,253,
2021-11-08,401372153,77,
2021-11-08,401372153,2272,
2021-11-08,401371979,239,8.0
2021-11-08,401371979,2916,
2021-11-08,401371360,158,
2021-11-08,401371360,2534,
2021-11-08,401372257,201,
2021-11-08,401372257,2636,
2021-11-08,401370975,269,
2021-11-08,401370975,160,
2021-11-08,401371003,2168,
2021-11-08,401371003,82,
2021-11-08,401372805,2572,
2021-11-08,401372805,309,
2021-11-08,401373017,2737,
2021-11-08,401373017,2382,
2021-11-08,401371996,46,
2021-11-08,401371996,159,
2021-11-08,401371364,193,
2021-11-08,401371364,2320,
2021-11-08,401369144,2350,
2021-11-08,401369144,526,
2021-11-08,401369142,294,
2021-11-08,401369142,2448,
2021-11-08,401371711,227,
2021-11-08,401371711,104,
2021-11-08,401365217,314,
2021-11-08,401365217,108,
2021-11-08,401369962,87,
2021-11-08,401369962,2463,
2021-11-08,401365006,2050,
2021-11-08,401365006,2437,
2021-11-08,401370984,2244,
2021-11-08,401370984,2619,
2021-11-08,401373034,2870,
2021-11-08,401373034,2189,
2021-11-08,401374410,2261,
2021-11-08,401374410,108806,
2021-11-08,401381775,324,
2021-11-08,401381775,366,
2021-11-08,401365593,2172,
2021-11-08,401365593,111254,
2021-11-08,401372632,2692,
2021-11-08,401372632,112694,
2021-11-08,401385925,249,
2021-11-08,401385925,589,
2021-11-08,401373426,2535,
2021-11-08,401373426,2373,
2021-11-08,401369139,2335,
2021-11-08,401369139,111926,
2021-11-08,401373625,2540,
2021-11-08,401373625,22,
2021-11-15,401377061,2439,
2021-11-15,401377061,2724,
2021-11-15,401369155,26,2.0
2021-11-15,401369155,2454,
2021-11-15,401371088,120,20.0
2021-11-15,401371088,2244,
2021-11-15,401365597,2306,
2021-11-15,401365597,2437,
2021-11-15,401369872,52,
2021-11-15,401369872,2655,
2021-11-15,401370094,152,
2021-11-15,401370094,197,
2021-11-15,401371746,2571,
2021-11-15,401371746,147,
2021-11-15,401371866,344,
2021-11-15,401371866,2174,
2021-11-15,401371907,238,
2021-11-15,401371907,2670,
2021-11-15,401371826,8,16.0
2021-11-15,401371826,2460,
2021-11-15,401369153,239,9.0
2021-11-15,401369153,2110,
2021-11-15,401371370,2534,
2021-11-15,401371370,2623,
2021-11-15,401372351,24,
2021-11-15,401372351,2674,
2021-11-15,401372269,251,8.0
2021-11-15,401372269,2458,
2021-11-15,401371372,2253,
2021-11-15,401371372,2504,
2021-11-15,401372013,84,
2021-11-15,401372013,2599,
2021-11-15,401372367,2005,
2021-11-15,401372367,2640,
2021-11-15,401369154,2608,
2021-11-15,401369154,91,
2021-11-15,401371260,2351,
2021-11-15,401371260,2031,
2021-11-15,401371261,2492,
2021-11-15,401371261,302,
2021-11-15,401371371,299,
2021-11-15,401371371,3084,
2021-11-15,401384790,193,
2021-11-15,401384790,56,
2021-11-15,401371948,2086,
2021-11-15,401371948,127,
2021-11-15,401371770,2603,
2021-11-15,401371770,2182,
2021-11-15,401373309,349,
2021-11-15,401373309,2771,
2021-11-15,401371369,2856,
2021-11-15,401371369,2296,
2021-11-15,401371258,2483,12.0
2021-11-15,401371258,252,
2021-11-15,401371577,2239,
2021-11-15,401371577,45,
2021-11-15,401371600,245,
2021-11-15,401371600,2277,
2021-11-15,401371599,357,
2021-11-15,401371599,2172,
2021-11-15,401370156,2349,
2021-11-15,401370156,2115,
2021-11-15,401371705,2636,
2021-11-15,401371705,85,
2021-11-15,401365745,227,
2021-11-15,401365745,103,
2021-11-15,401372027,41,23.0
2021-11-15,401372027,112358,
2021-11-15,401371584,48,
2021-11-15,401371584,2325,
2021-11-15,401365010,2473,
2021-11-15,401365010,2649,
2021-11-15,401365229,2083,
2021-11-15,401365229,2520,
2021-11-15,401365231,163,
2021-11-15,401365231,2368,
2021-11-15,401370056,154,
2021-11-15,401370056,2127,
2021-11-15,401370797,2154,
2021-11-15,401370797,2352,
2021-11-15,401370935,399,
2021-11-15,401370935,108,
2021-11-15,401370946,171,
2021-11-15,401370946,2066,
2021-11-15,401371005,2168,
2021-11-15,401371005,288,
2021-11-15,401373631,301,
2021-11-15,401373631,27,
2021-11-15,401365883,166,
2021-11-15,401365883,2166,
2021-11-15,401372123,2294,
2021-11-15,401372123,2428,
2021-11-15,401365887,68,
2021-11-15,401365887,179,22.0
2021-11-15,401371601,99,
2021-11-15,401371601,2377,
2021-11-15,401371921,2567,
2021-11-15,401371921,2545,
2021-11-15,401372264,2628,
2021-11-15,401372264,2447,
2021-11-15,401372571,2464,
2021-11-15,401372571,2934,
2021-11-15,401373759,2229,
2021-11-15,401373759,2050,
2021-11-15,401373837,249,
2021-11-15,401373837,250,
2021-11-15,401370985,2305,3.0
2021-11-15,401370985,2619,
2021-11-15,401371968,305,
2021-11-15,401371968,164,
2021-11-15,401372154,77,
2021-11-15,401372154,161,
2021-11-15,401372437,70,
2021-11-15,401372437,265,
2021-11-15,401373428,204,
2021-11-15,401373428,2535,
2021-11-15,401365882,295,
2021-11-15,401365882,282,
2021-11-15,401365884,277,
2021-11-15,401365884,2210,
2021-11-15,401371373,2856,
2021-11-15,401371373,23,
2021-11-15,401372618,25,
2021-11-15,401372618,253,
2021-11-15,401378592,2547,
2021-11-15,401378592,2415,
2021-11-15,401371168,2539,
2021-11-15,401371168,2440,
2021-11-15,401372470,21,
2021-11-15,401372470,9,
2021-11-15,401371198,2501,
2021-11-15,401371198,2029,
2021-11-15,401370020,259,
2021-11-15,401370020,2598,
2021-11-15,401373377,42,
2021-11-15,401373377,104,
2021-11-15,401372037,2752,
2021-11-15,401372037,194,19.0
2021-11-15,401365880,328,
2021-11-15,401365880,219,
2021-11-15,401373799,2430,
2021-11-15,401373799,2739,
2021-11-15,401365886,218,
2021-11-15,401365886,228,
2021-11-15,401377031,2692,
2021-11-15,401377031,113,
2021-11-15,401373010,2427,
2021-11-15,401373010,2635,
2021-11-15,401371840,57,24.0
2021-11-15,401371840,270,
2021-11-15,401370976,2507,
2021-11-15,401370976,160,
2021-11-15,401372653,2026,
2021-11-15,401372653,2429,
2021-11-15,401365011,94,
2021-11-15,401365011,2199,
2021-11-15,401373001,2193,
2021-11-15,401373001,2908,
2021-11-15,401365881,151,
2021-11-15,401365881,201,
2021-11-15,401365885,145,
2021-11-15,401365885,269,
2021-11-15,401371795,2132,
2021-11-15,401371795,2506,
2021-11-15,401371885,2579,
2021-11-15,401371885,5,
2021-11-15,401372124,2294,
2021-11-15,401372124,2011,
2021-11-15,401372160,213,
2021-11-15,401372160,2597,
2021-11-15,401372227,350,
2021-11-15,401372227,324,
2021-11-15,401372651,276,
2021-11-15,401372651,2097,
2021-11-15,401372019,130,4.0
2021-11-15,401372019,2550,
2021-11-15,401371132,2541,
2021-11-15,401371132,2440,
2021-11-15,401371872,142,
2021-11-15,401371872,140,
2021-11-15,401372263,2628,
2021-11-15,401372263,2572,
2021-11-15,401372315,2641,
2021-11-15,401372315,2504,
2021-11-15,401374308,249,
2021-11-15,401374308,2084,
2021-11-15,401371934,202,
2021-11-15,401371934,204,
2021-11-15,401372007,275,
2021-11-15,401372007,2507,
2021-11-15,401372403,167,
2021-11-15,401372403,2755,
2021-11-15,401373389,264,
2021-11-15,401373389,2640,
2021-11-15,401371256,2250,1.0
2021-11-15,401371256,2016,
2021-11-15,401365594,2439,
2021-11-15,401365594,2449,
2021-11-15,401372387,278,
2021-11-15,401372387,70,
2021-11-15,401372604,13,
2021-11-15,401372604,16,
2021-11-15,401373885,254,
2021-11-15,401373885,2065,
2021-11-15,401371596,2567,
2021-11-15,401371596,2466,
2021-11-15,401370954,38,
2021-11-15,401370954,311,
2021-11-15,401370124,97,
2021-11-15,401370124,2426,
2021-11-15,401370019,259,
2021-11-15,401370019,2515,
2021-11-15,401365009,194,19.0
2021-11-15,401365009,189,
2021-11-15,401365007,195,
2021-11-15,401365007,2523,
2021-11-15,401365223,295,
2021-11-15,401365223,2363,
2021-11-15,401365224,2514,
2021-11-15,401365224,107,
2021-11-15,401369149,99,
2021-11-15,401369149,2335,
2021-11-15,401369927,228,
2021-11-15,401369927,2803,
2021-11-15,401365595,155,
2021-11-15,401365595,149,
2021-11-15,401371072,2184,
2021-11-15,401371072,2692,
2021-11-15,401371928,58,
2021-11-15,401371928,2448,
2021-11-15,401372988,2506,
2021-11-15,401372988,2643,
2021-11-15,401374302,2230,
2021-11-15,401374302,2900,
2021-11-15,401372001,269,
2021-11-15,401372001,356,10.0
2021-11-15,401369890,59,
2021-11-15,401369890,2320,
2021-11-15,401373259,2057,
2021-11-15,401373259,231,
2021-11-15,401365008,2197,
2021-11-15,401365008,2117,
2021-11-15,401373628,265,
2021-11-15,401373628,2540,
2021-11-15,401365596,12,
2021-11-15,401365596,2449,
2021-11-15,401370074,2226,
2021-11-15,401370074,2390,
2021-11-15,401374416,172,
2021-11-15,401374416,2142,
2021-11-15,401371854,96,13.0
2021-11-15,401371854,116,
2021-11-15,401369853,150,7.0
2021-11-15,401369853,2241,
2021-11-15,401372165,2509,6.0
2021-11-15,401372165,2750,
2021-11-15,401371820,333,14.0
2021-11-15,401371820,6,
2021-11-15,401369963,87,
2021-11-15,401369963,2272,
2021-11-15,401371366,250,
2021-11-15,401371366,2000,
2021-11-15,401371367,2350,
2021-11-15,401371367,2130,
2021-11-15,401371598,77,
2021-11-15,401371598,2443,
2021-11-15,401371952,2724,
2021-11-15,401371952,2627,
2021-11-15,401371985,66,
2021-11-15,401371985,2011,
2021-11-15,401372286,2287,
2021-11-15,401372286,93,
2021-11-15,401372789,242,
2021-11-15,401372789,2582,
2021-11-15,401370038,248,15.0
2021-11-15,401370038,258,
2021-11-15,401371777,235,11.0
2021-11-15,401371777,139,
2021-11-15,401371997,46,
2021-11-15,401371997,44,
2021-11-15,401369945,232,
2021-11-15,401369945,153,18.0
2021-11-15,401373035,2870,
2021-11-15,401373035,2046,
2021-11-15,401372747,2393,
2021-11-15,401372747,2737,
2021-11-15,401372553,236,
2021-11-15,401372553,2635,
2021-11-15,401369981,221,
2021-11-15,401369981,350,
2021-11-15,401369150,526,
2021-11-15,401369150,30,25.0
2021-11-15,401372033,222,5.0
2021-11-15,401372033,47,
2021-11-15,401365225,2405,
2021-11-15,401365225,2329,
2021-11-15,401365227,2561,
2021-11-15,401365227,43,
2021-11-15,401365228,314,
2021-11-15,401365228,2275,
2021-11-15,401369151,2653,
2021-11-15,401369151,55,
2021-11-15,401369152,2116,
2021-11-15,401369152,294,
2021-11-15,401370964,164,
2021-11-15,401370964,2885,
2021-11-15,401372237,2450,
2021-11-15,401372237,2729,
2021-11-15,401371105,219,
2021-11-15,401371105,322,
2021-11-15,401371721,257,
2021-11-15,401371721,2247,
2021-11-15,401371794,2132,
2021-11-15,401371794,2010,
2021-11-15,401371847,61,
2021-11-15,401371847,2569,
2021-11-15,401371964,158,
2021-11-15,401371964,156,
2021-11-15,401372209,2198,
2021-11-15,401372209,256,
2021-11-15,401372216,111,
2021-11-15,401372216,104,
2021-11-15,401372220,119,
2021-11-15,401372220,2261,
2021-11-15,401372487,264,
2021-11-15,401372487,2751,
2021-11-15,401365013,142,
2021-11-15,401365013,2459,
2021-11-15,401373334,44,
2021-11-15,401373334,2717,
2021-11-15,401365235,2529,
2021-11-15,401365235,2217,
2021-11-15,401371969,305,
2021-11-15,401371969,2710,
2021-11-15,401385918,2453,
2021-11-15,401385918,314,
2021-11-15,401371264,300,
2021-11-15,401371264,2492,
2021-11-15,401372605,16,
2021-11-15,401372605,28,
2021-11-15,401384951,331,
2021-11-15,401384951,326,
2021-11-15,401374412,290,
2021-11-15,401374412,2261,
2021-11-15,401372914,2344,
2021-11-15,401372914,2378,
2021-11-15,401385593,2653,
2021-11-15,401385593,2630,
2021-11-15,401376738,225,
2021-11-15,401376738,71,
2021-11-15,401372228,2169,
2021-11-15,401372228,350,
2021-11-15,401372298,2350,
2021-11-15,401372298,82,
2021-11-15,401369160,2110,
2021-11-15,401369160,198,
2021-11-15,401369814,36,
2021-11-15,401369814,71,
2021-11-15,401365240,2368,
2021-11-15,401365240,2678,
2021-11-15,401370000,183,
2021-11-15,401370000,2142,
2021-11-15,401371562,2916,
2021-11-15,401371562,2641,
2021-11-15,401371778,139,
2021-11-15,401371778,2382,
2021-11-15,401373853,2747,
2021-11-15,401373853,290,
2021-11-15,401372115,84,
2021-11-15,401372115,309,
2021-11-15,401370075,2390,
2021-11-15,401370075,50,
2021-11-15,401376741,79,
2021-11-15,401376741,111,
2021-11-15,401371758,2565,
2021-11-15,401371758,2900,
2021-11-15,401371867,344,
2021-11-15,401371867,2413,
2021-11-15,401374292,233,
2021-11-15,401374292,2634,
2021-11-15,401377065,153,18.0
2021-11-15,401377065,2633,17.0
2021-11-15,401365241,2754,
2021-11-15,401365241,315,
2021-11-15,401384950,2463,
2021-11-15,401384950,3101,
2021-11-15,401372147,158,
2021-11-15,401372147,304,
2021-11-15,401371834,58,
2021-11-15,401371834,2,21.0
2021-11-15,401372748,2617,
2021-11-15,401372748,2393,
2021-11-15,401373297,2546,
2021-11-15,401373297,2032,
2021-11-15,401371916,235,11.0
2021-11-15,401371916,98,
2021-11-15,401372143,135,
2021-11-15,401372143,2870,
2021-11-15,401371081,2230,
2021-11-15,401371081,2379,
2021-11-15,401371117,261,
2021-11-15,401371117,43,
2021-11-15,401369158,338,
2021-11-15,401369158,2057,
2021-11-15,401371603,2466,
2021-11-15,401371603,2348,
2021-11-15,401371262,279,
2021-11-15,401371262,2638,
2021-11-15,401365238,325,
2021-11-15,401365238,2099,
2021-11-15,401371722,2181,
2021-11-15,401371722,257,
2021-11-15,401371376,292,
2021-11-15,401371376,2464,
2021-11-15,401371942,339,
2021-11-15,401371942,2116,
2021-11-15,401386750,2309,
2021-11-15,401386750,391,
2021-11-15,401384750,159,
2021-11-15,401384750,124966,
2021-11-15,401373367,2502,
2021-11-15,401373367,415,
2021-11-15,401365014,2006,
2021-11-15,401365014,2719,
2021-11-15,401365012,2711,
2021-11-15,401365012,129,
2021-11-15,401373832,2433,
2021-11-15,401373832,3134,
2021-11-22,401378603,2415,
2021-11-22,401378603,2755,
2021-11-22,401376637,256,
2021-11-22,401376637,93,
2021-11-22,401376638,2750,
2021-11-22,401376638,299,
2021-11-22,401376646,2083,
2021-11-22,401376646,2520,
2021-11-22,401372674,2097,
2021-11-22,401372674,2379,
2021-11-22,401376645,189,
2021-11-22,401376645,253,
2021-11-22,401376737,261,
2021-11-22,401376737,2026,
2021-11-22,401365248,2217,
2021-11-22,401365248,2619,
2021-11-22,401365249,2099,
2021-11-22,401365249,2154,
2021-11-22,401369168,2443,
2021-11-22,401369168,2110,
2021-11-22,401370966,2885,
2021-11-22,401370966,161,
2021-11-22,401376658,55,
2021-11-22,401376658,2182,
2021-11-22,401370178,127,
2021-11-22,401370178,2350,
2021-11-22,401371764,2,19.0
2021-11-22,401371764,41,22.0
2021-11-22,401376729,2483,
2021-11-22,401376729,248,12.0
2021-11-22,401365030,2199,
2021-11-22,401365030,2710,
2021-11-22,401371388,2636,
2021-11-22,401371388,2320,
2021-11-22,401376647,2382,
2021-11-22,401376647,2393,
2021-11-22,401384962,13,
2021-11-22,401384962,70,
2021-11-22,401365605,2005,
2021-11-22,401365605,2172,
2021-11-22,401371699,2506,
2021-11-22,401371699,2678,
2021-11-22,401372639,172,
2021-11-22,401372639,2598,
2021-11-22,401370938,399,
2021-11-22,401370938,2197,
2021-11-22,401376736,339,
2021-11-22,401376736,2006,
2021-11-22,401373465,2635,
2021-11-22,401373465,288,
2021-11-22,401376725,2608,
2021-11-22,401376725,2483,
2021-11-22,401384959,2244,
2021-11-22,401384959,2440,
2021-11-22,401377084,2306,
2021-11-22,401377084,356,14.0
2021-11-22,401376731,2230,
2021-11-22,401376731,48,
2021-11-22,401377087,2507,
2021-11-22,401377087,258,
2021-11-22,401365604,2641,
2021-11-22,401365604,2437,
2021-11-22,401369166,154,
2021-11-22,401369166,338,
2021-11-22,401371385,292,
2021-11-22,401371385,2239,
2021-11-22,401376641,2193,
2021-11-22,401376641,2623,
2021-11-22,401376654,2674,
2021-11-22,401376654,324,
2021-11-22,401371779,139,
2021-11-22,401371779,2287,
2021-11-22,401376642,43,
2021-11-22,401376642,270,
2021-11-22,401372149,158,
2021-11-22,401372149,2634,
2021-11-22,401371749,2571,
2021-11-22,401371749,264,
2021-11-22,401377085,8,13.0
2021-11-22,401377085,2132,
2021-11-22,401371200,2502,
2021-11-22,401371200,2501,
2021-11-22,401372477,23,
2021-11-22,401372477,2458,
2021-11-22,401372981,24,
2021-11-22,401372981,2448,
2021-11-22,401371267,26,2.0
2021-11-22,401371267,2250,1.0
2021-11-22,401372606,16,
2021-11-22,401372606,302,
2021-11-22,401373762,2229,
2021-11-22,401373762,155,
2021-11-22,401370001,183,
2021-11-22,401370001,2670,
2021-11-22,401372239,2515,
2021-11-22,401372239,2729,
2021-11-22,401373767,98,
2021-11-22,401373767,2010,
2021-11-22,401370022,259,
2021-11-22,401370022,235,9.0
2021-11-22,401376649,139,
2021-11-22,401376649,2617,
2021-11-22,401376643,194,
2021-11-22,401376643,57,23.0
2021-11-22,401371386,251,8.0
2021-11-22,401371386,2856,
2021-11-22,401369167,135,
2021-11-22,401369167,294,
2021-11-22,401369983,221,
2021-11-22,401369983,238,
2021-11-22,401372837,2638,
2021-11-22,401372837,50,
2021-11-22,401372389,25,
2021-11-22,401372389,278,
2021-11-22,401372505,149,
2021-11-22,401372505,28,
2021-11-22,401373633,2540,
2021-11-22,401373633,2029,
2021-11-22,401376728,2608,
2021-11-22,401376728,275,
2021-11-22,401371269,2492,
2021-11-22,401371269,2628,
2021-11-22,401376726,87,
2021-11-22,401376726,245,
2021-11-22,401372388,2541,
2021-11-22,401372388,278,
2021-11-22,401370076,2390,
2021-11-22,401370076,2168,
2021-11-22,401374298,301,
2021-11-22,401374298,6,
2021-11-22,401370152,2305,4.0
2021-11-22,401370152,249,
2021-11-22,401376657,2649,
2021-11-22,401376657,324,
2021-11-22,401376640,2309,
2021-11-22,401376640,2193,
2021-11-22,401372572,2464,
2021-11-22,401372572,2239,
2021-11-22,401371607,201,
2021-11-22,401371607,2277,
2021-11-22,401376735,242,
2021-11-22,401376735,2230,
2021-11-22,401376639,45,
2021-11-22,401376639,2623,
2021-11-22,401376659,2655,
2021-11-22,401376659,2674,
2021-11-22,401384963,2447,
2021-11-22,401384963,3084,
2021-11-22,401376648,2287,
2021-11-22,401376648,2084,
2021-11-22,401376644,25,
2021-11-22,401376644,2550,21.0
2021-11-22,401365247,2405,
2021-11-22,401365247,163,
2021-11-22,401369874,52,
2021-11-22,401369874,104,
2021-11-22,401371095,108,
2021-11-22,401371095,2142,
2021-11-22,401371788,113,
2021-11-22,401371788,2349,
2021-11-22,401371929,58,
2021-11-22,401371929,2261,
2021-11-22,401372229,350,
2021-11-22,401372229,2572,
2021-11-22,401372039,66,
2021-11-22,401372039,2752,25.0
2021-11-22,401372134,130,20.0
2021-11-22,401372134,2627,
2021-11-22,401376734,2473,
2021-11-22,401376734,48,
2021-11-22,401383807,2348,
2021-11-22,401383807,2433,
2021-11-22,401373870,239,6.0
2021-11-22,401373870,9,
2021-11-22,401371387,2567,
2021-11-22,401371387,2534,
2021-11-22,401381650,2771,
2021-11-22,401381650,42,
2021-11-22,401373002,2569,
2021-11-22,401373002,2908,
2021-11-22,401373041,62,
2021-11-22,401373041,82,
2021-11-22,401370937,96,10.0
2021-11-22,401370937,399,
2021-11-22,401369822,61,
2021-11-22,401369822,258,
2021-11-22,401369892,59,
2021-11-22,401369892,2127,
2021-11-22,401370798,325,
2021-11-22,401370798,2154,
2021-11-22,401371723,257,
2021-11-22,401371723,2275,
2021-11-22,401372170,164,
2021-11-22,401372170,322,
2021-11-22,401372684,2226,
2021-11-22,401372684,2653,
2021-11-22,401373032,94,
2021-11-22,401373032,2710,
2021-11-22,401373214,2198,
2021-11-22,401373214,2197,
2021-11-22,401365020,195,
2021-11-22,401365020,116,
2021-11-22,401365603,2449,
2021-11-22,401365603,2627,
2021-11-22,401371860,99,
2021-11-22,401371860,2057,
2021-11-22,401372183,197,
2021-11-22,401372183,232,
2021-11-22,401376746,111,
2021-11-22,401376746,36,
2021-11-22,401369163,91,
2021-11-22,401369163,26,2.0
2021-11-22,401365022,2294,
2021-11-22,401365022,2711,
2021-11-22,401384958,142,
2021-11-22,401384958,52,
2021-11-22,401365243,2561,
2021-11-22,401365243,108,
2021-11-22,401372915,2378,
2021-11-22,401372915,44,
2021-11-22,401371606,2433,
2021-11-22,401371606,2466,
2021-11-22,401384955,2031,
2021-11-22,401384955,2459,
2021-11-22,401365024,2649,
2021-11-22,401365024,2429,
2021-11-22,401376744,2184,
2021-11-22,401376744,71,
2021-11-22,401372161,213,
2021-11-22,401372161,172,
2021-11-22,401376742,38,
2021-11-22,401376742,225,
2021-11-22,401369811,248,12.0
2021-11-22,401369811,2086,
2021-11-22,401376747,79,
2021-11-22,401376747,156,
2021-11-22,401384957,2567,
2021-11-22,401384957,2351,
2021-11-22,401370986,2619,
2021-11-22,401370986,2529,
2021-11-22,401371169,2539,
2021-11-22,401371169,2415,
2021-11-22,401365246,160,
2021-11-22,401365246,2514,
2021-11-22,401369164,2335,
2021-11-22,401369164,2065,
2021-11-22,401377086,77,
2021-11-22,401377086,61,
2021-11-22,401365029,91,
2021-11-22,401365029,2117,
2021-11-22,401371384,2253,
2021-11-22,401371384,2751,
2021-11-22,401365244,2612,
2021-11-22,401365244,112358,
2021-11-22,401369165,526,
2021-11-22,401369165,227,
2021-11-22,401369946,153,
2021-11-22,401369946,2427,
2021-11-22,401371052,2329,
2021-11-22,401371052,171,
2021-11-22,401371886,2579,
2021-11-22,401371886,2747,
2021-11-22,401372015,2599,
2021-11-22,401372015,2597,
2021-11-22,401372116,84,
2021-11-22,401372116,2296,
2021-11-22,401372523,311,
2021-11-22,401372523,2115,
2021-11-22,401372728,276,
2021-11-22,401372728,309,
2021-11-22,401371106,119,
2021-11-22,401371106,219,
2021-11-22,401372464,304,
2021-11-22,401372464,140,
2021-11-22,401372836,2638,
2021-11-22,401372836,27,
2021-11-22,401373018,265,
2021-11-22,401373018,2737,
2021-11-22,401369855,150,5.0
2021-11-22,401369855,2643,
2021-11-22,401371266,279,
2021-11-22,401371266,2130,
2021-11-22,401376572,2547,
2021-11-22,401376572,2029,
2021-11-22,401371382,30,24.0
2021-11-22,401371382,3101,
2021-11-22,401371268,252,18.0
2021-11-22,401371268,2640,
2021-11-22,401365250,314,
2021-11-22,401365250,333,10.0
2021-11-22,401373235,2413,
2021-11-22,401373235,140,
2021-11-22,401370977,107,
2021-11-22,401370977,160,
2021-11-22,401373802,2430,
2021-11-22,401373802,261,
2021-11-22,401372482,2439,
2021-11-22,401372482,26,2.0
2021-11-22,401371965,156,
2021-11-22,401371965,2565,
2021-11-22,401377974,526,
2021-11-22,401377974,2545,
2021-11-22,401381667,218,
2021-11-22,401381667,48,
2021-11-22,401371135,2541,
2021-11-22,401371135,300,
2021-11-22,401372412,265,
2021-11-22,401372412,331,
2021-11-22,401372607,12,17.0
2021-11-22,401372607,16,
2021-11-22,401365033,269,
2021-11-22,401365033,2459,
2021-11-22,401371392,3101,
2021-11-22,401371392,2692,
2021-11-22,401373838,328,
2021-11-22,401373838,250,
2021-11-22,401365034,2711,
2021-11-22,401365034,2870,
2021-11-22,401376711,204,
2021-11-22,401376711,213,
2021-11-22,401373003,2908,
2021-11-22,401373003,231,
2021-11-22,401370096,152,
2021-11-22,401370096,2348,
2021-11-22,401370997,2166,
2021-11-22,401370997,2523,
2021-11-22,401371943,2116,
2021-11-22,401371943,201,
2021-11-22,401372150,158,
2021-11-22,401372150,233,
2021-11-22,401372271,2275,
2021-11-22,401372271,2174,
2021-11-22,401372544,112358,
2021-11-22,401372544,2169,
2021-11-22,401372626,116,
2021-11-22,401372626,2426,
2021-11-22,401372960,2241,
2021-11-22,401372960,2717,
2021-11-22,401372675,56,
2021-11-22,401372675,2097,
2021-11-22,401383793,2710,
2021-11-22,401383793,193,
2021-11-22,401385837,2501,
2021-11-22,401385837,2546,
2021-11-22,401371714,227,
2021-11-22,401371714,2247,
2021-11-22,401372184,236,
2021-11-22,401372184,232,
2021-11-22,401371273,254,
2021-11-22,401371273,252,18.0
2021-11-22,401371271,2351,
2021-11-22,401371271,2504,
2021-11-22,401371759,2547,
2021-11-22,401371759,2900,
2021-11-22,401380972,2634,
2021-11-22,401380972,2582,
2021-11-22,401372460,2803,
2021-11-22,401372460,159,
2021-11-22,401373814,2032,
2021-11-22,401373814,140,
2021-11-22,401382337,2011,
2021-11-22,401382337,2453,
2021-11-22,401384953,301,
2021-11-22,401384953,2463,
2021-11-22,401365747,2325,
2021-11-22,401365747,222,7.0
2021-11-22,401381701,2450,
2021-11-22,401381701,2261,
2021-11-22,401373858,2916,
2021-11-22,401373858,2501,
2021-11-22,401376719,2181,
2021-11-22,401376719,249,
2021-11-22,401369175,2229,
2021-11-22,401369175,2454,
2021-11-22,401372530,147,
2021-11-22,401372530,2546,
2021-11-22,401365037,305,
2021-11-22,401365037,2199,
2021-11-22,401365256,2217,
2021-11-22,401365256,2352,
2021-11-22,401373027,270,
2021-11-22,401373027,2016,
2021-11-22,401371783,179,16.0
2021-11-22,401371783,2460,
2021-11-22,401376712,2535,
2021-11-22,401376712,2377,
2021-11-22,401365607,198,
2021-11-22,401365607,197,
2021-11-22,401371879,145,
2021-11-22,401371879,2400,
2021-11-22,401372780,295,
2021-11-22,401372780,2344,
2021-11-22,401372320,277,
2021-11-22,401372320,2198,
2021-11-22,401371935,202,
2021-11-22,401371935,2031,
2021-11-22,401371894,2633,15.0
2021-11-22,401371894,2635,
2021-11-22,401373192,47,
2021-11-22,401373192,2046,
2021-11-22,401369826,120,
2021-11-22,401369826,257,
2021-11-22,401372406,167,
2021-11-22,401372406,5,
2021-11-22,401369827,97,
2021-11-22,401369827,344,
2021-11-22,401371771,2603,
2021-11-22,401371771,30,24.0
2021-11-22,401371994,21,
2021-11-22,401371994,46,
2021-11-22,401369893,59,
2021-11-22,401369893,290,
2021-11-22,401369912,103,
2021-11-22,401369912,171,
2021-11-22,401369928,228,
2021-11-22,401369928,2127,
2021-11-22,401365606,2509,3.0
2021-11-22,401365606,2437,
2021-11-22,401386232,68,
2021-11-22,401386232,2934,
2021-11-22,401365032,2050,
2021-11-22,401365032,282,
2021-11-22,401365253,349,
2021-11-22,401365253,2368,
2021-11-22,401370799,151,
2021-11-22,401370799,2154,
2021-11-22,401371873,142,
2021-11-22,401371873,2724,
2021-11-22,401373288,98,
2021-11-22,401373288,2630,
2021-11-22,401369172,2210,
2021-11-22,401369172,55,
2021-11-22,401378819,166,
2021-11-22,401378819,2424,
2021-11-22,401372967,2272,
2021-11-22,401372967,2804,
2021-11-22,401371374,2000,
2021-11-22,401371374,241,
2021-11-22,401371609,357,
2021-11-22,401371609,2610,
2021-11-22,401380986,2428,
2021-11-22,401380986,2684,
2021-11-22,401373023,85,
2021-11-22,401373023,2589,
2021-11-22,401370948,2066,
2021-11-22,401370948,173,
2021-11-22,401372248,2739,
2021-11-22,401372248,401,
2021-11-22,401373824,326,
2021-11-22,401373824,2326,
2021-11-29,401372705,2627,
2021-11-29,401372705,2127,
2021-11-29,401369947,153,
2021-11-29,401369947,130,24.0
2021-11-29,401367273,2350,
2021-11-29,401367273,282,
2021-11-29,401367274,2287,
2021-11-29,401367274,2623,
2021-11-29,401367275,71,
2021-11-29,401367275,2460,
2021-11-29,401370939,2306,
2021-11-29,401370939,399,
2021-11-29,401371398,292,
2021-11-29,401371398,357,
2021-11-29,401371923,2567,
2021-11-29,401371923,2439,
2021-11-29,401371953,197,
2021-11-29,401371953,2724,
2021-11-29,401372807,6,
2021-11-29,401372807,2572,
2021-11-29,401371835,2,21.0
2021-11-29,401371835,2116,
2021-11-29,401371987,66,19.0
2021-11-29,401371987,2029,
2021-11-29,401371843,201,
2021-11-29,401371843,57,14.0
2021-11-29,401369178,8,10.0
2021-11-29,401369178,2110,
2021-11-29,401372008,2507,
2021-11-29,401372008,2641,
2021-11-29,401371277,302,
2021-11-29,401371277,279,
2021-11-29,401372384,36,
2021-11-29,401372384,2031,
2021-11-29,401383799,2453,
2021-11-29,401383799,2400,
2021-11-29,401371278,3084,
2021-11-29,401371278,252,12.0
2021-11-29,401365044,99,
2021-11-29,401365044,195,
2021-11-29,401365042,2459,
2021-11-29,401365042,2197,
2021-11-29,401373390,2348,
2021-11-29,401373390,2640,
2021-11-29,401378566,261,
2021-11-29,401378566,159,
2021-11-29,401372524,2115,
2021-11-29,401372524,107,
2021-11-29,401372641,2598,
2021-11-29,401372641,2083,
2021-11-29,401372685,2226,
2021-11-29,401372685,56,
2021-11-29,401372750,2393,
2021-11-29,401372750,2630,
2021-11-29,401373236,2413,
2021-11-29,401373236,290,
2021-11-29,401373773,2275,
2021-11-29,401373773,163,
2021-11-29,401376556,43,
2021-11-29,401376556,2329,
2021-11-29,401372022,2550,25.0
2021-11-29,401372022,2681,
2021-11-29,401373020,2737,
2021-11-29,401373020,42,
2021-11-29,401371108,219,
2021-11-29,401371108,222,6.0
2021-11-29,401370023,120,
2021-11-29,401370023,259,
2021-11-29,401370097,152,
2021-11-29,401370097,158,
2021-11-29,401370126,127,22.0
2021-11-29,401370126,97,
2021-11-29,401371849,61,
2021-11-29,401371849,235,18.0
2021-11-29,401370904,9,
2021-11-29,401370904,265,
2021-11-29,401372823,5,
2021-11-29,401372823,2193,
2021-11-29,401370077,213,
2021-11-29,401370077,2390,
2021-11-29,401369894,59,
2021-11-29,401369894,275,23.0
2021-11-29,401372232,350,
2021-11-29,401372232,2450,
2021-11-29,401370902,26,5.0
2021-11-29,401370902,38,
2021-11-29,401365614,2751,
2021-11-29,401365614,2172,
2021-11-29,401364346,213,
2021-11-29,401364346,194,
2021-11-29,401371202,328,
2021-11-29,401371202,2608,
2021-11-29,401371402,2253,
2021-11-29,401371402,2636,
2021-11-29,401372413,331,
2021-11-29,401372413,253,
2021-11-29,401372465,304,
2021-11-29,401372465,2502,
2021-11-29,401372573,2692,
2021-11-29,401372573,2464,
2021-11-29,401365046,28,
2021-11-29,401365046,2199,
2021-11-29,401371403,2856,
2021-11-29,401371403,13,
2021-11-29,401372508,16,
2021-11-29,401372508,149,
2021-11-29,401370905,25,
2021-11-29,401370905,204,
2021-11-29,401369914,103,
2021-11-29,401369914,87,
2021-11-29,401364343,356,
2021-11-29,401364343,164,
2021-11-29,401365264,2099,
2021-11-29,401365264,2217,
2021-11-29,401365265,315,
2021-11-29,401365265,2405,
2021-11-29,401365266,2561,
2021-11-29,401365266,2363,
2021-11-29,401365267,314,
2021-11-29,401365267,2520,
2021-11-29,401369181,2057,
2021-11-29,401369181,288,
2021-11-29,401372531,2458,
2021-11-29,401372531,147,
2021-11-29,401371740,2628,
2021-11-29,401371740,198,
2021-11-29,401369183,2335,
2021-11-29,401369183,142,
2021-11-29,401371614,2547,
2021-11-29,401371614,2377,
2021-11-29,401372390,278,
2021-11-29,401372390,301,
2021-11-29,401373636,2483,
2021-11-29,401373636,27,
2021-11-29,401370903,30,20.0
2021-11-29,401370903,254,
2021-11-29,401368220,85,
2021-11-29,401368220,2174,
2021-11-29,401368222,325,
2021-11-29,401368222,94,
2021-11-29,401368223,2870,
2021-11-29,401368223,2750,
2021-11-29,401372192,2169,
2021-11-29,401372192,48,
2021-11-29,401371400,344,
2021-11-29,401371400,2320,
2021-11-29,401372221,119,
2021-11-29,401372221,112358,
2021-11-29,401372326,322,
2021-11-29,401372326,2529,
2021-11-29,401389577,2182,
2021-11-29,401389577,161,
2021-11-29,401368221,82,
2021-11-29,401368221,2473,
2021-11-29,401368224,2739,
2021-11-29,401368224,2523,
2021-11-29,401368225,270,
2021-11-29,401368225,2754,
2021-11-29,401369182,2127,
2021-11-29,401369182,294,
2021-11-29,401372240,2426,
2021-11-29,401372240,2729,
2021-11-29,401371887,324,
2021-11-29,401371887,2579,
2021-11-29,401370801,172,
2021-11-29,401370801,2154,
2021-11-29,401365261,145,
2021-11-29,401365261,2520,
2021-11-29,401365262,349,
2021-11-29,401365262,2561,
2021-11-29,401369177,277,
2021-11-29,401369177,91,
2021-11-29,401369985,221,
2021-11-29,401369985,135,
2021-11-29,401370002,183,
2021-11-29,401370002,84,
2021-11-29,401370968,2885,
2021-11-29,401370968,2529,
2021-11-29,401370998,2429,
2021-11-29,401370998,2166,
2021-11-29,401371613,245,
2021-11-29,401371613,2443,
2021-11-29,401371806,151,
2021-11-29,401371806,295,
2021-11-29,401371998,46,
2021-11-29,401371998,2344,
2021-11-29,401372203,2430,
2021-11-29,401372203,2210,
2021-11-29,401372217,111,
2021-11-29,401372217,2174,
2021-11-29,401372627,116,
2021-11-29,401372627,47,
2021-11-29,401372968,2272,
2021-11-29,401372968,231,
2021-11-29,401373466,2635,
2021-11-29,401373466,236,
2021-11-29,401372028,41,17.0
2021-11-29,401372028,2379,
2021-11-29,401371274,2250,3.0
2021-11-29,401371274,2627,
2021-11-29,401372489,2239,
2021-11-29,401372489,2751,
2021-11-29,401365038,96,9.0
2021-11-29,401365038,2117,
2021-11-29,401373789,2026,
2021-11-29,401373789,42,
2021-11-29,401365258,2142,
2021-11-29,401365258,315,
2021-11-29,401369913,103,
2021-11-29,401369913,58,
2021-11-29,401370041,258,
2021-11-29,401370041,2294,
2021-11-29,401371059,171,
2021-11-29,401371059,322,
2021-11-29,401372961,2241,
2021-11-29,401372961,2428,
2021-11-29,401371739,198,
2021-11-29,401371739,202,
2021-11-29,401371275,2351,
2021-11-29,401371275,2253,
2021-11-29,401371909,238,
2021-11-29,401371909,2400,
2021-11-29,401372265,2628,
2021-11-29,401372265,2046,
2021-11-29,401378604,2261,
2021-11-29,401378604,2415,
2021-11-29,401371395,251,7.0
2021-11-29,401371395,2534,
2021-11-29,401373635,2540,
2021-11-29,401373635,250,
2021-11-29,401371895,2633,13.0
2021-11-29,401371895,2506,
2021-11-29,401372185,232,
2021-11-29,401372185,2655,
2021-11-29,401371796,193,
2021-11-29,401371796,2132,
2021-11-29,401369875,2509,2.0
2021-11-29,401369875,52,
2021-11-29,401365043,2184,
2021-11-29,401365043,189,
2021-11-29,401365045,2710,
2021-11-29,401365045,2050,
2021-11-29,401365263,2368,
2021-11-29,401365263,314,
2021-11-29,401367272,339,
2021-11-29,401367272,79,
2021-11-29,401369179,2229,
2021-11-29,401369179,526,
2021-11-29,401369180,338,
2021-11-29,401369180,2382,
2021-11-29,401370800,179,
2021-11-29,401370800,2154,
2021-11-29,401370949,2603,
2021-11-29,401370949,2066,
2021-11-29,401371007,2168,
2021-11-29,401371007,2011,
2021-11-29,401371060,2378,
2021-11-29,401371060,171,
2021-11-29,401371068,2349,
2021-11-29,401371068,225,
2021-11-29,401371083,2230,
2021-11-29,401371083,2597,
2021-11-29,401371097,108,
2021-11-29,401371097,227,
2021-11-29,401371397,2352,
2021-11-29,401371397,2130,
2021-11-29,401371579,45,
2021-11-29,401371579,104,
2021-11-29,401371586,218,
2021-11-29,401371586,2325,
2021-11-29,401371724,2747,
2021-11-29,401371724,257,
2021-11-29,401365041,2006,
2021-11-29,401365041,276,
2021-11-29,401373012,2427,
2021-11-29,401373012,2643,
2021-11-29,401370988,2619,
2021-11-29,401370988,44,
2021-11-29,401371136,2541,
2021-11-29,401371136,62,
2021-11-29,401365613,2437,
2021-11-29,401365613,2565,
2021-11-29,401371751,2571,
2021-11-29,401371751,2504,
2021-11-29,401372790,242,
2021-11-29,401372790,326,
2021-11-29,401371612,248,15.0
2021-11-29,401371612,2466,
2021-11-29,401365611,156,
2021-11-29,401365611,2449,
2021-11-29,401369929,164,
2021-11-29,401369929,228,
2021-11-29,401370059,154,
2021-11-29,401370059,77,
2021-11-29,401371396,166,
2021-11-29,401371396,167,
2021-11-29,401365040,2752,
2021-11-29,401365040,2117,
2021-11-29,401371780,68,
2021-11-29,401371780,139,
2021-11-29,401372003,269,
2021-11-29,401372003,2296,
2021-11-29,401369856,194,
2021-11-29,401369856,150,1.0
2021-11-29,401371276,2440,
2021-11-29,401371276,2492,
2021-11-29,401372472,21,
2021-11-29,401372472,299,
2021-11-29,401372478,23,
2021-11-29,401372478,233,
2021-11-29,401373004,2908,
2021-11-29,401373004,2428,
2021-11-29,401365268,2514,
2021-11-29,401365268,2612,
2021-11-29,401367276,2181,
2021-11-29,401367276,2674,
2021-11-29,401365048,2006,
2021-11-29,401365048,2582,
2021-11-29,401371570,2244,
2021-11-29,401371570,295,
2021-11-29,401372391,278,
2021-11-29,401372391,2463,
2021-11-29,401372922,2771,
2021-11-29,401372922,2349,
2021-11-29,401373768,98,
2021-11-29,401373768,2198,
2021-11-29,401371616,2277,
2021-11-29,401371616,198,
2021-11-29,401373005,2908,
2021-11-29,401373005,2717,
2021-11-29,401372321,277,
2021-11-29,401372321,2515,
2021-11-29,401372370,2005,
2021-11-29,401372370,349,
2021-11-29,401372029,41,17.0
2021-11-29,401372029,2755,
2021-11-29,401369185,2032,
2021-11-29,401369185,2110,
2021-11-29,401371406,2130,
2021-11-29,401371406,2634,
2021-11-29,401372438,70,
2021-11-29,401372438,253,
2021-11-29,401365047,127,22.0
2021-11-29,401365047,2649,
2021-11-29,401371981,239,4.0
2021-11-29,401371981,2029,
2021-11-29,401372751,93,
2021-11-29,401372751,2393,
2021-11-29,401371973,2670,
2021-11-29,401371973,2097,
2021-11-29,401371761,2181,
2021-11-29,401371761,2900,
2021-11-29,401373260,2535,
2021-11-29,401373260,2057,
2021-11-29,401373807,2547,
2021-11-29,401373807,2678,
2021-11-29,401370908,204,
2021-11-29,401370908,12,11.0
2021-11-29,401373829,2653,
2021-11-29,401373829,2545,
2021-11-29,401371084,2599,
2021-11-29,401371084,2230,
2021-11-29,401371797,2132,
2021-11-29,401371797,2803,
2021-11-29,401371944,2116,
2021-11-29,401371944,2065,
2021-11-29,401371280,2250,3.0
2021-11-29,401371280,333,16.0
2021-11-29,401369187,55,
2021-11-29,401369187,6,
2021-11-29,401371171,2539,
2021-11-29,401371171,2439,
2021-11-29,401365050,2711,
2021-11-29,401365050,2674,
2021-11-29,401369189,2226,
2021-11-29,401369189,2454,
2021-11-29,401371991,305,
2021-11-29,401371991,2350,
2021-11-29,401371405,2000,
2021-11-29,401371405,2916,
2021-11-29,401371098,113,
2021-11-29,401371098,108,
2021-11-29,401370958,171,
2021-11-29,401370958,311,
2021-11-29,401383803,58,
2021-11-29,401383803,2569,
2021-11-29,401372016,2599,
2021-11-29,401372016,2305,8.0
2021-11-29,401371615,309,
2021-11-29,401371615,2443,
2021-11-29,401372838,2638,
2021-11-29,401372838,166,
2021-11-29,401365616,23,
2021-11-29,401365616,155,
2021-11-29,401371203,2501,
2021-11-29,401371203,2678,
2021-11-29,401371618,2433,
2021-11-29,401371618,2466,
2021-11-29,401373820,2382,
2021-11-29,401373820,2247,
2021-11-29,401370978,160,
2021-11-29,401370978,2115,
2021-11-29,401373114,2655,
2021-11-29,401373114,2016,
2021-11-29,401365748,179,
2021-11-29,401365748,2084,
2021-11-29,401371961,2086,
2021-11-29,401371961,129,
2021-11-29,401373135,50,
2021-11-29,401373135,2232,
2021-11-29,401372983,2448,
2021-11-29,401372983,3117,
2021-11-29,401386791,2617,
2021-11-29,401386791,124946,
2021-11-29,401372398,249,
2021-11-29,401372398,2353,
2021-11-29,401386715,3101,
2021-11-29,401386715,3246,
2021-11-29,401374305,140,
2021-11-29,401374305,111176,
2021-11-29,401372211,256,
2021-11-29,401372211,2192,
2021-11-29,401373299,2546,
2021-11-29,401373299,2693,
2021-11-29,401385631,2309,
2021-11-29,401385631,214,
2021-11-29,401386950,300,
2021-11-29,401386950,3246,
2021-12-06,401373641,2547,
2021-12-06,401373641,28,
2021-12-06,401373815,2029,
2021-12-06,401373815,2032,
2021-12-06,401372483,2439,
2021-12-06,401372483,2547,
2021-12-06,401372473,21,
2021-12-06,401372473,2239,
2021-12-06,401372467,25,
2021-12-06,401372467,304,
2021-12-06,401371172,2539,
2021-12-06,401371172,278,
2021-12-06,401364350,135,
2021-12-06,401364350,127,19.0
2021-12-06,401372157,194,21.0
2021-12-06,401372157,119,
2021-12-06,401371286,252,24.0
2021-12-06,401371286,328,
2021-12-06,401372371,149,
2021-12-06,401372371,2005,
2021-12-06,401372254,2306,
2021-12-06,401372254,269,
2021-12-06,401371753,70,
2021-12-06,401371753,2571,
2021-12-06,401371412,253,
2021-12-06,401371412,3084,
2021-12-06,401370025,259,
2021-12-06,401370025,172,
2021-12-06,401365621,2437,
2021-12-06,401365621,2181,
2021-12-06,401371999,46,
2021-12-06,401371999,2378,
2021-12-06,401373769,98,
2021-12-06,401373769,2084,
2021-12-06,401372962,2241,
2021-12-06,401372962,2747,
2021-12-06,401373038,2565,
2021-12-06,401373038,2870,
2021-12-06,401372414,38,
2021-12-06,401372414,331,
2021-12-06,401372266,2628,
2021-12-06,401372266,254,
2021-12-06,401371621,309,
2021-12-06,401371621,2377,
2021-12-06,401371411,357,
2021-12-06,401371411,292,
2021-12-06,401371008,2567,
2021-12-06,401371008,2168,
2021-12-06,401372330,2031,
2021-12-06,401372330,2623,
2021-12-06,401372284,2546,
2021-12-06,401372284,339,
2021-12-06,401370979,2803,
2021-12-06,401370979,160,
2021-12-06,401372030,277,
2021-12-06,401372030,41,15.0
2021-12-06,401369193,57,20.0
2021-12-06,401369193,2454,
2021-12-06,401364349,275,22.0
2021-12-06,401364349,84,
2021-12-06,401381755,2453,
2021-12-06,401381755,2010,
2021-12-06,401373791,2011,
2021-12-06,401373791,2535,
2021-12-06,401372634,265,
2021-12-06,401372634,2692,
2021-12-06,401372550,12,11.0
2021-12-06,401372550,2751,
2021-12-06,401370099,152,
2021-12-06,401370099,2065,
2021-12-06,401372024,2550,23.0
2021-12-06,401372024,251,7.0
2021-12-06,401365058,2174,
2021-12-06,401365058,2711,
2021-12-06,401371288,156,
2021-12-06,401371288,252,24.0
2021-12-06,401378812,2348,
2021-12-06,401378812,309,
2021-12-06,401370004,46,
2021-12-06,401370004,183,
2021-12-06,401371836,2,18.0
2021-12-06,401371836,158,
2021-12-06,401373028,38,
2021-12-06,401373028,270,
2021-12-06,401372377,68,
2021-12-06,401372377,2504,
2021-12-06,401372249,140,
2021-12-06,401372249,2739,
2021-12-06,401372025,2550,23.0
2021-12-06,401372025,164,
2021-12-06,401371912,238,
2021-12-06,401371912,2350,
2021-12-06,401370127,97,
2021-12-06,401370127,305,
2021-12-06,401365623,2449,
2021-12-06,401365623,2463,
2021-12-06,401373425,231,
2021-12-06,401373425,2026,
2021-12-06,401373024,2634,
2021-12-06,401373024,85,
2021-12-06,401371065,225,
2021-12-06,401371065,261,
2021-12-06,401370971,2885,
2021-12-06,401370971,349,
2021-12-06,401370157,2569,
2021-12-06,401370157,2272,
2021-12-06,401371413,9,
2021-12-06,401371413,2253,
2021-12-06,401371287,2250,5.0
2021-12-06,401371287,2771,
2021-12-06,401372126,66,17.0
2021-12-06,401372126,2294,
2021-12-06,401365622,167,
2021-12-06,401365622,2172,
2021-12-06,401365279,2599,
2021-12-06,401365279,2405,
2021-12-06,401369986,221,
2021-12-06,401369986,2142,
2021-12-06,401364351,164,
2021-12-06,401364351,2509,1.0
2021-12-06,401378795,2400,
2021-12-06,401378795,2447,
2021-12-06,401372272,2309,
2021-12-06,401372272,2174,
2021-12-06,401372242,2729,
2021-12-06,401372242,2261,
2021-12-06,401371085,2230,
2021-12-06,401371085,112358,
2021-12-06,401373467,2717,
2021-12-06,401373467,2635,
2021-12-06,401372921,104,
2021-12-06,401372921,2349,
2021-12-06,401370980,2184,
2021-12-06,401370980,160,
2021-12-06,401365053,2649,
2021-12-06,401365053,71,
2021-12-06,401371855,96,10.0
2021-12-06,401371855,2582,
2021-12-06,401371897,2633,13.0
2021-12-06,401371897,2641,
2021-12-06,401373255,163,
2021-12-06,401373255,2083,
2021-12-06,401373022,2737,
2021-12-06,401373022,231,
2021-12-06,401372241,2729,
2021-12-06,401372241,295,
2021-12-06,401371808,151,
2021-12-06,401371808,2448,
2021-12-06,401371789,111,
2021-12-06,401371789,113,
2021-12-06,401371588,2325,
2021-12-06,401371588,161,
2021-12-06,401371571,2244,
2021-12-06,401371571,2426,
2021-12-06,401370940,43,
2021-12-06,401370940,399,
2021-12-06,401369192,61,
2021-12-06,401369192,294,
2021-12-06,401369191,50,
2021-12-06,401369191,526,
2021-12-06,401365054,189,
2021-12-06,401365054,2473,
2021-12-06,401364348,158,
2021-12-06,401364348,130,
2021-12-06,401372643,44,
2021-12-06,401372643,2598,
2021-12-06,401372010,2507,
2021-12-06,401372010,261,
2021-12-06,401370043,256,
2021-12-06,401370043,258,
2021-12-06,401371716,227,
2021-12-06,401371716,2529,
2021-12-06,401371284,2492,
2021-12-06,401371284,23,
2021-12-06,401371410,167,
2021-12-06,401371410,166,
2021-12-06,401371814,248,14.0
2021-12-06,401371814,2016,
2021-12-06,401381714,2142,
2021-12-06,401381714,171,
2021-12-06,401378806,324,
2021-12-06,401378806,2382,
2021-12-06,401373796,2643,
2021-12-06,401373796,2428,
2021-12-06,401372990,2413,
2021-12-06,401372990,2506,
2021-12-06,401369190,2335,
2021-12-06,401369190,2169,
2021-12-06,401364347,2294,
2021-12-06,401364347,356,
2021-12-06,401371844,57,20.0
2021-12-06,401371844,2640,
2021-12-06,401365749,139,
2021-12-06,401365749,2057,
2021-12-06,401371874,142,
2021-12-06,401371874,2197,
2021-12-06,401371911,238,
2021-12-06,401371911,218,
2021-12-06,401372187,2655,
2021-12-06,401372187,232,
2021-12-06,401372194,48,
2021-12-06,401372194,322,
2021-12-06,401372162,213,
2021-12-06,401372162,2681,
2021-12-06,401371784,179,
2021-12-06,401371784,2352,
2021-12-06,401371110,2603,
2021-12-06,401371110,219,
2021-12-06,401370990,2619,
2021-12-06,401370990,2275,
2021-12-06,401370079,2390,
2021-12-06,401370079,288,
2021-12-06,401369194,2670,
2021-12-06,401369194,55,
2021-12-06,401365278,159,
2021-12-06,401365278,2514,
2021-12-06,401365277,2217,
2021-12-06,401365277,107,
2021-12-06,401365276,2066,
2021-12-06,401365276,2368,
2021-12-06,401365275,94,
2021-12-06,401365275,2099,
2021-12-06,401365274,2612,
2021-12-06,401365274,2597,
2021-12-06,401365057,2199,
2021-12-06,401365057,315,
2021-12-06,401365056,2754,
2021-12-06,401365056,2117,
2021-12-06,401372556,2427,
2021-12-06,401372556,236,
2021-12-06,401370802,45,
2021-12-06,401370802,2154,
2021-12-06,401365055,2752,
2021-12-06,401365055,2050,
2021-12-06,401370003,183,
2021-12-06,401370003,222,6.0
2021-12-06,401373883,30,16.0
2021-12-06,401373883,2198,
2021-12-06,401365620,2856,
2021-12-06,401365620,155,
2021-12-06,401371828,8,12.0
2021-12-06,401371828,2429,
2021-12-06,401371949,201,
2021-12-06,401371949,2086,
2021-12-06,401371285,202,
2021-12-06,401371285,2351,
2021-12-06,401371138,2541,
2021-12-06,401371138,116,
2021-12-06,401365619,147,
2021-12-06,401365619,2449,
2021-12-06,401372006,2305,8.0
2021-12-06,401372006,2638,
2021-12-06,401372589,2458,
2021-12-06,401372589,233,
2021-12-06,401365061,2199,
2021-12-06,401365061,2229,
2021-12-06,401371917,235,
2021-12-06,401371917,93,
2021-12-06,401365280,254,
2021-12-06,401365280,2363,
2021-12-06,401371955,2724,
2021-12-06,401371955,2450,
2021-12-06,401371414,2000,
2021-12-06,401371414,2182,
2021-12-06,401370060,154,
2021-12-06,401370060,2908,
2021-12-06,401369201,2617,
2021-12-06,401369201,2335,
2021-12-06,401369200,2523,
2021-12-06,401369200,526,
2021-12-06,401377975,2582,
2021-12-06,401377975,2545,
2021-12-06,401371902,245,
2021-12-06,401371902,2628,
2021-12-06,401372574,233,
2021-12-06,401372574,2464,
2021-12-06,401369896,59,
2021-12-06,401369896,99,25.0
2021-12-06,401371205,2608,
2021-12-06,401371205,2540,
2021-12-06,401365060,257,
2021-12-06,401365060,2649,
2021-12-06,401369965,87,
2021-12-06,401369965,96,10.0
2021-12-06,401365750,139,
2021-12-06,401365750,103,
2021-12-06,401371000,111,
2021-12-06,401371000,2166,
2021-12-06,401372212,256,
2021-12-06,401372212,2515,
2021-12-06,401372392,278,
2021-12-06,401372392,300,
2021-12-06,401372730,2198,
2021-12-06,401372730,276,
2021-12-06,401371988,66,17.0
2021-12-06,401371988,2296,
2021-12-06,401369877,2579,
2021-12-06,401369877,52,
2021-12-06,401365062,2006,
2021-12-06,401365062,50,
2021-12-06,401371815,333,9.0
2021-12-06,401371815,248,14.0
2021-12-06,401373368,2502,
2021-12-06,401373368,13,
2021-12-06,401372439,2934,
2021-12-06,401372439,70,
2021-12-06,401372005,269,
2021-12-06,401372005,26,4.0
2021-12-06,401372752,2630,
2021-12-06,401372752,2393,
2021-12-06,401371624,328,
2021-12-06,401371624,2443,
2021-12-06,401365624,3101,
2021-12-06,401365624,2172,
2021-12-06,401371881,145,
2021-12-06,401371881,98,
2021-12-06,401371798,2752,
2021-12-06,401371798,2132,
2021-12-06,401371762,2900,
2021-12-06,401371762,147,
2021-12-06,401371622,2277,
2021-12-06,401371622,242,
2021-12-06,401369948,153,
2021-12-06,401369948,2210,
2021-12-06,401371898,2633,13.0
2021-12-06,401371898,2430,
2021-12-06,401371945,2116,
2021-12-06,401371945,2448,
2021-12-06,401369197,294,
2021-12-06,401369197,350,
2021-12-06,401374432,2382,
2021-12-06,401374432,290,
2021-12-06,401373468,2635,
2021-12-06,401373468,2653,
2021-12-06,401372011,2507,
2021-12-06,401372011,2115,
2021-12-06,401373640,30,16.0
2021-12-06,401373640,299,
2021-12-06,401371937,202,
2021-12-06,401371937,79,
2021-12-06,401371765,36,
2021-12-06,401371765,344,
2021-12-06,401365285,314,
2021-12-06,401365285,43,
2021-12-06,401369930,228,
2021-12-06,401369930,2181,
2021-12-06,401369199,2454,
2021-12-06,401369199,2046,
2021-12-06,401365283,2514,
2021-12-06,401365283,311,
2021-12-06,401365282,107,
2021-12-06,401365282,2561,
2021-12-06,401372963,2678,
2021-12-06,401372963,2241,
2021-12-06,401371415,2130,
2021-12-06,401371415,2287,
2021-12-06,401371420,27,
2021-12-06,401371420,2856,
2021-12-06,401371417,250,
2021-12-06,401371417,2320,
2021-12-06,401371970,113,
2021-12-06,401371970,249,
2021-12-06,401365059,2117,
2021-12-06,401365059,82,
2021-12-06,401373237,2193,
2021-12-06,401373237,2413,
2021-12-06,401371741,2623,
2021-12-06,401371741,198,
2021-12-06,401372034,239,2.0
2021-12-06,401372034,222,6.0
2021-12-06,401371416,2534,
2021-12-06,401371416,2636,
2021-12-06,401371291,23,
2021-12-06,401371291,279,
2021-12-06,401373157,2916,
2021-12-06,401373157,2755,
2021-12-06,401385921,56,
2021-12-06,401385921,195,
2021-12-06,401370972,77,
2021-12-06,401370972,2885,
2021-12-06,401372975,2344,
2021-12-06,401372975,2415,
2021-12-06,401370154,120,
2021-12-06,401370154,57,20.0
2021-12-06,401372484,2439,
2021-12-06,401372484,42,
2021-12-06,401372354,2674,
2021-12-06,401372354,2429,
2021-12-06,401370932,24,
2021-12-06,401370932,2483,
2021-12-06,401372677,2097,
2021-12-06,401372677,3242,
2021-12-06,401372824,5,
2021-12-06,401372824,2398,
2021-12-06,401371099,108,
2021-12-06,401371099,5308,
2021-12-06,401373821,2247,
2021-12-06,401373821,2679,
2021-12-06,401373825,326,
2021-12-06,401373825,2588,
2021-12-06,401369198,338,
2021-12-06,401369198,2679,
2021-12-06,401373071,2379,
2021-12-06,401373071,117,
2021-12-06,401369195,91,
2021-12-06,401369195,111166,
2021-12-06,401373638,62,
2021-12-06,401373638,2269,
2021-12-06,401371623,2466,
2021-12-06,401371623,2937,
2021-12-06,401378844,2627,
2021-12-06,401378844,2904,
2021-12-06,401373834,2433,
2021-12-06,401373834,2347,
2021-12-06,401372686,2226,
2021-12-06,401372686,2489,
2021-12-06,401386052,301,
2021-12-06,401386052,2094,
2021-12-13,401373136,2540,
2021-12-13,401373136,50,
2021-12-13,401371938,202,
2021-12-13,401371938,2016,
2021-12-13,401369858,150,2.0
2021-12-13,401369858,2026,
2021-12-13,401372917,2378,
2021-12-13,401372917,2430,
2021-12-13,401372189,56,
2021-12-13,401372189,232,
2021-12-13,401371427,85,
2021-12-13,401371427,2130,
2021-12-13,401372792,242,
2021-12-13,401372792,2916,
2021-12-13,401371425,265,
2021-12-13,401371425,166,
2021-12-13,401365629,2439,
2021-12-13,401365629,2437,
2021-12-13,401372590,12,8.0
2021-12-13,401372590,2458,
2021-12-13,401373643,30,10.0
2021-12-13,401373643,300,
2021-12-13,401385874,2000,
2021-12-13,401385874,2934,
2021-12-13,401372636,2692,
2021-12-13,401372636,328,
2021-12-13,401371207,2483,
2021-12-13,401371207,2501,
2021-12-13,401369878,52,
2021-12-13,401369878,288,
2021-12-13,401365630,2172,
2021-12-13,401365630,28,
2021-12-13,401372041,2752,22.0
2021-12-13,401372041,2413,
2021-12-13,401373300,79,
2021-12-13,401373300,2546,
2021-12-13,401372174,275,
2021-12-13,401372174,2447,
2021-12-13,401371424,326,
2021-12-13,401371424,2320,
2021-12-13,401369207,233,
2021-12-13,401369207,91,
2021-12-13,401371882,145,
2021-12-13,401371882,2393,
2021-12-13,401377690,218,
2021-12-13,401377690,2116,
2021-12-13,401372964,2428,
2021-12-13,401372964,2241,
2021-12-13,401372731,195,
2021-12-13,401372731,276,
2021-12-13,401371742,198,
2021-12-13,401371742,250,
2021-12-13,401372277,2181,
2021-12-13,401372277,2296,
2021-12-13,401372205,2210,
2021-12-13,401372205,2737,
2021-12-13,401372706,2127,
2021-12-13,401372706,2634,
2021-12-13,401371295,2250,5.0
2021-12-13,401371295,2641,25.0
2021-12-13,401372525,2115,
2021-12-13,401372525,42,
2021-12-13,401372293,282,
2021-12-13,401372293,2010,
2021-12-13,401372113,356,
2021-12-13,401372113,2598,
2021-12-13,401371845,57,
2021-12-13,401371845,58,
2021-12-13,401371431,357,
2021-12-13,401371431,2320,
2021-12-13,401371001,2166,
2021-12-13,401371001,2515,
2021-12-13,401371950,2086,
2021-12-13,401371950,2509,3.0
2021-12-13,401369987,221,
2021-12-13,401369987,2599,
2021-12-13,401372393,278,
2021-12-13,401372393,13,
2021-12-13,401371209,2608,
2021-12-13,401371209,21,
2021-12-13,401365631,279,
2021-12-13,401365631,2449,
2021-12-13,401371208,2501,
2021-12-13,401371208,23,
2021-12-13,401371141,2541,
2021-12-13,401371141,50,
2021-12-13,401373511,156,
2021-12-13,401373511,222,9.0
2021-12-13,401378846,2627,
2021-12-13,401378846,6,
2021-12-13,401372845,2636,
2021-12-13,401372845,292,
2021-12-13,401371870,344,
2021-12-13,401371870,231,
2021-12-13,401370101,152,
2021-12-13,401370101,257,
2021-12-13,401370026,259,
2021-12-13,401370026,179,
2021-12-13,401369208,151,
2021-12-13,401369208,2335,
2021-12-13,401373876,24,
2021-12-13,401373876,159,
2021-12-13,401371627,2638,
2021-12-13,401371627,2377,
2021-12-13,401372678,2097,
2021-12-13,401372678,290,
2021-12-13,401371975,2670,
2021-12-13,401371975,2226,
2021-12-13,401365294,315,
2021-12-13,401365294,399,
2021-12-13,401369205,2572,
2021-12-13,401369205,294,
2021-12-13,401372825,5,
2021-12-13,401372825,2755,
2021-12-13,401371899,2633,18.0
2021-12-13,401371899,2908,
2021-12-13,401371625,99,19.0
2021-12-13,401371625,2466,
2021-12-13,401373830,2653,
2021-12-13,401373830,2010,
2021-12-13,401372984,2193,
2021-12-13,401372984,2448,
2021-12-13,401372223,119,
2021-12-13,401372223,2430,
2021-12-13,401371930,58,
2021-12-13,401371930,2046,
2021-12-13,401371799,2132,
2021-12-13,401371799,50,
2021-12-13,401370061,154,
2021-12-13,401370061,2678,
2021-12-13,401369949,153,
2021-12-13,401369949,231,
2021-12-13,401369931,228,
2021-12-13,401369931,193,
2021-12-13,401365290,43,
2021-12-13,401365290,2405,
2021-12-13,401370992,2619,
2021-12-13,401370992,2115,
2021-12-13,401370128,97,
2021-12-13,401370128,2545,
2021-12-13,401372245,197,
2021-12-13,401372245,325,
2021-12-13,401371717,270,
2021-12-13,401371717,227,
2021-12-13,401371061,171,
2021-12-13,401371061,2529,
2021-12-13,401369915,103,
2021-12-13,401369915,399,
2021-12-13,401371581,45,
2021-12-13,401371581,2515,
2021-12-13,401372916,163,
2021-12-13,401372916,2378,
2021-12-13,401373835,2617,
2021-12-13,401373835,2433,
2021-12-13,401370804,2182,
2021-12-13,401370804,2154,
2021-12-13,401371755,2623,
2021-12-13,401371755,2571,
2021-12-13,401371422,249,
2021-12-13,401371422,2534,
2021-12-13,401369206,55,
2021-12-13,401369206,2229,
2021-12-13,401365291,161,
2021-12-13,401365291,2217,
2021-12-13,401365065,2750,
2021-12-13,401365065,2006,
2021-12-13,401372000,46,
2021-12-13,401372000,47,
2021-12-13,401372558,2057,
2021-12-13,401372558,236,
2021-12-13,401373642,204,
2021-12-13,401373642,302,
2021-12-13,401371822,235,
2021-12-13,401371822,333,6.0
2021-12-13,401371837,2,13.0
2021-12-13,401371837,2453,
2021-12-13,401372311,251,17.0
2021-12-13,401372311,2029,
2021-12-13,401371140,68,
2021-12-13,401371140,2541,
2021-12-13,401371423,292,
2021-12-13,401371423,2640,
2021-12-13,401369857,150,2.0
2021-12-13,401369857,2569,
2021-12-13,401371816,248,14.0
2021-12-13,401371816,309,
2021-12-13,401372316,2641,25.0
2021-12-13,401372316,2032,
2021-12-13,401373015,2630,
2021-12-13,401373015,2427,
2021-12-13,401372338,2460,
2021-12-13,401372338,2296,
2021-12-13,401371992,82,
2021-12-13,401371992,305,
2021-12-13,401371967,156,
2021-12-13,401371967,9,
2021-12-13,401371956,2724,
2021-12-13,401371956,2016,
2021-12-13,401371869,344,
2021-12-13,401371869,2247,
2021-12-13,401371626,135,
2021-12-13,401371626,357,
2021-12-13,401393875,2169,
2021-12-13,401393875,2428,
2021-12-13,401370062,2429,
2021-12-13,401370062,154,
2021-12-13,401365632,155,
2021-12-13,401365632,3101,
2021-12-13,401365292,104,
2021-12-13,401365292,2368,
2021-12-13,401373369,2463,
2021-12-13,401373369,2502,
2021-12-13,401372575,2464,
2021-12-13,401372575,301,
2021-12-13,401372127,2294,
2021-12-13,401372127,328,
2021-12-13,401365753,139,
2021-12-13,401365753,2,13.0
2021-12-13,401376531,93,
2021-12-13,401376531,236,
2021-12-13,401372251,2305,7.0
2021-12-13,401372251,2617,
2021-12-13,401371830,8,24.0
2021-12-13,401371830,2275,
2021-12-13,401371904,204,
2021-12-13,401371904,245,
2021-12-13,401371297,2692,
2021-12-13,401371297,252,
2021-12-13,401371294,2492,
2021-12-13,401371294,2546,
2021-12-13,401369212,2623,
2021-12-13,401369212,2110,
2021-12-13,401371173,2253,
2021-12-13,401371173,2539,
2021-12-13,401371862,2348,
2021-12-13,401371862,99,19.0
2021-12-13,401385913,2198,
2021-12-13,401385913,94,
2021-12-13,401372136,130,
2021-12-13,401372136,253,
2021-12-13,401371572,61,
2021-12-13,401371572,2244,
2021-12-13,401369214,2535,
2021-12-13,401369214,338,
2021-12-13,401371009,145,
2021-12-13,401371009,2168,
2021-12-13,401371430,12,8.0
2021-12-13,401371430,2856,
2021-12-13,401369932,228,
2021-12-13,401369932,2579,
2021-12-13,401393745,96,21.0
2021-12-13,401393745,153,
2021-12-13,401373512,41,20.0
2021-12-13,401373512,2507,
2021-12-13,401373887,264,
2021-12-13,401373887,2547,
2021-12-13,401371982,2483,
2021-12-13,401371982,239,1.0
2021-12-13,401371296,2440,
2021-12-13,401371296,2351,
2021-12-13,401371924,167,
2021-12-13,401371924,2567,
2021-12-13,401372151,158,
2021-12-13,401372151,2306,
2021-12-13,401380974,2309,
2021-12-13,401380974,2582,
2021-12-13,401371142,2541,
2021-12-13,401371142,149,
2021-12-13,401373872,25,
2021-12-13,401373872,159,
2021-12-13,401371726,257,
2021-12-13,401371726,295,
2021-12-13,401371210,147,
2021-12-13,401371210,2501,
2021-12-13,401372753,2393,
2021-12-13,401372753,324,
2021-12-13,401372258,201,
2021-12-13,401372258,250,
2021-12-13,401365297,113,
2021-12-13,401365297,2217,
2021-12-13,401378807,526,
2021-12-13,401378807,2382,
2021-12-13,401372546,112358,
2021-12-13,401372546,349,
2021-12-13,401372372,2032,
2021-12-13,401372372,2005,
2021-12-13,401371100,108,
2021-12-13,401371100,107,
2021-12-13,401365298,2405,
2021-12-13,401365298,2142,
2021-12-13,401365071,189,
2021-12-13,401365071,2523,
2021-12-13,401365070,82,
2021-12-13,401365070,2459,
2021-12-13,401371989,66,11.0
2021-12-13,401371989,2545,
2021-12-13,401385890,2174,
2021-12-13,401385890,2117,
2021-12-13,401372327,2349,
2021-12-13,401372327,2529,
2021-12-13,401371075,2184,
2021-12-13,401371075,300,
2021-12-13,401372323,5,
2021-12-13,401372323,277,
2021-12-13,401365293,2619,
2021-12-13,401365293,2612,
2021-12-13,401385995,2710,
2021-12-13,401385995,2197,
2021-12-13,401371913,238,
2021-12-13,401371913,2046,
2021-12-13,401372630,116,
2021-12-13,401372630,2415,
2021-12-13,401365069,2287,
2021-12-13,401365069,2050,
2021-12-13,401371774,71,
2021-12-13,401371774,2603,
2021-12-13,401370129,98,
2021-12-13,401370129,97,
2021-12-13,401369966,87,
2021-12-13,401369966,84,
2021-12-13,401378797,2447,
2021-12-13,401378797,2400,
2021-12-13,401373873,38,
2021-12-13,401373873,2934,
2021-12-13,401373042,2750,
2021-12-13,401373042,2635,
2021-12-13,401372234,2272,
2021-12-13,401372234,350,
2021-12-13,401371995,46,
2021-12-13,401371995,2628,
2021-12-13,401371589,2083,
2021-12-13,401371589,2325,
2021-12-13,401370044,258,
2021-12-13,401370044,161,
2021-12-13,401372991,2506,
2021-12-13,401372991,2747,
2021-12-13,401365068,2099,
2021-12-13,401365068,2084,
2021-12-13,401369897,30,10.0
2021-12-13,401369897,59,
2021-12-13,401373513,2752,22.0
2021-12-13,401373513,269,
2021-12-13,401371876,142,
2021-12-13,401371876,254,
2021-12-13,401370959,311,
2021-12-13,401370959,3085,
2021-12-13,401373045,2754,
2021-12-13,401373045,2849,
2021-12-13,401378827,2239,
2021-12-13,401378827,29,
2021-12-13,401381765,2065,
2021-12-13,401381765,3097,
2021-12-13,401373275,2565,
2021-12-13,401373275,2931,
2021-12-13,401372976,2344,
2021-12-13,401372976,108942,
2021-12-13,401372440,70,
2021-12-13,401372440,112679,
2021-12-13,401369213,2454,
2021-12-13,401369213,3174,
2021-12-13,401370981,160,
2021-12-13,401370981,6304,
2021-12-13,401373786,2597,
2021-12-13,401373786,2380,
2021-12-13,401373797,2643,
2021-12-13,401373797,2592,
2021-12-13,401374289,2681,
2021-12-13,401374289,107554,
2021-12-13,401372468,304,
2021-12-13,401372468,3246,
2021-12-13,401372610,16,
2021-12-13,401372610,2381,
2021-12-13,401372415,331,
2021-12-13,401372415,109661,
2021-12-13,401365066,2711,
2021-12-13,401365066,486,
2021-12-13,401371763,2900,
2021-12-13,401371763,2462,
2021-12-13,401371429,3084,
2021-12-13,401371429,3246,
2021-12-20,401376690,252,
2021-12-20,401376690,2335,
2021-12-20,401372992,231,
2021-12-20,401372992,2506,
2021-12-20,401372139,2473,
2021-12-20,401372139,127,11.0
2021-12-20,401372196,314,
2021-12-20,401372196,48,
2021-12-20,401371435,66,9.0
2021-12-20,401371435,2130,
2021-12-20,401395130,333,10.0
2021-12-20,401395130,2166,
2021-12-20,401373516,222,23.0
2021-12-20,401373516,2752,18.0
2021-12-20,401373025,85,
2021-12-20,401373025,2413,
2021-12-20,401372688,2272,
2021-12-20,401372688,2226,
2021-12-20,401372128,2294,
2021-12-20,401372128,2545,
2021-12-20,401372394,254,
2021-12-20,401372394,278,
2021-12-20,401371871,344,
2021-12-20,401371871,2737,
2021-12-20,401371831,8,
2021-12-20,401371831,2210,
2021-12-20,401371801,2132,
2021-12-20,401371801,2635,
2021-12-20,401371573,2244,
2021-12-20,401371573,44,
2021-12-20,401371436,2534,
2021-12-20,401371436,71,
2021-12-20,401371631,2306,
2021-12-20,401371631,2377,
2021-12-20,401372267,2628,
2021-12-20,401372267,2755,
2021-12-20,401372243,2674,
2021-12-20,401372243,2729,
2021-12-20,401373517,269,
2021-12-20,401373517,41,
2021-12-20,401369967,87,
2021-12-20,401369967,357,
2021-12-20,401372235,350,
2021-12-20,401372235,2097,
2021-12-20,401372328,2529,
2021-12-20,401372328,42,
2021-12-20,401376687,58,
2021-12-20,401376687,2751,
2021-12-20,401371440,2856,
2021-12-20,401371440,2546,
2021-12-20,401371143,23,
2021-12-20,401371143,2541,
2021-12-20,401373410,328,
2021-12-20,401373410,2502,
2021-12-20,401372373,2627,
2021-12-20,401372373,2005,
2021-12-20,401372839,2638,
2021-12-20,401372839,2428,
2021-12-20,401372408,167,
2021-12-20,401372408,2450,
2021-12-20,401371438,264,
2021-12-20,401371438,3084,
2021-12-20,401371301,2483,
2021-12-20,401371301,2492,
2021-12-20,401369898,59,
2021-12-20,401369898,2247,
2021-12-20,401373276,6,
2021-12-20,401373276,2565,
2021-12-20,401371101,108,
2021-12-20,401371101,47,
2021-12-20,401371070,2168,
2021-12-20,401371070,2582,
2021-12-20,401370942,2329,
2021-12-20,401370942,399,
2021-12-20,401371983,239,1.0
2021-12-20,401371983,2016,
2021-12-20,401371434,2320,
2021-12-20,401371434,2433,
2021-12-20,401365635,2571,
2021-12-20,401365635,140,
2021-12-20,401365634,233,
2021-12-20,401365634,198,
2021-12-20,401365633,2437,
2021-12-20,401365633,2900,
2021-12-20,401365074,87,
2021-12-20,401365074,2711,
2021-12-20,401365299,2127,
2021-12-20,401365299,2363,
2021-12-20,401372166,2509,3.0
2021-12-20,401372166,2916,
2021-12-20,401370102,152,
2021-12-20,401370102,2750,
2021-12-20,401374290,2681,
2021-12-20,401374290,2169,
2021-12-20,401372654,2429,
2021-12-20,401372654,2379,
2021-12-20,401371850,61,
2021-12-20,401371850,2717,
2021-12-20,401370081,2390,
2021-12-20,401370081,56,
2021-12-20,401365072,2674,
2021-12-20,401365072,2199,
2021-12-20,401373798,2643,
2021-12-20,401373798,2569,
2021-12-20,401365636,2172,
2021-12-20,401365636,2710,
2021-12-20,401371299,2250,4.0
2021-12-20,401371299,2464,
2021-12-20,401371809,151,
2021-12-20,401371809,2572,
2021-12-20,401373007,195,
2021-12-20,401373007,2908,
2021-12-20,401369219,221,
2021-12-20,401369219,294,
2021-12-20,401369218,2031,
2021-12-20,401369218,55,
2021-12-20,401372290,2287,
2021-12-20,401372290,2636,
2021-12-20,401371883,145,
2021-12-20,401371883,2535,
2021-12-20,401370960,311,
2021-12-20,401370960,2771,
2021-12-20,401380994,2934,
2021-12-20,401380994,159,
2021-12-20,401371632,245,
2021-12-20,401371632,2466,
2021-12-20,401365075,2050,
2021-12-20,401365075,2197,
2021-12-20,401365076,2649,
2021-12-20,401365076,276,
2021-12-20,401369216,91,
2021-12-20,401369216,2351,
2021-12-20,401369951,153,
2021-12-20,401369951,2026,
2021-12-20,401372224,2426,
2021-12-20,401372224,119,
2021-12-20,401373874,204,
2021-12-20,401373874,2447,
2021-12-20,401371901,2633,19.0
2021-12-20,401371901,12,6.0
2021-12-20,401371958,2724,
2021-12-20,401371958,2504,
2021-12-20,401372119,84,
2021-12-20,401372119,94,
2021-12-20,401372190,295,
2021-12-20,401372190,232,
2021-12-20,401372645,2598,
2021-12-20,401372645,2523,
2021-12-20,401372754,236,
2021-12-20,401372754,2393,
2021-12-20,401376696,24,
2021-12-20,401376696,2335,
2021-12-20,401385927,2099,
2021-12-20,401385927,526,
2021-12-20,401370993,57,
2021-12-20,401370993,2619,
2021-12-20,401369220,158,
2021-12-20,401369220,338,
2021-12-20,401372826,5,
2021-12-20,401372826,2400,
2021-12-20,401365640,2449,
2021-12-20,401365640,155,
2021-12-20,401371851,61,
2021-12-20,401371851,2193,
2021-12-20,401371441,2000,
2021-12-20,401371441,2344,
2021-12-20,401372259,201,
2021-12-20,401372259,2016,
2021-12-20,401372379,265,
2021-12-20,401372379,68,
2021-12-20,401365306,2217,
2021-12-20,401365306,2681,
2021-12-20,401371863,99,17.0
2021-12-20,401371863,288,
2021-12-20,401371810,62,
2021-12-20,401371810,238,
2021-12-20,401371818,248,13.0
2021-12-20,401371818,326,
2021-12-20,401372485,2439,
2021-12-20,401372485,301,
2021-12-20,401371211,2608,
2021-12-20,401371211,2623,
2021-12-20,401371442,253,
2021-12-20,401371442,3101,
2021-12-20,401371877,356,
2021-12-20,401371877,142,
2021-12-20,401372474,21,
2021-12-20,401372474,28,
2021-12-20,401369860,150,2.0
2021-12-20,401369860,259,
2021-12-20,401371946,2116,
2021-12-20,401371946,2453,
2021-12-20,401370045,258,
2021-12-20,401370045,228,
2021-12-20,401378567,261,
2021-12-20,401378567,2142,
2021-12-20,401372317,2641,25.0
2021-12-20,401372317,331,
2021-12-20,401396269,251,16.0
2021-12-20,401396269,2011,
2021-12-20,401373051,218,
2021-12-20,401373051,2169,
2021-12-20,401369221,2460,
2021-12-20,401369221,2335,
2021-12-20,401371890,2579,
2021-12-20,401371890,349,
2021-12-20,401371727,257,
2021-12-20,401371727,2083,
2021-12-20,401372469,2540,
2021-12-20,401372469,304,
2021-12-20,401371175,2539,
2021-12-20,401371175,79,
2021-12-20,401371212,302,
2021-12-20,401371212,2501,
2021-12-20,401372144,135,
2021-12-20,401372144,2739,
2021-12-20,401365305,2368,
2021-12-20,401365305,2065,
2021-12-20,401372324,277,
2021-12-20,401372324,2754,
2021-12-20,401371302,25,
2021-12-20,401371302,279,
2021-12-20,401365302,2405,
2021-12-20,401365302,2275,
2021-12-20,401371838,2,12.0
2021-12-20,401371838,93,
2021-12-20,401396290,96,20.0
2021-12-20,401396290,98,
2021-12-20,401396691,2181,
2021-12-20,401396691,2130,
2021-12-20,401373831,2382,
2021-12-20,401373831,2653,
2021-12-20,401372395,2692,
2021-12-20,401372395,278,
2021-12-20,401395150,2520,
2021-12-20,401395150,461,
2021-12-20,401372155,77,
2021-12-20,401372155,542,
2021-12-20,401372294,282,
2021-12-20,401372294,2474,
2021-12-20,401373029,270,
2021-12-20,401373029,2615,
2021-12-20,401372533,147,
2021-12-20,401372533,112679,
2021-12-20,401373382,322,
2021-12-20,401373382,461,
2021-12-20,401378832,2547,
2021-12-20,401378832,2465,
2021-12-20,401372592,2458,
2021-12-20,401372592,3141,
2021-12-20,401383809,2348,
2021-12-20,401383809,3168,
2021-12-20,401384954,2463,
2021-12-20,401384954,3246,
2021-12-20,401373774,163,
2021-12-20,401373774,2871,
2021-12-20,401386370,2427,
2021-12-20,401386370,2397,
2021-12-20,401391451,166,
2021-12-20,401391451,94822,
2021-12-20,401373817,2032,
2021-12-20,401373817,2358,
2021-12-20,401372986,2448,
2021-12-20,401372986,108806,
2021-12-20,401373839,250,
2021-12-20,401373839,2758,
2021-12-20,401386031,193,
2021-12-20,401386031,2589,
2021-12-20,401381712,2634,
2021-12-20,401381712,111921,
2021-12-20,401386916,189,
2021-12-20,401386916,123313,
2021-12-20,401369215,2110,
2021-12-20,401369215,418,
2021-12-27,401364358,158,
2021-12-27,401364358,194,13.0
2021-12-27,401368234,94,
2021-12-27,401368234,2739,
2021-12-27,401367425,2031,
2021-12-27,401367425,290,
2021-12-27,401398630,325,
2021-12-27,401398630,2870,
2021-12-27,401372781,2229,
2021-12-27,401372781,295,
2021-12-27,401371947,2116,
2021-12-27,401371947,130,
2021-12-27,401371063,120,
2021-12-27,401371063,225,
2021-12-27,401368236,2473,
2021-12-27,401368236,2523,
2021-12-27,401368235,2750,
2021-12-27,401368235,270,
2021-12-27,401367423,324,
2021-12-27,401367423,2433,
2021-12-27,401372827,5,
2021-12-27,401372827,2638,
2021-12-27,401365757,2325,
2021-12-27,401365757,2230,
2021-12-27,401365754,257,
2021-12-27,401365754,2603,
2021-12-27,401365498,236,
2021-12-27,401365498,2193,
2021-12-27,401367422,2026,
2021-12-27,401367422,309,
2021-12-27,401370961,164,
2021-12-27,401370961,311,
2021-12-27,401364841,333,19.0
2021-12-27,401364841,2633,14.0
2021-12-27,401382670,2390,
2021-12-27,401382670,152,
2021-12-27,401371445,2534,
2021-12-27,401371445,2320,
2021-12-27,401365643,2449,
2021-12-27,401365643,2571,
2021-12-27,401372176,275,24.0
2021-12-27,401372176,2287,
2021-12-27,401372490,149,
2021-12-27,401372490,304,
2021-12-27,401373649,2934,
2021-12-27,401373649,2239,
2021-12-27,401373652,28,
2021-12-27,401373652,2540,
2021-12-27,401372416,2502,
2021-12-27,401372416,331,
2021-12-27,401377368,204,
2021-12-27,401377368,254,
2021-12-27,401372708,2348,
2021-12-27,401372708,276,
2021-12-27,401367278,2623,
2021-12-27,401367278,2181,
2021-12-27,401372534,147,
2021-12-27,401372534,2692,
2021-12-27,401371448,3101,
2021-12-27,401371448,2627,
2021-12-27,401365644,198,
2021-12-27,401365644,2172,
2021-12-27,401373195,2046,
2021-12-27,401373195,2630,
2021-12-27,401381756,288,
2021-12-27,401381756,2010,
2021-12-27,401373301,93,
2021-12-27,401373301,2546,
2021-12-27,401371449,2253,
2021-12-27,401371449,2130,
2021-12-27,401371447,3084,
2021-12-27,401371447,2000,
2021-12-27,401367427,326,
2021-12-27,401367427,2653,
2021-12-27,401367426,250,
2021-12-27,401367426,6,
2021-12-27,401398463,2305,6.0
2021-12-27,401398463,2440,
2021-12-27,401377694,202,
2021-12-27,401377694,2567,
2021-12-27,401370807,2803,
2021-12-27,401370807,2529,
2021-12-27,401371122,2608,
2021-12-27,401371122,43,
2021-12-27,401372167,2509,3.0
2021-12-27,401372167,2447,
2021-12-27,401373525,2086,
2021-12-27,401373525,305,
2021-12-27,401364843,344,
2021-12-27,401364843,8,
2021-12-27,401365082,2309,
2021-12-27,401365082,2117,
2021-12-27,401365079,2084,
2021-12-27,401365079,193,
2021-12-27,401372140,127,10.0
2021-12-27,401372140,2272,
2021-12-27,401364712,2005,
2021-12-27,401364712,328,
2021-12-27,401364710,68,
2021-12-27,401364710,278,
2021-12-27,401365407,2210,
2021-12-27,401365407,111,
2021-12-27,401373861,251,17.0
2021-12-27,401373861,2916,
2021-12-27,401398430,120,
2021-12-27,401398430,2329,
2021-12-27,401371634,239,1.0
2021-12-27,401371634,2466,
2021-12-27,401398370,79,
2021-12-27,401398370,2755,
2021-12-27,401369988,221,
2021-12-27,401369988,87,
2021-12-27,401371304,2250,4.0
2021-12-27,401371304,2453,
2021-12-27,401372318,2641,25.0
2021-12-27,401372318,2011,
2021-12-27,401365081,2649,
2021-12-27,401365081,2711,
2021-12-27,401365408,350,
2021-12-27,401365408,48,
2021-12-27,401377692,2655,
2021-12-27,401377692,235,
2021-12-27,401373216,2413,
2021-12-27,401373216,2197,
2021-12-27,401372129,2294,
2021-12-27,401372129,2710,
2021-12-27,401370112,97,
2021-12-27,401370112,154,
2021-12-27,401369225,245,
2021-12-27,401369225,2110,
2021-12-27,401364842,2,11.0
2021-12-27,401364842,99,16.0
2021-12-27,401373524,2507,21.0
2021-12-27,401373524,2550,15.0
2021-12-27,401364839,96,18.0
2021-12-27,401364839,142,
2021-12-27,401398351,183,
2021-12-27,401398351,172,
2021-12-27,401371852,61,
2021-12-27,401371852,2241,
2021-12-27,401365410,2729,
2021-12-27,401365410,2275,
2021-12-27,401370883,2598,
2021-12-27,401370883,2681,
2021-12-27,401370865,2529,
2021-12-27,401370865,112358,
2021-12-27,401370856,116,
2021-12-27,401370856,161,
2021-12-27,401370847,2771,
2021-12-27,401370847,2597,
2021-12-27,401370816,2115,
2021-12-27,401370816,2803,
2021-12-27,401365501,2747,
2021-12-27,401365501,2678,
2021-12-27,401365499,231,
2021-12-27,401365499,2535,
2021-12-27,401372611,253,
2021-12-27,401372611,16,
2021-12-27,401367431,2032,
2021-12-27,401367431,290,
2021-12-27,401364717,2439,
2021-12-27,401364717,21,
2021-12-27,401364716,2440,
2021-12-27,401364716,167,
2021-12-27,401368354,201,
2021-12-27,401368354,2306,
2021-12-27,401365650,198,
2021-12-27,401365650,2437,
2021-12-27,401377696,2132,
2021-12-27,401377696,2655,
2021-12-27,401372767,249,
2021-12-27,401372767,242,
2021-12-27,401371452,166,
2021-12-27,401371452,2130,
2021-12-27,401370008,183,
2021-12-27,401370008,258,
2021-12-27,401365090,2050,
2021-12-27,401365090,189,
2021-12-27,401398910,2305,6.0
2021-12-27,401398910,2244,
2021-12-27,401373336,44,
2021-12-27,401373336,2329,
2021-12-27,401372417,2464,
2021-12-27,401372417,331,
2021-12-27,401370103,152,
2021-12-27,401370103,52,
2021-12-27,401372593,253,
2021-12-27,401372593,2458,
2021-12-27,401373658,28,
2021-12-27,401373658,2463,
2021-12-27,401398909,25,
2021-12-27,401398909,9,
2021-12-27,401369900,59,
2021-12-27,401369900,97,
2021-12-27,401377699,218,
2021-12-27,401377699,248,12.0
2021-12-27,401364356,213,
2021-12-27,401364356,84,
2021-12-27,401369721,219,
2021-12-27,401369721,225,
2021-12-27,401364357,77,
2021-12-27,401364357,127,10.0
2021-12-27,401400261,314,
2021-12-27,401400261,2368,
2021-12-27,401369723,172,
2021-12-27,401369723,159,
2021-12-27,401377394,2483,
2021-12-27,401377394,254,
2021-12-27,401369631,2066,
2021-12-27,401369631,2349,
2021-12-27,401369329,2885,
2021-12-27,401369329,311,
2021-12-27,401367281,2674,
2021-12-27,401367281,2287,
2021-12-27,401367279,2460,
2021-12-27,401367279,339,
2021-12-27,401365767,139,
2021-12-27,401365767,257,
2021-12-27,401369917,103,
2021-12-27,401369917,153,
2021-12-27,401367277,282,
2021-12-27,401367277,71,
2021-12-27,401381749,104,
2021-12-27,401381749,2083,
2021-12-27,401365412,232,
2021-12-27,401365412,48,
2021-12-27,401373092,107,
2021-12-27,401373092,2426,
2021-12-27,401372709,2348,
2021-12-27,401372709,98,
2021-12-27,401365089,2006,
2021-12-27,401365089,2084,
2021-12-27,401368356,251,17.0
2021-12-27,401368356,277,
2021-12-27,401377697,2724,
2021-12-27,401377697,235,
2021-12-27,401373530,269,
2021-12-27,401373530,156,
2021-12-27,401381741,349,
2021-12-27,401381741,2352,
2021-12-27,401373527,2550,15.0
2021-12-27,401373527,222,22.0
2021-12-27,401365312,2514,
2021-12-27,401365312,315,
2021-12-27,401368352,66,8.0
2021-12-27,401368352,239,1.0
2021-12-27,401365648,2900,
2021-12-27,401365648,2710,
2021-12-27,401368243,2473,
2021-12-27,401368243,2754,
2021-12-27,401365085,2711,
2021-12-27,401365085,195,
2021-12-27,401372828,5,
2021-12-27,401372828,2636,
2021-12-27,401371176,2539,
2021-12-27,401371176,3136,
2021-12-27,401371638,357,
2021-12-27,401371638,2834,
2021-12-27,401386796,2737,
2021-12-27,401386796,124947,
2021-12-27,401369222,55,
2021-12-27,401369222,3117,
2021-12-27,401400952,227,
2021-12-27,401400952,2022,
2021-12-27,401397837,2856,
2021-12-27,401397837,2318,
2021-12-27,401371636,2377,
2021-12-27,401371636,3120,
2021-12-27,401371637,2443,
2021-12-27,401371637,2056,
2021-12-27,401385915,2198,
2021-12-27,401385915,484,
2021-12-27,401369224,294,
2021-12-27,401369224,3117,
2021-12-27,401370994,2619,
2021-12-27,401370994,3149,
2021-12-27,401372993,2506,
2021-12-27,401372993,3245,
2021-12-27,401369227,338,
2021-12-27,401369227,2648,
2021-12-27,401371305,252,
2021-12-27,401371305,224,
2021-12-27,401385924,56,
2021-12-27,401385924,3179,
2021-12-27,401369230,2335,
2021-12-27,401369230,109700,
2022-01-03,401364372,120,
2022-01-03,401364372,275,23.0
2022-01-03,401367436,2247,
2022-01-03,401367436,250,
2022-01-03,401365652,2900,
2022-01-03,401365652,198,
2022-01-03,401365651,2437,
2022-01-03,401365651,155,
2022-01-03,401402090,26,5.0
2022-01-03,401402090,299,
2022-01-03,401367439,2433,
2022-01-03,401367439,2031,
2022-01-03,401364366,84,
2022-01-03,401364366,194,13.0
2022-01-03,401386323,399,
2022-01-03,401386323,2066,
2022-01-03,401373289,2634,
2022-01-03,401373289,2630,
2022-01-03,401370892,2681,
2022-01-03,401370892,2803,
2022-01-03,401370875,2597,
2022-01-03,401370875,2598,
2022-01-03,401370838,112358,
2022-01-03,401370838,116,
2022-01-03,401370829,161,
2022-01-03,401370829,2771,
2022-01-03,401370817,2115,
2022-01-03,401370817,2529,
2022-01-03,401369636,261,
2022-01-03,401369636,160,
2022-01-03,401368249,2750,
2022-01-03,401368249,82,
2022-01-03,401367435,2653,
2022-01-03,401367435,324,
2022-01-03,401367438,309,
2022-01-03,401367438,2032,
2022-01-03,401364365,356,
2022-01-03,401364365,120,
2022-01-03,401386322,2349,
2022-01-03,401386322,2885,
2022-01-03,401384884,357,
2022-01-03,401384884,2466,
2022-01-03,401370701,2908,
2022-01-03,401370701,2515,
2022-01-03,401384883,2377,
2022-01-03,401384883,2443,
2022-01-03,401402012,2539,
2022-01-03,401402012,2350,
2022-01-03,401384882,2277,
2022-01-03,401384882,2545,
2022-01-03,401368361,66,11.0
2022-01-03,401368361,2641,25.0
2022-01-03,401369969,87,
2022-01-03,401369969,153,
2022-01-03,401367286,2460,
2022-01-03,401367286,2674,
2022-01-03,401367282,71,
2022-01-03,401367282,2623,
2022-01-03,401364363,77,
2022-01-03,401364363,213,
2022-01-03,401373535,222,19.0
2022-01-03,401373535,156,
2022-01-03,401381757,2400,
2022-01-03,401381757,2010,
2022-01-03,401367434,6,
2022-01-03,401367434,2026,
2022-01-03,401371456,2000,
2022-01-03,401371456,2617,
2022-01-03,401369726,163,
2022-01-03,401369726,171,
2022-01-03,401372710,2638,
2022-01-03,401372710,2348,
2022-01-03,401368253,2174,
2022-01-03,401368253,270,
2022-01-03,401372512,147,
2022-01-03,401372512,149,
2022-01-03,401368251,2754,
2022-01-03,401368251,2870,
2022-01-03,401368250,2523,
2022-01-03,401368250,325,
2022-01-03,401365321,2217,
2022-01-03,401365321,2368,
2022-01-03,401373537,46,
2022-01-03,401373537,269,
2022-01-03,401365097,195,
2022-01-03,401365097,2309,
2022-01-03,401381742,104,
2022-01-03,401381742,2352,
2022-01-03,401376559,349,
2022-01-03,401376559,2329,
2022-01-03,401384889,2916,
2022-01-03,401384889,2466,
2022-01-03,401377400,25,
2022-01-03,401377400,30,7.0
2022-01-03,401373664,27,
2022-01-03,401373664,28,
2022-01-03,401377704,2132,
2022-01-03,401377704,2567,
2022-01-03,401371457,2627,
2022-01-03,401371457,2534,
2022-01-03,401377399,254,
2022-01-03,401377399,264,
2022-01-03,401364364,275,23.0
2022-01-03,401364364,2294,
2022-01-03,401377397,38,
2022-01-03,401377397,265,
2022-01-03,401372444,70,
2022-01-03,401372444,147,
2022-01-03,401372418,331,
2022-01-03,401372418,149,
2022-01-03,401371308,252,
2022-01-03,401371308,279,
2022-01-03,401384885,2916,
2022-01-03,401384885,2447,
2022-01-03,401373262,2057,
2022-01-03,401373262,2546,
2022-01-03,401402244,2320,
2022-01-03,401402244,166,
2022-01-03,401402243,2130,
2022-01-03,401402243,2547,
2022-01-03,401372812,2636,
2022-01-03,401372812,2572,
2022-01-03,401372768,249,
2022-01-03,401372768,5,
2022-01-03,401372757,242,
2022-01-03,401372757,2393,
2022-01-03,401371460,292,
2022-01-03,401371460,2253,
2022-01-03,401376576,2029,
2022-01-03,401376576,2011,
2022-01-03,401373175,2582,
2022-01-03,401373175,2504,
2022-01-03,401373160,2755,
2022-01-03,401373160,2640,
2022-01-03,401365092,2050,
2022-01-03,401365092,2309,
2022-01-03,401373531,2086,
2022-01-03,401373531,2550,24.0
2022-01-03,401369236,288,
2022-01-03,401369236,2453,
2022-01-03,401368358,239,1.0
2022-01-03,401368358,201,
2022-01-03,401368360,2306,
2022-01-03,401368360,251,14.0
2022-01-03,401364844,99,21.0
2022-01-03,401364844,96,16.0
2022-01-03,401385997,2083,
2022-01-03,401385997,349,
2022-01-03,401381731,2352,
2022-01-03,401381731,107,
2022-01-03,401376558,2329,
2022-01-03,401376558,2142,
2022-01-03,401373093,2426,
2022-01-03,401373093,104,
2022-01-03,401370064,154,
2022-01-03,401370064,52,
2022-01-03,401370028,259,
2022-01-03,401370028,152,
2022-01-03,401369237,56,
2022-01-03,401369237,2335,
2022-01-03,401369232,2198,
2022-01-03,401369232,2110,
2022-01-03,401365096,2117,
2022-01-03,401365096,2649,
2022-01-03,401365091,2711,
2022-01-03,401365091,2199,
2022-01-03,401373115,2296,
2022-01-03,401373115,2016,
2022-01-03,401364846,61,
2022-01-03,401364846,245,
2022-01-03,401364361,164,
2022-01-03,401364361,130,
2022-01-03,401364355,135,
2022-01-03,401364355,356,
2022-01-03,401364845,2579,
2022-01-03,401364845,2,9.0
2022-01-03,401365093,2006,
2022-01-03,401365093,195,
2022-01-03,401390830,12,8.0
2022-01-03,401390830,264,
2022-01-03,401373138,2065,
2022-01-03,401373138,50,
2022-01-03,401364360,2509,3.0
2022-01-03,401364360,275,23.0
2022-01-03,401365417,2182,
2022-01-03,401365417,119,
2022-01-03,401364847,8,
2022-01-03,401364847,238,
2022-01-03,401369934,228,
2022-01-03,401369934,258,
2022-01-03,401377700,235,
2022-01-03,401377700,202,
2022-01-03,401364722,36,20.0
2022-01-03,401364722,2005,
2022-01-03,401370084,2390,
2022-01-03,401370084,183,
2022-01-03,401368246,2739,
2022-01-03,401368246,270,
2022-01-03,401369233,526,
2022-01-03,401369233,2454,
2022-01-03,401364362,127,10.0
2022-01-03,401364362,158,
2022-01-03,401377702,58,
2022-01-03,401377702,248,12.0
2022-01-03,401364848,57,
2022-01-03,401364848,333,15.0
2022-01-03,401364849,2633,18.0
2022-01-03,401364849,145,
2022-01-03,401401010,2084,
2022-01-03,401401010,189,
2022-01-03,401377703,151,
2022-01-03,401377703,2655,
2022-01-03,401377701,2116,
2022-01-03,401377701,218,
2022-01-03,401370700,2448,
2022-01-03,401370700,2506,
2022-01-03,401370697,2127,
2022-01-03,401370697,2241,
2022-01-03,401370696,2097,
2022-01-03,401370696,2427,
2022-01-03,401370113,97,
2022-01-03,401370113,221,
2022-01-03,401365771,2168,
2022-01-03,401365771,2670,
2022-01-03,401365770,2603,
2022-01-03,401365770,2166,
2022-01-03,401365769,257,
2022-01-03,401365769,113,
2022-01-03,401365511,2747,
2022-01-03,401365511,236,
2022-01-03,401365510,2382,
2022-01-03,401365510,2535,
2022-01-03,401365509,2430,
2022-01-03,401365509,231,
2022-01-03,401365508,2193,
2022-01-03,401365508,2678,
2022-01-03,401365507,2717,
2022-01-03,401365507,2643,
2022-01-03,401373534,2599,
2022-01-03,401373534,305,
2022-01-03,401401508,2229,
2022-01-03,401401508,2065,
2022-01-03,401369861,150,2.0
2022-01-03,401369861,59,
2022-01-03,401368359,197,
2022-01-03,401368359,2305,6.0
2022-01-03,401373533,269,
2022-01-03,401373533,2507,16.0
2022-01-03,401369725,108,
2022-01-03,401369725,225,
2022-01-03,401369727,219,
2022-01-03,401369727,172,
2022-01-03,401371179,2539,
2022-01-03,401371179,301,
2022-01-03,401369729,159,
2022-01-03,401369729,225,
2022-01-03,401369238,91,
2022-01-03,401369238,2198,
2022-01-03,401367351,2674,
2022-01-03,401367351,79,
2022-01-03,401365657,2571,
2022-01-03,401365657,233,
2022-01-03,401369240,294,
2022-01-03,401369240,526,
2022-01-03,401364723,21,
2022-01-03,401364723,36,20.0
2022-01-03,401369640,2378,
2022-01-03,401369640,2349,
2022-01-03,401368362,2628,
2022-01-03,401368362,239,1.0
2022-01-03,401402730,339,
2022-01-03,401402730,2181,
2022-01-03,401402505,189,
2022-01-03,401402505,193,
2022-01-03,401373198,2046,
2022-01-03,401373198,2413,
2022-01-03,401372690,276,
2022-01-03,401372690,2226,
2022-01-03,401364725,167,
2022-01-03,401364725,328,
2022-01-03,401365425,119,
2022-01-03,401365425,111,
2022-01-03,401368259,2473,
2022-01-03,401368259,270,
2022-01-03,401365428,256,
2022-01-03,401365428,2275,
2022-01-03,401365427,232,
2022-01-03,401365427,2210,
2022-01-03,401365327,2368,
2022-01-03,401365327,2520,
2022-01-03,401365324,2561,
2022-01-03,401365324,2217,
2022-01-03,401365326,315,
2022-01-03,401365326,2514,
2022-01-03,401371217,252,
2022-01-03,401371217,2608,
2022-01-03,401371309,2250,4.0
2022-01-03,401371309,2492,
2022-01-03,401369242,2453,
2022-01-03,401369242,55,
2022-01-03,401364854,145,
2022-01-03,401364854,344,
2022-01-03,401402792,139,
2022-01-03,401402792,314,
2022-01-03,401373668,27,
2022-01-03,401373668,300,
2022-01-03,401373665,302,
2022-01-03,401373665,28,
2022-01-03,401368254,2750,
2022-01-03,401368254,85,
2022-01-03,401371463,2130,
2022-01-03,401371463,2856,
2022-01-03,401365102,2649,
2022-01-03,401365102,2459,
2022-01-03,401365776,2325,
2022-01-03,401365776,2670,
2022-01-03,401365777,2166,
2022-01-03,401365777,227,
2022-01-03,401368365,277,
2022-01-03,401368365,2306,
2022-01-03,401369639,2619,
2022-01-03,401369639,311,
2022-01-03,401370704,2241,
2022-01-03,401370704,2261,
2022-01-03,401365655,2437,
2022-01-03,401365655,2449,
2022-01-03,401381732,107,
2022-01-03,401381732,322,
2022-01-03,401373536,2086,
2022-01-03,401373536,2752,22.0
2022-01-03,401365775,45,
2022-01-03,401365775,2168,
2022-01-03,401365778,113,
2022-01-03,401365778,2184,
2022-01-03,401373540,2550,24.0
2022-01-03,401373540,41,
2022-01-03,401377706,248,12.0
2022-01-03,401377706,2724,
2022-01-03,401373775,2569,
2022-01-03,401373775,2154,
2022-01-03,401373667,299,
2022-01-03,401373667,62,
2022-01-03,401373666,2463,
2022-01-03,401373666,13,
2022-01-03,401373278,2565,
2022-01-03,401373278,93,
2022-01-03,401372594,2458,
2022-01-03,401372594,16,
2022-01-03,401371465,3084,
2022-01-03,401371465,3101,
2022-01-03,401369989,221,
2022-01-03,401369989,103,
2022-01-03,401365656,2710,
2022-01-03,401365656,198,
2022-01-03,401367443,290,
2022-01-03,401367443,250,
2022-01-03,401365658,2172,
2022-01-03,401365658,155,
2022-01-03,401372849,98,
2022-01-03,401372849,2229,
2022-01-03,401364852,142,
2022-01-03,401364852,333,15.0
2022-01-03,401403070,23,
2022-01-03,401403070,3246,
2022-01-03,401402132,2415,
2022-01-03,401402132,2251,
2022-01-03,401402025,2344,
2022-01-03,401402025,2945,
2022-01-03,401372576,2464,
2022-01-03,401372576,111226,
2022-01-10,401367361,2287,
2022-01-10,401367361,71,
2022-01-10,401367446,2026,
2022-01-10,401367446,324,
2022-01-10,401377407,264,
2022-01-10,401377407,25,
2022-01-10,401402996,279,
2022-01-10,401402996,2541,
2022-01-10,401364730,2440,
2022-01-10,401364730,68,
2022-01-10,401369247,338,
2022-01-10,401369247,526,
2022-01-10,401377408,265,
2022-01-10,401377408,24,
2022-01-10,401398907,305,
2022-01-10,401398907,2550,20.0
2022-01-10,401381750,349,
2022-01-10,401381750,104,
2022-01-10,401365520,2643,
2022-01-10,401365520,2430,
2022-01-10,401371467,2547,
2022-01-10,401371467,3084,
2022-01-10,401365521,2382,
2022-01-10,401365521,2678,
2022-01-10,401368262,2870,
2022-01-10,401368262,2174,
2022-01-10,401368263,325,
2022-01-10,401368263,2473,
2022-01-10,401368266,2754,
2022-01-10,401368266,94,
2022-01-10,401368267,2523,
2022-01-10,401368267,2750,
2022-01-10,401370713,2737,
2022-01-10,401370713,2427,
2022-01-10,401372659,2429,
2022-01-10,401372659,2638,
2022-01-10,401371472,2856,
2022-01-10,401371472,3101,
2022-01-10,401370114,97,
2022-01-10,401370114,152,
2022-01-10,401377712,2116,
2022-01-10,401377712,235,
2022-01-10,401367356,2623,
2022-01-10,401367356,79,
2022-01-10,401364862,57,
2022-01-10,401364862,99,12.0
2022-01-10,401364377,127,10.0
2022-01-10,401364377,135,
2022-01-10,401370066,154,
2022-01-10,401370066,150,8.0
2022-01-10,401370711,2908,
2022-01-10,401370711,2272,
2022-01-10,401373053,2450,
2022-01-10,401373053,2169,
2022-01-10,401367354,71,
2022-01-10,401367354,339,
2022-01-10,401367355,2181,
2022-01-10,401367355,2287,
2022-01-10,401377711,2567,
2022-01-10,401377711,58,
2022-01-10,401370046,258,
2022-01-10,401370046,259,
2022-01-10,401377713,2724,
2022-01-10,401377713,2655,
2022-01-10,401378799,36,
2022-01-10,401378799,328,
2022-01-10,401373543,41,
2022-01-10,401373543,2599,
2022-01-10,401364376,77,
2022-01-10,401364376,120,
2022-01-10,401364864,8,
2022-01-10,401364864,142,
2022-01-10,401368371,2306,
2022-01-10,401368371,2628,
2022-01-10,401369918,103,
2022-01-10,401369918,59,
2022-01-10,401372691,2393,
2022-01-10,401372691,2226,
2022-01-10,401372712,2348,
2022-01-10,401372712,2572,
2022-01-10,401372733,276,
2022-01-10,401372733,249,
2022-01-10,401377410,26,3.0
2022-01-10,401377410,2483,
2022-01-10,401364378,2294,
2022-01-10,401364378,84,
2022-01-10,401367447,6,
2022-01-10,401367447,2247,
2022-01-10,401371470,166,
2022-01-10,401371470,2627,
2022-01-10,401371471,2253,
2022-01-10,401371471,2000,
2022-01-10,401372445,2692,
2022-01-10,401372445,70,
2022-01-10,401372795,98,
2022-01-10,401372795,242,
2022-01-10,401373220,2197,
2022-01-10,401373220,2565,
2022-01-10,401371219,301,
2022-01-10,401371219,2501,
2022-01-10,401372782,295,
2022-01-10,401372782,2636,
2022-01-10,401373673,13,
2022-01-10,401373673,27,
2022-01-10,401373674,2239,
2022-01-10,401373674,2463,
2022-01-10,401373675,299,
2022-01-10,401373675,2540,
2022-01-10,401371180,2539,
2022-01-10,401371180,2351,
2022-01-10,401371218,2492,
2022-01-10,401371218,2608,
2022-01-10,401377411,12,6.0
2022-01-10,401377411,38,
2022-01-10,401376562,2329,
2022-01-10,401376562,2352,
2022-01-10,401373199,2057,
2022-01-10,401373199,2635,
2022-01-10,401365662,2437,
2022-01-10,401365662,2571,
2022-01-10,401376553,93,
2022-01-10,401376553,2634,
2022-01-10,401371469,2320,
2022-01-10,401371469,2534,
2022-01-10,401373096,2426,
2022-01-10,401373096,2142,
2022-01-10,401373545,46,
2022-01-10,401373545,2086,
2022-01-10,401376561,2083,
2022-01-10,401376561,2329,
2022-01-10,401381744,2352,
2022-01-10,401381744,322,
2022-01-10,401402174,315,
2022-01-10,401402174,2099,
2022-01-10,401398458,2641,19.0
2022-01-10,401398458,197,
2022-01-10,401364379,275,13.0
2022-01-10,401364379,194,16.0
2022-01-10,401372829,5,
2022-01-10,401372829,2229,
2022-01-10,401365661,155,
2022-01-10,401365661,2710,
2022-01-10,401365663,233,
2022-01-10,401365663,2172,
2022-01-10,401367449,250,
2022-01-10,401367449,309,
2022-01-10,401367450,326,
2022-01-10,401367450,2433,
2022-01-10,401368264,2739,
2022-01-10,401368264,85,
2022-01-10,401368265,270,
2022-01-10,401368265,82,
2022-01-10,401371468,292,
2022-01-10,401371468,2130,
2022-01-10,401377714,202,
2022-01-10,401377714,218,
2022-01-10,401377710,2132,
2022-01-10,401377710,151,
2022-01-10,401373672,62,
2022-01-10,401373672,300,
2022-01-10,401365104,193,
2022-01-10,401365104,2649,
2022-01-10,401400970,2217,
2022-01-10,401400970,314,
2022-01-10,401402176,2099,
2022-01-10,401402176,2514,
2022-01-10,401365432,119,
2022-01-10,401365432,2275,
2022-01-10,401402814,24,
2022-01-10,401402814,30,5.0
2022-01-10,401364375,213,
2022-01-10,401364375,164,
2022-01-10,401364858,2633,22.0
2022-01-10,401364858,2579,
2022-01-10,401365103,2199,
2022-01-10,401365103,2117,
2022-01-10,401365105,2711,
2022-01-10,401365105,2084,
2022-01-10,401365106,2309,
2022-01-10,401365106,2459,
2022-01-10,401365107,195,
2022-01-10,401365107,189,
2022-01-10,401365108,2006,
2022-01-10,401365108,2050,
2022-01-10,401365429,2182,
2022-01-10,401365429,48,
2022-01-10,401365431,256,
2022-01-10,401365431,111,
2022-01-10,401365783,2166,
2022-01-10,401365783,113,
2022-01-10,401365784,2168,
2022-01-10,401365784,139,
2022-01-10,401403250,204,
2022-01-10,401403250,2483,
2022-01-10,401373117,2011,
2022-01-10,401373117,2016,
2022-01-10,401373241,2413,
2022-01-10,401373241,2630,
2022-01-10,401378596,2569,
2022-01-10,401378596,2415,
2022-01-10,401402060,2430,
2022-01-10,401402060,2747,
2022-01-10,401373339,44,
2022-01-10,401373339,104,
2022-01-10,401376560,2329,
2022-01-10,401376560,107,
2022-01-10,401402041,2193,
2022-01-10,401402041,2717,
2022-01-10,401365654,2172,
2022-01-10,401365654,2449,
2022-01-10,401373140,50,
2022-01-10,401373140,2755,
2022-01-10,401380976,2065,
2022-01-10,401380976,2582,
2022-01-10,401378653,2010,
2022-01-10,401378653,2296,
2022-01-10,401402039,140,
2022-01-10,401402039,2437,
2022-01-10,401373177,2504,
2022-01-10,401373177,2029,
2022-01-10,401382731,2640,
2022-01-10,401382731,2400,
2022-01-10,401365785,2670,
2022-01-10,401365785,45,
2022-01-10,401365786,2325,
2022-01-10,401365786,179,
2022-01-10,401369244,91,
2022-01-10,401369244,2110,
2022-01-10,401365787,2230,
2022-01-10,401365787,2184,
2022-01-10,401370712,2515,
2022-01-10,401370712,2344,
2022-01-10,401373544,2752,17.0
2022-01-10,401373544,222,14.0
2022-01-10,401364863,344,
2022-01-10,401364863,61,
2022-01-10,401365430,350,
2022-01-10,401365430,2210,
2022-01-10,401365517,231,
2022-01-10,401365517,2193,
2022-01-10,401365518,2747,
2022-01-10,401365518,2535,
2022-01-10,401365519,2717,
2022-01-10,401365519,236,
2022-01-10,401365788,227,
2022-01-10,401365788,2603,
2022-01-10,401369245,294,
2022-01-10,401369245,56,
2022-01-10,401369645,2885,
2022-01-10,401369645,2378,
2022-01-10,401369646,399,
2022-01-10,401369646,2349,
2022-01-10,401369647,261,
2022-01-10,401369647,2619,
2022-01-10,401369970,87,
2022-01-10,401369970,228,
2022-01-10,401370708,2097,
2022-01-10,401370708,2127,
2022-01-10,401370709,2241,
2022-01-10,401370709,2506,
2022-01-10,401370710,2448,
2022-01-10,401370710,2261,
2022-01-10,401364729,2439,
2022-01-10,401364729,167,
2022-01-10,401364731,278,
2022-01-10,401364731,23,
2022-01-10,401364861,333,24.0
2022-01-10,401364861,2,4.0
2022-01-10,401368370,277,
2022-01-10,401368370,197,
2022-01-10,401369246,55,
2022-01-10,401369246,288,
2022-01-10,401369248,2335,
2022-01-10,401369248,2454,
2022-01-10,401369249,2453,
2022-01-10,401369249,2198,
2022-01-10,401370009,183,
2022-01-10,401370009,221,
2022-01-10,401373542,269,
2022-01-10,401373542,305,
2022-01-10,401364859,238,
2022-01-10,401364859,96,18.0
2022-01-10,401368367,239,1.0
2022-01-10,401368367,2641,19.0
2022-01-10,401399156,2617,
2022-01-10,401399156,292,
2022-01-10,401367352,2460,
2022-01-10,401367352,282,
2022-01-10,401369881,52,
2022-01-10,401369881,2390,
2022-01-10,401368368,2305,9.0
2022-01-10,401368368,66,15.0
2022-01-10,401364860,245,
2022-01-10,401364860,145,
2022-01-10,401364373,158,
2022-01-10,401364373,356,25.0
2022-01-10,401368369,251,21.0
2022-01-10,401368369,201,
2022-01-10,401367353,2350,
2022-01-10,401367353,2674,
2022-01-10,401371311,2250,2.0
2022-01-10,401371311,252,
2022-01-10,401371641,2443,
2022-01-10,401371641,2447,
2022-01-10,401371643,357,
2022-01-10,401371643,2916,
2022-01-10,401364734,2005,
2022-01-10,401364734,2440,
2022-01-10,401371640,2377,
2022-01-10,401371640,2277,
2022-01-10,401371642,2545,
2022-01-10,401371642,2466,
2022-01-10,401372612,16,
2022-01-10,401372612,2502,
2022-01-10,401367454,6,
2022-01-10,401367454,290,
2022-01-10,401373677,62,
2022-01-10,401373677,28,
2022-01-10,401369652,311,
2022-01-10,401369652,2066,
2022-01-10,401365334,2520,
2022-01-10,401365334,2612,
2022-01-10,401365335,2363,
2022-01-10,401365335,2099,
2022-01-10,401365337,2368,
2022-01-10,401365337,2405,
2022-01-10,401377416,9,
2022-01-10,401377416,38,
2022-01-10,401365664,140,
2022-01-10,401365664,198,
2022-01-10,401369954,153,
2022-01-10,401369954,59,
2022-01-10,401372446,304,
2022-01-10,401372446,70,
2022-01-10,401377716,202,
2022-01-10,401377716,248,11.0
2022-01-10,401377415,12,6.0
2022-01-10,401377415,254,
2022-01-10,401364736,328,
2022-01-10,401364736,2751,
2022-01-10,401373676,13,
2022-01-10,401373676,302,
2022-01-10,401364381,2509,7.0
2022-01-10,401364381,158,
2022-01-10,401369733,163,
2022-01-10,401369733,225,
2022-01-10,401369734,43,
2022-01-10,401369734,172,
2022-01-10,401369735,219,
2022-01-10,401369735,159,
2022-01-10,401369736,171,
2022-01-10,401369736,108,
2022-01-10,401370840,112358,
2022-01-10,401370840,2115,
2022-01-10,401370894,2681,
2022-01-10,401370894,2597,
2022-01-10,401370808,2803,
2022-01-10,401370808,116,
2022-01-10,401364380,356,25.0
2022-01-10,401364380,130,
2022-01-10,401365332,2368,
2022-01-10,401365332,2561,
2022-01-10,401365789,257,
2022-01-10,401365789,2166,
2022-01-10,401373546,2752,17.0
2022-01-10,401373546,156,
2022-01-10,401370866,2529,
2022-01-10,401370866,161,
2022-01-10,401365436,2729,
2022-01-10,401365436,256,
2022-01-10,401373679,2934,
2022-01-10,401373679,27,
2022-01-10,401373777,2415,
2022-01-10,401373777,2154,
2022-01-10,401381669,47,
2022-01-10,401381669,2450,
2022-01-10,401370849,2771,
2022-01-10,401370849,2598,
2022-01-17,401377430,2483,
2022-01-17,401377430,264,
2022-01-17,401369991,221,
2022-01-17,401369991,258,
2022-01-17,401364878,2,2.0
2022-01-17,401364878,61,
2022-01-17,401364739,36,
2022-01-17,401364739,167,
2022-01-17,401405167,52,
2022-01-17,401405167,2454,
2022-01-17,401400491,2507,21.0
2022-01-17,401400491,46,
2022-01-17,401370725,2506,
2022-01-17,401370725,2737,
2022-01-17,401365443,119,
2022-01-17,401365443,232,
2022-01-17,401365444,256,
2022-01-17,401365444,350,
2022-01-17,401365445,48,
2022-01-17,401365445,2729,
2022-01-17,401365446,2182,
2022-01-17,401365446,2210,
2022-01-17,401365530,2430,
2022-01-17,401365530,236,
2022-01-17,401365531,2678,
2022-01-17,401365531,2535,
2022-01-17,401367458,2247,
2022-01-17,401367458,2026,
2022-01-17,401367459,290,
2022-01-17,401367459,324,
2022-01-17,401368277,85,
2022-01-17,401368277,2750,
2022-01-17,401372661,249,
2022-01-17,401372661,2429,
2022-01-17,401372693,2226,
2022-01-17,401372693,98,
2022-01-17,401372735,2229,
2022-01-17,401372735,276,
2022-01-17,401373201,2630,
2022-01-17,401373201,2046,
2022-01-17,401373243,2413,
2022-01-17,401373243,2057,
2022-01-17,401373553,305,
2022-01-17,401373553,2752,20.0
2022-01-17,401364740,2751,
2022-01-17,401364740,23,
2022-01-17,401371312,2351,
2022-01-17,401371312,2492,
2022-01-17,401364877,245,
2022-01-17,401364877,96,12.0
2022-01-17,401370105,152,
2022-01-17,401370105,259,
2022-01-17,401370720,2344,
2022-01-17,401370720,2097,
2022-01-17,401370721,2127,
2022-01-17,401370721,2272,
2022-01-17,401370722,2241,
2022-01-17,401370722,2908,
2022-01-17,401373098,2426,
2022-01-17,401373098,2329,
2022-01-17,401373552,156,
2022-01-17,401373552,2599,
2022-01-17,401381718,2083,
2022-01-17,401381718,2142,
2022-01-17,401381745,2352,
2022-01-17,401381745,104,
2022-01-17,401400973,2514,
2022-01-17,401400973,2520,
2022-01-17,401402047,2603,
2022-01-17,401402047,45,
2022-01-17,401405190,227,
2022-01-17,401405190,2325,
2022-01-17,401364876,333,
2022-01-17,401364876,99,13.0
2022-01-17,401367363,2181,
2022-01-17,401367363,71,
2022-01-17,401367364,2623,
2022-01-17,401367364,2287,
2022-01-17,401367365,79,
2022-01-17,401367365,282,
2022-01-17,401368381,197,
2022-01-17,401368381,2628,
2022-01-17,401373554,222,11.0
2022-01-17,401373554,269,
2022-01-17,401370115,97,
2022-01-17,401370115,103,
2022-01-17,401364390,164,
2022-01-17,401364390,2294,
2022-01-17,401373280,2635,
2022-01-17,401373280,2565,
2022-01-17,401377723,235,
2022-01-17,401377723,2567,
2022-01-17,401402044,113,
2022-01-17,401402044,139,
2022-01-17,401405379,189,
2022-01-17,401405379,2006,
2022-01-17,401371644,2443,
2022-01-17,401371644,2545,
2022-01-17,401371646,357,
2022-01-17,401371646,2377,
2022-01-17,401371647,2916,
2022-01-17,401371647,2277,
2022-01-17,401373221,93,
2022-01-17,401373221,2197,
2022-01-17,401371150,2608,
2022-01-17,401371150,2541,
2022-01-17,401371223,252,
2022-01-17,401371223,301,
2022-01-17,401371484,3101,
2022-01-17,401371484,2320,
2022-01-17,401372422,331,
2022-01-17,401372422,16,
2022-01-17,401372447,70,
2022-01-17,401372447,2458,
2022-01-17,401372493,2692,
2022-01-17,401372493,304,
2022-01-17,401372840,2638,
2022-01-17,401372840,2636,
2022-01-17,401377724,2132,
2022-01-17,401377724,202,
2022-01-17,401403792,2005,
2022-01-17,401403792,2439,
2022-01-17,401403793,328,
2022-01-17,401403793,68,
2022-01-17,401373555,2086,
2022-01-17,401373555,41,25.0
2022-01-17,401372514,2502,
2022-01-17,401372514,149,
2022-01-17,401373682,2934,
2022-01-17,401373682,62,
2022-01-17,401373683,2463,
2022-01-17,401373683,302,
2022-01-17,401373684,28,
2022-01-17,401373684,299,
2022-01-17,401373304,2546,
2022-01-17,401373304,2634,
2022-01-17,401372784,242,
2022-01-17,401372784,295,
2022-01-17,401372536,2464,
2022-01-17,401372536,147,
2022-01-17,401365670,2900,
2022-01-17,401365670,2571,
2022-01-17,401364392,84,
2022-01-17,401364392,2509,4.0
2022-01-17,401365338,2217,
2022-01-17,401365338,2405,
2022-01-17,401367461,2433,
2022-01-17,401367461,2653,
2022-01-17,401367463,2031,
2022-01-17,401367463,326,
2022-01-17,401371481,2617,
2022-01-17,401371481,2253,
2022-01-17,401371482,2534,
2022-01-17,401371482,166,
2022-01-17,401377420,38,
2022-01-17,401377420,30,16.0
2022-01-17,401365669,140,
2022-01-17,401365669,2449,
2022-01-17,401365672,198,
2022-01-17,401365672,155,
2022-01-17,401371645,2447,
2022-01-17,401371645,2466,
2022-01-17,401367460,309,
2022-01-17,401367460,6,
2022-01-17,401367462,2032,
2022-01-17,401367462,250,
2022-01-17,401368274,2739,
2022-01-17,401368274,2174,
2022-01-17,401368275,270,
2022-01-17,401368275,2473,
2022-01-17,401368276,82,
2022-01-17,401368276,94,
2022-01-17,401371479,2000,
2022-01-17,401371479,2547,
2022-01-17,401371480,2627,
2022-01-17,401371480,2856,
2022-01-17,401371483,3084,
2022-01-17,401371483,292,
2022-01-17,401369902,59,
2022-01-17,401369902,154,
2022-01-17,401369657,2885,
2022-01-17,401369657,261,
2022-01-17,401369656,2066,
2022-01-17,401369656,2619,
2022-01-17,401365118,2006,
2022-01-17,401365118,2711,
2022-01-17,401370809,2803,
2022-01-17,401370809,2598,
2022-01-17,401370867,2529,
2022-01-17,401370867,2115,
2022-01-17,401370895,2681,
2022-01-17,401370895,161,
2022-01-17,401371215,2351,
2022-01-17,401371215,2501,
2022-01-17,401403752,2643,
2022-01-17,401403752,2382,
2022-01-17,401402031,140,
2022-01-17,401402031,2172,
2022-01-17,401403791,2440,
2022-01-17,401403791,2751,
2022-01-17,401373119,2016,
2022-01-17,401373119,2504,
2022-01-17,401373142,2400,
2022-01-17,401373142,50,
2022-01-17,401376578,2029,
2022-01-17,401376578,2065,
2022-01-17,401402851,253,
2022-01-17,401402851,2502,
2022-01-17,401400972,2612,
2022-01-17,401400972,2099,
2022-01-17,401369738,159,
2022-01-17,401369738,108,
2022-01-17,401369260,2454,
2022-01-17,401369260,338,
2022-01-17,401369739,163,
2022-01-17,401369739,219,
2022-01-17,401365794,45,
2022-01-17,401365794,2244,
2022-01-17,401369971,47,
2022-01-17,401369971,87,
2022-01-17,401370850,2771,
2022-01-17,401370850,116,
2022-01-17,401370877,2597,
2022-01-17,401370877,112358,
2022-01-17,401365442,2275,
2022-01-17,401365442,2182,
2022-01-17,401402013,2379,
2022-01-17,401402013,2450,
2022-01-17,401365439,111,
2022-01-17,401365439,48,
2022-01-17,401402800,2619,
2022-01-17,401402800,2378,
2022-01-17,401405168,9,
2022-01-17,401405168,254,
2022-01-17,401369740,225,
2022-01-17,401369740,43,
2022-01-17,401364386,158,
2022-01-17,401364386,84,
2022-01-17,401378654,2296,
2022-01-17,401378654,2640,
2022-01-17,401368378,277,
2022-01-17,401368378,239,5.0
2022-01-17,401364388,130,
2022-01-17,401364388,120,
2022-01-17,401369655,42,
2022-01-17,401369655,160,
2022-01-17,401364872,145,
2022-01-17,401364872,142,
2022-01-17,401368379,251,23.0
2022-01-17,401368379,2306,
2022-01-17,401370011,183,
2022-01-17,401370011,228,
2022-01-17,401364874,238,
2022-01-17,401364874,2633,24.0
2022-01-17,401368380,2641,18.0
2022-01-17,401368380,66,15.0
2022-01-17,401364389,77,
2022-01-17,401364389,275,8.0
2022-01-17,401369882,52,
2022-01-17,401369882,150,6.0
2022-01-17,401373681,2934,
2022-01-17,401373681,13,
2022-01-17,401364741,278,
2022-01-17,401364741,328,
2022-01-17,401373342,349,
2022-01-17,401373342,44,
2022-01-17,401364875,57,
2022-01-17,401364875,344,
2022-01-17,401370723,2515,
2022-01-17,401370723,2261,
2022-01-17,401370724,2427,
2022-01-17,401370724,2448,
2022-01-17,401365527,2747,
2022-01-17,401365527,2643,
2022-01-17,401365528,2193,
2022-01-17,401365528,2382,
2022-01-17,401365529,231,
2022-01-17,401365529,2717,
2022-01-17,401367366,2674,
2022-01-17,401367366,2460,
2022-01-17,401369653,2378,
2022-01-17,401369653,399,
2022-01-17,401369654,2349,
2022-01-17,401369654,311,
2022-01-17,401377720,248,10.0
2022-01-17,401377720,58,
2022-01-17,401367362,339,
2022-01-17,401367362,2350,22.0
2022-01-17,401405189,2230,
2022-01-17,401405189,257,
2022-01-17,401370085,2390,
2022-01-17,401370085,153,
2022-01-17,401364873,8,
2022-01-17,401364873,2579,
2022-01-17,401365115,193,
2022-01-17,401365115,195,
2022-01-17,401365119,2649,
2022-01-17,401365119,2050,
2022-01-17,401365120,2199,
2022-01-17,401365120,2309,
2022-01-17,401369256,91,
2022-01-17,401369256,2453,
2022-01-17,401369258,2198,
2022-01-17,401369258,288,
2022-01-17,401369259,2335,
2022-01-17,401369259,294,
2022-01-17,401369261,56,
2022-01-17,401369261,526,
2022-01-17,401377721,151,
2022-01-17,401377721,2116,
2022-01-17,401369257,2110,
2022-01-17,401369257,55,
2022-01-17,401401114,2363,
2022-01-17,401401114,315,
2022-01-17,401402046,2670,
2022-01-17,401402046,2166,
2022-01-17,401402450,2405,
2022-01-17,401402450,314,
2022-01-17,401403071,2168,
2022-01-17,401403071,179,
2022-01-17,401403743,194,19.0
2022-01-17,401403743,85,
2022-01-17,401368377,201,
2022-01-17,401368377,2305,7.0
2022-01-17,401365116,2459,
2022-01-17,401365116,189,
2022-01-17,401373685,300,
2022-01-17,401373685,2239,
2022-01-17,401377423,254,
2022-01-17,401377423,26,9.0
2022-01-17,401373778,2450,
2022-01-17,401373778,2154,
2022-01-17,401373179,2504,
2022-01-17,401373179,2011,
2022-01-17,401376579,2582,
2022-01-17,401376579,2029,
2022-01-17,401372714,2348,
2022-01-17,401372714,5,
2022-01-17,401373074,2379,
2022-01-17,401373074,2569,
2022-01-17,401378597,2415,
2022-01-17,401378597,47,
2022-01-17,401364396,2294,
2022-01-17,401364396,213,
2022-01-17,401373055,2169,
2022-01-17,401373055,2428,
2022-01-17,401381759,2640,
2022-01-17,401381759,2010,
2022-01-17,401371183,2492,
2022-01-17,401371183,2539,
2022-01-17,401365347,2368,
2022-01-17,401365347,2217,
2022-01-17,401368285,2870,
2022-01-17,401368285,2754,
2022-01-17,401368284,325,
2022-01-17,401368284,2523,
2022-01-17,401377429,25,
2022-01-17,401377429,12,3.0
2022-01-17,401377428,24,
2022-01-17,401377428,9,
2022-01-17,401365674,2900,
2022-01-17,401365674,233,
2022-01-17,401373687,2463,
2022-01-17,401373687,27,
2022-01-17,401371226,279,
2022-01-17,401371226,301,
2022-01-17,401364744,21,
2022-01-17,401364744,68,
2022-01-17,401373556,2599,
2022-01-17,401373556,2550,
2022-01-17,401364397,135,
2022-01-17,401364397,164,
2022-01-17,401406558,2250,1.0
2022-01-17,401406558,2539,
2022-01-17,401377424,204,
2022-01-17,401377424,264,
2022-01-17,401365339,2363,
2022-01-17,401365339,2561,
2022-01-17,401365797,2184,
2022-01-17,401365797,179,
2022-01-17,401364393,120,
2022-01-17,401364393,356,17.0
2022-01-17,401365124,2084,
2022-01-17,401365124,2309,
2022-01-17,401364394,275,8.0
2022-01-17,401364394,127,14.0
2022-01-17,401373163,2755,
2022-01-17,401373163,2400,
2022-01-17,401365676,2172,
2022-01-17,401365676,2437,
2022-01-17,401369741,171,
2022-01-17,401369741,225,
2022-01-17,401369742,172,
2022-01-17,401369742,108,
2022-01-17,401372760,2393,
2022-01-17,401372760,2572,
2022-01-17,401377726,2116,
2022-01-17,401377726,2655,
2022-01-17,401381734,107,
2022-01-17,401381734,2083,
2022-01-17,401365673,2710,
2022-01-17,401365673,2571,
2022-01-24,401377440,265,
2022-01-24,401377440,38,
2022-01-24,401369268,526,
2022-01-24,401369268,2198,
2022-01-24,401373563,2550,
2022-01-24,401373563,269,22.0
2022-01-24,401369903,59,
2022-01-24,401369903,52,
2022-01-24,401369972,87,
2022-01-24,401369972,152,
2022-01-24,401377733,2655,
2022-01-24,401377733,202,
2022-01-24,401364892,99,19.0
2022-01-24,401364892,245,
2022-01-24,401371491,2547,
2022-01-24,401371491,2617,
2022-01-24,401371495,2856,
2022-01-24,401371495,2534,
2022-01-24,401377431,265,
2022-01-24,401377431,254,
2022-01-24,401378800,328,
2022-01-24,401378800,21,
2022-01-24,401364402,158,
2022-01-24,401364402,275,11.0
2022-01-24,401369269,294,
2022-01-24,401369269,288,
2022-01-24,401367470,2026,
2022-01-24,401367470,2032,
2022-01-24,401409590,2635,
2022-01-24,401409590,93,
2022-01-24,401365423,2210,
2022-01-24,401365423,2729,
2022-01-24,401365453,350,
2022-01-24,401365453,111,
2022-01-24,401365454,232,
2022-01-24,401365454,2275,
2022-01-24,401365455,256,
2022-01-24,401365455,2182,
2022-01-24,401367471,324,
2022-01-24,401367471,2031,
2022-01-24,401368286,2754,
2022-01-24,401368286,2739,
2022-01-24,401368287,2523,
2022-01-24,401368287,270,
2022-01-24,401365805,2166,25.0
2022-01-24,401365805,2670,
2022-01-24,401364404,84,
2022-01-24,401364404,213,
2022-01-24,401368390,197,
2022-01-24,401368390,66,23.0
2022-01-24,401377731,2724,
2022-01-24,401377731,2116,
2022-01-24,401370030,259,
2022-01-24,401370030,2390,
2022-01-24,401370732,2097,
2022-01-24,401370732,2261,
2022-01-24,401370733,2127,
2022-01-24,401370733,2506,
2022-01-24,401370735,2272,
2022-01-24,401370735,2515,
2022-01-24,401370736,2344,
2022-01-24,401370736,2448,
2022-01-24,401373100,2083,
2022-01-24,401373100,2426,
2022-01-24,401373344,44,
2022-01-24,401373344,107,
2022-01-24,401376564,2329,
2022-01-24,401376564,349,
2022-01-24,401377732,58,
2022-01-24,401377732,2567,
2022-01-24,401381751,322,
2022-01-24,401381751,104,
2022-01-24,401401509,2368,
2022-01-24,401401509,2612,
2022-01-24,401405311,160,
2022-01-24,401405311,311,
2022-01-24,401408653,2429,
2022-01-24,401408653,295,
2022-01-24,401365540,2535,
2022-01-24,401365540,2382,
2022-01-24,401365808,139,
2022-01-24,401365808,45,
2022-01-24,401367374,2287,
2022-01-24,401367374,2181,
2022-01-24,401368391,277,
2022-01-24,401368391,201,
2022-01-24,401371492,292,
2022-01-24,401371492,2000,
2022-01-24,401371493,2320,
2022-01-24,401371493,2627,
2022-01-24,401368289,2174,
2022-01-24,401368289,82,
2022-01-24,401369271,2335,
2022-01-24,401369271,2453,
2022-01-24,401372622,2502,
2022-01-24,401372622,253,
2022-01-24,401372449,149,
2022-01-24,401372449,70,
2022-01-24,401405381,2459,
2022-01-24,401405381,2050,
2022-01-24,401364405,135,
2022-01-24,401364405,194,16.0
2022-01-24,401371652,2377,
2022-01-24,401371652,2447,
2022-01-24,401371653,2466,
2022-01-24,401371653,2916,
2022-01-24,401373203,2046,
2022-01-24,401373203,2057,
2022-01-24,401373281,2565,
2022-01-24,401373281,2634,
2022-01-24,401365681,2172,
2022-01-24,401365681,140,
2022-01-24,401371654,2545,
2022-01-24,401371654,357,
2022-01-24,401372424,147,
2022-01-24,401372424,331,
2022-01-24,401372695,2638,
2022-01-24,401372695,2226,
2022-01-24,401370734,2427,
2022-01-24,401370734,2241,
2022-01-24,401372830,98,
2022-01-24,401372830,5,
2022-01-24,401373223,2630,
2022-01-24,401373223,2197,
2022-01-24,401373245,2546,
2022-01-24,401373245,2413,
2022-01-24,401373694,302,
2022-01-24,401373694,2239,
2022-01-24,401377734,235,
2022-01-24,401377734,151,
2022-01-24,401377432,26,7.0
2022-01-24,401377432,25,
2022-01-24,401364406,2294,
2022-01-24,401364406,2509,6.0
2022-01-24,401371184,2539,
2022-01-24,401371184,2608,
2022-01-24,401371227,2501,
2022-01-24,401371227,279,
2022-01-24,401402028,79,
2022-01-24,401402028,2350,
2022-01-24,401372847,2636,
2022-01-24,401372847,2229,
2022-01-24,401372771,2572,
2022-01-24,401372771,249,
2022-01-24,401372596,2458,
2022-01-24,401372596,2692,
2022-01-24,401370811,2803,
2022-01-24,401370811,2771,
2022-01-24,401370819,2115,
2022-01-24,401370819,112358,
2022-01-24,401370833,161,
2022-01-24,401370833,116,
2022-01-24,401370868,2529,
2022-01-24,401370868,2597,
2022-01-24,401370896,2681,
2022-01-24,401370896,2598,
2022-01-24,401372736,276,
2022-01-24,401372736,2393,
2022-01-24,401367473,2433,
2022-01-24,401367473,290,
2022-01-24,401369270,338,
2022-01-24,401369270,55,
2022-01-24,401369273,56,
2022-01-24,401369273,91,
2022-01-24,401372715,2348,
2022-01-24,401372715,242,
2022-01-24,401365678,2571,
2022-01-24,401365678,155,
2022-01-24,401365679,233,
2022-01-24,401365679,2449,
2022-01-24,401365680,2437,
2022-01-24,401365680,198,
2022-01-24,401367472,309,
2022-01-24,401367472,2247,
2022-01-24,401367474,6,
2022-01-24,401367474,2653,
2022-01-24,401367475,250,
2022-01-24,401367475,326,
2022-01-24,401369272,2454,
2022-01-24,401369272,2110,
2022-01-24,401371494,2130,
2022-01-24,401371494,3084,
2022-01-24,401371651,2277,
2022-01-24,401371651,2443,
2022-01-24,401369955,153,
2022-01-24,401369955,103,
2022-01-24,401369667,2619,
2022-01-24,401369667,261,
2022-01-24,401369666,2378,
2022-01-24,401369666,2885,
2022-01-24,401402465,2541,
2022-01-24,401402465,301,
2022-01-24,401405378,2464,
2022-01-24,401405378,16,
2022-01-24,401373164,2755,
2022-01-24,401373164,2029,
2022-01-24,401373180,2504,
2022-01-24,401373180,2010,
2022-01-24,401380977,2582,
2022-01-24,401380977,2400,
2022-01-24,401382339,2640,
2022-01-24,401382339,2011,
2022-01-24,401398906,2550,
2022-01-24,401398906,2599,
2022-01-24,401403778,304,
2022-01-24,401403778,331,
2022-01-24,401369665,42,
2022-01-24,401369665,2066,
2022-01-24,401408372,21,
2022-01-24,401408372,2439,
2022-01-24,401368387,2305,5.0
2022-01-24,401368387,2641,13.0
2022-01-24,401405169,30,15.0
2022-01-24,401405169,9,
2022-01-24,401364886,61,
2022-01-24,401364886,333,
2022-01-24,401365804,227,
2022-01-24,401365804,257,
2022-01-24,401365127,2050,
2022-01-24,401365127,193,
2022-01-24,401365128,2649,
2022-01-24,401365128,2084,
2022-01-24,401365129,2309,
2022-01-24,401365129,2711,
2022-01-24,401373779,2154,
2022-01-24,401373779,47,
2022-01-24,401373143,50,
2022-01-24,401373143,2296,
2022-01-24,401403744,154,
2022-01-24,401403744,103,
2022-01-24,401406797,2272,
2022-01-24,401406797,2737,
2022-01-24,401370048,258,
2022-01-24,401370048,97,
2022-01-24,401378598,2450,
2022-01-24,401378598,2415,
2022-01-24,401381852,2142,
2022-01-24,401381852,2352,
2022-01-24,401402610,48,
2022-01-24,401402610,119,
2022-01-24,401403796,145,
2022-01-24,401403796,57,
2022-01-24,401406708,2244,
2022-01-24,401406708,2603,
2022-01-24,401408013,2710,
2022-01-24,401408013,233,
2022-01-24,401373056,2169,
2022-01-24,401373056,2569,
2022-01-24,401373075,2379,
2022-01-24,401373075,2428,
2022-01-24,401373121,2065,
2022-01-24,401373121,2016,
2022-01-24,401365130,2117,
2022-01-24,401365130,2006,
2022-01-24,401365131,189,
2022-01-24,401365131,2199,
2022-01-24,401365132,195,
2022-01-24,401365132,2459,
2022-01-24,401364752,23,
2022-01-24,401364752,2005,
2022-01-24,401408541,2483,
2022-01-24,401408541,38,
2022-01-24,401405170,26,7.0
2022-01-24,401405170,12,3.0
2022-01-24,401370737,2908,
2022-01-24,401370737,2737,
2022-01-24,401364889,2633,18.0
2022-01-24,401364889,57,
2022-01-24,401364403,130,
2022-01-24,401364403,77,
2022-01-24,401373564,2086,
2022-01-24,401373564,156,
2022-01-24,401373565,2752,21.0
2022-01-24,401373565,2507,17.0
2022-01-24,401364890,145,
2022-01-24,401364890,8,
2022-01-24,401364891,2579,
2022-01-24,401364891,238,
2022-01-24,401365537,2643,
2022-01-24,401365537,2717,
2022-01-24,401365538,2193,
2022-01-24,401365538,2430,
2022-01-24,401365539,231,
2022-01-24,401365539,2678,
2022-01-24,401365541,236,
2022-01-24,401365541,2747,
2022-01-24,401365806,2603,
2022-01-24,401365806,2184,
2022-01-24,401365807,2244,
2022-01-24,401365807,179,
2022-01-24,401365809,2325,
2022-01-24,401365809,113,
2022-01-24,401367375,339,
2022-01-24,401367375,2460,
2022-01-24,401367376,2674,
2022-01-24,401367376,71,
2022-01-24,401369664,2349,
2022-01-24,401369664,399,
2022-01-24,401373692,2463,
2022-01-24,401373692,2540,
2022-01-24,401364888,96,12.0
2022-01-24,401364888,344,
2022-01-24,401367372,282,
2022-01-24,401367372,2623,
2022-01-24,401368389,2628,
2022-01-24,401368389,251,
2022-01-24,401377730,218,
2022-01-24,401377730,2132,
2022-01-24,401400931,314,
2022-01-24,401400931,2561,
2022-01-24,401402156,43,
2022-01-24,401402156,171,
2022-01-24,401403072,2168,
2022-01-24,401403072,2230,
2022-01-24,401408650,94,
2022-01-24,401408650,2750,
2022-01-24,401373561,222,14.0
2022-01-24,401373561,305,
2022-01-24,401364401,356,24.0
2022-01-24,401364401,127,10.0
2022-01-24,401369865,150,9.0
2022-01-24,401369865,228,
2022-01-24,401364400,164,
2022-01-24,401364400,120,
2022-01-24,401369992,221,
2022-01-24,401369992,183,
2022-01-24,401406705,2449,
2022-01-24,401406705,2900,
2022-01-24,401368388,239,4.0
2022-01-24,401368388,2306,
2022-01-24,401373562,41,20.0
2022-01-24,401373562,46,
2022-01-24,401364887,142,
2022-01-24,401364887,2,1.0
2022-01-24,401364749,68,
2022-01-24,401364749,2751,
2022-01-24,401364750,167,
2022-01-24,401364750,278,
2022-01-24,401364751,36,
2022-01-24,401364751,2440,
2022-01-24,401373695,27,
2022-01-24,401373695,299,
2022-01-24,401373696,28,
2022-01-24,401373696,13,
2022-01-24,401371230,2351,
2022-01-24,401371230,301,
2022-01-24,401369748,163,
2022-01-24,401369748,43,
2022-01-24,401377436,264,
2022-01-24,401377436,254,
2022-01-24,401371231,2608,
2022-01-24,401371231,2492,
2022-01-24,401368296,94,
2022-01-24,401368296,325,
2022-01-24,401365353,2520,
2022-01-24,401365353,2099,
2022-01-24,401365354,2405,
2022-01-24,401365354,315,
2022-01-24,401365356,2363,
2022-01-24,401365356,2368,
2022-01-24,401365357,2561,
2022-01-24,401365357,2514,
2022-01-24,401368297,2750,
2022-01-24,401368297,2870,
2022-01-24,401369745,225,
2022-01-24,401369745,172,
2022-01-24,401377738,2116,
2022-01-24,401377738,248,7.0
2022-01-24,401371498,166,
2022-01-24,401371498,2253,
2022-01-24,401373701,300,
2022-01-24,401373701,13,
2022-01-24,401371229,2250,2.0
2022-01-24,401371229,2501,
2022-01-24,401371315,279,
2022-01-24,401371315,252,
2022-01-24,401377438,26,7.0
2022-01-24,401377438,24,
2022-01-24,401373702,28,
2022-01-24,401373702,2934,
2022-01-24,401377439,2483,
2022-01-24,401377439,204,
2022-01-24,401373698,62,
2022-01-24,401373698,2540,
2022-01-24,401369747,108,
2022-01-24,401369747,219,
2022-01-24,401365350,2520,
2022-01-24,401365350,2217,
2022-01-24,401369746,171,
2022-01-24,401369746,159,
2022-01-24,401368295,2473,
2022-01-24,401368295,82,
2022-01-24,401371497,2130,
2022-01-24,401371497,3101,
2022-01-31,401408921,278,
2022-01-31,401408921,2751,
2022-01-31,401365690,140,
2022-01-31,401365690,2900,
2022-01-31,401365464,2275,
2022-01-31,401365464,119,
2022-01-31,401367484,2247,
2022-01-31,401367484,2653,
2022-01-31,401367485,290,
2022-01-31,401367485,6,
2022-01-31,401368301,85,
2022-01-31,401368301,2754,
2022-01-31,401370749,2737,
2022-01-31,401370749,2448,
2022-01-31,401370820,2115,
2022-01-31,401370820,2681,
2022-01-31,401370842,112358,
2022-01-31,401370842,2529,
2022-01-31,401370861,116,
2022-01-31,401370861,2771,
2022-01-31,401370879,2597,
2022-01-31,401370879,161,
2022-01-31,401370887,2598,
2022-01-31,401370887,2803,
2022-01-31,401372664,2429,
2022-01-31,401372664,98,
2022-01-31,401372697,2226,
2022-01-31,401372697,2348,
2022-01-31,401372814,2229,
2022-01-31,401372814,2572,
2022-01-31,401377743,2116,
2022-01-31,401377743,58,
2022-01-31,401410513,2117,
2022-01-31,401410513,2711,
2022-01-31,401371504,2617,
2022-01-31,401371504,3084,
2022-01-31,401371505,2534,
2022-01-31,401371505,3101,
2022-01-31,401365687,155,
2022-01-31,401365687,2172,
2022-01-31,401365688,2449,
2022-01-31,401365688,2437,
2022-01-31,401365463,2210,
2022-01-31,401365463,350,
2022-01-31,401365462,111,
2022-01-31,401365462,256,
2022-01-31,401365461,2729,
2022-01-31,401365461,232,
2022-01-31,401373574,269,24.0
2022-01-31,401373574,222,12.0
2022-01-31,401371503,292,
2022-01-31,401371503,2320,
2022-01-31,401377742,248,6.0
2022-01-31,401377742,2655,
2022-01-31,401365819,2670,
2022-01-31,401365819,2168,
2022-01-31,401367386,79,
2022-01-31,401367386,2623,
2022-01-31,401368396,2306,
2022-01-31,401368396,197,
2022-01-31,401370031,259,
2022-01-31,401370031,59,
2022-01-31,401370107,152,
2022-01-31,401370107,183,
2022-01-31,401364418,356,18.0
2022-01-31,401364418,275,11.0
2022-01-31,401369280,91,
2022-01-31,401369280,2335,
2022-01-31,401367486,2031,
2022-01-31,401367486,309,
2022-01-31,401373247,2413,
2022-01-31,401373247,2635,
2022-01-31,401408074,195,
2022-01-31,401408074,2199,
2022-01-31,401369282,2198,
2022-01-31,401369282,338,
2022-01-31,401373205,2046,
2022-01-31,401373205,93,
2022-01-31,401373292,2630,
2022-01-31,401373292,2546,
2022-01-31,401365466,48,
2022-01-31,401365466,2182,
2022-01-31,401367482,326,
2022-01-31,401367482,2026,
2022-01-31,401402004,46,
2022-01-31,401402004,2599,
2022-01-31,401365689,198,
2022-01-31,401365689,2710,
2022-01-31,401367487,2032,
2022-01-31,401367487,2433,
2022-01-31,401367384,2350,
2022-01-31,401367384,2287,
2022-01-31,401368300,82,
2022-01-31,401368300,2523,
2022-01-31,401408370,301,
2022-01-31,401408370,2250,2.0
2022-01-31,401371185,252,
2022-01-31,401371185,2539,
2022-01-31,401372581,16,
2022-01-31,401372581,2464,
2022-01-31,401373704,2463,
2022-01-31,401373704,28,
2022-01-31,401373705,2239,
2022-01-31,401373705,13,
2022-01-31,401373706,2540,
2022-01-31,401373706,300,
2022-01-31,401373707,299,
2022-01-31,401373707,2934,
2022-01-31,401377445,38,
2022-01-31,401377445,2483,
2022-01-31,401408053,279,
2022-01-31,401408053,2492,
2022-01-31,401371232,2501,
2022-01-31,401371232,2608,
2022-01-31,401373708,27,
2022-01-31,401373708,62,
2022-01-31,401377446,25,
2022-01-31,401377446,264,
2022-01-31,401377442,9,
2022-01-31,401377442,30,19.0
2022-01-31,401369749,43,
2022-01-31,401369749,159,
2022-01-31,401365552,2678,
2022-01-31,401365552,2717,
2022-01-31,401365823,257,
2022-01-31,401365823,179,
2022-01-31,401409399,2006,
2022-01-31,401409399,193,
2022-01-31,401365358,2405,
2022-01-31,401365358,2217,
2022-01-31,401365359,315,
2022-01-31,401365359,2363,
2022-01-31,401408920,328,
2022-01-31,401408920,23,
2022-01-31,401408919,2751,
2022-01-31,401408919,68,
2022-01-31,401377444,254,
2022-01-31,401377444,204,
2022-01-31,401371660,357,
2022-01-31,401371660,2443,
2022-01-31,401371658,2277,
2022-01-31,401371658,2466,
2022-01-31,401372597,2458,
2022-01-31,401372597,2502,
2022-01-31,401372738,295,
2022-01-31,401372738,276,
2022-01-31,401372797,242,
2022-01-31,401372797,2636,
2022-01-31,401377441,12,7.0
2022-01-31,401377441,26,3.0
2022-01-31,401369284,288,
2022-01-31,401369284,56,
2022-01-31,401369283,55,
2022-01-31,401369283,2454,
2022-01-31,401371659,2377,
2022-01-31,401371659,2545,
2022-01-31,401369281,2110,
2022-01-31,401369281,526,
2022-01-31,401377443,24,
2022-01-31,401377443,265,
2022-01-31,401369285,2453,
2022-01-31,401369285,294,
2022-01-31,401371153,2541,
2022-01-31,401371153,2351,
2022-01-31,401371506,166,
2022-01-31,401371506,2856,
2022-01-31,401371507,2253,
2022-01-31,401371507,2547,
2022-01-31,401372451,253,
2022-01-31,401372451,70,
2022-01-31,401372516,2692,
2022-01-31,401372516,149,
2022-01-31,401373267,2634,
2022-01-31,401373267,2057,
2022-01-31,401373864,2916,
2022-01-31,401373864,2447,
2022-01-31,401367385,2460,
2022-01-31,401367385,71,
2022-01-31,401365550,2535,
2022-01-31,401365550,236,
2022-01-31,401365361,2561,
2022-01-31,401365361,2520,
2022-01-31,401370118,97,
2022-01-31,401370118,153,
2022-01-31,401380993,2428,
2022-01-31,401380993,2450,
2022-01-31,401403779,2692,
2022-01-31,401403779,331,
2022-01-31,401368392,239,8.0
2022-01-31,401368392,277,
2022-01-31,401364759,21,
2022-01-31,401364759,167,
2022-01-31,401370049,258,
2022-01-31,401370049,103,
2022-01-31,401373571,41,17.0
2022-01-31,401373571,156,
2022-01-31,401364416,77,
2022-01-31,401364416,164,
2022-01-31,401364903,344,
2022-01-31,401364903,2579,
2022-01-31,401365140,193,
2022-01-31,401365140,2309,
2022-01-31,401365141,2117,
2022-01-31,401365141,189,
2022-01-31,401365142,2199,
2022-01-31,401365142,2649,
2022-01-31,401365143,195,
2022-01-31,401365143,2050,
2022-01-31,401365144,2711,
2022-01-31,401365144,2459,
2022-01-31,401365817,179,
2022-01-31,401365817,2166,
2022-01-31,401365818,2184,
2022-01-31,401365818,257,
2022-01-31,401401113,2561,
2022-01-31,401401113,2099,
2022-01-31,401364904,2633,22.0
2022-01-31,401364904,245,
2022-01-31,401364414,120,
2022-01-31,401364414,127,13.0
2022-01-31,401373145,2011,
2022-01-31,401373145,50,
2022-01-31,401368393,201,
2022-01-31,401368393,2628,
2022-01-31,401402880,311,
2022-01-31,401402880,42,
2022-01-31,401364413,213,
2022-01-31,401364413,2294,
2022-01-31,401365548,2382,
2022-01-31,401365548,2747,
2022-01-31,401373197,2046,
2022-01-31,401373197,2565,
2022-01-31,401381853,104,
2022-01-31,401381853,107,
2022-01-31,401402803,261,
2022-01-31,401402803,399,
2022-01-31,401378656,2296,
2022-01-31,401378656,2582,
2022-01-31,401403746,87,
2022-01-31,401403746,150,9.0
2022-01-31,401373077,2379,
2022-01-31,401373077,2415,
2022-01-31,401381692,2569,
2022-01-31,401381692,47,
2022-01-31,401364758,2751,
2022-01-31,401364758,36,
2022-01-31,401381760,2010,
2022-01-31,401381760,2065,
2022-01-31,401402035,155,
2022-01-31,401402035,2571,
2022-01-31,401373123,2016,
2022-01-31,401373123,2755,
2022-01-31,401368394,66,20.0
2022-01-31,401368394,2305,10.0
2022-01-31,401373572,46,
2022-01-31,401373572,2550,
2022-01-31,401373058,2169,
2022-01-31,401373058,2154,
2022-01-31,401364415,130,
2022-01-31,401364415,158,
2022-01-31,401369672,2619,
2022-01-31,401369672,2066,
2022-01-31,401369673,160,
2022-01-31,401369673,42,
2022-01-31,401369674,399,
2022-01-31,401369674,2378,
2022-01-31,401369675,311,
2022-01-31,401369675,2349,
2022-01-31,401369676,261,
2022-01-31,401369676,2885,
2022-01-31,401369937,228,
2022-01-31,401369937,52,
2022-01-31,401370068,154,
2022-01-31,401370068,221,
2022-01-31,401370087,2390,
2022-01-31,401370087,87,
2022-01-31,401370744,2506,
2022-01-31,401370744,2097,
2022-01-31,401370746,2272,
2022-01-31,401370746,2241,
2022-01-31,401370748,2261,
2022-01-31,401370748,2908,
2022-01-31,401373102,2329,
2022-01-31,401373102,2426,
2022-01-31,401377741,151,
2022-01-31,401377741,218,
2022-01-31,401381722,2142,
2022-01-31,401381722,2083,
2022-01-31,401381747,2352,
2022-01-31,401381747,349,
2022-01-31,401386003,322,
2022-01-31,401386003,44,
2022-01-31,401373575,2752,21.0
2022-01-31,401373575,2086,
2022-01-31,401364908,96,5.0
2022-01-31,401364908,238,
2022-01-31,401364417,135,
2022-01-31,401364417,2509,4.0
2022-01-31,401367383,282,
2022-01-31,401367383,2181,
2022-01-31,401365822,45,
2022-01-31,401365822,2325,
2022-01-31,401365821,2244,
2022-01-31,401365821,139,
2022-01-31,401364761,2439,
2022-01-31,401364761,2440,
2022-01-31,401364762,328,
2022-01-31,401364762,2005,
2022-01-31,401377740,2724,
2022-01-31,401377740,202,
2022-01-31,401364906,99,25.0
2022-01-31,401364906,145,
2022-01-31,401373573,2599,
2022-01-31,401373573,2507,15.0
2022-01-31,401368395,2641,14.0
2022-01-31,401368395,251,23.0
2022-01-31,401364905,2,1.0
2022-01-31,401364905,333,
2022-01-31,401373703,27,
2022-01-31,401373703,302,
2022-01-31,401365820,2230,
2022-01-31,401365820,227,
2022-01-31,401364909,142,
2022-01-31,401364909,57,
2022-01-31,401371502,2000,
2022-01-31,401371502,2130,
2022-01-31,401370745,2515,
2022-01-31,401370745,2127,
2022-01-31,401370747,2427,
2022-01-31,401370747,2344,
2022-01-31,401364907,61,
2022-01-31,401364907,8,
2022-01-31,401365547,231,
2022-01-31,401365547,2643,
2022-01-31,401365549,2430,
2022-01-31,401365549,2678,
2022-01-31,401365551,2717,
2022-01-31,401365551,2193,
2022-01-31,401377749,2132,
2022-01-31,401377749,248,6.0
2022-01-31,401365360,2099,
2022-01-31,401365360,314,
2022-01-31,401365362,2612,
2022-01-31,401365362,2514,
2022-01-31,401372773,249,
2022-01-31,401372773,2636,
2022-01-31,401377747,2724,
2022-01-31,401377747,2567,
2022-01-31,401373124,2029,
2022-01-31,401373124,2016,
2022-01-31,401367390,2674,
2022-01-31,401367390,282,
2022-01-31,401368304,94,
2022-01-31,401368304,2174,
2022-01-31,401368305,2750,
2022-01-31,401368305,2473,
2022-01-31,401369754,43,
2022-01-31,401369754,108,
2022-01-31,401369756,171,
2022-01-31,401369756,163,
2022-01-31,401369755,172,
2022-01-31,401369755,219,
2022-01-31,401369753,225,
2022-01-31,401369753,159,
2022-01-31,401373226,2546,
2022-01-31,401373226,2197,
2022-01-31,401378657,2400,
2022-01-31,401378657,2296,
2022-01-31,401367489,326,
2022-01-31,401367489,324,
2022-01-31,401367488,250,
2022-01-31,401367488,2026,
2022-01-31,401373146,50,
2022-01-31,401373146,2640,
2022-01-31,401364425,194,16.0
2022-01-31,401364425,120,
2022-01-31,401365364,2612,
2022-01-31,401365364,2368,
2022-01-31,401368308,2870,
2022-01-31,401368308,2739,
2022-01-31,401368309,325,
2022-01-31,401368309,270,
2022-01-31,401371509,2627,
2022-01-31,401371509,2130,
2022-01-31,401365692,233,
2022-01-31,401365692,2571,
2022-01-31,401372498,304,
2022-01-31,401372498,149,
2022-01-31,401372538,2692,
2022-01-31,401372538,147,
2022-01-31,401377748,235,
2022-01-31,401377748,2116,
2022-01-31,401365829,227,
2022-01-31,401365829,113,
2022-01-31,401367387,339,
2022-01-31,401367387,71,
2022-01-31,401365827,2603,
2022-01-31,401365827,2230,
2022-01-31,401364420,84,
2022-01-31,401364420,356,18.0
2022-01-31,401365146,2117,
2022-01-31,401365146,2084,
2022-01-31,401373182,2065,
2022-01-31,401373182,2504,
2022-01-31,401372762,5,
2022-01-31,401372762,2393,
2022-01-31,401373579,2752,21.0
2022-01-31,401373579,305,
2022-01-31,401372798,242,
2022-01-31,401372798,2638,
2022-02-07,401410964,68,
2022-02-07,401410964,36,
2022-02-07,401364768,23,
2022-02-07,401364768,21,
2022-02-07,401377752,235,
2022-02-07,401377752,2655,
2022-02-07,401368405,2306,
2022-02-07,401368405,239,10.0
2022-02-07,401364923,145,
2022-02-07,401364923,333,
2022-02-07,401364430,158,
2022-02-07,401364430,135,
2022-02-07,401367392,71,
2022-02-07,401367392,2350,
2022-02-07,401369885,52,
2022-02-07,401369885,221,
2022-02-07,401373585,305,
2022-02-07,401373585,46,
2022-02-07,401364922,344,
2022-02-07,401364922,2633,19.0
2022-02-07,401368406,201,
2022-02-07,401368406,2641,9.0
2022-02-07,401377453,204,
2022-02-07,401377453,25,
2022-02-07,401367495,324,
2022-02-07,401367495,2247,
2022-02-07,401365472,119,
2022-02-07,401365472,2729,
2022-02-07,401370898,2681,
2022-02-07,401370898,116,
2022-02-07,401367494,2026,
2022-02-07,401367494,290,
2022-02-07,401364433,120,
2022-02-07,401364433,2294,
2022-02-07,401365470,256,
2022-02-07,401365470,2210,
2022-02-07,401365471,48,
2022-02-07,401365471,111,
2022-02-07,401365473,2182,
2022-02-07,401365473,2275,
2022-02-07,401365560,2430,
2022-02-07,401365560,2643,
2022-02-07,401365561,2678,
2022-02-07,401365561,2382,
2022-02-07,401368313,2739,
2022-02-07,401368313,2750,
2022-02-07,401368312,270,
2022-02-07,401368312,94,
2022-02-07,401367396,2460,
2022-02-07,401367396,79,
2022-02-07,401367394,2287,
2022-02-07,401367394,2674,
2022-02-07,401370756,2097,
2022-02-07,401370756,2241,
2022-02-07,401370757,2448,
2022-02-07,401370757,2127,
2022-02-07,401370759,2506,
2022-02-07,401370759,2272,
2022-02-07,401370761,2737,
2022-02-07,401370761,2515,
2022-02-07,401373346,2083,
2022-02-07,401373346,44,
2022-02-07,401376567,2142,
2022-02-07,401376567,2329,
2022-02-07,401377753,58,
2022-02-07,401377753,2132,
2022-02-07,401381737,107,
2022-02-07,401381737,2352,
2022-02-07,401381752,104,
2022-02-07,401381752,349,
2022-02-07,401404420,108,
2022-02-07,401404420,43,
2022-02-07,401373584,2550,
2022-02-07,401373584,2752,25.0
2022-02-07,401364431,164,
2022-02-07,401364431,194,16.0
2022-02-07,401377754,2567,
2022-02-07,401377754,248,6.0
2022-02-07,401369292,526,
2022-02-07,401369292,2453,
2022-02-07,401369294,338,
2022-02-07,401369294,2110,
2022-02-07,401369297,56,
2022-02-07,401369297,55,
2022-02-07,401402014,2169,
2022-02-07,401402014,2379,
2022-02-07,401365558,2535,
2022-02-07,401365558,2747,
2022-02-07,401367393,2181,
2022-02-07,401367393,2623,
2022-02-07,401365696,2710,
2022-02-07,401365696,2449,
2022-02-07,401367499,2653,
2022-02-07,401367499,2032,
2022-02-07,401370088,2390,
2022-02-07,401370088,59,
2022-02-07,401372452,70,
2022-02-07,401372452,304,
2022-02-07,401373865,2447,
2022-02-07,401373865,2916,
2022-02-07,401408050,228,
2022-02-07,401408050,150,7.0
2022-02-07,401371665,2466,
2022-02-07,401371665,2277,
2022-02-07,401373207,2046,
2022-02-07,401373207,2546,
2022-02-07,401373227,2197,
2022-02-07,401373227,2635,
2022-02-07,401376554,2634,
2022-02-07,401376554,93,23.0
2022-02-07,401365699,2172,
2022-02-07,401365699,2571,
2022-02-07,401371517,3101,
2022-02-07,401371517,166,
2022-02-07,401372427,331,
2022-02-07,401372427,2692,
2022-02-07,401372517,149,
2022-02-07,401372517,2464,
2022-02-07,401368314,2870,
2022-02-07,401368314,85,
2022-02-07,401372539,147,
2022-02-07,401372539,2502,
2022-02-07,401377454,2483,
2022-02-07,401377454,24,
2022-02-07,401371234,2608,22.0
2022-02-07,401371234,301,
2022-02-07,401377455,265,
2022-02-07,401377455,12,4.0
2022-02-07,401409769,130,
2022-02-07,401409769,2509,3.0
2022-02-07,401371319,2250,2.0
2022-02-07,401371319,279,
2022-02-07,401371666,2545,
2022-02-07,401371666,2377,
2022-02-07,401371515,2547,
2022-02-07,401371515,292,
2022-02-07,401371518,2856,
2022-02-07,401371518,2320,
2022-02-07,401373284,2565,
2022-02-07,401373284,2630,
2022-02-07,401373248,2057,
2022-02-07,401373248,2413,
2022-02-07,401372699,98,
2022-02-07,401372699,2226,
2022-02-07,401371664,2443,
2022-02-07,401371664,357,
2022-02-07,401368315,325,
2022-02-07,401368315,82,
2022-02-07,401370760,2344,
2022-02-07,401370760,2908,
2022-02-07,401370835,161,
2022-02-07,401370835,2598,
2022-02-07,401370843,112358,
2022-02-07,401370843,2597,
2022-02-07,401370853,2771,
2022-02-07,401370853,2115,
2022-02-07,401370870,2529,
2022-02-07,401370870,2803,
2022-02-07,401372666,2429,
2022-02-07,401372666,2348,
2022-02-07,401372739,276,
2022-02-07,401372739,2229,
2022-02-07,401372763,2393,
2022-02-07,401372763,295,
2022-02-07,401372815,5,
2022-02-07,401372815,2572,
2022-02-07,401403772,339,
2022-02-07,401403772,282,
2022-02-07,401410514,2117,
2022-02-07,401410514,195,
2022-02-07,401367497,2433,
2022-02-07,401367497,250,
2022-02-07,401365697,2437,
2022-02-07,401365697,233,
2022-02-07,401365698,2900,
2022-02-07,401365698,155,
2022-02-07,401367496,6,
2022-02-07,401367496,2031,
2022-02-07,401367498,309,
2022-02-07,401367498,326,
2022-02-07,401371514,2130,
2022-02-07,401371514,2617,
2022-02-07,401371516,3084,
2022-02-07,401371516,2253,
2022-02-07,401370109,152,
2022-02-07,401370109,154,
2022-02-07,401369974,87,
2022-02-07,401369974,97,
2022-02-07,401373716,13,
2022-02-07,401373716,2463,
2022-02-07,401405791,2458,
2022-02-07,401405791,2464,
2022-02-07,401413308,2569,
2022-02-07,401413308,2428,
2022-02-07,401373125,2400,
2022-02-07,401373125,2016,
2022-02-07,401376581,2029,
2022-02-07,401376581,2296,
2022-02-07,401373167,2755,
2022-02-07,401373167,2010,
2022-02-07,401380979,2582,
2022-02-07,401380979,2011,
2022-02-07,401405382,149,
2022-02-07,401405382,253,
2022-02-07,401368402,251,20.0
2022-02-07,401368402,2305,8.0
2022-02-07,401408904,9,
2022-02-07,401408904,12,4.0
2022-02-07,401369938,228,
2022-02-07,401369938,153,
2022-02-07,401368403,277,
2022-02-07,401368403,66,
2022-02-07,401373582,41,24.0
2022-02-07,401373582,269,18.0
2022-02-07,401364919,245,
2022-02-07,401364919,99,
2022-02-07,401365151,2084,
2022-02-07,401365151,2199,
2022-02-07,401365152,2309,
2022-02-07,401365152,189,
2022-02-07,401365153,193,
2022-02-07,401365153,2711,
2022-02-07,401365154,2649,
2022-02-07,401365154,195,
2022-02-07,401365155,2050,
2022-02-07,401365155,2117,
2022-02-07,401365830,2325,
2022-02-07,401365830,139,
2022-02-07,401372772,249,
2022-02-07,401372772,2638,
2022-02-07,401408032,2349,
2022-02-07,401408032,42,
2022-02-07,401365557,2193,
2022-02-07,401365557,231,
2022-02-07,401373104,2426,
2022-02-07,401373104,322,
2022-02-07,401402061,2717,
2022-02-07,401402061,2430,
2022-02-07,401402062,2382,
2022-02-07,401402062,236,
2022-02-07,401405755,2619,
2022-02-07,401405755,160,
2022-02-07,401405810,259,
2022-02-07,401405810,221,
2022-02-07,401408030,2393,
2022-02-07,401408030,2636,
2022-02-07,401408910,257,
2022-02-07,401408910,2244,
2022-02-07,401409433,2261,
2022-02-07,401409433,2506,
2022-02-07,401410563,58,
2022-02-07,401410563,218,
2022-02-07,401369866,150,7.0
2022-02-07,401369866,258,
2022-02-07,401373147,50,
2022-02-07,401373147,2504,
2022-02-07,401381769,2065,
2022-02-07,401381769,2640,
2022-02-07,401401499,2169,
2022-02-07,401401499,47,
2022-02-07,401365831,2670,
2022-02-07,401365831,227,
2022-02-07,401368404,2628,
2022-02-07,401368404,197,
2022-02-07,401369686,160,
2022-02-07,401369686,2885,
2022-02-07,401365833,2168,
2022-02-07,401365833,2184,
2022-02-07,401364769,2440,
2022-02-07,401364769,36,
2022-02-07,401402453,2541,
2022-02-07,401402453,2608,22.0
2022-02-07,401408897,24,
2022-02-07,401408897,26,12.0
2022-02-07,401409435,172,
2022-02-07,401409435,171,
2022-02-07,401364921,57,
2022-02-07,401364921,61,
2022-02-07,401370758,2427,
2022-02-07,401370758,2261,
2022-02-07,401365368,2217,
2022-02-07,401365368,2514,
2022-02-07,401365832,2166,
2022-02-07,401365832,2603,
2022-02-07,401369295,2335,
2022-02-07,401369295,288,
2022-02-07,401365835,113,
2022-02-07,401365835,45,
2022-02-07,401368310,2523,
2022-02-07,401368310,2174,
2022-02-07,401368311,2754,
2022-02-07,401368311,2473,
2022-02-07,401369293,294,
2022-02-07,401369293,2198,
2022-02-07,401369296,2454,
2022-02-07,401369296,91,
2022-02-07,401369682,261,
2022-02-07,401369682,2066,
2022-02-07,401369683,2378,
2022-02-07,401369683,42,
2022-02-07,401369684,399,
2022-02-07,401369684,311,
2022-02-07,401411670,30,21.0
2022-02-07,401411670,279,
2022-02-07,401411940,2539,
2022-02-07,401411940,2501,
2022-02-07,401373714,299,
2022-02-07,401373714,2239,
2022-02-07,401364771,2439,
2022-02-07,401364771,2005,
2022-02-07,401402048,179,
2022-02-07,401402048,2230,
2022-02-07,401402451,2405,
2022-02-07,401402451,2368,
2022-02-07,401403666,2520,
2022-02-07,401403666,2363,
2022-02-07,401364429,127,17.0
2022-02-07,401364429,275,14.0
2022-02-07,401364918,2579,
2022-02-07,401364918,96,5.0
2022-02-07,401364917,8,
2022-02-07,401364917,2,1.0
2022-02-07,401365156,2459,
2022-02-07,401365156,2006,
2022-02-07,401369921,103,
2022-02-07,401369921,183,
2022-02-07,401377750,202,
2022-02-07,401377750,151,
2022-02-07,401402037,2900,
2022-02-07,401402037,140,
2022-02-07,401373581,2599,
2022-02-07,401373581,222,15.0
2022-02-07,401364427,77,
2022-02-07,401364427,84,
2022-02-07,401364428,213,
2022-02-07,401364428,130,
2022-02-07,401364772,2751,
2022-02-07,401364772,328,
2022-02-07,401364920,238,
2022-02-07,401364920,142,
2022-02-07,401373583,156,
2022-02-07,401373583,2086,
2022-02-07,401377751,2116,
2022-02-07,401377751,2724,
2022-02-07,401364432,2509,3.0
2022-02-07,401364432,356,13.0
2022-02-07,401372598,16,
2022-02-07,401372598,2458,
2022-02-07,401373717,2934,
2022-02-07,401373717,2540,
2022-02-07,401373078,2450,
2022-02-07,401373078,2379,
2022-02-07,401377458,264,
2022-02-07,401377458,12,4.0
2022-02-07,401373589,2507,11.0
2022-02-07,401373589,305,
2022-02-07,401365373,2368,
2022-02-07,401365373,2099,
2022-02-07,401365474,350,
2022-02-07,401365474,232,
2022-02-07,401373720,62,
2022-02-07,401373720,2239,
2022-02-07,401365374,2520,
2022-02-07,401365374,2561,
2022-02-07,401365375,314,
2022-02-07,401365375,2405,
2022-02-07,401365704,198,
2022-02-07,401365704,140,
2022-02-07,401371519,2627,
2022-02-07,401371519,2000,
2022-02-07,401377459,38,
2022-02-07,401377459,254,
2022-02-07,401371236,2501,
2022-02-07,401371236,2351,
2022-02-07,401371321,2492,
2022-02-07,401371321,252,
2022-02-07,401373719,300,
2022-02-07,401373719,27,
2022-02-07,401365372,2217,
2022-02-07,401365372,315,
2022-02-07,401369757,172,
2022-02-07,401369757,225,
2022-02-07,401365370,2612,
2022-02-07,401365370,2520,
2022-02-07,401364775,36,
2022-02-07,401364775,278,
2022-02-07,401369759,219,
2022-02-07,401369759,108,
2022-02-07,401369758,163,
2022-02-07,401369758,159,
2022-02-07,401373724,28,
2022-02-07,401373724,27,
2022-02-07,401373780,2154,
2022-02-07,401373780,2569,
2022-02-07,401378599,2415,
2022-02-07,401378599,2428,
2022-02-07,401371520,2130,
2022-02-07,401371520,2534,
2022-02-07,401372774,242,
2022-02-07,401372774,249,
2022-02-07,401414070,167,
2022-02-07,401414070,3141,
2022-02-14,401406906,142,
2022-02-14,401406906,344,
2022-02-14,401365480,2210,
2022-02-14,401365480,48,
2022-02-14,401371530,2856,
2022-02-14,401371530,2253,
2022-02-14,401364780,278,
2022-02-14,401364780,2439,
2022-02-14,401371316,2492,
2022-02-14,401371316,2250,1.0
2022-02-14,401408137,2199,
2022-02-14,401408137,2084,
2022-02-14,401410613,213,
2022-02-14,401410613,135,
2022-02-14,401365481,350,
2022-02-14,401365481,119,
2022-02-14,401367506,2026,
2022-02-14,401367506,2653,
2022-02-14,401364446,2294,
2022-02-14,401364446,130,
2022-02-14,401365479,232,
2022-02-14,401365479,256,
2022-02-14,401365482,2729,
2022-02-14,401365482,2182,
2022-02-14,401372700,2226,
2022-02-14,401372700,249,
2022-02-14,401365570,236,
2022-02-14,401365570,2430,
2022-02-14,401367507,324,
2022-02-14,401367507,6,
2022-02-14,401367508,2247,
2022-02-14,401367508,290,
2022-02-14,401368328,2523,
2022-02-14,401368328,85,
2022-02-14,401368329,2754,
2022-02-14,401368329,82,
2022-02-14,401370813,2803,
2022-02-14,401370813,2115,
2022-02-14,401370854,2771,
2022-02-14,401370854,161,
2022-02-14,401370863,116,
2022-02-14,401370863,2597,
2022-02-14,401370871,2529,
2022-02-14,401370871,2681,
2022-02-14,401364781,2005,
2022-02-14,401364781,68,
2022-02-14,401364937,2,2.0
2022-02-14,401364937,238,
2022-02-14,401364445,77,
2022-02-14,401364445,2509,5.0
2022-02-14,401368416,2641,11.0
2022-02-14,401368416,239,7.0
2022-02-14,401381748,322,
2022-02-14,401381748,2352,
2022-02-14,401364935,333,25.0
2022-02-14,401364935,344,
2022-02-14,401364444,164,
2022-02-14,401364444,356,12.0
2022-02-14,401369304,2198,
2022-02-14,401369304,2453,
2022-02-14,401371525,2617,
2022-02-14,401371525,2130,
2022-02-14,401408135,2184,
2022-02-14,401408135,45,
2022-02-14,401367404,2181,
2022-02-14,401367404,339,
2022-02-14,401367406,2674,
2022-02-14,401367406,2350,
2022-02-14,401369306,2110,
2022-02-14,401369306,91,
2022-02-14,401369308,288,
2022-02-14,401369308,55,
2022-02-14,401369959,153,
2022-02-14,401369959,221,
2022-02-14,401371526,292,
2022-02-14,401371526,2547,
2022-02-14,401371527,2627,
2022-02-14,401371527,3084,
2022-02-14,401373595,269,
2022-02-14,401373595,46,
2022-02-14,401402045,139,
2022-02-14,401402045,2325,
2022-02-14,401373593,41,24.0
2022-02-14,401373593,2550,
2022-02-14,401371529,166,
2022-02-14,401371529,3101,
2022-02-14,401373250,2630,
2022-02-14,401373250,2413,
2022-02-14,401377761,218,
2022-02-14,401377761,2567,
2022-02-14,401370890,2598,
2022-02-14,401370890,112358,
2022-02-14,401372741,276,
2022-02-14,401372741,295,
2022-02-14,401373106,44,
2022-02-14,401373106,2426,
2022-02-14,401377762,248,14.0
2022-02-14,401377762,2116,
2022-02-14,401373286,2634,
2022-02-14,401373286,2565,
2022-02-14,401373305,2635,
2022-02-14,401373305,2546,
2022-02-14,401370772,2272,
2022-02-14,401370772,2344,
2022-02-14,401372429,331,
2022-02-14,401372429,147,
2022-02-14,401372454,70,
2022-02-14,401372454,149,
2022-02-14,401372499,304,
2022-02-14,401372499,2458,
2022-02-14,401372616,2692,
2022-02-14,401372616,16,
2022-02-14,401377464,9,
2022-02-14,401377464,2483,
2022-02-14,401410965,167,
2022-02-14,401410965,36,
2022-02-14,401377465,25,
2022-02-14,401377465,38,
2022-02-14,401372764,2229,
2022-02-14,401372764,2393,
2022-02-14,401371156,2351,
2022-02-14,401371156,2541,
2022-02-14,401371238,2501,
2022-02-14,401371238,301,
2022-02-14,401372583,2502,
2022-02-14,401372583,2464,
2022-02-14,401373727,2540,
2022-02-14,401373727,2239,
2022-02-14,401373728,2463,
2022-02-14,401373728,299,
2022-02-14,401373729,28,
2022-02-14,401373729,62,
2022-02-14,401373730,27,
2022-02-14,401373730,2934,
2022-02-14,401398908,305,
2022-02-14,401398908,156,
2022-02-14,401410451,2608,
2022-02-14,401410451,2539,
2022-02-14,401371673,357,
2022-02-14,401371673,2545,
2022-02-14,401371671,2916,
2022-02-14,401371671,2466,
2022-02-14,401373229,2057,
2022-02-14,401373229,2197,
2022-02-14,401372816,2572,
2022-02-14,401372816,2636,
2022-02-14,401377763,2132,
2022-02-14,401377763,2724,
2022-02-14,401405746,58,
2022-02-14,401405746,151,
2022-02-14,401408136,2006,
2022-02-14,401408136,2459,
2022-02-14,401373209,93,21.0
2022-02-14,401373209,2046,
2022-02-14,401367509,2433,
2022-02-14,401367509,309,
2022-02-14,401371528,2534,
2022-02-14,401371528,2000,
2022-02-14,401372718,2348,
2022-02-14,401372718,2638,
2022-02-14,401377463,12,3.0
2022-02-14,401377463,204,
2022-02-14,401365571,2535,
2022-02-14,401365571,2678,
2022-02-14,401365705,2449,
2022-02-14,401365705,198,
2022-02-14,401365706,2571,
2022-02-14,401365706,2710,
2022-02-14,401365707,233,
2022-02-14,401365707,2900,
2022-02-14,401365708,155,
2022-02-14,401365708,140,
2022-02-14,401365710,2437,
2022-02-14,401365710,2172,
2022-02-14,401367510,326,
2022-02-14,401367510,2032,
2022-02-14,401367511,250,
2022-02-14,401367511,2031,
2022-02-14,401371672,2447,
2022-02-14,401371672,2377,
2022-02-14,401372668,98,
2022-02-14,401372668,2429,
2022-02-14,401372799,5,
2022-02-14,401372799,242,
2022-02-14,401381739,107,
2022-02-14,401381739,104,
2022-02-14,401370771,2261,
2022-02-14,401370771,2448,
2022-02-14,401377474,30,17.0
2022-02-14,401377474,265,
2022-02-14,401368412,2305,6.0
2022-02-14,401368412,197,
2022-02-14,401373127,2016,
2022-02-14,401373127,50,
2022-02-14,401373169,2504,
2022-02-14,401373169,2755,
2022-02-14,401378658,2296,
2022-02-14,401378658,2065,
2022-02-14,401380980,2640,
2022-02-14,401380980,2582,
2022-02-14,401382340,2011,
2022-02-14,401382340,2400,
2022-02-14,401402160,227,
2022-02-14,401402160,2168,
2022-02-14,401365166,2649,
2022-02-14,401365166,2309,
2022-02-14,401369305,2454,
2022-02-14,401369305,2335,
2022-02-14,401365167,2711,
2022-02-14,401365167,2006,
2022-02-14,401364441,213,
2022-02-14,401364441,127,19.0
2022-02-14,401364931,245,
2022-02-14,401364931,57,
2022-02-14,401364932,145,
2022-02-14,401364932,2579,
2022-02-14,401365163,189,
2022-02-14,401365163,2084,
2022-02-14,401365164,195,
2022-02-14,401365164,193,
2022-02-14,401365165,2117,
2022-02-14,401365165,2199,
2022-02-14,401365168,2050,
2022-02-14,401365168,2459,
2022-02-14,401376583,2010,
2022-02-14,401376583,2029,
2022-02-14,401372599,2458,
2022-02-14,401372599,253,
2022-02-14,401378600,2415,
2022-02-14,401378600,2569,
2022-02-14,401408132,160,
2022-02-14,401408132,2378,
2022-02-14,401408911,179,
2022-02-14,401408911,139,
2022-02-14,401413454,2142,
2022-02-14,401413454,322,
2022-02-14,401365377,2217,
2022-02-14,401365377,2099,
2022-02-14,401365378,2368,
2022-02-14,401365378,315,
2022-02-14,401368326,2870,
2022-02-14,401368326,325,
2022-02-14,401368413,2306,
2022-02-14,401368413,277,
2022-02-14,401370033,259,
2022-02-14,401370033,258,
2022-02-14,401373079,2379,
2022-02-14,401373079,47,
2022-02-14,401373781,2154,
2022-02-14,401373781,2428,
2022-02-14,401376569,2329,
2022-02-14,401376569,2083,
2022-02-14,401406704,2116,
2022-02-14,401406704,202,
2022-02-14,401408133,2166,
2022-02-14,401408133,2184,
2022-02-14,401408134,42,
2022-02-14,401408134,261,
2022-02-14,401373060,2169,
2022-02-14,401373060,2450,
2022-02-14,401365843,2230,
2022-02-14,401365843,2670,
2022-02-14,401369886,52,
2022-02-14,401369886,228,
2022-02-14,401370770,2241,
2022-02-14,401370770,2737,
2022-02-14,401365845,179,
2022-02-14,401365845,113,
2022-02-14,401370773,2908,
2022-02-14,401370773,2506,
2022-02-14,401381724,349,
2022-02-14,401381724,2142,
2022-02-14,401370768,2515,
2022-02-14,401370768,2097,
2022-02-14,401373594,2752,
2022-02-14,401373594,2599,
2022-02-14,401364936,99,
2022-02-14,401364936,61,
2022-02-14,401365567,2643,
2022-02-14,401365567,2747,
2022-02-14,401365568,2382,
2022-02-14,401365568,2193,
2022-02-14,401365569,2717,
2022-02-14,401365569,231,
2022-02-14,401365844,2603,
2022-02-14,401365844,2244,
2022-02-14,401369307,526,
2022-02-14,401369307,338,
2022-02-14,401377760,58,
2022-02-14,401377760,2655,
2022-02-14,401369309,56,
2022-02-14,401369309,294,
2022-02-14,401369692,2066,
2022-02-14,401369692,399,
2022-02-14,401369693,42,
2022-02-14,401369693,311,
2022-02-14,401369694,2885,
2022-02-14,401369694,2349,
2022-02-14,401369695,2378,
2022-02-14,401369695,2619,
2022-02-14,401369975,87,
2022-02-14,401369975,103,
2022-02-14,401370119,97,
2022-02-14,401370119,2390,
2022-02-14,401370769,2127,
2022-02-14,401370769,2427,
2022-02-14,401400188,2217,
2022-02-14,401400188,2363,
2022-02-14,401364782,2440,
2022-02-14,401364782,23,
2022-02-14,401373725,28,
2022-02-14,401373725,300,
2022-02-14,401364778,21,
2022-02-14,401364778,328,
2022-02-14,401401147,2210,
2022-02-14,401401147,2275,
2022-02-14,401409510,2612,
2022-02-14,401409510,314,
2022-02-14,401411811,2132,
2022-02-14,401411811,235,
2022-02-14,401368415,201,
2022-02-14,401368415,251,20.0
2022-02-14,401369867,150,9.0
2022-02-14,401369867,154,
2022-02-14,401367402,2623,
2022-02-14,401367402,282,
2022-02-14,401367403,79,
2022-02-14,401367403,71,
2022-02-14,401367405,2287,
2022-02-14,401367405,2460,
2022-02-14,401369906,59,
2022-02-14,401369906,152,
2022-02-14,401373591,2507,8.0
2022-02-14,401373591,222,10.0
2022-02-14,401364442,194,18.0
2022-02-14,401364442,135,
2022-02-14,401368414,2628,
2022-02-14,401368414,66,
2022-02-14,401373592,305,
2022-02-14,401373592,2086,
2022-02-14,401364933,142,
2022-02-14,401364933,8,23.0
2022-02-14,401364779,167,
2022-02-14,401364779,2751,22.0
2022-02-14,401364443,84,
2022-02-14,401364443,275,15.0
2022-02-14,401364934,2633,16.0
2022-02-14,401364934,96,4.0
2022-02-14,401377466,24,
2022-02-14,401377466,254,
2022-02-14,401377467,26,13.0
2022-02-14,401377467,265,
2022-02-14,401377468,30,17.0
2022-02-14,401377468,264,
2022-02-14,401369767,225,
2022-02-14,401369767,219,
2022-02-14,401369765,159,
2022-02-14,401369765,171,
2022-02-14,401369766,108,
2022-02-14,401369766,172,
2022-02-14,401369768,43,
2022-02-14,401369768,163,
2022-02-14,401371674,2443,
2022-02-14,401371674,2377,
2022-02-14,401365384,2363,
2022-02-14,401365384,2520,
2022-02-14,401365385,2561,
2022-02-14,401365385,2612,
2022-02-14,401365386,2368,
2022-02-14,401365386,2514,
2022-02-14,401368337,270,
2022-02-14,401368337,2870,
2022-02-14,401368336,2739,
2022-02-14,401368336,325,
2022-02-14,401368338,2473,
2022-02-14,401368338,94,
2022-02-14,401368339,2174,
2022-02-14,401368339,2750,
2022-02-14,401373732,302,
2022-02-14,401373732,2934,
2022-02-14,401373735,27,
2022-02-14,401373735,13,
2022-02-14,401371240,2608,
2022-02-14,401371240,252,
2022-02-14,401412487,279,
2022-02-14,401412487,2351,
2022-02-14,401365487,2275,
2022-02-14,401365487,111,
2022-02-14,401370014,183,
2022-02-14,401370014,103,
2022-02-14,401365379,2405,
2022-02-14,401365379,2520,
2022-02-14,401365846,2670,
2022-02-14,401365846,257,
2022-02-14,401364447,158,
2022-02-14,401364447,120,
2022-02-14,401371532,2320,
2022-02-14,401371532,2617,
2022-02-14,401371675,2447,
2022-02-14,401371675,2277,
2022-02-21,401364467,213,
2022-02-21,401364467,158,
2022-02-21,401365387,2514,
2022-02-21,401365387,2561,
2022-02-21,401364790,36,
2022-02-21,401364790,2751,
2022-02-21,401369907,59,
2022-02-21,401369907,259,
2022-02-21,401377772,2116,
2022-02-21,401377772,2132,
2022-02-21,401364457,135,
2022-02-21,401364457,275,13.0
2022-02-21,401364951,96,6.0
2022-02-21,401364951,99,
2022-02-21,401414551,265,
2022-02-21,401414551,264,
2022-02-21,401370837,161,
2022-02-21,401370837,2681,
2022-02-21,401365489,111,
2022-02-21,401365489,2729,
2022-02-21,401364458,84,
2022-02-21,401364458,120,
2022-02-21,401365488,48,
2022-02-21,401365488,232,
2022-02-21,401365490,2182,
2022-02-21,401365490,350,
2022-02-21,401365491,2275,
2022-02-21,401365491,2210,
2022-02-21,401365716,2710,
2022-02-21,401365716,2437,
2022-02-21,401368340,2174,
2022-02-21,401368340,325,
2022-02-21,401368341,2473,
2022-02-21,401368341,2870,
2022-02-21,401368344,94,
2022-02-21,401368344,2523,
2022-02-21,401368345,2750,
2022-02-21,401368345,2754,
2022-02-21,401370785,2737,
2022-02-21,401370785,2908,
2022-02-21,401370827,2115,
2022-02-21,401370827,2598,
2022-02-21,401364950,2,3.0
2022-02-21,401364950,145,
2022-02-21,401373604,2550,
2022-02-21,401373604,2086,
2022-02-21,401377770,2655,
2022-02-21,401377770,248,14.0
2022-02-21,401403777,79,
2022-02-21,401403777,2287,
2022-02-21,401373108,2426,
2022-02-21,401373108,2352,
2022-02-21,401373349,2329,
2022-02-21,401373349,44,
2022-02-21,401377769,151,
2022-02-21,401377769,58,
2022-02-21,401381726,107,
2022-02-21,401381726,2142,
2022-02-21,401381753,104,
2022-02-21,401381753,322,
2022-02-21,401392151,2247,
2022-02-21,401392151,2433,
2022-02-21,401402051,2670,
2022-02-21,401402051,2244,
2022-02-21,401416359,119,
2022-02-21,401416359,256,
2022-02-21,401368425,251,20.0
2022-02-21,401368425,2628,
2022-02-21,401373602,2507,11.0
2022-02-21,401373602,2752,
2022-02-21,401370052,258,
2022-02-21,401370052,150,7.0
2022-02-21,401367518,2031,
2022-02-21,401367518,2026,
2022-02-21,401365579,2535,
2022-02-21,401365579,231,
2022-02-21,401367413,2350,
2022-02-21,401367413,339,
2022-02-21,401367414,2623,
2022-02-21,401367414,71,
2022-02-21,401367519,2032,
2022-02-21,401367519,324,
2022-02-21,401367522,6,
2022-02-21,401367522,326,
2022-02-21,401371537,2130,
2022-02-21,401371537,2253,
2022-02-21,401377771,2567,
2022-02-21,401377771,202,
2022-02-21,401370845,112358,
2022-02-21,401370845,2771,
2022-02-21,401370872,2529,
2022-02-21,401370872,116,
2022-02-21,401370881,2597,
2022-02-21,401370881,2803,
2022-02-21,401408142,2459,
2022-02-21,401408142,2084,
2022-02-21,401371679,2466,
2022-02-21,401371679,2447,
2022-02-21,401373231,2197,
2022-02-21,401373231,2413,
2022-02-21,401371542,3101,
2022-02-21,401371542,2856,
2022-02-21,401371680,2545,
2022-02-21,401371680,2443,
2022-02-21,401372519,253,
2022-02-21,401372519,149,
2022-02-21,401373211,2565,
2022-02-21,401373211,2046,
2022-02-21,401373473,2635,
2022-02-21,401373473,2634,
2022-02-21,401373737,302,
2022-02-21,401373737,2540,
2022-02-21,401377475,38,
2022-02-21,401377475,9,
2022-02-21,401373271,93,19.0
2022-02-21,401373271,2057,
2022-02-21,401364459,356,15.0
2022-02-21,401364459,194,22.0
2022-02-21,401371189,2539,
2022-02-21,401371189,2250,1.0
2022-02-21,401377476,2483,
2022-02-21,401377476,26,12.0
2022-02-21,401371158,2492,
2022-02-21,401371158,2541,
2022-02-21,401371241,279,
2022-02-21,401371241,2501,
2022-02-21,401371322,252,
2022-02-21,401371322,2351,
2022-02-21,401372455,16,
2022-02-21,401372455,70,
2022-02-21,401372637,2502,
2022-02-21,401372637,2692,
2022-02-21,401373739,2239,
2022-02-21,401373739,300,
2022-02-21,401371678,2377,
2022-02-21,401371678,357,
2022-02-21,401373605,46,
2022-02-21,401373605,305,
2022-02-21,401372670,2429,
2022-02-21,401372670,2229,
2022-02-21,401373295,2546,
2022-02-21,401373295,2630,
2022-02-21,401372702,295,
2022-02-21,401372702,2226,
2022-02-21,401372742,2393,
2022-02-21,401372742,276,
2022-02-21,401377773,235,
2022-02-21,401377773,218,
2022-02-21,401408141,193,
2022-02-21,401408141,2117,
2022-02-21,401371540,2617,
2022-02-21,401371540,2534,
2022-02-21,401365714,2900,
2022-02-21,401365714,2172,
2022-02-21,401365715,140,
2022-02-21,401365715,233,
2022-02-21,401365717,198,
2022-02-21,401365717,2571,
2022-02-21,401368342,82,
2022-02-21,401368342,2739,
2022-02-21,401368343,85,
2022-02-21,401368343,270,
2022-02-21,401371538,2000,
2022-02-21,401371538,2320,
2022-02-21,401371539,2627,
2022-02-21,401371539,292,
2022-02-21,401371541,3084,
2022-02-21,401371541,2547,
2022-02-21,401371677,2277,
2022-02-21,401371677,2916,
2022-02-21,401372431,2458,
2022-02-21,401372431,331,
2022-02-21,401372501,2464,
2022-02-21,401372501,304,
2022-02-21,401372720,242,
2022-02-21,401372720,2348,
2022-02-21,401372776,249,
2022-02-21,401372776,2572,
2022-02-21,401372831,2636,
2022-02-21,401372831,5,
2022-02-21,401370784,2344,
2022-02-21,401370784,2515,
2022-02-21,401370783,2448,
2022-02-21,401370783,2272,
2022-02-21,401370782,2241,
2022-02-21,401370782,2427,
2022-02-21,401412471,2628,
2022-02-21,401412471,277,
2022-02-21,401376584,2029,
2022-02-21,401376584,2640,
2022-02-21,401381770,2065,
2022-02-21,401381770,2011,
2022-02-21,401368422,197,
2022-02-21,401368422,239,10.0
2022-02-21,401399157,2547,
2022-02-21,401399157,166,
2022-02-21,401406706,155,
2022-02-21,401406706,2900,
2022-02-21,401404422,159,
2022-02-21,401404422,43,
2022-02-21,401364946,245,
2022-02-21,401364946,61,
2022-02-21,401365175,195,
2022-02-21,401365175,2117,
2022-02-21,401365176,2711,
2022-02-21,401365176,2649,
2022-02-21,401365178,2006,
2022-02-21,401365178,189,
2022-02-21,401365179,2309,
2022-02-21,401365179,2050,
2022-02-21,401365180,2199,
2022-02-21,401365180,2459,
2022-02-21,401365853,45,
2022-02-21,401365853,257,
2022-02-21,401365854,179,
2022-02-21,401365854,227,
2022-02-21,401402452,2405,
2022-02-21,401402452,2561,
2022-02-21,401373185,2400,
2022-02-21,401373185,2504,
2022-02-21,401364945,57,
2022-02-21,401364945,8,18.0
2022-02-21,401412450,2535,
2022-02-21,401412450,2643,
2022-02-21,401369960,153,
2022-02-21,401369960,97,
2022-02-21,401373783,47,
2022-02-21,401373783,2154,
2022-02-21,401403747,103,
2022-02-21,401403747,52,
2022-02-21,401405811,183,
2022-02-21,401405811,59,
2022-02-21,401408031,2393,
2022-02-21,401408031,2638,
2022-02-21,401412530,2110,
2022-02-21,401412530,2335,
2022-02-21,401373062,2569,
2022-02-21,401373062,2169,
2022-02-21,401373081,2428,
2022-02-21,401373081,2379,
2022-02-21,401373150,50,
2022-02-21,401373150,2010,
2022-02-21,401378602,2415,
2022-02-21,401378602,2450,
2022-02-21,401367382,2674,
2022-02-21,401367382,339,
2022-02-21,401403776,2181,
2022-02-21,401403776,282,
2022-02-21,401364454,2294,25.0
2022-02-21,401364454,127,
2022-02-21,401364947,142,
2022-02-21,401364947,2633,17.0
2022-02-21,401370781,2506,
2022-02-21,401370781,2127,
2022-02-21,401365858,2230,
2022-02-21,401365858,2325,
2022-02-21,401367521,290,
2022-02-21,401367521,309,
2022-02-21,401367523,2653,
2022-02-21,401367523,250,
2022-02-21,401368426,66,
2022-02-21,401368426,277,
2022-02-21,401369316,91,
2022-02-21,401369316,288,
2022-02-21,401369317,294,
2022-02-21,401369317,2454,
2022-02-21,401369318,55,
2022-02-21,401369318,2198,
2022-02-21,401369319,338,
2022-02-21,401369319,56,
2022-02-21,401369320,2335,
2022-02-21,401369320,526,
2022-02-21,401369321,2453,
2022-02-21,401369321,2110,
2022-02-21,401369702,311,
2022-02-21,401369702,399,
2022-02-21,401369703,42,
2022-02-21,401369703,2378,
2022-02-21,401369704,2885,
2022-02-21,401369704,160,
2022-02-21,401369705,2349,
2022-02-21,401369705,2619,
2022-02-21,401369706,2066,
2022-02-21,401369706,261,
2022-02-21,401369940,228,
2022-02-21,401369940,154,
2022-02-21,401369976,87,
2022-02-21,401369976,183,
2022-02-21,401370110,152,
2022-02-21,401370110,103,
2022-02-21,401370780,2261,
2022-02-21,401370780,2097,
2022-02-21,401367415,282,
2022-02-21,401367415,2460,
2022-02-21,401365857,2168,
2022-02-21,401365857,113,
2022-02-21,401364455,77,
2022-02-21,401364455,158,
2022-02-21,401365856,2184,
2022-02-21,401365856,2166,
2022-02-21,401365855,139,
2022-02-21,401365855,2603,
2022-02-21,401369996,221,
2022-02-21,401369996,2390,
2022-02-21,401368424,2641,9.0
2022-02-21,401368424,201,
2022-02-21,401373601,41,21.0
2022-02-21,401373601,222,8.0
2022-02-21,401364788,68,
2022-02-21,401364788,21,
2022-02-21,401364792,2005,
2022-02-21,401364792,278,
2022-02-21,401364948,238,
2022-02-21,401364948,333,24.0
2022-02-21,401368423,2305,5.0
2022-02-21,401368423,2306,
2022-02-21,401364791,328,
2022-02-21,401364791,167,
2022-02-21,401373736,13,
2022-02-21,401373736,2934,
2022-02-21,401364789,2440,
2022-02-21,401364789,2439,
2022-02-21,401386000,349,
2022-02-21,401386000,2083,
2022-02-21,401364949,2579,
2022-02-21,401364949,344,
2022-02-21,401373603,2599,
2022-02-21,401373603,156,
2022-02-21,401364456,130,
2022-02-21,401364456,164,
2022-02-21,401365577,2382,
2022-02-21,401365577,2643,
2022-02-21,401365578,2193,
2022-02-21,401365578,236,
2022-02-21,401365580,2430,
2022-02-21,401365580,2717,
2022-02-21,401365581,2678,
2022-02-21,401365581,2747,
2022-02-21,401373740,299,
2022-02-21,401373740,28,
2022-02-21,401373741,27,
2022-02-21,401373741,2463,
2022-02-21,401371242,301,
2022-02-21,401371242,2608,23.0
2022-02-21,401373129,2504,
2022-02-21,401373129,2016,
2022-02-21,401381771,2582,
2022-02-21,401381771,2065,
2022-02-21,401372765,2393,
2022-02-21,401372765,98,
2022-02-21,401369769,225,
2022-02-21,401369769,171,
2022-02-21,401377482,2483,
2022-02-21,401377482,30,16.0
2022-02-21,401373742,62,
2022-02-21,401373742,2934,
2022-02-21,401400272,108,
2022-02-21,401400272,163,
2022-02-21,401365396,2514,
2022-02-21,401365396,2099,
2022-02-21,401365392,2520,
2022-02-21,401365392,314,
2022-02-21,401365394,2612,
2022-02-21,401365394,315,
2022-02-21,401365395,2363,
2022-02-21,401365395,2217,
2022-02-21,401377778,235,
2022-02-21,401377778,2724,
2022-02-21,401372520,149,
2022-02-21,401372520,147,
2022-02-21,401382646,254,
2022-02-21,401382646,9,
2022-02-21,401377481,38,
2022-02-21,401377481,12,2.0
2022-02-21,401377483,25,
2022-02-21,401377483,24,
2022-02-21,401378659,2640,
2022-02-21,401378659,2296,
2022-02-21,401377477,204,
2022-02-21,401377477,30,16.0
2022-02-21,401364462,127,
2022-02-21,401364462,2509,4.0
2022-02-21,401373606,269,
2022-02-21,401373606,2086,
2022-02-21,401365719,155,
2022-02-21,401365719,2449,
2022-02-21,401369771,159,
2022-02-21,401369771,219,
2022-02-21,401365390,2368,
2022-02-21,401365390,2363,
2022-02-21,401364795,21,
2022-02-21,401364795,23,
2022-02-21,401369772,172,
2022-02-21,401369772,43,
2022-02-21,401373151,2755,
2022-02-21,401373151,50,
2022-02-28,401408166,198,
2022-02-28,401408166,2710,
2022-02-28,401411737,112358,
2022-02-28,401411737,2529,
2022-02-28,401403472,309,
2022-02-28,401403472,250,
2022-02-28,401403473,6,
2022-02-28,401403473,2031,
2022-02-28,401403474,2032,
2022-02-28,401403474,2433,
2022-02-28,401415714,42,
2022-02-28,401415714,2349,
2022-02-28,401365398,2099,
2022-02-28,401365398,2368,
2022-02-28,401365399,315,
2022-02-28,401365399,2561,
2022-02-28,401365400,2363,
2022-02-28,401365400,314,
2022-02-28,401365401,2405,
2022-02-28,401365401,2514,
2022-02-28,401373765,2229,
2022-02-28,401373765,2226,
2022-02-28,401377780,2567,
2022-02-28,401377780,2132,
2022-02-28,401403388,2335,
2022-02-28,401403388,288,
2022-02-28,401403389,91,
2022-02-28,401403389,526,
2022-02-28,401403390,55,
2022-02-28,401403390,338,
2022-02-28,401403391,294,
2022-02-28,401403391,2110,
2022-02-28,401403434,2287,
2022-02-28,401403434,282,
2022-02-28,401403445,2329,
2022-02-28,401403445,349,
2022-02-28,401403446,104,
2022-02-28,401403446,2352,
2022-02-28,401364798,2439,
2022-02-28,401364798,2751,
2022-02-28,401408143,2856,
2022-02-28,401408143,2130,
2022-02-28,401405877,2046,
2022-02-28,401405877,2635,
2022-02-28,401373614,156,
2022-02-28,401373614,41,18.0
2022-02-28,401411739,2803,
2022-02-28,401411739,2115,
2022-02-28,401364963,333,25.0
2022-02-28,401364963,245,
2022-02-28,401405876,2634,
2022-02-28,401405876,2565,
2022-02-28,401371552,2320,
2022-02-28,401371552,292,
2022-02-28,401371684,2443,
2022-02-28,401371684,2277,
2022-02-28,401372818,2572,
2022-02-28,401372818,5,
2022-02-28,401371685,357,
2022-02-28,401371685,2447,
2022-02-28,401364470,120,
2022-02-28,401364470,135,
2022-02-28,401364964,344,
2022-02-28,401364964,2,5.0
2022-02-28,401369924,103,
2022-02-28,401369924,2390,
2022-02-28,401370072,154,
2022-02-28,401370072,152,
2022-02-28,401371549,166,
2022-02-28,401371549,2617,
2022-02-28,401373615,305,
2022-02-28,401373615,269,
2022-02-28,401377779,202,
2022-02-28,401377779,2724,
2022-02-28,401405849,2097,
2022-02-28,401405849,2506,
2022-02-28,401364965,8,14.0
2022-02-28,401364965,99,
2022-02-28,401403447,2426,
2022-02-28,401403447,44,
2022-02-28,401403448,2142,
2022-02-28,401403448,2083,
2022-02-28,401405863,2750,
2022-02-28,401405863,2473,
2022-02-28,401372802,2638,
2022-02-28,401372802,242,
2022-02-28,401403475,324,
2022-02-28,401403475,290,
2022-02-28,401371553,2253,
2022-02-28,401371553,3084,
2022-02-28,401372433,331,
2022-02-28,401372433,2464,
2022-02-28,401372457,70,
2022-02-28,401372457,2502,
2022-02-28,401372503,304,
2022-02-28,401372503,253,
2022-02-28,401372521,149,
2022-02-28,401372521,2458,
2022-02-28,401372542,147,
2022-02-28,401372542,16,
2022-02-28,401377781,58,
2022-02-28,401377781,235,
2022-02-28,401373131,2016,
2022-02-28,401373131,2400,
2022-02-28,401382341,2011,
2022-02-28,401382341,2582,
2022-02-28,401403483,2351,
2022-02-28,401403483,279,
2022-02-28,401364472,130,
2022-02-28,401364472,2294,24.0
2022-02-28,401377485,12,2.0
2022-02-28,401377485,24,
2022-02-28,401403435,2674,
2022-02-28,401403435,339,
2022-02-28,401373749,13,
2022-02-28,401373749,300,
2022-02-28,401373750,2934,
2022-02-28,401373750,28,
2022-02-28,401376586,2296,
2022-02-28,401376586,2029,
2022-02-28,401412470,2305,6.0
2022-02-28,401412470,2628,
2022-02-28,401405864,94,
2022-02-28,401405864,2174,
2022-02-28,401373784,2154,
2022-02-28,401373784,2415,
2022-02-28,401405865,2870,
2022-02-28,401405865,82,
2022-02-28,401364473,194,23.0
2022-02-28,401364473,127,
2022-02-28,401364474,356,20.0
2022-02-28,401364474,213,
2022-02-28,401377782,248,14.0
2022-02-28,401377782,218,
2022-02-28,401365397,2217,
2022-02-28,401365397,2520,
2022-02-28,401371551,2534,
2022-02-28,401371551,2627,
2022-02-28,401373065,2379,
2022-02-28,401373065,2169,
2022-02-28,401381696,2450,
2022-02-28,401381696,47,
2022-02-28,401405862,325,
2022-02-28,401405862,2523,
2022-02-28,401381915,2428,
2022-02-28,401381915,2569,
2022-02-28,401405878,2546,
2022-02-28,401405878,2634,
2022-02-28,401371550,2000,
2022-02-28,401371550,3101,
2022-02-28,401372777,2636,
2022-02-28,401372777,249,
2022-02-28,401373172,2010,
2022-02-28,401373172,2755,
2022-02-28,401377484,9,
2022-02-28,401377484,25,
2022-02-28,401377783,2655,
2022-02-28,401377783,2116,
2022-02-28,401411738,2681,
2022-02-28,401411738,2598,
2022-02-28,401411736,116,
2022-02-28,401411736,2597,
2022-02-28,401373752,299,
2022-02-28,401373752,302,
2022-02-28,401373613,2550,
2022-02-28,401373613,46,
2022-02-28,401364959,61,
2022-02-28,401364959,2633,13.0
2022-02-28,401373611,222,11.0
2022-02-28,401373611,2507,9.0
2022-02-28,401364961,2579,
2022-02-28,401364961,142,
2022-02-28,401365187,2117,
2022-02-28,401365187,193,
2022-02-28,401365188,2084,
2022-02-28,401365188,2649,
2022-02-28,401365189,2050,
2022-02-28,401365189,2006,
2022-02-28,401365191,189,
2022-02-28,401365191,195,
2022-02-28,401365192,2199,
2022-02-28,401365192,2711,
2022-02-28,401368435,201,
2022-02-28,401368435,277,
2022-02-28,401369712,2378,
2022-02-28,401369712,2066,
2022-02-28,401369713,399,
2022-02-28,401369713,42,
2022-02-28,401369714,2349,
2022-02-28,401369714,160,
2022-02-28,401369715,2619,
2022-02-28,401369715,2885,
2022-02-28,401369716,311,
2022-02-28,401369716,261,
2022-02-28,401402797,2363,
2022-02-28,401402797,2612,
2022-02-28,401403385,526,
2022-02-28,401403385,2453,
2022-02-28,401403386,338,
2022-02-28,401403386,2198,
2022-02-28,401365866,257,
2022-02-28,401365866,2168,
2022-02-28,401413410,264,
2022-02-28,401413410,26,17.0
2022-02-28,401414552,204,
2022-02-28,401414552,265,
2022-02-28,401369961,153,
2022-02-28,401369961,183,
2022-02-28,401406714,2230,
2022-02-28,401406714,113,
2022-02-28,401411735,161,
2022-02-28,401411735,2115,
2022-02-28,401412479,2275,
2022-02-28,401412479,232,
2022-02-28,401364468,2294,24.0
2022-02-28,401364468,77,
2022-02-28,401364799,278,
2022-02-28,401364799,167,
2022-02-28,401373130,2640,
2022-02-28,401373130,2016,
2022-02-28,401373171,2755,
2022-02-28,401373171,2065,
2022-02-28,401373152,2582,
2022-02-28,401373152,50,
2022-02-28,401373186,2504,
2022-02-28,401373186,2296,
2022-02-28,401410967,2751,
2022-02-28,401410967,21,
2022-02-28,401368433,2641,12.0
2022-02-28,401368433,2306,
2022-02-28,401368432,251,21.0
2022-02-28,401368432,239,3.0
2022-02-28,401403387,2110,
2022-02-28,401403387,56,
2022-02-28,401403443,322,
2022-02-28,401403443,2083,
2022-02-28,401403444,107,
2022-02-28,401403444,44,
2022-02-28,401405846,2515,
2022-02-28,401405846,2448,
2022-02-28,401405847,2427,
2022-02-28,401405847,2127,
2022-02-28,401405848,2272,
2022-02-28,401405848,2261,
2022-02-28,401373612,2599,
2022-02-28,401373612,2752,
2022-02-28,401364471,84,
2022-02-28,401364471,164,
2022-02-28,401365868,2166,
2022-02-28,401365868,2244,
2022-02-28,401365869,45,
2022-02-28,401365869,2184,
2022-02-28,401365871,2325,
2022-02-28,401365871,2603,
2022-02-28,401373747,2540,
2022-02-28,401373747,2463,
2022-02-28,401365872,227,
2022-02-28,401365872,139,
2022-02-28,401368436,66,
2022-02-28,401368436,197,
2022-02-28,401369887,52,
2022-02-28,401369887,87,
2022-02-28,401369941,228,
2022-02-28,401369941,59,
2022-02-28,401372672,2429,
2022-02-28,401372672,2393,
2022-02-28,401372722,2348,
2022-02-28,401372722,295,
2022-02-28,401372743,276,
2022-02-28,401372743,98,
2022-02-28,401413411,30,16.0
2022-02-28,401413411,12,2.0
2022-02-28,401364469,275,10.0
2022-02-28,401364469,2509,8.0
2022-02-28,401405858,2754,
2022-02-28,401405858,2523,
2022-02-28,401405859,2174,
2022-02-28,401405859,2739,
2022-02-28,401413556,194,23.0
2022-02-28,401413556,158,
2022-02-28,401364960,96,7.0
2022-02-28,401364960,145,
2022-02-28,401365190,2459,
2022-02-28,401365190,2309,
2022-02-28,401403384,288,
2022-02-28,401403384,2454,
2022-02-28,401405860,270,
2022-02-28,401405860,82,
2022-02-28,401405861,2473,
2022-02-28,401405861,85,
2022-02-28,401369997,221,
2022-02-28,401369997,150,4.0
2022-02-28,401364962,238,
2022-02-28,401364962,57,
2022-02-28,401365867,2670,
2022-02-28,401365867,179,
2022-02-28,401364801,2005,
2022-02-28,401364801,23,
2022-02-28,401364802,68,
2022-02-28,401364802,2440,
2022-02-28,401370035,259,
2022-02-28,401370035,97,
2022-02-28,401373751,2540,
2022-02-28,401373751,62,
2022-02-28,401377486,264,
2022-02-28,401377486,2483,
2022-02-28,401369773,43,
2022-02-28,401369773,225,
2022-02-28,401373756,299,
2022-02-28,401373756,27,
2022-02-28,401408163,2571,
2022-02-28,401408163,2437,
2022-02-28,401371686,2277,
2022-02-28,401371686,2377,
2022-02-28,401372623,2692,
2022-02-28,401372623,253,
2022-02-28,401364804,36,
2022-02-28,401364804,68,
2022-02-28,401403328,2535,
2022-02-28,401403328,2430,
2022-02-28,401403479,2026,
2022-02-28,401403479,290,
2022-02-28,401371687,2916,
2022-02-28,401371687,357,
2022-02-28,401408170,2729,
2022-02-28,401408170,111,
2022-02-28,401369776,219,
2022-02-28,401369776,163,
2022-02-28,401403327,231,
2022-02-28,401403327,2382,
2022-02-28,401403441,2623,
2022-02-28,401403441,2181,
2022-02-28,401403478,2247,
2022-02-28,401403478,2032,
2022-02-28,401405882,93,22.0
2022-02-28,401405882,2413,
2022-02-28,401403442,2181,
2022-02-28,401403442,2350,
2022-02-28,401408172,2182,
2022-02-28,401408172,48,
2022-02-28,401403329,236,
2022-02-28,401403329,2747,
2022-02-28,401403480,2653,
2022-02-28,401403480,309,
2022-02-28,401408173,350,
2022-02-28,401408173,2210,
2022-02-28,401408165,140,
2022-02-28,401408165,233,
2022-02-28,401403487,2539,
2022-02-28,401403487,252,
2022-02-28,401373754,2239,
2022-02-28,401373754,302,
2022-02-28,401377492,254,
2022-02-28,401377492,38,
2022-02-28,401408164,2449,
2022-02-28,401408164,2172,
2022-02-28,401403488,2541,
2022-02-28,401403488,2501,
2022-02-28,401405856,2344,
2022-02-28,401405856,2737,
2022-02-28,401408171,119,
2022-02-28,401408171,111,
2022-02-28,401405853,2241,
2022-02-28,401405853,2097,
2022-02-28,401403439,2181,
2022-02-28,401403439,79,
2022-02-28,401405881,2057,
2022-02-28,401405881,2413,
2022-02-28,401378802,23,
2022-02-28,401378802,328,
2022-02-28,401403486,2501,
2022-02-28,401403486,301,
2022-02-28,401370121,97,
2022-02-28,401370121,258,
2022-02-28,401403325,236,
2022-02-28,401403325,2643,
2022-02-28,401405854,2344,
2022-02-28,401405854,2908,
2022-02-28,401373616,2086,
2022-02-28,401373616,222,11.0
2022-02-28,401403476,326,
2022-02-28,401403476,309,
2022-02-28,401403324,2382,
2022-02-28,401403324,2717,
2022-02-28,401403437,2350,
2022-02-28,401403437,71,
2022-02-28,401403484,301,
2022-02-28,401403484,2492,
2022-02-28,401403436,2460,
2022-02-28,401403436,2287,
2022-02-28,401403323,2193,
2022-02-28,401403323,2643,
2022-02-28,401377784,2724,
2022-02-28,401377784,151,
2022-02-28,401369774,171,
2022-02-28,401369774,172,
2022-02-28,401371558,2547,
2022-02-28,401371558,2130,
2022-02-28,401371689,2466,
2022-02-28,401371689,2545,
2022-02-28,401369775,108,
2022-02-28,401369775,159,
2022-02-28,401403326,2747,
2022-02-28,401403326,2678,
2022-03-07,401403407,2509,9.0
2022-03-07,401403407,2294,24.0
2022-03-07,401405896,2016,
2022-03-07,401405896,2504,
2022-03-07,401403344,2507,11.0
2022-03-07,401403344,2086,
2022-03-07,401408152,245,
2022-03-07,401408152,57,
2022-03-07,401403373,2230,
2022-03-07,401403373,2244,
2022-03-07,401403398,130,
2022-03-07,401403398,84,
2022-03-07,401405872,2649,
2022-03-07,401405872,2117,
2022-03-07,401409377,264,
2022-03-07,401409377,254,
2022-03-07,401403335,2000,
2022-03-07,401403335,3084,
2022-03-07,401403370,2550,
2022-03-07,401403370,46,
2022-03-07,401405799,258,
2022-03-07,401405799,97,
2022-03-07,401409391,2226,
2022-03-07,401409391,2572,
2022-03-07,401403421,2612,
2022-03-07,401403421,2217,
2022-03-07,401405835,251,22.0
2022-03-07,401405835,2628,
2022-03-07,401409390,2638,
2022-03-07,401409390,295,
2022-03-07,401409376,265,
2022-03-07,401409376,25,
2022-03-07,401403334,2534,
2022-03-07,401403334,2856,
2022-03-07,401403396,213,
2022-03-07,401403396,135,
2022-03-07,401405885,2466,
2022-03-07,401405885,2377,
2022-03-07,401403433,47,
2022-03-07,401403433,2154,
2022-03-07,401408151,238,
2022-03-07,401408151,61,
2022-03-07,401403349,2599,
2022-03-07,401403349,305,
2022-03-07,401403471,2142,
2022-03-07,401403471,2426,
2022-03-07,401409389,2348,
2022-03-07,401409389,276,
2022-03-07,401405800,150,7.0
2022-03-07,401405800,183,
2022-03-07,401405898,2132,
2022-03-07,401405898,151,
2022-03-07,401405907,248,18.0
2022-03-07,401405907,235,
2022-03-07,401405899,2724,
2022-03-07,401405899,202,
2022-03-07,401403399,127,
2022-03-07,401403399,120,
2022-03-07,401408154,2579,
2022-03-07,401408154,344,
2022-03-07,401405886,357,
2022-03-07,401405886,2277,
2022-03-07,401403430,2415,
2022-03-07,401403430,2569,
2022-03-07,401403376,45,
2022-03-07,401403376,113,
2022-03-07,401409379,38,
2022-03-07,401409379,2483,
2022-03-07,401409368,2751,
2022-03-07,401409368,2439,
2022-03-07,401403411,300,
2022-03-07,401403411,2540,
2022-03-07,401403314,2692,
2022-03-07,401403314,149,
2022-03-07,401405870,2309,
2022-03-07,401405870,193,
2022-03-07,401405836,2305,6.0
2022-03-07,401405836,277,
2022-03-07,401405871,2006,
2022-03-07,401405871,2084,
2022-03-07,401408153,99,
2022-03-07,401408153,142,
2022-03-07,401409378,12,2.0
2022-03-07,401409378,24,
2022-03-07,401409367,68,
2022-03-07,401409367,2440,
2022-03-07,401405895,2582,
2022-03-07,401405895,2755,
2022-03-07,401403410,299,
2022-03-07,401403410,2934,
2022-03-07,401403345,156,
2022-03-07,401403345,269,
2022-03-07,401405801,2390,
2022-03-07,401405801,103,
2022-03-07,401403374,139,
2022-03-07,401403374,2325,
2022-03-07,401403397,2294,24.0
2022-03-07,401403397,77,
2022-03-07,401403313,147,
2022-03-07,401403313,16,
2022-03-07,401409366,278,
2022-03-07,401409366,23,
2022-03-07,401405834,2306,
2022-03-07,401405834,277,
2022-03-07,401405809,2378,
2022-03-07,401405809,42,
2022-03-07,401403394,91,
2022-03-07,401403394,294,
2022-03-07,401403408,2463,
2022-03-07,401403408,2934,
2022-03-07,401403332,2856,
2022-03-07,401403332,292,
2022-03-07,401409387,2636,
2022-03-07,401409387,2572,
2022-03-07,401409386,2229,
2022-03-07,401409386,276,
2022-03-07,401411742,2803,
2022-03-07,401411742,2681,
2022-03-07,401408177,350,
2022-03-07,401408177,48,
2022-03-07,401405868,94,
2022-03-07,401405868,2750,
2022-03-07,401405795,97,
2022-03-07,401405795,59,
2022-03-07,401403418,2217,
2022-03-07,401403418,2099,
2022-03-07,401403417,2363,
2022-03-07,401403417,2520,
2022-03-07,401405794,228,
2022-03-07,401405794,152,
2022-03-07,401405808,261,
2022-03-07,401405808,2066,
2022-03-07,401405793,221,
2022-03-07,401405793,103,
2022-03-07,401403490,2608,17.0
2022-03-07,401403490,2541,
2022-03-07,401408168,2449,
2022-03-07,401408168,198,
2022-03-07,401405867,2870,
2022-03-07,401405867,94,
2022-03-07,401403489,2250,1.0
2022-03-07,401403489,2539,
2022-03-07,401408176,350,
2022-03-07,401408176,232,
2022-03-07,401408167,2571,
2022-03-07,401408167,233,
2022-03-07,401405866,325,
2022-03-07,401405866,2750,
2022-03-07,401403482,2247,
2022-03-07,401403482,309,
2022-03-07,401403331,236,
2022-03-07,401403331,231,
2022-03-07,401403419,2368,
2022-03-07,401403419,2514,
2022-03-07,401403333,3084,
2022-03-07,401403333,2130,
2022-03-07,401405798,259,
2022-03-07,401405798,228,
2022-03-07,401403420,314,
2022-03-07,401403420,2520,
2022-03-07,401409388,2429,
2022-03-07,401409388,242,
2022-03-07,401408150,142,
2022-03-07,401408150,145,
2022-03-07,401405884,2277,
2022-03-07,401405884,2916,
2022-03-07,401403432,2450,
2022-03-07,401403432,2169,
2022-03-07,401403395,77,
2022-03-07,401403395,158,
2022-03-07,401409375,2483,
2022-03-07,401409375,204,
2022-03-07,401409365,328,
2022-03-07,401409365,2005,
2022-03-07,401403348,2752,
2022-03-07,401403348,2086,
2022-03-07,401403312,331,
2022-03-07,401403312,2464,
2022-03-07,401403372,227,
2022-03-07,401403372,2184,
2022-03-07,401409374,9,
2022-03-07,401409374,24,
2022-03-07,401405897,2640,
2022-03-07,401405897,2296,
2022-03-07,401405797,154,
2022-03-07,401405797,103,
2022-03-07,401409364,2440,
2022-03-07,401409364,167,
2022-03-07,401403311,2502,
2022-03-07,401403311,304,
2022-03-07,401403371,2325,
2022-03-07,401403371,2603,
2022-03-07,401405796,52,
2022-03-07,401405796,183,
2022-03-07,401403310,16,
2022-03-07,401403310,70,
2022-03-07,401403409,302,
2022-03-07,401403409,13,
2022-03-07,401405869,195,
2022-03-07,401405869,2050,
2022-03-07,401409395,249,
2022-03-07,401409395,242,
2022-03-07,401403422,2561,
2022-03-07,401403422,2514,
2022-03-07,401403381,2166,
2022-03-07,401403381,139,
2022-03-07,401403320,163,
2022-03-07,401403320,172,
2022-03-07,401409372,36,23.0
2022-03-07,401409372,21,
2022-03-07,401409383,26,13.0
2022-03-07,401409383,30,21.0
2022-03-07,401403415,2239,
2022-03-07,401403415,62,
2022-03-07,401403339,2547,
2022-03-07,401403339,2000,
2022-03-07,401403318,2458,
2022-03-07,401403318,2502,
2022-03-07,401405841,2641,14.0
2022-03-07,401405841,201,
2022-03-07,401405805,153,25.0
2022-03-07,401405805,259,
2022-03-07,401405892,2016,
2022-03-07,401405892,2010,
2022-03-07,401403343,222,8.0
2022-03-07,401403343,41,20.0
2022-03-07,401405904,235,
2022-03-07,401405904,2116,
2022-03-07,401403338,166,
2022-03-07,401403338,2253,
2022-03-07,401405889,2545,
2022-03-07,401405889,2443,
2022-03-07,401403379,2670,
2022-03-07,401403379,257,
2022-03-07,401408159,96,5.0
2022-03-07,401408159,238,
2022-03-07,401408160,8,15.0
2022-03-07,401408160,245,
2022-03-07,401403321,43,
2022-03-07,401403321,219,
2022-03-07,401408162,2633,9.0
2022-03-07,401408162,245,
2022-03-07,401409398,5,
2022-03-07,401409398,2348,
2022-03-07,401405906,2567,
2022-03-07,401405906,235,
2022-03-07,401403426,2612,
2022-03-07,401403426,2405,
2022-03-07,401403382,2168,
2022-03-07,401403382,257,
2022-03-07,401405905,248,18.0
2022-03-07,401405905,2655,
2022-03-07,401403429,2428,
2022-03-07,401403429,2154,
2022-03-07,401405802,87,
2022-03-07,401405802,259,
2022-03-07,401409393,2393,
2022-03-07,401409393,2638,
2022-03-07,401405894,50,
2022-03-07,401405894,2010,
2022-03-07,401405839,2641,14.0
2022-03-07,401405839,66,
2022-03-07,401403423,2405,
2022-03-07,401403423,315,
2022-03-07,401403400,194,
2022-03-07,401403400,213,
2022-03-07,401403431,2428,
2022-03-07,401403431,2379,
2022-03-07,401408155,333,
2022-03-07,401408155,238,
2022-03-07,401403316,253,
2022-03-07,401403316,2502,
2022-03-07,401405838,239,3.0
2022-03-07,401405838,201,
2022-03-07,401409394,98,
2022-03-07,401409394,2348,
2022-03-07,401405900,2116,
2022-03-07,401405900,58,
2022-03-07,401403337,2617,
2022-03-07,401403337,2000,
2022-03-07,401403413,62,
2022-03-07,401403413,27,
2022-03-07,401403403,275,12.0
2022-03-07,401403403,127,
2022-03-07,401405888,2447,
2022-03-07,401405888,357,
2022-03-07,401405902,218,
2022-03-07,401405902,2655,
2022-03-07,401403378,179,
2022-03-07,401403378,139,
2022-03-07,401403402,164,
2022-03-07,401403402,2294,24.0
2022-03-07,401408156,2,4.0
2022-03-07,401408156,245,
2022-03-07,401403401,356,16.0
2022-03-07,401403401,84,
2022-03-07,401408175,119,
2022-03-07,401408175,48,
