week,game,team_id,rank
2017-11-06,400992404,62,
2017-11-06,400992404,155,
2017-11-06,400986325,135,15.0
2017-11-06,400986325,2908,
2017-11-06,400992175,82,
2017-11-06,400992175,2428,
2017-11-06,400991874,5,
2017-11-06,400991874,294,
2017-11-06,400991508,2272,
2017-11-06,400991508,2729,
2017-11-06,400991055,2520,
2017-11-06,400991055,2261,
2017-11-06,400990876,276,
2017-11-06,400990876,2630,
2017-11-06,400990872,242,
2017-11-06,400990872,2198,
2017-11-06,400990708,42,
2017-11-06,400990708,2115,
2017-11-06,400989949,139,
2017-11-06,400989949,2547,
2017-11-06,400989931,179,
2017-11-06,400989931,315,
2017-11-06,400989552,2350,
2017-11-06,400989552,2750,
2017-11-06,400989550,98,
2017-11-06,400989550,2623,
2017-11-06,400989549,339,
2017-11-06,400989549,2032,
2017-11-06,400989285,147,
2017-11-06,400989285,2437,
2017-11-06,400988884,292,
2017-11-06,400988884,2447,
2017-11-06,400988188,38,
2017-11-06,400988188,2458,
2017-11-06,400987933,2655,
2017-11-06,400987933,112358,
2017-11-06,400987932,2567,
2017-11-06,400987932,2378,
2017-11-06,400987930,58,
2017-11-06,400987930,2226,
2017-11-06,400987929,248,
2017-11-06,400987929,2377,
2017-11-06,400987928,2116,
2017-11-06,400987928,2382,
2017-11-06,400987156,2,
2017-11-06,400987156,2450,
2017-11-06,400987155,8,
2017-11-06,400987155,2535,
2017-11-06,400987152,99,
2017-11-06,400987152,2016,
2017-11-06,400986329,2509,20.0
2017-11-06,400986329,2565,
2017-11-06,400986704,2390,13.0
2017-11-06,400986704,2241,
2017-11-06,400988190,264,
2017-11-06,400988190,2057,
2017-11-06,400987931,2724,7.0
2017-11-06,400987931,140,
2017-11-06,400990355,155,
2017-11-06,400990355,2653,
2017-11-06,400987158,238,
2017-11-06,400987158,2046,
2017-11-06,400989284,2571,
2017-11-06,400989284,300,
2017-11-06,400986323,2294,
2017-11-06,400986323,2130,
2017-11-06,400989174,2305,4.0
2017-11-06,400989174,2634,
2017-11-06,400986877,2250,18.0
2017-11-06,400986877,2640,
2017-11-06,400991227,2692,
2017-11-06,400991227,328,
2017-11-06,400990564,2253,
2017-11-06,400990564,50,
2017-11-06,400989266,2641,
2017-11-06,400989266,6,
2017-11-06,400989240,2628,
2017-11-06,400989240,2433,
2017-11-06,400989194,2306,
2017-11-06,400989194,44,
2017-11-06,400988649,2751,
2017-11-06,400988649,236,
2017-11-06,400988415,269,
2017-11-06,400988415,116,
2017-11-06,400988414,156,
2017-11-06,400988414,43,
2017-11-06,400986927,24,
2017-11-06,400986927,279,
2017-11-06,400986022,2426,
2017-11-06,400986022,221,
2017-11-06,400988413,222,6.0
2017-11-06,400988413,171,
2017-11-06,400986326,77,19.0
2017-11-06,400986326,2352,
2017-11-06,400991054,2405,
2017-11-06,400991054,2083,
2017-11-06,400986952,197,
2017-11-06,400986952,2492,
2017-11-06,400988883,251,
2017-11-06,400988883,2466,
2017-11-06,400986324,127,2.0
2017-11-06,400986324,2454,
2017-11-06,400988189,12,3.0
2017-11-06,400988189,2464,
2017-11-06,400987151,145,
2017-11-06,400987151,309,
2017-11-06,400986321,356,
2017-11-06,400986321,2582,
2017-11-06,400991487,104,
2017-11-06,400991487,111,
2017-11-06,400990088,227,
2017-11-06,400990088,2427,
2017-11-06,400988187,24,
2017-11-06,400988187,13,
2017-11-06,400987927,41,
2017-11-06,400987927,2142,
2017-11-06,400987154,61,
2017-11-06,400987154,2803,
2017-11-06,400987148,2747,
2017-11-06,400987148,2579,
2017-11-06,400987147,2633,
2017-11-06,400987147,2506,
2017-11-06,400986648,258,
2017-11-06,400986648,2430,
2017-11-06,400986332,2619,
2017-11-06,400986332,120,
2017-11-06,400986331,275,
2017-11-06,400986331,2569,
2017-11-06,400986327,194,
2017-11-06,400986327,2523,
2017-11-06,400986322,84,
2017-11-06,400986322,282,
2017-11-06,400986312,228,
2017-11-06,400986312,2717,
2017-11-06,400986046,152,
2017-11-06,400986046,2678,
2017-11-06,400986024,183,
2017-11-06,400986024,172,
2017-11-06,400988408,2550,23.0
2017-11-06,400988408,161,
2017-11-06,400987157,333,
2017-11-06,400987157,235,
2017-11-06,400987150,344,
2017-11-06,400987150,2011,
2017-11-06,400987146,277,11.0
2017-11-06,400987146,245,25.0
2017-11-06,400990709,2529,
2017-11-06,400990709,107,
2017-11-06,400986025,259,
2017-11-06,400986025,2174,
2017-11-06,400986328,213,
2017-11-06,400986328,2097,
2017-11-06,400988882,239,24.0
2017-11-06,400988882,2110,
2017-11-06,400987926,202,
2017-11-06,400987926,2320,
2017-11-06,400987825,2132,12.0
2017-11-06,400987825,2542,
2017-11-06,400988409,2086,
2017-11-06,400988409,338,
2017-11-06,400988410,2599,
2017-11-06,400988410,2443,
2017-11-06,400988412,2507,
2017-11-06,400988412,2277,
2017-11-06,400990108,2182,
2017-11-06,400990108,189,
2017-11-06,400989900,45,
2017-11-06,400989900,47,
2017-11-06,400986636,154,
2017-11-06,400986636,290,
2017-11-06,400986047,103,
2017-11-06,400986047,311,
2017-11-06,400986320,150,1.0
2017-11-06,400986320,2210,
2017-11-06,400987153,96,5.0
2017-11-06,400987153,3084,
2017-11-06,400986021,153,9.0
2017-11-06,400986021,2460,
2017-11-06,400988411,2752,17.0
2017-11-06,400988411,2413,
2017-11-06,400991498,295,
2017-11-06,400991498,119,
2017-11-06,400991450,2275,
2017-11-06,400991450,349,
2017-11-06,400991053,232,
2017-11-06,400991053,2561,
2017-11-06,400990098,113,
2017-11-06,400990098,2349,
2017-11-06,400988648,94,
2017-11-06,400988648,2193,
2017-11-06,400990014,2066,
2017-11-06,400990014,2415,
2017-11-06,400989985,399,
2017-11-06,400989985,314,
2017-11-06,400989975,257,
2017-11-06,400989975,48,
2017-11-06,400989917,2670,
2017-11-06,400989917,2755,
2017-11-06,400989878,2244,
2017-11-06,400989878,322,
2017-11-06,400989858,2230,
2017-11-06,400989858,193,
2017-11-06,400989811,2168,
2017-11-06,400989811,2050,
2017-11-06,400989776,2166,
2017-11-06,400989776,2127,
2017-11-06,400989551,2737,
2017-11-06,400989551,79,
2017-11-06,400989282,2473,
2017-11-06,400989282,2870,
2017-11-06,400991725,36,
2017-11-06,400991725,16,
2017-11-06,400987149,142,
2017-11-06,400987149,66,
2017-11-06,400988191,204,
2017-11-06,400988191,253,
2017-11-06,400986846,252,
2017-11-06,400986846,2400,
2017-11-06,400986334,158,
2017-11-06,400986334,2197,
2017-11-06,400990710,2608,22.0
2017-11-06,400990710,2598,
2017-11-06,400986903,250,
2017-11-06,400986903,2351,
2017-11-06,400986990,23,
2017-11-06,400986990,301,
2017-11-06,400986333,130,
2017-11-06,400986333,2454,
2017-11-06,400987935,151,
2017-11-06,400987935,2154,
2017-11-06,400991058,2368,
2017-11-06,400991058,2329,
2017-11-06,400990111,2006,
2017-11-06,400990111,325,
2017-11-06,400990877,288,
2017-11-06,400990877,2413,
2017-11-06,400990711,2885,
2017-11-06,400990711,2681,
2017-11-06,400989836,2184,
2017-11-06,400989836,2597,
2017-11-06,400986338,120,
2017-11-06,400986338,2379,
2017-11-06,400990112,2309,
2017-11-06,400990112,2754,
2017-11-06,400986973,2501,
2017-11-06,400986973,2502,
2017-11-06,400988197,25,
2017-11-06,400988197,13,
2017-11-06,400986341,164,
2017-11-06,400986341,2115,
2017-11-06,400987159,96,5.0
2017-11-06,400987159,261,
2017-11-06,400986339,194,
2017-11-06,400986339,2515,
2017-11-06,400986687,97,16.0
2017-11-06,400986687,2244,
2017-11-06,400990099,108,
2017-11-06,400990099,113,
2017-11-06,400986313,228,
2017-11-06,400986313,2448,
2017-11-06,400991810,2439,
2017-11-06,400991810,50,
2017-11-06,400988198,265,
2017-11-06,400988198,2640,
2017-11-06,400990359,2005,
2017-11-06,400990359,326,
2017-11-06,400991228,68,
2017-11-06,400991228,253,
2017-11-06,400988416,46,
2017-11-06,400988416,294,
2017-11-06,400986049,305,
2017-11-06,400986049,87,14.0
2017-11-06,400989963,2649,
2017-11-06,400989963,2603,
2017-11-06,400986023,26,21.0
2017-11-06,400986023,59,
2017-11-06,400989555,71,
2017-11-06,400989555,85,
2017-11-06,400991056,2217,
2017-11-06,400991056,219,
2017-11-06,400988418,2086,
2017-11-06,400988418,163,
2017-11-06,400989554,526,
2017-11-06,400989554,2287,
2017-11-06,400992480,62,
2017-11-06,400992480,2029,
2017-11-06,400988196,2483,
2017-11-06,400988196,2154,
2017-11-06,400988195,25,
2017-11-06,400988195,27,
2017-11-06,400987046,2539,
2017-11-06,400987046,299,
2017-11-06,400991951,2229,
2017-11-06,400991951,56,
2017-11-06,400988193,30,10.0
2017-11-06,400988193,2239,
2017-11-06,400988200,264,
2017-11-06,400988200,331,
2017-11-06,400991762,2440,
2017-11-06,400991762,70,
2017-11-06,400988194,254,
2017-11-06,400988194,2504,
2017-11-06,400988192,9,
2017-11-06,400988192,304,
2017-11-06,400990110,195,
2017-11-06,400990110,2010,
2017-11-06,400990109,2084,
2017-11-06,400990109,2099,
2017-11-06,400989213,201,
2017-11-06,400989213,2437,
2017-11-06,400988886,2344,
2017-11-06,400988886,2617,
2017-11-06,400989287,2540,
2017-11-06,400989287,2449,
2017-11-06,400990068,2325,
2017-11-06,400990068,2612,
2017-11-06,400991057,2514,
2017-11-06,400991057,159,
2017-11-06,400989291,2172,
2017-11-06,400989291,300,
2017-11-06,400986642,259,
2017-11-06,400986642,2643,
2017-11-06,400990358,2026,
2017-11-06,400990358,2079,
2017-11-06,400992947,2296,
2017-11-06,400992947,2398,
2017-11-06,400992536,2393,
2017-11-06,400992536,2906,
2017-11-06,400990551,2247,
2017-11-06,400990551,3117,
2017-11-06,400991544,160,
2017-11-06,400991544,450,
2017-11-06,400990107,2117,
2017-11-06,400990107,2562,
2017-11-06,400992542,2636,
2017-11-06,400992542,2191,
2017-11-06,400988647,231,
2017-11-06,400988647,3243,
2017-11-06,400991464,256,
2017-11-06,400991464,2079,
2017-11-06,400999873,249,
2017-11-06,400999873,101,
2017-11-06,400992735,2169,
2017-11-06,400992735,3216,
2017-11-06,400991743,278,
2017-11-06,400991743,2662,
2017-11-06,400992153,270,
2017-11-06,400992153,2740,
2017-11-06,400992538,2572,
2017-11-06,400992538,2573,
2017-11-06,400992700,2065,
2017-11-06,400992700,3097,
2017-11-06,400990357,2031,
2017-11-06,400990357,2888,
2017-11-06,400991594,225,
2017-11-06,400991594,353,
2017-11-06,400989556,2181,
2017-11-06,400989556,2141,
2017-11-06,400988879,2545,
2017-11-06,400988879,2113,
2017-11-06,400988880,2000,
2017-11-06,400988880,3090,
2017-11-06,400988881,357,
2017-11-06,400988881,3158,
2017-11-06,400990875,2635,
2017-11-06,400990875,111166,
2017-11-06,400990538,2711,
2017-11-06,400990538,2562,
2017-11-06,400992462,2463,
2017-11-06,400992462,109670,
2017-11-06,400992539,2638,
2017-11-06,400992539,2347,
2017-11-06,400997652,166,
2017-11-06,400997652,2191,
2017-11-06,401000089,149,
2017-11-06,401000089,2721,
2017-11-06,400991793,21,
2017-11-06,400991793,3096,
2017-11-06,400990565,2934,
2017-11-06,400990565,2850,
2017-11-06,400989288,233,
2017-11-06,400989288,561,
2017-11-06,400990874,93,
2017-11-06,400990874,2855,
2017-11-06,400990873,55,
2017-11-06,400990873,2632,
2017-11-06,400992537,2348,
2017-11-06,400992537,3086,
2017-11-06,400992342,2335,
2017-11-06,400992342,109636,
2017-11-06,400990113,2199,
2017-11-06,400990113,2391,
2017-11-06,400990354,324,
2017-11-06,400990354,108942,
2017-11-06,400990871,2546,
2017-11-06,400990871,2880,
2017-11-06,400992540,2429,
2017-11-06,400992540,291,
2017-11-06,400987063,2541,
2017-11-06,400987063,2318,
2017-11-06,400991779,167,
2017-11-06,400991779,3141,
2017-11-06,400989286,2710,
2017-11-06,400989286,2899,
2017-11-06,400988878,2916,
2017-11-06,400988878,2588,
2017-11-06,400989283,198,
2017-11-06,400989283,2048,
2017-11-06,400988885,2534,
2017-11-06,400988885,3086,
2017-11-06,400989553,2674,
2017-11-06,400989553,75,
2017-11-06,400991478,350,
2017-11-06,400991478,286,
2017-11-13,400990128,42,
2017-11-13,400990128,193,
2017-11-13,400991466,94,
2017-11-13,400991466,256,
2017-11-13,400988898,357,
2017-11-13,400988898,292,
2017-11-13,400989214,201,
2017-11-13,400989214,2050,
2017-11-13,400989296,2710,
2017-11-13,400989296,2197,
2017-11-13,400989563,2565,
2017-11-13,400989563,2674,
2017-11-13,400990365,326,
2017-11-13,400990365,2636,
2017-11-13,400990882,2630,
2017-11-13,400990882,2428,
2017-11-13,400986351,135,14.0
2017-11-13,400986351,315,
2017-11-13,400986059,153,9.0
2017-11-13,400986059,2083,
2017-11-13,400986350,120,
2017-11-13,400986350,2086,
2017-11-13,400988208,265,
2017-11-13,400988208,2547,
2017-11-13,400989242,2628,
2017-11-13,400989242,233,
2017-11-13,400991818,328,
2017-11-13,400991818,2400,
2017-11-13,400986352,77,20.0
2017-11-13,400986352,156,
2017-11-13,400986904,2351,
2017-11-13,400986904,27,
2017-11-13,400986991,301,
2017-11-13,400986991,2523,
2017-11-13,400987064,2541,
2017-11-13,400987064,2440,
2017-11-13,400991811,2439,
2017-11-13,400991811,2504,
2017-11-13,400992445,2608,21.0
2017-11-13,400992445,2239,
2017-11-13,400986928,279,
2017-11-13,400986928,302,
2017-11-13,400988209,26,23.0
2017-11-13,400988209,2110,
2017-11-13,400987170,2579,
2017-11-13,400987170,2287,
2017-11-13,400987946,2567,
2017-11-13,400987946,2466,
2017-11-13,400987945,56,
2017-11-13,400987945,58,
2017-11-13,400991064,2349,
2017-11-13,400991064,2368,
2017-11-13,400986847,163,
2017-11-13,400986847,252,
2017-11-13,400990591,304,
2017-11-13,400990591,3084,
2017-11-13,400991726,36,
2017-11-13,400991726,2737,
2017-11-13,400986878,2250,17.0
2017-11-13,400986878,47,
2017-11-13,400987167,2305,4.0
2017-11-13,400987167,96,7.0
2017-11-13,400988207,24,
2017-11-13,400988207,331,
2017-11-13,400989562,2623,
2017-11-13,400989562,2582,
2017-11-13,400986353,2550,22.0
2017-11-13,400986353,84,
2017-11-13,400986060,221,
2017-11-13,400986060,2540,
2017-11-13,400986354,213,
2017-11-13,400986354,149,
2017-11-13,400987943,2116,
2017-11-13,400987943,2241,
2017-11-13,400989275,277,24.0
2017-11-13,400989275,44,
2017-11-13,400987944,151,
2017-11-13,400987944,2515,
2017-11-13,400988424,46,
2017-11-13,400988424,116,
2017-11-13,400988660,2448,
2017-11-13,400988660,2643,
2017-11-13,400989295,2870,
2017-11-13,400989295,2169,
2017-11-13,400990117,2084,
2017-11-13,400990117,55,
2017-11-13,400990713,2363,
2017-11-13,400990713,2597,
2017-11-13,400991065,2520,
2017-11-13,400991065,42,
2017-11-13,400991509,2729,
2017-11-13,400991509,2261,
2017-11-13,400991662,219,
2017-11-13,400991662,2426,
2017-11-13,400987173,282,
2017-11-13,400987173,2,
2017-11-13,400987947,218,
2017-11-13,400987947,295,
2017-11-13,400991707,2638,
2017-11-13,400991707,68,
2017-11-13,400992176,82,
2017-11-13,400992176,2169,
2017-11-13,400992701,249,
2017-11-13,400992701,2065,
2017-11-13,400986355,2294,
2017-11-13,400986355,2755,
2017-11-13,400987949,2711,
2017-11-13,400987949,202,
2017-11-13,400991235,253,
2017-11-13,400991235,23,
2017-11-13,400986358,275,
2017-11-13,400986358,2752,15.0
2017-11-13,400988210,25,
2017-11-13,400988210,2747,
2017-11-13,400988212,264,
2017-11-13,400988212,2507,
2017-11-13,400988211,12,3.0
2017-11-13,400988211,2934,
2017-11-13,400991052,261,
2017-11-13,400991052,71,
2017-11-13,400989565,339,
2017-11-13,400989565,2546,
2017-11-13,400988662,2335,
2017-11-13,400988662,2382,
2017-11-13,400990369,324,
2017-11-13,400990369,2636,
2017-11-13,400987950,36,
2017-11-13,400987950,2655,
2017-11-13,400987951,248,
2017-11-13,400987951,2182,
2017-11-13,400986065,2670,
2017-11-13,400986065,258,
2017-11-13,400999766,264,
2017-11-13,400999766,259,
2017-11-13,400989606,140,
2017-11-13,400989606,2350,
2017-11-13,400989228,197,
2017-11-13,400989228,198,
2017-11-13,400986061,195,
2017-11-13,400986061,228,
2017-11-13,400990887,2413,
2017-11-13,400990887,276,
2017-11-13,400989152,2026,
2017-11-13,400989152,66,
2017-11-13,400986357,2599,
2017-11-13,400986357,158,
2017-11-13,400986062,139,
2017-11-13,400986062,259,
2017-11-13,400986356,130,
2017-11-13,400986356,2572,
2017-11-13,400986359,194,
2017-11-13,400986359,2640,
2017-11-13,400986699,152,
2017-11-13,400986699,2506,
2017-11-13,400989879,2244,
2017-11-13,400989879,2066,
2017-11-13,400990070,2325,
2017-11-13,400990070,6,
2017-11-13,400990118,2199,
2017-11-13,400990118,2032,
2017-11-13,400991627,2142,
2017-11-13,400991627,172,
2017-11-13,400991653,107,
2017-11-13,400991653,108,
2017-11-13,400986063,87,13.0
2017-11-13,400986063,2130,
2017-11-13,400987948,2132,12.0
2017-11-13,400987948,2154,
2017-11-13,400986700,2390,11.0
2017-11-13,400986700,50,
2017-11-13,400987174,57,8.0
2017-11-13,400987174,2454,
2017-11-13,400989812,2275,
2017-11-13,400989812,2168,
2017-11-13,400990884,2393,
2017-11-13,400990884,2057,
2017-11-13,400987171,254,
2017-11-13,400987171,142,
2017-11-13,400987172,99,
2017-11-13,400987172,2535,
2017-11-13,400989293,167,
2017-11-13,400989293,2437,
2017-11-13,400988206,38,
2017-11-13,400988206,2172,
2017-11-13,400988205,9,
2017-11-13,400988205,21,
2017-11-13,400988890,2032,
2017-11-13,400988890,2000,
2017-11-13,400990361,290,
2017-11-13,400990361,2934,
2017-11-13,400990880,2348,
2017-11-13,400990880,2546,
2017-11-13,400987938,2655,
2017-11-13,400987938,2545,
2017-11-13,400988420,305,
2017-11-13,400988420,2169,
2017-11-13,400988652,5,
2017-11-13,400988652,236,
2017-11-13,400988654,2535,
2017-11-13,400988654,2010,
2017-11-13,400989151,66,
2017-11-13,400989151,270,
2017-11-13,400989227,197,
2017-11-13,400989227,2429,
2017-11-13,400989560,2460,
2017-11-13,400989560,2016,
2017-11-13,400989964,82,
2017-11-13,400989964,2603,
2017-11-13,400990879,93,
2017-11-13,400990879,2393,
2017-11-13,400988893,239,25.0
2017-11-13,400988893,357,
2017-11-13,400986346,77,20.0
2017-11-13,400986346,2612,
2017-11-13,400987162,142,
2017-11-13,400987162,2681,
2017-11-13,400987165,2057,
2017-11-13,400987165,238,
2017-11-13,400987936,2132,12.0
2017-11-13,400987936,2717,
2017-11-13,400989292,189,
2017-11-13,400989292,233,
2017-11-13,400989976,257,
2017-11-13,400989976,55,
2017-11-13,400987163,145,
2017-11-13,400987163,2198,
2017-11-13,400986054,258,
2017-11-13,400986054,2046,
2017-11-13,400986344,130,
2017-11-13,400986344,2117,
2017-11-13,400987937,58,
2017-11-13,400987937,2415,
2017-11-13,400988653,2542,
2017-11-13,400988653,2193,
2017-11-13,400988889,2473,
2017-11-13,400988889,2443,
2017-11-13,400989859,2230,
2017-11-13,400989859,112358,
2017-11-13,400989986,104,
2017-11-13,400989986,399,
2017-11-13,400991059,2514,
2017-11-13,400991059,225,
2017-11-13,400991060,2561,
2017-11-13,400991060,526,
2017-11-13,400991451,2275,
2017-11-13,400991451,338,
2017-11-13,400988201,2483,
2017-11-13,400988201,2504,
2017-11-13,400989241,2628,
2017-11-13,400989241,2635,
2017-11-13,400986348,269,
2017-11-13,400986348,2509,19.0
2017-11-13,400986056,154,
2017-11-13,400986056,2335,
2017-11-13,400989777,2166,
2017-11-13,400989777,350,
2017-11-13,400990115,193,
2017-11-13,400990115,2750,
2017-11-13,400991061,2329,
2017-11-13,400991061,2405,
2017-11-13,400991062,2217,
2017-11-13,400991062,2352,
2017-11-13,400991063,2005,
2017-11-13,400991063,2099,
2017-11-13,400991610,2344,
2017-11-13,400991610,171,
2017-11-13,400991677,43,
2017-11-13,400991677,2569,
2017-11-13,400991922,2885,
2017-11-13,400991922,322,
2017-11-13,400986058,127,2.0
2017-11-13,400986058,150,1.0
2017-11-13,400987169,333,
2017-11-13,400987169,288,
2017-11-13,400988656,2184,
2017-11-13,400988656,2678,
2017-11-13,400987942,235,
2017-11-13,400987942,2031,
2017-11-13,400988896,2320,
2017-11-13,400988896,324,
2017-11-13,400989195,2306,
2017-11-13,400989195,140,
2017-11-13,400989256,251,
2017-11-13,400989256,160,
2017-11-13,400989267,2641,
2017-11-13,400989267,311,
2017-11-13,400989294,2571,
2017-11-13,400989294,2011,
2017-11-13,400989561,71,
2017-11-13,400989561,48,
2017-11-13,400990116,2459,
2017-11-13,400990116,2739,
2017-11-13,400990552,242,
2017-11-13,400990552,2247,
2017-11-13,400988657,231,
2017-11-13,400988657,2210,
2017-11-13,400988655,2382,
2017-11-13,400988655,2296,
2017-11-13,400990589,2253,
2017-11-13,400990589,2523,
2017-11-13,400990089,2440,
2017-11-13,400990089,227,
2017-11-13,400991229,2458,
2017-11-13,400991229,302,
2017-11-13,400991230,328,
2017-11-13,400991230,147,
2017-11-13,400987940,2724,6.0
2017-11-13,400987940,232,
2017-11-13,400992405,2029,
2017-11-13,400992405,155,
2017-11-13,400987047,2539,
2017-11-13,400987047,2598,
2017-11-13,400991744,278,
2017-11-13,400991744,2463,
2017-11-13,400997653,2608,21.0
2017-11-13,400997653,166,
2017-11-13,400988203,204,
2017-11-13,400988203,2751,
2017-11-13,400988204,30,10.0
2017-11-13,400988204,2449,
2017-11-13,400990363,62,
2017-11-13,400990363,2653,
2017-11-13,400987941,41,
2017-11-13,400987941,2619,
2017-11-13,400988422,2599,
2017-11-13,400988422,2115,
2017-11-13,400988423,222,5.0
2017-11-13,400988423,2447,
2017-11-13,400986055,183,
2017-11-13,400986055,314,
2017-11-13,400986057,103,
2017-11-13,400986057,2529,
2017-11-13,400986349,164,
2017-11-13,400986349,325,
2017-11-13,400986606,52,
2017-11-13,400986606,45,
2017-11-13,400986698,152,
2017-11-13,400986698,2803,
2017-11-13,400987166,2633,
2017-11-13,400987166,2272,
2017-11-13,400987168,61,
2017-11-13,400987168,2908,
2017-11-13,400990368,309,
2017-11-13,400990368,2542,
2017-11-13,400988902,2433,
2017-11-13,400988902,2545,
2017-11-13,400991479,350,
2017-11-13,400991479,2097,
2017-11-13,401001054,2181,
2017-11-13,401001054,38,
2017-11-13,400986848,252,
2017-11-13,400986848,250,
2017-11-13,400991069,2099,
2017-11-13,400991069,2754,
2017-11-13,400986992,301,
2017-11-13,400986992,2450,
2017-11-13,400987065,2541,
2017-11-13,400987065,13,
2017-11-13,400988908,70,
2017-11-13,400988908,2534,
2017-11-13,400988218,204,
2017-11-13,400988218,299,
2017-11-13,400990100,113,
2017-11-13,400990100,315,
2017-11-13,400991237,27,
2017-11-13,400991237,2502,
2017-11-13,400991068,2368,
2017-11-13,400991068,349,
2017-11-13,400990891,2634,
2017-11-13,400990891,2393,
2017-11-13,400988909,2057,
2017-11-13,400988909,2277,
2017-11-13,400991875,294,
2017-11-13,400991875,2448,
2017-11-13,400992155,270,
2017-11-13,400992155,2229,
2017-11-13,400990125,2006,
2017-11-13,400990125,2630,
2017-11-13,400990126,2649,
2017-11-13,400990126,2473,
2017-11-13,400988913,98,
2017-11-13,400988913,2447,
2017-11-13,400986365,356,
2017-11-13,400986365,276,
2017-11-13,400986905,2351,
2017-11-13,400986905,2377,
2017-11-13,401001169,2277,
2017-11-13,401001169,2174,
2017-11-13,400986073,59,
2017-11-13,400986073,2065,
2017-11-13,400986369,194,
2017-11-13,400986369,111,
2017-11-13,400988220,9,
2017-11-13,400988220,300,
2017-11-13,400991581,2142,
2017-11-13,400991581,2378,
2017-11-13,401001159,71,
2017-11-13,401001159,2692,
2017-11-13,400990127,2309,
2017-11-13,400990127,2400,
2017-11-13,400990893,2046,
2017-11-13,400990893,2427,
2017-11-13,400989933,179,
2017-11-13,400989933,2296,
2017-11-13,400987175,245,16.0
2017-11-13,400987175,2540,
2017-11-13,400990888,2197,
2017-11-13,400990888,85,
2017-11-13,400986954,2492,
2017-11-13,400986954,2458,
2017-11-13,400987048,2539,
2017-11-13,400987048,16,
2017-11-13,400988486,46,
2017-11-13,400988486,2379,
2017-11-13,400988215,9,
2017-11-13,400988215,2464,
2017-11-13,400991500,2352,
2017-11-13,400991500,119,
2017-11-13,400986067,97,18.0
2017-11-13,400986067,2437,
2017-11-13,400987178,8,
2017-11-13,400987178,278,
2017-11-13,400991942,2908,
2017-11-13,400991942,2127,
2017-11-13,400987181,344,
2017-11-13,400987181,50,
2017-11-13,400986974,2501,
2017-11-13,400986974,3152,
2017-11-13,400988900,2617,
2017-11-13,400988900,2326,
2017-11-13,400988659,2430,
2017-11-13,400988659,286,
2017-11-13,400988904,2916,
2017-11-13,400988904,241,
2017-11-13,400992547,2226,
2017-11-13,400992547,2206,
2017-11-13,400989608,79,
2017-11-13,400989608,542,
2017-11-13,400991641,159,
2017-11-13,400991641,108842,
2017-11-13,400990715,161,
2017-11-13,400990715,2871,
2017-11-20,400999685,21,
2017-11-20,400999685,265,
2017-11-20,400989304,2565,
2017-11-20,400989304,2710,
2017-11-20,400991072,2427,
2017-11-20,400991072,2405,
2017-11-20,400991436,2210,
2017-11-20,400991436,2515,
2017-11-20,400991670,163,
2017-11-20,400991670,322,
2017-11-20,400986081,152,
2017-11-20,400986081,12,2.0
2017-11-20,400986084,59,
2017-11-20,400986084,292,
2017-11-20,401001955,290,
2017-11-20,401001955,119,
2017-11-20,401001947,2132,12.0
2017-11-20,401001947,2751,
2017-11-20,400986906,2916,
2017-11-20,400986906,2351,
2017-11-20,400987191,344,
2017-11-20,400987191,2617,
2017-11-20,400987962,2655,
2017-11-20,400987962,193,
2017-11-20,400989305,2449,
2017-11-20,400989305,50,
2017-11-20,400989989,159,
2017-11-20,400989989,399,
2017-11-20,400989951,139,
2017-11-20,400989951,2174,
2017-11-20,400990902,2582,
2017-11-20,400990902,2630,
2017-11-20,400992551,276,
2017-11-20,400992551,2428,
2017-11-20,401000098,99,
2017-11-20,401000098,269,
2017-11-20,400987192,96,8.0
2017-11-20,400987192,2870,
2017-11-20,400990376,6,
2017-11-20,400990376,56,
2017-11-20,401001951,2348,
2017-11-20,401001951,339,
2017-11-20,400990601,166,
2017-11-20,400990601,36,
2017-11-20,400987086,2541,
2017-11-20,400987086,70,
2017-11-20,400987963,2567,
2017-11-20,400987963,2460,
2017-11-20,400990131,2083,
2017-11-20,400990131,2050,
2017-11-20,400988678,2193,
2017-11-20,400988678,2653,
2017-11-20,400991803,23,
2017-11-20,400991803,304,
2017-11-20,401001882,2504,
2017-11-20,401001882,2247,
2017-11-20,400991529,311,
2017-11-20,400991529,104,
2017-11-20,401001881,2198,
2017-11-20,401001881,331,
2017-11-20,401001925,2084,
2017-11-20,401001925,2571,
2017-11-20,400988492,222,5.0
2017-11-20,400988492,98,
2017-11-20,400991393,2344,
2017-11-20,400991393,48,
2017-11-20,400990726,2349,
2017-11-20,400990726,112358,
2017-11-20,401001949,147,
2017-11-20,401001949,2546,
2017-11-20,400986309,103,
2017-11-20,400986309,2142,
2017-11-20,400990375,256,
2017-11-20,400990375,2026,
2017-11-20,400990569,232,
2017-11-20,400990569,13,
2017-11-20,401000097,130,
2017-11-20,401000097,2670,
2017-11-20,400988493,2507,
2017-11-20,400988493,2057,
2017-11-20,401001946,257,
2017-11-20,401001946,309,
2017-11-20,401001954,140,
2017-11-20,401001954,219,
2017-11-20,400991559,2619,
2017-11-20,400991559,225,
2017-11-20,401001950,2244,
2017-11-20,401001950,278,
2017-11-20,400986085,2390,11.0
2017-11-20,400986085,2325,
2017-11-20,400988677,2641,
2017-11-20,400988677,2747,
2017-11-20,400988919,2534,
2017-11-20,400988919,2117,
2017-11-20,400986082,183,
2017-11-20,400986082,2649,
2017-11-20,400986379,84,
2017-11-20,400986379,2032,
2017-11-20,400987961,58,
2017-11-20,400987961,47,
2017-11-20,400990377,2029,
2017-11-20,400990377,326,
2017-11-20,401001883,242,
2017-11-20,401001883,145,
2017-11-20,400986083,52,
2017-11-20,400986083,338,
2017-11-20,400987196,24,
2017-11-20,400987196,57,7.0
2017-11-20,400987194,2239,
2017-11-20,400987194,61,
2017-11-20,400986381,305,
2017-11-20,400986381,127,4.0
2017-11-20,400986383,2250,17.0
2017-11-20,400986383,194,
2017-11-20,400992969,16,
2017-11-20,400992969,21,
2017-11-20,400999686,2599,
2017-11-20,400999686,142,
2017-11-20,400989306,2437,
2017-11-20,400989306,2635,
2017-11-20,401002167,2130,
2017-11-20,401002167,2506,
2017-11-20,400986387,135,14.0
2017-11-20,400986387,113,
2017-11-20,400986390,164,
2017-11-20,400986390,151,
2017-11-20,401001001,57,7.0
2017-11-20,401001001,150,1.0
2017-11-20,400988679,160,
2017-11-20,400988679,231,
2017-11-20,400999687,204,
2017-11-20,400999687,299,
2017-11-20,400999678,265,
2017-11-20,400999678,2608,21.0
2017-11-20,400988680,2535,
2017-11-20,400988680,2545,
2017-11-20,400988922,2097,
2017-11-20,400988922,2000,
2017-11-20,401002175,2464,
2017-11-20,401002175,300,
2017-11-20,400992948,2296,
2017-11-20,400992948,2379,
2017-11-20,401002166,2378,
2017-11-20,401002166,2447,
2017-11-20,401002170,2633,
2017-11-20,401002170,152,
2017-11-20,400986850,252,
2017-11-20,400986850,333,25.0
2017-11-20,400991073,2520,
2017-11-20,400991073,300,
2017-11-20,400988224,30,10.0
2017-11-20,400988224,2329,
2017-11-20,400991654,108,
2017-11-20,400991654,2608,21.0
2017-11-20,401000099,87,13.0
2017-11-20,401000099,2724,6.0
2017-11-20,401001884,2439,
2017-11-20,401001884,254,
2017-11-20,400991242,2261,
2017-11-20,400991242,2464,
2017-11-20,400986086,153,9.0
2017-11-20,400986086,2501,
2017-11-20,400986087,238,
2017-11-20,400986087,258,
2017-11-20,400987964,2483,
2017-11-20,400987964,41,
2017-11-20,400986088,150,1.0
2017-11-20,400986088,2502,
2017-11-20,400988494,2752,15.0
2017-11-20,400988494,45,
2017-11-20,400987195,201,
2017-11-20,400987195,8,
2017-11-20,400986382,158,
2017-11-20,400986382,2116,
2017-11-20,400988495,2550,20.0
2017-11-20,400988495,227,
2017-11-20,400988226,265,
2017-11-20,400988226,2603,
2017-11-20,401000102,98,
2017-11-20,401000102,2509,18.0
2017-11-20,400988496,251,
2017-11-20,400988496,2086,
2017-11-20,400988227,2306,
2017-11-20,400988227,9,
2017-11-20,400989278,2368,
2017-11-20,400989278,277,23.0
2017-11-20,400990725,161,
2017-11-20,400990725,107,
2017-11-20,401001953,2623,
2017-11-20,401001953,2226,
2017-11-20,400986389,213,
2017-11-20,400986389,198,
2017-11-20,400991683,2005,
2017-11-20,400991683,2029,
2017-11-20,400987187,344,
2017-11-20,400987187,2739,
2017-11-20,400988914,2000,
2017-11-20,400988914,288,
2017-11-20,400989303,149,
2017-11-20,400989303,198,
2017-11-20,400990596,249,
2017-11-20,400990596,292,
2017-11-20,400989243,2628,
2017-11-20,400989243,2437,
2017-11-20,400990597,2253,
2017-11-20,400990597,2450,
2017-11-20,400986075,221,
2017-11-20,400986075,213,
2017-11-20,400986375,275,
2017-11-20,400986375,239,22.0
2017-11-20,400986993,301,
2017-11-20,400986993,2031,
2017-11-20,400991239,2502,
2017-11-20,400991239,328,
2017-11-20,400986955,2492,
2017-11-20,400986955,2540,
2017-11-20,400990895,21,
2017-11-20,400990895,2197,
2017-11-20,401001787,2363,
2017-11-20,401001787,2623,
2017-11-20,400988671,236,
2017-11-20,400988671,2011,
2017-11-20,400990016,2066,
2017-11-20,400990016,147,
2017-11-20,400986077,183,
2017-11-20,400986077,2473,
2017-11-20,400986372,2294,
2017-11-20,400986372,309,
2017-11-20,400987957,25,
2017-11-20,400987957,2724,6.0
2017-11-20,400989977,5,
2017-11-20,400989977,257,
2017-11-20,400990129,219,
2017-11-20,400990129,2459,
2017-11-20,400990894,55,
2017-11-20,400990894,2542,
2017-11-20,400986373,120,
2017-11-20,400986373,2296,
2017-11-20,400987958,151,
2017-11-20,400987958,325,
2017-11-20,400988669,2193,
2017-11-20,400988669,2169,
2017-11-20,400988670,2430,
2017-11-20,400988670,48,
2017-11-20,400991071,2083,
2017-11-20,400991071,2561,
2017-11-20,400992369,2429,
2017-11-20,400992369,2506,
2017-11-20,401001035,179,
2017-11-20,401001035,2379,
2017-11-20,400988222,156,
2017-11-20,400988222,26,23.0
2017-11-20,400987185,197,
2017-11-20,400987185,245,16.0
2017-11-20,400991679,2016,
2017-11-20,400991679,43,
2017-11-20,400986930,2005,
2017-11-20,400986930,279,
2017-11-20,400987960,235,
2017-11-20,400987960,2443,
2017-11-20,400988674,2674,
2017-11-20,400988674,2535,
2017-11-20,400989612,2350,
2017-11-20,400989612,2400,
2017-11-20,400990900,2634,
2017-11-20,400990900,2099,
2017-11-20,400986376,135,14.0
2017-11-20,400986376,2010,
2017-11-20,400989176,2305,3.0
2017-11-20,400989176,2640,
2017-11-20,400988916,2433,
2017-11-20,400988916,2466,
2017-11-20,400986849,252,
2017-11-20,400986849,315,
2017-11-20,400990899,167,
2017-11-20,400990899,2635,
2017-11-20,400987190,333,25.0
2017-11-20,400987190,250,
2017-11-20,400989778,2440,
2017-11-20,400989778,2166,
2017-11-20,400992507,302,
2017-11-20,400992507,16,
2017-11-20,401001948,2066,
2017-11-20,401001948,2463,
2017-11-20,400988915,2569,
2017-11-20,400988915,2110,
2017-11-20,400986377,164,
2017-11-20,400986377,2803,
2017-11-20,400986079,259,
2017-11-20,400986079,2277,
2017-11-20,400988672,113,
2017-11-20,400988672,2717,
2017-11-20,400988917,2309,
2017-11-20,400988917,2545,
2017-11-20,400990722,2115,
2017-11-20,400990722,2154,
2017-11-20,400990898,85,
2017-11-20,400990898,2413,
2017-11-20,400991545,160,
2017-11-20,400991545,44,
2017-11-20,400991611,349,
2017-11-20,400991611,171,
2017-11-20,400992702,2065,
2017-11-20,400992702,2755,
2017-11-20,400986080,97,19.0
2017-11-20,400986080,79,
2017-11-20,400991852,2393,
2017-11-20,400991852,526,
2017-11-20,400986314,228,
2017-11-20,400986314,2640,
2017-11-20,400988228,264,
2017-11-20,400988228,2547,
2017-11-20,400988929,189,
2017-11-20,400988929,2000,
2017-11-20,400989622,2674,
2017-11-20,400989622,350,
2017-11-20,400987966,248,
2017-11-20,400987966,2916,
2017-11-20,400989153,66,
2017-11-20,400989153,2710,
2017-11-20,400989621,93,
2017-11-20,400989621,79,
2017-11-20,400986907,68,
2017-11-20,400986907,2351,
2017-11-20,400989619,2287,
2017-11-20,400989619,2127,
2017-11-20,400990604,166,
2017-11-20,400990604,2638,
2017-11-20,400991245,2439,
2017-11-20,400991245,253,
2017-11-20,401002362,2934,
2017-11-20,401002362,2117,
2017-11-20,400989312,2172,
2017-11-20,400989312,2426,
2017-11-20,400992553,2572,
2017-11-20,400992553,2458,
2017-11-20,400989310,2458,
2017-11-20,400989310,233,
2017-11-20,400991511,2729,
2017-11-20,400991511,295,
2017-11-20,400988927,2000,
2017-11-20,400988927,2908,
2017-11-20,400988685,44,
2017-11-20,400988685,2678,
2017-11-20,400989309,2597,
2017-11-20,400989309,2172,
2017-11-20,400990379,2031,
2017-11-20,400990379,2523,
2017-11-20,400991415,2885,
2017-11-20,400991415,2182,
2017-11-20,400986701,2390,11.0
2017-11-20,400986701,2454,
2017-11-20,400991877,2750,
2017-11-20,400991877,294,
2017-11-20,400992194,2754,
2017-11-20,400992194,2572,
2017-11-20,400987967,235,
2017-11-20,400987967,94,
2017-11-20,400988498,257,
2017-11-20,400988498,46,
2017-11-20,400989813,2168,
2017-11-20,400989813,2006,
2017-11-20,400991878,2241,
2017-11-20,400991878,294,
2017-11-20,400989860,2230,
2017-11-20,400989860,2363,
2017-11-20,400987971,2325,
2017-11-20,400987971,218,
2017-11-20,400987201,96,8.0
2017-11-20,400987201,82,
2017-11-20,400992395,2737,
2017-11-20,400992395,2569,
2017-11-20,400988230,38,
2017-11-20,400988230,2005,
2017-11-20,400987972,58,
2017-11-20,400987972,2199,
2017-11-20,400987970,151,
2017-11-20,400987970,2448,
2017-11-20,400990736,42,
2017-11-20,400990736,2681,
2017-11-20,400991080,2514,
2017-11-20,400991080,311,
2017-11-20,400991082,322,
2017-11-20,400991082,2612,
2017-11-20,400991572,2349,
2017-11-20,400991572,2352,
2017-11-20,400986393,130,
2017-11-20,400986393,27,
2017-11-20,400989625,2181,
2017-11-20,400989625,2130,
2017-11-20,400990134,2046,
2017-11-20,400990134,193,
2017-11-20,400991081,2750,
2017-11-20,400991081,2217,
2017-11-20,400986089,97,19.0
2017-11-20,400986089,2598,
2017-11-20,400986384,356,
2017-11-20,400986384,2428,
2017-11-20,400986091,52,
2017-11-20,400986091,2643,
2017-11-20,400988925,2636,
2017-11-20,400988925,357,
2017-11-20,400986388,77,
2017-11-20,400986388,2529,
2017-11-20,400986391,275,
2017-11-20,400986391,270,
2017-11-20,400990605,155,
2017-11-20,400990605,3084,
2017-11-20,400992327,2429,
2017-11-20,400992327,2272,
2017-11-20,400990133,195,
2017-11-20,400990133,116,
2017-11-20,400991489,111,
2017-11-20,400991489,328,
2017-11-20,400990132,172,
2017-11-20,400990132,2649,
2017-11-20,400986090,154,
2017-11-20,400986090,2430,
2017-11-20,400987198,2,
2017-11-20,400987198,2737,
2017-11-20,400991763,62,
2017-11-20,400991763,2440,
2017-11-20,400991077,2561,
2017-11-20,400991077,2275,
2017-11-20,400991590,43,
2017-11-20,400991590,261,
2017-11-20,400989620,282,
2017-11-20,400989620,2050,
2017-11-20,400987968,202,
2017-11-20,400987968,2110,
2017-11-20,400989623,71,
2017-11-20,400989623,290,
2017-11-20,400988926,2377,
2017-11-20,400988926,2573,
2017-11-20,400990540,2711,
2017-11-20,400990540,2886,
2017-11-20,400990374,324,
2017-11-20,400990374,2592,
2017-11-20,400992343,2335,
2017-11-20,400992343,2648,
2017-11-20,400991244,2692,
2017-11-20,400991244,2069,
2017-11-20,400992781,2415,
2017-11-20,400992781,108859,
2017-11-20,400988687,2382,
2017-11-20,400988687,3171,
2017-11-20,400987049,2539,
2017-11-20,400987049,2574,
2017-11-20,400988920,2320,
2017-11-20,400988920,2573,
2017-11-27,400992463,149,
2017-11-27,400992463,2463,
2017-11-27,400991416,2182,
2017-11-27,400991416,322,
2017-11-27,400990386,250,
2017-11-27,400990386,242,
2017-11-27,400990388,2653,
2017-11-27,400990388,82,
2017-11-27,400990554,2010,
2017-11-27,400990554,2247,
2017-11-27,400990739,43,
2017-11-27,400990739,2803,
2017-11-27,400990911,98,
2017-11-27,400990911,2198,
2017-11-27,400991671,163,
2017-11-27,400991671,2329,
2017-11-27,400987208,333,24.0
2017-11-27,400987208,2348,
2017-11-27,400990387,6,
2017-11-27,400990387,2572,
2017-11-27,400986852,3084,
2017-11-27,400986852,252,
2017-11-27,400988504,269,
2017-11-27,400988504,2130,
2017-11-27,400989318,2172,
2017-11-27,400989318,2751,
2017-11-27,400989629,167,
2017-11-27,400989629,339,
2017-11-27,400989245,2628,23.0
2017-11-27,400989245,2057,
2017-11-27,400986880,2250,15.0
2017-11-27,400986880,2916,
2017-11-27,400986107,158,
2017-11-27,400986107,103,
2017-11-27,400986106,135,12.0
2017-11-27,400986106,2390,10.0
2017-11-27,400990142,2459,
2017-11-27,400990142,270,
2017-11-27,400990139,2450,
2017-11-27,400990139,2309,
2017-11-27,400990018,2169,
2017-11-27,400990018,2066,
2017-11-27,400989633,2460,
2017-11-27,400989633,2439,
2017-11-27,400987206,99,
2017-11-27,400987206,2630,
2017-11-27,400991547,160,
2017-11-27,400991547,104,
2017-11-27,400991945,2427,
2017-11-27,400991945,2908,
2017-11-27,400988503,222,4.0
2017-11-27,400988503,219,
2017-11-27,400986103,152,
2017-11-27,400986103,213,
2017-11-27,400986104,194,
2017-11-27,400986104,228,
2017-11-27,400988943,2031,
2017-11-27,400988943,2110,
2017-11-27,400986105,153,13.0
2017-11-27,400986105,130,
2017-11-27,400987978,248,
2017-11-27,400987978,2443,
2017-11-27,400989632,79,
2017-11-27,400989632,2565,
2017-11-27,400987979,2655,
2017-11-27,400987979,2016,
2017-11-27,400988235,12,
2017-11-27,400988235,299,
2017-11-27,400988942,326,
2017-11-27,400988942,357,
2017-11-27,400989198,2306,
2017-11-27,400989198,198,
2017-11-27,400989229,197,
2017-11-27,400989229,2046,
2017-11-27,400989258,251,
2017-11-27,400989258,50,
2017-11-27,400989317,2437,
2017-11-27,400989317,2181,
2017-11-27,400986108,84,
2017-11-27,400986108,150,1.0
2017-11-27,400986957,2492,
2017-11-27,400986957,253,
2017-11-27,400988236,24,
2017-11-27,400988236,149,
2017-11-27,400986995,301,
2017-11-27,400986995,21,
2017-11-27,400988246,26,
2017-11-27,400988246,2174,
2017-11-27,400987211,2116,
2017-11-27,400987211,142,
2017-11-27,400986934,27,
2017-11-27,400986934,279,
2017-11-27,400987087,2541,
2017-11-27,400987087,2464,
2017-11-27,400990608,2638,
2017-11-27,400990608,166,
2017-11-27,400991249,278,
2017-11-27,400991249,2692,
2017-11-27,400990609,2547,
2017-11-27,400990609,338,
2017-11-27,400991085,2363,
2017-11-27,400991085,107,
2017-11-27,400990913,55,
2017-11-27,400990913,2011,
2017-11-27,400990071,2325,
2017-11-27,400990071,119,
2017-11-27,400991084,2643,
2017-11-27,400991084,2368,
2017-11-27,400991582,349,
2017-11-27,400991582,2378,
2017-11-27,400986111,2184,
2017-11-27,400986111,221,
2017-11-27,400986394,120,
2017-11-27,400986394,2509,
2017-11-27,400990143,195,
2017-11-27,400990143,2154,
2017-11-27,400990144,2117,
2017-11-27,400990144,2296,
2017-11-27,400987209,245,9.0
2017-11-27,400987209,292,
2017-11-27,400989319,140,
2017-11-27,400989319,233,
2017-11-27,400988237,26,
2017-11-27,400988237,2934,
2017-11-27,400990745,112358,
2017-11-27,400990745,42,
2017-11-27,400989630,2440,
2017-11-27,400989630,2287,
2017-11-27,400991247,302,
2017-11-27,400991247,2458,
2017-11-27,400988505,2550,
2017-11-27,400988505,2641,22.0
2017-11-27,400987212,344,
2017-11-27,400987212,2449,
2017-11-27,400987980,2210,
2017-11-27,400987980,58,
2017-11-27,400988695,232,
2017-11-27,400988695,2717,
2017-11-27,400990744,2115,
2017-11-27,400990744,2448,
2017-11-27,400991490,111,
2017-11-27,400991490,108,
2017-11-27,400989215,201,
2017-11-27,400989215,249,
2017-11-27,400991954,56,
2017-11-27,400991954,2097,
2017-11-27,400992166,2473,
2017-11-27,400992166,2640,
2017-11-27,400989279,277,19.0
2017-11-27,400989279,2885,
2017-11-27,400986109,127,3.0
2017-11-27,400986109,87,5.0
2017-11-27,400991879,294,
2017-11-27,400991879,2065,
2017-11-27,400987981,151,
2017-11-27,400987981,350,
2017-11-27,400987982,5,
2017-11-27,400987982,235,
2017-11-27,400991512,2729,
2017-11-27,400991512,276,
2017-11-27,400990912,2635,
2017-11-27,400990912,288,
2017-11-27,400991395,2426,
2017-11-27,400991395,48,
2017-11-27,400990743,2598,
2017-11-27,400990743,44,
2017-11-27,400988500,2752,21.0
2017-11-27,400988500,239,16.0
2017-11-27,400986097,164,
2017-11-27,400986097,52,
2017-11-27,400986098,59,
2017-11-27,400986098,77,
2017-11-27,400986102,221,
2017-11-27,400986102,2272,
2017-11-27,400988689,2506,
2017-11-27,400988689,2430,
2017-11-27,400988690,2006,
2017-11-27,400988690,236,
2017-11-27,400989315,2870,
2017-11-27,400989315,2174,
2017-11-27,400989780,2429,
2017-11-27,400989780,2166,
2017-11-27,400989919,2670,
2017-11-27,400989919,2026,
2017-11-27,400990091,227,
2017-11-27,400990091,225,
2017-11-27,400990137,195,
2017-11-27,400990137,314,
2017-11-27,400991642,159,
2017-11-27,400991642,2352,
2017-11-27,400988691,2127,
2017-11-27,400988691,2678,
2017-11-27,400987203,145,
2017-11-27,400987203,2571,
2017-11-27,400987204,238,
2017-11-27,400987204,2515,
2017-11-27,400987974,2567,
2017-11-27,400987974,292,
2017-11-27,400990607,2547,
2017-11-27,400990607,304,
2017-11-27,400986096,258,18.0
2017-11-27,400986096,275,
2017-11-27,400988934,2638,
2017-11-27,400988934,2320,
2017-11-27,400992344,2335,
2017-11-27,400992344,47,
2017-11-27,400986095,183,
2017-11-27,400986095,120,
2017-11-27,400987202,2229,
2017-11-27,400987202,2579,
2017-11-27,400989838,2184,
2017-11-27,400989838,172,
2017-11-27,400989991,2405,
2017-11-27,400989991,399,
2017-11-27,400990737,116,
2017-11-27,400990737,2415,
2017-11-27,400991083,315,
2017-11-27,400991083,349,
2017-11-27,400992557,295,
2017-11-27,400992557,2379,
2017-11-27,400992556,249,
2017-11-27,400992556,2755,
2017-11-27,400987973,2132,11.0
2017-11-27,400987973,2011,
2017-11-27,400988499,269,
2017-11-27,400988499,2197,
2017-11-27,400988933,2110,
2017-11-27,400988933,2413,
2017-11-27,400991953,2739,
2017-11-27,400991953,56,
2017-11-27,400987975,202,
2017-11-27,400987975,2636,
2017-11-27,400988940,309,
2017-11-27,400988940,2377,
2017-11-27,400989316,2710,
2017-11-27,400989316,85,
2017-11-27,400989992,399,
2017-11-27,400989992,2142,
2017-11-27,400988694,231,
2017-11-27,400988694,2737,
2017-11-27,400989631,282,
2017-11-27,400989631,2005,
2017-11-27,400989882,256,
2017-11-27,400989882,2244,
2017-11-27,400989903,45,
2017-11-27,400989903,2415,
2017-11-27,400989934,2561,
2017-11-27,400989934,179,
2017-11-27,400989966,2603,
2017-11-27,400989966,2083,
2017-11-27,400989978,257,
2017-11-27,400989978,261,
2017-11-27,400990102,2514,
2017-11-27,400990102,113,
2017-11-27,400988692,324,
2017-11-27,400988692,2747,
2017-11-27,400990138,315,
2017-11-27,400990138,2084,
2017-11-27,400990140,2454,
2017-11-27,400990140,2199,
2017-11-27,400990141,189,
2017-11-27,400990141,23,
2017-11-27,400990385,325,
2017-11-27,400990385,2032,
2017-11-27,400990740,2612,
2017-11-27,400990740,161,
2017-11-27,400990741,2754,
2017-11-27,400990741,2523,
2017-11-27,400990742,2349,
2017-11-27,400990742,2529,
2017-11-27,400988693,2230,
2017-11-27,400988693,2193,
2017-11-27,400988502,2507,
2017-11-27,400988502,2520,
2017-11-27,400989627,2623,
2017-11-27,400989627,36,
2017-11-27,400988501,46,
2017-11-27,400988501,311,
2017-11-27,400989628,2674,
2017-11-27,400989628,328,
2017-11-27,400989952,139,
2017-11-27,400989952,2711,
2017-11-27,400990384,2433,
2017-11-27,400990384,2296,
2017-11-27,400986099,2509,
2017-11-27,400986099,97,17.0
2017-11-27,400987976,2724,8.0
2017-11-27,400987976,2542,
2017-11-27,400989178,2305,2.0
2017-11-27,400989178,2649,
2017-11-27,400988939,2617,
2017-11-27,400988939,2449,
2017-11-27,400986100,154,
2017-11-27,400986100,356,
2017-11-27,400987977,41,
2017-11-27,400987977,171,
2017-11-27,400986101,259,
2017-11-27,400986101,2294,
2017-11-27,400988233,264,
2017-11-27,400988233,338,
2017-11-27,400989626,68,
2017-11-27,400989626,2350,
2017-11-27,400987050,2539,
2017-11-27,400987050,2540,
2017-11-27,400988234,25,
2017-11-27,400988234,2463,
2017-11-27,400987205,2633,
2017-11-27,400987205,2382,
2017-11-27,400987207,2168,
2017-11-27,400987207,2,
2017-11-27,400990746,2681,
2017-11-27,400990746,2217,
2017-11-27,400987210,218,
2017-11-27,400987210,2579,
2017-11-27,400986120,87,5.0
2017-11-27,400986120,2597,
2017-11-27,400988241,254,
2017-11-27,400988241,62,
2017-11-27,400992187,98,
2017-11-27,400992187,2750,
2017-11-27,400986909,204,
2017-11-27,400986909,2351,
2017-11-27,400988508,2599,
2017-11-27,400988508,2529,
2017-11-27,400989230,197,
2017-11-27,400989230,2400,
2017-11-27,400988700,55,
2017-11-27,400988700,2535,
2017-11-27,400990752,2619,
2017-11-27,400990752,2598,
2017-11-27,400990915,2428,
2017-11-27,400990915,2546,
2017-11-27,400988243,25,
2017-11-27,400988243,2608,
2017-11-27,400987989,2567,
2017-11-27,400987989,30,14.0
2017-11-27,400990611,2253,
2017-11-27,400990611,27,
2017-11-27,400991764,300,
2017-11-27,400991764,2440,
2017-11-27,400987051,9,20.0
2017-11-27,400987051,2539,
2017-11-27,400986958,13,
2017-11-27,400986958,2492,
2017-11-27,400987088,2541,
2017-11-27,400987088,2029,
2017-11-27,400990921,2634,
2017-11-27,400990921,288,
2017-11-27,400990917,93,
2017-11-27,400990917,50,
2017-11-27,400990916,94,
2017-11-27,400990916,2413,
2017-11-27,400991855,526,
2017-11-27,400991855,2393,
2017-11-27,400992562,2226,
2017-11-27,400992562,2065,
2017-11-27,400987216,248,
2017-11-27,400987216,8,
2017-11-27,400988950,2277,
2017-11-27,400988950,326,
2017-11-27,400989321,2710,
2017-11-27,400989321,193,
2017-11-27,400991252,270,
2017-11-27,400991252,147,
2017-11-27,400987215,269,
2017-11-27,400987215,61,
2017-11-27,400988506,2086,
2017-11-27,400988506,139,
2017-11-27,400990615,166,
2017-11-27,400990615,2504,
2017-11-27,400989639,21,
2017-11-27,400989639,71,
2017-11-27,400988507,305,
2017-11-27,400988507,2754,
2017-11-27,400986976,68,
2017-11-27,400986976,2501,
2017-11-27,400988953,2447,
2017-11-27,400988953,70,
2017-11-27,400988239,36,
2017-11-27,400988239,38,
2017-11-27,400988238,2483,
2017-11-27,400988238,68,
2017-11-27,400986881,2250,15.0
2017-11-27,400986881,156,25.0
2017-11-27,400986113,152,
2017-11-27,400986113,2569,
2017-11-27,400990145,2050,
2017-11-27,400990145,85,
2017-11-27,400991087,2099,
2017-11-27,400991087,159,
2017-11-27,400987214,96,7.0
2017-11-27,400987214,108,
2017-11-27,400990614,2547,
2017-11-27,400990614,331,
2017-11-27,400988240,265,
2017-11-27,400988240,302,
2017-11-27,400991946,2241,
2017-11-27,400991946,2908,
2017-11-27,400992936,2261,
2017-11-27,400992936,2605,
2017-11-27,400988936,2534,
2017-11-27,400988936,2544,
2017-11-27,400992360,2344,
2017-11-27,400992360,2220,
2017-11-27,400991452,2275,
2017-11-27,400991452,2404,
2017-11-27,400991250,2502,
2017-11-27,400991250,3217,
2017-11-27,400988941,2466,
2017-11-27,400988941,2358,
2017-11-27,400988949,2000,
2017-11-27,400988949,2544,
2017-11-27,400988938,2545,
2017-11-27,400988938,100,
2017-11-27,400992447,2239,
2017-11-27,400992447,2094,
2017-11-27,400992407,155,
2017-11-27,400992407,597,
2017-11-27,400990391,290,
2017-11-27,400990391,2632,
2017-11-27,400992914,2582,
2017-11-27,400992914,2728,
2017-12-04,400986883,264,
2017-12-04,400986883,2250,12.0
2017-12-04,400987228,333,
2017-12-04,400987228,227,
2017-12-04,400986127,153,11.0
2017-12-04,400986127,2717,
2017-12-04,400988959,2348,
2017-12-04,400988959,2617,
2017-12-04,400990618,2546,
2017-12-04,400990618,140,
2017-12-04,400991092,2368,
2017-12-04,400991092,2142,
2017-12-04,400991583,2169,
2017-12-04,400991583,2378,
2017-12-04,400986409,356,
2017-12-04,400986409,2046,
2017-12-04,400987226,2,
2017-12-04,400987226,2241,
2017-12-04,400987229,238,
2017-12-04,400987229,2393,
2017-12-04,400989814,2168,
2017-12-04,400989814,2635,
2017-12-04,400988960,292,
2017-12-04,400988960,357,
2017-12-04,400989331,233,
2017-12-04,400989331,2181,
2017-12-04,400989332,2710,
2017-12-04,400989332,44,
2017-12-04,400989641,249,
2017-12-04,400989641,282,
2017-12-04,400989642,139,
2017-12-04,400989642,79,
2017-12-04,400989840,2184,
2017-12-04,400989840,56,
2017-12-04,400990924,2739,
2017-12-04,400990924,2197,
2017-12-04,400988516,2752,13.0
2017-12-04,400988516,2309,
2017-12-04,400992060,2154,
2017-12-04,400992060,2426,
2017-12-04,400991680,2329,
2017-12-04,400991680,43,
2017-12-04,400991503,119,
2017-12-04,400991503,2415,
2017-12-04,400989883,2244,
2017-12-04,400989883,2729,
2017-12-04,400989904,45,
2017-12-04,400989904,163,
2017-12-04,400989936,2099,
2017-12-04,400989936,179,
2017-12-04,400989979,295,
2017-12-04,400989979,257,
2017-12-04,400989994,399,
2017-12-04,400989994,2803,
2017-12-04,400990020,2066,
2017-12-04,400990020,349,
2017-12-04,400990103,113,
2017-12-04,400990103,107,
2017-12-04,400990153,2199,
2017-12-04,400990153,2473,
2017-12-04,400990154,2174,
2017-12-04,400990154,2649,
2017-12-04,400990155,48,
2017-12-04,400990155,2084,
2017-12-04,400990156,2711,
2017-12-04,400990156,325,
2017-12-04,400990394,2261,
2017-12-04,400990394,324,
2017-12-04,400990756,2523,
2017-12-04,400990756,2520,
2017-12-04,400990923,85,
2017-12-04,400990923,2565,
2017-12-04,400991093,2405,
2017-12-04,400991093,2275,
2017-12-04,400991664,322,
2017-12-04,400991664,219,
2017-12-04,400987227,57,5.0
2017-12-04,400987227,2350,
2017-12-04,400991255,253,
2017-12-04,400991255,299,
2017-12-04,400988707,2430,
2017-12-04,400988707,2210,
2017-12-04,400991094,42,
2017-12-04,400991094,2514,
2017-12-04,400991562,171,
2017-12-04,400991562,2619,
2017-12-04,400986410,66,
2017-12-04,400986410,2294,
2017-12-04,400989643,2460,
2017-12-04,400989643,250,
2017-12-04,400988518,46,
2017-12-04,400988518,47,
2017-12-04,400987053,2539,
2017-12-04,400987053,331,
2017-12-04,400986131,154,
2017-12-04,400986131,349,
2017-12-04,400991531,311,
2017-12-04,400991531,159,
2017-12-04,400991996,2065,
2017-12-04,400991996,104,
2017-12-04,400986425,2509,21.0
2017-12-04,400986425,85,
2017-12-04,400989644,2623,
2017-12-04,400989644,2261,
2017-12-04,400988254,9,16.0
2017-12-04,400988254,2599,
2017-12-04,400988255,2483,
2017-12-04,400988255,36,
2017-12-04,400991685,27,
2017-12-04,400991685,2005,
2017-12-04,400988256,30,25.0
2017-12-04,400988256,201,
2017-12-04,400990072,2325,
2017-12-04,400990072,2182,
2017-12-04,400986413,164,
2017-12-04,400986413,2885,
2017-12-04,400986854,252,
2017-12-04,400986854,2287,
2017-12-04,400986411,120,
2017-12-04,400986411,195,
2017-12-04,400986997,166,
2017-12-04,400986997,301,
2017-12-04,400988250,38,
2017-12-04,400988250,167,
2017-12-04,400988517,305,
2017-12-04,400988517,2115,
2017-12-04,400988958,2005,
2017-12-04,400988958,2000,
2017-12-04,400990619,3084,
2017-12-04,400990619,2692,
2017-12-04,400991819,328,
2017-12-04,400991819,300,
2017-12-04,400992399,304,
2017-12-04,400992399,2463,
2017-12-04,400988249,2305,2.0
2017-12-04,400988249,264,
2017-12-04,400986977,2501,
2017-12-04,400986977,2239,
2017-12-04,400988251,25,
2017-12-04,400988251,2110,
2017-12-04,400988252,70,
2017-12-04,400988252,265,
2017-12-04,400993187,2351,
2017-12-04,400993187,2502,
2017-12-04,400986936,302,
2017-12-04,400986936,279,
2017-12-04,400992483,62,
2017-12-04,400992483,2504,
2017-12-04,400986412,2509,21.0
2017-12-04,400986412,2674,
2017-12-04,400989862,2230,
2017-12-04,400989862,108,
2017-12-04,400989330,2006,
2017-12-04,400989330,2870,
2017-12-04,400986417,130,
2017-12-04,400986417,26,
2017-12-04,400989259,2670,
2017-12-04,400989259,251,
2017-12-04,400990754,2529,
2017-12-04,400990754,159,
2017-12-04,400986126,221,
2017-12-04,400986126,116,
2017-12-04,400986638,2429,
2017-12-04,400986638,154,
2017-12-04,400987223,61,
2017-12-04,400987223,2737,
2017-12-04,400988512,269,
2017-12-04,400988512,261,
2017-12-04,400988702,2166,
2017-12-04,400988702,2678,
2017-12-04,400988703,276,
2017-12-04,400988703,236,
2017-12-04,400989640,189,
2017-12-04,400989640,339,
2017-12-04,400988957,2612,
2017-12-04,400988957,2277,
2017-12-04,400990152,2117,
2017-12-04,400990152,147,
2017-12-04,400990755,2681,
2017-12-04,400990755,2349,
2017-12-04,400991091,160,
2017-12-04,400991091,315,
2017-12-04,400991492,111,
2017-12-04,400991492,2083,
2017-12-04,400991880,294,
2017-12-04,400991880,270,
2017-12-04,400992371,2506,
2017-12-04,400992371,2569,
2017-12-04,400986122,277,18.0
2017-12-04,400986122,258,15.0
2017-12-04,400988704,2643,
2017-12-04,400988704,256,
2017-12-04,401000172,2608,
2017-12-04,401000172,16,
2017-12-04,400986121,57,5.0
2017-12-04,400986121,52,
2017-12-04,400986403,213,
2017-12-04,400986403,275,
2017-12-04,400987992,151,
2017-12-04,400987992,2097,
2017-12-04,400988701,2717,
2017-12-04,400988701,2026,
2017-12-04,400989839,2184,
2017-12-04,400989839,2379,
2017-12-04,400990555,2247,
2017-12-04,400990555,2335,
2017-12-04,400990570,232,
2017-12-04,400990570,2272,
2017-12-04,400990753,112358,
2017-12-04,400990753,2619,
2017-12-04,400986405,84,
2017-12-04,400986405,2294,
2017-12-04,400989216,201,
2017-12-04,400989216,2636,
2017-12-04,400989326,2449,
2017-12-04,400989326,2623,
2017-12-04,400988954,239,23.0
2017-12-04,400988954,2534,
2017-12-04,400990922,288,
2017-12-04,400990922,2057,
2017-12-04,400989154,66,
2017-12-04,400989154,2459,
2017-12-04,400986702,2390,10.0
2017-12-04,400986702,104,
2017-12-04,400986125,87,9.0
2017-12-04,400986125,2050,
2017-12-04,400986882,2250,12.0
2017-12-04,400986882,222,4.0
2017-12-04,400986124,41,
2017-12-04,400986124,183,
2017-12-04,400988248,204,
2017-12-04,400988248,2198,
2017-12-04,400989328,2439,
2017-12-04,400989328,198,
2017-12-04,400989329,2540,
2017-12-04,400989329,2437,
2017-12-04,400990617,278,
2017-12-04,400990617,2934,
2017-12-04,400988514,2253,
2017-12-04,400988514,2599,
2017-12-04,400987997,248,
2017-12-04,400987997,2217,
2017-12-04,400987996,2655,
2017-12-04,400987996,2582,
2017-12-04,400986129,259,
2017-12-04,400986129,2515,
2017-12-04,400986128,97,
2017-12-04,400986128,2561,
2017-12-04,400986130,52,
2017-12-04,400986130,2352,
2017-12-04,400986408,218,
2017-12-04,400986408,275,
2017-12-04,400986628,2747,
2017-12-04,400986628,59,
2017-12-04,400987225,2579,
2017-12-04,400987225,2751,
2017-12-04,400988515,2507,
2017-12-04,400988515,225,
2017-12-04,400988706,2193,
2017-12-04,400988706,94,
2017-12-04,400986959,2492,
2017-12-04,400986959,27,
2017-12-04,400986123,150,1.0
2017-12-04,400986123,2598,
2017-12-04,400986406,164,
2017-12-04,400986406,127,3.0
2017-12-04,400987221,12,
2017-12-04,400987221,245,7.0
2017-12-04,400988705,231,
2017-12-04,400988705,2427,
2017-12-04,400991856,526,
2017-12-04,400991856,2226,
2017-12-04,400987224,8,
2017-12-04,400987224,36,
2017-12-04,400987993,235,
2017-12-04,400987993,2535,
2017-12-04,400988513,156,
2017-12-04,400988513,155,
2017-12-04,400989199,2306,
2017-12-04,400989199,2908,
2017-12-04,400990393,2653,
2017-12-04,400990393,5,
2017-12-04,400989269,2641,
2017-12-04,400989269,2440,22.0
2017-12-04,400987994,2724,6.0
2017-12-04,400987994,2571,
2017-12-04,400990392,2032,
2017-12-04,400990392,2630,
2017-12-04,400987222,142,
2017-12-04,400987222,193,
2017-12-04,400988247,2086,
2017-12-04,400988247,254,
2017-12-04,400989327,2172,
2017-12-04,400989327,23,
2017-12-04,400987995,2628,20.0
2017-12-04,400987995,2567,
2017-12-04,400986407,158,
2017-12-04,400986407,135,14.0
2017-12-04,400986418,194,
2017-12-04,400986418,2729,
2017-12-04,400988964,2110,
2017-12-04,400988964,2031,
2017-12-04,400992564,2348,
2017-12-04,400992564,2296,
2017-12-04,400988002,2306,
2017-12-04,400988002,202,
2017-12-04,400991096,2363,
2017-12-04,400991096,2415,
2017-12-04,400990627,2608,
2017-12-04,400990627,2547,
2017-12-04,400988001,197,
2017-12-04,400988001,2724,6.0
2017-12-04,400987235,2393,
2017-12-04,400987235,145,
2017-12-04,400988261,21,
2017-12-04,400988261,25,
2017-12-04,400988962,2000,
2017-12-04,400988962,326,
2017-12-04,400990400,290,
2017-12-04,400990400,2542,
2017-12-04,400987238,57,5.0
2017-12-04,400987238,2132,17.0
2017-12-04,400986420,164,
2017-12-04,400986420,161,
2017-12-04,400988258,2638,
2017-12-04,400988258,265,
2017-12-04,400990623,2253,
2017-12-04,400990623,2755,
2017-12-04,400990401,2565,
2017-12-04,400990401,6,
2017-12-04,400990165,195,
2017-12-04,400990165,98,
2017-12-04,400990402,2572,
2017-12-04,400990402,2653,
2017-12-04,400987240,99,
2017-12-04,400987240,350,
2017-12-04,400989155,66,
2017-12-04,400989155,2016,
2017-12-04,400991746,13,
2017-12-04,400991746,278,
2017-12-04,400988259,204,
2017-12-04,400988259,2029,
2017-12-04,400987089,2541,
2017-12-04,400987089,2502,
2017-12-04,400986998,301,
2017-12-04,400986998,2464,
2017-12-04,400988966,249,
2017-12-04,400988966,2377,
2017-12-04,400986316,228,
2017-12-04,400986316,2535,
2017-12-04,400988520,46,
2017-12-04,400988520,2448,
2017-12-04,400988000,218,
2017-12-04,400988000,2603,
2017-12-04,400987231,2633,24.0
2017-12-04,400987231,288,
2017-12-04,401003535,55,
2017-12-04,401003535,2433,
2017-12-04,400987999,2116,
2017-12-04,400987999,2582,
2017-12-04,400990556,2247,
2017-12-04,400990556,149,
2017-12-04,400988709,2678,
2017-12-04,400988709,2344,
2017-12-04,400986134,152,
2017-12-04,400986134,140,
2017-12-04,400988961,2617,
2017-12-04,400988961,242,
2017-12-04,400989863,2230,
2017-12-04,400989863,2597,
2017-12-04,400991708,68,
2017-12-04,400991708,16,
2017-12-04,400991097,2885,
2017-12-04,400991097,314,
2017-12-04,400988519,2086,
2017-12-04,400988519,2754,
2017-12-04,400989884,2244,
2017-12-04,400989884,2428,
2017-12-04,400989647,2350,
2017-12-04,400989647,2450,
2017-12-04,400987236,96,8.0
2017-12-04,400987236,2405,
2017-12-04,400989645,2287,
2017-12-04,400989645,93,
2017-12-04,400986132,103,
2017-12-04,400986132,150,1.0
2017-12-04,400988711,2382,
2017-12-04,400988711,50,
2017-12-04,400988521,82,
2017-12-04,400988521,305,
2017-12-04,400988523,2550,19.0
2017-12-04,400988523,2670,
2017-12-04,400990162,2750,
2017-12-04,400990162,2309,
2017-12-04,400990621,2473,
2017-12-04,400990621,2130,
2017-12-04,400991257,2458,
2017-12-04,400991257,2824,
2017-12-04,400987234,344,
2017-12-04,400987234,2455,
2017-12-04,400988967,2466,
2017-12-04,400988967,2347,
2017-12-04,400988963,2320,
2017-12-04,400988963,2758,
2017-12-04,400990395,309,
2017-12-04,400990395,100,
2017-12-04,400988955,2916,
2017-12-04,400988955,2639,
2017-12-11,400990632,62,
2017-12-11,400990632,3084,
2017-12-11,400987090,30,
2017-12-11,400987090,2541,
2017-12-11,400986145,152,
2017-12-11,400986145,2430,
2017-12-11,400986139,235,
2017-12-11,400986139,97,
2017-12-11,400992509,2539,
2017-12-11,400992509,302,
2017-12-11,400988267,24,
2017-12-11,400988267,2172,
2017-12-11,400991643,82,
2017-12-11,400991643,159,
2017-12-11,400988527,156,
2017-12-11,400988527,2379,
2017-12-11,400988266,38,
2017-12-11,400988266,2571,
2017-12-11,400992198,2127,
2017-12-11,400992198,2198,
2017-12-11,400988970,2534,
2017-12-11,400988970,2031,
2017-12-11,400990932,2448,
2017-12-11,400990932,2634,
2017-12-11,400989346,2464,
2017-12-11,400989346,233,
2017-12-11,400989656,98,
2017-12-11,400989656,282,
2017-12-11,400989130,239,21.0
2017-12-11,400989130,2640,
2017-12-11,400988011,202,
2017-12-11,400988011,2504,
2017-12-11,400986433,77,
2017-12-11,400986433,2674,
2017-12-11,400992753,2582,
2017-12-11,400992753,50,
2017-12-11,400988969,2428,
2017-12-11,400988969,2377,
2017-12-11,400988718,2097,
2017-12-11,400988718,2643,
2017-12-11,400988010,58,
2017-12-11,400988010,2065,
2017-12-11,400991747,278,
2017-12-11,400991747,2029,
2017-12-11,400988265,2483,
2017-12-11,400988265,2502,
2017-12-11,400989270,2641,24.0
2017-12-11,400989270,338,
2017-12-11,400986437,2174,
2017-12-11,400986437,130,
2017-12-11,400986441,2086,
2017-12-11,400986441,2509,17.0
2017-12-11,400989345,2458,
2017-12-11,400989345,2172,
2017-12-11,400990168,2006,
2017-12-11,400990168,2400,
2017-12-11,400986961,2057,
2017-12-11,400986961,2492,
2017-12-11,400986146,87,18.0
2017-12-11,400986146,84,
2017-12-11,400990171,253,
2017-12-11,400990171,2117,
2017-12-11,400986438,2473,
2017-12-11,400986438,127,2.0
2017-12-11,400986141,96,8.0
2017-12-11,400986141,259,
2017-12-11,400988528,2752,10.0
2017-12-11,400988528,2193,
2017-12-11,400986144,258,16.0
2017-12-11,400986144,2166,
2017-12-11,400986142,52,19.0
2017-12-11,400986142,197,
2017-12-11,400991396,2169,
2017-12-11,400991396,48,
2017-12-11,400991628,2344,
2017-12-11,400991628,172,
2017-12-11,400990167,2649,
2017-12-11,400990167,2750,
2017-12-11,400986442,164,
2017-12-11,400986442,2550,15.0
2017-12-11,400990166,2084,
2017-12-11,400990166,2523,
2017-12-11,400989657,270,
2017-12-11,400989657,2350,
2017-12-11,400989347,2870,
2017-12-11,400989347,56,
2017-12-11,400989260,251,
2017-12-11,400989260,2348,
2017-12-11,400986691,221,
2017-12-11,400986691,2377,
2017-12-11,400986436,2181,
2017-12-11,400986436,2294,
2017-12-11,400986434,305,
2017-12-11,400986434,77,
2017-12-11,400987248,99,
2017-12-11,400987248,2617,
2017-12-11,400986140,46,
2017-12-11,400986140,183,
2017-12-11,400986703,45,
2017-12-11,400986703,2390,6.0
2017-12-11,400990629,68,
2017-12-11,400990629,2253,
2017-12-11,400987244,99,
2017-12-11,400987244,248,
2017-12-11,400988975,2545,
2017-12-11,400988975,2755,
2017-12-11,400986429,164,
2017-12-11,400986429,2230,
2017-12-11,400992427,2065,
2017-12-11,400992427,13,
2017-12-11,400991924,2142,
2017-12-11,400991924,2885,
2017-12-11,400991584,2378,
2017-12-11,400991584,2154,
2017-12-11,400991453,2619,
2017-12-11,400991453,2275,
2017-12-11,400991101,314,
2017-12-11,400991101,43,
2017-12-11,400991100,163,
2017-12-11,400991100,2405,
2017-12-11,400990764,2597,
2017-12-11,400990764,349,
2017-12-11,400989885,2244,
2017-12-11,400989885,290,
2017-12-11,400989652,282,
2017-12-11,400989652,2739,
2017-12-11,400988006,2116,
2017-12-11,400988006,2545,
2017-12-11,400986138,103,
2017-12-11,400986138,171,
2017-12-11,400988526,2550,15.0
2017-12-11,400988526,2612,
2017-12-11,400992291,2569,
2017-12-11,400992291,2127,
2017-12-11,400988525,305,
2017-12-11,400988525,2010,
2017-12-11,400986427,135,
2017-12-11,400986427,2181,
2017-12-11,400991934,50,
2017-12-11,400991934,2454,
2017-12-11,400991099,261,
2017-12-11,400991099,2561,
2017-12-11,400990763,42,
2017-12-11,400990763,2529,
2017-12-11,400988005,58,
2017-12-11,400988005,2229,
2017-12-11,400986426,77,
2017-12-11,400986426,2130,
2017-12-11,400987241,2132,25.0
2017-12-11,400987241,344,
2017-12-11,400990404,2348,
2017-12-11,400990404,309,
2017-12-11,400987242,245,9.0
2017-12-11,400987242,2542,
2017-12-11,400992566,2010,
2017-12-11,400992566,2572,
2017-12-11,400989654,71,
2017-12-11,400989654,2031,
2017-12-11,400989653,79,
2017-12-11,400989653,2296,
2017-12-11,400989344,2437,
2017-12-11,400989344,2032,
2017-12-11,400988009,2567,
2017-12-11,400988009,2443,
2017-12-11,400987243,145,
2017-12-11,400987243,2534,
2017-12-11,400986432,275,
2017-12-11,400986432,98,
2017-12-11,400986431,356,
2017-12-11,400986431,2344,
2017-12-11,400988008,218,
2017-12-11,400988008,222,1.0
2017-12-11,400989841,2184,
2017-12-11,400989841,2400,
2017-12-11,400986999,38,
2017-12-11,400986999,301,
2017-12-11,400988715,2430,
2017-12-11,400988715,350,
2017-12-11,400991575,2349,
2017-12-11,400991575,104,
2017-12-11,400988264,204,
2017-12-11,400988264,55,
2017-12-11,400991258,2751,
2017-12-11,400991258,331,
2017-12-11,400988007,235,
2017-12-11,400988007,399,
2017-12-11,400990927,2011,
2017-12-11,400990927,2634,
2017-12-11,400990403,2433,
2017-12-11,400990403,2755,
2017-12-11,400989953,139,
2017-12-11,400989953,93,
2017-12-11,400989343,2571,
2017-12-11,400989343,155,
2017-12-11,400987249,113,
2017-12-11,400987249,61,
2017-12-11,400992397,2011,
2017-12-11,400992397,2737,
2017-12-11,400986137,97,
2017-12-11,400986137,2803,
2017-12-11,400988271,167,
2017-12-11,400988271,12,23.0
2017-12-11,400988723,2635,
2017-12-11,400988723,236,
2017-12-11,400992401,149,
2017-12-11,400992401,27,
2017-12-11,400992521,2608,
2017-12-11,400992521,300,
2017-12-11,400986147,2633,20.0
2017-12-11,400986147,153,7.0
2017-12-11,400986443,2244,
2017-12-11,400986443,213,
2017-12-11,400990934,93,
2017-12-11,400990934,2368,
2017-12-11,400990408,292,
2017-12-11,400990408,250,
2017-12-11,400992311,2261,
2017-12-11,400992311,2241,
2017-12-11,400986629,59,
2017-12-11,400986629,50,
2017-12-11,400990170,276,
2017-12-11,400990170,195,
2017-12-11,400989200,2306,
2017-12-11,400989200,2546,
2017-12-11,400988980,79,
2017-12-11,400988980,2320,
2017-12-11,400987250,8,
2017-12-11,400987250,2653,
2017-12-11,400988721,2272,
2017-12-11,400988721,2747,
2017-12-11,400987246,344,
2017-12-11,400987246,2630,
2017-12-11,400989271,2641,24.0
2017-12-11,400989271,242,
2017-12-11,400986439,158,
2017-12-11,400986439,2305,13.0
2017-12-11,400991469,2229,
2017-12-11,400991469,256,
2017-12-11,400986884,2250,12.0
2017-12-11,400986884,155,
2017-12-11,400991103,2217,
2017-12-11,400991103,295,
2017-12-11,400987252,9,5.0
2017-12-11,400987252,238,
2017-12-11,400990022,2529,
2017-12-11,400990022,2066,
2017-12-11,400986148,103,
2017-12-11,400986148,2115,
2017-12-11,400991585,2378,
2017-12-11,400991585,94,
2017-12-11,400990770,112358,
2017-12-11,400990770,2612,
2017-12-11,400986856,252,
2017-12-11,400986856,254,
2017-12-11,400987000,301,
2017-12-11,400987000,249,
2017-12-11,400986979,2547,
2017-12-11,400986979,2501,
2017-12-11,400986938,279,
2017-12-11,400986938,2439,
2017-12-11,400988529,2507,
2017-12-11,400988529,2619,
2017-12-11,400991260,2692,
2017-12-11,400991260,2029,
2017-12-11,400987245,142,
2017-12-11,400987245,2454,
2017-12-11,400989348,526,
2017-12-11,400989348,198,
2017-12-11,400986435,356,
2017-12-11,400986435,166,
2017-12-11,400988724,350,
2017-12-11,400988724,231,
2017-12-11,400991686,349,
2017-12-11,400991686,2005,
2017-12-11,400988014,218,
2017-12-11,400988014,2182,
2017-12-11,400989156,2460,
2017-12-11,400989156,66,
2017-12-11,400990405,6,
2017-12-11,400990405,2197,
2017-12-11,400988013,2724,3.0
2017-12-11,400988013,201,
2017-12-11,400991882,2569,
2017-12-11,400991882,294,
2017-12-11,400991102,2450,
2017-12-11,400991102,315,
2017-12-11,400990933,55,
2017-12-11,400990933,2908,
2017-12-11,400990768,2520,
2017-12-11,400990768,2681,
2017-12-11,400989349,23,
2017-12-11,400989349,233,
2017-12-11,400988273,30,
2017-12-11,400988273,2540,
2017-12-11,400990766,2885,
2017-12-11,400990766,161,
2017-12-11,400990092,227,
2017-12-11,400990092,232,
2017-12-11,400989938,179,
2017-12-11,400989938,261,
2017-12-11,400989655,339,
2017-12-11,400989655,2046,
2017-12-11,400988973,2916,
2017-12-11,400988973,140,
2017-12-11,400988268,25,
2017-12-11,400988268,2239,
2017-12-11,400988012,26,
2017-12-11,400988012,2132,25.0
2017-12-11,400987247,145,
2017-12-11,400987247,2287,
2017-12-11,400992568,5,
2017-12-11,400992568,2010,
2017-12-11,400986143,57,22.0
2017-12-11,400986143,228,
2017-12-11,400986911,264,
2017-12-11,400986911,2351,
2017-12-11,400991261,331,
2017-12-11,400991261,2463,
2017-12-11,400992214,2440,
2017-12-11,400992214,2515,
2017-12-11,400990407,2226,
2017-12-11,400990407,2032,
2017-12-11,400990169,299,
2017-12-11,400990169,2199,
2017-12-11,400988530,2599,
2017-12-11,400988530,314,
2017-12-11,400988978,288,
2017-12-11,400988978,2000,
2017-12-11,400988722,2325,
2017-12-11,400988722,2382,
2017-12-11,400989996,399,
2017-12-11,400989996,2099,
2017-12-11,400989816,2168,
2017-12-11,400989816,2247,
2017-12-11,400988725,2427,
2017-12-11,400988725,2717,
2017-12-11,400989967,2603,
2017-12-11,400989967,311,
2017-12-11,400988015,202,
2017-12-11,400988015,2363,
2017-12-11,400990409,36,
2017-12-11,400990409,326,
2017-12-11,400989921,2670,
2017-12-11,400989921,2083,
2017-12-11,400988270,265,
2017-12-11,400988270,85,
2017-12-11,400987251,2,
2017-12-11,400987251,2393,
2017-12-11,400986440,194,
2017-12-11,400986440,2026,
2017-12-11,400988979,2413,
2017-12-11,400988979,2110,
2017-12-11,400990406,2934,
2017-12-11,400990406,290,
2017-12-11,400991437,104,
2017-12-11,400991437,2210,
2017-12-11,400990172,193,
2017-12-11,400990172,2521,
2017-12-11,400986428,120,
2017-12-11,400986428,2108,
2017-12-11,400991514,2729,
2017-12-11,400991514,2397,
2017-12-11,400991549,160,
2017-12-11,400991549,551,
2017-12-11,400989342,2449,
2017-12-11,400989342,628,
2017-12-11,401000240,324,
2017-12-11,401000240,2410,
2017-12-11,400992346,2335,
2017-12-11,400992346,3077,
2017-12-11,400988974,2466,
2017-12-11,400988974,2353,
2017-12-11,400988977,2447,
2017-12-11,400988977,510,
2017-12-11,400991826,70,
2017-12-11,400991826,2829,
2017-12-11,400988972,357,
2017-12-11,400988972,2610,
2017-12-11,400988971,2277,
2017-12-11,400988971,111162,
2017-12-11,400988719,2535,
2017-12-11,400988719,7639,
2017-12-11,400990765,116,
2017-12-11,400990765,2689,
2017-12-11,400992372,2506,
2017-12-11,400992372,2648,
2017-12-11,400988716,2678,
2017-12-11,400988716,2576,
2017-12-11,400992767,47,
2017-12-11,400992767,408,
2017-12-11,400992570,2636,
2017-12-11,400992570,492,
2017-12-11,400991820,328,
2017-12-11,400991820,109670,
2017-12-11,400992864,2016,
2017-12-11,400992864,2225,
2017-12-18,400999697,62,
2017-12-18,400999697,2166,
2017-12-18,400989663,2546,
2017-12-18,400989663,71,
2017-12-18,400988026,2507,
2017-12-18,400988026,248,
2017-12-18,400987262,57,
2017-12-18,400987262,256,
2017-12-18,400987263,238,
2017-12-18,400987263,2277,
2017-12-18,400988536,46,
2017-12-18,400988536,249,
2017-12-18,400989157,66,
2017-12-18,400989157,2379,
2017-12-18,400989905,45,
2017-12-18,400989905,160,
2017-12-18,400989939,179,
2017-12-18,400989939,111,
2017-12-18,400990104,113,
2017-12-18,400990104,2247,
2017-12-18,400990176,2649,
2017-12-18,400990176,2296,
2017-12-18,400990177,195,
2017-12-18,400990177,2504,
2017-12-18,400990417,2261,
2017-12-18,400990417,2026,
2017-12-18,400990635,48,
2017-12-18,400990635,2934,
2017-12-18,400990773,2115,
2017-12-18,400990773,311,
2017-12-18,400991107,2275,
2017-12-18,400991107,2363,
2017-12-18,400991263,294,
2017-12-18,400991263,2464,
2017-12-18,400988535,2603,
2017-12-18,400988535,2599,
2017-12-18,400988278,30,
2017-12-18,400988278,163,
2017-12-18,400990178,2739,
2017-12-18,400990178,189,
2017-12-18,400992464,16,
2017-12-18,400992464,2463,
2017-12-18,400987254,142,
2017-12-18,400987254,2617,
2017-12-18,400987259,333,
2017-12-18,400987259,2382,
2017-12-18,400988025,197,
2017-12-18,400988025,202,
2017-12-18,400988276,26,
2017-12-18,400988276,233,
2017-12-18,400988985,2638,
2017-12-18,400988985,2916,
2017-12-18,400991262,2751,
2017-12-18,400991262,2458,
2017-12-18,400992402,149,
2017-12-18,400992402,300,
2017-12-18,400988275,9,3.0
2017-12-18,400988275,2344,
2017-12-18,400991781,167,
2017-12-18,400991781,242,
2017-12-18,400986980,2501,
2017-12-18,400986980,42,
2017-12-18,400987056,2539,
2017-12-18,400987056,2515,
2017-12-18,400988277,264,
2017-12-18,400988277,2065,
2017-12-18,400988279,2547,
2017-12-18,400988279,25,
2017-12-18,400989817,2608,
2017-12-18,400989817,2168,
2017-12-18,400991766,2440,
2017-12-18,400991766,302,
2017-12-18,400991505,2473,
2017-12-18,400991505,119,
2017-12-18,400991629,172,
2017-12-18,400991629,322,
2017-12-18,400988537,2550,23.0
2017-12-18,400988537,2681,
2017-12-18,400989280,277,10.0
2017-12-18,400989280,2154,
2017-12-18,400989356,2335,
2017-12-18,400989356,2870,
2017-12-18,400986159,52,24.0
2017-12-18,400986159,2572,
2017-12-18,400992845,2348,
2017-12-18,400992845,2011,
2017-12-18,400986455,2509,16.0
2017-12-18,400986455,2634,
2017-12-18,400986452,120,
2017-12-18,400986452,161,
2017-12-18,400988029,2116,
2017-12-18,400988029,2569,
2017-12-18,400988031,58,
2017-12-18,400988031,2429,
2017-12-18,400988032,151,
2017-12-18,400988032,2755,
2017-12-18,400988283,2309,
2017-12-18,400988283,204,
2017-12-18,400988539,2086,
2017-12-18,400988539,2710,
2017-12-18,400988540,269,
2017-12-18,400988540,44,
2017-12-18,400988732,338,
2017-12-18,400988732,2535,
2017-12-18,400989355,2449,
2017-12-18,400989355,350,
2017-12-18,400989864,2230,
2017-12-18,400989864,50,
2017-12-18,400988730,55,
2017-12-18,400988730,236,
2017-12-18,400988028,2655,
2017-12-18,400988028,6,
2017-12-18,400991813,2439,
2017-12-18,400991813,2400,
2017-12-18,400986158,97,
2017-12-18,400986158,399,
2017-12-18,400986156,150,4.0
2017-12-18,400986156,339,
2017-12-18,400986450,158,
2017-12-18,400986450,2636,
2017-12-18,400987261,344,
2017-12-18,400987261,2031,
2017-12-18,400988027,235,
2017-12-18,400988027,2561,
2017-12-18,400988988,5,
2017-12-18,400988988,2443,
2017-12-18,400989132,239,18.0
2017-12-18,400989132,2582,
2017-12-18,400988280,254,
2017-12-18,400988280,2466,
2017-12-18,400988282,265,
2017-12-18,400988282,2306,
2017-12-18,400991821,328,
2017-12-18,400991821,2754,
2017-12-18,400988538,156,25.0
2017-12-18,400988538,2908,
2017-12-18,400987260,2633,21.0
2017-12-18,400987260,231,
2017-12-18,400986157,153,5.0
2017-12-18,400986157,2747,
2017-12-18,400989664,27,
2017-12-18,400989664,2674,
2017-12-18,400988281,2483,
2017-12-18,400988281,2110,
2017-12-18,400986962,2692,
2017-12-18,400986962,2492,
2017-12-18,400986446,2294,
2017-12-18,400986446,253,
2017-12-18,400986153,61,
2017-12-18,400986153,59,
2017-12-18,400986692,221,
2017-12-18,400986692,2169,
2017-12-18,400990633,2253,
2017-12-18,400990633,2400,
2017-12-18,400992195,304,
2017-12-18,400992195,2754,
2017-12-18,400988532,156,25.0
2017-12-18,400988532,250,
2017-12-18,400988274,12,18.0
2017-12-18,400988274,2449,
2017-12-18,400989248,2628,15.0
2017-12-18,400989248,2640,
2017-12-18,400986885,2250,12.0
2017-12-18,400986885,85,
2017-12-18,400987091,2541,
2017-12-18,400987091,2674,
2017-12-18,400988024,56,
2017-12-18,400988024,2116,
2017-12-18,400988533,2752,9.0
2017-12-18,400988533,276,
2017-12-18,400986151,228,
2017-12-18,400986151,2579,
2017-12-18,400986152,87,
2017-12-18,400986152,159,
2017-12-18,400986154,183,
2017-12-18,400986154,2084,
2017-12-18,400986155,152,
2017-12-18,400986155,2523,
2017-12-18,400986448,194,
2017-12-18,400986448,2643,
2017-12-18,400986449,213,
2017-12-18,400986449,2066,
2017-12-18,400989351,147,
2017-12-18,400989351,2172,
2017-12-18,400989261,251,
2017-12-18,400989261,2634,
2017-12-18,400988020,2567,
2017-12-18,400988020,68,
2017-12-18,400990542,2711,
2017-12-18,400990542,70,
2017-12-18,400986445,127,2.0
2017-12-18,400986445,2277,
2017-12-18,400986150,324,
2017-12-18,400986150,154,
2017-12-18,400988531,269,
2017-12-18,400988531,2459,
2017-12-18,400990771,44,
2017-12-18,400990771,116,
2017-12-18,400990936,2198,
2017-12-18,400990936,2450,
2017-12-18,400991104,2182,
2017-12-18,400991104,2514,
2017-12-18,400986149,52,24.0
2017-12-18,400986149,2127,
2017-12-18,400989179,2305,14.0
2017-12-18,400989179,2437,
2017-12-18,400986444,84,
2017-12-18,400986444,2870,
2017-12-18,400988019,2655,
2017-12-18,400988019,2447,
2017-12-18,400990935,55,
2017-12-18,400990935,47,
2017-12-18,400986644,259,
2017-12-18,400986644,2506,
2017-12-18,400987255,145,
2017-12-18,400987255,357,
2017-12-18,400989954,139,
2017-12-18,400989954,2097,
2017-12-18,400988727,2717,
2017-12-18,400988727,2272,
2017-12-18,400988022,2567,
2017-12-18,400988022,13,
2017-12-18,400988986,309,
2017-12-18,400988986,2545,
2017-12-18,400989353,2571,
2017-12-18,400989353,2181,
2017-12-18,400989660,2287,
2017-12-18,400989660,82,
2017-12-18,400989661,2623,
2017-12-18,400989661,2750,
2017-12-18,400989662,79,
2017-12-18,400989662,2448,
2017-12-18,400990175,140,
2017-12-18,400990175,2117,
2017-12-18,400990414,2046,
2017-12-18,400990414,2653,
2017-12-18,400990634,2565,
2017-12-18,400990634,2130,
2017-12-18,400990937,98,
2017-12-18,400990937,2057,
2017-12-18,400989272,2641,21.0
2017-12-18,400989272,2226,
2017-12-18,400988023,2724,11.0
2017-12-18,400988023,2032,
2017-12-18,400987253,245,8.0
2017-12-18,400987253,94,
2017-12-18,400988534,2086,
2017-12-18,400988534,2413,
2017-12-18,400989352,2197,
2017-12-18,400989352,2710,
2017-12-18,400987258,93,
2017-12-18,400987258,2,
2017-12-18,400987257,8,
2017-12-18,400987257,198,
2017-12-18,400987256,99,
2017-12-18,400987256,2534,
2017-12-18,400990412,338,
2017-12-18,400990412,290,
2017-12-18,400988728,2174,
2017-12-18,400988728,2193,
2017-12-18,400988729,2430,
2017-12-18,400988729,2427,
2017-12-18,400988987,2184,
2017-12-18,400988987,2320,
2017-12-18,400989922,2670,
2017-12-18,400989922,2737,
2017-12-18,400989981,257,
2017-12-18,400989981,2083,
2017-12-18,400990174,2050,
2017-12-18,400990174,2454,
2017-12-18,400990572,232,
2017-12-18,400990572,2569,
2017-12-18,400991106,107,
2017-12-18,400991106,314,
2017-12-18,400991105,315,
2017-12-18,400991105,325,
2017-12-18,400991213,2099,
2017-12-18,400991213,2210,
2017-12-18,400991857,2229,
2017-12-18,400991857,526,
2017-12-18,400988021,2132,20.0
2017-12-18,400988021,2029,
2017-12-18,400988983,201,17.0
2017-12-18,400988983,2466,
2017-12-18,400986650,258,13.0
2017-12-18,400986650,2542,
2017-12-18,400990093,227,
2017-12-18,400990093,314,
2017-12-18,400991728,36,
2017-12-18,400991728,299,
2017-12-18,400986459,201,17.0
2017-12-18,400986459,77,
2017-12-18,400988407,30,
2017-12-18,400988407,2006,
2017-12-18,400986457,2294,
2017-12-18,400986457,38,
2017-12-18,400990422,242,
2017-12-18,400990422,326,
2017-12-18,400990543,270,
2017-12-18,400990543,2711,
2017-12-18,400990941,2630,
2017-12-18,400990941,2029,
2017-12-18,400992573,295,
2017-12-18,400992573,2450,
2017-12-18,400990774,2598,
2017-12-18,400990774,2329,
2017-12-18,400991111,43,
2017-12-18,400991111,2405,
2017-12-18,400991110,2217,
2017-12-18,400991110,160,
2017-12-18,400990182,2473,
2017-12-18,400990182,2199,
2017-12-18,400990073,2083,
2017-12-18,400990073,2325,
2017-12-18,400990023,2066,
2017-12-18,400990023,112358,
2017-12-18,400988543,222,1.0
2017-12-18,400988543,2275,
2017-12-18,400988035,235,
2017-12-18,400988035,2352,
2017-12-18,400988545,46,
2017-12-18,400988545,2010,
2017-12-18,400989906,45,
2017-12-18,400989906,108,
2017-12-18,400986166,103,
2017-12-18,400986166,257,
2017-12-18,400986462,135,
2017-12-18,400986462,2226,
2017-12-18,400990778,2349,
2017-12-18,400990778,2115,
2017-12-18,400987274,2,
2017-12-18,400987274,41,
2017-12-18,400986162,62,
2017-12-18,400986162,2390,6.0
2017-12-18,400989781,166,
2017-12-18,400989781,2166,
2017-12-18,400986912,2351,
2017-12-18,400986912,2239,
2017-12-18,400988544,2460,
2017-12-18,400988544,2752,9.0
2017-12-18,400989249,2628,15.0
2017-12-18,400989249,2729,
2017-12-18,400989666,2623,
2017-12-18,400989666,2350,
2017-12-18,400990779,2612,
2017-12-18,400990779,2597,
2017-12-18,400989886,2244,
2017-12-18,400989886,2415,
2017-12-18,400986453,130,
2017-12-18,400986453,2010,
2017-12-18,400986857,252,
2017-12-18,400986857,304,
2017-12-18,400988541,305,
2017-12-18,400988541,193,
2017-12-18,400986463,142,
2017-12-18,400986463,356,
2017-12-18,400987092,2541,
2017-12-18,400987092,23,
2017-12-18,400986886,21,
2017-12-18,400986886,2250,12.0
2017-12-18,400988285,25,
2017-12-18,400988285,2502,
2017-12-18,400988284,24,
2017-12-18,400988284,2305,14.0
2017-12-18,400988733,2670,
2017-12-18,400988733,2678,
2017-12-18,400991108,261,
2017-12-18,400991108,2514,
2017-12-18,400992534,16,
2017-12-18,400992534,2540,
2017-12-18,400991655,108,
2017-12-18,400991655,104,
2017-12-18,400991912,2426,
2017-12-18,400991912,288,
2017-12-18,400986451,84,
2017-12-18,400986451,2635,
2017-12-18,400990775,159,
2017-12-18,400990775,2803,
2017-12-18,400991109,225,
2017-12-18,400991109,2368,
2017-12-18,400987271,238,
2017-12-18,400987271,2016,
2017-12-18,400986461,213,
2017-12-18,400986461,2520,
2017-12-18,400986460,164,
2017-12-18,400986460,2619,
2017-12-18,400988542,2507,
2017-12-18,400988542,2529,
2017-12-18,400989668,282,
2017-12-18,400989668,2210,
2017-12-18,400991673,163,
2017-12-18,400991673,2393,
2017-12-18,400986939,9,3.0
2017-12-18,400986939,279,
2017-12-18,400986464,275,
2017-12-18,400986464,2739,
2017-12-18,400987268,61,
2017-12-18,400987268,218,
2017-12-18,400988993,2534,
2017-12-18,400988993,3084,
2017-12-18,400988992,2641,21.0
2017-12-18,400988992,2000,
2017-12-18,400989231,197,
2017-12-18,400989231,292,
2017-12-18,400987273,96,7.0
2017-12-18,400987273,26,
2017-12-18,400990411,2433,
2017-12-18,400990411,2398,
2017-12-18,400991748,278,
2017-12-18,400991748,2863,
2017-12-18,400991925,2885,
2017-12-18,400991925,109684,
2017-12-18,400991682,331,
2017-12-18,400991682,531,
2017-12-18,400992022,2142,
2017-12-18,400992022,220,
2017-12-18,400991687,2005,
2017-12-18,400991687,3094,
2017-12-18,400992312,2241,
2017-12-18,400992312,2648,
2017-12-18,400988984,2377,
2017-12-18,400988984,2637,
2017-12-18,400987001,301,
2017-12-18,400987001,109670,
2017-12-25,400988297,2483,
2017-12-25,400988297,38,
2017-12-25,400991117,315,
2017-12-25,400991117,314,
2017-12-25,400990424,2031,
2017-12-25,400990424,309,
2017-12-25,400986471,158,
2017-12-25,400986471,56,
2017-12-25,400986469,120,
2017-12-25,400986469,2378,
2017-12-25,400986468,2294,
2017-12-25,400986468,2459,
2017-12-25,400986467,84,
2017-12-25,400986467,2754,
2017-12-25,400990781,2115,
2017-12-25,400990781,2598,
2017-12-25,400990427,2026,
2017-12-25,400990427,326,
2017-12-25,400992023,107,
2017-12-25,400992023,2142,
2017-12-25,400989232,197,
2017-12-25,400989232,277,7.0
2017-12-25,400992055,2352,
2017-12-25,400992055,2426,
2017-12-25,400992042,322,
2017-12-25,400992042,2329,
2017-12-25,400991979,104,
2017-12-25,400991979,349,
2017-12-25,400991960,2083,
2017-12-25,400991960,44,
2017-12-25,400991116,2368,
2017-12-25,400991116,2561,
2017-12-25,400986887,2250,20.0
2017-12-25,400986887,279,
2017-12-25,400990783,2681,
2017-12-25,400990783,116,
2017-12-25,400990423,324,
2017-12-25,400990423,250,
2017-12-25,400990189,2050,
2017-12-25,400990189,50,
2017-12-25,400986470,127,2.0
2017-12-25,400986470,325,
2017-12-25,400991118,2099,
2017-12-25,400991118,2520,
2017-12-25,400990782,112358,
2017-12-25,400990782,161,
2017-12-25,400990190,219,
2017-12-25,400990190,2649,
2017-12-25,400990784,2529,
2017-12-25,400990784,2597,
2017-12-25,400990780,2803,
2017-12-25,400990780,2523,
2017-12-25,400986170,96,16.0
2017-12-25,400986170,97,
2017-12-25,400986913,2608,
2017-12-25,400986913,2351,
2017-12-25,400990642,2547,
2017-12-25,400990642,2755,
2017-12-25,400990641,300,
2017-12-25,400990641,166,
2017-12-25,400991268,155,
2017-12-25,400991268,70,
2017-12-25,400989133,2641,22.0
2017-12-25,400989133,239,18.0
2017-12-25,400990428,2653,
2017-12-25,400990428,290,
2017-12-25,400990425,6,
2017-12-25,400990425,2247,
2017-12-25,400989217,2628,10.0
2017-12-25,400989217,201,12.0
2017-12-25,400992330,2737,
2017-12-25,400992330,2272,
2017-12-25,400992271,2427,
2017-12-25,400992271,2097,
2017-12-25,400991533,171,
2017-12-25,400991533,311,
2017-12-25,400991418,2210,
2017-12-25,400991418,2182,
2017-12-25,400988296,30,
2017-12-25,400988296,265,
2017-12-25,400986472,135,
2017-12-25,400986472,108,
2017-12-25,400986175,87,
2017-12-25,400986175,59,
2017-12-25,400987279,8,
2017-12-25,400987279,2633,19.0
2017-12-25,400992125,2739,
2017-12-25,400992125,2473,
2017-12-25,400988739,2643,
2017-12-25,400988739,2717,
2017-12-25,400988738,2678,
2017-12-25,400988738,231,
2017-12-25,400986477,213,
2017-12-25,400986477,2154,
2017-12-25,400989865,2670,
2017-12-25,400989865,2230,
2017-12-25,400988040,41,
2017-12-25,400988040,2724,8.0
2017-12-25,400986174,153,13.0
2017-12-25,400986174,154,
2017-12-25,400986476,194,
2017-12-25,400986476,193,
2017-12-25,400986475,77,
2017-12-25,400986475,225,
2017-12-25,400992486,62,
2017-12-25,400992486,47,
2017-12-25,400988291,26,
2017-12-25,400988291,265,
2017-12-25,400988290,204,
2017-12-25,400988290,38,
2017-12-25,400988289,30,
2017-12-25,400988289,264,
2017-12-25,400988288,2483,
2017-12-25,400988288,254,
2017-12-25,400989180,251,
2017-12-25,400989180,2305,11.0
2017-12-25,400991269,2458,
2017-12-25,400991269,331,
2017-12-25,400989158,66,
2017-12-25,400989158,2306,
2017-12-25,400990426,2032,
2017-12-25,400990426,2433,
2017-12-25,400986963,2541,
2017-12-25,400986963,2492,
2017-12-25,400992575,2638,
2017-12-25,400992575,249,
2017-12-25,400988552,2752,6.0
2017-12-25,400988552,305,
2017-12-25,400991688,167,
2017-12-25,400991688,2005,
2017-12-25,400988551,2599,
2017-12-25,400988551,2507,
2017-12-25,400988039,58,
2017-12-25,400988039,248,
2017-12-25,400988038,218,
2017-12-25,400988038,2655,
2017-12-25,400986466,164,
2017-12-25,400986466,42,
2017-12-25,400988550,2550,23.0
2017-12-25,400988550,156,25.0
2017-12-25,400988037,202,
2017-12-25,400988037,151,
2017-12-25,400991397,48,
2017-12-25,400991397,172,
2017-12-25,400988996,2110,
2017-12-25,400988996,357,
2017-12-25,400986169,259,
2017-12-25,400986169,2448,
2017-12-25,400991767,278,
2017-12-25,400991767,2440,
2017-12-25,400991709,68,
2017-12-25,400991709,36,
2017-12-25,400991804,328,
2017-12-25,400991804,23,
2017-12-25,400991794,2751,
2017-12-25,400991794,21,
2017-12-25,400990638,2253,
2017-12-25,400990638,2415,
2017-12-25,400990640,3084,
2017-12-25,400990640,27,
2017-12-25,400988036,2567,
2017-12-25,400988036,2116,
2017-12-25,400986465,275,
2017-12-25,400986465,2130,
2017-12-25,400988549,269,
2017-12-25,400988549,2752,6.0
2017-12-25,400987276,8,
2017-12-25,400987276,2934,
2017-12-25,400988548,305,
2017-12-25,400988548,222,1.0
2017-12-25,400991665,219,
2017-12-25,400991665,2169,
2017-12-25,400990094,227,
2017-12-25,400990094,526,
2017-12-25,400986167,183,
2017-12-25,400986167,2199,
2017-12-25,400988547,46,
2017-12-25,400988547,2086,
2017-12-25,400999701,2390,15.0
2017-12-25,400999701,2393,
2017-12-25,400999699,62,
2017-12-25,400999699,163,
2017-12-25,400988736,2382,
2017-12-25,400988736,338,
2017-12-25,400989672,282,
2017-12-25,400989672,2674,
2017-12-25,400989997,399,
2017-12-25,400989997,2309,
2017-12-25,400990185,2084,
2017-12-25,400990185,2885,
2017-12-25,400987277,235,
2017-12-25,400987277,99,
2017-12-25,400987002,301,
2017-12-25,400987002,2539,
2017-12-25,400986859,252,
2017-12-25,400986859,2501,
2017-12-25,400991267,2464,
2017-12-25,400991267,149,
2017-12-25,400991266,253,
2017-12-25,400991266,147,
2017-12-25,400990949,2635,
2017-12-25,400990949,2413,
2017-12-25,400990948,2546,
2017-12-25,400990948,2057,
2017-12-25,400990947,55,
2017-12-25,400990947,2198,
2017-12-25,400992578,2636,
2017-12-25,400992578,242,
2017-12-25,400992577,98,
2017-12-25,400992577,2348,
2017-12-25,400992156,270,
2017-12-25,400992156,2473,
2017-12-25,400992105,2739,
2017-12-25,400992105,2174,
2017-12-25,400990946,93,
2017-12-25,400990946,2197,
2017-12-25,400990944,2046,
2017-12-25,400990944,2565,
2017-12-25,400989673,2181,
2017-12-25,400989673,71,
2017-12-25,400989671,2460,
2017-12-25,400989671,79,
2017-12-25,400989000,2447,
2017-12-25,400989000,2466,
2017-12-25,400988998,2320,
2017-12-25,400988998,2277,
2017-12-25,400988997,2545,
2017-12-25,400988997,2617,
2017-12-25,400988995,2443,
2017-12-25,400988995,2000,
2017-12-25,400992141,94,
2017-12-25,400992141,85,
2017-12-25,400991115,2514,
2017-12-25,400991115,2405,
2017-12-25,400988999,2377,
2017-12-25,400988999,2916,
2017-12-25,400992576,276,
2017-12-25,400992576,2572,
2017-12-25,400992179,2750,
2017-12-25,400992179,82,
2017-12-25,400991114,2217,
2017-12-25,400991114,2612,
2017-12-25,400990945,2630,
2017-12-25,400990945,2634,
2017-12-25,400986172,258,9.0
2017-12-25,400986172,103,
2017-12-25,400989956,2325,
2017-12-25,400989956,139,
2017-12-25,400986171,150,4.0
2017-12-25,400986171,52,24.0
2017-12-25,400986480,127,2.0
2017-12-25,400986480,2542,
2017-12-25,400991710,2439,
2017-12-25,400991710,68,
2017-12-25,400991273,16,
2017-12-25,400991273,2502,
2017-12-25,400992467,2463,
2017-12-25,400992467,2415,
2017-12-25,400988293,24,
2017-12-25,400988293,25,
2017-12-25,400988292,12,17.0
2017-12-25,400988292,9,3.0
2017-12-25,400991271,2692,
2017-12-25,400991271,304,
2017-12-25,400989003,2000,
2017-12-25,400989003,2534,
2017-12-25,400986478,2509,14.0
2017-12-25,400986478,288,
2017-12-25,400990645,3084,
2017-12-25,400990645,2239,
2017-12-25,400990644,292,
2017-12-25,400990644,2261,
2017-12-25,400989366,198,
2017-12-25,400989366,2437,
2017-12-25,400989940,179,
2017-12-25,400989940,113,
2017-12-25,400988741,2535,
2017-12-25,400988741,236,
2017-12-25,400992585,2229,
2017-12-25,400992585,2226,
2017-12-25,400988742,2382,
2017-12-25,400988742,2193,
2017-12-25,400987284,96,16.0
2017-12-25,400987284,61,
2017-12-25,400987283,145,
2017-12-25,400987283,2579,
2017-12-25,400988043,2132,21.0
2017-12-25,400988043,235,
2017-12-25,400989677,2674,
2017-12-25,400989677,2623,
2017-12-25,400989675,2287,
2017-12-25,400989675,282,
2017-12-25,400992583,295,
2017-12-25,400992583,2429,
2017-12-25,400999698,2166,
2017-12-25,400999698,2006,
2017-12-25,400989674,2350,
2017-12-25,400989674,339,
2017-12-25,400986479,275,
2017-12-25,400986479,2349,
2017-12-25,400988740,2430,
2017-12-25,400988740,2747,
2017-12-25,400987278,344,
2017-12-25,400987278,2454,
2017-12-25,400992374,2506,
2017-12-25,400992374,2515,
2017-12-25,400992313,2241,
2017-12-25,400992313,2335,
2017-12-25,400990191,2711,
2017-12-25,400990191,2130,
2017-12-25,400989782,257,
2017-12-25,400989782,2166,
2017-12-25,400987281,57,
2017-12-25,400987281,238,
2017-12-25,400989365,233,
2017-12-25,400989365,2172,
2017-12-25,400986473,356,
2017-12-25,400986473,2253,
2017-12-25,400989819,2184,
2017-12-25,400989819,2168,
2017-12-25,400989887,227,
2017-12-25,400989887,2244,
2017-12-25,400989907,45,
2017-12-25,400989907,2603,
2017-12-25,400986173,221,
2017-12-25,400986173,2390,15.0
2017-12-25,400991681,338,
2017-12-25,400991681,43,
2017-12-25,400991470,256,
2017-12-25,400991470,111,
2017-12-25,400990573,232,
2017-12-25,400990573,119,
2017-12-25,400986176,228,
2017-12-25,400986176,152,
2017-12-25,400991119,2363,
2017-12-25,400991119,2217,
2017-12-25,400991563,2619,
2017-12-25,400991563,2450,
2017-12-25,400991550,160,
2017-12-25,400991550,159,
2017-12-25,400991398,350,
2017-12-25,400991398,48,
2017-12-25,400987280,2,
2017-12-25,400987280,172,
2017-12-25,400991454,2729,
2017-12-25,400991454,2275,
2017-12-25,400987282,333,
2017-12-25,400987282,245,5.0
2017-12-25,400986474,130,
2017-12-25,400986474,294,
2017-12-25,400992293,2127,
2017-12-25,400992293,2344,
2017-12-25,400992579,5,
2017-12-25,400992579,2393,
2017-12-25,400991947,2908,
2017-12-25,400991947,2822,
2017-12-25,400989362,2449,
2017-12-25,400989362,2939,
2017-12-25,400990024,2066,
2017-12-25,400990024,347,
2017-12-25,400992813,2428,
2017-12-25,400992813,2592,
2017-12-25,400989363,2571,
2017-12-25,400989363,597,
2017-12-25,400992915,2582,
2017-12-25,400992915,3120,
2017-12-25,400993507,2710,
2017-12-25,400993507,111174,
2017-12-25,400992943,2379,
2017-12-25,400992943,3164,
2017-12-25,400992497,299,
2017-12-25,400992497,3082,
2017-12-25,400992905,2504,
2017-12-25,400992905,2299,
2017-12-25,400990188,195,
2017-12-25,400990188,3250,
2017-12-25,400990330,2117,
2017-12-25,400990330,111168,
2017-12-25,400990639,140,
2017-12-25,400990639,2048,
2017-12-25,400992510,302,
2017-12-25,400992510,2868,
2017-12-25,400992428,13,
2017-12-25,400992428,2468,
2017-12-25,400992535,2540,
2017-12-25,400992535,594,
2017-12-25,400989364,2870,
2017-12-25,400989364,2985,
2017-12-25,400990184,189,
2017-12-25,400990184,109671,
2018-01-01,400988307,24,
2018-01-01,400988307,30,
2018-01-01,400988049,2724,9.0
2018-01-01,400988049,248,
2018-01-01,400990793,2523,
2018-01-01,400990793,2597,
2018-01-01,400990794,2681,
2018-01-01,400990794,2529,
2018-01-01,400990956,2046,
2018-01-01,400990956,2630,
2018-01-01,400991576,2349,
2018-01-01,400991576,261,
2018-01-01,400992086,325,
2018-01-01,400992086,2739,
2018-01-01,400992143,85,
2018-01-01,400992143,82,
2018-01-01,400992586,2226,
2018-01-01,400992586,5,
2018-01-01,400992590,2229,
2018-01-01,400992590,2393,
2018-01-01,400990544,2247,
2018-01-01,400990544,2031,
2018-01-01,400989820,2168,
2018-01-01,400989820,179,
2018-01-01,400988744,236,
2018-01-01,400988744,2717,
2018-01-01,400988745,231,
2018-01-01,400988745,2643,
2018-01-01,400990435,290,
2018-01-01,400990435,2032,
2018-01-01,400992587,2348,
2018-01-01,400992587,2636,
2018-01-01,400988746,2535,
2018-01-01,400988746,2193,
2018-01-01,400989371,198,
2018-01-01,400989371,2870,
2018-01-01,400990436,2433,
2018-01-01,400990436,324,
2018-01-01,400990957,2057,
2018-01-01,400990957,2635,
2018-01-01,400990792,2598,
2018-01-01,400990792,112358,
2018-01-01,400990791,161,
2018-01-01,400990791,2115,
2018-01-01,400990790,116,
2018-01-01,400990790,2803,
2018-01-01,400988743,2747,
2018-01-01,400988743,2678,
2018-01-01,400992847,2755,
2018-01-01,400992847,2011,
2018-01-01,400992867,2640,
2018-01-01,400992867,2016,
2018-01-01,400992906,2504,
2018-01-01,400992906,2582,
2018-01-01,400987290,99,
2018-01-01,400987290,96,17.0
2018-01-01,400986182,87,
2018-01-01,400986182,152,
2018-01-01,400986486,135,
2018-01-01,400986486,356,
2018-01-01,400987289,2579,
2018-01-01,400987289,142,
2018-01-01,400991711,68,
2018-01-01,400991711,167,
2018-01-01,400991750,328,
2018-01-01,400991750,278,
2018-01-01,400986183,59,
2018-01-01,400986183,2390,15.0
2018-01-01,400986645,259,
2018-01-01,400986645,258,8.0
2018-01-01,400989218,201,7.0
2018-01-01,400989218,197,
2018-01-01,400992448,2239,
2018-01-01,400992448,27,
2018-01-01,400991769,2440,
2018-01-01,400991769,2751,
2018-01-01,400991805,23,
2018-01-01,400991805,2439,
2018-01-01,400990958,2413,
2018-01-01,400990958,2197,
2018-01-01,400986488,2294,
2018-01-01,400986488,194,
2018-01-01,400990959,2198,
2018-01-01,400990959,2565,
2018-01-01,400990961,93,
2018-01-01,400990961,2546,
2018-01-01,400992588,242,
2018-01-01,400992588,295,
2018-01-01,400986983,2501,
2018-01-01,400986983,301,
2018-01-01,400991278,70,
2018-01-01,400991278,16,
2018-01-01,400992429,13,
2018-01-01,400992429,2540,
2018-01-01,400992487,299,
2018-01-01,400992487,62,
2018-01-01,400992511,302,
2018-01-01,400992511,300,
2018-01-01,400988301,25,
2018-01-01,400988301,30,
2018-01-01,400986861,2539,
2018-01-01,400986861,252,
2018-01-01,400986889,2492,
2018-01-01,400986889,2250,19.0
2018-01-01,400992034,2329,
2018-01-01,400992034,107,
2018-01-01,400990198,2649,
2018-01-01,400990198,2006,
2018-01-01,400986489,164,
2018-01-01,400986489,275,
2018-01-01,400990575,2182,
2018-01-01,400990575,232,
2018-01-01,400991125,2520,
2018-01-01,400991125,2217,
2018-01-01,400991126,2561,
2018-01-01,400991126,315,
2018-01-01,400991127,2405,
2018-01-01,400991127,2363,
2018-01-01,400988306,254,
2018-01-01,400988306,9,4.0
2018-01-01,400991399,48,
2018-01-01,400991399,2729,
2018-01-01,400991439,111,
2018-01-01,400991439,2210,
2018-01-01,400988300,24,
2018-01-01,400988300,26,
2018-01-01,400986940,2608,
2018-01-01,400986940,279,
2018-01-01,400992589,2572,
2018-01-01,400992589,2638,
2018-01-01,400986915,2351,
2018-01-01,400986915,2541,
2018-01-01,400992591,249,
2018-01-01,400992591,2429,
2018-01-01,400986487,127,1.0
2018-01-01,400986487,120,
2018-01-01,400990437,309,
2018-01-01,400990437,2026,
2018-01-01,400990438,250,
2018-01-01,400990438,2653,
2018-01-01,400992157,2754,
2018-01-01,400992157,270,
2018-01-01,400990439,326,
2018-01-01,400990439,6,
2018-01-01,400990960,2634,
2018-01-01,400990960,55,
2018-01-01,400988298,38,
2018-01-01,400988298,9,4.0
2018-01-01,400988051,2655,
2018-01-01,400988051,2567,
2018-01-01,400989683,2623,
2018-01-01,400989683,2460,
2018-01-01,400991276,147,
2018-01-01,400991276,2458,
2018-01-01,400991277,149,
2018-01-01,400991277,155,
2018-01-01,400991280,2692,
2018-01-01,400991280,2464,
2018-01-01,400991281,304,
2018-01-01,400991281,253,
2018-01-01,400988050,218,
2018-01-01,400988050,2132,19.0
2018-01-01,400988299,254,
2018-01-01,400988299,12,14.0
2018-01-01,400991279,331,
2018-01-01,400991279,2502,
2018-01-01,400992827,2296,
2018-01-01,400992827,2010,
2018-01-01,400992754,50,
2018-01-01,400992754,47,
2018-01-01,400991481,119,
2018-01-01,400991481,350,
2018-01-01,400992294,2335,
2018-01-01,400992294,2127,
2018-01-01,400991455,111,
2018-01-01,400991455,2275,
2018-01-01,400991471,256,
2018-01-01,400991471,2729,
2018-01-01,400991592,108,
2018-01-01,400991592,261,
2018-01-01,400991961,44,
2018-01-01,400991961,2142,
2018-01-01,400991980,349,
2018-01-01,400991980,2352,
2018-01-01,400991997,2083,
2018-01-01,400991997,104,
2018-01-01,400992033,322,
2018-01-01,400992033,107,
2018-01-01,400992049,2426,
2018-01-01,400992049,2329,
2018-01-01,400987286,2633,23.0
2018-01-01,400987286,2,
2018-01-01,400992721,2450,
2018-01-01,400992721,2154,
2018-01-01,400989134,239,
2018-01-01,400989134,2628,16.0
2018-01-01,400988557,2752,5.0
2018-01-01,400988557,2086,
2018-01-01,400990646,2908,
2018-01-01,400990646,140,
2018-01-01,400990197,2459,
2018-01-01,400990197,2309,
2018-01-01,400986178,97,
2018-01-01,400986178,221,
2018-01-01,400986484,77,
2018-01-01,400986484,158,
2018-01-01,400988558,305,
2018-01-01,400988558,46,
2018-01-01,400991124,2368,
2018-01-01,400991124,2363,
2018-01-01,400989201,2306,
2018-01-01,400989201,277,6.0
2018-01-01,400992895,2400,
2018-01-01,400992895,2029,
2018-01-01,400989159,66,
2018-01-01,400989159,251,
2018-01-01,400986481,275,
2018-01-01,400986481,84,
2018-01-01,400986482,2294,
2018-01-01,400986482,130,
2018-01-01,400986483,120,
2018-01-01,400986483,213,
2018-01-01,400987288,238,
2018-01-01,400987288,333,
2018-01-01,400990192,2117,
2018-01-01,400990192,195,
2018-01-01,400990193,2050,
2018-01-01,400990193,2199,
2018-01-01,400990194,189,
2018-01-01,400990194,193,
2018-01-01,400990195,2711,
2018-01-01,400990195,2006,
2018-01-01,400990196,2084,
2018-01-01,400990196,2649,
2018-01-01,400991730,36,
2018-01-01,400991730,21,
2018-01-01,400987285,344,
2018-01-01,400987285,8,22.0
2018-01-01,400987287,245,11.0
2018-01-01,400987287,57,
2018-01-01,400986181,103,
2018-01-01,400986181,228,25.0
2018-01-01,400986179,52,24.0
2018-01-01,400986179,153,12.0
2018-01-01,400989007,2534,
2018-01-01,400989007,2110,
2018-01-01,400989888,113,
2018-01-01,400989888,2244,
2018-01-01,400992704,2065,
2018-01-01,400992704,2569,
2018-01-01,400992737,2169,
2018-01-01,400992737,2428,
2018-01-01,400992782,2415,
2018-01-01,400992782,2379,
2018-01-01,400988560,156,
2018-01-01,400988560,2599,
2018-01-01,400989008,2000,
2018-01-01,400989008,2377,
2018-01-01,400989009,2617,
2018-01-01,400989009,2447,
2018-01-01,400989010,357,
2018-01-01,400989010,2466,
2018-01-01,400989011,2443,
2018-01-01,400989011,2320,
2018-01-01,400989369,233,
2018-01-01,400989369,2710,
2018-01-01,400989370,2449,
2018-01-01,400989370,2571,
2018-01-01,400989679,2350,
2018-01-01,400989679,282,
2018-01-01,400989680,79,
2018-01-01,400989680,339,
2018-01-01,400989681,2181,
2018-01-01,400989681,2287,
2018-01-01,400989682,71,
2018-01-01,400989682,2674,
2018-01-01,400986485,2509,13.0
2018-01-01,400986485,164,
2018-01-01,400992383,2515,
2018-01-01,400992383,2737,
2018-01-01,400989181,2305,10.0
2018-01-01,400989181,2641,18.0
2018-01-01,400992361,2344,
2018-01-01,400992361,2506,
2018-01-01,400987291,61,
2018-01-01,400987291,145,
2018-01-01,400988559,2507,
2018-01-01,400988559,269,
2018-01-01,400986180,154,
2018-01-01,400986180,183,
2018-01-01,400988046,58,
2018-01-01,400988046,151,
2018-01-01,400988047,202,
2018-01-01,400988047,41,
2018-01-01,400988048,2116,
2018-01-01,400988048,235,
2018-01-01,400989783,2166,
2018-01-01,400989783,139,
2018-01-01,400989843,2184,
2018-01-01,400989843,45,
2018-01-01,400989866,2230,
2018-01-01,400989866,257,
2018-01-01,400989923,2603,
2018-01-01,400989923,2670,
2018-01-01,400989998,399,
2018-01-01,400989998,42,
2018-01-01,400990074,227,
2018-01-01,400990074,2325,
2018-01-01,400991534,2619,
2018-01-01,400991534,311,
2018-01-01,400991551,2378,
2018-01-01,400991551,160,
2018-01-01,400991595,225,
2018-01-01,400991595,2885,
2018-01-01,400992272,2097,
2018-01-01,400992272,2241,
2018-01-01,400992331,2272,
2018-01-01,400992331,2427,
2018-01-01,400991128,314,
2018-01-01,400991128,2612,
2018-01-01,400989017,2277,
2018-01-01,400989017,2447,
2018-01-01,400992598,276,
2018-01-01,400992598,98,
2018-01-01,400989374,2437,
2018-01-01,400989374,2571,
2018-01-01,400990648,140,
2018-01-01,400990648,292,
2018-01-01,400991885,2454,
2018-01-01,400991885,294,
2018-01-01,400991860,526,
2018-01-01,400991860,56,
2018-01-01,400986189,59,
2018-01-01,400986189,43,
2018-01-01,400988565,222,3.0
2018-01-01,400988565,269,
2018-01-01,400986186,152,
2018-01-01,400986186,150,2.0
2018-01-01,400991133,2612,
2018-01-01,400991133,2514,
2018-01-01,400992108,2174,
2018-01-01,400992108,94,
2018-01-01,400992168,2473,
2018-01-01,400992168,2750,
2018-01-01,400991134,2561,
2018-01-01,400991134,2099,
2018-01-01,400990650,3084,
2018-01-01,400990650,2934,
2018-01-01,400990649,2547,
2018-01-01,400990649,2253,
2018-01-01,400992468,2463,
2018-01-01,400992468,62,
2018-01-01,400990025,2066,
2018-01-01,400990025,311,
2018-01-01,400991644,108,
2018-01-01,400991644,159,
2018-01-01,400991690,2005,
2018-01-01,400991690,2440,
2018-01-01,400989373,2172,
2018-01-01,400989373,2870,
2018-01-01,400988748,2678,
2018-01-01,400988748,2430,
2018-01-01,400988302,204,
2018-01-01,400988302,2483,
2018-01-01,400988564,2086,
2018-01-01,400988564,2550,21.0
2018-01-01,400990651,2130,
2018-01-01,400990651,166,
2018-01-01,400991666,219,
2018-01-01,400991666,163,
2018-01-01,400992722,2154,
2018-01-01,400992722,2542,
2018-01-01,400992938,2379,
2018-01-01,400992938,2261,
2018-01-01,400988749,231,
2018-01-01,400988749,2382,
2018-01-01,400991900,338,
2018-01-01,400991900,288,
2018-01-01,400989015,2000,
2018-01-01,400989015,2545,
2018-01-01,400988304,265,
2018-01-01,400988304,264,
2018-01-01,400989013,2916,
2018-01-01,400989013,2534,
2018-01-01,400991614,171,
2018-01-01,400991614,108862,
2018-01-01,400991630,172,
2018-01-01,400991630,3164,
2018-01-08,400988319,30,
2018-01-08,400988319,254,
2018-01-08,400990803,116,
2018-01-08,400990803,2529,
2018-01-08,400990969,2197,
2018-01-08,400990969,2634,
2018-01-08,400991136,2217,
2018-01-08,400991136,2363,
2018-01-08,400991137,314,
2018-01-08,400991137,2561,
2018-01-08,400991401,48,
2018-01-08,400991401,2182,
2018-01-08,400991441,2210,
2018-01-08,400991441,350,
2018-01-08,400991457,119,
2018-01-08,400991457,2275,
2018-01-08,400991473,2729,
2018-01-08,400991473,256,
2018-01-08,400991861,526,
2018-01-08,400991861,2908,
2018-01-08,400991886,294,
2018-01-08,400991886,338,
2018-01-08,400991914,2454,
2018-01-08,400991914,288,
2018-01-08,400991927,56,
2018-01-08,400991927,2885,
2018-01-08,400991964,44,
2018-01-08,400991964,2352,
2018-01-08,400992000,104,
2018-01-08,400992000,2142,
2018-01-08,400992011,2083,
2018-01-08,400992011,2329,
2018-01-08,400992036,2426,
2018-01-08,400992036,107,
2018-01-08,400992189,94,
2018-01-08,400992189,2750,
2018-01-08,400992602,2429,
2018-01-08,400992602,276,
2018-01-08,400990804,2523,
2018-01-08,400990804,2598,
2018-01-08,400990802,161,
2018-01-08,400990802,112358,
2018-01-08,400990447,324,
2018-01-08,400990447,290,
2018-01-08,400990801,2597,
2018-01-08,400990801,2115,
2018-01-08,400988059,2567,
2018-01-08,400988059,218,
2018-01-08,400991732,328,
2018-01-08,400991732,36,
2018-01-08,400991784,167,
2018-01-08,400991784,2751,
2018-01-08,400986195,52,23.0
2018-01-08,400986195,97,
2018-01-08,400989250,251,
2018-01-08,400989250,2628,16.0
2018-01-08,400988308,30,
2018-01-08,400988308,38,
2018-01-08,400991691,2005,
2018-01-08,400991691,2439,
2018-01-08,400992469,299,
2018-01-08,400992469,2463,
2018-01-08,400992431,62,
2018-01-08,400992431,13,
2018-01-08,400991982,349,
2018-01-08,400991982,322,
2018-01-08,400988755,2643,
2018-01-08,400988755,2535,
2018-01-08,400986502,194,
2018-01-08,400986502,120,
2018-01-08,400988060,248,
2018-01-08,400988060,202,
2018-01-08,400988756,2193,
2018-01-08,400988756,2430,
2018-01-08,400989376,2870,
2018-01-08,400989376,233,
2018-01-08,400990577,232,
2018-01-08,400990577,111,
2018-01-08,400990800,2803,
2018-01-08,400990800,2681,
2018-01-08,400990446,2026,
2018-01-08,400990446,2247,
2018-01-08,400986501,356,
2018-01-08,400986501,2294,
2018-01-08,400987303,142,
2018-01-08,400987303,61,
2018-01-08,400992600,2393,
2018-01-08,400992600,2348,
2018-01-08,400988310,12,17.0
2018-01-08,400988310,204,
2018-01-08,400986891,2250,15.0
2018-01-08,400986891,2501,
2018-01-08,400988061,151,
2018-01-08,400988061,2724,5.0
2018-01-08,400986941,279,
2018-01-08,400986941,301,
2018-01-08,400990654,2547,
2018-01-08,400990654,2130,
2018-01-08,400990655,2934,
2018-01-08,400990655,292,
2018-01-08,400992512,27,
2018-01-08,400992512,302,
2018-01-08,400988311,9,11.0
2018-01-08,400988311,2483,
2018-01-08,400991289,16,
2018-01-08,400991289,149,
2018-01-08,400986916,2351,
2018-01-08,400986916,2539,
2018-01-08,400992449,300,
2018-01-08,400992449,2239,
2018-01-08,400987094,2541,
2018-01-08,400987094,2608,
2018-01-08,400988312,264,
2018-01-08,400988312,25,
2018-01-08,400988313,26,
2018-01-08,400988313,254,
2018-01-08,400991288,2502,
2018-01-08,400991288,147,
2018-01-08,400991596,43,
2018-01-08,400991596,225,
2018-01-08,400988570,2086,
2018-01-08,400988570,269,
2018-01-08,400986197,152,
2018-01-08,400986197,228,19.0
2018-01-08,400992599,2638,
2018-01-08,400992599,2226,
2018-01-08,400989377,2710,
2018-01-08,400989377,2437,
2018-01-08,400991291,2458,
2018-01-08,400991291,2692,
2018-01-08,400989378,2449,
2018-01-08,400989378,2172,
2018-01-08,400989379,2571,
2018-01-08,400989379,198,
2018-01-08,400990448,2031,
2018-01-08,400990448,250,
2018-01-08,400990973,2565,
2018-01-08,400990973,2057,
2018-01-08,400991290,155,
2018-01-08,400991290,304,
2018-01-08,400992601,2636,
2018-01-08,400992601,2229,
2018-01-08,400992603,295,
2018-01-08,400992603,98,
2018-01-08,400992604,5,
2018-01-08,400992604,2572,
2018-01-08,400990449,2032,
2018-01-08,400990449,326,
2018-01-08,400990968,2635,
2018-01-08,400990968,2046,
2018-01-08,400990970,2546,
2018-01-08,400990970,2413,
2018-01-08,400990971,55,
2018-01-08,400990971,93,
2018-01-08,400990972,2630,
2018-01-08,400990972,2198,
2018-01-08,400986863,252,
2018-01-08,400986863,2492,
2018-01-08,400988309,265,
2018-01-08,400988309,24,
2018-01-08,400990652,3084,
2018-01-08,400990652,140,
2018-01-08,400990653,2253,
2018-01-08,400990653,166,
2018-01-08,400987305,8,
2018-01-08,400987305,99,
2018-01-08,400986500,77,
2018-01-08,400986500,135,
2018-01-08,400986506,164,
2018-01-08,400986506,194,
2018-01-08,400990204,2006,
2018-01-08,400990204,2084,
2018-01-08,400990206,195,
2018-01-08,400990206,2050,
2018-01-08,400990207,2199,
2018-01-08,400990207,2117,
2018-01-08,400990208,2649,
2018-01-08,400990208,2711,
2018-01-08,400990209,193,
2018-01-08,400990209,2309,
2018-01-08,400992274,2506,
2018-01-08,400992274,2097,
2018-01-08,400992315,2241,
2018-01-08,400992315,2272,
2018-01-08,400992348,2737,
2018-01-08,400992348,2335,
2018-01-08,400992362,2427,
2018-01-08,400992362,2344,
2018-01-08,400987301,96,21.0
2018-01-08,400987301,245,
2018-01-08,400989220,201,9.0
2018-01-08,400989220,2641,8.0
2018-01-08,400989136,277,2.0
2018-01-08,400989136,239,
2018-01-08,400992296,2127,
2018-01-08,400992296,2515,
2018-01-08,400989689,71,
2018-01-08,400989689,79,
2018-01-08,400989845,2670,
2018-01-08,400989845,2184,
2018-01-08,400986191,153,20.0
2018-01-08,400986191,103,
2018-01-08,400986192,258,3.0
2018-01-08,400986192,183,
2018-01-08,400986496,158,
2018-01-08,400986496,275,
2018-01-08,400990205,189,
2018-01-08,400990205,2459,
2018-01-08,400989958,139,
2018-01-08,400989958,227,
2018-01-08,400987299,238,
2018-01-08,400987299,2633,24.0
2018-01-08,400989822,257,
2018-01-08,400989822,2168,
2018-01-08,400992849,2011,
2018-01-08,400992849,2029,
2018-01-08,400992706,2379,
2018-01-08,400992706,2065,
2018-01-08,400992723,2154,
2018-01-08,400992723,50,
2018-01-08,400992739,2169,
2018-01-08,400992739,2448,
2018-01-08,400992783,2415,
2018-01-08,400992783,2542,
2018-01-08,400992814,2428,
2018-01-08,400992814,2450,
2018-01-08,400992869,2016,
2018-01-08,400992869,2755,
2018-01-08,400992829,2010,
2018-01-08,400992829,2400,
2018-01-08,400992917,2582,
2018-01-08,400992917,2296,
2018-01-08,400986498,84,
2018-01-08,400986498,213,
2018-01-08,400988566,2599,
2018-01-08,400988566,46,
2018-01-08,400987300,333,
2018-01-08,400987300,2579,
2018-01-08,400988057,235,
2018-01-08,400988057,2655,
2018-01-08,400988567,156,25.0
2018-01-08,400988567,2086,
2018-01-08,400987302,2,22.0
2018-01-08,400987302,145,
2018-01-08,400988569,222,1.0
2018-01-08,400988569,2752,10.0
2018-01-08,400991518,42,
2018-01-08,400991518,2349,
2018-01-08,400991593,159,
2018-01-08,400991593,261,
2018-01-08,400992088,2174,
2018-01-08,400992088,325,
2018-01-08,400992144,85,
2018-01-08,400992144,270,
2018-01-08,400992169,2473,
2018-01-08,400992169,2754,
2018-01-08,400986193,221,
2018-01-08,400986193,150,7.0
2018-01-08,400986499,127,4.0
2018-01-08,400986499,164,
2018-01-08,400989018,2277,
2018-01-08,400989018,2000,
2018-01-08,400989019,2110,
2018-01-08,400989019,2916,
2018-01-08,400989020,2617,
2018-01-08,400989020,2443,
2018-01-08,400989021,357,
2018-01-08,400989021,2534,
2018-01-08,400989022,2320,
2018-01-08,400989022,2545,
2018-01-08,400989023,2447,
2018-01-08,400989023,2377,
2018-01-08,400989203,2306,
2018-01-08,400989203,197,
2018-01-08,400989690,2287,
2018-01-08,400989690,2350,
2018-01-08,400989691,339,
2018-01-08,400989691,2623,
2018-01-08,400989693,2674,
2018-01-08,400989693,2181,
2018-01-08,400992128,82,
2018-01-08,400992128,2739,
2018-01-08,400991535,311,
2018-01-08,400991535,2378,
2018-01-08,400991135,2514,
2018-01-08,400991135,2368,
2018-01-08,400988568,269,
2018-01-08,400988568,2550,13.0
2018-01-08,400990075,113,
2018-01-08,400990075,2325,
2018-01-08,400989161,2305,12.0
2018-01-08,400989161,66,
2018-01-08,400986497,130,
2018-01-08,400986497,2509,5.0
2018-01-08,400991713,278,
2018-01-08,400991713,68,
2018-01-08,400991796,21,
2018-01-08,400991796,23,
2018-01-08,400986194,59,
2018-01-08,400986194,87,
2018-01-08,400986196,154,
2018-01-08,400986196,259,
2018-01-08,400987304,57,
2018-01-08,400987304,344,
2018-01-08,400988058,41,
2018-01-08,400988058,2116,
2018-01-08,400988752,2717,
2018-01-08,400988752,2382,
2018-01-08,400988753,236,
2018-01-08,400988753,231,
2018-01-08,400988754,2747,
2018-01-08,400988754,108,
2018-01-08,400989692,282,
2018-01-08,400989692,2460,
2018-01-08,400989785,2166,
2018-01-08,400989785,45,
2018-01-08,400989867,179,
2018-01-08,400989867,2230,
2018-01-08,400989889,2244,
2018-01-08,400989889,2603,
2018-01-08,400990000,399,
2018-01-08,400990000,2619,
2018-01-08,400990026,160,
2018-01-08,400990026,2066,
2018-01-08,400992882,2755,
2018-01-08,400992882,2504,
2018-01-08,400992923,2296,
2018-01-08,400992923,2640,
2018-01-08,400991616,219,
2018-01-08,400991616,171,
2018-01-08,400991632,163,
2018-01-08,400991632,172,
2018-01-08,400988064,58,
2018-01-08,400988064,2132,14.0
2018-01-08,400992488,62,
2018-01-08,400992488,2540,
2018-01-08,400991145,314,
2018-01-08,400991145,2520,
2018-01-08,400991143,315,
2018-01-08,400991143,2612,
2018-01-08,400991144,2099,
2018-01-08,400991144,2405,
2018-01-08,400990455,309,
2018-01-08,400990455,2433,
2018-01-08,400991770,2440,
2018-01-08,400991770,328,
2018-01-08,400992740,2261,
2018-01-08,400992740,2169,
2018-01-08,400988571,305,
2018-01-08,400988571,2507,
2018-01-08,400991292,331,
2018-01-08,400991292,70,
2018-01-08,400991296,253,
2018-01-08,400991296,2464,
2018-01-08,400992770,2569,
2018-01-08,400992770,47,
2018-01-08,400990452,6,
2018-01-08,400990452,2653,
2018-01-08,400989024,2466,
2018-01-08,400989024,2000,
2018-01-08,400986200,228,19.0
2018-01-08,400986200,2390,18.0
2018-01-08,400992605,242,
2018-01-08,400992605,249,
2018-01-08,400988760,2193,
2018-01-08,400988760,2678,
2018-01-15,400988331,254,
2018-01-15,400988331,265,
2018-01-15,400991403,2275,
2018-01-15,400991403,48,
2018-01-15,400990579,232,
2018-01-15,400990579,350,
2018-01-15,400990810,112358,
2018-01-15,400990810,2803,
2018-01-15,400990811,2115,
2018-01-15,400990811,161,
2018-01-15,400990812,2597,
2018-01-15,400990812,116,
2018-01-15,400990814,2681,
2018-01-15,400990814,2598,
2018-01-15,400990981,2413,
2018-01-15,400990981,55,
2018-01-15,400990982,2057,
2018-01-15,400990982,93,
2018-01-15,400991147,2514,
2018-01-15,400991147,315,
2018-01-15,400991422,119,
2018-01-15,400991422,2182,
2018-01-15,400990003,399,
2018-01-15,400990003,2349,
2018-01-15,400991442,256,
2018-01-15,400991442,2210,
2018-01-15,400991494,2729,
2018-01-15,400991494,111,
2018-01-15,400991520,311,
2018-01-15,400991520,42,
2018-01-15,400991553,160,
2018-01-15,400991553,261,
2018-01-15,400991888,2908,
2018-01-15,400991888,294,
2018-01-15,400991902,338,
2018-01-15,400991902,56,
2018-01-15,400991928,2885,
2018-01-15,400991928,2454,
2018-01-15,400992091,325,
2018-01-15,400992091,85,
2018-01-15,400990028,2619,
2018-01-15,400990028,2066,
2018-01-15,400988766,2678,
2018-01-15,400988766,2382,
2018-01-15,400986217,154,
2018-01-15,400986217,258,2.0
2018-01-15,400991785,2439,
2018-01-15,400991785,167,
2018-01-15,400988578,156,
2018-01-15,400988578,2550,19.0
2018-01-15,400988579,2752,11.0
2018-01-15,400988579,2599,
2018-01-15,400991693,36,
2018-01-15,400991693,2005,
2018-01-15,400991715,68,
2018-01-15,400991715,328,
2018-01-15,400989162,2628,24.0
2018-01-15,400989162,66,
2018-01-15,400986512,77,
2018-01-15,400986512,194,22.0
2018-01-15,400987317,142,
2018-01-15,400987317,2633,21.0
2018-01-15,400988320,25,
2018-01-15,400988320,12,14.0
2018-01-15,400992451,2540,
2018-01-15,400992451,2239,
2018-01-15,400988765,2430,
2018-01-15,400988765,2643,
2018-01-15,400992471,27,
2018-01-15,400992471,2463,
2018-01-15,400992500,302,
2018-01-15,400992500,299,
2018-01-15,400991771,23,
2018-01-15,400991771,2440,
2018-01-15,400991752,21,
2018-01-15,400991752,278,
2018-01-15,400988321,24,
2018-01-15,400988321,9,16.0
2018-01-15,401013196,2448,
2018-01-15,401013196,2450,
2018-01-15,400990813,2529,
2018-01-15,400990813,2523,
2018-01-15,400990980,2634,
2018-01-15,400990980,2046,
2018-01-15,400992181,2754,
2018-01-15,400992181,82,
2018-01-15,400992277,2097,
2018-01-15,400992277,2127,
2018-01-15,400992318,2241,
2018-01-15,400992318,2506,
2018-01-15,400988323,2483,
2018-01-15,400988323,30,
2018-01-15,400990661,2130,
2018-01-15,400990661,2253,
2018-01-15,400990457,250,
2018-01-15,400990457,309,
2018-01-15,400986515,120,
2018-01-15,400986515,135,
2018-01-15,400989387,2437,
2018-01-15,400989387,2172,
2018-01-15,400990458,326,
2018-01-15,400990458,2433,
2018-01-15,400990983,2197,
2018-01-15,400990983,2630,
2018-01-15,400991298,2464,
2018-01-15,400991298,331,
2018-01-15,400991301,253,
2018-01-15,400991301,70,
2018-01-15,400990663,166,
2018-01-15,400990663,2547,
2018-01-15,400992333,2272,
2018-01-15,400992333,2335,
2018-01-15,400991299,2692,
2018-01-15,400991299,16,
2018-01-15,400991300,304,
2018-01-15,400991300,2502,
2018-01-15,400992391,2737,
2018-01-15,400992391,2427,
2018-01-15,400992617,98,
2018-01-15,400992617,5,
2018-01-15,400986514,158,
2018-01-15,400986514,130,23.0
2018-01-15,400986893,2250,13.0
2018-01-15,400986893,2608,
2018-01-15,400986943,279,
2018-01-15,400986943,2492,
2018-01-15,400986985,301,
2018-01-15,400986985,2501,
2018-01-15,400990456,6,
2018-01-15,400990456,324,
2018-01-15,400986210,59,
2018-01-15,400986210,258,2.0
2018-01-15,400992615,276,
2018-01-15,400992615,2393,
2018-01-15,400992614,2572,
2018-01-15,400992614,242,
2018-01-15,400992385,2515,
2018-01-15,400992385,2344,
2018-01-15,400992612,2226,
2018-01-15,400992612,2429,
2018-01-15,400992616,2229,
2018-01-15,400992616,295,
2018-01-15,400991146,2561,
2018-01-15,400991146,2368,
2018-01-15,400988764,231,
2018-01-15,400988764,2193,
2018-01-15,400991148,2612,
2018-01-15,400991148,2520,
2018-01-15,400991863,288,
2018-01-15,400991863,526,
2018-01-15,400992613,2348,
2018-01-15,400992613,249,
2018-01-15,400986639,152,
2018-01-15,400986639,154,
2018-01-15,400988322,38,
2018-01-15,400988322,265,
2018-01-15,400988767,2535,
2018-01-15,400988767,2747,
2018-01-15,400990660,292,
2018-01-15,400990660,3084,
2018-01-15,400990662,140,
2018-01-15,400990662,2934,
2018-01-15,400990984,2198,
2018-01-15,400990984,2635,
2018-01-15,400990985,2565,
2018-01-15,400990985,2546,
2018-01-15,400992131,2739,
2018-01-15,400992131,2750,
2018-01-15,400992159,270,
2018-01-15,400992159,94,
2018-01-15,400989262,251,
2018-01-15,400989262,2641,8.0
2018-01-15,400989847,139,
2018-01-15,400989847,2184,
2018-01-15,400989703,2623,
2018-01-15,400989703,2674,
2018-01-15,400992908,2296,
2018-01-15,400992908,2504,
2018-01-15,400992725,2448,
2018-01-15,400992725,2154,
2018-01-15,400992944,2569,
2018-01-15,400992944,2379,
2018-01-15,400992170,82,
2018-01-15,400992170,2473,
2018-01-15,400992771,2542,
2018-01-15,400992771,47,
2018-01-15,400992883,2755,
2018-01-15,400992883,2640,
2018-01-15,400992896,2400,
2018-01-15,400992896,2582,
2018-01-15,400986509,158,
2018-01-15,400986509,356,
2018-01-15,400990218,2084,
2018-01-15,400990218,2459,
2018-01-15,400988576,269,
2018-01-15,400988576,305,
2018-01-15,400989138,239,
2018-01-15,400989138,197,
2018-01-15,400989184,277,6.0
2018-01-15,400989184,2305,10.0
2018-01-15,400986207,87,
2018-01-15,400986207,97,
2018-01-15,400987314,99,
2018-01-15,400987314,61,
2018-01-15,400987316,344,
2018-01-15,400987316,238,
2018-01-15,400990215,2199,
2018-01-15,400990215,2006,
2018-01-15,400990216,195,
2018-01-15,400990216,2649,
2018-01-15,400986205,2390,25.0
2018-01-15,400986205,150,5.0
2018-01-15,400991957,56,
2018-01-15,400991957,2065,
2018-01-15,400992785,2428,
2018-01-15,400992785,2415,
2018-01-15,400988575,2507,
2018-01-15,400988575,2086,
2018-01-15,400992871,2029,
2018-01-15,400992871,2016,
2018-01-15,400991519,2378,
2018-01-15,400991519,42,
2018-01-15,400992741,50,
2018-01-15,400992741,2169,
2018-01-15,400986206,103,
2018-01-15,400986206,52,
2018-01-15,400986510,213,
2018-01-15,400986510,135,
2018-01-15,400988762,2717,
2018-01-15,400988762,2678,
2018-01-15,400988763,2382,
2018-01-15,400988763,236,
2018-01-15,400992012,2142,
2018-01-15,400992012,2083,
2018-01-15,400990217,2050,
2018-01-15,400990217,2117,
2018-01-15,400990219,2309,
2018-01-15,400990219,2711,
2018-01-15,400989702,2350,
2018-01-15,400989702,79,
2018-01-15,400991984,107,
2018-01-15,400991984,349,
2018-01-15,400989925,2670,
2018-01-15,400989925,257,
2018-01-15,400990095,227,
2018-01-15,400990095,113,
2018-01-15,400991966,104,
2018-01-15,400991966,44,
2018-01-15,400992013,2352,
2018-01-15,400992013,2083,
2018-01-15,400992026,2329,
2018-01-15,400992026,2142,
2018-01-15,400992044,322,
2018-01-15,400992044,2426,
2018-01-15,400987319,333,
2018-01-15,400987319,2,17.0
2018-01-15,400988071,2724,7.0
2018-01-15,400988071,2567,
2018-01-15,400989031,2534,
2018-01-15,400989031,2466,
2018-01-15,400990220,193,
2018-01-15,400990220,189,
2018-01-15,400988072,2655,
2018-01-15,400988072,248,
2018-01-15,400989032,2000,
2018-01-15,400989032,2617,
2018-01-15,400989033,2443,
2018-01-15,400989033,2110,
2018-01-15,400989034,2545,
2018-01-15,400989034,2277,
2018-01-15,400989035,2916,
2018-01-15,400989035,2320,
2018-01-15,400989385,2710,
2018-01-15,400989385,2870,
2018-01-15,400989386,233,
2018-01-15,400989386,198,
2018-01-15,400989700,339,
2018-01-15,400989700,282,
2018-01-15,400989891,45,
2018-01-15,400989891,2244,
2018-01-15,400989868,2325,
2018-01-15,400989868,2230,
2018-01-15,400989701,2287,
2018-01-15,400989701,71,
2018-01-15,400988070,151,
2018-01-15,400988070,58,
2018-01-15,400992110,85,
2018-01-15,400992110,2174,
2018-01-15,400986208,153,15.0
2018-01-15,400986208,228,20.0
2018-01-15,400988067,2116,
2018-01-15,400988067,2132,12.0
2018-01-15,400986511,2509,3.0
2018-01-15,400986511,275,
2018-01-15,400989030,2447,
2018-01-15,400989030,357,
2018-01-15,400989384,2449,
2018-01-15,400989384,155,
2018-01-15,400989699,2460,
2018-01-15,400989699,2181,
2018-01-15,400986209,183,
2018-01-15,400986209,221,
2018-01-15,400987313,245,
2018-01-15,400987313,145,
2018-01-15,400988068,235,
2018-01-15,400988068,41,
2018-01-15,400987315,2579,
2018-01-15,400987315,96,18.0
2018-01-15,400989204,2306,
2018-01-15,400989204,201,4.0
2018-01-15,400988069,218,
2018-01-15,400988069,202,
2018-01-15,400989824,2603,
2018-01-15,400989824,2168,
2018-01-15,400988577,46,
2018-01-15,400988577,222,1.0
2018-01-15,400986513,164,
2018-01-15,400986513,2294,
2018-01-15,400987318,57,
2018-01-15,400987318,8,
2018-01-15,400988324,254,
2018-01-15,400988324,264,
2018-01-15,400992432,300,
2018-01-15,400992432,13,
2018-01-15,400986865,252,
2018-01-15,400986865,2351,
2018-01-15,400991617,171,
2018-01-15,400991617,172,
2018-01-15,400991645,159,
2018-01-15,400991645,108,
2018-01-15,400988328,204,
2018-01-15,400988328,30,
2018-01-15,400989040,2277,
2018-01-15,400989040,2377,
2018-01-15,400989389,2710,
2018-01-15,400989389,2571,
2018-01-15,400987060,2539,
2018-01-15,400987060,2541,
2018-01-15,400990464,2653,
2018-01-15,400990464,324,
2018-01-15,400990463,2031,
2018-01-15,400990463,2032,
2018-01-15,400992930,2542,
2018-01-15,400992930,2261,
2018-01-15,400992831,2016,
2018-01-15,400992831,2010,
2018-01-15,400992850,2582,
2018-01-15,400992850,2011,
2018-01-15,400991153,2612,
2018-01-15,400991153,2363,
2018-01-15,400991154,314,
2018-01-15,400991154,2099,
2018-01-15,400992489,62,
2018-01-15,400992489,302,
2018-01-15,400988329,2483,
2018-01-15,400988329,26,
2018-01-15,400992622,2636,
2018-01-15,400992622,2638,
2018-01-15,400991302,147,
2018-01-15,400991302,149,
2018-01-15,400991303,2458,
2018-01-15,400991303,155,
2018-01-15,400991822,328,
2018-01-15,400991822,2751,
2018-01-15,400991151,2217,
2018-01-15,400991151,315,
2018-01-15,400988079,219,
2018-01-15,400988079,218,
2018-01-15,400989787,2166,
2018-01-15,400989787,179,
2018-01-15,400991149,2405,
2018-01-15,400991149,314,
2018-01-15,400986517,127,9.0
2018-01-15,400986517,84,
2018-01-15,400991597,225,
2018-01-15,400991597,43,
2018-01-15,400986211,259,
2018-01-15,400986211,52,
2018-01-15,400990460,6,
2018-01-15,400990460,2026,
2018-01-15,400990550,2247,
2018-01-15,400990550,290,
2018-01-22,400988341,264,
2018-01-22,400988341,265,
2018-01-22,400987336,2579,
2018-01-22,400987336,2641,14.0
2018-01-22,400991158,2368,
2018-01-22,400991158,2514,
2018-01-22,400991159,2405,
2018-01-22,400991159,2561,
2018-01-22,400991424,2182,
2018-01-22,400991424,2210,
2018-01-22,400991458,2275,
2018-01-22,400991458,111,
2018-01-22,400991474,350,
2018-01-22,400991474,256,
2018-01-22,400991507,119,
2018-01-22,400991507,2729,
2018-01-22,400986530,2509,3.0
2018-01-22,400986530,130,25.0
2018-01-22,400990465,2026,
2018-01-22,400990465,2031,
2018-01-22,400990466,324,
2018-01-22,400990466,2032,
2018-01-22,400990467,290,
2018-01-22,400990467,326,
2018-01-22,400992627,2393,
2018-01-22,400992627,2636,
2018-01-22,400990559,2247,
2018-01-22,400990559,250,
2018-01-22,400989394,2449,
2018-01-22,400989394,2437,
2018-01-22,400990468,2433,
2018-01-22,400990468,2653,
2018-01-22,400990993,2057,
2018-01-22,400990993,2197,
2018-01-22,400992093,2739,
2018-01-22,400992093,325,
2018-01-22,400992161,270,
2018-01-22,400992161,2754,
2018-01-22,400990994,93,
2018-01-22,400990994,2413,
2018-01-22,400990821,161,
2018-01-22,400990821,2597,
2018-01-22,400990820,2803,
2018-01-22,400990820,2115,
2018-01-22,400988332,30,
2018-01-22,400988332,24,
2018-01-22,400989710,2460,
2018-01-22,400989710,2287,
2018-01-22,400989711,79,
2018-01-22,400989711,282,
2018-01-22,400989712,2674,
2018-01-22,400989712,339,
2018-01-22,400989713,2181,
2018-01-22,400989713,2350,
2018-01-22,400988587,46,
2018-01-22,400988587,305,
2018-01-22,400986224,221,
2018-01-22,400986224,152,
2018-01-22,400986528,356,
2018-01-22,400986528,84,
2018-01-22,400991695,328,
2018-01-22,400991695,2005,
2018-01-22,400990581,48,
2018-01-22,400990581,232,
2018-01-22,400987333,142,
2018-01-22,400987333,2,19.0
2018-01-22,400988080,2132,9.0
2018-01-22,400988080,218,
2018-01-22,400991717,68,
2018-01-22,400991717,23,
2018-01-22,400992523,300,
2018-01-22,400992523,27,
2018-01-22,400991735,21,
2018-01-22,400991735,36,
2018-01-22,400991772,2751,
2018-01-22,400991772,2440,23.0
2018-01-22,400988081,41,
2018-01-22,400988081,2567,
2018-01-22,400992625,242,
2018-01-22,400992625,2229,
2018-01-22,400992626,5,
2018-01-22,400992626,2638,
2018-01-22,400992628,249,
2018-01-22,400992628,2226,
2018-01-22,400991160,2520,
2018-01-22,400991160,2612,
2018-01-22,400988335,26,
2018-01-22,400988335,25,
2018-01-22,400992453,2239,
2018-01-22,400992453,2540,
2018-01-22,400986867,2608,16.0
2018-01-22,400986867,252,
2018-01-22,400986895,2501,
2018-01-22,400986895,2250,15.0
2018-01-22,400990824,2598,
2018-01-22,400990824,2681,
2018-01-22,400990233,195,
2018-01-22,400990233,2084,
2018-01-22,400990823,2523,
2018-01-22,400990823,2529,
2018-01-22,400991598,225,
2018-01-22,400991598,159,
2018-01-22,400992434,13,
2018-01-22,400992434,299,
2018-01-22,400991656,43,
2018-01-22,400991656,108,
2018-01-22,400992112,2750,
2018-01-22,400992112,2174,
2018-01-22,400986531,127,6.0
2018-01-22,400986531,275,
2018-01-22,400992171,94,
2018-01-22,400992171,2473,
2018-01-22,400990670,2547,
2018-01-22,400990670,2934,
2018-01-22,400990234,2050,
2018-01-22,400990234,2006,
2018-01-22,400992472,302,
2018-01-22,400992472,2463,
2018-01-22,400991310,70,
2018-01-22,400991310,2458,
2018-01-22,400986529,194,13.0
2018-01-22,400986529,213,
2018-01-22,400990822,116,
2018-01-22,400990822,112358,
2018-01-22,400990469,309,
2018-01-22,400990469,6,
2018-01-22,400990992,2046,
2018-01-22,400990992,2198,
2018-01-22,400990996,2635,
2018-01-22,400990996,2546,
2018-01-22,400990997,2634,
2018-01-22,400990997,2565,
2018-01-22,400988333,12,11.0
2018-01-22,400988333,38,
2018-01-22,400988083,2655,
2018-01-22,400988083,58,
2018-01-22,400989395,2172,
2018-01-22,400989395,2710,
2018-01-22,400990995,55,
2018-01-22,400990995,2630,
2018-01-22,400987004,301,
2018-01-22,400987004,2541,
2018-01-22,400991308,147,
2018-01-22,400991308,2464,
2018-01-22,400991309,149,
2018-01-22,400991309,253,
2018-01-22,400988082,2724,17.0
2018-01-22,400988082,2116,
2018-01-22,400991311,331,
2018-01-22,400991311,155,
2018-01-22,400988334,9,21.0
2018-01-22,400988334,254,
2018-01-22,400986919,2492,
2018-01-22,400986919,2351,
2018-01-22,400986945,2539,
2018-01-22,400986945,279,
2018-01-22,400989393,233,
2018-01-22,400989393,2571,
2018-01-22,400989046,2320,
2018-01-22,400989046,2447,
2018-01-22,400989045,2277,
2018-01-22,400989045,2916,
2018-01-22,400992279,2335,
2018-01-22,400992279,2097,
2018-01-22,400989788,2168,
2018-01-22,400989788,2166,
2018-01-22,400990228,2084,
2018-01-22,400990228,2199,
2018-01-22,400990229,2117,
2018-01-22,400990229,193,
2018-01-22,400990230,2711,
2018-01-22,400990230,2649,
2018-01-22,400990231,2309,
2018-01-22,400990231,2050,
2018-01-22,400991156,2217,
2018-01-22,400991156,2520,
2018-01-22,400987331,2633,22.0
2018-01-22,400987331,238,
2018-01-22,400988584,222,1.0
2018-01-22,400988584,2507,
2018-01-22,400989234,2641,14.0
2018-01-22,400989234,197,
2018-01-22,400989185,201,12.0
2018-01-22,400989185,2305,5.0
2018-01-22,400986219,258,2.0
2018-01-22,400986219,228,18.0
2018-01-22,400989709,71,
2018-01-22,400989709,2623,
2018-01-22,400990232,2459,
2018-01-22,400990232,189,
2018-01-22,400987330,145,
2018-01-22,400987330,333,
2018-01-22,400988585,2599,
2018-01-22,400988585,156,
2018-01-22,400986525,2294,
2018-01-22,400986525,275,
2018-01-22,400987329,61,
2018-01-22,400987329,8,
2018-01-22,400987327,99,
2018-01-22,400987327,245,
2018-01-22,400992797,2542,
2018-01-22,400992797,2450,
2018-01-22,400989164,251,
2018-01-22,400989164,66,
2018-01-22,400991968,44,
2018-01-22,400991968,107,
2018-01-22,400986218,259,
2018-01-22,400986218,153,10.0
2018-01-22,400992742,2415,
2018-01-22,400992742,2169,
2018-01-22,400992773,47,
2018-01-22,400992773,2448,
2018-01-22,400992815,2379,
2018-01-22,400992815,2428,
2018-01-22,400992939,2569,
2018-01-22,400992939,2261,
2018-01-22,400992851,2016,
2018-01-22,400992851,2011,
2018-01-22,400986522,194,13.0
2018-01-22,400986522,158,
2018-01-22,400992832,2582,
2018-01-22,400992832,2010,
2018-01-22,400992898,2504,
2018-01-22,400992898,2400,
2018-01-22,400992924,2640,
2018-01-22,400992924,2029,
2018-01-22,400989140,239,
2018-01-22,400989140,2306,
2018-01-22,400989251,2628,
2018-01-22,400989251,277,7.0
2018-01-22,400986526,135,
2018-01-22,400986526,77,
2018-01-22,400987328,96,
2018-01-22,400987328,344,
2018-01-22,400989044,2110,
2018-01-22,400989044,2617,
2018-01-22,400992363,2344,
2018-01-22,400992363,2737,
2018-01-22,400991903,338,
2018-01-22,400991903,2885,
2018-01-22,400991986,349,
2018-01-22,400991986,2142,
2018-01-22,400992003,322,
2018-01-22,400992003,104,
2018-01-22,400992015,2426,
2018-01-22,400992015,2083,
2018-01-22,400992050,2329,
2018-01-22,400992050,2352,
2018-01-22,400992319,2427,
2018-01-22,400992319,2241,
2018-01-22,400992335,2272,
2018-01-22,400992335,2515,
2018-01-22,400989870,2230,
2018-01-22,400989870,227,24.0
2018-01-22,400991865,2454,
2018-01-22,400991865,526,
2018-01-22,400987332,57,20.0
2018-01-22,400987332,2579,
2018-01-22,400989041,2466,
2018-01-22,400989041,2443,
2018-01-22,400989042,2534,
2018-01-22,400989042,2545,
2018-01-22,400991916,288,
2018-01-22,400991916,2908,
2018-01-22,400992300,2127,
2018-01-22,400992300,2506,
2018-01-22,400986223,2390,
2018-01-22,400986223,97,
2018-01-22,400989043,357,
2018-01-22,400989043,2000,
2018-01-22,400991890,294,
2018-01-22,400991890,56,
2018-01-22,400991565,2349,
2018-01-22,400991565,2619,
2018-01-22,400989926,139,
2018-01-22,400989926,2670,
2018-01-22,400988774,2678,
2018-01-22,400988774,2747,
2018-01-22,400986220,154,
2018-01-22,400986220,150,4.0
2018-01-22,400991753,278,
2018-01-22,400991753,2439,
2018-01-22,400988586,2752,8.0
2018-01-22,400988586,269,
2018-01-22,400986221,52,
2018-01-22,400986221,59,
2018-01-22,400986222,183,
2018-01-22,400986222,103,
2018-01-22,400986527,164,
2018-01-22,400986527,158,
2018-01-22,400988773,236,
2018-01-22,400988773,2535,
2018-01-22,400988775,2193,
2018-01-22,400988775,2382,
2018-01-22,400991537,311,
2018-01-22,400991537,160,
2018-01-22,400988776,2430,
2018-01-22,400988776,231,
2018-01-22,400989849,2184,
2018-01-22,400989849,257,
2018-01-22,400989943,179,
2018-01-22,400989943,2603,
2018-01-22,400990005,261,
2018-01-22,400990005,399,
2018-01-22,400990030,2378,
2018-01-22,400990030,2066,
2018-01-22,400990076,2325,
2018-01-22,400990076,113,
2018-01-22,400991157,315,
2018-01-22,400991157,2363,
2018-01-22,400992633,2429,
2018-01-22,400992633,295,
2018-01-22,400992635,98,
2018-01-22,400992635,276,
2018-01-22,400986228,87,
2018-01-22,400986228,259,
2018-01-22,400988337,2483,
2018-01-22,400988337,204,
2018-01-22,400990671,140,
2018-01-22,400990671,166,
2018-01-22,400992631,2348,
2018-01-22,400992631,2572,
2018-01-22,400992756,2261,
2018-01-22,400992756,50,
2018-01-22,400988084,235,
2018-01-22,400988084,2132,9.0
2018-01-22,400992709,2450,
2018-01-22,400992709,2065,
2018-01-22,400989969,219,
2018-01-22,400989969,2603,
2018-01-22,400991163,2363,
2018-01-22,400991163,314,
2018-01-22,400991164,2099,
2018-01-22,400991164,315,
2018-01-22,400986534,120,
2018-01-22,400986534,127,6.0
2018-01-22,400988085,2567,
2018-01-22,400988085,151,
2018-01-22,400989911,179,
2018-01-22,400989911,45,
2018-01-22,400988086,248,
2018-01-22,400988086,58,
2018-01-22,400988591,305,
2018-01-22,400988591,2550,
2018-01-22,400988087,2724,17.0
2018-01-22,400988087,202,
2018-01-22,400992454,62,
2018-01-22,400992454,2239,
2018-01-22,400991316,304,
2018-01-22,400991316,2692,
2018-01-22,400991736,167,
2018-01-22,400991736,36,
2018-01-22,400992885,2029,
2018-01-22,400992885,2755,
2018-01-22,400988779,2382,
2018-01-22,400988779,2643,
2018-01-22,400988588,2086,
2018-01-22,400988588,2599,
2018-01-22,400990672,2130,
2018-01-22,400990672,292,
2018-01-22,400989759,2244,
2018-01-22,400989759,2670,
2018-01-22,400988778,231,
2018-01-22,400988778,2717,
2018-01-22,400990673,3084,
2018-01-22,400990673,2253,
2018-01-22,400991522,2349,
2018-01-22,400991522,42,
2018-01-22,400992899,2400,
2018-01-22,400992899,2296,
2018-01-22,400989398,2571,
2018-01-22,400989398,2870,
2018-01-22,400989049,2320,
2018-01-22,400989049,2377,
2018-01-22,400991317,2502,
2018-01-22,400991317,16,
2018-01-22,400991618,172,
2018-01-22,400991618,171,
2018-01-22,400992146,82,
2018-01-22,400992146,85,
2018-01-22,400992727,2154,
2018-01-22,400992727,2569,
2018-01-22,400993508,198,
2018-01-22,400993508,111175,
2018-01-22,400991674,163,
2018-01-22,400991674,2827,
2018-01-29,400988351,265,
2018-01-29,400988351,9,25.0
2018-01-29,400991406,48,
2018-01-29,400991406,119,
2018-01-29,400991445,2729,
2018-01-29,400991445,2210,
2018-01-29,400991459,2275,
2018-01-29,400991459,350,
2018-01-29,400992095,325,
2018-01-29,400992095,2750,
2018-01-29,400992196,2754,
2018-01-29,400992196,94,
2018-01-29,400992281,2097,
2018-01-29,400992281,2427,
2018-01-29,400992321,2515,
2018-01-29,400992321,2241,
2018-01-29,400992353,2335,
2018-01-29,400992353,2737,
2018-01-29,400992364,2506,
2018-01-29,400992364,2344,
2018-01-29,400992636,2226,
2018-01-29,400992636,2348,
2018-01-29,400992638,2229,
2018-01-29,400992638,2572,
2018-01-29,400992640,2429,
2018-01-29,400992640,5,
2018-01-29,400988093,218,
2018-01-29,400988093,2724,16.0
2018-01-29,400988786,2717,
2018-01-29,400988786,236,
2018-01-29,400988788,2382,
2018-01-29,400988788,231,
2018-01-29,400991009,2413,
2018-01-29,400991009,2634,
2018-01-29,400992302,2127,
2018-01-29,400992302,2272,
2018-01-29,400988094,202,
2018-01-29,400988094,2567,
2018-01-29,400991426,2182,
2018-01-29,400991426,256,
2018-01-29,400990834,2523,
2018-01-29,400990834,116,
2018-01-29,400989403,2571,
2018-01-29,400989403,2449,
2018-01-29,400990831,2681,
2018-01-29,400990831,2115,
2018-01-29,400988594,269,
2018-01-29,400988594,2086,
2018-01-29,400991737,36,
2018-01-29,400991737,2751,
2018-01-29,400991787,328,
2018-01-29,400991787,167,
2018-01-29,400989264,2641,10.0
2018-01-29,400989264,251,
2018-01-29,400992436,13,
2018-01-29,400992436,27,
2018-01-29,400988342,265,
2018-01-29,400988342,12,9.0
2018-01-29,400992501,299,
2018-01-29,400992501,300,
2018-01-29,400991755,2440,
2018-01-29,400991755,278,
2018-01-29,400991807,2439,
2018-01-29,400991807,23,
2018-01-29,400988787,2643,
2018-01-29,400988787,2747,
2018-01-29,400990832,2598,
2018-01-29,400990832,161,
2018-01-29,400988595,222,1.0
2018-01-29,400988595,156,
2018-01-29,400988789,2193,
2018-01-29,400988789,2535,
2018-01-29,400988790,2430,
2018-01-29,400988790,2678,
2018-01-29,400989401,2870,
2018-01-29,400989401,198,
2018-01-29,400990583,111,
2018-01-29,400990583,232,
2018-01-29,400990830,2803,
2018-01-29,400990830,2597,
2018-01-29,400989402,2710,
2018-01-29,400989402,233,
2018-01-29,400990475,2031,
2018-01-29,400990475,290,
2018-01-29,400987352,333,
2018-01-29,400987352,142,
2018-01-29,400990677,2934,
2018-01-29,400990677,2130,
2018-01-29,400992490,2540,
2018-01-29,400992490,62,
2018-01-29,400992637,2638,
2018-01-29,400992637,98,
2018-01-29,400991321,16,
2018-01-29,400991321,331,
2018-01-29,400986869,2351,
2018-01-29,400986869,252,
2018-01-29,400986946,2541,
2018-01-29,400986946,279,
2018-01-29,400988345,24,
2018-01-29,400988345,204,
2018-01-29,400991319,2502,
2018-01-29,400991319,70,
2018-01-29,400988344,264,
2018-01-29,400988344,9,25.0
2018-01-29,400987061,2608,13.0
2018-01-29,400987061,2539,
2018-01-29,400991675,163,
2018-01-29,400991675,43,
2018-01-29,400990246,2084,
2018-01-29,400990246,2711,
2018-01-29,400991169,2405,
2018-01-29,400991169,2217,
2018-01-29,400991170,2612,
2018-01-29,400991170,315,
2018-01-29,400991171,2561,
2018-01-29,400991171,2363,
2018-01-29,400991172,2368,
2018-01-29,400991172,2099,
2018-01-29,400991173,314,
2018-01-29,400991173,2514,
2018-01-29,400991600,219,
2018-01-29,400991600,225,
2018-01-29,400992474,2463,
2018-01-29,400992474,302,
2018-01-29,400986969,2501,
2018-01-29,400986969,2492,
2018-01-29,400991004,2198,
2018-01-29,400991004,2057,
2018-01-29,400986897,2250,14.0
2018-01-29,400986897,301,
2018-01-29,400991008,2565,
2018-01-29,400991008,2635,
2018-01-29,400991318,155,
2018-01-29,400991318,147,
2018-01-29,400992639,295,
2018-01-29,400992639,2393,
2018-01-29,400992641,2636,
2018-01-29,400992641,276,
2018-01-29,400990476,250,
2018-01-29,400990476,2026,
2018-01-29,400986543,275,
2018-01-29,400986543,77,
2018-01-29,400990477,2032,
2018-01-29,400990477,2247,
2018-01-29,400991005,2546,
2018-01-29,400991005,93,
2018-01-29,400991006,2197,
2018-01-29,400991006,55,
2018-01-29,400991007,2630,
2018-01-29,400991007,2046,
2018-01-29,400991322,253,
2018-01-29,400991322,2692,
2018-01-29,400991323,2464,
2018-01-29,400991323,304,
2018-01-29,400990478,326,
2018-01-29,400990478,324,
2018-01-29,400988343,25,
2018-01-29,400988343,2483,
2018-01-29,400990676,2253,
2018-01-29,400990676,140,
2018-01-29,400990833,2529,
2018-01-29,400990833,112358,
2018-01-29,400991320,2458,
2018-01-29,400991320,149,
2018-01-29,400988092,2116,
2018-01-29,400988092,41,
2018-01-29,400986236,103,
2018-01-29,400986236,259,
2018-01-29,400988098,2655,
2018-01-29,400988098,218,
2018-01-29,400992886,2400,
2018-01-29,400992886,2755,
2018-01-29,400992853,2011,
2018-01-29,400992853,2640,
2018-01-29,400992950,2029,
2018-01-29,400992950,2296,
2018-01-29,400989186,2306,
2018-01-29,400989186,2305,7.0
2018-01-29,400990096,113,
2018-01-29,400990096,227,22.0
2018-01-29,400986540,356,
2018-01-29,400986540,164,
2018-01-29,400989235,197,
2018-01-29,400989235,2628,
2018-01-29,400990238,2649,
2018-01-29,400990238,2050,
2018-01-29,400990239,2117,
2018-01-29,400990239,2459,
2018-01-29,400990240,2199,
2018-01-29,400990240,2711,
2018-01-29,400990241,189,
2018-01-29,400990241,195,
2018-01-29,400990242,2309,
2018-01-29,400990242,2084,
2018-01-29,400990243,193,
2018-01-29,400990243,2006,
2018-01-29,400987348,61,
2018-01-29,400987348,57,23.0
2018-01-29,400986232,228,20.0
2018-01-29,400986232,153,19.0
2018-01-29,400986538,194,17.0
2018-01-29,400986538,84,
2018-01-29,400989053,2377,
2018-01-29,400989053,2534,
2018-01-29,400986537,275,
2018-01-29,400986537,158,
2018-01-29,400992834,2010,
2018-01-29,400992834,2504,
2018-01-29,400989719,2623,
2018-01-29,400989719,2287,
2018-01-29,400992757,2450,
2018-01-29,400992757,50,
2018-01-29,400991166,2520,
2018-01-29,400991166,2405,
2018-01-29,400991867,526,
2018-01-29,400991867,2454,
2018-01-29,400991891,56,
2018-01-29,400991891,294,
2018-01-29,400991905,2885,
2018-01-29,400991905,338,
2018-01-29,400991918,2908,
2018-01-29,400991918,288,
2018-01-29,400992710,2261,
2018-01-29,400992710,2065,
2018-01-29,400986536,130,24.0
2018-01-29,400986536,77,
2018-01-29,400986231,150,4.0
2018-01-29,400986231,87,
2018-01-29,400992038,107,
2018-01-29,400992038,2329,
2018-01-29,400992786,2415,
2018-01-29,400992786,2569,
2018-01-29,400992728,2154,
2018-01-29,400992728,2379,
2018-01-29,400992162,270,
2018-01-29,400992162,82,
2018-01-29,400989400,2571,
2018-01-29,400989400,2437,
2018-01-29,400989720,2181,
2018-01-29,400989720,79,
2018-01-29,400986542,2509,3.0
2018-01-29,400986542,120,
2018-01-29,400991988,2083,
2018-01-29,400991988,349,
2018-01-29,400992028,322,
2018-01-29,400992028,2142,
2018-01-29,400989165,66,
2018-01-29,400989165,277,15.0
2018-01-29,400988090,2132,8.0
2018-01-29,400988090,248,
2018-01-29,400986234,258,2.0
2018-01-29,400986234,97,
2018-01-29,400986235,154,
2018-01-29,400986235,52,
2018-01-29,400986631,59,
2018-01-29,400986631,183,
2018-01-29,400989054,2443,
2018-01-29,400989054,2466,
2018-01-29,400989055,2000,
2018-01-29,400989055,2320,
2018-01-29,400989056,2617,
2018-01-29,400989056,2277,
2018-01-29,400989057,2545,
2018-01-29,400989057,357,
2018-01-29,400989721,2674,
2018-01-29,400989721,282,
2018-01-29,400989722,71,
2018-01-29,400989722,2350,
2018-01-29,400989723,339,
2018-01-29,400989723,2460,
2018-01-29,400992758,50,
2018-01-29,400992758,2542,
2018-01-29,400987351,2579,
2018-01-29,400987351,344,
2018-01-29,400988091,58,
2018-01-29,400988091,235,
2018-01-29,400992005,104,
2018-01-29,400992005,2352,
2018-01-29,400991970,44,
2018-01-29,400991970,2426,
2018-01-29,400988592,2599,
2018-01-29,400988592,2752,6.0
2018-01-29,400991566,2619,
2018-01-29,400991566,2378,
2018-01-29,400986539,2294,
2018-01-29,400986539,135,
2018-01-29,400987349,245,
2018-01-29,400987349,8,
2018-01-29,400987347,96,21.0
2018-01-29,400987347,238,
2018-01-29,400989141,201,12.0
2018-01-29,400989141,239,
2018-01-29,400987346,145,
2018-01-29,400987346,2,11.0
2018-01-29,400988089,151,
2018-01-29,400988089,2655,
2018-01-29,400987350,2633,18.0
2018-01-29,400987350,99,
2018-01-29,400986541,127,5.0
2018-01-29,400986541,213,
2018-01-29,400986233,2390,
2018-01-29,400986233,221,
2018-01-29,400988593,2550,
2018-01-29,400988593,2507,
2018-01-29,400989790,2166,
2018-01-29,400989790,2325,
2018-01-29,400989851,45,
2018-01-29,400989851,2184,
2018-01-29,400989892,2244,
2018-01-29,400989892,179,
2018-01-29,400989960,2603,
2018-01-29,400989960,139,
2018-01-29,400990032,2066,
2018-01-29,400990032,261,
2018-01-29,400991523,160,
2018-01-29,400991523,42,
2018-01-29,400991539,311,
2018-01-29,400991539,2349,
2018-01-29,400991619,171,
2018-01-29,400991619,108,
2018-01-29,400991633,172,
2018-01-29,400991633,159,
2018-01-29,400992114,2174,
2018-01-29,400992114,85,
2018-01-29,400992873,2296,
2018-01-29,400992873,2016,
2018-01-29,400990007,399,
2018-01-29,400990007,160,
2018-01-29,400992887,2755,
2018-01-29,400992887,2582,
2018-01-29,400988347,26,
2018-01-29,400988347,30,
2018-01-29,400989062,2545,
2018-01-29,400989062,2110,
2018-01-29,400990678,166,
2018-01-29,400990678,292,
2018-01-29,400992644,249,
2018-01-29,400992644,242,
2018-01-29,400988598,2752,6.0
2018-01-29,400988598,46,
2018-01-29,400989927,2670,
2018-01-29,400989927,227,22.0
2018-01-29,400992147,2473,
2018-01-29,400992147,85,
2018-01-29,400992455,2239,
2018-01-29,400992455,300,
2018-01-29,400991697,21,
2018-01-29,400991697,2005,
2018-01-29,400990681,2547,
2018-01-29,400990681,3084,
2018-01-29,400989872,139,
2018-01-29,400989872,2230,
2018-01-29,400991718,68,
2018-01-29,400991718,2439,
2018-01-29,400990484,2653,
2018-01-29,400990484,6,
2018-01-29,400990479,2433,
2018-01-29,400990479,309,
2018-01-29,400989827,113,
2018-01-29,400989827,2168,
2018-01-29,400992134,270,
2018-01-29,400992134,2739,
2018-01-29,400988346,38,
2018-01-29,400988346,254,
2018-01-29,400986237,152,
2018-01-29,400986237,87,
2018-01-29,400988596,2086,
2018-01-29,400988596,305,
2018-01-29,400989404,2870,
2018-01-29,400989404,2172,
2018-01-29,400989060,2443,
2018-01-29,400989060,2447,
2018-01-29,400989059,2916,
2018-01-29,400989059,357,
2018-01-29,400992940,2448,
2018-01-29,400992940,2261,
2018-01-29,400989893,257,
2018-01-29,400989893,2244,
2018-01-29,400992759,47,
2018-01-29,400992759,50,
2018-01-29,400992744,2428,
2018-01-29,400992744,2169,
2018-02-05,400988363,2483,
2018-02-05,400988363,265,
2018-02-05,400991428,2182,
2018-02-05,400991428,119,
2018-02-05,400991540,160,
2018-02-05,400991540,311,
2018-02-05,400991567,2619,
2018-02-05,400991567,2349,
2018-02-05,400991869,2885,
2018-02-05,400991869,526,
2018-02-05,400991907,338,
2018-02-05,400991907,2454,
2018-02-05,400991949,2908,
2018-02-05,400991949,56,
2018-02-05,400992097,85,
2018-02-05,400992097,325,
2018-02-05,400986249,228,16.0
2018-02-05,400986249,221,
2018-02-05,400990561,2247,
2018-02-05,400990561,309,
2018-02-05,400989069,2377,
2018-02-05,400989069,2617,
2018-02-05,400990485,290,
2018-02-05,400990485,2433,
2018-02-05,400991021,2413,
2018-02-05,400991021,2546,
2018-02-05,400991892,288,
2018-02-05,400991892,294,
2018-02-05,400992135,2750,
2018-02-05,400992135,2739,
2018-02-05,400992163,94,
2018-02-05,400992163,270,
2018-02-05,400992651,2393,
2018-02-05,400992651,242,
2018-02-05,401011208,47,
2018-02-05,401011208,2261,
2018-02-05,400988353,254,
2018-02-05,400988353,24,
2018-02-05,400991446,2210,
2018-02-05,400991446,2275,
2018-02-05,400991408,48,
2018-02-05,400991408,111,
2018-02-05,400989408,233,
2018-02-05,400989408,2870,
2018-02-05,400991183,2099,
2018-02-05,400991183,2561,
2018-02-05,400990840,2681,
2018-02-05,400990840,2803,
2018-02-05,400986250,97,
2018-02-05,400986250,59,
2018-02-05,400988104,202,
2018-02-05,400988104,2655,
2018-02-05,400988797,236,
2018-02-05,400988797,2643,
2018-02-05,400988798,2678,
2018-02-05,400988798,2717,
2018-02-05,400990008,399,
2018-02-05,400990008,261,
2018-02-05,400990034,2066,
2018-02-05,400990034,2378,
2018-02-05,400990585,232,
2018-02-05,400990585,2729,
2018-02-05,400990841,2115,
2018-02-05,400990841,116,
2018-02-05,400990842,161,
2018-02-05,400990842,2529,
2018-02-05,400990843,112358,
2018-02-05,400990843,2598,
2018-02-05,400990844,2597,
2018-02-05,400990844,2523,
2018-02-05,400991016,93,
2018-02-05,400991016,2046,
2018-02-05,400991179,2520,
2018-02-05,400991179,2363,
2018-02-05,400991180,314,
2018-02-05,400991180,2405,
2018-02-05,400991181,2612,
2018-02-05,400991181,2368,
2018-02-05,400991182,315,
2018-02-05,400991182,2514,
2018-02-05,400989407,2437,
2018-02-05,400989407,2710,
2018-02-05,400989409,198,
2018-02-05,400989409,2449,
2018-02-05,400991773,2440,23.0
2018-02-05,400991773,2439,
2018-02-05,400991020,55,
2018-02-05,400991020,2635,
2018-02-05,400991331,149,
2018-02-05,400991331,2502,
2018-02-05,400991332,2692,
2018-02-05,400991332,155,
2018-02-05,400991333,304,
2018-02-05,400991333,2458,
2018-02-05,400986987,2539,
2018-02-05,400986987,2501,
2018-02-05,400992438,2239,
2018-02-05,400992438,13,
2018-02-05,400992514,302,
2018-02-05,400992514,2540,
2018-02-05,400988355,12,13.0
2018-02-05,400988355,26,
2018-02-05,400986898,279,
2018-02-05,400986898,2250,12.0
2018-02-05,400986922,2351,
2018-02-05,400986922,2608,11.0
2018-02-05,400988354,2483,
2018-02-05,400988354,264,
2018-02-05,400986970,2492,
2018-02-05,400986970,301,
2018-02-05,400988356,204,
2018-02-05,400988356,265,
2018-02-05,400986871,252,
2018-02-05,400986871,2541,
2018-02-05,400988357,9,
2018-02-05,400988357,30,
2018-02-05,400990346,193,
2018-02-05,400990346,2649,
2018-02-05,400991602,225,
2018-02-05,400991602,172,
2018-02-05,400991621,43,
2018-02-05,400991621,171,
2018-02-05,400991330,147,
2018-02-05,400991330,16,
2018-02-05,400990685,166,
2018-02-05,400990685,2934,
2018-02-05,400990682,292,
2018-02-05,400990682,2253,
2018-02-05,400989733,2287,
2018-02-05,400989733,79,
2018-02-05,400990684,140,
2018-02-05,400990684,2547,
2018-02-05,400991018,2565,
2018-02-05,400991018,2197,
2018-02-05,400991019,2198,
2018-02-05,400991019,2630,
2018-02-05,400992182,82,
2018-02-05,400992182,2754,
2018-02-05,400992649,2348,
2018-02-05,400992649,2429,
2018-02-05,400992650,2572,
2018-02-05,400992650,295,
2018-02-05,400992653,5,
2018-02-05,400992653,249,
2018-02-05,400992654,276,
2018-02-05,400992654,2229,
2018-02-05,400986251,153,21.0
2018-02-05,400986251,150,9.0
2018-02-05,400990486,6,
2018-02-05,400990486,2031,
2018-02-05,400990683,2130,
2018-02-05,400990683,3084,
2018-02-05,400990487,2653,
2018-02-05,400990487,2032,
2018-02-05,400991017,2634,
2018-02-05,400991017,2057,
2018-02-05,400992652,98,
2018-02-05,400992652,2226,
2018-02-05,400986556,356,
2018-02-05,400986556,275,
2018-02-05,400988105,248,
2018-02-05,400988105,2567,
2018-02-05,400989410,2172,
2018-02-05,400989410,2571,
2018-02-05,400992491,62,
2018-02-05,400992491,27,
2018-02-05,400988352,38,
2018-02-05,400988352,25,
2018-02-05,400986563,356,
2018-02-05,400986563,213,
2018-02-05,400989792,2166,
2018-02-05,400989792,2603,
2018-02-05,400990250,2050,
2018-02-05,400990250,189,
2018-02-05,400990251,2117,
2018-02-05,400990251,2084,
2018-02-05,400990252,2649,
2018-02-05,400990252,2459,
2018-02-05,400990253,2309,
2018-02-05,400990253,2199,
2018-02-05,400990254,2711,
2018-02-05,400990254,193,
2018-02-05,400986552,77,
2018-02-05,400986552,130,20.0
2018-02-05,400987360,96,24.0
2018-02-05,400987360,2633,15.0
2018-02-05,400988100,2132,6.0
2018-02-05,400988100,2116,
2018-02-05,400986245,87,
2018-02-05,400986245,103,
2018-02-05,400989143,197,
2018-02-05,400989143,239,
2018-02-05,400988601,2507,
2018-02-05,400988601,46,
2018-02-05,400986553,135,
2018-02-05,400986553,158,
2018-02-05,400987362,145,
2018-02-05,400987362,142,
2018-02-05,400988101,235,
2018-02-05,400988101,2724,22.0
2018-02-05,400989188,2305,10.0
2018-02-05,400989188,2628,
2018-02-05,400986551,2294,
2018-02-05,400986551,127,4.0
2018-02-05,400991698,2005,
2018-02-05,400991698,36,
2018-02-05,400990249,195,
2018-02-05,400990249,2006,
2018-02-05,400989729,282,
2018-02-05,400989729,2623,
2018-02-05,400991757,278,
2018-02-05,400991757,21,
2018-02-05,400987363,344,
2018-02-05,400987363,333,
2018-02-05,400986550,164,
2018-02-05,400986550,84,
2018-02-05,400991178,2217,
2018-02-05,400991178,2561,
2018-02-05,400992017,2329,
2018-02-05,400992017,2083,
2018-02-05,400992816,2428,
2018-02-05,400992816,2261,
2018-02-05,400992745,2448,
2018-02-05,400992745,2169,
2018-02-05,400992775,2415,
2018-02-05,400992775,47,
2018-02-05,400992712,2065,
2018-02-05,400992712,2450,
2018-02-05,400992760,2379,
2018-02-05,400992760,50,
2018-02-05,400992730,2569,
2018-02-05,400992730,2154,
2018-02-05,400992855,2029,
2018-02-05,400992855,2011,
2018-02-05,400992836,2400,
2018-02-05,400992836,2010,
2018-02-05,400992874,2755,
2018-02-05,400992874,2016,
2018-02-05,400992919,2296,
2018-02-05,400992919,2582,
2018-02-05,400989224,201,17.0
2018-02-05,400989224,277,19.0
2018-02-05,400991668,163,
2018-02-05,400991668,219,
2018-02-05,400988600,2086,
2018-02-05,400988600,2752,5.0
2018-02-05,400987361,8,
2018-02-05,400987361,2579,
2018-02-05,400991719,167,
2018-02-05,400991719,68,
2018-02-05,400986555,213,
2018-02-05,400986555,120,
2018-02-05,400992476,300,
2018-02-05,400992476,2463,
2018-02-05,400992040,107,
2018-02-05,400992040,2426,
2018-02-05,400989065,2534,
2018-02-05,400989065,357,
2018-02-05,400992304,2127,
2018-02-05,400992304,2335,
2018-02-05,400989066,2000,
2018-02-05,400989066,2447,
2018-02-05,400989067,2277,
2018-02-05,400989067,2110,
2018-02-05,400989068,2916,
2018-02-05,400989068,2545,
2018-02-05,400989207,251,
2018-02-05,400989207,2306,
2018-02-05,400989730,2350,
2018-02-05,400989730,2181,
2018-02-05,400989731,2460,
2018-02-05,400989731,71,
2018-02-05,400989732,339,
2018-02-05,400989732,2674,
2018-02-05,400987365,238,
2018-02-05,400987365,61,
2018-02-05,400986554,2509,3.0
2018-02-05,400986554,194,14.0
2018-02-05,400986248,259,
2018-02-05,400986248,152,
2018-02-05,400988604,305,
2018-02-05,400988604,156,
2018-02-05,400989928,257,
2018-02-05,400989928,2670,
2018-02-05,400991823,2751,
2018-02-05,400991823,328,
2018-02-05,400987366,2,8.0
2018-02-05,400987366,245,
2018-02-05,400989166,2641,7.0
2018-02-05,400989166,66,
2018-02-05,400989064,2466,
2018-02-05,400989064,2320,
2018-02-05,400988603,222,1.0
2018-02-05,400988603,2599,
2018-02-05,400987364,57,
2018-02-05,400987364,99,
2018-02-05,400986246,52,
2018-02-05,400986246,258,2.0
2018-02-05,400988102,41,
2018-02-05,400988102,58,
2018-02-05,400988103,218,
2018-02-05,400988103,151,
2018-02-05,400988602,2550,
2018-02-05,400988602,269,
2018-02-05,400988795,231,
2018-02-05,400988795,2430,
2018-02-05,400988796,2747,
2018-02-05,400988796,2535,
2018-02-05,400989828,2168,
2018-02-05,400989828,2184,
2018-02-05,400989873,2230,
2018-02-05,400989873,2244,
2018-02-05,400989912,45,
2018-02-05,400989912,2325,
2018-02-05,400989944,179,
2018-02-05,400989944,139,
2018-02-05,400991972,2352,
2018-02-05,400991972,44,
2018-02-05,400991989,322,
2018-02-05,400991989,349,
2018-02-05,400992006,2142,
2018-02-05,400992006,104,
2018-02-05,400992283,2241,
2018-02-05,400992283,2097,
2018-02-05,400992337,2515,
2018-02-05,400992337,2272,
2018-02-05,400992365,2344,
2018-02-05,400992365,2427,
2018-02-05,400992378,2737,
2018-02-05,400992378,2506,
2018-02-05,400986247,2390,25.0
2018-02-05,400986247,154,
2018-02-05,400991647,159,
2018-02-05,400991647,219,
2018-02-05,400991657,108,
2018-02-05,400991657,163,
2018-02-05,400989793,227,18.0
2018-02-05,400989793,2166,
2018-02-05,400989074,357,
2018-02-05,400989074,2443,
2018-02-05,400991460,350,
2018-02-05,400991460,2275,
2018-02-05,400990491,250,
2018-02-05,400990491,326,
2018-02-05,400992888,2504,
2018-02-05,400992888,2755,
2018-02-05,400986640,183,
2018-02-05,400986640,154,
2018-02-05,400990009,42,
2018-02-05,400990009,399,
2018-02-05,400992439,299,
2018-02-05,400992439,13,
2018-02-05,400992657,2638,
2018-02-05,400992657,2636,
2018-02-05,400992925,2640,
2018-02-05,400992925,2296,
2018-02-05,400990488,324,
2018-02-05,400990488,2026,
2018-02-05,400992116,2473,
2018-02-05,400992116,2174,
2018-02-05,400991334,70,
2018-02-05,400991334,331,
2018-02-05,400988800,2678,
2018-02-05,400988800,2193,
2018-02-05,400992788,2542,
2018-02-05,400992788,2415,
2018-02-05,400988799,236,
2018-02-05,400988799,2382,
2018-02-05,400991739,36,
2018-02-05,400991739,23,
2018-02-05,400989971,2603,
2018-02-05,400989971,113,
2018-02-05,400991337,2464,
2018-02-05,400991337,253,
2018-02-12,400986576,2509,6.0
2018-02-12,400986576,213,
2018-02-12,400991448,350,
2018-02-12,400991448,2210,
2018-02-12,400991525,42,
2018-02-12,400991525,311,
2018-02-12,400991556,261,
2018-02-12,400991556,160,
2018-02-12,400991871,526,
2018-02-12,400991871,338,
2018-02-12,400991894,294,
2018-02-12,400991894,2885,
2018-02-12,400991921,56,
2018-02-12,400991921,288,
2018-02-12,400991940,2454,
2018-02-12,400991940,2908,
2018-02-12,400992306,2344,
2018-02-12,400992306,2127,
2018-02-12,400992322,2241,
2018-02-12,400992322,2737,
2018-02-12,400992339,2506,
2018-02-12,400992339,2272,
2018-02-12,400992356,2427,
2018-02-12,400992356,2335,
2018-02-12,400992666,2429,
2018-02-12,400992666,2638,
2018-02-12,400988114,2724,19.0
2018-02-12,400988114,218,
2018-02-12,400986569,275,
2018-02-12,400986569,2509,6.0
2018-02-12,400988116,248,
2018-02-12,400988116,2132,5.0
2018-02-12,400988806,2717,
2018-02-12,400988806,2747,
2018-02-12,400990493,2026,
2018-02-12,400990493,6,
2018-02-12,400990494,324,
2018-02-12,400990494,2653,
2018-02-12,400991461,2275,
2018-02-12,400991461,2729,
2018-02-12,400991429,111,
2018-02-12,400991429,2182,
2018-02-12,400990495,2433,
2018-02-12,400990495,250,
2018-02-12,400991410,119,
2018-02-12,400991410,48,
2018-02-12,400991798,21,
2018-02-12,400991798,2751,
2018-02-12,400991721,68,
2018-02-12,400991721,2440,24.0
2018-02-12,400988807,2643,
2018-02-12,400988807,2430,
2018-02-12,400990854,2529,
2018-02-12,400990854,2681,
2018-02-12,400988115,41,
2018-02-12,400988115,202,
2018-02-12,400988808,231,
2018-02-12,400988808,236,
2018-02-12,400988809,2382,
2018-02-12,400988809,2678,
2018-02-12,400990010,2349,
2018-02-12,400990010,399,
2018-02-12,400990035,2066,
2018-02-12,400990035,2619,
2018-02-12,400990850,2523,
2018-02-12,400990850,2803,
2018-02-12,400990851,2598,
2018-02-12,400990851,2115,
2018-02-12,400990852,116,
2018-02-12,400990852,161,
2018-02-12,400990853,2597,
2018-02-12,400990853,112358,
2018-02-12,400991192,2217,
2018-02-12,400991192,2368,
2018-02-12,400991193,2514,
2018-02-12,400991193,2363,
2018-02-12,400991194,2520,
2018-02-12,400991194,2561,
2018-02-12,400991387,256,
2018-02-12,400991387,232,
2018-02-12,400991030,2546,
2018-02-12,400991030,2197,
2018-02-12,400990690,140,
2018-02-12,400990690,2130,
2018-02-12,400991758,23,
2018-02-12,400991758,278,
2018-02-12,400991340,331,
2018-02-12,400991340,149,
2018-02-12,400986949,301,
2018-02-12,400986949,279,
2018-02-12,400986988,2501,
2018-02-12,400986988,2541,
2018-02-12,400990692,2547,
2018-02-12,400990692,292,
2018-02-12,400991341,70,
2018-02-12,400991341,147,
2018-02-12,400992440,13,
2018-02-12,400992440,302,
2018-02-12,400992503,299,
2018-02-12,400992503,2540,
2018-02-12,400991343,16,
2018-02-12,400991343,304,
2018-02-12,400988367,265,
2018-02-12,400988367,38,
2018-02-12,400988368,26,
2018-02-12,400988368,204,
2018-02-12,400991342,2502,
2018-02-12,400991342,2692,
2018-02-12,400992492,300,
2018-02-12,400992492,62,
2018-02-12,400987059,2539,
2018-02-12,400987059,2608,15.0
2018-02-12,400990266,2084,
2018-02-12,400990266,189,
2018-02-12,400991195,314,
2018-02-12,400991195,315,
2018-02-12,400991196,2405,
2018-02-12,400991196,2099,
2018-02-12,400991604,108,
2018-02-12,400991604,225,
2018-02-12,400991622,171,
2018-02-12,400991622,219,
2018-02-12,400986873,2492,
2018-02-12,400986873,252,
2018-02-12,400986900,2250,9.0
2018-02-12,400986900,2351,
2018-02-12,400991029,2057,
2018-02-12,400991029,2198,
2018-02-12,400988366,9,25.0
2018-02-12,400988366,12,17.0
2018-02-12,400991031,93,
2018-02-12,400991031,55,
2018-02-12,400991032,2630,
2018-02-12,400991032,2565,
2018-02-12,400991344,155,
2018-02-12,400991344,253,
2018-02-12,400992662,242,
2018-02-12,400992662,276,
2018-02-12,400992663,2572,
2018-02-12,400992663,2393,
2018-02-12,400992665,295,
2018-02-12,400992665,2636,
2018-02-12,400986570,213,
2018-02-12,400986570,194,8.0
2018-02-12,400990496,309,
2018-02-12,400990496,326,
2018-02-12,400991028,2046,
2018-02-12,400991028,2635,
2018-02-12,400991033,2634,
2018-02-12,400991033,2413,
2018-02-12,400988364,264,
2018-02-12,400988364,254,
2018-02-12,400988365,30,
2018-02-12,400988365,2483,
2018-02-12,400990691,3084,
2018-02-12,400990691,166,
2018-02-12,400991345,2458,
2018-02-12,400991345,2464,
2018-02-12,400992285,2515,
2018-02-12,400992285,2097,
2018-02-12,400992664,2348,
2018-02-12,400992664,5,
2018-02-12,400992667,249,
2018-02-12,400992667,98,
2018-02-12,400992478,2463,
2018-02-12,400992478,27,
2018-02-12,400991700,2439,
2018-02-12,400991700,2005,
2018-02-12,400992100,325,
2018-02-12,400992100,2473,
2018-02-12,400986565,158,
2018-02-12,400986565,120,
2018-02-12,400989946,2325,
2018-02-12,400989946,179,
2018-02-12,400990260,189,
2018-02-12,400990260,2711,
2018-02-12,400990261,2084,
2018-02-12,400990261,2309,
2018-02-12,400990262,2649,
2018-02-12,400990262,195,
2018-02-12,400990264,2006,
2018-02-12,400990264,2050,
2018-02-12,400990333,2199,
2018-02-12,400990333,193,
2018-02-12,400991191,2405,
2018-02-12,400991191,2612,
2018-02-12,400987375,142,
2018-02-12,400987375,245,21.0
2018-02-12,400989168,66,
2018-02-12,400989168,2305,13.0
2018-02-12,400989225,2641,7.0
2018-02-12,400989225,201,23.0
2018-02-12,400989739,2460,
2018-02-12,400989739,339,
2018-02-12,400990263,2459,
2018-02-12,400990263,2117,
2018-02-12,400989983,227,16.0
2018-02-12,400989983,257,
2018-02-12,400986566,164,
2018-02-12,400986566,77,
2018-02-12,400987377,333,
2018-02-12,400987377,99,
2018-02-12,400987374,2633,18.0
2018-02-12,400987374,2579,
2018-02-12,400987376,145,
2018-02-12,400987376,8,
2018-02-12,400986259,221,
2018-02-12,400986259,103,
2018-02-12,400986260,2390,
2018-02-12,400986260,258,1.0
2018-02-12,400988610,2086,
2018-02-12,400988610,46,
2018-02-12,400988804,2430,
2018-02-12,400988804,2193,
2018-02-12,400992018,2083,
2018-02-12,400992018,2142,
2018-02-12,400992746,2450,
2018-02-12,400992746,2169,
2018-02-12,400986258,153,14.0
2018-02-12,400986258,87,
2018-02-12,400992714,2065,
2018-02-12,400992714,2428,
2018-02-12,400992731,2154,
2018-02-12,400992731,2261,
2018-02-12,400992776,47,
2018-02-12,400992776,2379,
2018-02-12,400988805,2535,
2018-02-12,400988805,2382,
2018-02-12,400992762,50,
2018-02-12,400992762,2415,
2018-02-12,400992808,2542,
2018-02-12,400992808,2448,
2018-02-12,400992876,2016,
2018-02-12,400992876,2029,
2018-02-12,400989145,251,
2018-02-12,400989145,239,
2018-02-12,400992889,2640,
2018-02-12,400992889,2755,
2018-02-12,400992911,2504,
2018-02-12,400992911,2296,
2018-02-12,400989254,277,20.0
2018-02-12,400989254,2628,
2018-02-12,400986564,135,
2018-02-12,400986564,127,2.0
2018-02-12,400988111,2116,
2018-02-12,400988111,58,
2018-02-12,400989081,2447,
2018-02-12,400989081,2534,
2018-02-12,400989076,2110,
2018-02-12,400989076,2377,
2018-02-12,400989078,357,
2018-02-12,400989078,2617,
2018-02-12,400989079,2320,
2018-02-12,400989079,2916,
2018-02-12,400989416,198,
2018-02-12,400989416,233,
2018-02-12,400989740,2181,
2018-02-12,400989740,282,
2018-02-12,400989741,71,
2018-02-12,400989741,2287,
2018-02-12,400989742,79,
2018-02-12,400989742,2623,
2018-02-12,400989743,2350,
2018-02-12,400989743,2674,
2018-02-12,400986568,84,
2018-02-12,400986568,356,
2018-02-12,400986262,154,
2018-02-12,400986262,59,
2018-02-12,400986263,183,
2018-02-12,400986263,152,
2018-02-12,400987380,57,
2018-02-12,400987380,61,
2018-02-12,400988113,2567,
2018-02-12,400988113,235,
2018-02-12,400988613,305,
2018-02-12,400988613,2599,
2018-02-12,400989417,2172,
2018-02-12,400989417,2437,
2018-02-12,400991789,167,
2018-02-12,400991789,328,
2018-02-12,400987379,2,10.0
2018-02-12,400987379,96,
2018-02-12,400988614,2752,4.0
2018-02-12,400988614,2550,
2018-02-12,400989077,2545,
2018-02-12,400989077,2443,
2018-02-12,400988112,2655,
2018-02-12,400988112,151,
2018-02-12,400986567,130,22.0
2018-02-12,400986567,2294,
2018-02-12,400989080,2466,
2018-02-12,400989080,2277,
2018-02-12,400987378,238,
2018-02-12,400987378,344,
2018-02-12,400989209,197,
2018-02-12,400989209,2306,
2018-02-12,400989415,2870,
2018-02-12,400989415,2710,
2018-02-12,400989794,2670,
2018-02-12,400989794,2166,
2018-02-12,400989830,2244,
2018-02-12,400989830,2168,
2018-02-12,400989874,2230,
2018-02-12,400989874,2603,
2018-02-12,400989913,113,
2018-02-12,400989913,45,
2018-02-12,400991974,44,
2018-02-12,400991974,104,
2018-02-12,400991991,349,
2018-02-12,400991991,107,
2018-02-12,400992019,2083,
2018-02-12,400992019,2352,
2018-02-12,400992030,2142,
2018-02-12,400992030,2329,
2018-02-12,400992046,2426,
2018-02-12,400992046,322,
2018-02-12,400992099,325,
2018-02-12,400992099,2174,
2018-02-12,400992174,2754,
2018-02-12,400992174,2473,
2018-02-12,400986261,150,12.0
2018-02-12,400986261,259,
2018-02-12,400986318,52,
2018-02-12,400986318,228,11.0
2018-02-12,400988612,2507,
2018-02-12,400988612,222,3.0
2018-02-12,400988373,25,
2018-02-12,400988373,24,
2018-02-12,400991649,159,
2018-02-12,400991649,43,
2018-02-12,400990500,2032,
2018-02-12,400990500,2031,
2018-02-12,400986267,97,
2018-02-12,400986267,153,14.0
2018-02-12,400991637,172,
2018-02-12,400991637,219,
2018-02-12,400991623,171,
2018-02-12,400991623,163,
2018-02-12,400991740,278,
2018-02-12,400991740,36,
2018-02-12,400992856,2011,
2018-02-12,400992856,2582,
2018-02-12,400992457,2239,
2018-02-12,400992457,2463,
2018-02-12,400988617,156,
2018-02-12,400988617,269,
2018-02-12,400990695,2934,
2018-02-12,400990695,2253,
2018-02-12,400990011,2378,
2018-02-12,400990011,399,
2018-02-12,400992941,2261,
2018-02-12,400992941,2569,
2018-02-12,400992838,2010,
2018-02-12,400992838,2016,
2018-02-12,400992668,2226,
2018-02-12,400992668,2229,
2018-02-12,400989418,2571,
2018-02-12,400989418,2710,
2018-02-12,400989419,2449,
2018-02-12,400989419,2870,
2018-02-12,400992149,270,
2018-02-12,400992149,85,
2018-02-12,400990497,290,
2018-02-12,400990497,2247,
2018-02-12,400992137,2739,
2018-02-12,400992137,82,
2018-02-12,400992192,2750,
2018-02-12,400992192,94,
2018-02-12,400992901,2400,
2018-02-12,400992901,2640,
2018-02-12,400989086,2545,
2018-02-12,400989086,2000,
2018-02-12,400989854,2603,
2018-02-12,400989854,2184,
2018-02-12,400989962,257,
2018-02-12,400989962,139,
2018-02-19,400986588,2294,
2018-02-19,400986588,77,
2018-02-19,400988126,2132,11.0
2018-02-19,400988126,41,
2018-02-19,400992138,2473,
2018-02-19,400992138,2739,
2018-02-19,400992324,2506,
2018-02-19,400992324,2241,
2018-02-19,400992340,2272,
2018-02-19,400992340,2344,
2018-02-19,400992357,2335,
2018-02-19,400992357,2515,
2018-02-19,400992392,2427,
2018-02-19,400992392,2737,
2018-02-19,400992675,2226,
2018-02-19,400992675,242,
2018-02-19,400992679,276,
2018-02-19,400992679,295,
2018-02-19,400992979,2229,
2018-02-19,400992979,249,
2018-02-19,400986585,356,
2018-02-19,400986585,2509,9.0
2018-02-19,400990696,292,
2018-02-19,400990696,140,
2018-02-19,400991045,2413,
2018-02-19,400991045,2630,
2018-02-19,400991909,288,
2018-02-19,400991909,338,
2018-02-19,400992287,2127,
2018-02-19,400992287,2097,
2018-02-19,400989423,2571,
2018-02-19,400989423,233,
2018-02-19,400989424,2710,
2018-02-19,400989424,2449,
2018-02-19,400989425,2437,
2018-02-19,400989425,198,
2018-02-19,400990503,2031,
2018-02-19,400990503,324,
2018-02-19,400990504,250,
2018-02-19,400990504,290,
2018-02-19,400992119,2174,
2018-02-19,400992119,270,
2018-02-19,400991931,2908,
2018-02-19,400991931,2885,
2018-02-19,400991896,294,
2018-02-19,400991896,2454,
2018-02-19,400991873,56,
2018-02-19,400991873,526,
2018-02-19,400991702,2005,
2018-02-19,400991702,21,
2018-02-19,400991759,2439,
2018-02-19,400991759,278,
2018-02-19,400992458,27,
2018-02-19,400992458,2239,
2018-02-19,400991776,2440,20.0
2018-02-19,400991776,23,
2018-02-19,400988374,38,
2018-02-19,400988374,30,
2018-02-19,401020670,2507,
2018-02-19,401020670,2550,
2018-02-19,400986584,77,
2018-02-19,400986584,275,
2018-02-19,400990860,2803,
2018-02-19,400990860,2529,
2018-02-19,400990861,2115,
2018-02-19,400990861,2681,
2018-02-19,400990862,161,
2018-02-19,400990862,2598,
2018-02-19,400990864,116,
2018-02-19,400990864,2523,
2018-02-19,400991204,2405,
2018-02-19,400991204,2520,
2018-02-19,400991389,232,
2018-02-19,400991389,2210,
2018-02-19,400991412,2182,
2018-02-19,400991412,48,
2018-02-19,400991462,256,
2018-02-19,400991462,2275,
2018-02-19,400991486,2729,
2018-02-19,400991486,350,
2018-02-19,400991497,111,
2018-02-19,400991497,119,
2018-02-19,400990507,326,
2018-02-19,400990507,2247,
2018-02-19,400990863,112358,
2018-02-19,400990863,2597,
2018-02-19,400987392,2633,19.0
2018-02-19,400987392,57,
2018-02-19,400988378,25,
2018-02-19,400988378,265,
2018-02-19,400986902,301,
2018-02-19,400986902,2250,6.0
2018-02-19,400986925,2541,
2018-02-19,400986925,2351,
2018-02-19,400986951,279,
2018-02-19,400986951,2539,
2018-02-19,400990697,2934,
2018-02-19,400990697,3084,
2018-02-19,400992442,13,
2018-02-19,400992442,2463,
2018-02-19,400986971,2608,22.0
2018-02-19,400986971,2492,
2018-02-19,400992525,300,
2018-02-19,400992525,2540,
2018-02-19,400986875,2501,
2018-02-19,400986875,252,
2018-02-19,400988379,2483,
2018-02-19,400988379,9,
2018-02-19,400991040,2565,
2018-02-19,400991040,2046,
2018-02-19,400992494,62,
2018-02-19,400992494,299,
2018-02-19,400992151,85,
2018-02-19,400992151,2750,
2018-02-19,400988819,2643,
2018-02-19,400988819,2382,
2018-02-19,400990280,2649,
2018-02-19,400990280,2117,
2018-02-19,400988820,2193,
2018-02-19,400988820,2747,
2018-02-19,400988821,2717,
2018-02-19,400988821,231,
2018-02-19,400988822,2430,
2018-02-19,400988822,236,
2018-02-19,400988823,2678,
2018-02-19,400988823,2535,
2018-02-19,400988375,204,
2018-02-19,400988375,12,14.0
2018-02-19,400988127,235,
2018-02-19,400988127,248,23.0
2018-02-19,400992676,2638,
2018-02-19,400992676,2348,
2018-02-19,400991353,2692,
2018-02-19,400991353,331,
2018-02-19,400991043,2198,
2018-02-19,400991043,2546,
2018-02-19,400992677,2636,
2018-02-19,400992677,2572,
2018-02-19,400992678,98,
2018-02-19,400992678,2429,
2018-02-19,401020586,2000,
2018-02-19,401020586,357,
2018-02-19,400990505,6,
2018-02-19,400990505,2433,
2018-02-19,400990508,2653,
2018-02-19,400990508,309,
2018-02-19,400990506,2032,
2018-02-19,400990506,2026,
2018-02-19,400991042,2197,
2018-02-19,400991042,93,
2018-02-19,400991044,2635,
2018-02-19,400991044,2634,
2018-02-19,400991354,2464,
2018-02-19,400991354,16,
2018-02-19,400991355,253,
2018-02-19,400991355,2502,
2018-02-19,400988376,24,
2018-02-19,400988376,264,
2018-02-19,400988377,254,
2018-02-19,400988377,26,
2018-02-19,400990698,2253,
2018-02-19,400990698,2547,
2018-02-19,400990699,166,
2018-02-19,400990699,2130,
2018-02-19,400991041,55,
2018-02-19,400991041,2057,
2018-02-19,400991352,304,
2018-02-19,400991352,70,
2018-02-19,400986275,150,5.0
2018-02-19,400986275,97,
2018-02-19,400991722,36,
2018-02-19,400991722,68,
2018-02-19,400986282,152,
2018-02-19,400986282,52,25.0
2018-02-19,400990275,193,
2018-02-19,400990275,2084,
2018-02-19,400990270,189,
2018-02-19,400990270,2006,
2018-02-19,400990271,195,
2018-02-19,400990271,2309,
2018-02-19,400990272,2199,
2018-02-19,400990272,2649,
2018-02-19,400990273,2050,
2018-02-19,400990273,2459,
2018-02-19,400990274,2711,
2018-02-19,400990274,2117,
2018-02-19,400989147,239,
2018-02-19,400989147,277,21.0
2018-02-19,400991790,2751,
2018-02-19,400991790,167,
2018-02-19,400990077,2325,
2018-02-19,400990077,227,18.0
2018-02-19,400986581,194,16.0
2018-02-19,400986581,164,
2018-02-19,400986579,127,2.0
2018-02-19,400986579,356,
2018-02-19,400986580,158,
2018-02-19,400986580,84,
2018-02-19,400987389,142,
2018-02-19,400987389,145,
2018-02-19,400987390,8,
2018-02-19,400987390,96,
2018-02-19,400987391,99,
2018-02-19,400987391,238,
2018-02-19,400989749,2674,
2018-02-19,400989749,2460,
2018-02-19,400988619,2086,
2018-02-19,400988619,156,
2018-02-19,400987388,245,
2018-02-19,400987388,344,
2018-02-19,400986271,152,
2018-02-19,400986271,103,
2018-02-19,400986578,77,
2018-02-19,400986578,120,
2018-02-19,400992778,2428,
2018-02-19,400992778,47,
2018-02-19,400992101,2750,
2018-02-19,400992101,325,
2018-02-19,400992197,94,
2018-02-19,400992197,2754,
2018-02-19,400992716,2415,
2018-02-19,400992716,2065,
2018-02-19,400992732,2169,
2018-02-19,400992732,2154,
2018-02-19,400992809,2448,
2018-02-19,400992809,2379,
2018-02-19,400992932,2261,
2018-02-19,400992932,2542,
2018-02-19,400992118,82,
2018-02-19,400992118,2174,
2018-02-19,400992800,2450,
2018-02-19,400992800,2569,
2018-02-19,400992839,2010,
2018-02-19,400992839,2582,
2018-02-19,400992902,2400,
2018-02-19,400992902,2504,
2018-02-19,400992926,2029,
2018-02-19,400992926,2640,
2018-02-19,400986577,275,
2018-02-19,400986577,135,
2018-02-19,400992857,2011,
2018-02-19,400992857,2016,
2018-02-19,400989190,2305,8.0
2018-02-19,400989190,201,
2018-02-19,400989832,2168,
2018-02-19,400989832,139,
2018-02-19,400987393,2579,
2018-02-19,400987393,61,
2018-02-19,400989210,2306,
2018-02-19,400989210,251,
2018-02-19,400989170,66,
2018-02-19,400989170,2628,
2018-02-19,400986272,258,1.0
2018-02-19,400986272,59,
2018-02-19,400991976,107,
2018-02-19,400991976,44,
2018-02-19,400989088,2534,
2018-02-19,400989088,2443,
2018-02-19,400989089,2377,
2018-02-19,400989089,2447,
2018-02-19,400988124,2724,13.0
2018-02-19,400988124,2655,
2018-02-19,400989091,2617,
2018-02-19,400989091,2110,
2018-02-19,400989092,2277,
2018-02-19,400989092,2320,
2018-02-19,400989093,2916,
2018-02-19,400989093,2466,
2018-02-19,400989751,2287,
2018-02-19,400989751,2181,
2018-02-19,400988620,46,
2018-02-19,400988620,2752,4.0
2018-02-19,400989752,2623,
2018-02-19,400989752,71,
2018-02-19,400989753,79,
2018-02-19,400989753,2350,
2018-02-19,400988622,269,
2018-02-19,400988622,2599,
2018-02-19,400987394,2,12.0
2018-02-19,400987394,333,
2018-02-19,400988623,222,3.0
2018-02-19,400988623,305,
2018-02-19,400986276,221,
2018-02-19,400986276,154,
2018-02-19,400988125,202,
2018-02-19,400988125,2116,
2018-02-19,400989238,197,
2018-02-19,400989238,2641,6.0
2018-02-19,400986274,183,
2018-02-19,400986274,153,10.0
2018-02-19,400986273,259,
2018-02-19,400986273,228,15.0
2018-02-19,400986582,213,
2018-02-19,400986582,130,17.0
2018-02-19,400988123,151,
2018-02-19,400988123,2567,
2018-02-19,400989750,282,
2018-02-19,400989750,339,
2018-02-19,400989796,2166,
2018-02-19,400989796,2230,
2018-02-19,400989855,179,
2018-02-19,400989855,2184,
2018-02-19,400989896,2603,
2018-02-19,400989896,2244,
2018-02-19,400989915,45,
2018-02-19,400989915,257,
2018-02-19,400989929,113,
2018-02-19,400989929,2670,
2018-02-19,400990037,261,
2018-02-19,400990037,2066,
2018-02-19,400991202,2561,
2018-02-19,400991202,2217,
2018-02-19,400991203,315,
2018-02-19,400991203,2099,
2018-02-19,400991527,42,
2018-02-19,400991527,160,
2018-02-19,400991542,2349,
2018-02-19,400991542,311,
2018-02-19,400991568,2378,
2018-02-19,400991568,2619,
2018-02-19,400991993,2142,
2018-02-19,400991993,349,
2018-02-19,400992009,104,
2018-02-19,400992009,322,
2018-02-19,400992021,2083,
2018-02-19,400992021,2426,
2018-02-19,400992053,2352,
2018-02-19,400992053,2329,
2018-02-19,400991206,315,
2018-02-19,400991206,2368,
2018-02-19,400991207,2514,
2018-02-19,400991207,2612,
2018-02-19,400991606,171,
2018-02-19,400991606,225,
2018-02-19,400989428,2710,
2018-02-19,400989428,2172,
2018-02-19,400992684,2393,24.0
2018-02-19,400992684,5,
2018-02-19,400992516,302,
2018-02-19,400992516,27,
2018-02-19,400991661,219,
2018-02-19,400991661,108,
2018-02-19,400991607,172,
2018-02-19,400991607,225,
2018-02-19,400991651,163,
2018-02-19,400991651,159,
2018-02-19,400992763,50,
2018-02-19,400992763,2448,
2018-02-19,400992891,2755,
2018-02-19,400992891,2029,
2018-02-19,400989095,2466,
2018-02-19,400989095,2545,
2018-02-19,400989427,2870,
2018-02-19,400989427,2571,
2018-02-19,400990012,399,
2018-02-19,400990012,311,
2018-02-19,400991638,172,
2018-02-19,400991638,43,
2018-02-19,400988131,218,
2018-02-19,400988131,2116,
2018-02-19,400991212,2520,
2018-02-19,400991212,314,
2018-02-19,400991211,2363,
2018-02-19,400991211,2514,
2018-02-19,400992903,2296,
2018-02-19,400992903,2400,
2018-02-19,400991356,149,
2018-02-19,400991356,147,
2018-02-19,400986278,2390,
2018-02-19,400986278,103,
2018-02-19,400988128,58,
2018-02-19,400988128,2655,
2018-02-19,400986279,154,
2018-02-19,400986279,87,
2018-02-19,400991359,155,
2018-02-19,400991359,2458,
2018-02-19,400991703,2005,
2018-02-19,400991703,328,
2018-02-26,401020624,2172,
2018-02-26,401020624,198,
2018-02-26,400992933,2569,
2018-02-26,400992933,2542,
2018-02-26,400988136,2116,
2018-02-26,400988136,2724,11.0
2018-02-26,400990545,2247,
2018-02-26,400990545,2653,
2018-02-26,400990515,290,
2018-02-26,400990515,6,
2018-02-26,400992690,2429,
2018-02-26,400992690,2229,
2018-02-26,400992734,2154,
2018-02-26,400992734,47,
2018-02-26,400992750,2169,
2018-02-26,400992750,2415,
2018-02-26,400992810,2428,
2018-02-26,400992810,2448,
2018-02-26,401020107,55,
2018-02-26,401020107,2635,
2018-02-26,400986285,228,18.0
2018-02-26,400986285,52,
2018-02-26,400986306,59,
2018-02-26,400986306,152,
2018-02-26,400990517,2433,
2018-02-26,400990517,2031,
2018-02-26,400992687,242,
2018-02-26,400992687,2638,
2018-02-26,400992689,249,
2018-02-26,400992689,2636,
2018-02-26,400992692,5,
2018-02-26,400992692,276,
2018-02-26,400992719,50,
2018-02-26,400992719,2065,
2018-02-26,400992802,2450,
2018-02-26,400992802,2261,
2018-02-26,401021571,2142,
2018-02-26,401021571,322,
2018-02-26,401021570,2083,
2018-02-26,401021570,2352,
2018-02-26,401021354,2329,
2018-02-26,401021354,104,
2018-02-26,401021353,2426,
2018-02-26,401021353,107,
2018-02-26,400991809,23,
2018-02-26,400991809,328,
2018-02-26,400992460,2463,
2018-02-26,400992460,2239,
2018-02-26,400991777,2439,
2018-02-26,400991777,2440,21.0
2018-02-26,401020032,120,
2018-02-26,401020032,275,
2018-02-26,401020692,2515,
2018-02-26,401020692,2344,
2018-02-26,401020033,130,15.0
2018-02-26,401020033,2294,
2018-02-26,401020693,2737,
2018-02-26,401020693,2241,
2018-02-26,401020175,2405,
2018-02-26,401020175,2612,
2018-02-26,401020034,213,
2018-02-26,401020034,77,
2018-02-26,400988137,151,
2018-02-26,400988137,202,
2018-02-26,400992691,295,
2018-02-26,400992691,2226,
2018-02-26,401020132,339,
2018-02-26,401020132,2460,
2018-02-26,401020176,2514,
2018-02-26,401020176,2561,
2018-02-26,401020694,2427,
2018-02-26,401020694,2127,
2018-02-26,401020703,526,
2018-02-26,401020703,2454,
2018-02-26,400992878,2016,
2018-02-26,400992878,2504,
2018-02-26,401020704,288,
2018-02-26,401020704,294,
2018-02-26,400992688,2393,24.0
2018-02-26,400992688,98,
2018-02-26,400992443,27,
2018-02-26,400992443,13,
2018-02-26,400988388,12,19.0
2018-02-26,400988388,24,
2018-02-26,400991366,16,
2018-02-26,400991366,155,
2018-02-26,400988389,264,
2018-02-26,400988389,204,
2018-02-26,400991367,2502,
2018-02-26,400991367,2458,
2018-02-26,400992504,2540,
2018-02-26,400992504,299,
2018-02-26,401020036,127,2.0
2018-02-26,401020036,275,
2018-02-26,401020134,2350,
2018-02-26,401020134,2460,
2018-02-26,401020037,158,
2018-02-26,401020037,130,15.0
2018-02-26,401020135,2181,
2018-02-26,401020135,71,
2018-02-26,401020589,2643,
2018-02-26,401020589,2678,
2018-02-26,401020085,2739,
2018-02-26,401020085,2174,
2018-02-26,400990286,189,
2018-02-26,400990286,2084,
2018-02-26,400990287,2649,
2018-02-26,400990287,2199,
2018-02-26,401020038,194,13.0
2018-02-26,401020038,213,
2018-02-26,400992495,302,
2018-02-26,400992495,62,
2018-02-26,400991364,70,
2018-02-26,400991364,2464,
2018-02-26,400986307,97,
2018-02-26,400986307,258,1.0
2018-02-26,401020133,2623,
2018-02-26,401020133,2674,
2018-02-26,400990516,309,
2018-02-26,400990516,2032,
2018-02-26,400992842,2010,
2018-02-26,400992842,2755,
2018-02-26,400992860,2011,
2018-02-26,400992860,2296,
2018-02-26,400992921,2582,
2018-02-26,400992921,2640,
2018-02-26,401020035,84,
2018-02-26,401020035,164,
2018-02-26,400988138,235,
2018-02-26,400988138,58,
2018-02-26,400988386,265,
2018-02-26,400988386,2483,
2018-02-26,400988387,9,
2018-02-26,400988387,25,
2018-02-26,400991363,149,
2018-02-26,400991363,2692,
2018-02-26,401020177,2217,
2018-02-26,401020177,2368,
2018-02-26,401020695,2097,
2018-02-26,401020695,2335,
2018-02-26,400988139,2655,
2018-02-26,400988139,2132,10.0
2018-02-26,400991365,331,
2018-02-26,400991365,253,
2018-02-26,400991362,147,
2018-02-26,400991362,304,
2018-02-26,401020108,2046,
2018-02-26,401020108,2197,
2018-02-26,401020106,2634,
2018-02-26,401020106,2197,
2018-02-26,400988135,2567,
2018-02-26,400988135,248,25.0
2018-02-26,400990284,2711,
2018-02-26,400990284,2199,
2018-02-26,400987404,333,
2018-02-26,400987404,57,
2018-02-26,400987405,238,
2018-02-26,400987405,142,
2018-02-26,400989172,66,
2018-02-26,400989172,197,
2018-02-26,400990013,399,
2018-02-26,400990013,2066,
2018-02-26,400990281,2084,
2018-02-26,400990281,2006,
2018-02-26,400990282,195,
2018-02-26,400990282,189,
2018-02-26,400990283,2117,
2018-02-26,400990283,2050,
2018-02-26,400990338,2309,
2018-02-26,400990338,193,
2018-02-26,400991742,36,
2018-02-26,400991742,167,
2018-02-26,400991528,42,
2018-02-26,400991528,2378,
2018-02-26,400991543,311,
2018-02-26,400991543,261,
2018-02-26,400999789,160,
2018-02-26,400999789,2349,
2018-02-26,401020690,2272,
2018-02-26,401020690,2344,
2018-02-26,401020691,2127,
2018-02-26,401020691,2506,
2018-02-26,401021351,2352,
2018-02-26,401021351,349,
2018-02-26,401021352,322,
2018-02-26,401021352,44,
2018-02-26,400989192,2305,6.0
2018-02-26,400989192,251,
2018-02-26,400989274,277,20.0
2018-02-26,400989274,2641,12.0
2018-02-26,401016386,2005,
2018-02-26,401016386,278,
2018-02-26,401019073,2210,
2018-02-26,401019073,256,
2018-02-26,401020699,526,
2018-02-26,401020699,2908,
2018-02-26,401020702,294,
2018-02-26,401020702,338,
2018-02-26,400986283,259,
2018-02-26,400986283,150,5.0
2018-02-26,400992749,2379,
2018-02-26,400992749,2169,
2018-02-26,401020701,2885,
2018-02-26,401020701,2454,
2018-02-26,401020700,288,
2018-02-26,401020700,56,
2018-02-26,400992892,2755,
2018-02-26,400992892,2400,
2018-02-26,400992952,2296,
2018-02-26,400992952,2029,
2018-02-26,400989973,227,17.0
2018-02-26,400989973,2603,
2018-02-26,400987402,344,
2018-02-26,400987402,2633,16.0
2018-02-26,400990285,2459,
2018-02-26,400990285,2649,
2018-02-26,401020727,2598,
2018-02-26,401020727,161,
2018-02-26,401020729,2681,
2018-02-26,401020729,2115,
2018-02-26,400987407,96,23.0
2018-02-26,400987407,145,
2018-02-26,400989100,2466,
2018-02-26,400989100,2447,
2018-02-26,401020101,2635,
2018-02-26,401020101,2565,
2018-02-26,401020031,135,
2018-02-26,401020031,164,
2018-02-26,400989101,2617,
2018-02-26,400989101,2000,
2018-02-26,400989102,2110,
2018-02-26,400989102,2534,
2018-02-26,400989103,2916,
2018-02-26,400989103,2277,
2018-02-26,400989104,2443,
2018-02-26,400989104,2545,
2018-02-26,400989105,357,
2018-02-26,400989105,2377,
2018-02-26,400987408,61,
2018-02-26,400987408,245,
2018-02-26,400988631,2550,
2018-02-26,400988631,222,4.0
2018-02-26,400986286,103,
2018-02-26,400986286,183,
2018-02-26,400988632,2599,
2018-02-26,400988632,2086,
2018-02-26,400991704,2751,
2018-02-26,400991704,2005,
2018-02-26,401020728,116,
2018-02-26,401020728,2523,
2018-02-26,401020726,112358,
2018-02-26,401020726,2597,
2018-02-26,400988629,156,
2018-02-26,400988629,305,
2018-02-26,400989984,257,
2018-02-26,400989984,113,
2018-02-26,400989149,239,
2018-02-26,400989149,201,
2018-02-26,400989212,2628,
2018-02-26,400989212,2306,
2018-02-26,400989798,179,
2018-02-26,400989798,2166,
2018-02-26,400987403,8,
2018-02-26,400987403,2,14.0
2018-02-26,400986284,153,9.0
2018-02-26,400986284,2390,
2018-02-26,400991723,21,
2018-02-26,400991723,68,
2018-02-26,401020030,2294,
2018-02-26,401020030,356,
2018-02-26,400987406,2579,
2018-02-26,400987406,99,
2018-02-26,400988630,2752,3.0
2018-02-26,400988630,2507,
2018-02-26,400986694,87,
2018-02-26,400986694,221,
2018-02-26,400988134,41,
2018-02-26,400988134,218,
2018-02-26,400989834,2325,
2018-02-26,400989834,2168,
2018-02-26,400989856,2184,
2018-02-26,400989856,139,
2018-02-26,400989876,45,
2018-02-26,400989876,2230,
2018-02-26,400989898,2670,
2018-02-26,400989898,2244,
2018-02-26,400990518,326,
2018-02-26,400990518,250,
2018-02-26,400990705,292,
2018-02-26,400990705,166,
2018-02-26,400991608,225,
2018-02-26,400991608,163,
2018-02-26,401020088,94,
2018-02-26,401020088,325,
2018-02-26,401020111,93,
2018-02-26,401020111,2057,
2018-02-26,401020594,231,
2018-02-26,401020594,2717,
2018-02-26,401020719,399,
2018-02-26,401020719,2619,
2018-02-26,401020621,2571,
2018-02-26,401020621,2710,
2018-02-26,401020145,79,
2018-02-26,401020145,2287,
2018-02-26,401020167,48,
2018-02-26,401020167,2210,
2018-02-26,400988394,254,
2018-02-26,400988394,38,
2018-02-26,400991626,108,
2018-02-26,400991626,171,
2018-02-26,400991640,159,
2018-02-26,400991640,172,
2018-02-26,400991676,43,
2018-02-26,400991676,163,
2018-02-26,401020180,315,
2018-02-26,401020180,2217,
2018-02-26,400990706,2253,
2018-02-26,400990706,2934,
2018-02-26,400990707,3084,
2018-02-26,400990707,2547,
2018-02-26,401020169,2729,
2018-02-26,401020169,119,
2018-02-26,401020595,2430,
2018-02-26,401020595,2747,
2018-02-26,401020042,2509,8.0
2018-02-26,401020042,130,15.0
2018-02-26,401020089,82,
2018-02-26,401020089,270,
2018-02-26,401020170,111,
2018-02-26,401020170,48,
2018-02-26,401020596,2193,
2018-02-26,401020596,231,
2018-02-26,401020182,314,
2018-02-26,401020182,2612,
2018-02-26,401020623,2870,
2018-02-26,401020623,2449,
2018-02-26,401020090,2473,
2018-02-26,401020090,85,
2018-02-26,401020171,2275,
2018-02-26,401020171,350,
2018-02-26,401020181,314,
2018-02-26,401020181,2363,
2018-02-26,401020622,233,
2018-02-26,401020622,2437,
2018-02-26,401020612,2250,7.0
2018-02-26,401020612,2351,
2018-02-26,400988395,30,
2018-02-26,400988395,26,
2018-02-26,400992517,300,
2018-02-26,400992517,302,
2018-02-26,401020611,2608,22.0
2018-02-26,401020611,2492,
2018-02-26,401020168,232,
2018-02-26,401020168,2182,
2018-02-26,401020613,2539,
2018-02-26,401020613,279,
2018-02-26,401020593,2193,
2018-02-26,401020593,236,
2018-02-26,401020609,2541,
2018-02-26,401020609,2492,
2018-02-26,400986289,59,
2018-02-26,400986289,154,
2018-02-26,401020179,2099,
2018-02-26,401020179,2514,
2018-02-26,400991669,43,
2018-02-26,400991669,219,
2018-02-26,401020178,2520,
2018-02-26,401020178,2612,
2018-02-26,401020590,2535,
2018-02-26,401020590,236,
2018-02-26,401020086,325,
2018-02-26,401020086,2754,
2018-02-26,401020608,2351,
2018-02-26,401020608,2501,
2018-02-26,401020141,2287,
2018-02-26,401020141,282,
2018-02-26,400989108,2377,
2018-02-26,400989108,2320,
2018-02-26,400988637,222,4.0
2018-02-26,400988637,46,
2018-02-26,400992693,2572,
2018-02-26,400992693,2348,
2018-02-26,401020087,2750,
2018-02-26,401020087,2739,
2018-02-26,400990704,2130,
2018-02-26,400990704,140,
2018-02-26,400988634,269,
2018-02-26,400988634,156,
2018-02-26,401020592,2382,
2018-02-26,401020592,2747,
2018-02-26,400990519,2026,
2018-02-26,400990519,324,
2018-02-26,401020614,252,
2018-02-26,401020614,301,
2018-03-05,401019984,2132,8.0
2018-03-05,401019984,248,21.0
2018-03-05,401020065,2752,3.0
2018-03-05,401020065,2599,
2018-03-05,401020074,2670,
2018-03-05,401020074,2168,
2018-03-05,401019975,41,
2018-03-05,401019975,2567,
2018-03-05,401020046,2483,
2018-03-05,401020046,265,
2018-03-05,401020709,5,
2018-03-05,401020709,2226,
2018-03-05,401019991,153,12.0
2018-03-05,401019991,183,
2018-03-05,401020055,251,
2018-03-05,401020055,66,
2018-03-05,401020708,249,
2018-03-05,401020708,2348,
2018-03-05,401020064,269,
2018-03-05,401020064,305,
2018-03-05,401020001,2579,
2018-03-05,401020001,145,
2018-03-05,401020045,264,
2018-03-05,401020045,204,
2018-03-05,401020550,2065,
2018-03-05,401020550,2415,
2018-03-05,401020160,2320,
2018-03-05,401020160,2110,
2018-03-05,401020120,2433,
2018-03-05,401020120,2032,
2018-03-05,401020073,45,
2018-03-05,401020073,2230,
2018-03-05,401022719,2083,
2018-03-05,401022719,2142,
2018-03-05,401020707,2636,
2018-03-05,401020707,2638,
2018-03-05,401020706,2229,
2018-03-05,401020706,2572,
2018-03-05,401020570,2751,
2018-03-05,401020570,23,
2018-03-05,401020063,46,
2018-03-05,401020063,2599,
2018-03-05,401020054,197,
2018-03-05,401020054,201,
2018-03-05,401020000,61,
2018-03-05,401020000,238,
2018-03-05,401020524,2084,
2018-03-05,401020524,2117,
2018-03-05,401019992,258,1.0
2018-03-05,401019992,97,
2018-03-05,401020131,2247,
2018-03-05,401020131,250,
2018-03-05,401020056,2306,
2018-03-05,401020056,2628,
2018-03-05,401020552,2542,
2018-03-05,401020552,2428,
2018-03-05,401020161,2534,
2018-03-05,401020161,2443,
2018-03-05,401020076,257,
2018-03-05,401020076,2184,
2018-03-05,401020048,26,
2018-03-05,401020048,24,
2018-03-05,401020735,2692,
2018-03-05,401020735,2458,
2018-03-05,401020743,2239,
2018-03-05,401020743,299,
2018-03-05,401020572,278,
2018-03-05,401020572,21,
2018-03-05,401020538,3084,
2018-03-05,401020538,2934,
2018-03-05,401020003,142,
2018-03-05,401020003,61,
2018-03-05,401020057,2305,9.0
2018-03-05,401020057,197,
2018-03-05,401020734,149,
2018-03-05,401020734,155,
2018-03-05,401020047,12,15.0
2018-03-05,401020047,38,
2018-03-05,401020571,2440,22.0
2018-03-05,401020571,2439,
2018-03-05,401020742,302,
2018-03-05,401020742,27,
2018-03-05,401020537,2253,
2018-03-05,401020537,140,
2018-03-05,401019976,235,
2018-03-05,401019976,58,
2018-03-05,401020523,2050,
2018-03-05,401020523,2309,
2018-03-05,401020075,2244,
2018-03-05,401020075,113,
2018-03-05,401020066,156,
2018-03-05,401020066,2507,
2018-03-05,401019993,228,19.0
2018-03-05,401019993,103,
2018-03-05,401020002,245,
2018-03-05,401020002,333,
2018-03-05,401019990,259,
2018-03-05,401019990,87,
2018-03-05,401020551,2261,
2018-03-05,401020551,50,
2018-03-05,401020159,2443,
2018-03-05,401020159,357,
2018-03-05,401020119,2653,
2018-03-05,401020119,6,
2018-03-05,401020549,2428,
2018-03-05,401020549,2154,
2018-03-05,401020739,2458,
2018-03-05,401020739,2464,
2018-03-05,401020548,47,
2018-03-05,401020548,50,
2018-03-05,401020738,155,
2018-03-05,401020738,147,
2018-03-05,401019986,87,
2018-03-05,401019986,221,
2018-03-05,401019985,103,
2018-03-05,401019985,59,
2018-03-05,401020617,2608,20.0
2018-03-05,401020617,252,
2018-03-05,401020626,233,
2018-03-05,401020626,2172,
2018-03-05,401020616,2250,6.0
2018-03-05,401020616,2539,
2018-03-05,401020597,2430,
2018-03-05,401020597,2193,
2018-03-05,401020547,2450,
2018-03-05,401020547,2379,
2018-03-05,401020092,2750,
2018-03-05,401020092,270,
2018-03-05,401020173,111,
2018-03-05,401020173,350,
2018-03-05,401020531,2711,
2018-03-05,401020531,2006,
2018-03-05,401020625,2571,
2018-03-05,401020625,2449,
2018-03-05,401020534,193,
2018-03-05,401020534,195,
2018-03-05,401020533,2117,
2018-03-05,401020533,189,
2018-03-05,401020532,2309,
2018-03-05,401020532,2459,
2018-03-05,401020184,314,
2018-03-05,401020184,2217,
2018-03-05,401020091,2473,
2018-03-05,401020091,325,
2018-03-05,401020546,2448,
2018-03-05,401020546,2169,
2018-03-05,401019987,183,
2018-03-05,401019987,154,
2018-03-05,401020174,232,
2018-03-05,401020174,111,
2018-03-05,401020741,2502,
2018-03-05,401020741,16,
2018-03-05,401020072,2325,
2018-03-05,401020072,113,
2018-03-05,401020044,24,
2018-03-05,401020044,25,
2018-03-05,401020569,328,
2018-03-05,401020569,36,
2018-03-05,401020118,2026,
2018-03-05,401020118,2031,
2018-03-05,401020043,38,
2018-03-05,401020043,9,
2018-03-05,401019989,152,
2018-03-05,401019989,103,
2018-03-05,401020568,2439,
2018-03-05,401020568,2005,
2018-03-05,401020115,324,
2018-03-05,401020115,326,
2018-03-05,401019988,52,
2018-03-05,401019988,97,
2018-03-05,401022714,2504,
2018-03-05,401022714,2016,
2018-03-05,401020721,261,
2018-03-05,401020721,2619,
2018-03-05,401022713,2640,
2018-03-05,401022713,2011,
2018-03-05,401022614,2415,
2018-03-05,401022614,2569,
2018-03-05,401020740,304,
2018-03-05,401020740,253,
2018-03-05,401022712,2582,
2018-03-05,401022712,2296,
2018-03-05,401022711,2029,
2018-03-05,401022711,2400,
2018-03-05,401020722,2378,
2018-03-05,401020722,42,
2018-03-05,401020730,2681,
2018-03-05,401020730,112358,
2018-03-05,401020525,2649,
2018-03-05,401020525,193,
2018-03-05,401019974,218,
2018-03-05,401019974,2655,
2018-03-05,401020004,344,
2018-03-05,401020004,99,
2018-03-05,401020128,290,
2018-03-05,401020128,2433,
2018-03-05,401020933,108,
2018-03-05,401020933,172,
2018-03-05,401020129,309,
2018-03-05,401020129,250,
2018-03-05,401020747,2540,
2018-03-05,401020747,300,
2018-03-05,401020052,30,
2018-03-05,401020052,2483,
2018-03-05,401020580,167,
2018-03-05,401020580,328,
2018-03-05,401020542,166,
2018-03-05,401020542,2547,
2018-03-05,401020733,331,
2018-03-05,401020733,253,
2018-03-05,401020061,2641,14.0
2018-03-05,401020061,277,18.0
2018-03-05,401020009,57,23.0
2018-03-05,401020009,8,
2018-03-05,401019981,248,21.0
2018-03-05,401019981,2116,
2018-03-05,401019997,150,5.0
2018-03-05,401019997,153,12.0
2018-03-05,401020070,222,2.0
2018-03-05,401020070,2086,
2018-03-05,401020528,2649,
2018-03-05,401020528,2199,
2018-03-05,401020010,96,
2018-03-05,401020010,333,
2018-03-05,401020082,227,25.0
2018-03-05,401020082,2603,
2018-03-05,401020012,2633,13.0
2018-03-05,401020012,96,
2018-03-05,401020084,227,25.0
2018-03-05,401020084,2166,
2018-03-05,401020935,108,
2018-03-05,401020935,219,
2018-03-05,401020165,2545,
2018-03-05,401020165,2617,
2018-03-05,401020716,98,
2018-03-05,401020716,276,
2018-03-05,401019983,2724,11.0
2018-03-05,401019983,248,21.0
2018-03-05,401020083,179,
2018-03-05,401020083,2166,
2018-03-05,401020934,219,
2018-03-05,401020934,43,
2018-03-05,401020164,2447,
2018-03-05,401020164,2617,
2018-03-05,401020081,2166,
2018-03-05,401020081,139,
2018-03-05,401020710,2393,
2018-03-05,401020710,2572,
2018-03-05,401020059,277,18.0
2018-03-05,401020059,239,
2018-03-05,401020712,295,
2018-03-05,401020712,2348,
2018-03-05,401020068,2550,
2018-03-05,401020068,2086,
2018-03-05,401019977,2116,
2018-03-05,401019977,151,
2018-03-05,401019995,2390,24.0
2018-03-05,401019995,153,12.0
2018-03-05,401020744,300,
2018-03-05,401020744,62,
2018-03-05,401020573,68,
2018-03-05,401020573,328,
2018-03-05,401020539,166,
2018-03-05,401020539,2130,
2018-03-05,401020736,70,
2018-03-05,401020736,253,
2018-03-05,401020540,2547,
2018-03-05,401020540,292,
2018-03-05,401020050,254,
2018-03-05,401020050,2483,
2018-03-05,401020745,2540,
2018-03-05,401020745,13,
2018-03-05,401019979,202,
2018-03-05,401019979,235,
2018-03-05,401020006,2,16.0
2018-03-05,401020006,333,
2018-03-05,401020172,232,
2018-03-05,401020172,2729,
