week,game,team_id,rank
2018-11-05,401087251,62,
2018-11-05,401087251,249,
2018-11-05,401084646,2567,
2018-11-05,401084646,2466,
2018-11-05,401083045,66,
2018-11-05,401083045,142,
2018-11-05,401083022,2579,
2018-11-05,401083022,2619,
2018-11-05,401082873,2390,
2018-11-05,401082873,2329,
2018-11-05,401082801,221,
2018-11-05,401082801,2678,
2018-11-05,401082591,164,
2018-11-05,401082591,161,
2018-11-05,401082997,251,
2018-11-05,401082997,8,
2018-11-05,401083338,2599,
2018-11-05,401083338,189,
2018-11-05,401083309,2507,
2018-11-05,401083309,2724,
2018-11-05,401089166,2739,
2018-11-05,401089166,282,
2018-11-05,401088379,295,
2018-11-05,401088379,2426,
2018-11-05,401083934,2199,
2018-11-05,401083934,2182,
2018-11-05,401086604,254,
2018-11-05,401086604,311,
2018-11-05,401086078,2547,
2018-11-05,401086078,2803,
2018-11-05,401088908,2571,
2018-11-05,401088908,2011,
2018-11-05,401082530,77,
2018-11-05,401082530,2443,
2018-11-05,401084022,350,
2018-11-05,401084022,24,
2018-11-05,401082391,2294,
2018-11-05,401082391,140,
2018-11-05,401082333,356,
2018-11-05,401082333,339,
2018-11-05,401082580,2509,24.0
2018-11-05,401082580,2217,
2018-11-05,401082642,228,22.0
2018-11-05,401082642,2643,
2018-11-05,401086049,45,
2018-11-05,401086049,2561,
2018-11-05,401084613,41,
2018-11-05,401084613,2413,
2018-11-05,401082908,97,
2018-11-05,401082908,2447,
2018-11-05,401082821,87,
2018-11-05,401082821,2130,
2018-11-05,401082781,183,16.0
2018-11-05,401082781,331,
2018-11-05,401083350,222,9.0
2018-11-05,401083350,2415,
2018-11-05,401083725,2608,
2018-11-05,401083725,2377,
2018-11-05,401082853,2747,
2018-11-05,401082853,153,8.0
2018-11-05,401084853,245,
2018-11-05,401084853,2542,
2018-11-05,401083509,2628,20.0
2018-11-05,401083509,2934,
2018-11-05,401083154,57,
2018-11-05,401083154,2127,
2018-11-05,401084054,108,
2018-11-05,401084054,111,
2018-11-05,401082762,258,5.0
2018-11-05,401082762,119,
2018-11-05,401083123,96,2.0
2018-11-05,401083123,79,
2018-11-05,401088418,219,
2018-11-05,401088418,242,
2018-11-05,401087898,326,
2018-11-05,401087898,2005,
2018-11-05,401087496,2623,
2018-11-05,401087496,2523,
2018-11-05,401086538,2066,
2018-11-05,401086538,2885,
2018-11-05,401085947,314,
2018-11-05,401085947,399,
2018-11-05,401082363,84,
2018-11-05,401082363,147,
2018-11-05,401083959,151,
2018-11-05,401083959,256,
2018-11-05,401083063,344,18.0
2018-11-05,401083063,2046,
2018-11-05,401088792,2535,
2018-11-05,401088792,55,
2018-11-05,401087876,112358,
2018-11-05,401087876,225,
2018-11-05,401085677,2603,
2018-11-05,401085677,295,
2018-11-05,401083853,2275,
2018-11-05,401083853,116,
2018-11-05,401082895,59,
2018-11-05,401082895,2320,
2018-11-05,401082564,213,
2018-11-05,401082564,2454,
2018-11-05,401082975,2633,6.0
2018-11-05,401082975,309,
2018-11-05,401084647,218,
2018-11-05,401084647,2174,
2018-11-05,401082854,2210,
2018-11-05,401082854,153,8.0
2018-11-05,401082740,259,15.0
2018-11-05,401082740,2241,
2018-11-05,401082643,228,22.0
2018-11-05,401082643,2428,
2018-11-05,401089359,2598,
2018-11-05,401089359,2415,
2018-11-05,401088510,2117,
2018-11-05,401088510,2130,
2018-11-05,401087414,2473,
2018-11-05,401087414,2649,
2018-11-05,401087374,2459,
2018-11-05,401087374,94,
2018-11-05,401087316,104,
2018-11-05,401087316,261,
2018-11-05,401086330,113,
2018-11-05,401086330,160,
2018-11-05,401086298,2244,
2018-11-05,401086298,44,
2018-11-05,401086013,2142,
2018-11-05,401086013,2405,
2018-11-05,401085736,2670,
2018-11-05,401085736,2261,
2018-11-05,401085653,257,
2018-11-05,401085653,2344,
2018-11-05,401085574,2166,
2018-11-05,401085574,159,
2018-11-05,401087013,12,
2018-11-05,401087013,2277,
2018-11-05,401082470,2305,1.0
2018-11-05,401082470,127,10.0
2018-11-05,401088102,2247,
2018-11-05,401088102,2193,
2018-11-05,401083362,2752,
2018-11-05,401083362,85,
2018-11-05,401082492,135,
2018-11-05,401082492,2437,
2018-11-05,401087119,204,
2018-11-05,401087119,27,
2018-11-05,401086807,147,
2018-11-05,401086807,328,
2018-11-05,401086603,2172,
2018-11-05,401086603,311,
2018-11-05,401082512,158,
2018-11-05,401082512,2400,
2018-11-05,401086066,2350,
2018-11-05,401086066,140,
2018-11-05,401083244,269,
2018-11-05,401083244,2378,
2018-11-05,401082602,275,
2018-11-05,401082602,2154,
2018-11-05,401082446,130,19.0
2018-11-05,401082446,2450,
2018-11-05,401083104,99,23.0
2018-11-05,401083104,2545,
2018-11-05,401082948,333,
2018-11-05,401082948,2582,
2018-11-05,401083044,142,
2018-11-05,401083044,2110,
2018-11-05,401085894,2363,
2018-11-05,401085894,2210,
2018-11-05,401083268,46,
2018-11-05,401083268,2379,
2018-11-05,401087147,26,21.0
2018-11-05,401087147,2870,
2018-11-05,401083219,156,
2018-11-05,401083219,2710,
2018-11-05,401083494,251,
2018-11-05,401083494,2197,
2018-11-05,401083651,2565,
2018-11-05,401083651,279,
2018-11-05,401084643,235,
2018-11-05,401084643,2635,
2018-11-05,401084644,202,
2018-11-05,401084644,2016,
2018-11-05,401084645,2724,
2018-11-05,401084645,2348,
2018-11-05,401085698,139,
2018-11-05,401085698,2546,
2018-11-05,401086069,2571,
2018-11-05,401086069,2253,
2018-11-05,401086537,2066,
2018-11-05,401086537,172,
2018-11-05,401087234,9,
2018-11-05,401087234,2239,
2018-11-05,401089161,2623,
2018-11-05,401089161,198,
2018-11-05,401088889,5,
2018-11-05,401088889,2382,
2018-11-05,401084642,151,
2018-11-05,401084642,2169,
2018-11-05,401082695,52,17.0
2018-11-05,401082695,57,
2018-11-05,401087516,107,
2018-11-05,401087516,2529,
2018-11-05,401083597,2440,7.0
2018-11-05,401083597,252,
2018-11-05,401082418,120,
2018-11-05,401082418,48,
2018-11-05,401083474,2641,
2018-11-05,401083474,2916,
2018-11-05,401083291,305,
2018-11-05,401083291,2065,
2018-11-05,401084021,2097,
2018-11-05,401084021,350,
2018-11-05,401088904,2750,
2018-11-05,401088904,2717,
2018-11-05,401088182,2198,
2018-11-05,401088182,276,
2018-11-05,401084641,218,
2018-11-05,401084641,2325,
2018-11-05,401086764,2535,
2018-11-05,401086764,2453,
2018-11-05,401088898,2448,
2018-11-05,401088898,2430,
2018-11-05,401086058,2612,
2018-11-05,401086058,322,
2018-11-05,401085884,2729,
2018-11-05,401085884,2272,
2018-11-05,401085717,179,
2018-11-05,401085717,2083,
2018-11-05,401085596,2168,
2018-11-05,401085596,2454,
2018-11-05,401082547,2132,
2018-11-05,401082547,194,
2018-11-05,401086810,2483,14.0
2018-11-05,401086810,2502,
2018-11-05,401083163,2,11.0
2018-11-05,401083163,6,
2018-11-05,401087161,30,
2018-11-05,401087161,2523,
2018-11-05,401087177,264,25.0
2018-11-05,401087177,98,
2018-11-05,401082669,96,2.0
2018-11-05,401082669,150,4.0
2018-11-05,401088978,21,
2018-11-05,401088978,2029,
2018-11-05,401087823,2751,
2018-11-05,401087823,2540,
2018-11-05,401086983,300,
2018-11-05,401086983,70,
2018-11-05,401086808,301,
2018-11-05,401086808,2692,
2018-11-05,401085322,2463,
2018-11-05,401085322,167,
2018-11-05,401083745,302,
2018-11-05,401083745,2539,
2018-11-05,401086071,166,
2018-11-05,401086071,2449,
2018-11-05,401083374,239,
2018-11-05,401083374,2640,
2018-11-05,401082918,238,
2018-11-05,401082918,2737,
2018-11-05,401083627,2250,3.0
2018-11-05,401083627,304,
2018-11-05,401088888,2350,
2018-11-05,401088888,231,
2018-11-05,401088144,2097,
2018-11-05,401088144,324,
2018-11-05,401085699,139,
2018-11-05,401085699,2653,
2018-11-05,401087939,250,
2018-11-05,401087939,2460,
2018-11-05,401089168,2057,
2018-11-05,401089168,2287,
2018-11-05,401083021,2579,
2018-11-05,401083021,2908,
2018-11-05,401089949,93,
2018-11-05,401089949,2750,
2018-11-05,401082581,2509,24.0
2018-11-05,401082581,2050,
2018-11-05,401083351,222,9.0
2018-11-05,401083351,2514,
2018-11-05,401082837,152,
2018-11-05,401082837,116,
2018-11-05,401086815,68,
2018-11-05,401086815,304,
2018-11-05,401086816,23,
2018-11-05,401086816,253,
2018-11-05,401092613,249,
2018-11-05,401092613,2501,
2018-11-05,401089502,2439,
2018-11-05,401089502,2351,
2018-11-05,401086281,2277,
2018-11-05,401086281,2230,
2018-11-05,401085573,2166,
2018-11-05,401085573,325,
2018-11-05,401084640,58,
2018-11-05,401084640,2010,
2018-11-05,401083269,46,
2018-11-05,401083269,2115,
2018-11-05,401087435,2711,
2018-11-05,401087435,2174,
2018-11-05,401083193,2086,
2018-11-05,401083193,193,
2018-11-05,401085973,2368,
2018-11-05,401085973,171,
2018-11-05,401088147,2635,
2018-11-05,401088147,2506,
2018-11-05,401088465,325,
2018-11-05,401088465,2309,
2018-11-05,401088555,98,
2018-11-05,401088555,2630,
2018-11-05,401088767,236,
2018-11-05,401088767,2198,
2018-11-05,401089057,270,
2018-11-05,401089057,155,
2018-11-05,401083883,232,
2018-11-05,401083883,2506,
2018-11-05,401082820,87,
2018-11-05,401082820,82,
2018-11-05,401082614,103,
2018-11-05,401082614,2597,
2018-11-05,401082800,221,
2018-11-05,401082800,2754,
2018-11-05,401085294,12,
2018-11-05,401085294,13,
2018-11-05,401088050,2352,
2018-11-05,401088050,159,
2018-11-05,401088163,2348,
2018-11-05,401088163,2534,
2018-11-05,401083064,344,18.0
2018-11-05,401083064,42,
2018-11-05,401082471,127,10.0
2018-11-05,401082471,526,
2018-11-05,401082949,333,
2018-11-05,401082949,2026,
2018-11-05,401087185,265,
2018-11-05,401087185,2447,
2018-11-05,401082696,2655,
2018-11-05,401082696,52,17.0
2018-11-05,401083726,2608,
2018-11-05,401083726,3084,
2018-11-05,401089358,2084,
2018-11-05,401089358,2598,
2018-11-05,401083326,2550,
2018-11-05,401083326,2681,
2018-11-05,401086795,2623,
2018-11-05,401086795,56,
2018-11-05,401082670,150,4.0
2018-11-05,401082670,349,
2018-11-05,401084639,2116,
2018-11-05,401084639,2520,
2018-11-05,401084650,2567,
2018-11-05,401084650,2572,
2018-11-05,401084651,2116,
2018-11-05,401084651,2226,
2018-11-05,401085620,2184,
2018-11-05,401085620,2729,
2018-11-05,401087980,2296,
2018-11-05,401087980,2433,
2018-11-05,401084649,202,
2018-11-05,401084649,2569,
2018-11-05,401086338,227,
2018-11-05,401086338,2803,
2018-11-05,401083764,2541,
2018-11-05,401083764,2504,
2018-11-05,401086329,113,
2018-11-05,401086329,2349,
2018-11-05,401087057,25,
2018-11-05,401087057,43,
2018-11-05,401087148,26,21.0
2018-11-05,401087148,299,
2018-11-05,401083994,2006,
2018-11-05,401083994,2754,
2018-11-05,401083454,277,13.0
2018-11-05,401083454,2084,
2018-11-05,401088145,2515,
2018-11-05,401088145,82,
2018-11-05,401087318,2429,
2018-11-05,401087318,236,
2018-11-05,401083426,2306,12.0
2018-11-05,401083426,338,
2018-11-05,401083139,61,
2018-11-05,401083139,2542,
2018-11-05,401083538,292,
2018-11-05,401083538,201,
2018-11-05,401088111,2000,
2018-11-05,401088111,2032,
2018-11-05,401086677,294,
2018-11-05,401086677,50,
2018-11-05,401086074,166,
2018-11-05,401086074,2638,
2018-11-05,401086987,149,
2018-11-05,401086987,2247,
2018-11-05,401088979,36,
2018-11-05,401088979,2029,
2018-11-05,401086728,288,
2018-11-05,401086728,2634,
2018-11-05,401083526,2429,
2018-11-05,401083526,197,
2018-11-05,401083084,145,
2018-11-05,401083084,2711,
2018-11-05,401084648,248,
2018-11-05,401084648,2010,
2018-11-05,401082718,154,
2018-11-05,401082718,2448,
2018-11-05,401086678,2464,
2018-11-05,401086678,294,
2018-11-05,401089167,71,
2018-11-05,401089167,2546,
2018-11-05,401092612,2393,
2018-11-05,401092612,2327,
2018-11-05,401089136,2617,
2018-11-05,401089136,2642,
2018-11-05,401086811,16,
2018-11-05,401086811,612,
2018-11-05,401086075,2856,
2018-11-05,401086075,3096,
2018-11-05,401086813,2458,
2018-11-05,401086813,2144,
2018-11-05,401088995,2755,
2018-11-05,401088995,2299,
2018-11-05,401089114,357,
2018-11-05,401089114,3158,
2018-11-05,401093606,163,
2018-11-05,401093606,111949,
2018-11-05,401087355,2229,
2018-11-05,401087355,543,
2018-11-05,401090979,47,
2018-11-05,401090979,3164,
2018-11-05,401089165,2181,
2018-11-05,401089165,63,
2018-11-05,401087829,2031,
2018-11-05,401087829,199,
2018-11-05,401089662,278,
2018-11-05,401089662,1,
2018-11-05,401089163,2674,
2018-11-05,401089163,2151,
2018-11-05,401083678,2492,
2018-11-05,401083678,2092,
2018-11-05,401088143,2427,
2018-11-05,401088143,2592,
2018-11-05,401086704,2335,
2018-11-05,401086704,554,
2018-11-05,401087395,195,
2018-11-05,401087395,2726,
2018-11-05,401090313,2636,
2018-11-05,401090313,244,
2018-11-05,401089406,233,
2018-11-05,401089406,109998,
2018-11-05,401088036,290,
2018-11-05,401088036,111946,
2018-11-12,401082494,245,
2018-11-12,401082494,135,
2018-11-12,401086085,2117,
2018-11-12,401086085,2934,
2018-11-12,401086796,30,
2018-11-12,401086796,56,
2018-11-12,401088432,21,
2018-11-12,401088432,2640,
2018-11-12,401082719,154,
2018-11-12,401082719,2603,
2018-11-12,401082741,259,16.0
2018-11-12,401082741,2050,
2018-11-12,401084676,2239,
2018-11-12,401084676,2116,
2018-11-12,401082950,111,
2018-11-12,401082950,333,
2018-11-12,401088556,98,
2018-11-12,401088556,2674,
2018-11-12,401082582,2026,
2018-11-12,401082582,2509,23.0
2018-11-12,401084677,2166,
2018-11-12,401084677,2724,
2018-11-12,401082910,97,
2018-11-12,401082910,261,
2018-11-12,401082549,156,
2018-11-12,401082549,194,
2018-11-12,401082803,221,
2018-11-12,401082803,2110,
2018-11-12,401083455,277,
2018-11-12,401083455,2405,
2018-11-12,401083910,172,
2018-11-12,401083910,48,
2018-11-12,401085753,2514,
2018-11-12,401085753,42,
2018-11-12,401088397,189,
2018-11-12,401088397,2428,
2018-11-12,401090271,2653,
2018-11-12,401090271,2572,
2018-11-12,401082783,41,
2018-11-12,401082783,183,15.0
2018-11-12,401086083,2547,
2018-11-12,401086083,265,
2018-11-12,401083124,96,10.0
2018-11-12,401083124,155,
2018-11-12,401088996,2751,
2018-11-12,401088996,2755,
2018-11-12,401086821,36,
2018-11-12,401086821,147,
2018-11-12,401089104,2426,
2018-11-12,401089104,2154,
2018-11-12,401082644,228,19.0
2018-11-12,401082644,2534,
2018-11-12,401082472,127,11.0
2018-11-12,401082472,2433,
2018-11-12,401082671,150,1.0
2018-11-12,401082671,2199,
2018-11-12,401082514,158,
2018-11-12,401082514,2550,
2018-11-12,401086513,399,
2018-11-12,401086513,104,
2018-11-12,401083527,197,
2018-11-12,401083527,2636,
2018-11-12,401084674,248,
2018-11-12,401084674,242,
2018-11-12,401084675,2567,
2018-11-12,401084675,2717,
2018-11-12,401085993,2350,
2018-11-12,401085993,315,
2018-11-12,401086084,292,
2018-11-12,401086084,2504,
2018-11-12,401086822,2437,
2018-11-12,401086822,2464,
2018-11-12,401087014,12,
2018-11-12,401087014,2638,
2018-11-12,401089171,71,
2018-11-12,401089171,55,
2018-11-12,401089423,5,
2018-11-12,401089423,2443,
2018-11-12,401082364,84,
2018-11-12,401082364,269,24.0
2018-11-12,401083727,166,
2018-11-12,401083727,2608,
2018-11-12,401086729,288,
2018-11-12,401086729,2057,
2018-11-12,401085885,82,
2018-11-12,401085885,2729,
2018-11-12,401087169,254,
2018-11-12,401087169,2400,
2018-11-12,401083046,142,
2018-11-12,401083046,338,
2018-11-12,401084679,58,
2018-11-12,401084679,195,
2018-11-12,401085950,324,
2018-11-12,401085950,2363,
2018-11-12,401096917,2483,13.0
2018-11-12,401096917,183,15.0
2018-11-12,401087335,290,
2018-11-12,401087335,2226,
2018-11-12,401086087,140,
2018-11-12,401086087,2413,
2018-11-12,401087518,349,
2018-11-12,401087518,2529,
2018-11-12,401086679,294,
2018-11-12,401086679,2546,
2018-11-12,401088420,219,
2018-11-12,401088420,2460,
2018-11-12,401086282,2230,
2018-11-12,401086282,2229,
2018-11-12,401087290,107,
2018-11-12,401087290,2619,
2018-11-12,401088217,233,
2018-11-12,401088217,2272,
2018-11-12,401096916,2294,
2018-11-12,401096916,41,
2018-11-12,401082421,120,
2018-11-12,401082421,2275,
2018-11-12,401082532,77,
2018-11-12,401082532,2066,
2018-11-12,401087301,2378,
2018-11-12,401087301,2005,
2018-11-12,401089106,193,
2018-11-12,401089106,2449,
2018-11-12,401090034,2692,
2018-11-12,401090034,23,
2018-11-12,401088214,2097,
2018-11-12,401088214,50,
2018-11-12,401082566,305,
2018-11-12,401082566,213,
2018-11-12,401083600,252,
2018-11-12,401083600,198,
2018-11-12,401083654,304,
2018-11-12,401083654,279,
2018-11-12,401089013,2172,
2018-11-12,401089013,2000,
2018-11-12,401083511,2628,21.0
2018-11-12,401083511,278,
2018-11-12,401083765,2541,
2018-11-12,401083765,300,
2018-11-12,401083629,2250,3.0
2018-11-12,401083629,245,
2018-11-12,401086989,149,
2018-11-12,401086989,2916,
2018-11-12,401087473,2115,
2018-11-12,401087473,2046,
2018-11-12,401083377,239,
2018-11-12,401083377,2447,
2018-11-12,401086827,62,
2018-11-12,401086827,2464,
2018-11-12,401084678,202,
2018-11-12,401084678,2856,
2018-11-12,401088183,276,
2018-11-12,401088183,116,
2018-11-12,401088152,2678,
2018-11-12,401088152,2908,
2018-11-12,401087416,2750,
2018-11-12,401087416,2649,
2018-11-12,401086079,357,
2018-11-12,401086079,292,
2018-11-12,401088208,2057,
2018-11-12,401088208,2393,
2018-11-12,401089343,242,
2018-11-12,401089343,2010,
2018-11-12,401089169,79,
2018-11-12,401089169,2084,25.0
2018-11-12,401083292,305,
2018-11-12,401083292,2415,
2018-11-12,401086080,2253,
2018-11-12,401086080,294,
2018-11-12,401087036,9,
2018-11-12,401087036,299,
2018-11-12,401083427,2306,12.0
2018-11-12,401083427,2172,
2018-11-12,401083547,2305,2.0
2018-11-12,401083547,261,
2018-11-12,401087178,264,
2018-11-12,401087178,301,
2018-11-12,401082603,2752,
2018-11-12,401082603,275,
2018-11-12,401082839,152,
2018-11-12,401082839,2427,
2018-11-12,401082874,2390,
2018-11-12,401082874,2617,
2018-11-12,401082909,97,
2018-11-12,401082909,2582,
2018-11-12,401083023,2579,
2018-11-12,401083023,2450,
2018-11-12,401083140,218,
2018-11-12,401083140,61,
2018-11-12,401083310,2507,
2018-11-12,401083310,107,
2018-11-12,401085621,2184,
2018-11-12,401085621,82,
2018-11-12,401084023,350,
2018-11-12,401084023,2430,
2018-11-12,401083539,2636,
2018-11-12,401083539,201,
2018-11-12,401083194,2086,
2018-11-12,401083194,2174,
2018-11-12,401082420,120,
2018-11-12,401082420,2448,
2018-11-12,401085719,315,
2018-11-12,401085719,179,
2018-11-12,401085737,2670,
2018-11-12,401085737,189,
2018-11-12,401082855,153,7.0
2018-11-12,401082855,24,
2018-11-12,401088793,2535,
2018-11-12,401088793,338,
2018-11-12,401082531,77,
2018-11-12,401082531,44,
2018-11-12,401082998,8,
2018-11-12,401082998,302,
2018-11-12,401083403,66,
2018-11-12,401083403,2640,
2018-11-12,401083495,251,
2018-11-12,401083495,2433,
2018-11-12,401083885,232,
2018-11-12,401083885,227,
2018-11-12,401085905,2083,
2018-11-12,401085905,2099,
2018-11-12,401086059,2803,
2018-11-12,401086059,2612,
2018-11-12,401087077,38,
2018-11-12,401087077,2181,
2018-11-12,401093574,2655,
2018-11-12,401093574,324,
2018-11-12,401082334,356,
2018-11-12,401082334,46,
2018-11-12,401083599,252,
2018-11-12,401083599,2466,
2018-11-12,401083680,2458,
2018-11-12,401083680,2492,
2018-11-12,401085323,2351,
2018-11-12,401085323,2463,
2018-11-12,401085948,167,
2018-11-12,401085948,314,
2018-11-12,401089553,328,
2018-11-12,401089553,2400,
2018-11-12,401082896,2633,5.0
2018-11-12,401082896,59,
2018-11-12,401086820,70,
2018-11-12,401086820,2447,
2018-11-12,401087058,25,
2018-11-12,401087058,2261,
2018-11-12,401087814,2439,
2018-11-12,401087814,27,
2018-11-12,401085654,257,
2018-11-12,401085654,2597,
2018-11-12,401082448,222,8.0
2018-11-12,401082448,130,18.0
2018-11-12,401082615,103,
2018-11-12,401082615,85,
2018-11-12,401082822,87,
2018-11-12,401082822,2515,
2018-11-12,401083155,57,
2018-11-12,401083155,2325,
2018-11-12,401087830,2634,
2018-11-12,401087830,2031,
2018-11-12,401085974,2329,
2018-11-12,401085974,2368,
2018-11-12,401086081,2287,
2018-11-12,401086081,2130,
2018-11-12,401086299,290,
2018-11-12,401086299,2244,
2018-11-12,401086331,113,
2018-11-12,401086331,108,
2018-11-12,401086622,2115,
2018-11-12,401086622,2349,
2018-11-12,401087356,2229,
2018-11-12,401087356,270,
2018-11-12,401087436,2473,
2018-11-12,401087436,2711,
2018-11-12,401088103,2247,
2018-11-12,401088103,2382,
2018-11-12,401088150,231,
2018-11-12,401088150,2241,
2018-11-12,401088151,2379,
2018-11-12,401088151,2344,
2018-11-12,401088419,219,
2018-11-12,401088419,322,
2018-11-12,401089100,2352,
2018-11-12,401089100,2169,
2018-11-12,401090213,2542,
2018-11-12,401090213,2635,
2018-11-12,401090381,2132,
2018-11-12,401090381,2428,
2018-11-12,401083106,99,22.0
2018-11-12,401083106,235,
2018-11-12,401083476,2641,
2018-11-12,401083476,2545,
2018-11-12,401086039,2217,
2018-11-12,401086039,112358,
2018-11-12,401088149,2127,
2018-11-12,401088149,2569,
2018-11-12,401085700,139,
2018-11-12,401085700,2453,
2018-11-12,401082593,164,
2018-11-12,401082593,2599,
2018-11-12,401087121,295,
2018-11-12,401087121,204,
2018-11-12,401087497,2523,
2018-11-12,401087497,2400,
2018-11-12,401082604,275,
2018-11-12,401082604,2277,
2018-11-12,401084681,235,
2018-11-12,401084681,43,
2018-11-12,401086680,6,
2018-11-12,401086680,294,
2018-11-12,401088981,79,
2018-11-12,401088981,2029,
2018-11-12,401090093,2197,
2018-11-12,401090093,2710,
2018-11-12,401083704,2463,
2018-11-12,401083704,2501,
2018-11-12,401096968,107,
2018-11-12,401096968,2561,
2018-11-12,401100013,2449,
2018-11-12,401100013,119,
2018-11-12,401087358,2229,
2018-11-12,401087358,2754,
2018-11-12,401085951,94,
2018-11-12,401085951,2363,
2018-11-12,401099947,331,
2018-11-12,401099947,140,
2018-11-12,401083936,2325,
2018-11-12,401083936,2182,
2018-11-12,401086749,2885,
2018-11-12,401086749,172,
2018-11-12,401099946,2739,
2018-11-12,401099946,2413,
2018-11-12,401086824,2540,
2018-11-12,401086824,147,
2018-11-12,401088769,2546,
2018-11-12,401088769,236,
2018-11-12,401099934,2198,
2018-11-12,401099934,2460,
2018-11-12,401087357,171,
2018-11-12,401087357,2229,
2018-11-12,401087519,225,
2018-11-12,401087519,2529,
2018-11-12,401090255,249,
2018-11-12,401090255,2379,
2018-11-12,401087311,250,
2018-11-12,401087311,302,
2018-11-12,401088533,339,
2018-11-12,401088533,2640,
2018-11-12,401088468,325,
2018-11-12,401088468,2535,
2018-11-12,401083749,2539,
2018-11-12,401083749,112358,
2018-11-12,401096970,2579,
2018-11-12,401096970,45,
2018-11-12,401088927,2309,
2018-11-12,401088927,2016,
2018-11-12,401083540,201,
2018-11-12,401083540,2747,
2018-11-12,401086090,2547,
2018-11-12,401086090,253,
2018-11-12,401083961,2429,
2018-11-12,401083961,256,
2018-11-12,401082897,59,
2018-11-12,401082897,151,
2018-11-12,401082764,258,4.0
2018-11-12,401082764,2154,
2018-11-12,401086088,2253,
2018-11-12,401086088,2032,
2018-11-12,401083065,344,17.0
2018-11-12,401083065,299,
2018-11-12,401089601,68,
2018-11-12,401089601,2296,
2018-11-12,401087831,2440,6.0
2018-11-12,401087831,2031,
2018-11-12,401082920,238,
2018-11-12,401082920,2016,
2018-11-12,401088891,2382,
2018-11-12,401088891,2630,
2018-11-12,401086654,526,
2018-11-12,401086654,2571,
2018-11-12,401083496,251,
2018-11-12,401083496,2643,
2018-11-12,401083107,99,22.0
2018-11-12,401083107,2348,
2018-11-12,401083548,2305,2.0
2018-11-12,401083548,309,
2018-11-12,401089092,2329,
2018-11-12,401089092,163,
2018-11-12,401083085,2086,
2018-11-12,401083085,145,
2018-11-12,401086086,328,
2018-11-12,401086086,3084,
2018-11-12,401087149,26,20.0
2018-11-12,401087149,2598,
2018-11-12,401086706,2309,
2018-11-12,401086706,2335,
2018-11-12,401086642,44,
2018-11-12,401086642,160,
2018-11-12,401086332,113,
2018-11-12,401086332,47,
2018-11-12,401088523,2737,
2018-11-12,401088523,2193,
2018-11-12,401085598,2168,
2018-11-12,401085598,2870,
2018-11-12,401087900,2181,
2018-11-12,401087900,326,
2018-11-12,401088587,2320,
2018-11-12,401088587,2504,
2018-11-12,401083995,2006,
2018-11-12,401083995,2130,
2018-11-12,401086783,2750,
2018-11-12,401086783,2454,
2018-11-12,401086040,2217,
2018-11-12,401086040,2681,
2018-11-12,401083246,269,24.0
2018-11-12,401083246,2506,
2018-11-12,401082875,2390,
2018-11-12,401082875,2065,
2018-11-12,401082840,152,
2018-11-12,401082840,311,
2018-11-12,401088445,161,
2018-11-12,401088445,108818,
2018-11-12,401089468,2377,
2018-11-12,401089468,100,
2018-11-12,401083165,2,9.0
2018-11-12,401083165,2401,
2018-11-12,401088365,2142,
2018-11-12,401088365,110426,
2018-11-12,401087375,2459,
2018-11-12,401087375,73,
2018-11-12,401089170,282,
2018-11-12,401089170,2816,
2018-11-12,401088910,2011,
2018-11-12,401088910,3,
2018-11-12,401090150,93,
2018-11-12,401090150,2589,
2018-11-12,401086825,2502,
2018-11-12,401086825,2930,
2018-11-12,401093605,159,
2018-11-12,401093605,111948,
2018-11-12,401085895,2210,
2018-11-12,401085895,2397,
2018-11-19,401096879,2550,
2018-11-19,401096879,2390,
2018-11-19,401100194,42,
2018-11-19,401100194,314,
2018-11-19,401082605,275,25.0
2018-11-19,401082605,24,
2018-11-19,401083937,2182,
2018-11-19,401083937,104,
2018-11-19,401100240,55,
2018-11-19,401100240,2454,
2018-11-19,401090238,2630,
2018-11-19,401090238,2710,
2018-11-19,401089351,116,
2018-11-19,401089351,2448,
2018-11-19,401100195,3084,
2018-11-19,401100195,299,
2018-11-19,401100196,2751,
2018-11-19,401100196,257,
2018-11-19,401100233,2655,
2018-11-19,401100233,309,
2018-11-19,401100237,2247,
2018-11-19,401100237,61,
2018-11-19,401082911,2633,5.0
2018-11-19,401082911,97,
2018-11-19,401096923,2250,3.0
2018-11-19,401096923,150,1.0
2018-11-19,401086051,2561,
2018-11-19,401086051,2329,
2018-11-19,401100242,2567,
2018-11-19,401100242,2750,
2018-11-19,401087180,135,
2018-11-19,401087180,264,
2018-11-19,401082784,183,
2018-11-19,401082784,2142,
2018-11-19,401083195,2086,
2018-11-19,401083195,2168,
2018-11-19,401083856,2275,
2018-11-19,401083856,2239,
2018-11-19,401084689,151,
2018-11-19,401084689,2504,
2018-11-19,401084690,58,
2018-11-19,401084690,50,
2018-11-19,401096922,66,
2018-11-19,401096922,21,
2018-11-19,401100236,68,
2018-11-19,401100236,2287,
2018-11-19,401088458,270,
2018-11-19,401088458,112358,
2018-11-19,401100214,2571,
2018-11-19,401100214,36,
2018-11-19,401083512,2628,18.0
2018-11-19,401083512,288,
2018-11-19,401096921,150,1.0
2018-11-19,401096921,2,8.0
2018-11-19,401082567,213,
2018-11-19,401082567,2750,
2018-11-19,401085975,2617,
2018-11-19,401085975,2368,
2018-11-19,401096873,2541,
2018-11-19,401096873,135,
2018-11-19,401096972,158,
2018-11-19,401096972,2641,
2018-11-19,401083655,2439,
2018-11-19,401083655,279,
2018-11-19,401085324,2463,
2018-11-19,401085324,2634,
2018-11-19,401087079,301,
2018-11-19,401087079,38,
2018-11-19,401087100,2483,21.0
2018-11-19,401087100,2739,
2018-11-19,401086829,16,
2018-11-19,401086829,302,
2018-11-19,401096920,2250,3.0
2018-11-19,401096920,12,
2018-11-19,401087179,264,
2018-11-19,401087179,245,
2018-11-19,401100213,2636,
2018-11-19,401100213,526,
2018-11-19,401100235,179,
2018-11-19,401100235,2006,
2018-11-19,401082805,221,
2018-11-19,401082805,139,
2018-11-19,401083156,57,
2018-11-19,401083156,201,
2018-11-19,401100239,2717,
2018-11-19,401100239,2572,
2018-11-19,401083126,96,10.0
2018-11-19,401083126,2737,
2018-11-19,401086092,140,
2018-11-19,401086092,2181,
2018-11-19,401087312,261,
2018-11-19,401087312,43,
2018-11-19,401088446,163,
2018-11-19,401088446,161,
2018-11-19,401088835,2747,
2018-11-19,401088835,2154,
2018-11-19,401089216,113,
2018-11-19,401089216,79,
2018-11-19,401082876,2390,
2018-11-19,401082876,2325,
2018-11-19,401083656,279,
2018-11-19,401083656,27,
2018-11-19,401083529,235,
2018-11-19,401083529,197,
2018-11-19,401084691,2440,6.0
2018-11-19,401084691,202,
2018-11-19,401096929,2168,
2018-11-19,401096929,258,4.0
2018-11-19,401096881,2253,
2018-11-19,401096881,2325,
2018-11-19,401085896,2000,
2018-11-19,401085896,2210,
2018-11-19,401083108,99,19.0
2018-11-19,401083108,232,
2018-11-19,401082858,153,7.0
2018-11-19,401082858,251,
2018-11-19,401096934,2086,
2018-11-19,401096934,2393,
2018-11-19,401082698,52,14.0
2018-11-19,401082698,5,
2018-11-19,401082474,26,17.0
2018-11-19,401082474,127,11.0
2018-11-19,401087170,254,
2018-11-19,401087170,62,
2018-11-19,401096909,197,
2018-11-19,401096909,222,
2018-11-19,401083353,2099,
2018-11-19,401083353,222,
2018-11-19,401100182,328,
2018-11-19,401100182,9,
2018-11-19,401086830,2916,
2018-11-19,401086830,2458,
2018-11-19,401088051,2084,22.0
2018-11-19,401088051,159,
2018-11-19,401082898,59,
2018-11-19,401082898,292,
2018-11-19,401085297,13,
2018-11-19,401085297,326,
2018-11-19,401100197,103,
2018-11-19,401100197,2350,
2018-11-19,401100234,300,
2018-11-19,401100234,2649,
2018-11-19,401100238,156,
2018-11-19,401100238,228,16.0
2018-11-19,401083247,2305,2.0
2018-11-19,401083247,269,
2018-11-19,401082999,8,
2018-11-19,401082999,147,
2018-11-19,401089215,2674,
2018-11-19,401089215,2565,
2018-11-19,401087475,2351,
2018-11-19,401087475,2115,
2018-11-19,401100241,71,
2018-11-19,401100241,213,
2018-11-19,401082394,2294,20.0
2018-11-19,401082394,2011,
2018-11-19,401100193,2608,
2018-11-19,401100193,344,15.0
2018-11-19,401083602,252,
2018-11-19,401083602,242,
2018-11-19,401096924,356,
2018-11-19,401096924,2752,
2018-11-19,401083706,2501,
2018-11-19,401083706,2908,
2018-11-19,401083750,2539,
2018-11-19,401083750,108,
2018-11-19,401089187,2400,
2018-11-19,401089187,2545,
2018-11-19,401086605,249,
2018-11-19,401086605,311,
2018-11-19,401087439,2711,
2018-11-19,401087439,2582,
2018-11-19,401086539,2142,
2018-11-19,401086539,2066,
2018-11-19,401087319,2429,
2018-11-19,401087319,2344,
2018-11-19,401087438,2132,
2018-11-19,401087438,2711,
2018-11-19,401088184,276,
2018-11-19,401088184,2448,
2018-11-19,401088588,2430,
2018-11-19,401088588,2504,
2018-11-19,401088866,2193,
2018-11-19,401088866,2130,
2018-11-19,401083339,25,
2018-11-19,401083339,2599,
2018-11-19,401088490,2174,
2018-11-19,401088490,2352,
2018-11-19,401100055,2306,12.0
2018-11-19,401100055,142,
2018-11-19,401082921,238,
2018-11-19,401082921,2335,
2018-11-19,401084685,248,
2018-11-19,401084685,2466,
2018-11-19,401084686,202,
2018-11-19,401084686,2031,
2018-11-19,401087960,6,
2018-11-19,401087960,2546,
2018-11-19,401089214,79,
2018-11-19,401089214,47,
2018-11-19,401082857,153,7.0
2018-11-19,401082857,2598,
2018-11-19,401100034,233,
2018-11-19,401100034,2378,
2018-11-19,401086798,56,
2018-11-19,401086798,2523,
2018-11-19,401086333,113,
2018-11-19,401086333,2029,
2018-11-19,401100217,2174,
2018-11-19,401100217,189,
2018-11-19,401086027,2520,
2018-11-19,401086027,2154,
2018-11-19,401099994,2198,
2018-11-19,401099994,338,
2018-11-19,401099993,2460,
2018-11-19,401099993,295,
2018-11-19,401089208,2534,
2018-11-19,401089208,2296,
2018-11-19,401088225,189,
2018-11-19,401088225,2261,
2018-11-19,401100056,219,
2018-11-19,401100056,204,
2018-11-19,401100033,2005,
2018-11-19,401100033,2272,
2018-11-19,401082515,158,
2018-11-19,401082515,2623,
2018-11-19,401082594,164,
2018-11-19,401082594,2199,
2018-11-19,401085296,265,
2018-11-19,401085296,13,
2018-11-19,401083477,2641,
2018-11-19,401083477,30,
2018-11-19,401083962,256,
2018-11-19,401083962,2643,
2018-11-19,401084615,41,
2018-11-19,401084615,172,
2018-11-19,401085754,160,
2018-11-19,401085754,2514,
2018-11-19,401085886,2729,
2018-11-19,401085886,2515,
2018-11-19,401086301,2244,
2018-11-19,401086301,2428,
2018-11-19,401086515,399,
2018-11-19,401086515,107,
2018-11-19,401086750,2681,
2018-11-19,401086750,2885,
2018-11-19,401088892,2382,
2018-11-19,401088892,2379,
2018-11-19,401089036,2870,
2018-11-19,401089036,2569,
2018-11-19,401089105,2415,
2018-11-19,401089105,2426,
2018-11-19,401089481,2309,
2018-11-19,401089481,2542,
2018-11-19,401082551,194,23.0
2018-11-19,401082551,2535,
2018-11-19,401089365,2065,
2018-11-19,401089365,2437,
2018-11-19,401096927,2670,
2018-11-19,401096927,2599,
2018-11-19,401083086,145,
2018-11-19,401083086,2447,
2018-11-19,401082841,152,
2018-11-19,401082841,2612,
2018-11-19,401082824,87,
2018-11-19,401082824,2184,
2018-11-19,401084687,2670,
2018-11-19,401084687,218,
2018-11-19,401086091,2440,6.0
2018-11-19,401086091,2856,
2018-11-19,401087150,26,17.0
2018-11-19,401087150,2506,
2018-11-19,401082366,84,
2018-11-19,401082366,250,
2018-11-19,401087376,2459,
2018-11-19,401087376,198,
2018-11-19,401082533,278,
2018-11-19,401082533,77,
2018-11-19,401086799,56,
2018-11-19,401086799,2678,
2018-11-19,401086340,227,
2018-11-19,401086340,2619,
2018-11-19,401088153,2197,
2018-11-19,401088153,2032,
2018-11-19,401088165,2430,
2018-11-19,401088165,2348,
2018-11-19,401083767,23,
2018-11-19,401083767,2541,
2018-11-19,401084695,2116,
2018-11-19,401084695,94,
2018-11-19,401086097,2547,
2018-11-19,401086097,2217,
2018-11-19,401086100,3084,
2018-11-19,401086100,155,
2018-11-19,401100834,315,
2018-11-19,401100834,2597,
2018-11-19,401084026,350,
2018-11-19,401084026,2241,
2018-11-19,401100835,85,
2018-11-19,401100835,2755,
2018-11-19,401100817,239,
2018-11-19,401100817,2244,
2018-11-19,401090074,338,
2018-11-19,401090074,2057,
2018-11-19,401086683,2717,
2018-11-19,401086683,294,
2018-11-19,401087398,195,
2018-11-19,401087398,2046,
2018-11-19,401088070,193,
2018-11-19,401088070,349,
2018-11-19,401088557,282,
2018-11-19,401088557,98,
2018-11-19,401088928,2016,
2018-11-19,401088928,2542,
2018-11-19,401089399,2473,
2018-11-19,401089399,198,
2018-11-19,401088867,2193,
2018-11-19,401088867,2449,
2018-11-19,401086014,2405,
2018-11-19,401086014,163,
2018-11-19,401088230,2172,
2018-11-19,401088230,2344,
2018-11-19,401089217,2287,
2018-11-19,401089217,2815,
2018-11-19,401083311,2507,
2018-11-19,401083311,314,
2018-11-19,401085679,2729,
2018-11-19,401085679,2603,
2018-11-19,401085701,139,
2018-11-19,401085701,2110,
2018-11-19,401085953,45,
2018-11-19,401085953,2363,
2018-11-19,401090037,167,
2018-11-19,401090037,2638,
2018-11-19,401089218,93,
2018-11-19,401089218,2623,
2018-11-19,401086656,2226,
2018-11-19,401086656,526,
2018-11-19,401088447,161,
2018-11-19,401088447,322,
2018-11-19,401088231,2427,
2018-11-19,401088231,231,
2018-11-19,401088469,325,
2018-11-19,401088469,2870,
2018-11-19,401085874,119,
2018-11-19,401085874,2352,
2018-11-19,401087879,225,
2018-11-19,401087879,2803,
2018-11-19,401086101,30,
2018-11-19,401086101,2934,
2018-11-19,401084696,2724,
2018-11-19,401084696,242,
2018-11-19,401086730,2413,
2018-11-19,401086730,288,
2018-11-19,401086985,70,
2018-11-19,401086985,2540,
2018-11-19,401087186,265,
2018-11-19,401087186,2169,
2018-11-19,401085623,2184,
2018-11-19,401085623,2349,
2018-11-19,401086285,2230,
2018-11-19,401086285,2010,
2018-11-19,401087313,261,
2018-11-19,401087313,2083,
2018-11-19,401086540,2066,
2018-11-19,401086540,2529,
2018-11-19,401086235,2050,
2018-11-19,401086235,339,
2018-11-19,401083912,48,
2018-11-19,401083912,2430,
2018-11-19,401086832,2540,
2018-11-19,401086832,2502,
2018-11-19,401087982,2635,
2018-11-19,401087982,2433,
2018-11-19,401086096,292,
2018-11-19,401086096,2320,
2018-11-19,401082423,120,
2018-11-19,401082423,276,
2018-11-19,401082720,154,
2018-11-19,401082720,2277,
2018-11-19,401082583,2509,24.0
2018-11-19,401082583,2523,
2018-11-19,401088227,2127,
2018-11-19,401088227,2154,
2018-11-19,401082450,130,9.0
2018-11-19,401082450,236,
2018-11-19,401083272,46,
2018-11-19,401083272,2097,
2018-11-19,401083456,277,
2018-11-19,401083456,2674,
2018-11-19,401084055,2166,
2018-11-19,401084055,111,
2018-11-19,401087302,2378,
2018-11-19,401087302,44,
2018-11-19,401082825,87,
2018-11-19,401082825,305,
2018-11-19,401082742,259,13.0
2018-11-19,401082742,2598,
2018-11-19,401086831,2439,
2018-11-19,401086831,253,
2018-11-19,401086767,2653,
2018-11-19,401086767,2453,
2018-11-19,401089469,2377,
2018-11-19,401089469,2920,
2018-11-19,401087371,2229,
2018-11-19,401087371,3178,
2018-11-19,401087924,171,
2018-11-19,401087924,2990,
2018-11-19,401100539,2443,
2018-11-19,401100539,112006,
2018-11-19,401089908,82,
2018-11-19,401089908,2742,
2018-11-19,401086828,304,
2018-11-19,401086828,3246,
2018-11-19,401086093,166,
2018-11-19,401086093,2201,
2018-11-19,401089115,357,
2018-11-19,401089115,2610,
2018-11-19,401088511,2117,
2018-11-19,401088511,2562,
2018-11-19,401093575,324,
2018-11-19,401093575,291,
2018-11-19,401096597,2450,
2018-11-19,401096597,111926,
2018-11-19,401089956,2754,
2018-11-19,401089956,2849,
2018-11-26,401087152,26,
2018-11-26,401087152,2351,
2018-11-26,401083293,305,
2018-11-26,401083293,325,
2018-11-26,401084701,248,
2018-11-26,401084701,292,
2018-11-26,401086105,2571,
2018-11-26,401086105,140,
2018-11-26,401087378,2739,
2018-11-26,401087378,2459,
2018-11-26,401087853,2110,
2018-11-26,401087853,2031,
2018-11-26,401087902,326,
2018-11-26,401087902,242,
2018-11-26,401087961,2572,
2018-11-26,401087961,6,
2018-11-26,401088002,2443,
2018-11-26,401088002,309,
2018-11-26,401089037,2197,
2018-11-26,401089037,2870,
2018-11-26,401090211,2710,
2018-11-26,401090211,2565,
2018-11-26,401083167,2,8.0
2018-11-26,401083167,2612,
2018-11-26,401083128,96,10.0
2018-11-26,401083128,2405,
2018-11-26,401083222,156,
2018-11-26,401083222,149,
2018-11-26,401083709,38,
2018-11-26,401083709,2501,
2018-11-26,401086107,2638,
2018-11-26,401086107,166,
2018-11-26,401086840,2172,
2018-11-26,401086840,2458,
2018-11-26,401083604,2287,
2018-11-26,401083604,252,
2018-11-26,401082424,120,24.0
2018-11-26,401082424,258,4.0
2018-11-26,401087151,26,
2018-11-26,401087151,62,
2018-11-26,401088512,2534,
2018-11-26,401088512,2117,
2018-11-26,401087498,2523,
2018-11-26,401087498,2754,
2018-11-26,401087791,2506,
2018-11-26,401087791,2597,
2018-11-26,401088022,322,
2018-11-26,401088022,172,
2018-11-26,401088197,108,
2018-11-26,401088197,107,
2018-11-26,401088234,2908,
2018-11-26,401088234,2241,
2018-11-26,401088433,2803,
2018-11-26,401088433,43,
2018-11-26,401088492,2174,
2018-11-26,401088492,2309,
2018-11-26,401088525,2635,
2018-11-26,401088525,2737,
2018-11-26,401089222,339,
2018-11-26,401089222,2751,
2018-11-26,401089223,85,
2018-11-26,401089223,71,
2018-11-26,401082596,2390,
2018-11-26,401082596,164,
2018-11-26,401082553,194,16.0
2018-11-26,401082553,183,
2018-11-26,401083088,145,
2018-11-26,401083088,301,
2018-11-26,401086541,349,
2018-11-26,401086541,2066,
2018-11-26,401086657,526,
2018-11-26,401086657,2229,
2018-11-26,401087037,9,
2018-11-26,401087037,2437,
2018-11-26,401089224,328,
2018-11-26,401089224,2460,
2018-11-26,401085875,119,
2018-11-26,401085875,261,
2018-11-26,401084702,2567,
2018-11-26,401084702,2377,
2018-11-26,401089345,2010,
2018-11-26,401089345,5,
2018-11-26,401089509,2653,
2018-11-26,401089509,2046,
2018-11-26,401087015,12,
2018-11-26,401087015,290,
2018-11-26,401083769,2541,
2018-11-26,401083769,2296,
2018-11-26,401086109,27,
2018-11-26,401086109,2856,
2018-11-26,401087181,264,
2018-11-26,401087181,2540,
2018-11-26,401086844,2540,
2018-11-26,401086844,16,
2018-11-26,401089559,270,
2018-11-26,401089559,2084,21.0
2018-11-26,401083752,2539,
2018-11-26,401083752,2617,
2018-11-26,401101473,159,
2018-11-26,401101473,399,
2018-11-26,401101474,2368,
2018-11-26,401101474,112358,
2018-11-26,401082476,164,
2018-11-26,401082476,127,9.0
2018-11-26,401082806,221,
2018-11-26,401082806,2184,
2018-11-26,401083026,2579,
2018-11-26,401083026,324,
2018-11-26,401083914,2379,
2018-11-26,401083914,48,
2018-11-26,401086785,2454,
2018-11-26,401086785,50,
2018-11-26,401088797,2535,
2018-11-26,401088797,2057,
2018-11-26,401082534,77,
2018-11-26,401082534,59,
2018-11-26,401087477,2448,
2018-11-26,401087477,2115,
2018-11-26,401089225,2005,
2018-11-26,401089225,2623,
2018-11-26,401082584,52,15.0
2018-11-26,401082584,2509,19.0
2018-11-26,401082451,130,7.0
2018-11-26,401082451,153,11.0
2018-11-26,401083659,278,
2018-11-26,401083659,279,
2018-11-26,401083730,2608,
2018-11-26,401083730,300,
2018-11-26,401086841,24,
2018-11-26,401086841,2502,
2018-11-26,401089226,23,
2018-11-26,401089226,282,
2018-11-26,401089227,2439,
2018-11-26,401089227,2674,
2018-11-26,401087162,30,
2018-11-26,401087162,299,
2018-11-26,401082617,103,
2018-11-26,401082617,2529,
2018-11-26,401082952,2116,
2018-11-26,401082952,333,
2018-11-26,401083966,256,
2018-11-26,401083966,2154,
2018-11-26,401088236,2450,
2018-11-26,401088236,2261,
2018-11-26,401086768,2649,
2018-11-26,401086768,2453,
2018-11-26,401086709,2426,
2018-11-26,401086709,2335,
2018-11-26,401086643,160,
2018-11-26,401086643,104,
2018-11-26,401082721,154,
2018-11-26,401082721,2717,
2018-11-26,401083157,57,
2018-11-26,401083157,2454,
2018-11-26,401084028,350,
2018-11-26,401084028,151,
2018-11-26,401084617,41,
2018-11-26,401084617,2349,
2018-11-26,401085575,2166,
2018-11-26,401085575,2429,
2018-11-26,401085928,195,
2018-11-26,401085928,314,
2018-11-26,401087292,2450,
2018-11-26,401087292,2619,
2018-11-26,401087845,2678,
2018-11-26,401087845,44,
2018-11-26,401088037,290,
2018-11-26,401088037,2193,
2018-11-26,401088233,2643,
2018-11-26,401088233,2272,
2018-11-26,401088983,2132,
2018-11-26,401088983,2029,
2018-11-26,401082568,213,
2018-11-26,401082568,259,13.0
2018-11-26,401087983,2466,
2018-11-26,401087983,2433,
2018-11-26,401088421,2169,
2018-11-26,401088421,219,
2018-11-26,401082475,97,
2018-11-26,401082475,127,9.0
2018-11-26,401089933,2413,
2018-11-26,401089933,94,
2018-11-26,401083143,61,
2018-11-26,401083143,338,
2018-11-26,401082337,87,
2018-11-26,401082337,356,
2018-11-26,401086606,311,
2018-11-26,401086606,163,
2018-11-26,401083340,2599,
2018-11-26,401083340,2379,
2018-11-26,401083025,2579,
2018-11-26,401083025,2747,
2018-11-26,401083913,48,
2018-11-26,401083913,2348,
2018-11-26,401086800,2065,
2018-11-26,401086800,56,
2018-11-26,401082951,333,
2018-11-26,401082951,93,
2018-11-26,401083405,66,
2018-11-26,401083405,2437,
2018-11-26,401083513,2628,
2018-11-26,401083513,2199,
2018-11-26,401086103,292,
2018-11-26,401086103,357,
2018-11-26,401089635,2277,
2018-11-26,401089635,2636,
2018-11-26,401083067,344,25.0
2018-11-26,401083067,2016,
2018-11-26,401082495,103,
2018-11-26,401082495,135,
2018-11-26,401083768,25,
2018-11-26,401083768,2541,
2018-11-26,401083630,2250,1.0
2018-11-26,401083630,2449,
2018-11-26,401083682,2492,
2018-11-26,401083682,304,
2018-11-26,401087101,2483,18.0
2018-11-26,401087101,2640,
2018-11-26,401086565,2529,
2018-11-26,401086565,42,
2018-11-26,401082923,238,
2018-11-26,401082923,2542,
2018-11-26,401083248,269,
2018-11-26,401083248,2127,
2018-11-26,401083378,239,
2018-11-26,401083378,233,
2018-11-26,401083541,201,
2018-11-26,401083541,249,
2018-11-26,401083273,46,
2018-11-26,401083273,257,
2018-11-26,401083858,2275,
2018-11-26,401083858,2561,
2018-11-26,401083886,232,
2018-11-26,401083886,2569,
2018-11-26,401083939,2182,
2018-11-26,401083939,2885,
2018-11-26,401083996,2006,
2018-11-26,401083996,2011,
2018-11-26,401084056,2083,
2018-11-26,401084056,111,
2018-11-26,401084700,58,
2018-11-26,401084700,56,
2018-11-26,401085680,2603,
2018-11-26,401085680,82,
2018-11-26,401085721,179,
2018-11-26,401085721,2099,
2018-11-26,401085738,295,
2018-11-26,401085738,2670,
2018-11-26,401085756,113,
2018-11-26,401085756,2514,
2018-11-26,401085887,276,
2018-11-26,401085887,2729,
2018-11-26,401086302,2244,
2018-11-26,401086302,2415,
2018-11-26,401086313,45,
2018-11-26,401086313,261,
2018-11-26,401086341,227,
2018-11-26,401086341,225,
2018-11-26,401082976,2633,6.0
2018-11-26,401082976,2198,
2018-11-26,401083457,277,
2018-11-26,401083457,2520,
2018-11-26,401083364,2752,
2018-11-26,401083364,193,
2018-11-26,401086836,264,
2018-11-26,401086836,331,
2018-11-26,401084697,2567,
2018-11-26,401084697,2320,
2018-11-26,401084698,202,
2018-11-26,401084698,250,
2018-11-26,401089219,2181,
2018-11-26,401089219,68,
2018-11-26,401089220,2350,
2018-11-26,401089220,2440,5.0
2018-11-26,401083312,2507,
2018-11-26,401083312,161,
2018-11-26,401083047,142,
2018-11-26,401083047,218,
2018-11-26,401086838,147,
2018-11-26,401086838,155,
2018-11-26,401084699,2655,
2018-11-26,401084699,2247,
2018-11-26,401089221,36,
2018-11-26,401089221,79,
2018-11-26,401082606,275,22.0
2018-11-26,401082606,152,
2018-11-26,401082395,2294,14.0
2018-11-26,401082395,221,
2018-11-26,401082368,150,3.0
2018-11-26,401082368,84,
2018-11-26,401089677,21,
2018-11-26,401089677,2296,
2018-11-26,401085325,265,
2018-11-26,401085325,2463,
2018-11-26,401084703,151,
2018-11-26,401084703,2026,
2018-11-26,401086843,302,
2018-11-26,401086843,2464,
2018-11-26,401085996,2598,
2018-11-26,401085996,315,
2018-11-26,401083549,2305,2.0
2018-11-26,401083549,24,
2018-11-26,401086684,294,
2018-11-26,401086684,2569,
2018-11-26,401086731,2393,
2018-11-26,401086731,288,
2018-11-26,401085954,2363,
2018-11-26,401085954,2230,
2018-11-26,401087123,204,
2018-11-26,401087123,2623,
2018-11-26,401088558,98,
2018-11-26,401088558,2634,
2018-11-26,401087303,94,
2018-11-26,401087303,2378,
2018-11-26,401088882,231,
2018-11-26,401088882,2717,
2018-11-26,401089471,2428,
2018-11-26,401089471,2377,
2018-11-26,401084707,2655,
2018-11-26,401084707,2545,
2018-11-26,401086110,233,
2018-11-26,401086110,2934,
2018-11-26,401083109,99,
2018-11-26,401083109,2755,
2018-11-26,401083196,139,
2018-11-26,401083196,2086,
2018-11-26,401084708,254,
2018-11-26,401084708,202,
2018-11-26,401086658,526,
2018-11-26,401086658,2142,
2018-11-26,401086118,2856,
2018-11-26,401086118,2400,
2018-11-26,401083915,171,
2018-11-26,401083915,48,
2018-11-26,401084709,2567,
2018-11-26,401084709,198,
2018-11-26,401082338,158,
2018-11-26,401082338,356,
2018-11-26,401088003,309,
2018-11-26,401088003,2582,
2018-11-26,401090203,2546,
2018-11-26,401090203,2710,
2018-11-26,401083001,8,
2018-11-26,401083001,2229,
2018-11-26,401083379,2724,
2018-11-26,401083379,239,
2018-11-26,401083683,2492,
2018-11-26,401083683,2000,
2018-11-26,401086111,2547,
2018-11-26,401086111,331,
2018-11-26,401088589,93,
2018-11-26,401088589,2504,
2018-11-26,401089233,71,
2018-11-26,401089233,167,
2018-11-26,401088241,2630,
2018-11-26,401088241,2427,
2018-11-26,401083605,2692,
2018-11-26,401083605,252,
2018-11-26,401086115,3084,
2018-11-26,401086115,2172,
2018-11-26,401086117,2253,
2018-11-26,401086117,68,
2018-11-26,401085899,2210,
2018-11-26,401085899,104,
2018-11-26,401089101,2352,
2018-11-26,401089101,116,
2018-11-26,401083129,96,10.0
2018-11-26,401083129,2430,
2018-11-26,401087337,2065,
2018-11-26,401087337,2226,
2018-11-26,401086769,2453,
2018-11-26,401086769,55,
2018-11-26,401086566,42,
2018-11-26,401086566,189,
2018-11-26,401087440,2711,
2018-11-26,401087440,2908,
2018-11-26,401088155,2329,
2018-11-26,401088155,2032,
2018-11-26,401088853,2643,
2018-11-26,401088853,2382,
2018-11-26,401088771,236,
2018-11-26,401088771,2635,
2018-11-26,401082496,135,
2018-11-26,401082496,197,
2018-11-26,401087846,44,
2018-11-26,401087846,2681,
2018-11-26,401083068,2168,
2018-11-26,401083068,344,25.0
2018-11-26,401083497,251,17.0
2018-11-26,401083497,2515,
2018-11-26,401086237,85,
2018-11-26,401086237,2050,
2018-11-26,401082912,2550,
2018-11-26,401082912,97,
2018-11-26,401083365,2752,
2018-11-26,401083365,2473,
2018-11-26,401086041,349,
2018-11-26,401086041,2217,
2018-11-26,401082517,228,
2018-11-26,401082517,158,
2018-11-26,401085299,278,
2018-11-26,401085299,13,
2018-11-26,401083354,2325,
2018-11-26,401083354,222,23.0
2018-11-26,401086112,2130,
2018-11-26,401086112,2197,
2018-11-26,401083479,235,
2018-11-26,401083479,2641,20.0
2018-11-26,401083249,269,
2018-11-26,401083249,2306,12.0
2018-11-26,401088239,2344,
2018-11-26,401088239,2678,
2018-11-26,401086846,155,
2018-11-26,401086846,70,
2018-11-26,401089229,282,
2018-11-26,401089229,2750,
2018-11-26,401088235,2097,
2018-11-26,401088235,3174,
2018-11-26,401089457,2447,
2018-11-26,401089457,2590,
2018-11-26,401086845,253,
2018-11-26,401086845,3096,
2018-11-26,401087236,2239,
2018-11-26,401087236,2094,
2018-12-03,401086129,264,
2018-12-03,401086129,2547,
2018-12-03,401084713,2655,
2018-12-03,401084713,2630,
2018-12-03,401088244,324,
2018-12-03,401088244,2261,
2018-12-03,401088245,2198,
2018-12-03,401088245,2908,
2018-12-03,401088398,325,
2018-12-03,401088398,189,
2018-12-03,401083480,2641,13.0
2018-12-03,401083480,2029,
2018-12-03,401083498,251,
2018-12-03,401083498,2670,
2018-12-03,401083530,202,
2018-12-03,401083530,197,
2018-12-03,401085702,79,
2018-12-03,401085702,139,
2018-12-03,401083027,2751,
2018-12-03,401083027,2579,
2018-12-03,401086121,292,
2018-12-03,401086121,155,
2018-12-03,401086659,198,
2018-12-03,401086659,526,
2018-12-03,401087280,2459,
2018-12-03,401087280,302,
2018-12-03,401087904,357,
2018-12-03,401087904,326,
2018-12-03,401087963,2443,
2018-12-03,401087963,6,
2018-12-03,401088559,2623,
2018-12-03,401088559,98,
2018-12-03,401082924,238,
2018-12-03,401082924,2393,
2018-12-03,401082674,150,3.0
2018-12-03,401082674,42,
2018-12-03,401082744,259,15.0
2018-12-03,401082744,2678,
2018-12-03,401082339,356,
2018-12-03,401082339,194,19.0
2018-12-03,401089549,2750,
2018-12-03,401089549,193,
2018-12-03,401089236,82,
2018-12-03,401089236,2287,
2018-12-03,401089235,282,
2018-12-03,401089235,249,
2018-12-03,401088427,43,
2018-12-03,401088427,2329,
2018-12-03,401087925,171,
2018-12-03,401087925,2142,
2018-12-03,401087418,2649,
2018-12-03,401087418,2174,
2018-12-03,401087338,2226,
2018-12-03,401087338,2382,
2018-12-03,401086801,56,
2018-12-03,401086801,2710,
2018-12-03,401086543,2415,
2018-12-03,401086543,2066,
2018-12-03,401085955,2363,
2018-12-03,401085955,2619,
2018-12-03,401085907,2099,
2018-12-03,401085907,2523,
2018-12-03,401085889,295,
2018-12-03,401085889,2729,
2018-12-03,401085876,45,
2018-12-03,401085876,119,
2018-12-03,401083355,222,21.0
2018-12-03,401083355,218,
2018-12-03,401083606,252,
2018-12-03,401083606,328,
2018-12-03,401083771,2541,
2018-12-03,401083771,304,
2018-12-03,401083050,142,
2018-12-03,401083050,198,
2018-12-03,401089237,270,
2018-12-03,401089237,2181,
2018-12-03,401082398,2294,18.0
2018-12-03,401082398,66,
2018-12-03,401086123,12,
2018-12-03,401086123,3084,
2018-12-03,401083684,27,
2018-12-03,401083684,2492,
2018-12-03,401086124,2547,
2018-12-03,401086124,2437,
2018-12-03,401089959,23,
2018-12-03,401089959,2065,
2018-12-03,401086855,265,
2018-12-03,401086855,147,
2018-12-03,401086238,2350,
2018-12-03,401086238,2050,
2018-12-03,401083733,2608,
2018-12-03,401083733,167,
2018-12-03,401083969,2244,
2018-12-03,401083969,256,
2018-12-03,401085901,2210,
2018-12-03,401085901,2430,
2018-12-03,401087926,171,
2018-12-03,401087926,2803,
2018-12-03,401088168,2617,
2018-12-03,401088168,2348,
2018-12-03,401088569,2571,
2018-12-03,401088569,2582,
2018-12-03,401082426,2509,
2018-12-03,401082426,120,23.0
2018-12-03,401086042,2217,
2018-12-03,401086042,2473,
2018-12-03,401082723,154,
2018-12-03,401082723,2429,
2018-12-03,401083631,2250,1.0
2018-12-03,401083631,264,
2018-12-03,401083753,25,
2018-12-03,401083753,2539,
2018-12-03,401083710,2502,
2018-12-03,401083710,2501,
2018-12-03,401089500,21,
2018-12-03,401089500,301,
2018-12-03,401087237,2239,
2018-12-03,401087237,2351,
2018-12-03,401086851,299,
2018-12-03,401086851,253,
2018-12-03,401086850,278,
2018-12-03,401086850,2692,
2018-12-03,401086122,2856,
2018-12-03,401086122,300,
2018-12-03,401083515,2567,
2018-12-03,401083515,2628,
2018-12-03,401083002,36,
2018-12-03,401083002,8,
2018-12-03,401082859,153,14.0
2018-12-03,401082859,350,
2018-12-03,401082498,135,
2018-12-03,401082498,158,24.0
2018-12-03,401089015,2005,
2018-12-03,401089015,2172,
2018-12-03,401086849,265,
2018-12-03,401086849,70,
2018-12-03,401085758,159,
2018-12-03,401085758,2514,
2018-12-03,401085723,179,
2018-12-03,401085723,2561,
2018-12-03,401085681,163,
2018-12-03,401085681,2603,
2018-12-03,401086323,2325,
2018-12-03,401086323,2083,
2018-12-03,401082826,87,
2018-12-03,401082826,201,
2018-12-03,401082869,219,
2018-12-03,401082869,2390,
2018-12-03,401083968,256,
2018-12-03,401083968,2515,
2018-12-03,401085576,2166,
2018-12-03,401085576,2737,
2018-12-03,401085599,2168,
2018-12-03,401085599,2174,
2018-12-03,401086286,311,
2018-12-03,401086286,2230,
2018-12-03,401086334,113,
2018-12-03,401086334,107,
2018-12-03,401085658,257,
2018-12-03,401085658,2154,
2018-12-03,401086628,104,
2018-12-03,401086628,2349,
2018-12-03,401086685,2506,
2018-12-03,401086685,294,
2018-12-03,401086752,2885,
2018-12-03,401086752,349,
2018-12-03,401087847,44,
2018-12-03,401087847,2598,
2018-12-03,401088391,2026,
2018-12-03,401088391,47,
2018-12-03,401088513,2754,
2018-12-03,401088513,2117,
2018-12-03,401082786,183,
2018-12-03,401082786,111,
2018-12-03,401082646,228,
2018-12-03,401082646,2612,
2018-12-03,401082618,103,
2018-12-03,401082618,2507,
2018-12-03,401082370,213,
2018-12-03,401082370,84,
2018-12-03,401083329,2550,
2018-12-03,401083329,160,
2018-12-03,401102014,2492,
2018-12-03,401102014,2463,
2018-12-03,401083294,305,
2018-12-03,401083294,50,
2018-12-03,401082699,52,11.0
2018-12-03,401082699,2653,
2018-12-03,401082597,275,12.0
2018-12-03,401082597,164,
2018-12-03,401084856,245,
2018-12-03,401084856,2466,
2018-12-03,401083406,66,
2018-12-03,401083406,2449,
2018-12-03,401082766,258,4.0
2018-12-03,401082766,2415,
2018-12-03,401087304,2154,
2018-12-03,401087304,2378,
2018-12-03,401086303,2244,
2018-12-03,401086303,261,
2018-12-03,401083144,61,
2018-12-03,401083144,2640,
2018-12-03,401082807,221,
2018-12-03,401082807,315,
2018-12-03,401082397,127,10.0
2018-12-03,401082397,2294,18.0
2018-12-03,401089934,2132,
2018-12-03,401089934,94,
2018-12-03,401085900,2210,
2018-12-03,401085900,231,25.0
2018-12-03,401087855,2031,
2018-12-03,401087855,71,
2018-12-03,401087082,38,
2018-12-03,401087082,233,
2018-12-03,401085624,2184,
2018-12-03,401085624,276,
2018-12-03,401083998,2870,
2018-12-03,401083998,2006,
2018-12-03,401083941,2182,
2018-12-03,401083941,2352,
2018-12-03,401083916,48,
2018-12-03,401083916,2426,
2018-12-03,401083860,2275,
2018-12-03,401083860,2405,
2018-12-03,401083197,2086,
2018-12-03,401083197,225,
2018-12-03,401082913,97,
2018-12-03,401082913,2110,
2018-12-03,401082844,152,
2018-12-03,401082844,2717,
2018-12-03,401083366,2752,
2018-12-03,401083366,195,
2018-12-03,401083341,2599,
2018-12-03,401083341,116,
2018-12-03,401084619,41,
2018-12-03,401084619,322,
2018-12-03,401083158,277,
2018-12-03,401083158,57,
2018-12-03,401082453,77,
2018-12-03,401082453,130,5.0
2018-12-03,401086119,166,
2018-12-03,401086119,167,
2018-12-03,401088167,2348,
2018-12-03,401088167,2504,
2018-12-03,401084712,235,
2018-12-03,401084712,2571,
2018-12-03,401083250,269,
2018-12-03,401083250,2638,
2018-12-03,401083550,2305,2.0
2018-12-03,401083550,2747,
2018-12-03,401083168,2,8.0
2018-12-03,401083168,2427,
2018-12-03,401083069,344,22.0
2018-12-03,401083069,2377,
2018-12-03,401089556,2400,
2018-12-03,401089556,2546,
2018-12-03,401088243,2674,
2018-12-03,401088243,2272,
2018-12-03,401088242,2000,
2018-12-03,401088242,2097,
2018-12-03,401088156,2032,
2018-12-03,401088156,339,
2018-12-03,401086770,5,
2018-12-03,401086770,2453,
2018-12-03,401086732,2057,
2018-12-03,401086732,288,
2018-12-03,401084711,248,
2018-12-03,401084711,2320,
2018-12-03,401083049,142,
2018-12-03,401083049,250,
2018-12-03,401082953,333,
2018-12-03,401082953,2247,
2018-12-03,401083516,30,
2018-12-03,401083516,2628,
2018-12-03,401087039,9,20.0
2018-12-03,401087039,2440,6.0
2018-12-03,401088399,189,
2018-12-03,401088399,2739,
2018-12-03,401090095,2710,
2018-12-03,401090095,2197,
2018-12-03,401088209,2393,
2018-12-03,401088209,93,
2018-12-03,401087102,2483,
2018-12-03,401087102,2437,
2018-12-03,401086852,2449,
2018-12-03,401086852,331,
2018-12-03,401086125,2464,
2018-12-03,401086125,3084,
2018-12-03,401083090,2287,
2018-12-03,401083090,145,
2018-12-03,401087314,261,
2018-12-03,401087314,108,
2018-12-03,401086016,399,
2018-12-03,401086016,2405,
2018-12-03,401082518,158,24.0
2018-12-03,401082518,156,
2018-12-03,401090127,2169,
2018-12-03,401090127,55,
2018-12-03,401087905,326,
2018-12-03,401087905,2277,
2018-12-03,401083430,202,
2018-12-03,401083430,2306,16.0
2018-12-03,401085724,179,
2018-12-03,401085724,2084,17.0
2018-12-03,401089483,2309,
2018-12-03,401089483,2750,
2018-12-03,401089209,36,
2018-12-03,401089209,2534,
2018-12-03,401083685,2492,
2018-12-03,401083685,2296,
2018-12-03,401082901,59,
2018-12-03,401082901,50,
2018-12-03,401086131,2253,
2018-12-03,401086131,2440,6.0
2018-12-03,401088798,2010,
2018-12-03,401088798,2535,
2018-12-03,401085703,139,
2018-12-03,401085703,204,
2018-12-03,401082978,2250,1.0
2018-12-03,401082978,2633,7.0
2018-12-03,401089976,2154,
2018-12-03,401089976,2634,
2018-12-03,401083110,99,
2018-12-03,401083110,2916,
2018-12-03,401083711,2501,
2018-12-03,401083711,16,
2018-12-03,401082745,259,15.0
2018-12-03,401082745,2569,
2018-12-03,401088772,236,
2018-12-03,401088772,2678,
2018-12-03,401085625,2184,
2018-12-03,401085625,2344,
2018-12-03,401085929,171,
2018-12-03,401085929,314,
2018-12-03,401082827,26,
2018-12-03,401082827,87,
2018-12-03,401087825,2540,
2018-12-03,401087825,2029,
2018-12-03,401086990,300,
2018-12-03,401086990,149,
2018-12-03,401086126,70,
2018-12-03,401086126,2934,
2018-12-03,401085300,13,
2018-12-03,401085300,2065,
2018-12-03,401088869,2193,
2018-12-03,401088869,2630,
2018-12-03,401088392,2026,
2018-12-03,401088392,2428,
2018-12-03,401087441,2754,
2018-12-03,401087441,2711,
2018-12-03,401086127,233,
2018-12-03,401086127,140,
2018-12-03,401088038,2382,
2018-12-03,401088038,290,
2018-12-03,401083607,254,
2018-12-03,401083607,252,
2018-12-03,401082340,356,
2018-12-03,401082340,2439,
2018-12-03,401086342,107,
2018-12-03,401086342,227,
2018-12-03,401086062,2612,
2018-12-03,401086062,112358,
2018-12-03,401085978,56,
2018-12-03,401085978,2368,
2018-12-03,401084714,2116,
2018-12-03,401084714,2755,
2018-12-03,401083130,96,9.0
2018-12-03,401083130,2550,
2018-12-03,401083542,201,
2018-12-03,401083542,2724,
2018-12-03,401083274,46,
2018-12-03,401083274,2335,
2018-12-03,401083861,2275,
2018-12-03,401083861,2520,
2018-12-03,401086753,2885,
2018-12-03,401086753,2597,
2018-12-03,401090349,2448,
2018-12-03,401090349,2256,
2018-12-03,401083888,232,
2018-12-03,401083888,2246,
2018-12-03,401090215,2635,
2018-12-03,401090215,3171,
2018-12-03,401089396,2681,
2018-12-03,401089396,111171,
2018-12-03,401088931,2016,
2018-12-03,401088931,2225,
2018-12-03,401090314,2636,
2018-12-03,401090314,3126,
2018-12-03,401089602,68,
2018-12-03,401089602,2120,
2018-12-03,401089179,2199,
2018-12-03,401089179,2119,
2018-12-03,401102376,2130,
2018-12-03,401102376,2652,
2018-12-03,401088854,2643,
2018-12-03,401088854,3169,
2018-12-03,401088248,2241,
2018-12-03,401088248,3169,
2018-12-03,401089239,2460,
2018-12-03,401089239,49,
2018-12-03,401090212,2565,
2018-12-03,401090212,534,
2018-12-03,401088004,309,
2018-12-03,401088004,100,
2018-12-03,401083661,279,
2018-12-03,401083661,94822,
2018-12-03,401093607,2115,
2018-12-03,401093607,111942,
2018-12-03,401089510,2046,
2018-12-03,401089510,111176,
2018-12-03,401087252,62,
2018-12-03,401087252,2267,
2018-12-03,401089892,85,
2018-12-03,401089892,3192,
2018-12-10,401087253,62,
2018-12-10,401087253,2400,
2018-12-10,401089894,85,
2018-12-10,401089894,2710,
2018-12-10,401088091,104,
2018-12-10,401088091,2447,
2018-12-10,401087401,2174,
2018-12-10,401087401,195,
2018-12-10,401084722,58,
2018-12-10,401084722,2026,
2018-12-10,401083358,2305,1.0
2018-12-10,401083358,222,17.0
2018-12-10,401082979,235,
2018-12-10,401082979,2633,3.0
2018-12-10,401082554,194,15.0
2018-12-10,401082554,2083,
2018-12-10,401082788,183,25.0
2018-12-10,401082788,295,
2018-12-10,401083275,46,
2018-12-10,401083275,2567,
2018-12-10,401085930,163,
2018-12-10,401085930,314,
2018-12-10,401083224,156,
2018-12-10,401083224,2739,
2018-12-10,401087339,2032,
2018-12-10,401087339,2226,
2018-12-10,401086316,45,
2018-12-10,401086316,47,
2018-12-10,401083296,305,
2018-12-10,401083296,82,
2018-12-10,401086133,2934,
2018-12-10,401086133,2320,
2018-12-10,401083773,2541,
2018-12-10,401083773,2400,
2018-12-10,401083754,2539,
2018-12-10,401083754,331,
2018-12-10,401082608,275,16.0
2018-12-10,401082608,2542,
2018-12-10,401084721,202,
2018-12-10,401084721,2443,
2018-12-10,401089472,2377,
2018-12-10,401089472,2428,
2018-12-10,401088855,2643,
2018-12-10,401088855,2546,
2018-12-10,401082586,87,
2018-12-10,401082586,2509,
2018-12-10,401088260,2908,
2018-12-10,401088260,2569,
2018-12-10,401082341,356,
2018-12-10,401082341,2193,
2018-12-10,401085659,257,
2018-12-10,401085659,198,
2018-12-10,401083889,2670,
2018-12-10,401083889,232,
2018-12-10,401082915,97,
2018-12-10,401082915,2309,
2018-12-10,401082372,2086,
2018-12-10,401082372,84,25.0
2018-12-10,401087985,2433,
2018-12-10,401087985,2617,
2018-12-10,401087826,242,
2018-12-10,401087826,2540,
2018-12-10,401086519,399,
2018-12-10,401086519,159,
2018-12-10,401086030,2520,
2018-12-10,401086030,2523,
2018-12-10,401083686,253,
2018-12-10,401083686,2492,
2018-12-10,401089550,94,
2018-12-10,401089550,193,
2018-12-10,401082455,130,5.0
2018-12-10,401082455,2711,
2018-12-10,401089243,2084,14.0
2018-12-10,401089243,79,
2018-12-10,401089242,339,
2018-12-10,401089242,55,
2018-12-10,401086545,2066,
2018-12-10,401086545,2754,
2018-12-10,401085979,2142,
2018-12-10,401085979,2368,
2018-12-10,401083999,2006,
2018-12-10,401083999,276,
2018-12-10,401082809,221,
2018-12-10,401082809,2379,
2018-12-10,401082599,2550,
2018-12-10,401082599,164,
2018-12-10,401082570,213,
2018-12-10,401082570,152,
2018-12-10,401088799,2535,
2018-12-10,401088799,2413,
2018-12-10,401086787,2229,
2018-12-10,401086787,2454,
2018-12-10,401086132,140,
2018-12-10,401086132,270,
2018-12-10,401087084,167,
2018-12-10,401087084,38,
2018-12-10,401082500,135,
2018-12-10,401082500,2454,
2018-12-10,401089494,2571,
2018-12-10,401089494,2542,
2018-12-10,401088005,309,
2018-12-10,401088005,2504,
2018-12-10,401087984,2433,
2018-12-10,401087984,2755,
2018-12-10,401086287,2230,
2018-12-10,401086287,2885,
2018-12-10,401088169,2348,
2018-12-10,401088169,2400,
2018-12-10,401083357,219,
2018-12-10,401083357,222,17.0
2018-12-10,401088251,231,23.0
2018-12-10,401088251,2127,
2018-12-10,401086630,2597,
2018-12-10,401086630,2349,
2018-12-10,401086518,43,
2018-12-10,401086518,399,
2018-12-10,401085878,2378,
2018-12-10,401085878,119,
2018-12-10,401084718,2116,
2018-12-10,401084718,290,
2018-12-10,401082428,120,
2018-12-10,401082428,2352,
2018-12-10,401086711,2335,
2018-12-10,401086711,2569,
2018-12-10,401083734,2608,
2018-12-10,401083734,2239,
2018-12-10,401083662,279,
2018-12-10,401083662,299,
2018-12-10,401083862,2363,
2018-12-10,401083862,2275,
2018-12-10,401089017,2751,
2018-12-10,401089017,2172,
2018-12-10,401082620,103,
2018-12-10,401082620,171,
2018-12-10,401082914,97,
2018-12-10,401082914,288,
2018-12-10,401083295,305,
2018-12-10,401083295,2130,
2018-12-10,401085626,2184,
2018-12-10,401085626,2379,
2018-12-10,401088254,2241,
2018-12-10,401088254,338,
2018-12-10,401087103,2483,
2018-12-10,401087103,301,
2018-12-10,401083111,248,24.0
2018-12-10,401083111,99,
2018-12-10,401088911,68,
2018-12-10,401088911,2011,
2018-12-10,401083608,252,
2018-12-10,401083608,2502,
2018-12-10,401089241,79,
2018-12-10,401089241,93,
2018-12-10,401084720,2724,
2018-12-10,401084720,55,
2018-12-10,401083481,2641,11.0
2018-12-10,401083481,2466,
2018-12-10,401084719,218,
2018-12-10,401084719,113,
2018-12-10,401088252,2506,
2018-12-10,401088252,2678,
2018-12-10,401083091,145,
2018-12-10,401083091,2545,
2018-12-10,401088901,2430,
2018-12-10,401088901,2154,
2018-12-10,401088104,2247,
2018-12-10,401088104,236,
2018-12-10,401088072,161,
2018-12-10,401088072,349,
2018-12-10,401087294,2619,
2018-12-10,401087294,112358,
2018-12-10,401086567,2803,
2018-12-10,401086567,42,
2018-12-10,401086029,2520,
2018-12-10,401086029,2450,
2018-12-10,401086063,2597,
2018-12-10,401086063,2612,
2018-12-10,401082648,228,
2018-12-10,401082648,2515,
2018-12-10,401085301,25,
2018-12-10,401085301,13,
2018-12-10,401085998,315,
2018-12-10,401085998,172,
2018-12-10,401084059,261,
2018-12-10,401084059,111,
2018-12-10,401083918,2619,
2018-12-10,401083918,48,
2018-12-10,401083315,2507,
2018-12-10,401083315,2115,
2018-12-10,401083459,227,
2018-12-10,401083459,277,
2018-12-10,401082621,103,
2018-12-10,401082621,2217,
2018-12-10,401085627,2184,
2018-12-10,401085627,311,
2018-12-10,401083793,204,
2018-12-10,401083793,245,
2018-12-10,401083380,12,
2018-12-10,401083380,239,
2018-12-10,401086862,2502,
2018-12-10,401086862,2351,
2018-12-10,401087808,300,
2018-12-10,401087808,2172,
2018-12-10,401086861,301,
2018-12-10,401086861,2458,
2018-12-10,401086860,23,
2018-12-10,401086860,2464,
2018-12-10,401090216,338,
2018-12-10,401090216,2635,
2018-12-10,401083712,2501,
2018-12-10,401083712,2755,
2018-12-10,401089495,2440,7.0
2018-12-10,401089495,2571,
2018-12-10,401090007,328,
2018-12-10,401090007,2011,
2018-12-10,401086136,2692,
2018-12-10,401086136,3084,
2018-12-10,401085902,2210,
2018-12-10,401085902,2099,
2018-12-10,401083070,344,18.0
2018-12-10,401083070,2132,
2018-12-10,401088471,2287,
2018-12-10,401088471,325,
2018-12-10,401086660,2378,
2018-12-10,401086660,526,
2018-12-10,401082519,158,
2018-12-10,401082519,197,
2018-12-10,401083943,2514,
2018-12-10,401083943,2182,
2018-12-10,401083663,2463,
2018-12-10,401083663,279,
2018-12-10,401082478,127,9.0
2018-12-10,401082478,2739,
2018-12-10,401083517,2628,
2018-12-10,401083517,282,
2018-12-10,401086568,42,
2018-12-10,401086568,2473,
2018-12-10,401083343,2599,
2018-12-10,401083343,2681,
2018-12-10,401089643,167,
2018-12-10,401089643,2110,
2018-12-10,401089408,36,
2018-12-10,401089408,233,
2018-12-10,401089245,2350,
2018-12-10,401089245,2450,
2018-12-10,401084727,2168,
2018-12-10,401084727,202,
2018-12-10,401084725,248,24.0
2018-12-10,401084725,139,
2018-12-10,401088560,98,
2018-12-10,401088560,2653,
2018-12-10,401087817,2638,
2018-12-10,401087817,27,
2018-12-10,401084726,2116,
2018-12-10,401084726,56,
2018-12-10,401090384,324,
2018-12-10,401090384,2428,
2018-12-10,401083543,201,
2018-12-10,401083543,30,
2018-12-10,401087521,159,
2018-12-10,401087521,2529,
2018-12-10,401083004,8,
2018-12-10,401083004,2636,
2018-12-10,401084620,41,
2018-12-10,401084620,2363,
2018-12-10,401083368,2752,
2018-12-10,401083368,2198,
2018-12-10,401083131,96,19.0
2018-12-10,401083131,254,
2018-12-10,401083170,5,
2018-12-10,401083170,2,8.0
2018-12-10,401083650,153,12.0
2018-12-10,401083650,2250,4.0
2018-12-10,401083482,2641,11.0
2018-12-10,401083482,2000,
2018-12-10,401082746,264,
2018-12-10,401082746,259,13.0
2018-12-10,401089039,2046,
2018-12-10,401089039,2870,
2018-12-10,401082399,2460,
2018-12-10,401082399,2294,22.0
2018-12-10,401088259,2747,
2018-12-10,401088259,2427,
2018-12-10,401088257,2272,
2018-12-10,401088257,2717,
2018-12-10,401087420,2649,
2018-12-10,401087420,2393,
2018-12-10,401086858,24,
2018-12-10,401086858,331,
2018-12-10,401089108,2449,
2018-12-10,401089108,2623,
2018-12-10,401083145,61,
2018-12-10,401083145,9,20.0
2018-12-10,401086135,292,
2018-12-10,401086135,326,
2018-12-10,401090254,2634,
2018-12-10,401090254,2448,
2018-12-10,401084030,231,23.0
2018-12-10,401084030,350,
2018-12-10,401088570,2466,
2018-12-10,401088570,2582,
2018-12-10,401083609,2439,
2018-12-10,401083609,252,
2018-12-10,401086687,2065,
2018-12-10,401086687,294,
2018-12-10,401083408,2181,
2018-12-10,401083408,66,
2018-12-10,401083499,251,
2018-12-10,401083499,2253,
2018-12-10,401084723,218,
2018-12-10,401084723,2166,
2018-12-10,401083431,2306,25.0
2018-12-10,401083431,2247,
2018-12-10,401086772,2430,
2018-12-10,401086772,2453,
2018-12-10,401090151,93,
2018-12-10,401090151,2296,
2018-12-10,401087153,26,
2018-12-10,401087153,2057,
2018-12-10,401084724,2724,
2018-12-10,401084724,2572,
2018-12-10,401089244,71,
2018-12-10,401089244,2197,
2018-12-10,401086859,70,
2018-12-10,401086859,2437,
2018-12-10,401087857,2031,
2018-12-10,401087857,2396,
2018-12-10,401090239,2630,
2018-12-10,401090239,2855,
2018-12-10,401085891,2729,
2018-12-10,401085891,108807,
2018-12-10,401087281,302,
2018-12-10,401087281,3078,
2018-12-10,401088980,2029,
2018-12-10,401088980,3134,
2018-12-10,401088400,189,
2018-12-10,401088400,2224,
2018-12-10,401088526,2737,
2018-12-10,401088526,3171,
2018-12-10,401088256,2261,
2018-12-10,401088256,2605,
2018-12-10,401103893,16,
2018-12-10,401103893,111910,
2018-12-10,401089951,2750,
2018-12-10,401089951,3250,
2018-12-10,401088255,2344,
2018-12-10,401088255,2047,
2018-12-10,401088253,2097,
2018-12-10,401088253,3164,
2018-12-10,401089061,155,
2018-12-10,401089061,561,
2018-12-10,401089636,2277,
2018-12-10,401089636,3166,
2018-12-10,401089678,21,
2018-12-10,401089678,2092,
2018-12-10,401089721,116,
2018-12-10,401089721,111914,
2018-12-17,401107094,265,
2018-12-17,401107094,166,
2018-12-17,401084732,2724,
2018-12-17,401084732,198,
2018-12-17,401085760,2514,
2018-12-17,401085760,2065,
2018-12-17,401086032,2181,
2018-12-17,401086032,2520,
2018-12-17,401087827,2437,
2018-12-17,401087827,2540,
2018-12-17,401087964,6,
2018-12-17,401087964,2010,
2018-12-17,401088536,2320,
2018-12-17,401088536,2640,
2018-12-17,401083071,344,17.0
2018-12-17,401083071,2747,
2018-12-17,401083297,305,
2018-12-17,401083297,2916,
2018-12-17,401084857,245,
2018-12-17,401084857,2674,
2018-12-17,401086142,2460,
2018-12-17,401086142,2253,
2018-12-17,401086992,12,
2018-12-17,401086992,149,
2018-12-17,401082903,8,
2018-12-17,401082903,59,
2018-12-17,401084733,2132,
2018-12-17,401084733,26,
2018-12-17,401085328,166,
2018-12-17,401085328,2463,
2018-12-17,401086143,3084,
2018-12-17,401086143,304,
2018-12-17,401083735,2608,
2018-12-17,401083735,2083,
2018-12-17,401085704,139,
2018-12-17,401085704,2428,
2018-12-17,401084731,235,
2018-12-17,401084731,2031,
2018-12-17,401083919,48,
2018-12-17,401083919,2169,
2018-12-17,401083432,2306,
2018-12-17,401083432,2572,
2018-12-17,401085600,2168,
2018-12-17,401085600,2711,
2018-12-17,401085660,257,
2018-12-17,401085660,295,
2018-12-17,401086064,161,
2018-12-17,401086064,2612,
2018-12-17,401086140,2117,
2018-12-17,401086140,140,
2018-12-17,401087421,2649,
2018-12-17,401087421,172,
2018-12-17,401087809,2199,
2018-12-17,401087809,300,
2018-12-17,401089000,2755,
2018-12-17,401089000,2545,
2018-12-17,401082373,84,22.0
2018-12-17,401082373,2110,
2018-12-17,401082747,259,13.0
2018-12-17,401082747,2448,
2018-12-17,401082702,52,11.0
2018-12-17,401082702,2454,
2018-12-17,401082845,152,
2018-12-17,401082845,2,7.0
2018-12-17,401082768,2579,
2018-12-17,401082768,258,5.0
2018-12-17,401082980,2633,3.0
2018-12-17,401082980,2535,
2018-12-17,401085999,325,
2018-12-17,401085999,315,
2018-12-17,401088561,2057,
2018-12-17,401088561,98,
2018-12-17,401083756,2539,
2018-12-17,401083756,2464,
2018-12-17,401087061,278,
2018-12-17,401087061,25,
2018-12-17,401089505,2351,
2018-12-17,401089505,68,
2018-12-17,401087187,265,
2018-12-17,401087187,2565,
2018-12-17,401086146,2547,
2018-12-17,401086146,2504,
2018-12-17,401086145,2502,
2018-12-17,401086145,2934,
2018-12-17,401088093,2803,
2018-12-17,401088093,159,
2018-12-17,401084060,111,
2018-12-17,401084060,179,
2018-12-17,401086546,112358,
2018-12-17,401086546,2066,
2018-12-17,401086713,2335,
2018-12-17,401086713,2011,
2018-12-17,401096890,2628,
2018-12-17,401096890,2083,
2018-12-17,401088401,189,
2018-12-17,401088401,2717,
2018-12-17,401088266,2046,
2018-12-17,401088266,2097,
2018-12-17,401087124,204,
2018-12-17,401087124,2309,
2018-12-17,401086335,113,
2018-12-17,401086335,161,
2018-12-17,401084737,119,
2018-12-17,401084737,2655,
2018-12-17,401089895,2413,
2018-12-17,401089895,85,
2018-12-17,401088041,2515,
2018-12-17,401088041,290,
2018-12-17,401083200,2086,
2018-12-17,401083200,300,
2018-12-17,401083688,299,
2018-12-17,401083688,2492,
2018-12-17,401089117,357,
2018-12-17,401089117,2636,
2018-12-17,401084734,248,21.0
2018-12-17,401084734,328,
2018-12-17,401083970,2230,
2018-12-17,401083970,256,
2018-12-17,401088527,2737,
2018-12-17,401088527,2379,
2018-12-17,401085908,107,
2018-12-17,401085908,2099,
2018-12-17,401086144,2710,
2018-12-17,401086144,2130,
2018-12-17,401082587,2509,
2018-12-17,401082587,195,
2018-12-17,401082810,221,
2018-12-17,401082810,2443,
2018-12-17,401082829,87,
2018-12-17,401082829,294,
2018-12-17,401085956,399,
2018-12-17,401085956,2363,
2018-12-17,401088984,249,
2018-12-17,401088984,2029,
2018-12-17,401086017,2405,
2018-12-17,401086017,43,
2018-12-17,401087380,94,
2018-12-17,401087380,2459,
2018-12-17,401089551,193,
2018-12-17,401089551,2569,
2018-12-17,401090217,2635,
2018-12-17,401090217,2542,
2018-12-17,401094573,2050,
2018-12-17,401094573,47,
2018-12-17,401082677,150,2.0
2018-12-17,401082677,2641,12.0
2018-12-17,401084031,2247,
2018-12-17,401084031,350,
2018-12-17,401083863,2619,
2018-12-17,401083863,2275,
2018-12-17,401083369,2752,
2018-12-17,401083369,2174,
2018-12-17,401087105,2483,
2018-12-17,401087105,50,
2018-12-17,401082676,150,2.0
2018-12-17,401082676,163,
2018-12-17,401083276,46,
2018-12-17,401083276,2026,
2018-12-17,401082649,228,
2018-12-17,401082649,2127,
2018-12-17,401083051,142,
2018-12-17,401083051,2752,
2018-12-17,401083146,61,
2018-12-17,401083146,2473,
2018-12-17,401083316,2507,
2018-12-17,401083316,399,
2018-12-17,401083890,2561,
2018-12-17,401083890,232,
2018-12-17,401083944,41,
2018-12-17,401083944,2182,
2018-12-17,401084000,2006,
2018-12-17,401084000,2634,
2018-12-17,401084730,2229,
2018-12-17,401084730,58,
2018-12-17,401085725,261,
2018-12-17,401085725,179,
2018-12-17,401085903,338,
2018-12-17,401085903,2210,
2018-12-17,401086802,56,
2018-12-17,401086802,2427,
2018-12-17,401088932,5,
2018-12-17,401088932,2016,
2018-12-17,401083713,2501,
2018-12-17,401083713,2547,
2018-12-17,401082870,2390,
2018-12-17,401082870,2277,
2018-12-17,401088023,172,
2018-12-17,401088023,2344,
2018-12-17,401082925,238,
2018-12-17,401082925,9,18.0
2018-12-17,401082701,52,11.0
2018-12-17,401082701,2546,
2018-12-17,401082902,59,
2018-12-17,401082902,2241,
2018-12-17,401087171,254,
2018-12-17,401087171,50,
2018-12-17,401089629,82,
2018-12-17,401089629,2916,
2018-12-17,401086137,2545,
2018-12-17,401086137,2856,
2018-12-17,401082536,77,
2018-12-17,401082536,2130,
2018-12-17,401086138,166,
2018-12-17,401086138,2458,
2018-12-17,401086863,149,
2018-12-17,401086863,2449,
2018-12-17,401087849,44,
2018-12-17,401087849,116,
2018-12-17,401088262,2097,
2018-12-17,401088262,2643,
2018-12-17,401088263,2430,
2018-12-17,401088263,2515,
2018-12-17,401089040,2870,
2018-12-17,401089040,85,
2018-12-17,401083225,201,
2018-12-17,401083225,156,
2018-12-17,401086865,2172,
2018-12-17,401086865,147,
2018-12-17,401090038,167,
2018-12-17,401090038,249,
2018-12-17,401082400,2294,23.0
2018-12-17,401082400,2717,
2018-12-17,401083251,269,20.0
2018-12-17,401083251,155,
2018-12-17,401083632,2250,8.0
2018-12-17,401083632,250,
2018-12-17,401086864,331,
2018-12-17,401086864,2571,
2018-12-17,401083774,2541,
2018-12-17,401083774,30,
2018-12-17,401085302,2934,
2018-12-17,401085302,13,
2018-12-17,401087137,24,
2018-12-17,401087137,23,
2018-12-17,401085980,160,
2018-12-17,401085980,2368,
2018-12-17,401086141,2582,
2018-12-17,401086141,2856,
2018-12-17,401083330,2550,
2018-12-17,401083330,2529,
2018-12-17,401083344,2599,
2018-12-17,401083344,2597,
2018-12-17,401082571,2184,
2018-12-17,401082571,213,
2018-12-17,401088773,2630,
2018-12-17,401088773,236,
2018-12-17,401083381,239,
2018-12-17,401083381,2617,
2018-12-17,401083199,2086,
2018-12-17,401083199,2506,
2018-12-17,401082955,333,
2018-12-17,401082955,2335,
2018-12-17,401089952,2750,
2018-12-17,401089952,2413,
2018-12-17,401082555,194,15.0
2018-12-17,401082555,2754,
2018-12-17,401084729,2429,
2018-12-17,401084729,151,
2018-12-17,401088007,2377,
2018-12-17,401088007,309,
2018-12-17,401088040,290,
2018-12-17,401088040,71,
2018-12-17,401088913,2534,
2018-12-17,401088913,2011,
2018-12-17,401083159,57,
2018-12-17,401083159,2382,
2018-12-17,401086773,55,
2018-12-17,401086773,2453,
2018-12-17,401086139,292,
2018-12-17,401086139,242,
2018-12-17,401087986,2433,
2018-12-17,401087986,2447,
2018-12-17,401088157,2032,
2018-12-17,401088157,2623,
2018-12-17,401089247,93,
2018-12-17,401089247,339,
2018-12-17,401082789,183,
2018-12-17,401082789,2084,14.0
2018-12-17,401083552,2305,1.0
2018-12-17,401083552,233,
2018-12-17,401082916,97,
2018-12-17,401082916,2523,
2018-12-17,401083532,197,
2018-12-17,401083532,2110,
2018-12-17,401082622,305,
2018-12-17,401082622,103,
2018-12-17,401087099,38,
2018-12-17,401087099,282,
2018-12-17,401087442,2711,
2018-12-17,401087442,270,
2018-12-17,401084738,2670,
2018-12-17,401084738,2724,
2018-12-17,401086870,2692,
2018-12-17,401086870,2169,
2018-12-17,401088422,167,
2018-12-17,401088422,219,
2018-12-17,401088529,79,
2018-12-17,401088529,2737,
2018-12-17,401082456,130,4.0
2018-12-17,401082456,2005,
2018-12-17,401083664,68,
2018-12-17,401083664,279,
2018-12-17,401107056,2325,
2018-12-17,401107056,119,
2018-12-17,401084861,57,
2018-12-17,401084861,526,
2018-12-17,401086569,2681,
2018-12-17,401086569,42,
2018-12-17,401085628,2184,
2018-12-17,401085628,2198,
2018-12-17,401085931,43,
2018-12-17,401085931,314,
2018-12-17,401083409,66,
2018-12-17,401083409,2197,
2018-12-17,401086317,108,
2018-12-17,401086317,45,
2018-12-17,401088381,295,
2018-12-17,401088381,2415,
2018-12-17,401082520,158,25.0
2018-12-17,401082520,2239,
2018-12-17,401082769,258,5.0
2018-12-17,401082769,2729,
2018-12-17,401085661,257,
2018-12-17,401085661,2272,
2018-12-17,401085682,2603,
2018-12-17,401085682,2350,
2018-12-17,401083005,8,
2018-12-17,401083005,326,
2018-12-17,401089501,265,
2018-12-17,401089501,301,
2018-12-17,401084740,2567,
2018-12-17,401084740,172,
2018-12-17,401107014,2450,
2018-12-17,401107014,2193,
2018-12-17,401086151,2253,
2018-12-17,401086151,2400,
2018-12-17,401086343,2083,
2018-12-17,401086343,227,
2018-12-17,401084742,248,21.0
2018-12-17,401084742,2154,
2018-12-17,401096882,2439,
2018-12-17,401096882,282,
2018-12-17,401096883,62,
2018-12-17,401096883,38,
2018-12-17,401084739,198,
2018-12-17,401084739,202,
2018-12-17,401082342,356,
2018-12-17,401082342,142,
2018-12-17,401082429,120,
2018-12-17,401082429,2550,
2018-12-17,401087270,299,
2018-12-17,401087270,36,
2018-12-17,401087818,27,
2018-12-17,401087818,2351,
2018-12-17,401088170,2348,
2018-12-17,401088170,357,
2018-12-17,401089249,339,
2018-12-17,401089249,2739,
2018-12-17,401094574,47,
2018-12-17,401094574,2261,
2018-12-17,401082860,153,9.0
2018-12-17,401082860,96,19.0
2018-12-17,401083610,21,
2018-12-17,401083610,252,
2018-12-17,401087016,12,
2018-12-17,401087016,302,
2018-12-17,401107013,2638,
2018-12-17,401107013,2751,
2018-12-17,401084001,2440,6.0
2018-12-17,401084001,2006,
2018-12-17,401084858,245,
2018-12-17,401084858,276,
2018-12-17,401082871,2390,
2018-12-17,401082871,2226,
2018-12-17,401090245,5,
2018-12-17,401090245,2653,
2018-12-17,401083113,99,
2018-12-17,401083113,231,24.0
2018-12-17,401086735,288,
2018-12-17,401086735,261,
2018-12-17,401086868,264,
2018-12-17,401086868,16,
2018-12-17,401083775,2541,
2018-12-17,401083775,70,
2018-12-17,401083093,2393,
2018-12-17,401083093,145,
2018-12-17,401082501,135,
2018-12-17,401082501,2448,
2018-12-17,401089693,2546,
2018-12-17,401089693,2000,
2018-12-17,401082479,127,10.0
2018-12-17,401082479,2473,
2018-12-17,401089084,322,
2018-12-17,401089084,163,
2018-12-17,401088092,104,
2018-12-17,401088092,2065,
2018-12-17,401086774,2678,
2018-12-17,401086774,2453,
2018-12-17,401086631,2349,
2018-12-17,401086631,2352,
2018-12-17,401086304,2244,
2018-12-17,401086304,2426,
2018-12-17,401084735,2116,
2018-12-17,401084735,2287,
2018-12-17,401083891,232,
2018-12-17,401083891,324,
2018-12-17,401083317,251,
2018-12-17,401083317,2507,
2018-12-17,401083359,222,
2018-12-17,401083359,41,
2018-12-17,401085981,2368,
2018-12-17,401085981,225,
2018-12-17,401082609,275,16.0
2018-12-17,401082609,2755,
2018-12-17,401082725,2633,3.0
2018-12-17,401082725,154,
2018-12-17,401082600,164,
2018-12-17,401082600,171,
2018-12-17,401083945,2182,
2018-12-17,401083945,218,
2018-12-17,401086000,349,
2018-12-17,401086000,315,
2018-12-17,401086044,160,
2018-12-17,401086044,2217,
2018-12-17,401086609,311,
2018-12-17,401086609,2115,
2018-12-17,401088514,2117,
2018-12-17,401088514,2296,
2018-12-17,401089094,2329,
2018-12-17,401089094,2598,
2018-12-17,401082724,154,
2018-12-17,401082724,2166,
2018-12-17,401082846,152,
2018-12-17,401082846,2908,
2018-12-17,401083460,277,
2018-12-17,401083460,55,
2018-12-17,401086869,30,
2018-12-17,401086869,253,
2018-12-17,401089387,2466,
2018-12-17,401089387,2347,
2018-12-17,401087305,2378,
2018-12-17,401087305,108854,
2018-12-24,401087164,30,
2018-12-24,401087164,302,
2018-12-24,401087422,2649,
2018-12-24,401087422,219,
2018-12-24,401086318,45,
2018-12-24,401086318,44,
2018-12-24,401086242,2050,
2018-12-24,401086242,2169,
2018-12-24,401085982,42,
2018-12-24,401085982,2368,
2018-12-24,401085683,2603,
2018-12-24,401085683,2681,
2018-12-24,401085304,2561,
2018-12-24,401085304,13,
2018-12-24,401083776,265,
2018-12-24,401083776,2541,
2018-12-24,401083533,197,
2018-12-24,401083533,357,
2018-12-24,401083298,305,
2018-12-24,401083298,2752,
2018-12-24,401083094,145,
2018-12-24,401083094,526,
2018-12-24,401083052,142,
2018-12-24,401083052,2413,
2018-12-24,401082791,183,
2018-12-24,401082791,179,
2018-12-24,401082726,154,
2018-12-24,401082726,2241,
2018-12-24,401088198,2382,
2018-12-24,401088198,108,
2018-12-24,401082927,238,
2018-12-24,401082927,2634,
2018-12-24,401082981,2633,3.0
2018-12-24,401082981,2635,
2018-12-24,401107633,155,
2018-12-24,401107633,2870,
2018-12-24,401107613,2449,
2018-12-24,401107613,233,
2018-12-24,401086632,2529,
2018-12-24,401086632,2349,
2018-12-24,401082917,97,
2018-12-24,401082917,96,16.0
2018-12-24,401082588,2509,
2018-12-24,401082588,2057,
2018-12-24,401082480,127,8.0
2018-12-24,401082480,2459,
2018-12-24,401084746,248,22.0
2018-12-24,401084746,2885,
2018-12-24,401088871,2193,
2018-12-24,401088871,231,
2018-12-24,401088473,325,
2018-12-24,401088473,2174,
2018-12-24,401086874,2464,
2018-12-24,401086874,149,
2018-12-24,401085662,6,
2018-12-24,401085662,257,
2018-12-24,401083160,57,
2018-12-24,401083160,2086,
2018-12-24,401082872,2390,
2018-12-24,401082872,2097,
2018-12-24,401082811,221,
2018-12-24,401082811,2142,
2018-12-24,401085602,2168,
2018-12-24,401085602,290,
2018-12-24,401084859,245,
2018-12-24,401084859,2640,
2018-12-24,401090321,242,
2018-12-24,401090321,249,
2018-12-24,401088802,2535,
2018-12-24,401088802,2678,
2018-12-24,401086001,315,
2018-12-24,401086001,2450,
2018-12-24,401082601,164,
2018-12-24,401082601,311,
2018-12-24,401082343,356,
2018-12-24,401082343,2226,
2018-12-24,401083554,2305,5.0
2018-12-24,401083554,2199,
2018-12-24,401087172,254,
2018-12-24,401087172,2440,6.0
2018-12-24,401088986,2653,
2018-12-24,401088986,2029,
2018-12-24,401088269,2643,
2018-12-24,401088269,2344,
2018-12-24,401086065,2612,
2018-12-24,401086065,2261,
2018-12-24,401084745,235,
2018-12-24,401084745,50,
2018-12-24,401089910,2750,
2018-12-24,401089910,82,
2018-12-24,401089896,94,
2018-12-24,401089896,85,
2018-12-24,401088472,325,
2018-12-24,401088472,2473,
2018-12-24,401086520,2309,
2018-12-24,401086520,399,
2018-12-24,401085879,2210,
2018-12-24,401085879,119,
2018-12-24,401084743,151,
2018-12-24,401084743,2448,
2018-12-24,401083971,2729,
2018-12-24,401083971,256,
2018-12-24,401083946,111,
2018-12-24,401083946,2182,
2018-12-24,401083865,2275,
2018-12-24,401083865,48,
2018-12-24,401089496,2710,
2018-12-24,401089496,2571,
2018-12-24,401082905,59,
2018-12-24,401082905,338,
2018-12-24,401088493,2754,
2018-12-24,401088493,2174,
2018-12-24,401083227,156,
2018-12-24,401083227,140,
2018-12-24,401107113,2628,
2018-12-24,401107113,282,
2018-12-24,401107114,2083,
2018-12-24,401107114,2439,
2018-12-24,401107115,62,
2018-12-24,401107115,227,
2018-12-24,401107116,2429,
2018-12-24,401107116,38,
2018-12-24,401082847,152,20.0
2018-12-24,401082847,2352,
2018-12-24,401083483,2641,11.0
2018-12-24,401083483,292,
2018-12-24,401082748,259,10.0
2018-12-24,401082748,2379,
2018-12-24,401083278,46,
2018-12-24,401083278,47,
2018-12-24,401084744,58,
2018-12-24,401084744,161,
2018-12-24,401082573,213,
2018-12-24,401082573,2378,
2018-12-24,401082557,194,13.0
2018-12-24,401082557,2272,
2018-12-24,401082861,153,14.0
2018-12-24,401082861,2166,
2018-12-24,401083073,344,19.0
2018-12-24,401083073,252,
2018-12-24,401088840,2717,
2018-12-24,401088840,2747,
2018-12-24,401088528,2737,
2018-12-24,401088528,2504,
2018-12-24,401082830,87,
2018-12-24,401082830,2154,
2018-12-24,401083006,8,
2018-12-24,401083006,2046,
2018-12-24,401087282,2351,
2018-12-24,401087282,302,
2018-12-24,401083634,2250,7.0
2018-12-24,401083634,2453,
2018-12-24,401089018,2437,
2018-12-24,401089018,2172,
2018-12-24,401083253,269,18.0
2018-12-24,401083253,2582,
2018-12-24,401087819,2005,
2018-12-24,401087819,27,
2018-12-24,401083500,251,
2018-12-24,401083500,250,
2018-12-24,401083114,99,
2018-12-24,401083114,2433,
2018-12-24,401087040,9,17.0
2018-12-24,401087040,163,
2018-12-24,401086875,253,
2018-12-24,401086875,147,
2018-12-24,401086873,70,
2018-12-24,401086873,304,
2018-12-24,401083665,279,
2018-12-24,401083665,300,
2018-12-24,401088402,189,
2018-12-24,401088402,2630,
2018-12-24,401087359,195,
2018-12-24,401087359,2229,
2018-12-24,401086688,294,
2018-12-24,401086688,2506,
2018-12-24,401085740,2670,
2018-12-24,401085740,2520,
2018-12-24,401083461,277,
2018-12-24,401083461,2329,
2018-12-24,401089251,193,
2018-12-24,401089251,339,
2018-12-24,401088024,172,
2018-12-24,401088024,2426,
2018-12-24,401085932,314,
2018-12-24,401085932,107,
2018-12-24,401082457,130,2.0
2018-12-24,401082457,2066,
2018-12-24,401086645,159,
2018-12-24,401086645,160,
2018-12-24,401087255,62,
2018-12-24,401087255,2010,
2018-12-24,401087138,24,
2018-12-24,401087138,299,
2018-12-24,401086876,16,
2018-12-24,401086876,2458,
2018-12-24,401088008,2545,
2018-12-24,401088008,309,
2018-12-24,401086154,301,
2018-12-24,401086154,2253,
2018-12-24,401085330,2463,
2018-12-24,401085330,2415,
2018-12-24,401082651,228,
2018-12-24,401082651,288,
2018-12-24,401085706,139,
2018-12-24,401085706,2026,
2018-12-24,401086775,2197,
2018-12-24,401086775,2453,
2018-12-24,401086344,227,
2018-12-24,401086344,2393,
2018-12-24,401086289,2230,
2018-12-24,401086289,112358,
2018-12-24,401083147,61,
2018-12-24,401083147,113,
2018-12-24,401082956,2617,
2018-12-24,401082956,333,
2018-12-24,401089367,2437,
2018-12-24,401089367,198,
2018-12-24,401082538,77,
2018-12-24,401082538,171,
2018-12-24,401087443,2711,
2018-12-24,401087443,27,
2018-12-24,401086156,36,
2018-12-24,401086156,166,
2018-12-24,401082502,135,
2018-12-24,401082502,116,
2018-12-24,401083758,2540,
2018-12-24,401083758,2539,
2018-12-24,401083715,2239,
2018-12-24,401083715,2501,
2018-12-24,401083172,2,12.0
2018-12-24,401083172,2454,
2018-12-24,401083383,239,
2018-12-24,401083383,2443,
2018-12-24,401082430,120,
2018-12-24,401082430,2515,
2018-12-24,401083892,350,
2018-12-24,401083892,232,
2018-12-24,401086152,278,
2018-12-24,401086152,3084,
2018-12-24,401083331,2550,
2018-12-24,401083331,2599,
2018-12-24,401085909,2099,
2018-12-24,401085909,2084,21.0
2018-12-24,401087106,68,
2018-12-24,401087106,2483,
2018-12-24,401082610,98,
2018-12-24,401082610,275,15.0
2018-12-24,401083433,2306,
2018-12-24,401083433,2244,
2018-12-24,401083737,2608,
2018-12-24,401083737,23,
2018-12-24,401086872,331,
2018-12-24,401086872,2692,
2018-12-24,401087154,26,
2018-12-24,401087154,2335,
2018-12-24,401089992,2751,
2018-12-24,401089992,3101,
2018-12-24,401088775,2430,
2018-12-24,401088775,236,
2018-12-24,401087125,204,
2018-12-24,401087125,2115,
2018-12-24,401082402,2294,24.0
2018-12-24,401082402,2803,
2018-12-24,401088171,2348,
2018-12-24,401088171,2572,
2018-12-24,401089876,270,
2018-12-24,401089876,2739,
2018-12-24,401087295,2460,
2018-12-24,401087295,2619,
2018-12-24,401087881,21,
2018-12-24,401087881,225,
2018-12-24,401086153,25,
2018-12-24,401086153,2547,
2018-12-24,401088271,2908,
2018-12-24,401088271,229,
2018-12-24,401088272,2127,
2018-12-24,401088272,108942,
2018-12-24,401089252,2623,
2018-12-24,401089252,2931,
2018-12-24,401090128,55,
2018-12-24,401090128,2890,
2018-12-24,401089388,2466,
2018-12-24,401089388,3134,
2018-12-24,401089644,2110,
2018-12-24,401089644,2358,
2018-12-24,401090233,2565,
2018-12-24,401090233,2402,
2018-12-24,401090316,2636,
2018-12-24,401090316,199,
2018-12-24,401090039,3154,
2018-12-24,401090039,167,
2018-12-24,401087499,2523,
2018-12-24,401087499,108854,
2018-12-24,401107873,2377,
2018-12-24,401107873,111921,
2018-12-24,401107913,2296,
2018-12-24,401107913,2396,
2018-12-24,401089513,2320,
2018-12-24,401089513,3134,
2018-12-24,401088515,2117,
2018-12-24,401088515,2288,
2018-12-24,401090152,93,
2018-12-24,401090152,2064,
2018-12-24,401082521,158,
2018-12-24,401082521,2587,
2018-12-24,401086155,2856,
2018-12-24,401086155,2318,
2018-12-24,401088158,2032,
2018-12-24,401088158,2264,
2018-12-24,401088105,2247,
2018-12-24,401088105,109014,
2018-12-24,401088270,2427,
2018-12-24,401088270,2220,
2018-12-24,401089637,2277,
2018-12-24,401089637,2937,
2018-12-24,401089694,2000,
2018-12-24,401089694,241,
2018-12-24,401089250,2181,
2018-12-24,401089250,2816,
2018-12-24,401089716,2674,
2018-12-24,401089716,111995,
2018-12-24,401084002,2006,
2018-12-24,401084002,2102,
2018-12-24,401090013,2447,
2018-12-24,401090013,111921,
2018-12-24,401090246,5,
2018-12-24,401090246,2028,
2018-12-24,401090385,2428,
2018-12-24,401090385,2726,
2018-12-24,401090008,328,
2018-12-24,401090008,2202,
2018-12-24,401090112,2198,
2018-12-24,401090112,2855,
2018-12-24,401087906,326,
2018-12-24,401087906,2758,
2018-12-31,401087140,30,
2018-12-31,401087140,24,
2018-12-31,401090096,2197,
2018-12-31,401090096,2630,
2018-12-31,401087360,2393,
2018-12-31,401087360,2229,
2018-12-31,401089044,2870,
2018-12-31,401089044,2571,
2018-12-31,401086157,2253,
2018-12-31,401086157,3084,
2018-12-31,401087041,9,
2018-12-31,401087041,254,
2018-12-31,401087340,5,
2018-12-31,401087340,2226,
2018-12-31,401087858,2433,
2018-12-31,401087858,2031,
2018-12-31,401087907,326,
2018-12-31,401087907,290,
2018-12-31,401087942,250,
2018-12-31,401087942,2247,
2018-12-31,401087966,6,
2018-12-31,401087966,2026,
2018-12-31,401088009,309,
2018-12-31,401088009,2032,
2018-12-31,401088172,249,
2018-12-31,401088172,2348,
2018-12-31,401088474,270,
2018-12-31,401088474,325,
2018-12-31,401089063,198,
2018-12-31,401089063,155,
2018-12-31,401089877,2739,
2018-12-31,401089877,2754,
2018-12-31,401090141,93,
2018-12-31,401090141,2413,
2018-12-31,401087320,2429,
2018-12-31,401087320,98,
2018-12-31,401085684,2603,
2018-12-31,401085684,2244,
2018-12-31,401082458,130,2.0
2018-12-31,401082458,213,
2018-12-31,401088841,2747,
2018-12-31,401088841,2643,
2018-12-31,401087793,2803,
2018-12-31,401087793,2597,
2018-12-31,401088186,295,
2018-12-31,401088186,276,
2018-12-31,401088366,2426,
2018-12-31,401088366,2142,
2018-12-31,401088494,2174,
2018-12-31,401088494,2750,
2018-12-31,401088776,2717,
2018-12-31,401088776,236,
2018-12-31,401088803,2193,
2018-12-31,401088803,2535,
2018-12-31,401088883,231,
2018-12-31,401088883,2382,
2018-12-31,401082848,2390,
2018-12-31,401082848,152,18.0
2018-12-31,401089075,2352,
2018-12-31,401089075,107,
2018-12-31,401089354,2598,
2018-12-31,401089354,116,
2018-12-31,401089936,2473,
2018-12-31,401089936,94,
2018-12-31,401090973,2653,
2018-12-31,401090973,324,
2018-12-31,401082403,2509,
2018-12-31,401082403,2294,25.0
2018-12-31,401082344,84,21.0
2018-12-31,401082344,356,
2018-12-31,401090295,2636,
2018-12-31,401090295,2638,
2018-12-31,401090218,2634,
2018-12-31,401090218,2635,
2018-12-31,401087478,2115,
2018-12-31,401087478,2681,
2018-12-31,401083738,2539,
2018-12-31,401083738,2608,
2018-12-31,401087139,26,
2018-12-31,401087139,24,
2018-12-31,401084752,2655,
2018-12-31,401084752,2567,
2018-12-31,401086243,2649,
2018-12-31,401086243,2050,
2018-12-31,401089898,82,
2018-12-31,401089898,85,
2018-12-31,401089181,2199,
2018-12-31,401089181,2084,20.0
2018-12-31,401082792,87,
2018-12-31,401082792,183,
2018-12-31,401083202,2086,
2018-12-31,401083202,156,
2018-12-31,401084622,41,
2018-12-31,401084622,2116,
2018-12-31,401082812,221,
2018-12-31,401082812,153,15.0
2018-12-31,401082574,213,
2018-12-31,401082574,275,22.0
2018-12-31,401082482,194,14.0
2018-12-31,401082482,127,8.0
2018-12-31,401083279,46,
2018-12-31,401083279,2599,
2018-12-31,401084753,151,
2018-12-31,401084753,2132,
2018-12-31,401085934,314,
2018-12-31,401085934,2217,
2018-12-31,401086326,113,
2018-12-31,401086326,2325,
2018-12-31,401083611,279,
2018-12-31,401083611,252,
2018-12-31,401086882,70,
2018-12-31,401086882,331,
2018-12-31,401087063,30,
2018-12-31,401087063,25,
2018-12-31,401086883,304,
2018-12-31,401086883,253,
2018-12-31,401086885,147,
2018-12-31,401086885,2502,
2018-12-31,401086886,2692,
2018-12-31,401086886,2464,
2018-12-31,401087017,12,
2018-12-31,401087017,38,
2018-12-31,401089511,2046,
2018-12-31,401089511,2198,
2018-12-31,401090075,2057,
2018-12-31,401090075,55,
2018-12-31,401082503,275,22.0
2018-12-31,401082503,135,
2018-12-31,401086884,149,
2018-12-31,401086884,16,
2018-12-31,401086160,2934,
2018-12-31,401086160,2547,
2018-12-31,401090204,2565,
2018-12-31,401090204,2546,
2018-12-31,401084751,235,
2018-12-31,401084751,2724,
2018-12-31,401083690,2492,
2018-12-31,401083690,2351,
2018-12-31,401083777,2541,
2018-12-31,401083777,301,
2018-12-31,401086158,300,
2018-12-31,401086158,292,
2018-12-31,401086159,2856,
2018-12-31,401086159,166,
2018-12-31,401087500,2523,
2018-12-31,401087500,161,
2018-12-31,401086034,2217,
2018-12-31,401086034,2520,
2018-12-31,401086633,2349,
2018-12-31,401086633,2619,
2018-12-31,401083462,277,
2018-12-31,401083462,2641,11.0
2018-12-31,401088276,2569,
2018-12-31,401088276,2506,
2018-12-31,401083332,2752,
2018-12-31,401083332,2550,
2018-12-31,401082431,120,
2018-12-31,401082431,158,24.0
2018-12-31,401082727,154,
2018-12-31,401082727,172,
2018-12-31,401084748,2116,
2018-12-31,401084748,218,
2018-12-31,401086547,2066,
2018-12-31,401086547,171,
2018-12-31,401086610,225,
2018-12-31,401086610,311,
2018-12-31,401087315,261,
2018-12-31,401087315,159,
2018-12-31,401087851,44,
2018-12-31,401087851,104,
2018-12-31,401088073,349,
2018-12-31,401088073,2083,
2018-12-31,401088428,43,
2018-12-31,401088428,338,
2018-12-31,401089085,2329,
2018-12-31,401089085,322,
2018-12-31,401089253,339,
2018-12-31,401089253,2181,
2018-12-31,401087182,264,
2018-12-31,401087182,2239,
2018-12-31,401083254,2599,
2018-12-31,401083254,269,16.0
2018-12-31,401085331,21,
2018-12-31,401085331,2463,
2018-12-31,401083228,2507,
2018-12-31,401083228,156,
2018-12-31,401086018,219,
2018-12-31,401086018,2405,
2018-12-31,401082770,258,4.0
2018-12-31,401082770,276,
2018-12-31,401082928,238,
2018-12-31,401082928,2427,
2018-12-31,401085629,2184,
2018-12-31,401085629,2885,
2018-12-31,401086002,315,
2018-12-31,401086002,399,
2018-12-31,401082703,52,9.0
2018-12-31,401082703,2737,
2018-12-31,401086878,2502,
2018-12-31,401086878,2458,
2018-12-31,401083689,2492,
2018-12-31,401083689,2010,
2018-12-31,401083635,2250,7.0
2018-12-31,401083635,2934,
2018-12-31,401082749,259,10.0
2018-12-31,401082749,87,
2018-12-31,401082862,153,15.0
2018-12-31,401082862,108,
2018-12-31,401082906,59,
2018-12-31,401082906,2908,
2018-12-31,401089140,2617,
2018-12-31,401089140,2545,
2018-12-31,401089563,2005,
2018-12-31,401089563,167,
2018-12-31,401089603,2751,
2018-12-31,401089603,68,
2018-12-31,401083544,2305,5.0
2018-12-31,401083544,201,23.0
2018-12-31,401089664,23,
2018-12-31,401089664,278,
2018-12-31,401089648,2439,
2018-12-31,401089648,36,
2018-12-31,401089695,2440,6.0
2018-12-31,401089695,328,
2018-12-31,401086056,2612,
2018-12-31,401086056,2561,
2018-12-31,401090275,242,
2018-12-31,401090275,2572,
2018-12-31,401087522,2529,
2018-12-31,401087522,112358,
2018-12-31,401083893,119,
2018-12-31,401083893,232,
2018-12-31,401083921,48,
2018-12-31,401083921,2729,
2018-12-31,401083947,2182,
2018-12-31,401083947,2210,
2018-12-31,401083973,256,
2018-12-31,401083973,350,
2018-12-31,401085762,2363,
2018-12-31,401085762,2514,
2018-12-31,401085910,2368,
2018-12-31,401085910,2099,
2018-12-31,401089257,2350,
2018-12-31,401089257,282,
2018-12-31,401089020,2172,
2018-12-31,401089020,233,
2018-12-31,401083434,2306,
2018-12-31,401083434,251,
2018-12-31,401089256,2674,
2018-12-31,401089256,2287,
2018-12-31,401089389,2466,
2018-12-31,401089389,2447,
2018-12-31,401089111,2437,
2018-12-31,401089111,2449,
2018-12-31,401089118,357,
2018-12-31,401089118,2110,
2018-12-31,401089254,71,
2018-12-31,401089254,2460,
2018-12-31,401089255,79,
2018-12-31,401089255,2623,
2018-12-31,401089425,2000,
2018-12-31,401089425,2443,
2018-12-31,401083410,197,
2018-12-31,401083410,66,
2018-12-31,401089473,2916,
2018-12-31,401089473,2377,
2018-12-31,401089514,2277,
2018-12-31,401089514,2320,
2018-12-31,401084749,248,19.0
2018-12-31,401084749,202,
2018-12-31,401083299,222,
2018-12-31,401083299,305,
2018-12-31,401084621,58,
2018-12-31,401084621,41,
2018-12-31,401082481,127,8.0
2018-12-31,401082481,77,
2018-12-31,401086611,2378,
2018-12-31,401086611,311,
2018-12-31,401082624,259,10.0
2018-12-31,401082624,103,
2018-12-31,401086661,526,
2018-12-31,401086661,2335,
2018-12-31,401088403,2309,
2018-12-31,401088403,189,
2018-12-31,401089347,2010,
2018-12-31,401089347,2296,
2018-12-31,401087107,2483,
2018-12-31,401087107,204,
2018-12-31,401089400,198,
2018-12-31,401089400,2710,
2018-12-31,401085578,2166,
2018-12-31,401085578,2184,
2018-12-31,401086689,294,
2018-12-31,401086689,288,
2018-12-31,401088537,2016,
2018-12-31,401088537,2640,
2018-12-31,401088571,2582,
2018-12-31,401088571,2504,
2018-12-31,401088914,2011,
2018-12-31,401088914,2755,
2018-12-31,401089211,2534,
2018-12-31,401089211,2000,
2018-12-31,401090340,2450,
2018-12-31,401090340,2169,
2018-12-31,401083029,57,
2018-12-31,401083029,2579,
2018-12-31,401082652,150,1.0
2018-12-31,401082652,228,
2018-12-31,401083716,2351,
2018-12-31,401083716,2501,
2018-12-31,401082929,238,
2018-12-31,401082929,145,
2018-12-31,401085685,2603,
2018-12-31,401085685,45,
2018-12-31,401085707,139,
2018-12-31,401085707,227,
2018-12-31,401085726,2244,
2018-12-31,401085726,179,
2018-12-31,401082893,97,
2018-12-31,401082893,2390,
2018-12-31,401085603,2168,
2018-12-31,401085603,257,
2018-12-31,401088987,2029,
2018-12-31,401088987,2400,
2018-12-31,401087184,264,
2018-12-31,401087184,265,
2018-12-31,401083007,245,
2018-12-31,401083007,8,
2018-12-31,401086161,140,
2018-12-31,401086161,2130,
2018-12-31,401082982,2633,3.0
2018-12-31,401082982,61,
2018-12-31,401083384,2628,
2018-12-31,401083384,239,
2018-12-31,401088516,193,
2018-12-31,401088516,2117,
2018-12-31,401088820,2678,
2018-12-31,401088820,2430,
2018-12-31,401082957,333,
2018-12-31,401082957,96,13.0
2018-12-31,401082432,164,
2018-12-31,401082432,120,
2018-12-31,401084003,2006,
2018-12-31,401084003,2711,
2018-12-31,401085741,2230,
2018-12-31,401085741,2670,
2018-12-31,401086548,2066,
2018-12-31,401086548,160,
2018-12-31,401087381,195,
2018-12-31,401087381,2459,
2018-12-31,401083867,2275,
2018-12-31,401083867,111,
2018-12-31,401090257,2415,
2018-12-31,401090257,2379,
2018-12-31,401090975,47,
2018-12-31,401090975,50,
2018-12-31,401088277,2097,
2018-12-31,401088277,2241,
2018-12-31,401088279,2515,
2018-12-31,401088279,2344,
2018-12-31,401086776,2454,
2018-12-31,401086776,2453,
2018-12-31,401088423,163,
2018-12-31,401088423,219,
2018-12-31,401088278,2127,
2018-12-31,401088278,2272,
2018-12-31,401090326,2569,
2018-12-31,401090326,2448,
2018-12-31,401082623,103,
2018-12-31,401082623,42,
2018-12-31,401089977,2154,
2018-12-31,401089977,2542,
2018-12-31,401089960,2428,
2018-12-31,401089960,2065,
2018-12-31,401086804,56,
2018-12-31,401086804,2206,
2018-12-31,401087283,302,
2018-12-31,401087283,2868,
2018-12-31,401087271,299,
2018-12-31,401087271,3246,
2018-12-31,401087820,27,
2018-12-31,401087820,3246,
2018-12-31,401085305,13,
2018-12-31,401085305,2868,
2018-12-31,401087828,2540,
2018-12-31,401087828,3246,
2019-01-07,401087127,204,
2019-01-07,401087127,26,
2019-01-07,401082705,52,13.0
2019-01-07,401082705,2390,
2019-01-07,401087944,2026,
2019-01-07,401087944,250,
2019-01-07,401087989,290,
2019-01-07,401087989,2433,
2019-01-07,401088010,2247,
2019-01-07,401088010,309,
2019-01-07,401088282,2097,
2019-01-07,401088282,2737,
2019-01-07,401088283,2261,
2019-01-07,401088283,2127,
2019-01-07,401088284,2272,
2019-01-07,401088284,2506,
2019-01-07,401088285,2344,
2019-01-07,401088285,2427,
2019-01-07,401088286,2908,
2019-01-07,401088286,2515,
2019-01-07,401088435,116,
2019-01-07,401088435,2803,
2019-01-07,401088476,85,
2019-01-07,401088476,325,
2019-01-07,401088496,2174,
2019-01-07,401088496,2739,
2019-01-07,401088821,2678,
2019-01-07,401088821,231,
2019-01-07,401088843,2430,
2019-01-07,401088843,2747,
2019-01-07,401088862,2643,
2019-01-07,401088862,2193,
2019-01-07,401088894,2382,
2019-01-07,401088894,2717,
2019-01-07,401089045,2870,
2019-01-07,401089045,198,
2019-01-07,401089923,2473,
2019-01-07,401089923,270,
2019-01-07,401087909,324,
2019-01-07,401087909,326,
2019-01-07,401087523,2681,
2019-01-07,401087523,2529,
2019-01-07,401087502,112358,
2019-01-07,401087502,2598,
2019-01-07,401083895,232,
2019-01-07,401083895,2182,
2019-01-07,401082625,103,
2019-01-07,401082625,258,4.0
2019-01-07,401085306,2540,
2019-01-07,401085306,13,
2019-01-07,401085333,27,
2019-01-07,401085333,2463,
2019-01-07,401087019,24,
2019-01-07,401087019,12,
2019-01-07,401089697,2440,10.0
2019-01-07,401089697,23,
2019-01-07,401087238,62,
2019-01-07,401087238,2239,
2019-01-07,401083868,2729,
2019-01-07,401083868,2275,
2019-01-07,401083923,350,
2019-01-07,401083923,48,
2019-01-07,401087480,161,
2019-01-07,401087480,2115,
2019-01-07,401084061,2210,
2019-01-07,401084061,111,
2019-01-07,401084623,41,
2019-01-07,401084623,2567,
2019-01-07,401084759,202,
2019-01-07,401084759,2132,
2019-01-07,401085764,2514,
2019-01-07,401085764,2405,
2019-01-07,401086045,2217,
2019-01-07,401086045,2612,
2019-01-07,401086165,140,
2019-01-07,401086165,2856,
2019-01-07,401087342,2226,
2019-01-07,401087342,295,
2019-01-07,401092319,2229,
2019-01-07,401092319,2429,
2019-01-07,401087860,2031,
2019-01-07,401087860,2653,
2019-01-07,401088174,2348,
2019-01-07,401088174,5,
2019-01-07,401087126,204,
2019-01-07,401087126,30,
2019-01-07,401087795,2597,
2019-01-07,401087795,2523,
2019-01-07,401090297,2638,
2019-01-07,401090297,249,
2019-01-07,401086893,331,
2019-01-07,401086893,149,
2019-01-07,401086894,70,
2019-01-07,401086894,147,
2019-01-07,401087173,254,
2019-01-07,401087173,264,
2019-01-07,401087284,300,
2019-01-07,401087284,302,
2019-01-07,401083692,2541,
2019-01-07,401083692,2492,
2019-01-07,401083637,2250,5.0
2019-01-07,401083637,279,
2019-01-07,401087086,38,
2019-01-07,401087086,265,
2019-01-07,401085913,2099,
2019-01-07,401085913,2520,
2019-01-07,401085935,315,
2019-01-07,401085935,314,
2019-01-07,401085983,2368,
2019-01-07,401085983,2561,
2019-01-07,401089937,94,
2019-01-07,401089937,2750,
2019-01-07,401082376,120,
2019-01-07,401082376,84,22.0
2019-01-07,401082589,275,
2019-01-07,401082589,2509,
2019-01-07,401082626,87,
2019-01-07,401082626,103,
2019-01-07,401087108,2483,
2019-01-07,401087108,26,
2019-01-07,401086167,166,
2019-01-07,401086167,2253,
2019-01-07,401090077,2057,
2019-01-07,401090077,2413,
2019-01-07,401090317,2636,
2019-01-07,401090317,242,
2019-01-07,401086166,292,
2019-01-07,401086166,2934,
2019-01-07,401087968,2032,
2019-01-07,401087968,6,
2019-01-07,401088210,2572,
2019-01-07,401088210,2393,
2019-01-07,401089022,2571,
2019-01-07,401089022,2172,
2019-01-07,401089064,155,
2019-01-07,401089064,2437,
2019-01-07,401089153,2449,
2019-01-07,401089153,2710,
2019-01-07,401089912,82,
2019-01-07,401089912,2754,
2019-01-07,401082346,356,
2019-01-07,401082346,130,2.0
2019-01-07,401084760,235,
2019-01-07,401084760,151,
2019-01-07,401090098,55,
2019-01-07,401090098,2197,
2019-01-07,401090114,2634,
2019-01-07,401090114,2198,
2019-01-07,401090153,2630,
2019-01-07,401090153,93,
2019-01-07,401090219,2635,
2019-01-07,401090219,2565,
2019-01-07,401089533,2546,
2019-01-07,401089533,2046,
2019-01-07,401082522,158,
2019-01-07,401082522,213,
2019-01-07,401083613,252,
2019-01-07,401083613,2501,
2019-01-07,401083520,2305,7.0
2019-01-07,401083520,2628,25.0
2019-01-07,401089665,328,
2019-01-07,401089665,278,
2019-01-07,401083464,277,
2019-01-07,401083464,197,
2019-01-07,401087043,25,
2019-01-07,401087043,9,
2019-01-07,401083385,239,
2019-01-07,401083385,66,20.0
2019-01-07,401087423,2084,19.0
2019-01-07,401087423,2649,
2019-01-07,401083132,96,18.0
2019-01-07,401083132,245,
2019-01-07,401082983,142,
2019-01-07,401082983,2633,3.0
2019-01-07,401082678,154,
2019-01-07,401082678,150,1.0
2019-01-07,401089263,2181,
2019-01-07,401089263,79,
2019-01-07,401089265,2287,
2019-01-07,401089265,2460,
2019-01-07,401089266,339,
2019-01-07,401089266,2350,
2019-01-07,401089267,2674,
2019-01-07,401089267,71,
2019-01-07,401082958,99,
2019-01-07,401082958,333,
2019-01-07,401086662,2453,
2019-01-07,401086662,526,
2019-01-07,401089565,36,
2019-01-07,401089565,2005,
2019-01-07,401083030,2579,
2019-01-07,401083030,344,14.0
2019-01-07,401082849,152,15.0
2019-01-07,401082849,153,12.0
2019-01-07,401083484,2641,8.0
2019-01-07,401083484,201,23.0
2019-01-07,401082483,127,6.0
2019-01-07,401082483,2509,
2019-01-07,401089679,21,
2019-01-07,401089679,2751,
2019-01-07,401083346,222,
2019-01-07,401083346,2599,24.0
2019-01-07,401089264,282,
2019-01-07,401089264,2623,
2019-01-07,401087882,2099,
2019-01-07,401087882,225,
2019-01-07,401089001,2010,
2019-01-07,401089001,2755,
2019-01-07,401089978,2169,
2019-01-07,401089978,2154,
2019-01-07,401090258,2379,
2019-01-07,401090258,47,
2019-01-07,401090281,2415,
2019-01-07,401090281,2542,
2019-01-07,401090375,2450,
2019-01-07,401090375,50,
2019-01-07,401088538,2582,
2019-01-07,401088538,2640,
2019-01-07,401088591,2016,
2019-01-07,401088591,2504,
2019-01-07,401088915,2011,
2019-01-07,401088915,2296,
2019-01-07,401086892,2458,
2019-01-07,401086892,331,
2019-01-07,401087444,2309,
2019-01-07,401087444,2711,
2019-01-07,401082433,135,
2019-01-07,401082433,120,
2019-01-07,401083501,197,
2019-01-07,401083501,251,
2019-01-07,401084004,2117,
2019-01-07,401084004,2006,
2019-01-07,401085959,2368,
2019-01-07,401085959,2363,
2019-01-07,401086244,2050,
2019-01-07,401086244,2199,
2019-01-07,401087382,193,
2019-01-07,401087382,2459,
2019-01-07,401087402,189,
2019-01-07,401087402,195,
2019-01-07,401090002,167,
2019-01-07,401090002,2439,
2019-01-07,401082930,61,
2019-01-07,401082930,238,
2019-01-07,401083280,2752,
2019-01-07,401083280,46,
2019-01-07,401082813,221,
2019-01-07,401082813,97,
2019-01-07,401083095,145,
2019-01-07,401083095,2,11.0
2019-01-07,401082750,59,
2019-01-07,401082750,259,9.0
2019-01-07,401089077,107,
2019-01-07,401089077,2329,
2019-01-07,401086736,288,
2019-01-07,401086736,2454,
2019-01-07,401089120,2466,
2019-01-07,401089120,357,
2019-01-07,401089474,2377,
2019-01-07,401089474,2000,
2019-01-07,401082653,183,
2019-01-07,401082653,228,
2019-01-07,401085630,2184,
2019-01-07,401085630,2230,
2019-01-07,401084757,218,
2019-01-07,401084757,248,17.0
2019-01-07,401089141,2447,
2019-01-07,401089141,2617,
2019-01-07,401089212,2110,
2019-01-07,401089212,2534,
2019-01-07,401089427,2320,
2019-01-07,401089427,2443,
2019-01-07,401083008,8,
2019-01-07,401083008,57,
2019-01-07,401083203,2550,
2019-01-07,401083203,2086,
2019-01-07,401082405,77,
2019-01-07,401082405,2294,
2019-01-07,401085708,139,
2019-01-07,401085708,113,
2019-01-07,401082558,164,
2019-01-07,401082558,194,16.0
2019-01-07,401083229,156,
2019-01-07,401083229,269,21.0
2019-01-07,401083436,2306,
2019-01-07,401083436,277,
2019-01-07,401086549,2619,
2019-01-07,401086549,2066,
2019-01-07,401084758,58,
2019-01-07,401084758,2655,
2019-01-07,401085579,2244,
2019-01-07,401085579,2166,
2019-01-07,401085604,45,
2019-01-07,401085604,2168,
2019-01-07,401085663,257,
2019-01-07,401085663,227,
2019-01-07,401085686,179,
2019-01-07,401085686,2603,
2019-01-07,401085742,2670,
2019-01-07,401085742,2325,
2019-01-07,401085881,119,
2019-01-07,401085881,172,
2019-01-07,401086570,42,
2019-01-07,401086570,2378,
2019-01-07,401089086,322,
2019-01-07,401089086,2352,
2019-01-07,401086612,311,
2019-01-07,401086612,261,
2019-01-07,401086634,160,
2019-01-07,401086634,2349,
2019-01-07,401086690,338,
2019-01-07,401086690,294,
2019-01-07,401086715,56,
2019-01-07,401086715,2335,
2019-01-07,401088053,44,
2019-01-07,401088053,2426,
2019-01-07,401088075,104,
2019-01-07,401088075,349,
2019-01-07,401088127,2083,
2019-01-07,401088127,2142,
2019-01-07,401083281,46,
2019-01-07,401083281,2507,
2019-01-07,401088778,236,
2019-01-07,401088778,2535,
2019-01-07,401083301,2599,24.0
2019-01-07,401083301,305,
2019-01-07,401089373,2534,
2019-01-07,401089373,2916,
2019-01-07,401087272,299,
2019-01-07,401087272,302,
2019-01-07,401088288,2241,
2019-01-07,401088288,2908,
2019-01-07,401089460,2447,
2019-01-07,401089460,2277,
2019-01-07,401089348,2400,
2019-01-07,401089348,2010,
2019-01-07,401089191,2545,
2019-01-07,401089191,2000,
2019-01-07,401088094,159,
2019-01-07,401088094,108,
2019-01-07,401088187,276,
2019-01-07,401088187,98,
2019-01-07,401089046,233,
2019-01-07,401089046,2870,
2019-01-07,401086895,16,
2019-01-07,401086895,304,
2019-01-07,401084656,2116,
2019-01-07,401084656,151,
2019-01-07,401086898,2502,
2019-01-07,401086898,2692,
2019-01-07,401083638,2539,
2019-01-07,401083638,2250,5.0
2019-01-07,401084763,248,17.0
2019-01-07,401084763,2724,
2019-01-07,401088916,2029,
2019-01-07,401088916,2011,
2019-01-07,401086171,3084,
2019-01-07,401086171,2547,
2019-01-07,401083739,2351,
2019-01-07,401083739,2608,
2019-01-07,401088424,219,
2019-01-07,401088424,163,
2019-01-07,401086168,2130,
2019-01-07,401086168,2856,
2019-01-07,401086522,399,
2019-01-07,401086522,311,
2019-01-07,401089605,23,
2019-01-07,401089605,68,
2019-01-07,401089961,47,
2019-01-07,401089961,2065,
2019-01-07,401090259,2379,
2019-01-07,401090259,2428,
2019-01-07,401090282,2415,
2019-01-07,401090282,2569,
2019-01-07,401090341,2169,
2019-01-07,401090341,2448,
2019-01-07,401086756,2453,
2019-01-07,401086756,2885,
2019-01-07,401083693,301,
2019-01-07,401083693,2492,
2019-01-07,401083974,256,
2019-01-07,401083974,119,
2019-01-07,401086897,253,
2019-01-07,401086897,2464,
2019-01-07,401087927,171,
2019-01-07,401087927,347,
2019-01-07,401088429,43,
2019-01-07,401088429,2566,
2019-01-14,401089369,2437,
2019-01-14,401089369,233,
2019-01-14,401090220,2635,
2019-01-14,401090220,2634,
2019-01-14,401087324,2429,
2019-01-14,401087324,2572,
2019-01-14,401087343,276,
2019-01-14,401087343,2226,
2019-01-14,401088042,2653,
2019-01-14,401088042,290,
2019-01-14,401088176,295,
2019-01-14,401088176,2348,
2019-01-14,401088478,325,
2019-01-14,401088478,94,
2019-01-14,401088823,2193,
2019-01-14,401088823,2678,
2019-01-14,401089953,2754,
2019-01-14,401089953,2750,
2019-01-14,401088211,2393,
2019-01-14,401088211,2636,
2019-01-14,401086005,2561,
2019-01-14,401086005,315,
2019-01-14,401088805,2535,
2019-01-14,401088805,2643,
2019-01-14,401088902,2717,
2019-01-14,401088902,2430,
2019-01-14,401090115,2198,
2019-01-14,401090115,2630,
2019-01-14,401090143,2413,
2019-01-14,401090143,2546,
2019-01-14,401087363,98,
2019-01-14,401087363,2229,
2019-01-14,401087862,326,
2019-01-14,401087862,2031,
2019-01-14,401087946,250,
2019-01-14,401087946,2032,
2019-01-14,401086021,2405,
2019-01-14,401086021,2217,
2019-01-14,401085961,2612,
2019-01-14,401085961,2363,
2019-01-14,401089277,2460,
2019-01-14,401089277,282,
2019-01-14,401083413,2641,8.0
2019-01-14,401083413,66,
2019-01-14,401089638,2000,
2019-01-14,401089638,2277,
2019-01-14,401083205,305,
2019-01-14,401083205,2086,
2019-01-14,401082347,356,
2019-01-14,401082347,135,
2019-01-14,401082655,228,
2019-01-14,401082655,59,
2019-01-14,401082960,142,
2019-01-14,401082960,333,
2019-01-14,401089023,2172,
2019-01-14,401089023,2449,
2019-01-14,401084767,2567,
2019-01-14,401084767,248,21.0
2019-01-14,401084768,2724,
2019-01-14,401084768,2116,
2019-01-14,401085766,2514,
2019-01-14,401085766,2099,
2019-01-14,401087273,300,
2019-01-14,401087273,299,
2019-01-14,401090009,23,
2019-01-14,401090009,328,
2019-01-14,401089567,2005,
2019-01-14,401089567,2439,
2019-01-14,401083870,2275,
2019-01-14,401083870,350,
2019-01-14,401083897,111,
2019-01-14,401083897,232,
2019-01-14,401083924,48,
2019-01-14,401083924,256,
2019-01-14,401083950,2182,
2019-01-14,401083950,119,
2019-01-14,401087969,6,
2019-01-14,401087969,2247,
2019-01-14,401088779,236,
2019-01-14,401088779,2382,
2019-01-14,401089368,2710,
2019-01-14,401089368,2437,
2019-01-14,401083740,2608,
2019-01-14,401083740,2541,
2019-01-14,401086172,2547,
2019-01-14,401086172,166,
2019-01-14,401086175,2934,
2019-01-14,401086175,140,
2019-01-14,401087045,9,
2019-01-14,401087045,204,
2019-01-14,401087065,265,
2019-01-14,401087065,25,
2019-01-14,401087240,2239,
2019-01-14,401087240,27,
2019-01-14,401087285,302,
2019-01-14,401087285,2540,
2019-01-14,401083615,2492,
2019-01-14,401083615,252,
2019-01-14,401082435,194,
2019-01-14,401082435,120,19.0
2019-01-14,401089402,198,
2019-01-14,401089402,233,
2019-01-14,401082539,164,
2019-01-14,401082539,77,
2019-01-14,401085687,139,
2019-01-14,401085687,2603,
2019-01-14,401085936,314,
2019-01-14,401085936,2368,
2019-01-14,401087404,2649,
2019-01-14,401087404,195,
2019-01-14,401089183,2084,16.0
2019-01-14,401089183,2199,
2019-01-14,401083360,222,22.0
2019-01-14,401083360,2752,
2019-01-14,401083149,61,
2019-01-14,401083149,57,
2019-01-14,401085334,2463,
2019-01-14,401085334,62,
2019-01-14,401083717,2501,
2019-01-14,401083717,301,
2019-01-14,401083639,2250,5.0
2019-01-14,401083639,2351,
2019-01-14,401089535,2565,
2019-01-14,401089535,2046,
2019-01-14,401089879,2739,
2019-01-14,401089879,85,
2019-01-14,401089913,270,
2019-01-14,401089913,82,
2019-01-14,401090100,2197,
2019-01-14,401090100,93,
2019-01-14,401090248,5,
2019-01-14,401090248,2638,
2019-01-14,401082485,158,
2019-01-14,401082485,127,6.0
2019-01-14,401086901,2464,
2019-01-14,401086901,16,
2019-01-14,401086902,253,
2019-01-14,401086902,2502,
2019-01-14,401090079,55,
2019-01-14,401090079,2057,
2019-01-14,401083668,279,
2019-01-14,401083668,2539,
2019-01-14,401086173,3084,
2019-01-14,401086173,292,
2019-01-14,401086174,2253,
2019-01-14,401086174,2130,
2019-01-14,401086900,2692,
2019-01-14,401086900,304,
2019-01-14,401087021,12,
2019-01-14,401087021,2483,
2019-01-14,401087141,264,
2019-01-14,401087141,24,
2019-01-14,401088296,2515,
2019-01-14,401088296,2241,
2019-01-14,401089630,2916,
2019-01-14,401089630,2110,
2019-01-14,401089276,71,
2019-01-14,401089276,2181,
2019-01-14,401087445,2711,
2019-01-14,401087445,2084,16.0
2019-01-14,401084765,2132,
2019-01-14,401084765,58,
2019-01-14,401085710,2230,
2019-01-14,401085710,139,
2019-01-14,401086246,189,
2019-01-14,401086246,2050,
2019-01-14,401087403,195,
2019-01-14,401087403,2309,
2019-01-14,401087425,2649,
2019-01-14,401087425,193,
2019-01-14,401089273,2287,
2019-01-14,401089273,79,
2019-01-14,401083075,344,24.0
2019-01-14,401083075,57,
2019-01-14,401083133,61,
2019-01-14,401083133,96,12.0
2019-01-14,401083465,2628,
2019-01-14,401083465,277,
2019-01-14,401082985,2633,3.0
2019-01-14,401082985,8,
2019-01-14,401090286,47,
2019-01-14,401090286,2415,
2019-01-14,401087383,2459,
2019-01-14,401087383,2117,
2019-01-14,401089274,2350,
2019-01-14,401089274,2674,
2019-01-14,401082730,154,
2019-01-14,401082730,152,17.0
2019-01-14,401082751,258,4.0
2019-01-14,401082751,259,9.0
2019-01-14,401083257,46,
2019-01-14,401083257,269,15.0
2019-01-14,401084006,2006,
2019-01-14,401084006,2199,
2019-01-14,401082590,2509,
2019-01-14,401082590,164,
2019-01-14,401089275,2623,
2019-01-14,401089275,339,
2019-01-14,401089962,2450,
2019-01-14,401089962,2065,
2019-01-14,401088128,2083,
2019-01-14,401088128,107,
2019-01-14,401082706,221,
2019-01-14,401082706,52,11.0
2019-01-14,401082680,150,1.0
2019-01-14,401082680,183,
2019-01-14,401089980,2154,
2019-01-14,401089980,2569,
2019-01-14,401090260,2379,
2019-01-14,401090260,2448,
2019-01-14,401090342,2169,
2019-01-14,401090342,2428,
2019-01-14,401088573,2296,
2019-01-14,401088573,2582,
2019-01-14,401083319,2507,
2019-01-14,401083319,2550,
2019-01-14,401088917,2400,
2019-01-14,401088917,2011,
2019-01-14,401088934,2755,
2019-01-14,401088934,2016,
2019-01-14,401088988,2029,
2019-01-14,401088988,2010,
2019-01-14,401082434,120,19.0
2019-01-14,401082434,275,
2019-01-14,401083387,197,
2019-01-14,401083387,239,
2019-01-14,401086899,147,
2019-01-14,401086899,2458,
2019-01-14,401083502,2305,7.0
2019-01-14,401083502,251,
2019-01-14,401085581,2603,
2019-01-14,401085581,2166,
2019-01-14,401083096,145,18.0
2019-01-14,401083096,99,
2019-01-14,401082831,153,13.0
2019-01-14,401082831,87,
2019-01-14,401083437,201,20.0
2019-01-14,401083437,2306,
2019-01-14,401088115,2352,
2019-01-14,401088115,104,
2019-01-14,401088292,2427,
2019-01-14,401088292,2097,
2019-01-14,401088293,2506,
2019-01-14,401088293,2261,
2019-01-14,401088294,2272,
2019-01-14,401088294,2908,
2019-01-14,401088295,2737,
2019-01-14,401088295,2344,
2019-01-14,401089087,322,
2019-01-14,401089087,2426,
2019-01-14,401082407,213,
2019-01-14,401082407,2294,23.0
2019-01-14,401083173,245,
2019-01-14,401083173,2,14.0
2019-01-14,401089606,68,
2019-01-14,401089606,2440,10.0
2019-01-14,401089121,2534,
2019-01-14,401089121,357,
2019-01-14,401089461,2377,
2019-01-14,401089461,2447,
2019-01-14,401085606,2670,
2019-01-14,401085606,2168,
2019-01-14,401086319,2325,
2019-01-14,401086319,45,
2019-01-14,401089066,155,
2019-01-14,401089066,2571,
2019-01-14,401089143,2443,
2019-01-14,401089143,2617,
2019-01-14,401089192,2545,
2019-01-14,401089192,2320,
2019-01-14,401088077,349,
2019-01-14,401088077,2142,
2019-01-14,401088055,2329,
2019-01-14,401088055,44,
2019-01-14,401086790,56,
2019-01-14,401086790,2454,
2019-01-14,401086738,2885,
2019-01-14,401086738,288,
2019-01-14,401089680,21,
2019-01-14,401089680,167,
2019-01-14,401085728,227,
2019-01-14,401085728,179,
2019-01-14,401083231,2599,
2019-01-14,401083231,156,
2019-01-14,401082627,97,
2019-01-14,401082627,103,
2019-01-14,401082932,238,
2019-01-14,401082932,2579,
2019-01-14,401084625,202,
2019-01-14,401084625,41,
2019-01-14,401084766,151,
2019-01-14,401084766,218,
2019-01-14,401085632,257,
2019-01-14,401085632,2184,
2019-01-14,401086306,113,
2019-01-14,401086306,2244,
2019-01-14,401086523,2349,
2019-01-14,401086523,399,
2019-01-14,401086550,2378,
2019-01-14,401086550,2066,
2019-01-14,401086572,311,
2019-01-14,401086572,42,
2019-01-14,401086647,160,
2019-01-14,401086647,261,
2019-01-14,401086692,294,
2019-01-14,401086692,2453,
2019-01-14,401086716,338,
2019-01-14,401086716,2335,
2019-01-14,401090322,249,
2019-01-14,401090322,242,
2019-01-14,401090376,2542,
2019-01-14,401090376,2450,
2019-01-14,401089995,167,
2019-01-14,401089995,2751,
2019-01-14,401085962,2520,
2019-01-14,401085962,2363,
2019-01-14,401088844,2747,
2019-01-14,401088844,231,
2019-01-14,401082864,2390,
2019-01-14,401082864,153,13.0
2019-01-14,401088451,112358,
2019-01-14,401088451,161,
2019-01-14,401084772,218,
2019-01-14,401084772,219,
2019-01-14,401086982,331,
2019-01-14,401086982,147,
2019-01-14,401088297,2127,
2019-01-14,401088297,2097,
2019-01-14,401089607,68,
2019-01-14,401089607,278,
2019-01-14,401088592,2504,
2019-01-14,401088592,2296,
2019-01-14,401089391,2000,
2019-01-14,401089391,2466,
2019-01-14,401086903,70,
2019-01-14,401086903,149,
2019-01-14,401087088,254,
2019-01-14,401087088,38,
2019-01-14,401089651,328,
2019-01-14,401089651,36,
2019-01-14,401085308,302,
2019-01-14,401085308,13,
2019-01-14,401089047,2710,
2019-01-14,401089047,2870,
2019-01-14,401088540,2640,
2019-01-14,401088540,2755,
2019-01-14,401086664,338,
2019-01-14,401086664,526,
2019-01-14,401088415,324,
2019-01-14,401088415,2026,
2019-01-14,401088498,2174,
2019-01-14,401088498,2473,
2019-01-14,401082378,2509,
2019-01-14,401082378,84,25.0
2019-01-14,401084626,41,
2019-01-14,401084626,2655,
2019-01-14,401082460,275,
2019-01-14,401082460,130,2.0
2019-01-14,401086613,311,
2019-01-14,401086613,2619,
2019-01-14,401087928,172,
2019-01-14,401087928,171,
2019-01-14,401089355,2681,
2019-01-14,401089355,116,
2019-01-14,401090261,50,
2019-01-14,401090261,2379,
2019-01-14,401087991,2433,
2019-01-14,401087991,309,
2019-01-14,401087525,2597,
2019-01-14,401087525,2529,
2019-01-14,401087504,2803,
2019-01-14,401087504,2523,
2019-01-14,401087155,30,
2019-01-14,401087155,26,
2019-01-14,401087482,2115,
2019-01-14,401087482,2598,
2019-01-14,401087884,225,
2019-01-14,401087884,43,
2019-01-14,401084771,235,
2019-01-14,401084771,2567,
2019-01-14,401085892,2729,
2019-01-14,401085892,2210,
2019-01-21,401087111,2483,
2019-01-21,401087111,265,
2019-01-21,401087912,2247,
2019-01-21,401087912,326,
2019-01-21,401086046,2217,
2019-01-21,401086046,2561,
2019-01-21,401086180,140,
2019-01-21,401086180,3084,
2019-01-21,401086694,2454,
2019-01-21,401086694,294,
2019-01-21,401086758,56,
2019-01-21,401086758,2885,
2019-01-21,401086778,2453,
2019-01-21,401086778,338,
2019-01-21,401087484,2803,
2019-01-21,401087484,2115,
2019-01-21,401087505,2523,
2019-01-21,401087505,2529,
2019-01-21,401087797,161,
2019-01-21,401087797,2597,
2019-01-21,401087947,290,
2019-01-21,401087947,250,
2019-01-21,401089362,2598,
2019-01-21,401089362,2681,
2019-01-21,401088305,2097,
2019-01-21,401088305,2506,
2019-01-21,401088306,2515,
2019-01-21,401088306,2127,
2019-01-21,401088307,2737,
2019-01-21,401088307,2241,
2019-01-21,401088308,2261,
2019-01-21,401088308,2908,
2019-01-21,401088309,2344,
2019-01-21,401088309,2272,
2019-01-21,401088460,116,
2019-01-21,401088460,112358,
2019-01-21,401088781,231,
2019-01-21,401088781,236,
2019-01-21,401088807,2747,
2019-01-21,401088807,2535,
2019-01-21,401085916,2099,
2019-01-21,401085916,2405,
2019-01-21,401084778,218,
2019-01-21,401084778,235,
2019-01-21,401084777,2132,
2019-01-21,401084777,202,
2019-01-21,401084063,119,
2019-01-21,401084063,111,
2019-01-21,401089429,2110,
2019-01-21,401089429,2443,
2019-01-21,401089516,2320,
2019-01-21,401089516,2916,
2019-01-21,401084775,248,17.0
2019-01-21,401084775,151,
2019-01-21,401083259,269,12.0
2019-01-21,401083259,305,
2019-01-21,401082349,356,
2019-01-21,401082349,275,
2019-01-21,401083011,8,
2019-01-21,401083011,142,
2019-01-21,401083535,197,
2019-01-21,401083535,201,
2019-01-21,401089287,2623,
2019-01-21,401089287,2350,
2019-01-21,401089996,2751,
2019-01-21,401089996,23,
2019-01-21,401085309,13,
2019-01-21,401085309,27,
2019-01-21,401085336,2463,
2019-01-21,401085336,299,
2019-01-21,401089652,2440,7.0
2019-01-21,401089652,36,
2019-01-21,401087257,62,
2019-01-21,401087257,300,
2019-01-21,401089901,85,
2019-01-21,401089901,2473,
2019-01-21,401083872,256,
2019-01-21,401083872,2275,
2019-01-21,401083898,232,
2019-01-21,401083898,2210,
2019-01-21,401084035,350,
2019-01-21,401084035,2729,
2019-01-21,401088863,2430,
2019-01-21,401088863,2643,
2019-01-21,401089881,94,
2019-01-21,401089881,2739,
2019-01-21,401089283,2181,
2019-01-21,401089283,339,
2019-01-21,401090081,93,
2019-01-21,401090081,2057,
2019-01-21,401086911,147,
2019-01-21,401086911,2692,
2019-01-21,401086912,2458,
2019-01-21,401086912,253,
2019-01-21,401087023,30,
2019-01-21,401087023,12,
2019-01-21,401087110,2483,
2019-01-21,401087110,264,
2019-01-21,401087143,24,
2019-01-21,401087143,254,
2019-01-21,401088177,2348,
2019-01-21,401088177,276,
2019-01-21,401088384,2638,
2019-01-21,401088384,295,
2019-01-21,401089537,2046,
2019-01-21,401089537,2634,
2019-01-21,401086910,149,
2019-01-21,401086910,304,
2019-01-21,401089924,2750,
2019-01-21,401089924,270,
2019-01-21,401083718,2539,
2019-01-21,401083718,2501,
2019-01-21,401083780,301,
2019-01-21,401083780,2351,
2019-01-21,401086182,2856,
2019-01-21,401086182,2934,
2019-01-21,401087242,2239,
2019-01-21,401087242,2540,
2019-01-21,401086908,2502,
2019-01-21,401086908,331,
2019-01-21,401086909,16,
2019-01-21,401086909,70,
2019-01-21,401083617,252,
2019-01-21,401083617,2608,
2019-01-21,401087047,26,
2019-01-21,401087047,9,
2019-01-21,401090101,2630,
2019-01-21,401090101,2197,
2019-01-21,401090206,2546,
2019-01-21,401090206,2565,
2019-01-21,401082850,97,23.0
2019-01-21,401082850,152,21.0
2019-01-21,401090250,249,
2019-01-21,401090250,5,
2019-01-21,401082408,2294,19.0
2019-01-21,401082408,127,6.0
2019-01-21,401086666,288,
2019-01-21,401086666,526,
2019-01-21,401087864,2031,
2019-01-21,401087864,324,
2019-01-21,401088825,2382,
2019-01-21,401088825,2678,
2019-01-21,401089048,2870,
2019-01-21,401089048,2437,
2019-01-21,401090117,2198,
2019-01-21,401090117,55,
2019-01-21,401090145,2413,
2019-01-21,401090145,2635,
2019-01-21,401082795,183,
2019-01-21,401082795,2390,
2019-01-21,401086181,2130,
2019-01-21,401086181,2547,
2019-01-21,401087327,2636,
2019-01-21,401087327,2429,
2019-01-21,401087971,309,
2019-01-21,401087971,6,
2019-01-21,401087992,2433,
2019-01-21,401087992,2653,
2019-01-21,401088160,2032,
2019-01-21,401088160,2026,
2019-01-21,401088373,242,
2019-01-21,401088373,2393,
2019-01-21,401088499,82,
2019-01-21,401088499,2174,
2019-01-21,401088562,2572,
2019-01-21,401088562,98,
2019-01-21,401089154,2571,
2019-01-21,401089154,2449,
2019-01-21,401089286,79,
2019-01-21,401089286,2460,
2019-01-21,401089194,2277,
2019-01-21,401089194,2545,
2019-01-21,401087128,204,
2019-01-21,401087128,265,
2019-01-21,401088575,2582,
2019-01-21,401088575,2400,
2019-01-21,401089982,2448,
2019-01-21,401089982,2154,
2019-01-21,401090328,2569,
2019-01-21,401090328,2450,
2019-01-21,401082523,164,
2019-01-21,401082523,158,
2019-01-21,401083232,46,
2019-01-21,401083232,156,
2019-01-21,401088936,2016,
2019-01-21,401088936,2029,
2019-01-21,401083389,277,
2019-01-21,401083389,239,
2019-01-21,401083415,2305,9.0
2019-01-21,401083415,66,24.0
2019-01-21,401083439,2306,
2019-01-21,401083439,2641,14.0
2019-01-21,401083033,2579,
2019-01-21,401083033,2,16.0
2019-01-21,401082656,52,
2019-01-21,401082656,228,
2019-01-21,401082833,59,
2019-01-21,401082833,87,
2019-01-21,401084008,2006,
2019-01-21,401084008,2117,
2019-01-21,401086248,2050,
2019-01-21,401086248,193,
2019-01-21,401087405,195,
2019-01-21,401087405,2711,
2019-01-21,401087426,2309,
2019-01-21,401087426,2649,
2019-01-21,401088405,2199,
2019-01-21,401088405,189,
2019-01-21,401082752,153,11.0
2019-01-21,401082752,259,10.0
2019-01-21,401088593,2504,
2019-01-21,401088593,2755,
2019-01-21,401088541,2640,
2019-01-21,401088541,2296,
2019-01-21,401088304,2737,
2019-01-21,401088304,2427,
2019-01-21,401089964,2065,
2019-01-21,401089964,2379,
2019-01-21,401090284,2428,
2019-01-21,401090284,2415,
2019-01-21,401090343,50,
2019-01-21,401090343,2169,
2019-01-21,401082436,127,6.0
2019-01-21,401082436,120,13.0
2019-01-21,401085963,2363,
2019-01-21,401085963,2368,
2019-01-21,401086718,2335,
2019-01-21,401086718,2453,
2019-01-21,401083207,2086,
2019-01-21,401083207,222,18.0
2019-01-21,401083076,96,8.0
2019-01-21,401083076,344,22.0
2019-01-21,401089123,357,
2019-01-21,401089123,2447,
2019-01-21,401089096,2426,
2019-01-21,401089096,2329,
2019-01-21,401086525,399,
2019-01-21,401086525,2619,
2019-01-21,401086552,2066,
2019-01-21,401086552,2349,
2019-01-21,401086594,42,
2019-01-21,401086594,160,
2019-01-21,401087307,261,
2019-01-21,401087307,2378,
2019-01-21,401087345,2226,
2019-01-21,401087345,2229,
2019-01-21,401088079,349,
2019-01-21,401088079,107,
2019-01-21,401088130,2083,
2019-01-21,401088130,2352,
2019-01-21,401088368,2142,
2019-01-21,401088368,322,
2019-01-21,401089284,71,
2019-01-21,401089284,2287,
2019-01-21,401082461,130,5.0
2019-01-21,401082461,135,
2019-01-21,401089285,282,
2019-01-21,401089285,2674,
2019-01-21,401083115,99,25.0
2019-01-21,401083115,61,
2019-01-21,401082934,238,
2019-01-21,401082934,2633,1.0
2019-01-21,401089145,2617,
2019-01-21,401089145,2000,
2019-01-21,401089375,2466,
2019-01-21,401089375,2534,
2019-01-21,401084776,2655,
2019-01-21,401084776,2116,
2019-01-21,401085634,2184,
2019-01-21,401085634,139,
2019-01-21,401089068,155,
2019-01-21,401089068,233,
2019-01-21,401086291,2230,
2019-01-21,401086291,2325,
2019-01-21,401085744,227,
2019-01-21,401085744,2670,
2019-01-21,401085729,113,
2019-01-21,401085729,179,
2019-01-21,401085665,2603,
2019-01-21,401085665,257,
2019-01-21,401084774,58,
2019-01-21,401084774,2724,
2019-01-21,401086006,315,
2019-01-21,401086006,2612,
2019-01-21,401087385,2459,
2019-01-21,401087385,2084,14.0
2019-01-21,401083161,57,
2019-01-21,401083161,245,
2019-01-21,401082379,77,
2019-01-21,401082379,84,
2019-01-21,401089569,2005,
2019-01-21,401089569,68,
2019-01-21,401082962,333,
2019-01-21,401082962,145,20.0
2019-01-21,401082732,258,3.0
2019-01-21,401082732,154,
2019-01-21,401082682,221,
2019-01-21,401082682,150,2.0
2019-01-21,401090004,2439,
2019-01-21,401090004,167,
2019-01-21,401089667,278,
2019-01-21,401089667,21,
2019-01-21,401114373,104,
2019-01-21,401114373,44,
2019-01-21,401083320,2752,
2019-01-21,401083320,2507,
2019-01-21,401082559,194,
2019-01-21,401082559,2509,
2019-01-21,401083504,2628,
2019-01-21,401083504,251,
2019-01-21,401085583,2166,
2019-01-21,401085583,45,
2019-01-21,401085608,2168,
2019-01-21,401085608,2244,
2019-01-21,401087067,25,
2019-01-21,401087067,38,
2019-01-21,401083641,2541,
2019-01-21,401083641,2250,4.0
2019-01-21,401087929,171,
2019-01-21,401087929,172,
2019-01-21,401088480,325,
2019-01-21,401088480,2754,
2019-01-21,401088576,2010,
2019-01-21,401088576,2582,
2019-01-21,401088874,2717,
2019-01-21,401088874,2193,
2019-01-21,401089025,2870,
2019-01-21,401089025,2172,
2019-01-21,401083695,2492,
2019-01-21,401083695,2608,
2019-01-21,401086185,292,
2019-01-21,401086185,166,
2019-01-21,401086916,2464,
2019-01-21,401086916,2458,
2019-01-21,401085688,2603,
2019-01-21,401085688,219,
2019-01-21,401084627,41,
2019-01-21,401084627,2724,
2019-01-21,401084780,2567,
2019-01-21,401084780,2655,
2019-01-21,401088919,2011,
2019-01-21,401088919,2016,
2019-01-21,401090329,2542,
2019-01-21,401090329,2569,
2019-01-21,401083282,2599,
2019-01-21,401083282,46,
2019-01-21,401085939,2217,
2019-01-21,401085939,314,
2019-01-21,401085769,2514,
2019-01-21,401085769,2612,
2019-01-21,401085985,2520,
2019-01-21,401085985,2368,
2019-01-21,401089155,198,
2019-01-21,401089155,2449,
2019-01-21,401083333,222,18.0
2019-01-21,401083333,2550,
2019-01-21,401087258,62,
2019-01-21,401087258,302,
2019-01-21,401086186,2856,
2019-01-21,401086186,2253,
2019-01-21,401083926,48,
2019-01-21,401083926,2182,
2019-01-21,401088095,108,
2019-01-21,401088095,159,
2019-01-21,401087885,43,
2019-01-21,401087885,225,
2019-01-21,401086553,2066,
2019-01-21,401086553,311,
2019-01-21,401090010,167,
2019-01-21,401090010,328,
2019-01-21,401090344,47,
2019-01-21,401090344,2169,
2019-01-21,401082575,213,
2019-01-21,401082575,164,
2019-01-21,401089411,233,
2019-01-21,401089411,2710,
2019-01-21,401082629,154,
2019-01-21,401082629,103,
2019-01-21,401083670,279,
2019-01-21,401083670,2501,
2019-01-21,401089475,2377,
2019-01-21,401089475,2277,
2019-01-21,401089890,163,
2019-01-21,401089890,2846,
2019-01-28,401089916,82,
2019-01-28,401089916,94,
2019-01-28,401088438,2681,
2019-01-28,401088438,2803,
2019-01-28,401087365,2229,
2019-01-28,401087365,2572,
2019-01-28,401087486,2115,
2019-01-28,401087486,2597,
2019-01-28,401087507,2523,
2019-01-28,401087507,2598,
2019-01-28,401087528,116,
2019-01-28,401087528,2529,
2019-01-28,401087993,324,
2019-01-28,401087993,2433,
2019-01-28,401088013,2026,
2019-01-28,401088013,309,
2019-01-28,401088386,295,
2019-01-28,401088386,249,
2019-01-28,401088481,2174,
2019-01-28,401088481,325,
2019-01-28,401087329,2429,
2019-01-28,401087329,242,
2019-01-28,401088827,2430,
2019-01-28,401088827,2678,
2019-01-28,401088845,2382,
2019-01-28,401088845,2747,
2019-01-28,401088864,2643,
2019-01-28,401088864,231,
2019-01-28,401089539,2635,
2019-01-28,401089539,2046,
2019-01-28,401089947,2473,
2019-01-28,401089947,2754,
2019-01-28,401082576,213,
2019-01-28,401082576,2509,17.0
2019-01-28,401084786,248,13.0
2019-01-28,401084786,218,
2019-01-28,401087347,2226,
2019-01-28,401087347,2348,
2019-01-28,401086035,2520,
2019-01-28,401086035,2612,
2019-01-28,401084785,2724,
2019-01-28,401084785,2567,
2019-01-28,401087165,264,
2019-01-28,401087165,30,
2019-01-28,401089297,79,
2019-01-28,401089297,282,
2019-01-28,401089668,2751,
2019-01-28,401089668,278,
2019-01-28,401090011,328,
2019-01-28,401090011,23,
2019-01-28,401083116,245,
2019-01-28,401083116,99,19.0
2019-01-28,401085337,2239,
2019-01-28,401085337,2463,
2019-01-28,401087156,265,
2019-01-28,401087156,26,
2019-01-28,401089571,21,
2019-01-28,401089571,2005,
2019-01-28,401088453,161,
2019-01-28,401088453,112358,
2019-01-28,401086022,2405,
2019-01-28,401086022,2561,
2019-01-28,401083900,232,
2019-01-28,401083900,256,
2019-01-28,401083927,2210,
2019-01-28,401083927,48,
2019-01-28,401083952,2729,
2019-01-28,401083952,2182,
2019-01-28,401084037,350,
2019-01-28,401084037,119,
2019-01-28,401084655,151,
2019-01-28,401084655,2655,
2019-01-28,401085940,2368,
2019-01-28,401085940,314,
2019-01-28,401085965,2363,
2019-01-28,401085965,2217,
2019-01-28,401088190,276,
2019-01-28,401088190,2638,
2019-01-28,401088809,2535,
2019-01-28,401088809,2193,
2019-01-28,401083283,46,
2019-01-28,401083283,2752,
2019-01-28,401087930,171,
2019-01-28,401087930,163,
2019-01-28,401083618,252,
2019-01-28,401083618,2250,4.0
2019-01-28,401087259,62,
2019-01-28,401087259,299,
2019-01-28,401088026,172,
2019-01-28,401088026,219,
2019-01-28,401116678,2710,
2019-01-28,401116678,155,
2019-01-28,401085585,179,
2019-01-28,401085585,2166,
2019-01-28,401085770,2099,
2019-01-28,401085770,2514,
2019-01-28,401087886,159,
2019-01-28,401087886,225,
2019-01-28,401088201,108,
2019-01-28,401088201,43,
2019-01-28,401086189,292,
2019-01-28,401086189,2130,
2019-01-28,401089902,85,
2019-01-28,401089902,94,
2019-01-28,401082410,2294,
2019-01-28,401082410,130,5.0
2019-01-28,401089883,2739,
2019-01-28,401089883,270,
2019-01-28,401088407,189,
2019-01-28,401088407,2084,18.0
2019-01-28,401089915,82,
2019-01-28,401089915,2750,
2019-01-28,401082438,275,24.0
2019-01-28,401082438,120,21.0
2019-01-28,401082560,194,
2019-01-28,401082560,164,
2019-01-28,401087811,2540,
2019-01-28,401087811,300,
2019-01-28,401083671,2351,
2019-01-28,401083671,279,
2019-01-28,401085311,27,
2019-01-28,401085311,13,
2019-01-28,401083696,2501,
2019-01-28,401083696,2492,
2019-01-28,401088563,98,
2019-01-28,401088563,2636,
2019-01-28,401088783,236,
2019-01-28,401088783,2717,
2019-01-28,401089403,198,
2019-01-28,401089403,2571,
2019-01-28,401090082,2057,
2019-01-28,401090082,2546,
2019-01-28,401090146,2565,
2019-01-28,401090146,2413,
2019-01-28,401090133,55,
2019-01-28,401090133,93,
2019-01-28,401090103,2197,
2019-01-28,401090103,2198,
2019-01-28,401090240,2634,
2019-01-28,401090240,2630,
2019-01-28,401084628,2116,
2019-01-28,401084628,41,
2019-01-28,401086190,166,
2019-01-28,401086190,140,
2019-01-28,401087025,9,
2019-01-28,401087025,12,
2019-01-28,401087090,38,
2019-01-28,401087090,204,
2019-01-28,401087112,254,
2019-01-28,401087112,2483,
2019-01-28,401086919,304,
2019-01-28,401086919,16,
2019-01-28,401086920,2692,
2019-01-28,401086920,2502,
2019-01-28,401086188,3084,
2019-01-28,401086188,2856,
2019-01-28,401082351,135,
2019-01-28,401082351,356,
2019-01-28,401087069,25,
2019-01-28,401087069,24,
2019-01-28,401089609,36,
2019-01-28,401089609,68,
2019-01-28,401082865,59,
2019-01-28,401082865,153,9.0
2019-01-28,401082772,152,23.0
2019-01-28,401082772,258,3.0
2019-01-28,401085610,2168,
2019-01-28,401085610,2603,
2019-01-28,401089293,2674,
2019-01-28,401089293,2623,
2019-01-28,401082525,158,
2019-01-28,401082525,275,24.0
2019-01-28,401082964,333,
2019-01-28,401082964,344,22.0
2019-01-28,401082658,228,
2019-01-28,401082658,221,
2019-01-28,401082936,238,
2019-01-28,401082936,96,7.0
2019-01-28,401086250,2084,18.0
2019-01-28,401086250,2050,
2019-01-28,401089698,2439,
2019-01-28,401089698,2440,8.0
2019-01-28,401083098,57,
2019-01-28,401083098,145,
2019-01-28,401083209,2086,
2019-01-28,401083209,269,10.0
2019-01-28,401082381,164,
2019-01-28,401082381,84,
2019-01-28,401083321,2550,
2019-01-28,401083321,2507,
2019-01-28,401085636,2184,
2019-01-28,401085636,227,
2019-01-28,401083505,251,
2019-01-28,401083505,2305,11.0
2019-01-28,401082437,120,21.0
2019-01-28,401082437,77,
2019-01-28,401089088,322,
2019-01-28,401089088,2329,
2019-01-28,401088595,2029,
2019-01-28,401088595,2504,
2019-01-28,401090268,47,
2019-01-28,401090268,2379,
2019-01-28,401082684,87,
2019-01-28,401082684,150,2.0
2019-01-28,401089966,2154,
2019-01-28,401089966,2065,
2019-01-28,401090285,2415,
2019-01-28,401090285,50,
2019-01-28,401090386,2542,
2019-01-28,401090386,2428,
2019-01-28,401088543,2400,
2019-01-28,401088543,2640,
2019-01-28,401088577,2011,
2019-01-28,401088577,2582,
2019-01-28,401088937,2010,
2019-01-28,401088937,2016,
2019-01-28,401088517,2117,
2019-01-28,401088517,2199,
2019-01-28,401083390,201,
2019-01-28,401083390,239,
2019-01-28,401083486,2641,16.0
2019-01-28,401083486,2628,
2019-01-28,401087386,2459,
2019-01-28,401087386,195,
2019-01-28,401082987,2579,
2019-01-28,401082987,2633,1.0
2019-01-28,401083013,8,
2019-01-28,401083013,61,
2019-01-28,401086719,2335,
2019-01-28,401086719,288,
2019-01-28,401087428,193,
2019-01-28,401087428,2649,
2019-01-28,401085667,139,
2019-01-28,401085667,257,
2019-01-28,401085917,315,
2019-01-28,401085917,2099,
2019-01-28,401086292,45,
2019-01-28,401086292,2230,
2019-01-28,401089196,2545,
2019-01-28,401089196,2534,
2019-01-28,401082754,2390,
2019-01-28,401082754,259,12.0
2019-01-28,401088316,2127,
2019-01-28,401088316,2506,
2019-01-28,401088375,2393,
2019-01-28,401088375,5,
2019-01-28,401089146,2617,
2019-01-28,401089146,2110,
2019-01-28,401082630,103,
2019-01-28,401082630,183,
2019-01-28,401084784,202,
2019-01-28,401084784,235,
2019-01-28,401089124,2000,
2019-01-28,401089124,357,
2019-01-28,401089294,2181,
2019-01-28,401089294,2287,
2019-01-28,401086328,2325,
2019-01-28,401086328,113,
2019-01-28,401089392,2443,
2019-01-28,401089392,2466,
2019-01-28,401089463,2447,
2019-01-28,401089463,2320,
2019-01-28,401089631,2916,
2019-01-28,401089631,2277,
2019-01-28,401082733,154,
2019-01-28,401082733,97,15.0
2019-01-28,401083304,305,
2019-01-28,401083304,222,14.0
2019-01-28,401083055,2,
2019-01-28,401083055,142,
2019-01-28,401083233,156,
2019-01-28,401083233,2599,
2019-01-28,401083416,66,20.0
2019-01-28,401083416,277,
2019-01-28,401089296,339,
2019-01-28,401089296,71,
2019-01-28,401089295,2350,
2019-01-28,401089295,2460,
2019-01-28,401089049,2870,
2019-01-28,401089049,233,
2019-01-28,401086527,160,
2019-01-28,401086527,399,
2019-01-28,401086554,42,
2019-01-28,401086554,2066,
2019-01-28,401086614,2349,
2019-01-28,401086614,311,
2019-01-28,401086668,2885,
2019-01-28,401086668,526,
2019-01-28,401086696,294,
2019-01-28,401086696,56,
2019-01-28,401086791,338,
2019-01-28,401086791,2454,
2019-01-28,401087297,2378,
2019-01-28,401087297,2619,
2019-01-28,401088059,2352,
2019-01-28,401088059,44,
2019-01-28,401088081,2142,
2019-01-28,401088081,349,
2019-01-28,401088118,104,
2019-01-28,401088118,107,
2019-01-28,401088131,2083,
2019-01-28,401088131,2426,
2019-01-28,401088315,2515,
2019-01-28,401088315,2097,
2019-01-28,401088317,2241,
2019-01-28,401088317,2272,
2019-01-28,401088318,2344,
2019-01-28,401088318,2261,
2019-01-28,401088319,2427,
2019-01-28,401088319,2908,
2019-01-28,401084787,58,
2019-01-28,401084787,235,
2019-01-28,401084790,2132,
2019-01-28,401084790,2567,
2019-01-28,401086251,2050,
2019-01-28,401086251,2309,
2019-01-28,401087973,6,
2019-01-28,401087973,2653,
2019-01-28,401088989,2755,
2019-01-28,401088989,2029,
2019-01-28,401082382,127,6.0
2019-01-28,401082382,84,
2019-01-28,401085745,2670,
2019-01-28,401085745,2244,
2019-01-28,401087866,2031,
2019-01-28,401087866,2032,
2019-01-28,401089557,2296,
2019-01-28,401089557,2400,
2019-01-28,401086194,2934,
2019-01-28,401086194,2253,
2019-01-28,401086922,70,
2019-01-28,401086922,2464,
2019-01-28,401089669,278,
2019-01-28,401089669,167,
2019-01-28,401089156,2710,
2019-01-28,401089156,2449,
2019-01-28,401089069,2437,
2019-01-28,401089069,155,
2019-01-28,401089026,2172,
2019-01-28,401089026,2571,
2019-01-28,401086191,2547,
2019-01-28,401086191,2856,
2019-01-28,401083642,2250,4.0
2019-01-28,401083642,301,
2019-01-28,401083719,2541,
2019-01-28,401083719,2501,
2019-01-28,401086924,147,
2019-01-28,401086924,149,
2019-01-28,401087286,27,
2019-01-28,401087286,302,
2019-01-28,401083441,197,
2019-01-28,401083441,2306,
2019-01-28,401086636,2349,
2019-01-28,401086636,261,
2019-01-28,401088324,2737,
2019-01-28,401088324,2515,
2019-01-28,401084010,195,
2019-01-28,401084010,2006,
2019-01-28,401082708,52,25.0
2019-01-28,401082708,59,
2019-01-28,401088043,2247,
2019-01-28,401088043,290,
2019-01-28,401083742,2608,
2019-01-28,401083742,2539,
2019-01-28,401083874,111,
2019-01-28,401083874,2275,
2019-01-28,401087449,2117,
2019-01-28,401087449,2711,
2019-01-28,401086741,288,
2019-01-28,401086741,2453,
2019-01-28,401087914,326,
2019-01-28,401087914,250,
2019-01-28,401086921,331,
2019-01-28,401086921,253,
2019-01-28,401090377,47,
2019-01-28,401090377,2450,
2019-01-28,401090352,50,
2019-01-28,401090352,2448,
2019-01-28,401089476,2377,
2019-01-28,401089476,2320,
2019-01-28,401090263,2379,
2019-01-28,401090263,2569,
2019-01-28,401090345,2169,
2019-01-28,401090345,2542,
2019-02-04,401087113,2483,
2019-02-04,401087113,24,
2019-02-04,401088328,2261,
2019-02-04,401088328,2515,
2019-02-04,401088462,112358,
2019-02-04,401088462,116,
2019-02-04,401088483,325,
2019-02-04,401088483,2739,
2019-02-04,401088502,94,
2019-02-04,401088502,2174,
2019-02-04,401088785,2678,
2019-02-04,401088785,236,
2019-02-04,401088811,2430,
2019-02-04,401088811,2535,
2019-02-04,401088847,2193,
2019-02-04,401088847,2747,
2019-02-04,401089051,2870,
2019-02-04,401089051,2710,
2019-02-04,401089926,2754,
2019-02-04,401089926,270,
2019-02-04,401089948,2750,
2019-02-04,401089948,2473,
2019-02-04,401084792,235,
2019-02-04,401084792,2132,25.0
2019-02-04,401084793,2116,
2019-02-04,401084793,248,12.0
2019-02-04,401087331,2393,
2019-02-04,401087331,2429,
2019-02-04,401088326,2127,
2019-02-04,401088326,2737,
2019-02-04,401088886,2717,
2019-02-04,401088886,231,
2019-02-04,401090084,2198,
2019-02-04,401090084,2057,
2019-02-04,401090147,2413,
2019-02-04,401090147,2634,
2019-02-04,401087049,9,
2019-02-04,401087049,265,
2019-02-04,401088329,2506,
2019-02-04,401088329,2427,
2019-02-04,401088327,2344,
2019-02-04,401088327,2241,
2019-02-04,401083079,344,
2019-02-04,401083079,99,21.0
2019-02-04,401088325,2272,
2019-02-04,401088325,2097,
2019-02-04,401087070,2483,
2019-02-04,401087070,25,
2019-02-04,401085338,2540,
2019-02-04,401085338,2463,
2019-02-04,401087243,300,
2019-02-04,401087243,2239,
2019-02-04,401089654,36,
2019-02-04,401089654,2440,6.0
2019-02-04,401087167,30,
2019-02-04,401087167,254,
2019-02-04,401089611,68,
2019-02-04,401089611,2439,
2019-02-04,401087488,2598,
2019-02-04,401087488,2115,
2019-02-04,401087530,2529,
2019-02-04,401087530,161,
2019-02-04,401082561,194,
2019-02-04,401082561,213,
2019-02-04,401083875,2275,
2019-02-04,401083875,2210,
2019-02-04,401083902,48,
2019-02-04,401083902,232,
2019-02-04,401083954,2182,
2019-02-04,401083954,350,
2019-02-04,401084064,111,
2019-02-04,401084064,2729,
2019-02-04,401086024,2612,
2019-02-04,401086024,2405,
2019-02-04,401087509,2523,
2019-02-04,401087509,2803,
2019-02-04,401087799,2597,
2019-02-04,401087799,2681,
2019-02-04,401087867,2653,
2019-02-04,401087867,2031,
2019-02-04,401087367,2636,
2019-02-04,401087367,2229,
2019-02-04,401087915,326,
2019-02-04,401087915,2026,
2019-02-04,401087949,250,
2019-02-04,401087949,324,
2019-02-04,401087974,6,
2019-02-04,401087974,2032,
2019-02-04,401083697,2492,
2019-02-04,401083697,2541,
2019-02-04,401083781,2351,
2019-02-04,401083781,301,
2019-02-04,401085313,13,
2019-02-04,401085313,302,
2019-02-04,401086196,2856,
2019-02-04,401086196,2130,
2019-02-04,401086197,2934,
2019-02-04,401086197,166,
2019-02-04,401087131,204,
2019-02-04,401087131,24,
2019-02-04,401087261,299,
2019-02-04,401087261,62,
2019-02-04,401083620,2501,
2019-02-04,401083620,252,
2019-02-04,401083673,2608,
2019-02-04,401083673,279,
2019-02-04,401085691,2603,
2019-02-04,401085691,139,
2019-02-04,401085772,314,
2019-02-04,401085772,2514,
2019-02-04,401085919,2520,
2019-02-04,401085919,2099,
2019-02-04,401085968,2363,
2019-02-04,401085968,2561,
2019-02-04,401085987,2368,
2019-02-04,401085987,315,
2019-02-04,401087888,225,
2019-02-04,401087888,219,
2019-02-04,401087932,108,
2019-02-04,401087932,171,
2019-02-04,401088028,159,
2019-02-04,401088028,172,
2019-02-04,401086932,2458,
2019-02-04,401086932,2502,
2019-02-04,401083643,2250,4.0
2019-02-04,401083643,2539,
2019-02-04,401082383,84,
2019-02-04,401082383,2294,20.0
2019-02-04,401089541,2046,
2019-02-04,401089541,2565,
2019-02-04,401088192,249,
2019-02-04,401088192,276,
2019-02-04,401088388,5,
2019-02-04,401088388,295,
2019-02-04,401089027,198,
2019-02-04,401089027,2172,
2019-02-04,401089371,233,
2019-02-04,401089371,2437,
2019-02-04,401090105,93,
2019-02-04,401090105,2197,
2019-02-04,401086931,2464,
2019-02-04,401086931,304,
2019-02-04,401086933,253,
2019-02-04,401086933,2692,
2019-02-04,401090134,2630,
2019-02-04,401090134,55,
2019-02-04,401088565,242,
2019-02-04,401088565,98,
2019-02-04,401090221,2546,
2019-02-04,401090221,2635,
2019-02-04,401084794,2567,
2019-02-04,401084794,58,
2019-02-04,401086195,2253,
2019-02-04,401086195,292,
2019-02-04,401086929,147,
2019-02-04,401086929,331,
2019-02-04,401086930,149,
2019-02-04,401086930,70,
2019-02-04,401087026,12,
2019-02-04,401087026,264,
2019-02-04,401087349,2638,
2019-02-04,401087349,2226,
2019-02-04,401082507,135,
2019-02-04,401082507,275,19.0
2019-02-04,401089593,2005,
2019-02-04,401089593,2751,
2019-02-04,401082411,2294,20.0
2019-02-04,401082411,77,
2019-02-04,401085690,2325,
2019-02-04,401085690,2603,
2019-02-04,401086721,2335,
2019-02-04,401086721,56,
2019-02-04,401087450,2711,
2019-02-04,401087450,189,
2019-02-04,401089303,2350,
2019-02-04,401089303,2181,
2019-02-04,401089486,2309,
2019-02-04,401089486,193,
2019-02-04,401082353,356,
2019-02-04,401082353,127,9.0
2019-02-04,401083036,96,5.0
2019-02-04,401083036,2579,
2019-02-04,401082632,150,2.0
2019-02-04,401082632,103,
2019-02-04,401086252,2459,
2019-02-04,401086252,2050,
2019-02-04,401089304,2287,
2019-02-04,401089304,2674,
2019-02-04,401082709,183,
2019-02-04,401082709,52,22.0
2019-02-04,401083261,269,10.0
2019-02-04,401083261,2599,
2019-02-04,401082851,153,8.0
2019-02-04,401082851,152,
2019-02-04,401082463,164,
2019-02-04,401082463,130,7.0
2019-02-04,401082938,8,
2019-02-04,401082938,238,
2019-02-04,401083558,2,
2019-02-04,401083558,57,
2019-02-04,401085612,139,
2019-02-04,401085612,2168,
2019-02-04,401083442,2306,
2019-02-04,401083442,2305,13.0
2019-02-04,401084011,2649,
2019-02-04,401084011,2006,
2019-02-04,401087092,26,
2019-02-04,401087092,38,
2019-02-04,401082734,154,
2019-02-04,401082734,221,
2019-02-04,401086047,2561,
2019-02-04,401086047,2217,
2019-02-04,401088370,2329,
2019-02-04,401088370,2142,
2019-02-04,401090387,50,
2019-02-04,401090387,2428,
2019-02-04,401082756,259,11.0
2019-02-04,401082756,97,16.0
2019-02-04,401089968,2065,
2019-02-04,401089968,2448,
2019-02-04,401090264,2379,
2019-02-04,401090264,2542,
2019-02-04,401090330,2169,
2019-02-04,401090330,2569,
2019-02-04,401088545,2640,
2019-02-04,401088545,2010,
2019-02-04,401088597,2504,
2019-02-04,401088597,2011,
2019-02-04,401088990,2296,
2019-02-04,401088990,2029,
2019-02-04,401089003,2755,
2019-02-04,401089003,2400,
2019-02-04,401083468,2641,18.0
2019-02-04,401083468,277,
2019-02-04,401083418,201,
2019-02-04,401083418,66,17.0
2019-02-04,401083556,2633,1.0
2019-02-04,401083556,142,
2019-02-04,401089670,278,
2019-02-04,401089670,328,
2019-02-04,401089683,167,
2019-02-04,401089683,21,
2019-02-04,401084630,218,
2019-02-04,401084630,41,
2019-02-04,401088083,107,
2019-02-04,401088083,349,
2019-02-04,401083285,2507,
2019-02-04,401083285,46,
2019-02-04,401085637,2184,
2019-02-04,401085637,179,
2019-02-04,401089377,2534,
2019-02-04,401089377,2377,
2019-02-04,401089414,2466,
2019-02-04,401089414,2443,
2019-02-04,401083392,251,
2019-02-04,401083392,239,
2019-02-04,401087995,2433,
2019-02-04,401087995,2247,
2019-02-04,401088015,309,
2019-02-04,401088015,290,
2019-02-04,401089070,155,
2019-02-04,401089070,2449,
2019-02-04,401089126,357,
2019-02-04,401089126,2545,
2019-02-04,401089148,2277,
2019-02-04,401089148,2617,
2019-02-04,401089306,2623,
2019-02-04,401089306,79,
2019-02-04,401089307,2460,
2019-02-04,401089307,71,
2019-02-04,401089517,2320,
2019-02-04,401089517,2000,
2019-02-04,401083235,222,14.0
2019-02-04,401083235,156,
2019-02-04,401082966,333,
2019-02-04,401082966,61,
2019-02-04,401083522,2628,
2019-02-04,401083522,197,
2019-02-04,401082439,158,
2019-02-04,401082439,120,24.0
2019-02-04,401089305,282,
2019-02-04,401089305,339,
2019-02-04,401088133,2352,
2019-02-04,401088133,2083,
2019-02-04,401086293,113,
2019-02-04,401086293,2230,
2019-02-04,401082660,59,
2019-02-04,401082660,228,
2019-02-04,401082834,2390,
2019-02-04,401082834,87,
2019-02-04,401083099,145,
2019-02-04,401083099,245,
2019-02-04,401084791,151,
2019-02-04,401084791,2724,
2019-02-04,401085586,2166,
2019-02-04,401085586,227,
2019-02-04,401085669,257,
2019-02-04,401085669,2244,
2019-02-04,401085746,45,
2019-02-04,401085746,2670,
2019-02-04,401086555,2066,
2019-02-04,401086555,2619,
2019-02-04,401088120,104,
2019-02-04,401088120,322,
2019-02-04,401086596,2378,
2019-02-04,401086596,42,
2019-02-04,401086616,261,
2019-02-04,401086616,311,
2019-02-04,401086637,2349,
2019-02-04,401086637,160,
2019-02-04,401086670,526,
2019-02-04,401086670,2453,
2019-02-04,401086697,294,
2019-02-04,401086697,338,
2019-02-04,401086742,2454,
2019-02-04,401086742,288,
2019-02-04,401088061,2426,
2019-02-04,401088061,44,
2019-02-04,401088430,43,
2019-02-04,401088430,163,
2019-02-04,401083236,2550,
2019-02-04,401083236,156,
2019-02-04,401083306,2752,
2019-02-04,401083306,305,
2019-02-04,401088938,2016,
2019-02-04,401088938,2296,
2019-02-04,401088579,2582,
2019-02-04,401088579,2755,
2019-02-04,401089071,2571,
2019-02-04,401089071,155,
2019-02-04,401089432,2443,
2019-02-04,401089432,2447,
2019-02-04,401089985,2542,
2019-02-04,401089985,2154,
2019-02-04,401082686,258,3.0
2019-02-04,401082686,150,2.0
2019-02-04,401084796,2724,
2019-02-04,401084796,2655,
2019-02-04,401087244,27,
2019-02-04,401087244,2239,
2019-02-04,401089127,357,
2019-02-04,401089127,2916,
2019-02-04,401082526,2509,15.0
2019-02-04,401082526,158,
2019-02-04,401086201,2856,
2019-02-04,401086201,140,
2019-02-04,401089198,2110,
2019-02-04,401089198,2545,
2019-02-04,401088518,2084,23.0
2019-02-04,401088518,2117,
2019-02-04,401086529,261,
2019-02-04,401086529,399,
2019-02-04,401087388,2199,
2019-02-04,401087388,2459,
2019-02-04,401087406,193,
2019-02-04,401087406,195,
2019-02-04,401089612,68,
2019-02-04,401089612,23,
2019-02-04,401083211,46,
2019-02-04,401083211,2086,
2019-02-04,401084795,202,
2019-02-04,401084795,218,
2019-02-04,401089904,85,
2019-02-04,401089904,82,
2019-02-04,401090977,50,
2019-02-04,401090977,47,
2019-02-04,401086760,338,
2019-02-04,401086760,2885,
2019-02-04,401086938,2458,
2019-02-04,401086938,16,
2019-02-04,401088330,2097,
2019-02-04,401088330,2908,
2019-02-04,401088179,2572,
2019-02-04,401088179,2348,
2019-02-04,401090287,2569,
2019-02-04,401090287,2415,
2019-02-04,401083977,119,
2019-02-04,401083977,256,
2019-02-04,401089969,2065,
2019-02-04,401089969,2450,
2019-02-04,401088858,2382,
2019-02-04,401088858,2643,
2019-02-11,401087029,38,
2019-02-11,401087029,12,
2019-02-11,401090121,2413,
2019-02-11,401090121,2198,
2019-02-11,401084038,350,
2019-02-11,401084038,111,
2019-02-11,401084803,2655,
2019-02-11,401084803,202,
2019-02-11,401086202,140,
2019-02-11,401086202,2253,
2019-02-11,401087351,2226,
2019-02-11,401087351,249,
2019-02-11,401087369,2229,
2019-02-11,401087369,242,
2019-02-11,401087490,2681,
2019-02-11,401087490,2115,
2019-02-11,401087510,116,
2019-02-11,401087510,2523,
2019-02-11,401087532,2803,
2019-02-11,401087532,2529,
2019-02-11,401087801,2597,
2019-02-11,401087801,112358,
2019-02-11,401088485,325,
2019-02-11,401088485,82,
2019-02-11,401088828,2747,
2019-02-11,401088828,2678,
2019-02-11,401088859,2193,
2019-02-11,401088859,2643,
2019-02-11,401088896,2717,
2019-02-11,401088896,2382,
2019-02-11,401089905,2754,
2019-02-11,401089905,85,
2019-02-11,401084632,41,
2019-02-11,401084632,248,9.0
2019-02-11,401087869,2031,
2019-02-11,401087869,250,
2019-02-11,401088180,2348,
2019-02-11,401088180,2638,
2019-02-11,401083955,256,
2019-02-11,401083955,2182,
2019-02-11,401083930,119,
2019-02-11,401083930,48,
2019-02-11,401083877,232,
2019-02-11,401083877,2275,
2019-02-11,401085339,302,
2019-02-11,401085339,2463,
2019-02-11,401083237,2752,
2019-02-11,401083237,156,
2019-02-11,401083286,2550,
2019-02-11,401083286,46,
2019-02-11,401082508,158,
2019-02-11,401082508,135,
2019-02-11,401082940,57,
2019-02-11,401082940,238,
2019-02-11,401089997,328,
2019-02-11,401089997,2751,
2019-02-11,401090035,167,
2019-02-11,401090035,23,
2019-02-11,401083489,197,
2019-02-11,401083489,2641,15.0
2019-02-11,401087072,25,
2019-02-11,401087072,26,
2019-02-11,401082355,194,
2019-02-11,401082355,356,
2019-02-11,401087245,2239,
2019-02-11,401087245,299,
2019-02-11,401087051,38,
2019-02-11,401087051,9,
2019-02-11,401089613,278,
2019-02-11,401089613,68,
2019-02-11,401087144,24,
2019-02-11,401087144,30,
2019-02-11,401116695,2711,
2019-02-11,401116695,2309,
2019-02-11,401088454,161,
2019-02-11,401088454,2598,
2019-02-11,401090106,2565,
2019-02-11,401090106,2197,
2019-02-11,401088887,231,
2019-02-11,401088887,2430,
2019-02-11,401086203,292,
2019-02-11,401086203,2547,
2019-02-11,401082635,103,
2019-02-11,401082635,2390,
2019-02-11,401087917,2032,
2019-02-11,401087917,326,
2019-02-11,401087822,27,
2019-02-11,401087822,2540,
2019-02-11,401086943,2502,
2019-02-11,401086943,2464,
2019-02-11,401086944,16,
2019-02-11,401086944,253,
2019-02-11,401083743,2541,
2019-02-11,401083743,2608,
2019-02-11,401083645,2351,
2019-02-11,401083645,2250,3.0
2019-02-11,401085315,62,
2019-02-11,401085315,13,
2019-02-11,401085589,2166,
2019-02-11,401085589,2603,
2019-02-11,401085921,2099,
2019-02-11,401085921,2217,
2019-02-11,401085944,314,
2019-02-11,401085944,2612,
2019-02-11,401085969,315,
2019-02-11,401085969,2363,
2019-02-11,401086026,2520,
2019-02-11,401086026,2405,
2019-02-11,401087890,172,
2019-02-11,401087890,225,
2019-02-11,401087934,171,
2019-02-11,401087934,43,
2019-02-11,401087976,2247,
2019-02-11,401087976,6,
2019-02-11,401088097,219,
2019-02-11,401088097,159,
2019-02-11,401088202,163,
2019-02-11,401088202,108,
2019-02-11,401087430,2649,
2019-02-11,401087430,2084,25.0
2019-02-11,401086940,70,
2019-02-11,401086940,2458,
2019-02-11,401083699,2539,
2019-02-11,401083699,2492,
2019-02-11,401083622,301,
2019-02-11,401083622,252,
2019-02-11,401090277,2572,
2019-02-11,401090277,2636,
2019-02-11,401088194,276,
2019-02-11,401088194,5,
2019-02-11,401088378,98,
2019-02-11,401088378,2393,
2019-02-11,401088504,270,
2019-02-11,401088504,2174,
2019-02-11,401089157,2449,
2019-02-11,401089157,198,
2019-02-11,401089372,2437,
2019-02-11,401089372,2571,
2019-02-11,401089885,2739,
2019-02-11,401089885,2473,
2019-02-11,401090086,2634,
2019-02-11,401090086,2057,
2019-02-11,401086204,2130,
2019-02-11,401086204,2934,
2019-02-11,401086941,304,
2019-02-11,401086941,147,
2019-02-11,401090136,2635,
2019-02-11,401090136,55,
2019-02-11,401090208,2630,
2019-02-11,401090208,2546,
2019-02-11,401086205,166,
2019-02-11,401086205,3084,
2019-02-11,401086942,2692,
2019-02-11,401086942,149,
2019-02-11,401087028,254,
2019-02-11,401087028,12,
2019-02-11,401089029,2172,
2019-02-11,401089029,2870,
2019-02-11,401089543,2046,
2019-02-11,401089543,93,
2019-02-11,401083101,2,
2019-02-11,401083101,145,
2019-02-11,401082757,259,22.0
2019-02-11,401082757,59,
2019-02-11,401089639,2110,
2019-02-11,401089639,2277,
2019-02-11,401089464,2447,
2019-02-11,401089464,2000,
2019-02-11,401087389,2711,
2019-02-11,401087389,2459,
2019-02-11,401087407,195,
2019-02-11,401087407,2199,
2019-02-11,401088408,189,
2019-02-11,401088408,2117,
2019-02-11,401084013,2006,
2019-02-11,401084013,2084,25.0
2019-02-11,401082488,275,20.0
2019-02-11,401082488,127,11.0
2019-02-11,401083118,96,5.0
2019-02-11,401083118,99,19.0
2019-02-11,401089313,79,
2019-02-11,401089313,2181,
2019-02-11,401083263,305,
2019-02-11,401083263,269,10.0
2019-02-11,401083212,2599,
2019-02-11,401083212,2086,
2019-02-11,401082465,213,
2019-02-11,401082465,130,6.0
2019-02-11,401082967,344,
2019-02-11,401082967,333,
2019-02-11,401083015,142,
2019-02-11,401083015,8,
2019-02-11,401083443,251,
2019-02-11,401083443,2306,18.0
2019-02-11,401082687,97,16.0
2019-02-11,401082687,150,2.0
2019-02-11,401089594,2439,
2019-02-11,401089594,2005,
2019-02-11,401089656,36,
2019-02-11,401089656,21,
2019-02-11,401088084,349,
2019-02-11,401088084,104,
2019-02-11,401085773,2514,
2019-02-11,401085773,2520,
2019-02-11,401085588,2230,
2019-02-11,401085588,2166,
2019-02-11,401083151,245,
2019-02-11,401083151,61,
2019-02-11,401088921,2011,
2019-02-11,401088921,2400,
2019-02-11,401090378,50,
2019-02-11,401090378,2450,
2019-02-11,401082774,153,8.0
2019-02-11,401082774,258,4.0
2019-02-11,401089970,2065,
2019-02-11,401089970,47,
2019-02-11,401089986,2569,
2019-02-11,401089986,2154,
2019-02-11,401090266,2448,
2019-02-11,401090266,2379,
2019-02-11,401090288,2542,
2019-02-11,401090288,2415,
2019-02-11,401090347,2428,
2019-02-11,401090347,2169,
2019-02-11,401088939,2016,
2019-02-11,401088939,2755,
2019-02-11,401082634,103,
2019-02-11,401082634,221,
2019-02-11,401088991,2010,
2019-02-11,401088991,2029,
2019-02-11,401088580,2582,
2019-02-11,401088580,2296,
2019-02-11,401083394,239,
2019-02-11,401083394,201,
2019-02-11,401083523,2628,
2019-02-11,401083523,2305,14.0
2019-02-11,401085692,2603,
2019-02-11,401085692,179,
2019-02-11,401082440,120,24.0
2019-02-11,401082440,2509,12.0
2019-02-11,401085712,45,
2019-02-11,401085712,139,
2019-02-11,401083323,222,13.0
2019-02-11,401083323,2507,
2019-02-11,401083037,2633,1.0
2019-02-11,401083037,2579,
2019-02-11,401088372,107,
2019-02-11,401088372,2142,
2019-02-11,401088337,2272,
2019-02-11,401088337,2344,
2019-02-11,401088338,2737,
2019-02-11,401088338,2506,
2019-02-11,401088339,2908,
2019-02-11,401088339,2427,
2019-02-11,401089089,2426,
2019-02-11,401089089,322,
2019-02-11,401089314,339,
2019-02-11,401089314,2623,
2019-02-11,401082711,52,17.0
2019-02-11,401082711,154,
2019-02-11,401086722,288,
2019-02-11,401086722,2335,
2019-02-11,401089150,2617,
2019-02-11,401089150,2377,
2019-02-11,401088335,2097,
2019-02-11,401088335,2261,
2019-02-11,401082797,152,
2019-02-11,401082797,183,
2019-02-11,401089128,357,
2019-02-11,401089128,2534,
2019-02-11,401089199,2545,
2019-02-11,401089199,2916,
2019-02-11,401089315,71,
2019-02-11,401089315,2350,
2019-02-11,401089316,2460,
2019-02-11,401089316,2287,
2019-02-11,401089317,2674,
2019-02-11,401089317,282,
2019-02-11,401089416,2320,
2019-02-11,401089416,2466,
2019-02-11,401088336,2241,
2019-02-11,401088336,2127,
2019-02-11,401088107,2247,
2019-02-11,401088107,2653,
2019-02-11,401082542,77,
2019-02-11,401082542,164,
2019-02-11,401086309,2244,
2019-02-11,401086309,113,
2019-02-11,401082662,2390,
2019-02-11,401082662,228,
2019-02-11,401084800,151,
2019-02-11,401084800,235,
2019-02-11,401084801,218,
2019-02-11,401084801,2567,
2019-02-11,401084802,2116,
2019-02-11,401084802,58,
2019-02-11,401085639,2325,
2019-02-11,401085639,2184,
2019-02-11,401085671,2670,
2019-02-11,401085671,257,
2019-02-11,401085943,2561,
2019-02-11,401085943,314,
2019-02-11,401086530,399,
2019-02-11,401086530,2349,
2019-02-11,401088063,44,
2019-02-11,401088063,2352,
2019-02-11,401086557,2066,
2019-02-11,401086557,2378,
2019-02-11,401086597,42,
2019-02-11,401086597,311,
2019-02-11,401086649,261,
2019-02-11,401086649,160,
2019-02-11,401086672,526,
2019-02-11,401086672,2885,
2019-02-11,401086699,56,
2019-02-11,401086699,294,
2019-02-11,401086792,2454,
2019-02-11,401086792,338,
2019-02-11,401087975,290,
2019-02-11,401087975,6,
2019-02-11,401085774,2514,
2019-02-11,401085774,2368,
2019-02-11,401089940,2750,
2019-02-11,401089940,94,
2019-02-11,401087183,265,
2019-02-11,401087183,264,
2019-02-11,401087997,309,
2019-02-11,401087997,2433,
2019-02-11,401089072,155,
2019-02-11,401089072,198,
2019-02-11,401088547,2755,
2019-02-11,401088547,2640,
2019-02-11,401082412,164,
2019-02-11,401082412,2294,21.0
2019-02-11,401088598,2296,
2019-02-11,401088598,2504,
2019-02-11,401085893,2210,
2019-02-11,401085893,2729,
2019-02-11,401084806,2132,
2019-02-11,401084806,2724,
2019-02-11,401087812,300,
2019-02-11,401087812,2540,
2019-02-11,401083721,2501,
2019-02-11,401083721,2539,
2019-02-11,401083674,2541,
2019-02-11,401083674,279,
2019-02-11,401087114,204,
2019-02-11,401087114,2483,
2019-02-11,401089700,2751,
2019-02-11,401089700,2440,7.0
2019-02-11,401088341,2127,
2019-02-11,401088341,2515,
2019-02-11,401089129,2443,
2019-02-11,401089129,357,
2019-02-11,401088416,2026,
2019-02-11,401088416,324,
2019-02-11,401082775,258,4.0
2019-02-11,401082775,87,
2019-02-11,401087451,2711,
2019-02-11,401087451,193,
2019-02-11,401089412,2710,
2019-02-11,401089412,233,
2019-02-11,401087333,295,
2019-02-11,401087333,2429,
2019-02-11,401086294,227,
2019-02-11,401086294,2230,
2019-02-11,401088135,107,
2019-02-11,401088135,2083,
2019-02-11,401084014,2050,
2019-02-11,401084014,2006,
2019-02-11,401086650,160,
2019-02-11,401086650,2619,
2019-02-11,401082385,135,
2019-02-11,401082385,84,
2019-02-11,401088122,104,
2019-02-11,401088122,2329,
2019-02-11,401086945,331,
2019-02-11,401086945,2458,
2019-02-11,401088787,2535,
2019-02-11,401088787,236,
2019-02-11,401086723,2453,
2019-02-11,401086723,2335,
2019-02-11,401085614,2168,
2019-02-11,401085614,2670,
2019-02-11,401083420,2306,18.0
2019-02-11,401083420,66,23.0
2019-02-11,401083470,2305,14.0
2019-02-11,401083470,277,
2019-02-11,401118813,2856,
2019-02-11,401118813,3246,
2019-02-18,401087031,12,
2019-02-18,401087031,24,
2019-02-18,401082466,135,
2019-02-18,401082466,130,7.0
2019-02-18,401088441,2803,
2019-02-18,401088441,2681,
2019-02-18,401088487,2750,
2019-02-18,401088487,325,
2019-02-18,401088788,2643,
2019-02-18,401088788,236,
2019-02-18,401088813,2382,
2019-02-18,401088813,2535,
2019-02-18,401088830,2678,
2019-02-18,401088830,2193,
2019-02-18,401088903,2430,
2019-02-18,401088903,2717,
2019-02-18,401089941,94,
2019-02-18,401089941,2754,
2019-02-18,401088346,2127,
2019-02-18,401088346,2908,
2019-02-18,401088348,2261,
2019-02-18,401088348,2344,
2019-02-18,401087918,326,
2019-02-18,401087918,2433,
2019-02-18,401087952,250,
2019-02-18,401087952,309,
2019-02-18,401089053,2571,
2019-02-18,401089053,2870,
2019-02-18,401089545,2046,
2019-02-18,401089545,2546,
2019-02-18,401090088,2057,
2019-02-18,401090088,2197,
2019-02-18,401090159,93,
2019-02-18,401090159,2630,
2019-02-18,401090138,55,
2019-02-18,401090138,2413,
2019-02-18,401088349,2515,
2019-02-18,401088349,2737,
2019-02-18,401088347,2427,
2019-02-18,401088347,2241,
2019-02-18,401087175,264,
2019-02-18,401087175,254,
2019-02-18,401086532,2619,
2019-02-18,401086532,399,
2019-02-18,401089685,21,
2019-02-18,401089685,2440,6.0
2019-02-18,401119216,2352,
2019-02-18,401119216,2426,
2019-02-18,401083879,2275,
2019-02-18,401083879,119,
2019-02-18,401083905,2729,
2019-02-18,401083905,232,
2019-02-18,401083978,111,
2019-02-18,401083978,256,
2019-02-18,401084039,2210,
2019-02-18,401084039,350,
2019-02-18,401084811,2132,
2019-02-18,401084811,2116,
2019-02-18,401086558,2349,
2019-02-18,401086558,2066,
2019-02-18,401088108,2026,
2019-02-18,401088108,2247,
2019-02-18,401086599,160,
2019-02-18,401086599,42,
2019-02-18,401087308,2378,
2019-02-18,401087308,261,
2019-02-18,401087492,2115,
2019-02-18,401087492,116,
2019-02-18,401087512,2523,
2019-02-18,401087512,112358,
2019-02-18,401087534,161,
2019-02-18,401087534,2529,
2019-02-18,401087802,2598,
2019-02-18,401087802,2597,
2019-02-18,401088045,324,
2019-02-18,401088045,290,
2019-02-18,401086951,253,
2019-02-18,401086951,331,
2019-02-18,401086952,2464,
2019-02-18,401086952,70,
2019-02-18,401090123,2635,
2019-02-18,401090123,2198,
2019-02-18,401087935,219,
2019-02-18,401087935,171,
2019-02-18,401085945,2363,
2019-02-18,401085945,314,
2019-02-18,401085989,2368,
2019-02-18,401085989,2612,
2019-02-18,401086009,2520,
2019-02-18,401086009,315,
2019-02-18,401087892,225,
2019-02-18,401087892,108,
2019-02-18,401088099,43,
2019-02-18,401088099,159,
2019-02-18,401089906,85,
2019-02-18,401089906,270,
2019-02-18,401089487,2084,25.0
2019-02-18,401089487,2309,
2019-02-18,401088031,163,
2019-02-18,401088031,172,
2019-02-18,401090236,2634,
2019-02-18,401090236,2565,
2019-02-18,401085591,227,
2019-02-18,401085591,2166,
2019-02-18,401089886,82,
2019-02-18,401089886,2739,
2019-02-18,401082387,2294,21.0
2019-02-18,401082387,84,
2019-02-18,401082357,356,
2019-02-18,401082357,213,
2019-02-18,401082637,228,
2019-02-18,401082637,103,
2019-02-18,401083545,201,
2019-02-18,401083545,251,
2019-02-18,401084812,218,
2019-02-18,401084812,202,
2019-02-18,401085923,2405,
2019-02-18,401085923,2099,
2019-02-18,401087410,195,
2019-02-18,401087410,189,
2019-02-18,401087264,2540,
2019-02-18,401087264,62,
2019-02-18,401087132,26,
2019-02-18,401087132,204,
2019-02-18,401083624,252,
2019-02-18,401083624,2539,
2019-02-18,401084633,2567,
2019-02-18,401084633,41,
2019-02-18,401086213,2253,
2019-02-18,401086213,2856,
2019-02-18,401086214,3084,
2019-02-18,401086214,2130,
2019-02-18,401087030,12,
2019-02-18,401087030,25,
2019-02-18,401087115,30,
2019-02-18,401087115,2483,
2019-02-18,401088345,2097,
2019-02-18,401088345,2272,
2019-02-18,401083647,2250,2.0
2019-02-18,401083647,2492,
2019-02-18,401083675,279,
2019-02-18,401083675,2608,
2019-02-18,401083722,301,
2019-02-18,401083722,2501,
2019-02-18,401085316,300,
2019-02-18,401085316,13,
2019-02-18,401086212,2547,
2019-02-18,401086212,140,
2019-02-18,401086953,2502,
2019-02-18,401086953,304,
2019-02-18,401086957,16,
2019-02-18,401086957,2692,
2019-02-18,401087246,2239,
2019-02-18,401087246,302,
2019-02-18,401090012,328,
2019-02-18,401090012,167,
2019-02-18,401089657,23,
2019-02-18,401089657,36,
2019-02-18,401082992,99,13.0
2019-02-18,401082992,2633,5.0
2019-02-18,401085747,2670,
2019-02-18,401085747,227,
2019-02-18,401086274,193,
2019-02-18,401086274,2050,
2019-02-18,401087431,2199,
2019-02-18,401087431,2649,
2019-02-18,401088136,2142,
2019-02-18,401088136,2083,
2019-02-18,401088519,2117,
2019-02-18,401088519,2309,
2019-02-18,401082386,84,
2019-02-18,401082386,2509,15.0
2019-02-18,401082942,2633,5.0
2019-02-18,401082942,238,
2019-02-18,401089323,2181,
2019-02-18,401089323,71,
2019-02-18,401085776,2514,
2019-02-18,401085776,314,
2019-02-18,401082413,2294,21.0
2019-02-18,401082413,120,24.0
2019-02-18,401082969,245,
2019-02-18,401082969,333,
2019-02-18,401083396,66,19.0
2019-02-18,401083396,239,
2019-02-18,401082664,228,
2019-02-18,401082664,52,16.0
2019-02-18,401083058,142,
2019-02-18,401083058,96,4.0
2019-02-18,401089998,2751,
2019-02-18,401089998,2439,
2019-02-18,401083081,61,
2019-02-18,401083081,344,
2019-02-18,401086057,2561,
2019-02-18,401086057,2612,
2019-02-18,401084015,189,
2019-02-18,401084015,2006,
2019-02-18,401089596,278,
2019-02-18,401089596,2005,
2019-02-18,401082356,275,22.0
2019-02-18,401082356,356,
2019-02-18,401088941,2029,
2019-02-18,401088941,2016,
2019-02-18,401082759,259,20.0
2019-02-18,401082759,258,3.0
2019-02-18,401088123,107,
2019-02-18,401088123,104,
2019-02-18,401089972,2542,
2019-02-18,401089972,2065,
2019-02-18,401090331,2569,
2019-02-18,401090331,50,
2019-02-18,401090388,47,
2019-02-18,401090388,2428,
2019-02-18,401090354,2450,
2019-02-18,401090354,2448,
2019-02-18,401088548,2296,
2019-02-18,401088548,2640,
2019-02-18,401083039,2579,
2019-02-18,401083039,145,
2019-02-18,401088582,2400,
2019-02-18,401088582,2582,
2019-02-18,401088599,2755,
2019-02-18,401088599,2504,
2019-02-18,401083525,197,
2019-02-18,401083525,2628,
2019-02-18,401083444,277,
2019-02-18,401083444,2306,23.0
2019-02-18,401085590,2166,
2019-02-18,401085590,2168,
2019-02-18,401082528,213,
2019-02-18,401082528,158,
2019-02-18,401082736,87,
2019-02-18,401082736,154,
2019-02-18,401083287,46,
2019-02-18,401083287,222,17.0
2019-02-18,401082490,127,10.0
2019-02-18,401082490,164,
2019-02-18,401082636,152,
2019-02-18,401082636,103,
2019-02-18,401083325,2507,
2019-02-18,401083325,2599,
2019-02-18,401089326,2674,
2019-02-18,401089326,79,
2019-02-18,401089327,2623,
2019-02-18,401089327,2460,
2019-02-18,401089393,2437,
2019-02-18,401089393,2710,
2019-02-18,401089417,2277,
2019-02-18,401089417,2466,
2019-02-18,401089518,2916,
2019-02-18,401089518,2320,
2019-02-18,401082543,194,
2019-02-18,401082543,77,
2019-02-18,401083017,2,
2019-02-18,401083017,8,
2019-02-18,401082817,59,
2019-02-18,401082817,221,
2019-02-18,401083334,2550,
2019-02-18,401083334,2752,
2019-02-18,401083239,305,
2019-02-18,401083239,156,
2019-02-18,401084810,202,
2019-02-18,401084810,2724,
2019-02-18,401087053,9,
2019-02-18,401087053,24,
2019-02-18,401083214,269,11.0
2019-02-18,401083214,2086,
2019-02-18,401082689,150,1.0
2019-02-18,401082689,153,8.0
2019-02-18,401085341,299,
2019-02-18,401085341,2463,
2019-02-18,401087094,265,
2019-02-18,401087094,38,
2019-02-18,401089201,2443,
2019-02-18,401089201,2545,
2019-02-18,401089030,233,
2019-02-18,401089030,2172,
2019-02-18,401089477,2377,
2019-02-18,401089477,2110,
2019-02-18,401089380,2534,
2019-02-18,401089380,2447,
2019-02-18,401084809,235,
2019-02-18,401084809,2655,
2019-02-18,401085672,257,
2019-02-18,401085672,2230,
2019-02-18,401085732,179,
2019-02-18,401085732,2325,
2019-02-18,401086320,45,
2019-02-18,401086320,113,
2019-02-18,401086674,526,
2019-02-18,401086674,288,
2019-02-18,401086700,294,
2019-02-18,401086700,2454,
2019-02-18,401086762,2885,
2019-02-18,401086762,56,
2019-02-18,401086780,338,
2019-02-18,401086780,2453,
2019-02-18,401088065,322,
2019-02-18,401088065,44,
2019-02-18,401088086,2329,
2019-02-18,401088086,349,
2019-02-18,401089324,2350,
2019-02-18,401089324,339,
2019-02-18,401089325,282,
2019-02-18,401089325,2287,
2019-02-18,401082798,183,
2019-02-18,401082798,97,18.0
2019-02-18,401083120,99,13.0
2019-02-18,401083120,57,
2019-02-18,401089130,2617,
2019-02-18,401089130,357,
2019-02-18,401087277,27,
2019-02-18,401087277,299,
2019-02-18,401084814,2655,
2019-02-18,401084814,151,
2019-02-18,401089405,2710,
2019-02-18,401089405,198,
2019-02-18,401118856,2348,
2019-02-18,401118856,249,
2019-02-18,401083490,2641,14.0
2019-02-18,401083490,2305,12.0
2019-02-18,401086216,166,
2019-02-18,401086216,292,
2019-02-18,401087391,2649,
2019-02-18,401087391,2459,
2019-02-18,401118857,2393,
2019-02-18,401118857,2429,
2019-02-18,401084813,248,9.0
2019-02-18,401084813,58,
2019-02-18,401088923,2016,
2019-02-18,401088923,2011,
2019-02-18,401086618,2619,
2019-02-18,401086618,311,
2019-02-18,401088583,2582,
2019-02-18,401088583,2010,
2019-02-18,401085970,2217,
2019-02-18,401085970,2363,
2019-02-18,401083761,2541,
2019-02-18,401083761,2539,
2019-02-18,401086956,149,
2019-02-18,401086956,147,
2019-02-18,401118858,2638,
2019-02-18,401118858,242,
2019-02-18,401086218,2934,
2019-02-18,401086218,2856,
2019-02-18,401088506,2473,
2019-02-18,401088506,2174,
2019-02-18,401118854,2572,
2019-02-18,401118854,5,
2019-02-18,401083676,279,
2019-02-18,401083676,2351,
2019-02-18,401085615,2168,
2019-02-18,401085615,139,
2019-02-18,401118853,295,
2019-02-18,401118853,98,
2019-02-18,401082894,2390,
2019-02-18,401082894,59,
2019-02-18,401085693,113,
2019-02-18,401085693,2603,
2019-02-18,401087452,2199,
2019-02-18,401087452,2711,
2019-02-18,401087977,2653,
2019-02-18,401087977,6,
2019-02-18,401085641,2244,
2019-02-18,401085641,2184,
2019-02-18,401088354,2427,
2019-02-18,401088354,2506,
2019-02-18,401089202,2000,
2019-02-18,401089202,2545,
2019-02-18,401083932,2182,
2019-02-18,401083932,48,
2019-02-18,401086724,2454,
2019-02-18,401086724,2335,
2019-02-18,401087871,2032,
2019-02-18,401087871,2031,
2019-02-18,401089159,2449,
2019-02-18,401089159,2437,
2019-02-18,401118855,2226,
2019-02-18,401118855,2229,
2019-02-18,401088850,231,
2019-02-18,401088850,2747,
2019-02-18,401089031,155,
2019-02-18,401089031,2172,
2019-02-18,401089615,68,
2019-02-18,401089615,328,
2019-02-18,401089988,2154,
2019-02-18,401089988,47,
2019-02-18,401090267,2169,
2019-02-18,401090267,2379,
2019-02-18,401090289,2415,
2019-02-18,401090289,2450,
2019-02-25,401087056,204,
2019-02-25,401087056,9,
2019-02-25,401083398,239,
2019-02-25,401083398,251,
2019-02-25,401088359,2261,
2019-02-25,401088359,2737,
2019-02-25,401088456,116,
2019-02-25,401088456,161,
2019-02-25,401088832,2678,
2019-02-25,401088832,2382,
2019-02-25,401088861,2643,
2019-02-25,401088861,2430,
2019-02-25,401089919,2473,
2019-02-25,401089919,82,
2019-02-25,401088790,236,
2019-02-25,401088790,2747,24.0
2019-02-25,401082468,130,9.0
2019-02-25,401082468,158,
2019-02-25,401088815,2535,
2019-02-25,401088815,231,
2019-02-25,401089547,2198,
2019-02-25,401089547,2046,
2019-02-25,401118860,5,
2019-02-25,401118860,98,
2019-02-25,401118862,2348,
2019-02-25,401118862,276,
2019-02-25,401090149,2413,
2019-02-25,401090149,93,
2019-02-25,401086221,2130,
2019-02-25,401086221,292,
2019-02-25,401087954,6,
2019-02-25,401087954,250,
2019-02-25,401087998,2433,
2019-02-25,401087998,2026,
2019-02-25,401088017,309,
2019-02-25,401088017,324,
2019-02-25,401088507,2174,
2019-02-25,401088507,85,
2019-02-25,401088110,2247,
2019-02-25,401088110,2032,
2019-02-25,401087920,2653,
2019-02-25,401087920,326,
2019-02-25,401087872,290,
2019-02-25,401087872,2031,
2019-02-25,401089363,2681,
2019-02-25,401089363,2598,
2019-02-25,401089616,68,
2019-02-25,401089616,36,
2019-02-25,401084820,2567,
2019-02-25,401084820,2132,23.0
2019-02-25,401083265,222,
2019-02-25,401083265,269,10.0
2019-02-25,401085343,2463,
2019-02-25,401085343,27,
2019-02-25,401089674,278,
2019-02-25,401089674,2751,
2019-02-25,401089701,2440,12.0
2019-02-25,401089701,2439,
2019-02-25,401087514,2529,
2019-02-25,401087514,2523,
2019-02-25,401083348,2599,
2019-02-25,401083348,2752,
2019-02-25,401087803,2597,
2019-02-25,401087803,2803,
2019-02-25,401083881,2182,
2019-02-25,401083881,2275,
2019-02-25,401083933,48,
2019-02-25,401083933,111,
2019-02-25,401083979,256,
2019-02-25,401083979,2210,
2019-02-25,401084635,2724,
2019-02-25,401084635,41,
2019-02-25,401085882,119,
2019-02-25,401085882,2729,
2019-02-25,401086220,140,
2019-02-25,401086220,166,
2019-02-25,401087494,112358,
2019-02-25,401087494,2115,
2019-02-25,401089888,2739,
2019-02-25,401089888,2750,
2019-02-25,401089928,270,
2019-02-25,401089928,94,
2019-02-25,401118859,2636,
2019-02-25,401118859,295,
2019-02-25,401088410,189,
2019-02-25,401088410,2309,
2019-02-25,401083723,2608,
2019-02-25,401083723,2501,
2019-02-25,401083779,2351,
2019-02-25,401083779,2541,
2019-02-25,401087055,2483,
2019-02-25,401087055,9,
2019-02-25,401087288,302,
2019-02-25,401087288,300,
2019-02-25,401087074,25,
2019-02-25,401087074,264,25.0
2019-02-25,401083648,279,
2019-02-25,401083648,2250,1.0
2019-02-25,401087894,225,
2019-02-25,401087894,171,
2019-02-25,401085617,2168,
2019-02-25,401085617,227,
2019-02-25,401086960,70,
2019-02-25,401086960,2502,
2019-02-25,401085778,2612,
2019-02-25,401085778,2514,
2019-02-25,401085946,2520,
2019-02-25,401085946,314,
2019-02-25,401085971,2363,
2019-02-25,401085971,2405,
2019-02-25,401085991,2217,
2019-02-25,401085991,2368,
2019-02-25,401086676,294,
2019-02-25,401086676,526,
2019-02-25,401086726,2885,
2019-02-25,401086726,2335,
2019-02-25,401086745,2453,
2019-02-25,401086745,288,
2019-02-25,401087278,2540,
2019-02-25,401087278,299,
2019-02-25,401086222,2856,
2019-02-25,401086222,2547,
2019-02-25,401118861,249,
2019-02-25,401118861,2226,
2019-02-25,401086961,2458,
2019-02-25,401086961,2692,
2019-02-25,401089054,2870,
2019-02-25,401089054,155,
2019-02-25,401089394,198,
2019-02-25,401089394,2437,
2019-02-25,401090090,2630,
2019-02-25,401090090,2057,
2019-02-25,401090223,2565,
2019-02-25,401090223,2635,
2019-02-25,401090209,2546,
2019-02-25,401090209,2634,
2019-02-25,401082510,77,
2019-02-25,401082510,135,
2019-02-25,401084821,202,
2019-02-25,401084821,2655,
2019-02-25,401087032,204,
2019-02-25,401087032,12,
2019-02-25,401085318,2239,
2019-02-25,401085318,13,
2019-02-25,401087142,24,
2019-02-25,401087142,265,
2019-02-25,401087158,26,
2019-02-25,401087158,30,
2019-02-25,401089032,2172,
2019-02-25,401089032,2710,
2019-02-25,401089160,233,
2019-02-25,401089160,2449,
2019-02-25,401090109,2197,
2019-02-25,401090109,55,
2019-02-25,401086959,331,
2019-02-25,401086959,16,
2019-02-25,401083762,2539,
2019-02-25,401083762,301,
2019-02-25,401085694,2230,
2019-02-25,401085694,2603,
2019-02-25,401083152,61,
2019-02-25,401083152,2,
2019-02-25,401082359,356,
2019-02-25,401082359,77,
2019-02-25,401082944,238,
2019-02-25,401082944,57,
2019-02-25,401086793,2454,
2019-02-25,401086793,56,
2019-02-25,401087411,2309,
2019-02-25,401087411,195,
2019-02-25,401088409,189,
2019-02-25,401088409,193,
2019-02-25,401088520,2199,
2019-02-25,401088520,2117,
2019-02-25,401082414,194,
2019-02-25,401082414,2294,22.0
2019-02-25,401084017,2084,21.0
2019-02-25,401084017,2006,
2019-02-25,401082691,259,20.0
2019-02-25,401082691,150,3.0
2019-02-25,401085714,2670,
2019-02-25,401085714,139,
2019-02-25,401086725,2335,
2019-02-25,401086725,338,
2019-02-25,401087392,2459,
2019-02-25,401087392,2711,
2019-02-25,401084817,235,
2019-02-25,401084817,218,
2019-02-25,401082388,84,
2019-02-25,401082388,275,19.0
2019-02-25,401083121,99,13.0
2019-02-25,401083121,245,
2019-02-25,401082799,153,5.0
2019-02-25,401082799,183,
2019-02-25,401083019,96,4.0
2019-02-25,401083019,8,
2019-02-25,401089687,328,
2019-02-25,401089687,21,
2019-02-25,401086321,227,
2019-02-25,401086321,45,
2019-02-25,401086276,2050,
2019-02-25,401086276,2649,
2019-02-25,401085616,113,
2019-02-25,401085616,2168,
2019-02-25,401088584,2582,
2019-02-25,401088584,2011,
2019-02-25,401082714,52,18.0
2019-02-25,401082714,87,
2019-02-25,401089989,2154,
2019-02-25,401089989,2169,
2019-02-25,401090290,2415,
2019-02-25,401090290,47,
2019-02-25,401090355,2448,
2019-02-25,401090355,2542,
2019-02-25,401083422,66,
2019-02-25,401083422,201,
2019-02-25,401088550,2640,
2019-02-25,401088550,2400,
2019-02-25,401088601,2504,
2019-02-25,401088601,2029,
2019-02-25,401083471,277,
2019-02-25,401083471,2628,
2019-02-25,401088942,2016,
2019-02-25,401088942,2010,
2019-02-25,401086958,149,
2019-02-25,401086958,2458,
2019-02-25,401083446,2305,15.0
2019-02-25,401083446,2306,16.0
2019-02-25,401082738,154,
2019-02-25,401082738,2390,
2019-02-25,401082970,2579,
2019-02-25,401082970,333,
2019-02-25,401083060,344,
2019-02-25,401083060,142,
2019-02-25,401083215,2086,
2019-02-25,401083215,2507,
2019-02-25,401086198,2547,
2019-02-25,401086198,3084,
2019-02-25,401090036,23,
2019-02-25,401090036,167,
2019-02-25,401088394,2142,
2019-02-25,401088394,107,
2019-02-25,401089173,2110,
2019-02-25,401089173,2617,
2019-02-25,401082993,145,
2019-02-25,401082993,2633,7.0
2019-02-25,401082777,258,2.0
2019-02-25,401082777,59,
2019-02-25,401085642,179,
2019-02-25,401085642,2184,
2019-02-25,401085925,2099,
2019-02-25,401085925,315,
2019-02-25,401088356,2127,
2019-02-25,401088356,2427,
2019-02-25,401089418,2466,
2019-02-25,401089418,2916,
2019-02-25,401089132,357,
2019-02-25,401089132,2000,
2019-02-25,401089333,2181,
2019-02-25,401089333,282,
2019-02-25,401083491,2641,11.0
2019-02-25,401083491,197,
2019-02-25,401089336,2460,
2019-02-25,401089336,2350,
2019-02-25,401089337,71,
2019-02-25,401089337,2674,
2019-02-25,401089382,2443,
2019-02-25,401089382,2534,
2019-02-25,401089467,2447,
2019-02-25,401089467,2377,
2019-02-25,401089519,2320,
2019-02-25,401089519,2277,
2019-02-25,401082358,2509,14.0
2019-02-25,401082358,356,
2019-02-25,401082638,103,
2019-02-25,401082638,97,
2019-02-25,401084818,151,
2019-02-25,401084818,248,8.0
2019-02-25,401089335,339,
2019-02-25,401089335,79,
2019-02-25,401082443,213,
2019-02-25,401082443,120,17.0
2019-02-25,401086619,311,
2019-02-25,401086619,2349,
2019-02-25,401082665,221,
2019-02-25,401082665,228,
2019-02-25,401083288,46,
2019-02-25,401083288,305,
2019-02-25,401084819,58,
2019-02-25,401084819,2116,
2019-02-25,401085592,2325,
2019-02-25,401085592,2166,
2019-02-25,401085674,2244,
2019-02-25,401085674,257,
2019-02-25,401086534,399,
2019-02-25,401086534,160,
2019-02-25,401086560,2066,
2019-02-25,401086560,42,
2019-02-25,401087298,2619,
2019-02-25,401087298,2378,
2019-02-25,401089334,2287,
2019-02-25,401089334,2623,
2019-02-25,401088067,44,
2019-02-25,401088067,2329,
2019-02-25,401088087,349,
2019-02-25,401088087,2352,
2019-02-25,401088125,322,
2019-02-25,401088125,104,
2019-02-25,401088138,2426,
2019-02-25,401088138,2083,
2019-02-25,401088355,2908,
2019-02-25,401088355,2097,
2019-02-25,401088357,2241,
2019-02-25,401088357,2506,
2019-02-25,401088358,2272,
2019-02-25,401088358,2515,
2019-02-25,401088033,43,
2019-02-25,401088033,172,
2019-02-25,401088100,159,
2019-02-25,401088100,163,
2019-02-25,401087299,261,
2019-02-25,401087299,2619,
2019-02-25,401088101,159,
2019-02-25,401088101,219,
2019-02-25,401088206,108,
2019-02-25,401088206,163,
2019-02-25,401083677,2492,
2019-02-25,401083677,279,
2019-02-25,401089990,2450,
2019-02-25,401089990,2154,
2019-02-25,401083289,46,
2019-02-25,401083289,2550,
2019-02-25,401089203,2545,
2019-02-25,401089203,2466,
2019-02-25,401082415,2294,22.0
2019-02-25,401082415,164,
2019-02-25,401089497,2571,
2019-02-25,401089497,2710,
2019-02-25,401089558,2400,
2019-02-25,401089558,2296,
2019-02-25,401087096,38,
2019-02-25,401087096,254,
2019-02-25,401088489,2754,
2019-02-25,401088489,325,
2019-02-25,401089598,2751,
2019-02-25,401089598,2005,
2019-02-25,401088992,2029,
2019-02-25,401088992,2755,
2019-02-25,401118867,2429,
2019-02-25,401118867,2638,
2019-02-25,401086011,315,
2019-02-25,401086011,2561,
2019-02-25,401118863,98,
2019-02-25,401118863,2572,
2019-02-25,401118868,242,
2019-02-25,401118868,2393,
2019-02-25,401083241,269,10.0
2019-02-25,401083241,156,
2019-02-25,401118866,2229,
2019-02-25,401118866,2348,
2019-02-25,401083626,252,
2019-02-25,401083626,301,
2019-02-25,401086225,2253,
2019-02-25,401086225,2934,
2019-02-25,401086964,2458,
2019-02-25,401086964,304,
2019-02-25,401086965,149,
2019-02-25,401086965,253,
2019-02-25,401087265,62,
2019-02-25,401087265,2463,
2019-02-25,401082715,52,18.0
2019-02-25,401082715,152,
2019-02-25,401082389,84,
2019-02-25,401082389,127,6.0
2019-02-25,401088878,2193,
2019-02-25,401088878,2717,
2019-02-25,401089974,2065,
2019-02-25,401089974,2569,
2019-02-25,401090356,2448,
2019-02-25,401090356,50,
2019-02-25,401090333,2428,
2019-02-25,401090333,2569,
2019-02-25,401083907,232,
2019-02-25,401083907,350,
2019-02-25,401088362,2241,
2019-02-25,401088362,2344,
2019-02-25,401086966,147,
2019-02-25,401086966,2464,
2019-03-04,401121696,2870,
2019-03-04,401121696,233,
2019-03-04,401087118,265,
2019-03-04,401087118,2483,
2019-03-04,401121747,2737,
2019-03-04,401121747,2127,
2019-03-04,401121806,2368,
2019-03-04,401121806,2612,
2019-03-04,401121748,2097,
2019-03-04,401121748,2261,
2019-03-04,401084637,41,
2019-03-04,401084637,218,
2019-03-04,401087978,324,
2019-03-04,401087978,6,
2019-03-04,401088417,2026,
2019-03-04,401088417,2653,
2019-03-04,401121608,2335,
2019-03-04,401121608,2454,
2019-03-04,401121845,2329,
2019-03-04,401121845,349,
2019-03-04,401121846,44,
2019-03-04,401121846,2426,
2019-03-04,401121847,2083,
2019-03-04,401121847,107,
2019-03-04,401121848,2142,
2019-03-04,401121848,104,
2019-03-04,401082416,275,21.0
2019-03-04,401082416,2294,
2019-03-04,401084829,2116,25.0
2019-03-04,401084829,2132,20.0
2019-03-04,401121573,282,
2019-03-04,401121573,2674,
2019-03-04,401087874,2031,
2019-03-04,401087874,309,
2019-03-04,401121746,2515,
2019-03-04,401121746,2506,
2019-03-04,401089999,23,
2019-03-04,401089999,2751,
2019-03-04,401121717,2046,
2019-03-04,401121717,2413,
2019-03-04,401089675,21,
2019-03-04,401089675,278,
2019-03-04,401085644,139,
2019-03-04,401085644,2184,
2019-03-04,401089204,2545,
2019-03-04,401089204,2443,
2019-03-04,401089419,2447,
2019-03-04,401089419,2466,
2019-03-04,401089633,2277,
2019-03-04,401089633,2916,
2019-03-04,401082946,238,
2019-03-04,401082946,8,
2019-03-04,401083290,305,
2019-03-04,401083290,46,
2019-03-04,401082545,77,
2019-03-04,401082545,194,
2019-03-04,401082667,87,
2019-03-04,401082667,228,
2019-03-04,401082852,152,
2019-03-04,401082852,59,
2019-03-04,401083400,239,
2019-03-04,401083400,197,
2019-03-04,401089618,167,
2019-03-04,401089618,68,
2019-03-04,401118874,2638,
2019-03-04,401118874,2393,
2019-03-04,401121720,2197,
2019-03-04,401121720,2630,
2019-03-04,401087134,264,
2019-03-04,401087134,204,
2019-03-04,401087279,299,
2019-03-04,401087279,27,
2019-03-04,401089975,2065,
2019-03-04,401089975,50,
2019-03-04,401121807,2363,
2019-03-04,401121807,2217,
2019-03-04,401121800,2099,
2019-03-04,401121800,2405,
2019-03-04,401121808,2405,
2019-03-04,401121808,315,
2019-03-04,401084830,248,12.0
2019-03-04,401084830,2567,
2019-03-04,401086970,304,
2019-03-04,401086970,331,
2019-03-04,401121718,55,
2019-03-04,401121718,2630,
2019-03-04,401121574,2287,
2019-03-04,401121574,339,
2019-03-04,401085320,13,
2019-03-04,401085320,300,
2019-03-04,401085345,2463,
2019-03-04,401085345,2540,
2019-03-04,401086227,2547,
2019-03-04,401086227,2934,
2019-03-04,401087168,254,
2019-03-04,401087168,30,
2019-03-04,401087266,302,
2019-03-04,401087266,62,
2019-03-04,401086971,16,
2019-03-04,401086971,147,
2019-03-04,401086973,2502,
2019-03-04,401086973,149,
2019-03-04,401087076,24,
2019-03-04,401087076,25,
2019-03-04,401121988,301,
2019-03-04,401121988,2501,
2019-03-04,401121575,2350,
2019-03-04,401121575,2674,
2019-03-04,401121576,2623,
2019-03-04,401121576,71,
2019-03-04,401121987,2492,
2019-03-04,401121987,279,
2019-03-04,401088553,2640,
2019-03-04,401088553,2016,
2019-03-04,401090334,2569,
2019-03-04,401090334,2542,
2019-03-04,401087097,38,
2019-03-04,401087097,26,
2019-03-04,401090357,2448,
2019-03-04,401090357,2428,
2019-03-04,401082360,356,
2019-03-04,401082360,84,
2019-03-04,401086228,292,
2019-03-04,401086228,2856,
2019-03-04,401088000,2032,
2019-03-04,401088000,2433,
2019-03-04,401090270,2379,
2019-03-04,401090270,2169,
2019-03-04,401090380,2450,
2019-03-04,401090380,47,
2019-03-04,401121607,288,
2019-03-04,401121607,2885,
2019-03-04,401121749,2241,
2019-03-04,401121749,2272,
2019-03-04,401089991,2415,
2019-03-04,401089991,2154,
2019-03-04,401086974,253,
2019-03-04,401086974,2458,
2019-03-04,401088924,2755,
2019-03-04,401088924,2011,
2019-03-04,401089350,2296,
2019-03-04,401089350,2010,
2019-03-04,401088586,2504,
2019-03-04,401088586,2582,
2019-03-04,401086229,3084,
2019-03-04,401086229,2253,
2019-03-04,401086972,2692,
2019-03-04,401086972,70,
2019-03-04,401084828,2655,
2019-03-04,401084828,58,
2019-03-04,401083242,156,
2019-03-04,401083242,2507,
2019-03-04,401121719,2413,
2019-03-04,401121719,2565,
2019-03-04,401084019,2006,
2019-03-04,401084019,189,
2019-03-04,401086278,2199,
2019-03-04,401086278,2050,
2019-03-04,401086536,2066,
2019-03-04,401086536,399,
2019-03-04,401086601,42,
2019-03-04,401086601,2619,
2019-03-04,401086620,160,
2019-03-04,401086620,311,
2019-03-04,401087394,2117,
2019-03-04,401087394,2459,
2019-03-04,401087433,2649,
2019-03-04,401087433,2711,
2019-03-04,401089488,193,
2019-03-04,401089488,2309,
2019-03-04,401121743,2261,
2019-03-04,401121743,2344,
2019-03-04,401121744,2127,
2019-03-04,401121744,2908,
2019-03-04,401121745,2506,
2019-03-04,401121745,2427,
2019-03-04,401121843,322,
2019-03-04,401121843,107,
2019-03-04,401121844,104,
2019-03-04,401121844,2352,
2019-03-04,401087412,195,
2019-03-04,401087412,2084,19.0
2019-03-04,401082716,52,14.0
2019-03-04,401082716,259,15.0
2019-03-04,401082491,127,9.0
2019-03-04,401082491,158,
2019-03-04,401085696,2603,
2019-03-04,401085696,227,
2019-03-04,401083042,245,
2019-03-04,401083042,2579,
2019-03-04,401118870,98,
2019-03-04,401118870,2636,
2019-03-04,401083217,2086,
2019-03-04,401083217,2752,
2019-03-04,401121605,2335,
2019-03-04,401121605,294,
2019-03-04,401121606,526,
2019-03-04,401121606,2885,
2019-03-04,401082779,183,
2019-03-04,401082779,258,2.0
2019-03-04,401121603,288,
2019-03-04,401121603,338,
2019-03-04,401088993,2029,
2019-03-04,401088993,2296,
2019-03-04,401089005,2400,
2019-03-04,401089005,2755,
2019-03-04,401086968,149,
2019-03-04,401086968,2464,
2019-03-04,401083447,2628,
2019-03-04,401083447,2306,18.0
2019-03-04,401083493,2641,8.0
2019-03-04,401083493,251,
2019-03-04,401082693,150,4.0
2019-03-04,401082693,154,
2019-03-04,401086640,261,
2019-03-04,401086640,2349,
2019-03-04,401085749,2244,
2019-03-04,401085749,2670,
2019-03-04,401082818,2390,
2019-03-04,401082818,221,
2019-03-04,401085618,2168,
2019-03-04,401085618,2325,
2019-03-04,401085676,113,
2019-03-04,401085676,257,
2019-03-04,401086295,2230,
2019-03-04,401086295,45,
2019-03-04,401118869,295,
2019-03-04,401118869,2572,
2019-03-04,401118871,2226,
2019-03-04,401118871,2348,
2019-03-04,401118872,276,
2019-03-04,401118872,2229,
2019-03-04,401118873,2429,
2019-03-04,401118873,242,
2019-03-04,401121793,2523,
2019-03-04,401121793,2597,
2019-03-04,401121795,161,
2019-03-04,401121795,2681,
2019-03-04,401121796,2598,
2019-03-04,401121796,2803,
2019-03-04,401121812,94,
2019-03-04,401121812,2174,
2019-03-04,401121813,2473,
2019-03-04,401121813,2754,
2019-03-04,401083122,57,
2019-03-04,401083122,99,10.0
2019-03-04,401089134,2377,
2019-03-04,401089134,357,
2019-03-04,401089383,2534,
2019-03-04,401089383,2110,
2019-03-04,401085594,2166,
2019-03-04,401085594,179,
2019-03-04,401083424,277,
2019-03-04,401083424,66,
2019-03-04,401082579,164,
2019-03-04,401082579,213,
2019-03-04,401084827,2724,
2019-03-04,401084827,151,
2019-03-04,401089175,2000,
2019-03-04,401089175,2617,
2019-03-04,401121814,2739,
2019-03-04,401121814,82,
2019-03-04,401121815,2750,
2019-03-04,401121815,85,
2019-03-04,401082511,135,
2019-03-04,401082511,2509,11.0
2019-03-04,401082640,103,
2019-03-04,401082640,153,3.0
2019-03-04,401082972,333,
2019-03-04,401082972,2,
2019-03-04,401089660,36,
2019-03-04,401089660,328,
2019-03-04,401083266,2550,
2019-03-04,401083266,269,16.0
2019-03-04,401083546,201,
2019-03-04,401083546,2305,13.0
2019-03-04,401083103,145,
2019-03-04,401083103,96,6.0
2019-03-04,401082995,2633,5.0
2019-03-04,401082995,344,
2019-03-04,401089599,2005,
2019-03-04,401089599,2440,17.0
2019-03-04,401121794,2529,
2019-03-04,401121794,112358,
2019-03-04,401083061,61,
2019-03-04,401083061,142,
2019-03-04,401087896,163,
2019-03-04,401087896,225,
2019-03-04,401121610,2678,
2019-03-04,401121610,2717,
2019-03-04,401088035,172,
2019-03-04,401088035,159,
2019-03-04,401118878,2229,
2019-03-04,401118878,249,
2019-03-04,401121693,2571,
2019-03-04,401121693,2710,
2019-03-04,401121802,2514,
2019-03-04,401121802,2405,
2019-03-04,401121714,2057,
2019-03-04,401121714,93,
2019-03-04,401082469,127,9.0
2019-03-04,401082469,130,7.0
2019-03-04,401121615,231,
2019-03-04,401121615,2382,
2019-03-04,401087937,171,
2019-03-04,401087937,108,
2019-03-04,401089479,2320,
2019-03-04,401089479,2377,
2019-03-04,401087897,219,
2019-03-04,401087897,225,
2019-03-04,401088431,163,
2019-03-04,401088431,43,
2019-03-04,401121614,2430,
2019-03-04,401121614,2535,
2019-03-04,401121580,2181,
2019-03-04,401121580,2460,
2019-03-04,401121784,2210,
2019-03-04,401121784,350,
2019-03-04,401086233,166,
2019-03-04,401086233,2856,
2019-03-04,401121786,2729,
2019-03-04,401121786,48,
2019-03-04,401121616,2747,22.0
2019-03-04,401121616,2193,
2019-03-04,401121787,111,
2019-03-04,401121787,350,
2019-03-04,401121801,314,
2019-03-04,401121801,2561,
2019-03-04,401121695,2449,
2019-03-04,401121695,198,
2019-03-04,401121788,232,
2019-03-04,401121788,2182,
2019-03-04,401121785,2275,
2019-03-04,401121785,256,
2019-03-04,401087249,2239,
2019-03-04,401087249,62,
2019-03-04,401084833,235,
2019-03-04,401084833,202,
2019-03-04,401121694,2437,
2019-03-04,401121694,155,
2019-03-04,401121803,2520,
2019-03-04,401121803,2561,
2019-03-04,401121985,2539,
2019-03-04,401121985,2492,
2019-03-04,401121986,252,
2019-03-04,401121986,301,
2019-03-04,401121984,2541,
2019-03-04,401121984,301,
2019-03-04,401083336,2550,
2019-03-04,401083336,222,23.0
2019-03-04,401121706,2378,
2019-03-04,401121706,399,
2019-03-04,401121578,79,
2019-03-04,401121578,2460,
2019-03-04,401121983,2351,
2019-03-04,401121983,2492,
2019-03-04,401082445,120,24.0
2019-03-04,401082445,135,
2019-03-04,401121611,2535,
2019-03-04,401121611,2643,
2019-03-04,401087034,12,
2019-03-04,401087034,9,
2019-03-04,401089661,36,
2019-03-04,401089661,2439,
2019-03-04,401121783,256,
2019-03-04,401121783,119,
2019-03-04,401082780,258,2.0
2019-03-04,401082780,97,
2019-03-04,401083349,2752,
2019-03-04,401083349,2599,
2019-03-04,401088048,290,
2019-03-04,401088048,2247,
2019-03-04,401121613,2193,
2019-03-04,401121613,236,
2019-03-04,401086231,2130,
2019-03-04,401086231,140,
2019-03-04,401087922,250,
2019-03-04,401087922,326,
2019-03-04,401118875,5,
2019-03-04,401118875,295,
2019-03-04,401121604,2454,
2019-03-04,401121604,2453,
2019-03-11,401120739,127,6.0
2019-03-11,401120739,130,10.0
2019-03-11,401120719,201,
2019-03-11,401120719,277,
2019-03-11,401120707,58,
2019-03-11,401120707,41,
2019-03-11,401119812,57,
2019-03-11,401119812,8,
2019-03-11,401120700,258,2.0
2019-03-11,401120700,152,
2019-03-11,401120729,194,
2019-03-11,401120729,84,
2019-03-11,401120720,239,
2019-03-11,401120720,66,
2019-03-11,401121724,2084,18.0
2019-03-11,401121724,2006,
2019-03-11,401120742,222,25.0
2019-03-11,401120742,2507,
2019-03-11,401121520,227,
2019-03-11,401121520,2325,
2019-03-11,401120752,2483,
2019-03-11,401120752,265,
2019-03-11,401121641,276,
2019-03-11,401121641,242,
2019-03-11,401121640,2229,
2019-03-11,401121640,249,
2019-03-11,401120743,2752,
2019-03-11,401120743,156,
2019-03-11,401120741,2599,
2019-03-11,401120741,305,
2019-03-11,401120699,183,
2019-03-11,401120699,221,
2019-03-11,401120728,356,
2019-03-11,401120728,77,
2019-03-11,401120751,26,
2019-03-11,401120751,24,
2019-03-11,401119811,245,
2019-03-11,401119811,238,
2019-03-11,401121583,357,
2019-03-11,401121583,2110,
2019-03-11,401121738,2448,
2019-03-11,401121738,2154,
2019-03-11,401121851,2142,
2019-03-11,401121851,2083,
2019-03-11,401121638,5,
2019-03-11,401121638,2393,
2019-03-11,401121639,2348,
2019-03-11,401121639,2226,
2019-03-11,401121776,149,
2019-03-11,401121776,16,
2019-03-11,401121521,2244,
2019-03-11,401121521,45,
2019-03-11,401120717,248,11.0
2019-03-11,401120717,2132,24.0
2019-03-11,401121597,21,
2019-03-11,401121597,2439,
2019-03-11,401121634,295,
2019-03-11,401121634,2348,
2019-03-11,401120731,135,
2019-03-11,401120731,213,
2019-03-11,401119814,145,
2019-03-11,401119814,333,
2019-03-11,401121726,2649,
2019-03-11,401121726,2459,
2019-03-11,401121735,2428,
2019-03-11,401121735,2169,
2019-03-11,401121621,309,
2019-03-11,401121621,6,
2019-03-11,401121584,2443,
2019-03-11,401121584,2320,
2019-03-11,401121524,2184,
2019-03-11,401121524,2603,
2019-03-11,401121834,2239,
2019-03-11,401121834,302,
2019-03-11,401121711,292,
2019-03-11,401121711,2934,
2019-03-11,401120754,204,
2019-03-11,401120754,38,
2019-03-11,401121725,2309,
2019-03-11,401121725,2117,
2019-03-11,401121777,2692,
2019-03-11,401121777,2502,
2019-03-11,401120708,235,
2019-03-11,401120708,2655,
2019-03-11,401119813,2,22.0
2019-03-11,401119813,142,
2019-03-11,401120730,120,21.0
2019-03-11,401120730,158,
2019-03-11,401120701,52,12.0
2019-03-11,401120701,259,16.0
2019-03-11,401121596,2440,14.0
2019-03-11,401121596,68,
2019-03-11,401121833,2540,
2019-03-11,401121833,2463,
2019-03-11,401121710,166,
2019-03-11,401121710,2130,
2019-03-11,401120753,264,
2019-03-11,401120753,30,
2019-03-11,401120721,2306,15.0
2019-03-11,401120721,2628,
2019-03-11,401121595,2005,
2019-03-11,401121595,23,
2019-03-11,401120740,2507,
2019-03-11,401120740,2086,
2019-03-11,401120718,2628,
2019-03-11,401120718,197,
2019-03-11,401121698,2437,
2019-03-11,401121698,2870,
2019-03-11,401121792,2598,
2019-03-11,401121792,161,
2019-03-11,401121791,2275,
2019-03-11,401121791,111,
2019-03-11,401121702,2378,
2019-03-11,401121702,42,
2019-03-11,401121701,261,
2019-03-11,401121701,2066,
2019-03-11,401120695,103,
2019-03-11,401120695,221,
2019-03-11,401121739,2379,
2019-03-11,401121739,2569,
2019-03-11,401120694,59,
2019-03-11,401120694,87,
2019-03-11,401120693,2390,
2019-03-11,401120693,154,
2019-03-11,401121842,2608,
2019-03-11,401121842,301,
2019-03-11,401121811,94,
2019-03-11,401121811,2473,
2019-03-11,401121841,2250,1.0
2019-03-11,401121841,2492,
2019-03-11,401120698,97,
2019-03-11,401120698,87,
2019-03-11,401121799,314,
2019-03-11,401121799,2405,
2019-03-11,401121729,2459,
2019-03-11,401121729,195,
2019-03-11,401121790,111,
2019-03-11,401121790,232,
2019-03-11,401121731,2006,
2019-03-11,401121731,193,
2019-03-11,401121618,2747,20.0
2019-03-11,401121618,2430,
2019-03-11,401121810,2750,
2019-03-11,401121810,2739,
2019-03-11,401121730,2199,
2019-03-11,401121730,2050,
2019-03-11,401121728,2117,
2019-03-11,401121728,2711,
2019-03-11,401121697,2449,
2019-03-11,401121697,2710,
2019-03-11,401121789,2275,
2019-03-11,401121789,48,
2019-03-11,401121619,6,
2019-03-11,401121619,2032,
2019-03-11,401121620,2433,
2019-03-11,401121620,2026,
2019-03-11,401121740,2154,
2019-03-11,401121740,2415,
2019-03-11,401119810,142,
2019-03-11,401119810,61,
2019-03-11,401120727,164,
2019-03-11,401120727,158,
2019-03-11,401121737,2450,
2019-03-11,401121737,2569,
2019-03-11,401121582,2320,
2019-03-11,401121582,2277,
2019-03-11,401120750,38,
2019-03-11,401120750,25,
2019-03-11,401121781,147,
2019-03-11,401121781,70,
2019-03-11,401121594,167,
2019-03-11,401121594,2751,
2019-03-11,401121519,257,
2019-03-11,401121519,2230,
2019-03-11,401120749,30,
2019-03-11,401120749,12,
2019-03-11,401121782,253,
2019-03-11,401121782,304,
2019-03-11,401121593,68,
2019-03-11,401121593,36,
2019-03-11,401121518,45,
2019-03-11,401121518,113,
2019-03-11,401120696,152,
2019-03-11,401120696,228,
2019-03-11,401121780,2464,
2019-03-11,401121780,16,
2019-03-11,401121855,2296,
2019-03-11,401121855,2011,
2019-03-11,401121854,2640,
2019-03-11,401121854,2582,
2019-03-11,401121853,2755,
2019-03-11,401121853,2029,
2019-03-11,401121852,2504,
2019-03-11,401121852,2016,
2019-03-11,401120744,269,23.0
2019-03-11,401120744,2599,
2019-03-11,401120722,2641,7.0
2019-03-11,401120722,277,
2019-03-11,401120702,153,3.0
2019-03-11,401120702,97,
2019-03-11,401120705,153,3.0
2019-03-11,401120705,150,5.0
2019-03-11,401121538,179,
2019-03-11,401121538,227,
2019-03-11,401121628,108,
2019-03-11,401121628,219,
2019-03-11,401120758,9,
2019-03-11,401120758,2483,
2019-03-11,401121709,3084,
2019-03-11,401121709,2253,
2019-03-11,401121601,328,
2019-03-11,401121601,278,
2019-03-11,401121775,331,
2019-03-11,401121775,253,
2019-03-11,401120725,2305,17.0
2019-03-11,401120725,277,
2019-03-11,401121587,2000,
2019-03-11,401121587,2545,
2019-03-11,401119818,2633,8.0
2019-03-11,401119818,344,
2019-03-11,401121837,300,
2019-03-11,401121837,299,
2019-03-11,401120736,130,10.0
2019-03-11,401120736,2294,
2019-03-11,401120747,269,23.0
2019-03-11,401120747,2550,
2019-03-11,401120714,218,
2019-03-11,401120714,2724,
2019-03-11,401121723,189,
2019-03-11,401121723,2459,
2019-03-11,401120737,127,6.0
2019-03-11,401120737,275,19.0
2019-03-11,401121629,43,
2019-03-11,401121629,163,
2019-03-11,401119821,96,4.0
2019-03-11,401119821,2633,8.0
2019-03-11,401121627,2247,
2019-03-11,401121627,250,
2019-03-11,401121540,179,
2019-03-11,401121540,139,
2019-03-11,401121631,295,
2019-03-11,401121631,98,
2019-03-11,401121626,250,
2019-03-11,401121626,290,
2019-03-11,401121625,2247,
2019-03-11,401121625,326,
2019-03-11,401121539,2166,
2019-03-11,401121539,139,
2019-03-11,401121537,2168,
2019-03-11,401121537,139,
2019-03-11,401121635,2636,
2019-03-11,401121635,5,
2019-03-11,401121713,2253,
2019-03-11,401121713,2547,
2019-03-11,401120710,2724,
2019-03-11,401120710,151,
2019-03-11,401121637,2572,
2019-03-11,401121637,276,
2019-03-11,401120723,2305,17.0
2019-03-11,401120723,251,
2019-03-11,401120745,2550,
2019-03-11,401120745,46,
2019-03-11,401121835,300,
2019-03-11,401121835,27,
2019-03-11,401121712,3084,
2019-03-11,401121712,140,
2019-03-11,401121622,324,
2019-03-11,401121622,2433,
2019-03-11,401121736,47,
2019-03-11,401121736,2065,
2019-03-11,401120709,202,
2019-03-11,401120709,2567,
2019-03-11,401121778,2458,
2019-03-11,401121778,253,
2019-03-11,401121836,62,
2019-03-11,401121836,299,
2019-03-11,401120756,254,
2019-03-11,401120756,2483,
2019-03-11,401121534,2670,
2019-03-11,401121534,227,
2019-03-11,401120735,2509,13.0
2019-03-11,401120735,135,
2019-03-11,401121586,2534,
2019-03-11,401121586,2443,
2019-03-11,401119817,2579,
2019-03-11,401119817,2,22.0
2019-03-11,401120712,2116,
2019-03-11,401120712,235,
2019-03-11,401119816,99,9.0
2019-03-11,401119816,57,
2019-03-11,401121741,2542,
2019-03-11,401121741,2169,
