week,game,team_id,rank
2016-11-07,400915902,62,
2016-11-07,400915902,326,
2016-11-07,400916470,202,
2016-11-07,400916470,55,
2016-11-07,400919508,5,
2016-11-07,400919508,2029,
2016-11-07,400918132,79,
2016-11-07,400918132,2750,
2016-11-07,400917662,93,
2016-11-07,400917662,2287,
2016-11-07,400917660,2198,
2016-11-07,400917660,85,
2016-11-07,400916997,2459,
2016-11-07,400916997,282,
2016-11-07,400916996,315,
2016-11-07,400916996,2084,
2016-11-07,400916994,139,
2016-11-07,400916994,2050,
2016-11-07,400916473,248,
2016-11-07,400916473,2415,
2016-11-07,400916472,2567,
2016-11-07,400916472,2241,
2016-11-07,400916471,151,
2016-11-07,400916471,2755,
2016-11-07,400916271,2674,
2016-11-07,400916271,253,
2016-11-07,400911020,251,21.0
2016-11-07,400911020,2916,
2016-11-07,400916121,197,
2016-11-07,400916121,2097,
2016-11-07,400915896,2449,
2016-11-07,400915896,2032,
2016-11-07,400915209,59,
2016-11-07,400915209,2635,
2016-11-07,400915128,77,
2016-11-07,400915128,2400,
2016-11-07,400915083,135,
2016-11-07,400915083,309,
2016-11-07,400910722,344,
2016-11-07,400910722,2450,
2016-11-07,400910575,8,
2016-11-07,400910575,2870,
2016-11-07,400918629,2066,
2016-11-07,400918629,172,
2016-11-07,400917665,2634,
2016-11-07,400917665,302,
2016-11-07,400916120,2641,
2016-11-07,400916120,2277,
2016-11-07,400916122,66,24.0
2016-11-07,400916122,2542,
2016-11-07,400914921,275,9.0
2016-11-07,400914921,2110,
2016-11-07,400915708,2541,
2016-11-07,400915708,2464,
2016-11-07,400919641,2599,
2016-11-07,400919641,2065,
2016-11-07,400915486,25,
2016-11-07,400915486,2571,
2016-11-07,400917868,2181,
2016-11-07,400917868,233,
2016-11-07,400918109,2724,
2016-11-07,400918109,2569,
2016-11-07,400914992,2294,
2016-11-07,400914992,338,
2016-11-07,400910605,2,
2016-11-07,400910605,2454,
2016-11-07,400915117,2305,3.0
2016-11-07,400915117,84,11.0
2016-11-07,400915219,2655,
2016-11-07,400915219,153,6.0
2016-11-07,400915705,2250,14.0
2016-11-07,400915705,3084,
2016-11-07,400915485,26,16.0
2016-11-07,400915485,279,
2016-11-07,400917464,156,22.0
2016-11-07,400917464,140,
2016-11-07,400917663,356,
2016-11-07,400917663,2546,
2016-11-07,400918173,2623,
2016-11-07,400918173,2010,
2016-11-07,400916123,2306,
2016-11-07,400916123,2710,
2016-11-07,400915484,9,
2016-11-07,400915484,2502,
2016-11-07,400915483,204,
2016-11-07,400915483,2504,
2016-11-07,400915482,38,
2016-11-07,400915482,16,
2016-11-07,400915495,26,16.0
2016-11-07,400915495,2463,
2016-11-07,400915146,2426,
2016-11-07,400915146,194,
2016-11-07,400915042,130,
2016-11-07,400915042,47,
2016-11-07,400910806,245,
2016-11-07,400910806,2466,
2016-11-07,400910540,333,
2016-11-07,400910540,324,
2016-11-07,400918190,2350,
2016-11-07,400918190,2016,
2016-11-07,400915218,154,
2016-11-07,400915218,2515,
2016-11-07,400910632,57,
2016-11-07,400910632,526,
2016-11-07,400915214,150,1.0
2016-11-07,400915214,2368,
2016-11-07,400915216,103,
2016-11-07,400915216,2447,
2016-11-07,400916841,232,
2016-11-07,400916841,2643,
2016-11-07,400916840,2193,
2016-11-07,400916840,2230,
2016-11-07,400916838,257,
2016-11-07,400916838,2678,
2016-11-07,400916660,2670,
2016-11-07,400916660,2427,
2016-11-07,400916659,2506,
2016-11-07,400916659,231,
2016-11-07,400916474,2132,
2016-11-07,400916474,225,
2016-11-07,400916469,218,
2016-11-07,400916469,2325,
2016-11-07,400916468,58,
2016-11-07,400916468,50,
2016-11-07,400916119,239,
2016-11-07,400916119,198,
2016-11-07,400915481,265,
2016-11-07,400915481,147,
2016-11-07,400915213,221,
2016-11-07,400915213,2199,
2016-11-07,400910679,96,2.0
2016-11-07,400910679,2617,
2016-11-07,400915211,152,
2016-11-07,400915211,290,
2016-11-07,400915210,2390,
2016-11-07,400915210,2717,
2016-11-07,400915208,228,
2016-11-07,400915208,61,
2016-11-07,400915164,213,
2016-11-07,400915164,399,
2016-11-07,400910792,2633,
2016-11-07,400910792,236,
2016-11-07,400910758,145,
2016-11-07,400910758,2630,
2016-11-07,400918290,222,4.0
2016-11-07,400918290,322,
2016-11-07,400910818,269,
2016-11-07,400910818,238,
2016-11-07,400910775,2579,
2016-11-07,400910775,2348,
2016-11-07,400918414,113,
2016-11-07,400918414,2349,
2016-11-07,400916995,2473,
2016-11-07,400916995,189,
2016-11-07,400917382,2217,
2016-11-07,400917382,2529,
2016-11-07,400917383,2083,
2016-11-07,400917383,2363,
2016-11-07,400917384,2261,
2016-11-07,400917384,2520,
2016-11-07,400918291,2752,7.0
2016-11-07,400918291,2329,
2016-11-07,400915217,2430,
2016-11-07,400915217,258,8.0
2016-11-07,400915062,127,12.0
2016-11-07,400915062,12,10.0
2016-11-07,400915215,97,13.0
2016-11-07,400915215,339,
2016-11-07,400915182,2509,15.0
2016-11-07,400915182,2377,
2016-11-07,400916467,41,18.0
2016-11-07,400916467,2681,
2016-11-07,400915212,183,19.0
2016-11-07,400915212,2142,
2016-11-07,400916117,277,20.0
2016-11-07,400916117,116,
2016-11-07,400918430,227,23.0
2016-11-07,400918430,159,
2016-11-07,400915018,120,25.0
2016-11-07,400915018,44,
2016-11-07,400919632,2275,
2016-11-07,400919632,2154,
2016-11-07,400919470,295,
2016-11-07,400919470,256,
2016-11-07,400919134,2550,
2016-11-07,400919134,161,
2016-11-07,400919132,2523,
2016-11-07,400919132,219,
2016-11-07,400918734,2619,
2016-11-07,400918734,171,
2016-11-07,400918658,2115,
2016-11-07,400918658,42,
2016-11-07,400918361,45,
2016-11-07,400918361,2379,
2016-11-07,400918292,2184,
2016-11-07,400918292,2352,
2016-11-07,400918289,111,
2016-11-07,400918289,104,
2016-11-07,400917658,2168,
2016-11-07,400917658,2046,
2016-11-07,400917385,2405,
2016-11-07,400917385,2182,
2016-11-07,400915706,2492,
2016-11-07,400915706,13,
2016-11-07,400915220,259,
2016-11-07,400915220,311,
2016-11-07,400915709,2501,
2016-11-07,400915709,27,
2016-11-07,400915224,152,
2016-11-07,400915224,2597,
2016-11-07,400920416,2169,
2016-11-07,400920416,2640,
2016-11-07,400919482,256,
2016-11-07,400919482,242,
2016-11-07,400917387,2561,
2016-11-07,400917387,172,
2016-11-07,400916663,2344,
2016-11-07,400916663,311,
2016-11-07,400915901,250,
2016-11-07,400915901,2640,
2016-11-07,400917000,2754,
2016-11-07,400917000,2006,
2016-11-07,400919532,98,
2016-11-07,400919532,2011,
2016-11-07,400915900,2166,
2016-11-07,400915900,2026,
2016-11-07,400916272,2086,
2016-11-07,400916272,2458,
2016-11-07,400918376,2244,
2016-11-07,400918376,119,
2016-11-07,400917003,2603,
2016-11-07,400917003,2649,
2016-11-07,400915222,150,1.0
2016-11-07,400915222,2253,
2016-11-07,400917670,2630,
2016-11-07,400917670,292,
2016-11-07,400915196,164,
2016-11-07,400915196,2182,
2016-11-07,400917001,325,
2016-11-07,400917001,2309,
2016-11-07,400910680,96,2.0
2016-11-07,400910680,2099,
2016-11-07,400918110,2724,
2016-11-07,400918110,299,
2016-11-07,400915101,158,
2016-11-07,400915101,16,
2016-11-07,400910741,142,
2016-11-07,400910741,2010,
2016-11-07,400910633,57,
2016-11-07,400910633,2382,
2016-11-07,400917669,2226,
2016-11-07,400917669,2565,
2016-11-07,400919135,305,
2016-11-07,400919135,2523,
2016-11-07,400916275,2239,
2016-11-07,400916275,2502,
2016-11-07,400915493,264,
2016-11-07,400915493,43,
2016-11-07,400915492,30,
2016-11-07,400915492,2437,
2016-11-07,400918564,356,
2016-11-07,400918564,94,
2016-11-07,400917466,36,
2016-11-07,400917466,166,
2016-11-07,400910776,2579,
2016-11-07,400910776,107,
2016-11-07,400918250,71,
2016-11-07,400918250,48,
2016-11-07,400916124,201,
2016-11-07,400916124,2466,
2016-11-07,400915491,204,
2016-11-07,400915491,2636,
2016-11-07,400918748,2379,
2016-11-07,400918748,2378,
2016-11-07,400917667,2413,
2016-11-07,400917667,288,
2016-11-07,400917869,2540,
2016-11-07,400917869,2437,
2016-11-07,400917870,2172,
2016-11-07,400917870,294,
2016-11-07,400916267,167,
2016-11-07,400916267,304,
2016-11-07,400915487,30,
2016-11-07,400915487,149,
2016-11-07,400915488,2483,5.0
2016-11-07,400915488,349,
2016-11-07,400919525,278,
2016-11-07,400919525,2636,
2016-11-07,400918952,300,
2016-11-07,400918952,328,
2016-11-07,400915223,87,
2016-11-07,400915223,2803,
2016-11-07,400917002,195,
2016-11-07,400917002,2582,
2016-11-07,400915489,24,
2016-11-07,400915489,108,
2016-11-07,400915898,2439,
2016-11-07,400915898,6,
2016-11-07,400910703,99,
2016-11-07,400910703,2747,
2016-11-07,400915711,21,
2016-11-07,400915711,301,
2016-11-07,400915710,2539,
2016-11-07,400915710,82,
2016-11-07,400918844,46,
2016-11-07,400918844,2908,
2016-11-07,400919426,276,
2016-11-07,400919426,2428,
2016-11-07,400915221,52,
2016-11-07,400915221,2127,
2016-11-07,400917386,2514,
2016-11-07,400917386,261,
2016-11-07,400918468,179,
2016-11-07,400918468,2598,
2016-11-07,400915704,2608,17.0
2016-11-07,400915704,2440,
2016-11-07,400916270,2692,
2016-11-07,400916270,109597,
2016-11-07,400922402,2031,
2016-11-07,400922402,3079,
2016-11-07,400925706,2547,
2016-11-07,400925706,2486,
2016-11-07,400916998,2117,
2016-11-07,400916998,3192,
2016-11-07,400916999,2711,
2016-11-07,400916999,3098,
2016-11-07,400918155,2460,
2016-11-07,400918155,2141,
2016-11-07,400916118,2628,
2016-11-07,400916118,3170,
2016-11-07,400915895,2247,
2016-11-07,400915895,7639,
2016-11-07,400918718,160,
2016-11-07,400918718,477,
2016-11-07,400921254,193,
2016-11-07,400921254,332,
2016-11-07,400922381,2296,
2016-11-07,400922381,2753,
2016-11-07,400916269,155,
2016-11-07,400916269,509,
2016-11-07,400915894,2433,
2016-11-07,400915894,2113,
2016-11-07,400916268,,
2016-11-07,400920529,2448,
2016-11-07,400920529,2256,
2016-11-07,400919944,2751,
2016-11-07,400919944,2714,
2016-11-07,400917659,2197,
2016-11-07,400917659,2595,
2016-11-07,400918498,2174,
2016-11-07,400918498,2003,
2016-11-07,400915707,2351,
2016-11-07,400915707,2585,
2016-11-07,400919616,2210,
2016-11-07,400919616,108807,
2016-11-07,400919820,68,
2016-11-07,400919820,2465,
2016-11-07,400919782,350,
2016-11-07,400919782,2133,
2016-11-07,400918818,2885,
2016-11-07,400918818,108862,
2016-11-07,400919497,2572,
2016-11-07,400919497,2650,
2016-11-07,400919454,249,
2016-11-07,400919454,2834,
2016-11-07,400919344,2429,
2016-11-07,400919344,2444,
2016-11-07,400918856,56,
2016-11-07,400918856,2691,
2016-11-07,400915897,2653,
2016-11-07,400915897,2648,
2016-11-07,400922168,2534,
2016-11-07,400922168,2326,
2016-11-07,400916661,2272,
2016-11-07,400916661,2047,
2016-11-07,400915490,254,
2016-11-07,400915490,2887,
2016-11-07,400916662,2737,
2016-11-07,400916662,366,
2016-11-07,400925707,2130,
2016-11-07,400925707,73,
2016-11-07,400921981,23,
2016-11-07,400921981,110418,
2016-11-07,400919517,2638,
2016-11-07,400919517,2347,
2016-11-07,400917465,2934,
2016-11-07,400917465,3096,
2016-11-07,400916273,70,
2016-11-07,400916273,3106,
2016-11-07,400922272,2729,
2016-11-07,400922272,2079,
2016-11-07,400916658,2335,
2016-11-07,400916658,3216,
2016-11-07,400919133,112358,
2016-11-07,400919133,212,
2016-11-07,400918517,2739,
2016-11-07,400918517,2462,
2016-11-07,400919385,2229,
2016-11-07,400919385,2227,
2016-11-07,400919799,2005,
2016-11-07,400919799,562,
2016-11-07,400921966,2000,
2016-11-07,400921966,2544,
2016-11-07,400924258,270,
2016-11-07,400924258,110437,
2016-11-07,400922190,357,
2016-11-07,400922190,3158,
2016-11-07,400922177,2545,
2016-11-07,400922177,2398,
2016-11-07,400922148,2443,
2016-11-07,400922148,548,
2016-11-07,400922102,2320,
2016-11-07,400922102,2758,
2016-11-07,400919442,2393,
2016-11-07,400919442,2397,
2016-11-14,400915515,26,16.0
2016-11-14,400915515,299,
2016-11-14,400915502,204,
2016-11-14,400915502,2320,
2016-11-14,400915085,135,
2016-11-14,400915085,116,
2016-11-14,400916131,197,
2016-11-14,400916131,2443,
2016-11-14,400916483,235,
2016-11-14,400916483,270,
2016-11-14,400916484,2724,
2016-11-14,400916484,202,
2016-11-14,400917468,292,
2016-11-14,400917468,357,
2016-11-14,400917676,2710,
2016-11-14,400917676,2546,
2016-11-14,400918549,82,
2016-11-14,400918549,2636,
2016-11-14,400919483,242,
2016-11-14,400919483,2640,
2016-11-14,400922178,2545,
2016-11-14,400922178,2296,
2016-11-14,400916281,2459,
2016-11-14,400916281,70,
2016-11-14,400921122,2717,
2016-11-14,400921122,2428,
2016-11-14,400916283,3084,
2016-11-14,400916283,304,
2016-11-14,400916850,166,
2016-11-14,400916850,2535,
2016-11-14,400917674,98,
2016-11-14,400917674,55,
2016-11-14,400915723,2540,
2016-11-14,400915723,2539,
2016-11-14,400918964,2439,
2016-11-14,400918964,27,
2016-11-14,400915722,2608,17.0
2016-11-14,400915722,2504,
2016-11-14,400915503,25,25.0
2016-11-14,400915503,300,
2016-11-14,400915239,2166,
2016-11-14,400915239,228,
2016-11-14,400918974,222,3.0
2016-11-14,400918974,2711,
2016-11-14,400922268,2065,
2016-11-14,400922268,338,
2016-11-14,400919403,2348,
2016-11-14,400919403,2011,
2016-11-14,400915240,2638,
2016-11-14,400915240,154,
2016-11-14,400917395,42,
2016-11-14,400917395,2520,
2016-11-14,400915720,23,
2016-11-14,400915720,2501,
2016-11-14,400915721,2492,
2016-11-14,400915721,2692,
2016-11-14,400915499,12,10.0
2016-11-14,400915499,2934,
2016-11-14,400915130,2086,
2016-11-14,400915130,77,
2016-11-14,400915237,87,
2016-11-14,400915237,2547,
2016-11-14,400915238,2454,
2016-11-14,400915238,2390,
2016-11-14,400915911,526,
2016-11-14,400915911,250,
2016-11-14,400915912,324,
2016-11-14,400915912,2154,
2016-11-14,400917013,2309,
2016-11-14,400917013,2400,
2016-11-14,400917396,2368,
2016-11-14,400917396,261,
2016-11-14,400915118,84,6.0
2016-11-14,400915118,2349,
2016-11-14,400917675,276,
2016-11-14,400917675,2413,
2016-11-14,400917875,2287,
2016-11-14,400917875,2870,
2016-11-14,400918296,2083,
2016-11-14,400918296,2523,
2016-11-14,400918297,172,
2016-11-14,400918297,2142,
2016-11-14,400918298,112358,
2016-11-14,400918298,2352,
2016-11-14,400918319,2184,
2016-11-14,400918319,2598,
2016-11-14,400918631,2066,
2016-11-14,400918631,2115,
2016-11-14,400918749,2378,
2016-11-14,400918749,2169,
2016-11-14,400918431,227,21.0
2016-11-14,400918431,225,
2016-11-14,400910742,142,
2016-11-14,400910742,2752,11.0
2016-11-14,400915241,97,12.0
2016-11-14,400915241,299,
2016-11-14,400915236,2305,7.0
2016-11-14,400915236,150,1.0
2016-11-14,400917879,23,
2016-11-14,400917879,2172,
2016-11-14,400917678,2635,
2016-11-14,400917678,2010,
2016-11-14,400910607,2,
2016-11-14,400910607,2198,
2016-11-14,400914994,2294,
2016-11-14,400914994,2550,
2016-11-14,400915505,38,
2016-11-14,400915505,2433,
2016-11-14,400915725,252,
2016-11-14,400915725,2154,
2016-11-14,400915506,2483,4.0
2016-11-14,400915506,2674,
2016-11-14,400915044,269,
2016-11-14,400915044,130,
2016-11-14,400915507,24,
2016-11-14,400915507,2692,
2016-11-14,400915726,2351,
2016-11-14,400915726,41,
2016-11-14,400915508,264,
2016-11-14,400915508,2239,
2016-11-14,400914923,275,9.0
2016-11-14,400914923,2130,
2016-11-14,400915509,26,16.0
2016-11-14,400915509,301,
2016-11-14,400916672,2241,
2016-11-14,400916672,2199,
2016-11-14,400918193,2603,
2016-11-14,400918193,2350,
2016-11-14,400917881,85,
2016-11-14,400917881,47,
2016-11-14,400910760,145,
2016-11-14,400910760,198,
2016-11-14,400915197,305,
2016-11-14,400915197,164,
2016-11-14,400911022,,
2016-11-14,400915504,9,
2016-11-14,400915504,2460,
2016-11-14,400916487,2429,
2016-11-14,400916487,151,
2016-11-14,400910723,2116,
2016-11-14,400910723,344,
2016-11-14,400915913,46,
2016-11-14,400915913,2032,
2016-11-14,400910634,57,
2016-11-14,400910634,179,
2016-11-14,400910658,61,
2016-11-14,400910658,231,
2016-11-14,400915148,194,
2016-11-14,400915148,2507,
2016-11-14,400915242,2567,
2016-11-14,400915242,221,
2016-11-14,400916132,201,
2016-11-14,400916132,2655,
2016-11-14,400916485,58,
2016-11-14,400916485,2210,
2016-11-14,400916486,113,
2016-11-14,400916486,218,
2016-11-14,400916671,2908,
2016-11-14,400916671,2427,
2016-11-14,400918299,43,
2016-11-14,400918299,2329,
2016-11-14,400918362,45,
2016-11-14,400918362,2029,
2016-11-14,400918719,160,
2016-11-14,400918719,2000,
2016-11-14,400918820,322,
2016-11-14,400918820,2885,
2016-11-14,400918975,232,
2016-11-14,400918975,68,
2016-11-14,400917014,2006,
2016-11-14,400917014,44,
2016-11-14,400922169,2534,
2016-11-14,400922169,2582,
2016-11-14,400915916,5,
2016-11-14,400915916,2653,
2016-11-14,400917677,139,
2016-11-14,400917677,2197,
2016-11-14,400915500,24,
2016-11-14,400915500,2463,
2016-11-14,400910819,238,
2016-11-14,400910819,2057,
2016-11-14,400915227,59,
2016-11-14,400915227,2582,
2016-11-14,400916664,2430,
2016-11-14,400916664,2506,
2016-11-14,400910576,8,
2016-11-14,400910576,79,
2016-11-14,400910807,245,
2016-11-14,400910807,44,
2016-11-14,400916126,197,
2016-11-14,400916126,2110,
2016-11-14,400916278,139,
2016-11-14,400916278,253,
2016-11-14,400917005,2752,11.0
2016-11-14,400917005,2084,
2016-11-14,400918819,328,
2016-11-14,400918819,2885,
2016-11-14,400916127,66,20.0
2016-11-14,400916127,116,
2016-11-14,400917006,2635,
2016-11-14,400917006,2117,
2016-11-14,400910606,2,
2016-11-14,400910606,2247,
2016-11-14,400915183,2509,15.0
2016-11-14,400915183,222,3.0
2016-11-14,400915229,97,12.0
2016-11-14,400915229,2729,
2016-11-14,400917008,195,
2016-11-14,400917008,2534,
2016-11-14,400916477,2116,
2016-11-14,400916477,2447,
2016-11-14,400916478,41,
2016-11-14,400916478,111,
2016-11-14,400916479,151,
2016-11-14,400916479,2448,
2016-11-14,400916845,2193,
2016-11-14,400916845,2174,
2016-11-14,400917390,2612,
2016-11-14,400917390,322,
2016-11-14,400916128,277,19.0
2016-11-14,400916128,2400,
2016-11-14,400917672,2198,
2016-11-14,400917672,350,
2016-11-14,400918443,257,
2016-11-14,400918443,295,
2016-11-14,400918454,2603,
2016-11-14,400918454,171,
2016-11-14,400918577,2473,
2016-11-14,400918577,2711,
2016-11-14,400918700,2349,
2016-11-14,400918700,2681,
2016-11-14,400918857,56,
2016-11-14,400918857,2229,
2016-11-14,400916480,2132,24.0
2016-11-14,400916480,399,
2016-11-14,400915909,147,
2016-11-14,400915909,309,
2016-11-14,400914922,156,22.0
2016-11-14,400914922,275,9.0
2016-11-14,400915232,183,18.0
2016-11-14,400915232,107,
2016-11-14,400915235,103,
2016-11-14,400915235,2379,
2016-11-14,400917009,2050,
2016-11-14,400917009,282,
2016-11-14,400917010,2750,
2016-11-14,400917010,193,
2016-11-14,400917391,325,
2016-11-14,400917391,2099,
2016-11-14,400917392,45,
2016-11-14,400917392,2561,
2016-11-14,400917394,159,
2016-11-14,400917394,2217,
2016-11-14,400918394,2325,
2016-11-14,400918394,48,
2016-11-14,400919139,2529,
2016-11-14,400919139,2275,
2016-11-14,400919794,2415,
2016-11-14,400919794,119,
2016-11-14,400915233,258,8.0
2016-11-14,400915233,2597,
2016-11-14,400915230,52,
2016-11-14,400915230,314,
2016-11-14,400910681,127,13.0
2016-11-14,400910681,96,2.0
2016-11-14,400916129,2641,
2016-11-14,400916129,249,
2016-11-14,400917467,140,
2016-11-14,400917467,2181,
2016-11-14,400917673,2393,
2016-11-14,400917673,93,
2016-11-14,400910704,99,
2016-11-14,400910704,2572,
2016-11-14,400916130,2306,
2016-11-14,400916130,2437,
2016-11-14,400916668,2335,
2016-11-14,400916668,2670,
2016-11-14,400917012,2649,
2016-11-14,400917012,2754,
2016-11-14,400915231,153,5.0
2016-11-14,400915231,299,
2016-11-14,400915234,259,
2016-11-14,400915234,2272,
2016-11-14,400915166,213,
2016-11-14,400915166,2253,
2016-11-14,400916125,2628,
2016-11-14,400916125,2011,
2016-11-14,400915910,2565,
2016-11-14,400915910,326,
2016-11-14,400916277,149,
2016-11-14,400916277,2751,
2016-11-14,400918232,339,
2016-11-14,400918232,2016,
2016-11-14,400918785,2005,
2016-11-14,400918785,294,
2016-11-14,400919901,167,
2016-11-14,400919901,2277,
2016-11-14,400915716,2440,
2016-11-14,400915716,2351,
2016-11-14,400915717,252,
2016-11-14,400915717,163,
2016-11-14,400917874,300,
2016-11-14,400917874,2571,
2016-11-14,400919871,278,
2016-11-14,400919871,2504,
2016-11-14,400919921,2250,14.0
2016-11-14,400919921,21,
2016-11-14,400910793,2633,
2016-11-14,400910793,2026,
2016-11-14,400915719,279,
2016-11-14,400915719,2739,
2016-11-14,400918922,62,
2016-11-14,400918922,2226,
2016-11-14,400917393,42,
2016-11-14,400917393,315,
2016-11-14,400916669,2363,
2016-11-14,400916669,2737,
2016-11-14,400916665,2617,
2016-11-14,400916665,2344,
2016-11-14,400910541,333,
2016-11-14,400910541,2168,
2016-11-14,400915497,239,
2016-11-14,400915497,2483,4.0
2016-11-14,400910777,2579,
2016-11-14,400910777,2405,
2016-11-14,400915019,46,
2016-11-14,400915019,120,
2016-11-14,400917880,2426,
2016-11-14,400917880,2449,
2016-11-14,400920530,2755,
2016-11-14,400920530,2448,
2016-11-14,400917679,94,
2016-11-14,400917679,2046,
2016-11-14,400917481,2230,
2016-11-14,400917481,2612,
2016-11-14,400917688,2393,
2016-11-14,400917688,2634,
2016-11-14,400915103,158,
2016-11-14,400915103,2348,
2016-11-14,400925382,236,
2016-11-14,400925382,2110,
2016-11-14,400915731,2541,
2016-11-14,400915731,2458,
2016-11-14,400917484,161,
2016-11-14,400917484,2612,
2016-11-14,400918680,104,
2016-11-14,400918680,311,
2016-11-14,400915919,6,
2016-11-14,400915919,2754,
2016-11-14,400915249,2390,
2016-11-14,400915249,219,
2016-11-14,400917020,189,
2016-11-14,400917020,140,
2016-11-14,400916676,2127,
2016-11-14,400916676,2908,
2016-11-14,400918806,288,
2016-11-14,400918806,161,
2016-11-14,400925021,349,
2016-11-14,400925021,2032,
2016-11-14,400926516,265,
2016-11-14,400926516,149,
2016-11-14,400915250,259,
2016-11-14,400915250,2678,
2016-11-14,400915253,103,
2016-11-14,400915253,2619,
2016-11-14,400919801,2005,
2016-11-14,400919801,50,
2016-11-14,400915513,24,
2016-11-14,400915513,36,
2016-11-14,400916139,2306,
2016-11-14,400916139,2261,
2016-11-14,400916681,2006,
2016-11-14,400916681,2515,
2016-11-14,400915514,264,
2016-11-14,400915514,2464,
2016-11-14,400926517,156,22.0
2016-11-14,400926517,152,
2016-11-14,400915921,2382,
2016-11-14,400915921,290,
2016-11-14,400919455,249,
2016-11-14,400919455,2182,
2016-11-14,400916138,66,20.0
2016-11-14,400916138,2643,
2016-11-14,400918630,2599,
2016-11-14,400918630,2066,
2016-11-14,400918378,2244,
2016-11-14,400918378,116,
2016-11-14,400915510,254,
2016-11-14,400915510,2154,
2016-11-14,400917680,71,
2016-11-14,400917680,2546,
2016-11-14,400916287,147,
2016-11-14,400916287,256,
2016-11-14,400917682,2630,
2016-11-14,400917682,325,
2016-11-14,400915727,2250,14.0
2016-11-14,400915727,2803,
2016-11-14,400910820,238,
2016-11-14,400910820,2450,
2016-11-14,400914949,356,
2016-11-14,400914949,2174,
2016-11-14,400916675,2415,
2016-11-14,400916675,2097,
2016-11-14,400916491,235,
2016-11-14,400916491,2542,
2016-11-14,400915917,2031,
2016-11-14,400915917,70,
2016-11-14,400910808,245,
2016-11-14,400910808,30,
2016-11-14,400910778,2579,
2016-11-14,400910778,2569,
2016-11-14,400917878,233,
2016-11-14,400917878,2178,
2016-11-14,400918174,2623,
2016-11-14,400918174,459,
2016-11-14,400922158,2466,
2016-11-14,400922158,2326,
2016-11-14,400916286,2502,
2016-11-14,400916286,415,
2016-11-14,400916285,16,
2016-11-14,400916285,109597,
2016-11-14,400922281,302,
2016-11-14,400922281,2868,
2016-11-14,400918866,13,
2016-11-14,400918866,2092,
2016-11-14,400916290,155,
2016-11-14,400916290,597,
2016-11-14,400922121,2377,
2016-11-14,400922121,2573,
2016-11-14,400922083,2916,
2016-11-14,400922083,244,
2016-11-14,400919321,108,
2016-11-14,400919321,524,
2016-11-14,400916846,2747,
2016-11-14,400916846,2019,
2016-11-21,400918926,62,
2016-11-21,400918926,2029,
2016-11-21,400915199,164,
2016-11-21,400915199,249,
2016-11-21,400915935,256,
2016-11-21,400915935,309,
2016-11-21,400919260,225,
2016-11-21,400919260,2415,
2016-11-21,400926706,41,
2016-11-21,400926706,2483,13.0
2016-11-21,400926842,2275,
2016-11-21,400926842,233,
2016-11-21,400910779,2579,
2016-11-21,400910779,130,25.0
2016-11-21,400918550,2210,
2016-11-21,400918550,82,
2016-11-21,400915741,179,
2016-11-21,400915741,2492,
2016-11-21,400926844,2641,
2016-11-21,400926844,328,
2016-11-21,400915150,194,
2016-11-21,400915150,2296,
2016-11-21,400915168,213,
2016-11-21,400915168,2142,
2016-11-21,400916499,2132,
2016-11-21,400916499,2535,
2016-11-21,400919646,222,2.0
2016-11-21,400919646,232,
2016-11-21,400916691,2598,
2016-11-21,400916691,2344,
2016-11-21,400917489,2561,
2016-11-21,400917489,2029,
2016-11-21,400917490,2099,
2016-11-21,400917490,2634,
2016-11-21,400917493,315,
2016-11-21,400917493,2182,
2016-11-21,400917695,2184,
2016-11-21,400917695,2630,
2016-11-21,400918634,526,
2016-11-21,400918634,2066,
2016-11-21,400918751,2426,
2016-11-21,400918751,2378,
2016-11-21,400918988,322,
2016-11-21,400918988,163,
2016-11-21,400918989,171,
2016-11-21,400918989,349,
2016-11-21,400915065,127,24.0
2016-11-21,400915065,2599,
2016-11-21,400915522,9,
2016-11-21,400915522,2643,
2016-11-21,400916297,253,
2016-11-21,400916297,2050,
2016-11-21,400926846,2247,
2016-11-21,400926846,2198,
2016-11-21,400916144,239,20.0
2016-11-21,400916144,2670,
2016-11-21,400915120,2870,
2016-11-21,400915120,84,3.0
2016-11-21,400926737,,
2016-11-21,400915737,301,
2016-11-21,400915737,2065,
2016-11-21,400915738,279,
2016-11-21,400915738,2751,
2016-11-21,400916296,2439,
2016-11-21,400916296,2464,
2016-11-21,400917476,2934,
2016-11-21,400917476,278,
2016-11-21,400915739,2608,15.0
2016-11-21,400915739,23,
2016-11-21,400926733,2305,5.0
2016-11-21,400926733,61,
2016-11-21,400926705,153,4.0
2016-11-21,400926705,197,
2016-11-21,400915521,264,
2016-11-21,400915521,299,
2016-11-21,400926802,2747,
2016-11-21,400926802,2309,
2016-11-21,400910706,2724,
2016-11-21,400910706,99,
2016-11-21,400926843,2885,
2016-11-21,400926843,304,
2016-11-21,400917491,2352,
2016-11-21,400917491,2217,
2016-11-21,400910683,96,1.0
2016-11-21,400910683,325,
2016-11-21,400926803,71,
2016-11-21,400926803,2244,
2016-11-21,400915934,42,
2016-11-21,400915934,2026,
2016-11-21,400916690,2335,
2016-11-21,400916690,2400,
2016-11-21,400917492,2230,
2016-11-21,400917492,2520,
2016-11-21,400918499,160,
2016-11-21,400918499,2174,
2016-11-21,400919837,36,
2016-11-21,400919837,2379,
2016-11-21,400915262,150,6.0
2016-11-21,400915262,2729,
2016-11-21,400915261,154,
2016-11-21,400915261,324,
2016-11-21,400915936,290,
2016-11-21,400915936,50,
2016-11-21,400915524,26,14.0
2016-11-21,400915524,2501,
2016-11-21,400919145,2529,
2016-11-21,400919145,2458,
2016-11-21,400915743,2514,
2016-11-21,400915743,2250,11.0
2016-11-21,400910822,2086,
2016-11-21,400910822,238,
2016-11-21,400910636,57,
2016-11-21,400910636,2550,
2016-11-21,400915104,158,
2016-11-21,400915104,2168,
2016-11-21,400917494,314,
2016-11-21,400917494,2181,
2016-11-21,400926755,99,
2016-11-21,400926755,295,
2016-11-21,400926746,2501,
2016-11-21,400926746,2463,
2016-11-21,400916298,2692,
2016-11-21,400916298,302,
2016-11-21,400926709,197,
2016-11-21,400926709,46,
2016-11-21,400926726,2390,
2016-11-21,400926726,66,21.0
2016-11-21,400916693,2515,
2016-11-21,400916693,56,
2016-11-21,400919146,2597,
2016-11-21,400919146,2542,
2016-11-21,400926739,356,
2016-11-21,400926739,52,25.0
2016-11-21,400918991,107,
2016-11-21,400918991,2569,
2016-11-21,400926724,24,
2016-11-21,400926724,282,
2016-11-21,400915131,77,
2016-11-21,400915131,2803,
2016-11-21,400917032,2459,
2016-11-21,400917032,2210,
2016-11-21,400915266,259,
2016-11-21,400915266,167,
2016-11-21,400910761,145,
2016-11-21,400910761,149,
2016-11-21,400914951,277,19.0
2016-11-21,400914951,356,
2016-11-21,400918990,2450,
2016-11-21,400918990,2083,
2016-11-21,400926841,261,
2016-11-21,400926841,248,
2016-11-21,400915932,250,
2016-11-21,400915932,116,
2016-11-21,400917029,2459,
2016-11-21,400917029,13,
2016-11-21,400918175,305,
2016-11-21,400918175,2623,
2016-11-21,400919484,242,
2016-11-21,400919484,2169,
2016-11-21,400915933,2031,
2016-11-21,400915933,2117,
2016-11-21,400926845,2,
2016-11-21,400926845,2509,17.0
2016-11-21,400917887,2172,
2016-11-21,400917887,3084,
2016-11-21,400919518,2638,
2016-11-21,400919518,2545,
2016-11-21,400926717,139,
2016-11-21,400926717,333,
2016-11-21,400915263,295,
2016-11-21,400915263,97,10.0
2016-11-21,400915742,2539,
2016-11-21,400915742,2653,
2016-11-21,400926707,153,4.0
2016-11-21,400926707,275,16.0
2016-11-21,400926721,252,
2016-11-21,400926721,2674,
2016-11-21,400918579,2440,
2016-11-21,400918579,2473,
2016-11-21,400915264,52,25.0
2016-11-21,400915264,218,
2016-11-21,400910809,2463,
2016-11-21,400910809,245,
2016-11-21,400918858,2005,
2016-11-21,400918858,56,
2016-11-21,400917477,166,
2016-11-21,400917477,2447,
2016-11-21,400916497,2567,
2016-11-21,400916497,2540,
2016-11-21,400919427,276,
2016-11-21,400919427,2296,
2016-11-21,400919764,256,
2016-11-21,400919764,2640,
2016-11-21,400914950,356,
2016-11-21,400914950,2737,
2016-11-21,400915926,326,
2016-11-21,400915926,357,
2016-11-21,400916292,242,
2016-11-21,400916292,147,
2016-11-21,400918134,79,
2016-11-21,400918134,116,
2016-11-21,400919499,2572,
2016-11-21,400919499,2010,
2016-11-21,400926681,156,12.0
2016-11-21,400926681,145,
2016-11-21,400915930,2032,
2016-11-21,400915930,2565,
2016-11-21,400916294,16,
2016-11-21,400916294,302,
2016-11-21,400915517,12,8.0
2016-11-21,400915517,2458,
2016-11-21,400911023,77,
2016-11-21,400911023,251,22.0
2016-11-21,400916142,2305,5.0
2016-11-21,400916142,5,
2016-11-21,400915736,2541,
2016-11-21,400915736,2529,
2016-11-21,400916293,70,
2016-11-21,400916293,2571,
2016-11-21,400917025,189,
2016-11-21,400917025,93,
2016-11-21,400916684,2097,
2016-11-21,400916684,2535,
2016-11-21,400926591,149,
2016-11-21,400926591,198,
2016-11-21,400915922,2197,
2016-11-21,400915922,2653,
2016-11-21,400910794,275,16.0
2016-11-21,400910794,2633,
2016-11-21,400918682,112358,
2016-11-21,400918682,311,
2016-11-21,400926590,265,
2016-11-21,400926590,2350,
2016-11-21,400917023,2050,
2016-11-21,400917023,2154,
2016-11-21,400917475,2739,
2016-11-21,400917475,140,
2016-11-21,400916140,2628,
2016-11-21,400916140,2287,
2016-11-21,400916683,2335,
2016-11-21,400916683,2349,
2016-11-21,400926682,152,
2016-11-21,400926682,2603,
2016-11-21,400919142,2507,
2016-11-21,400919142,2597,
2016-11-21,400915924,2547,
2016-11-21,400915924,2433,
2016-11-21,400910635,57,
2016-11-21,400910635,2057,
2016-11-21,400910659,61,
2016-11-21,400910659,45,
2016-11-21,400915149,194,
2016-11-21,400915149,2717,
2016-11-21,400915254,38,
2016-11-21,400915254,87,
2016-11-21,400915518,25,
2016-11-21,400915518,21,
2016-11-21,400918986,108,
2016-11-21,400918986,107,
2016-11-21,400915258,183,18.0
2016-11-21,400915258,2569,
2016-11-21,400915259,258,7.0
2016-11-21,400915259,2755,
2016-11-21,400915256,59,
2016-11-21,400915256,2534,
2016-11-21,400917027,2393,
2016-11-21,400917027,2649,
2016-11-21,400917693,2546,
2016-11-21,400917693,292,
2016-11-21,400917885,269,
2016-11-21,400917885,85,
2016-11-21,400918987,44,
2016-11-21,400918987,2681,
2016-11-21,400910578,135,
2016-11-21,400910578,8,
2016-11-21,400916143,2306,
2016-11-21,400916143,2523,
2016-11-21,400916496,235,
2016-11-21,400916496,2377,
2016-11-21,400916685,2000,
2016-11-21,400916685,2127,
2016-11-21,400919527,2320,
2016-11-21,400919527,2636,
2016-11-21,400919533,98,
2016-11-21,400919533,2448,
2016-11-21,400917694,2582,
2016-11-21,400917694,2635,
2016-11-21,400915519,30,
2016-11-21,400915519,2443,
2016-11-21,400915520,202,
2016-11-21,400915520,204,
2016-11-21,400919143,2115,
2016-11-21,400919143,219,
2016-11-21,400918846,2429,
2016-11-21,400918846,2908,
2016-11-21,400918445,257,
2016-11-21,400918445,2261,
2016-11-21,400917488,2405,
2016-11-21,400917488,172,
2016-11-21,400922269,338,
2016-11-21,400922269,2011,
2016-11-21,400915022,120,
2016-11-21,400915022,2619,
2016-11-21,400915257,221,
2016-11-21,400915257,43,
2016-11-21,400915260,103,
2016-11-21,400915260,119,
2016-11-21,400915931,2006,
2016-11-21,400915931,290,
2016-11-21,400916495,151,
2016-11-21,400916495,50,
2016-11-21,400916498,2226,
2016-11-21,400916498,58,
2016-11-21,400916687,2506,
2016-11-21,400916687,2678,
2016-11-21,400916688,2382,
2016-11-21,400916688,2515,
2016-11-21,400916689,231,
2016-11-21,400916689,2427,
2016-11-21,400917697,55,
2016-11-21,400917697,2239,
2016-11-21,400915272,87,
2016-11-21,400915272,2130,
2016-11-21,400916863,2193,
2016-11-21,400916863,2571,
2016-11-21,400918233,350,
2016-11-21,400918233,339,
2016-11-21,400916305,2750,
2016-11-21,400916305,155,
2016-11-21,400918566,94,
2016-11-21,400918566,2428,
2016-11-21,400915270,59,
2016-11-21,400915270,2655,
2016-11-21,400916502,2116,
2016-11-21,400916502,2547,
2016-11-21,400919647,269,
2016-11-21,400919647,2277,
2016-11-21,400918002,2454,
2016-11-21,400918002,2934,
2016-11-21,400916503,2132,
2016-11-21,400916503,288,
2016-11-21,400916865,338,
2016-11-21,400916865,236,
2016-11-21,400910743,142,
2016-11-21,400910743,2466,
2016-11-21,400917498,159,
2016-11-21,400917498,2368,
2016-11-21,400918535,300,
2016-11-21,400918535,270,
2016-11-21,400917041,193,
2016-11-21,400917041,2710,
2016-11-21,400918261,2166,
2016-11-21,400918261,2429,
2016-11-21,400919485,2916,
2016-11-21,400919485,242,
2016-11-21,400920531,2448,
2016-11-21,400920531,294,
2016-11-21,400927016,235,
2016-11-21,400927016,2294,
2016-11-21,400915941,2197,
2016-11-21,400915941,6,
2016-11-21,400917892,2623,
2016-11-21,400917892,2449,
2016-11-21,400918396,2182,
2016-11-21,400918396,2325,
2016-11-21,400919405,2348,
2016-11-21,400919405,2379,
2016-11-21,400915748,2492,
2016-11-21,400915748,2502,
2016-11-21,400917502,399,
2016-11-21,400917502,2561,
2016-11-21,400918636,2229,
2016-11-21,400918636,2066,
2016-11-21,400927026,2692,
2016-11-21,400927026,2084,
2016-11-21,400919648,46,
2016-11-21,400919648,47,
2016-11-21,400917043,111,
2016-11-21,400917043,2309,
2016-11-21,400919839,36,
2016-11-21,400919839,2016,
2016-11-21,400914924,275,16.0
2016-11-21,400914924,2504,
2016-11-21,400915942,2032,
2016-11-21,400915942,2329,
2016-11-21,400917696,227,23.0
2016-11-21,400917696,2057,
2016-11-21,400910724,344,
2016-11-21,400910724,2329,
2016-11-21,400917033,195,
2016-11-21,400917033,2635,
2016-11-21,400915528,254,
2016-11-21,400915528,27,
2016-11-21,400916692,68,
2016-11-21,400916692,2506,
2016-11-21,400917480,2253,
2016-11-21,400917480,2154,
2016-11-21,400916148,201,
2016-11-21,400916148,2000,
2016-11-21,400910660,61,
2016-11-21,400910660,2241,
2016-11-21,400915267,228,
2016-11-21,400915267,2272,
2016-11-21,400915268,221,
2016-11-21,400915268,2413,
2016-11-21,400917500,2754,
2016-11-21,400917500,2099,
2016-11-21,400917040,2711,
2016-11-21,400917040,2110,
2016-11-21,400918156,2752,9.0
2016-11-21,400918156,2460,
2016-11-21,400918416,113,
2016-11-21,400918416,108,
2016-11-21,400917037,2199,
2016-11-21,400917037,2437,
2016-11-21,400915744,2351,
2016-11-21,400915744,2502,
2016-11-21,400917497,2174,
2016-11-21,400917497,2363,
2016-11-21,400916860,2430,
2016-11-21,400916860,2058,
2016-11-21,400917699,2046,
2016-11-21,400917699,2589,
2016-11-21,400918985,104,
2016-11-21,400918985,7933,
2016-11-21,400919582,48,
2016-11-21,400919582,109684,
2016-11-28,400916521,2132,
2016-11-28,400916521,189,
2016-11-28,400915951,2572,
2016-11-28,400915951,6,
2016-11-28,400917051,282,
2016-11-28,400917051,2459,
2016-11-28,400917506,179,
2016-11-28,400917506,2561,
2016-11-28,400917712,2198,
2016-11-28,400917712,98,
2016-11-28,400918005,82,
2016-11-28,400918005,2130,
2016-11-28,400918157,2460,
2016-11-28,400918157,2244,
2016-11-28,400918194,2350,
2016-11-28,400918194,2450,
2016-11-28,400918536,270,
2016-11-28,400918536,294,
2016-11-28,400918997,322,
2016-11-28,400918997,2182,
2016-11-28,400919486,242,
2016-11-28,400919486,2277,
2016-11-28,400920459,2545,
2016-11-28,400920459,2379,
2016-11-28,400916872,269,
2016-11-28,400916872,2717,
2016-11-28,400918243,305,
2016-11-28,400918243,2181,
2016-11-28,400918661,42,
2016-11-28,400918661,112358,
2016-11-28,400915538,38,
2016-11-28,400915538,36,
2016-11-28,400915539,25,
2016-11-28,400915539,2348,
2016-11-28,400915753,328,
2016-11-28,400915753,252,
2016-11-28,400916312,253,
2016-11-28,400916312,2439,
2016-11-28,400916154,2306,
2016-11-28,400916154,2739,
2016-11-28,400915950,2032,
2016-11-28,400915950,325,
2016-11-28,400916512,68,
2016-11-28,400916512,2567,
2016-11-28,400910762,145,
2016-11-28,400910762,2393,
2016-11-28,400918684,311,
2016-11-28,400918684,2115,
2016-11-28,400918736,2619,
2016-11-28,400918736,2352,
2016-11-28,400918822,2885,
2016-11-28,400918822,2598,
2016-11-28,400918998,349,
2016-11-28,400918998,161,
2016-11-28,400919149,2803,
2016-11-28,400919149,43,
2016-11-28,400919150,225,
2016-11-28,400919150,2597,
2016-11-28,400919298,172,
2016-11-28,400919298,111,
2016-11-28,400919312,295,
2016-11-28,400919312,159,
2016-11-28,400919346,2429,
2016-11-28,400919346,256,
2016-11-28,400919387,2210,
2016-11-28,400919387,2229,
2016-11-28,400921255,193,
2016-11-28,400921255,2755,
2016-11-28,400922270,50,
2016-11-28,400922270,338,
2016-11-28,400915046,130,
2016-11-28,400915046,259,
2016-11-28,400915201,2390,
2016-11-28,400915201,164,
2016-11-28,400915187,97,14.0
2016-11-28,400915187,2509,15.0
2016-11-28,400916153,2641,
2016-11-28,400916153,2916,
2016-11-28,400918004,140,
2016-11-28,400918004,233,
2016-11-28,400916511,235,
2016-11-28,400916511,2296,
2016-11-28,400917896,2751,
2016-11-28,400917896,2172,
2016-11-28,400917509,2368,
2016-11-28,400917509,315,
2016-11-28,400910637,2454,
2016-11-28,400910637,57,24.0
2016-11-28,400917715,288,
2016-11-28,400917715,2635,
2016-11-28,400918999,232,
2016-11-28,400918999,2426,
2016-11-28,400915964,2653,
2016-11-28,400915964,2011,
2016-11-28,400915954,2542,
2016-11-28,400915954,290,
2016-11-28,400917716,2029,
2016-11-28,400917716,2630,
2016-11-28,400915955,309,
2016-11-28,400915955,2447,
2016-11-28,400910580,8,
2016-11-28,400910580,2617,
2016-11-28,400910726,344,
2016-11-28,400910726,204,
2016-11-28,400915543,254,
2016-11-28,400915543,147,
2016-11-28,400916157,66,19.0
2016-11-28,400916157,2132,
2016-11-28,400915756,2250,8.0
2016-11-28,400915756,2400,
2016-11-28,400915757,279,
2016-11-28,400915757,16,
2016-11-28,400918869,13,
2016-11-28,400918869,2636,
2016-11-28,400916874,2643,
2016-11-28,400916874,2142,
2016-11-28,400916708,2097,
2016-11-28,400916708,2908,
2016-11-28,400915274,221,
2016-11-28,400915274,2184,
2016-11-28,400917054,2309,
2016-11-28,400917054,2755,
2016-11-28,400917714,2546,
2016-11-28,400917714,2110,
2016-11-28,400919281,2550,
2016-11-28,400919281,171,
2016-11-28,400919902,167,
2016-11-28,400919902,2000,
2016-11-28,400917900,2473,
2016-11-28,400917900,198,
2016-11-28,400915537,12,16.0
2016-11-28,400915537,2640,
2016-11-28,400916156,239,9.0
2016-11-28,400916156,2534,
2016-11-28,400915105,228,
2016-11-28,400915105,158,
2016-11-28,400917711,2046,
2016-11-28,400917711,2870,
2016-11-28,400915152,258,6.0
2016-11-28,400915152,194,
2016-11-28,400915122,84,13.0
2016-11-28,400915122,153,3.0
2016-11-28,400918007,166,
2016-11-28,400918007,2005,
2016-11-28,400915540,265,
2016-11-28,400915540,3084,
2016-11-28,400915752,301,
2016-11-28,400915752,30,
2016-11-28,400915754,2541,
2016-11-28,400915754,300,
2016-11-28,400915755,2539,
2016-11-28,400915755,2016,
2016-11-28,400917899,2239,
2016-11-28,400917899,2437,
2016-11-28,400915541,24,
2016-11-28,400915541,2608,12.0
2016-11-28,400915542,26,11.0
2016-11-28,400915542,27,
2016-11-28,400910781,2579,20.0
2016-11-28,400910781,261,
2016-11-28,400917507,2520,
2016-11-28,400917507,2217,
2016-11-28,400917511,2514,
2016-11-28,400917511,2405,
2016-11-28,400918606,399,
2016-11-28,400918606,107,
2016-11-28,400918601,2523,
2016-11-28,400918601,2754,
2016-11-28,400918446,2083,
2016-11-28,400918446,257,
2016-11-28,400915535,2483,23.0
2016-11-28,400915535,68,
2016-11-28,400917894,2752,7.0
2016-11-28,400917894,2449,
2016-11-28,400910544,333,
2016-11-28,400910544,2127,
2016-11-28,400915024,120,
2016-11-28,400915024,221,
2016-11-28,400915170,213,
2016-11-28,400915170,59,
2016-11-28,400915946,324,
2016-11-28,400915946,236,
2016-11-28,400916507,151,
2016-11-28,400916507,2261,
2016-11-28,400916869,2382,
2016-11-28,400916869,2166,
2016-11-28,400916870,2430,
2016-11-28,400916870,2448,
2016-11-28,400917048,2117,
2016-11-28,400917048,2729,
2016-11-28,400917505,2368,
2016-11-28,400917505,2349,
2016-11-28,400918474,2670,
2016-11-28,400918474,163,
2016-11-28,400919280,171,
2016-11-28,400919280,2275,
2016-11-28,400924481,108,
2016-11-28,400924481,45,
2016-11-28,400919331,219,
2016-11-28,400919331,222,2.0
2016-11-28,400917895,44,
2016-11-28,400917895,2710,
2016-11-28,400914925,275,17.0
2016-11-28,400914925,183,22.0
2016-11-28,400910609,2,
2016-11-28,400910609,2908,
2016-11-28,400919649,2599,
2016-11-28,400919649,2169,
2016-11-28,400919923,21,
2016-11-28,400919923,2542,
2016-11-28,400918417,113,
2016-11-28,400918417,2681,
2016-11-28,400915534,254,
2016-11-28,400915534,2086,18.0
2016-11-28,400915088,52,
2016-11-28,400915088,135,
2016-11-28,400915945,2429,
2016-11-28,400915945,2026,
2016-11-28,400916505,58,
2016-11-28,400916505,338,
2016-11-28,400916699,2415,
2016-11-28,400916699,2272,
2016-11-28,400916700,2344,
2016-11-28,400916700,159,
2016-11-28,400916701,2643,
2016-11-28,400916701,2506,
2016-11-28,400917504,2612,
2016-11-28,400917504,104,
2016-11-28,400916150,277,25.0
2016-11-28,400916150,2363,
2016-11-28,400910685,96,1.0
2016-11-28,400910685,9,
2016-11-28,400910579,8,
2016-11-28,400910579,116,
2016-11-28,400910744,142,
2016-11-28,400910744,2428,
2016-11-28,400915944,2433,
2016-11-28,400915944,2617,
2016-11-28,400916506,198,
2016-11-28,400916506,202,
2016-11-28,400915132,77,
2016-11-28,400915132,154,
2016-11-28,400917704,2253,
2016-11-28,400917704,2565,
2016-11-28,400910823,238,
2016-11-28,400910823,2634,
2016-11-28,400911024,251,
2016-11-28,400911024,250,
2016-11-28,400915947,326,
2016-11-28,400915947,2377,
2016-11-28,400916151,201,
2016-11-28,400916151,2458,
2016-11-28,400916706,2737,
2016-11-28,400916706,231,
2016-11-28,400918720,2507,
2016-11-28,400918720,160,
2016-11-28,400919650,46,
2016-11-28,400919650,2154,
2016-11-28,400915536,2628,
2016-11-28,400915536,264,
2016-11-28,400915949,2247,
2016-11-28,400915949,2750,
2016-11-28,400916508,2116,
2016-11-28,400916508,56,
2016-11-28,400916509,41,
2016-11-28,400916509,104,
2016-11-28,400916510,2603,
2016-11-28,400916510,218,
2016-11-28,400916705,2515,
2016-11-28,400916705,2678,
2016-11-28,400917050,2174,
2016-11-28,400917050,2199,
2016-11-28,400917052,276,
2016-11-28,400917052,195,
2016-11-28,400917053,2711,
2016-11-28,400917053,350,
2016-11-28,400917713,2413,
2016-11-28,400917713,94,
2016-11-28,400917898,2287,
2016-11-28,400917898,85,
2016-11-28,400918321,2184,
2016-11-28,400918321,2378,
2016-11-28,400918344,2230,
2016-11-28,400918344,2529,
2016-11-28,400918397,2325,
2016-11-28,400918397,2329,
2016-11-28,400916310,70,
2016-11-28,400916310,23,
2016-11-28,400915751,2440,
2016-11-28,400915751,279,
2016-11-28,400915066,150,5.0
2016-11-28,400915066,127,
2016-11-28,400919509,5,
2016-11-28,400919509,2010,
2016-11-28,400916513,2443,
2016-11-28,400916513,2655,
2016-11-28,400916868,139,
2016-11-28,400916868,2535,
2016-11-28,400917706,2057,
2016-11-28,400917706,288,
2016-11-28,400917707,2197,
2016-11-28,400917707,71,
2016-11-28,400917708,2011,
2016-11-28,400917708,55,
2016-11-28,400917709,79,
2016-11-28,400917709,93,
2016-11-28,400918003,357,
2016-11-28,400918003,292,
2016-11-28,400918432,2674,
2016-11-28,400918432,227,21.0
2016-11-28,400916311,304,
2016-11-28,400916311,2320,
2016-11-28,400916152,2305,4.0
2016-11-28,400916152,299,
2016-11-28,400915948,2110,
2016-11-28,400915948,2031,
2016-11-28,400917710,2630,
2016-11-28,400917710,2226,
2016-11-28,400917045,156,10.0
2016-11-28,400917045,2084,
2016-11-28,400910707,99,
2016-11-28,400910707,248,
2016-11-28,400914952,356,
2016-11-28,400914952,152,
2016-11-28,400914997,87,
2016-11-28,400914997,2294,
2016-11-28,400917508,2612,
2016-11-28,400917508,314,
2016-11-28,400917510,2363,
2016-11-28,400917510,2099,
2016-11-28,400916316,2463,
2016-11-28,400916316,304,
2016-11-28,400916712,2678,
2016-11-28,400916712,2241,
2016-11-28,400916714,2430,
2016-11-28,400916714,2335,
2016-11-28,400917059,2649,
2016-11-28,400917059,2739,
2016-11-28,400918638,2598,
2016-11-28,400918638,2066,
2016-11-28,400916320,2502,
2016-11-28,400916320,292,
2016-11-28,400915760,2492,
2016-11-28,400915760,2057,
2016-11-28,400916520,248,
2016-11-28,400916520,2504,
2016-11-28,400918112,36,
2016-11-28,400918112,2724,
2016-11-28,400915275,2390,
2016-11-28,400915275,2747,
2016-11-28,400915965,290,
2016-11-28,400915965,526,
2016-11-28,400916321,,
2016-11-28,400910662,61,
2016-11-28,400910662,269,
2016-11-28,400917055,156,10.0
2016-11-28,400917055,2006,
2016-11-28,400915025,120,
2016-11-28,400915025,197,
2016-11-28,400916314,149,
2016-11-28,400916314,270,
2016-11-28,400916317,2692,
2016-11-28,400916317,2172,
2016-11-28,400918176,2005,
2016-11-28,400918176,2623,
2016-11-28,400919519,2638,
2016-11-28,400919519,2466,
2016-11-28,400915551,2501,
2016-11-28,400915551,38,
2016-11-28,400916315,70,
2016-11-28,400916315,302,
2016-11-28,400916715,2168,
2016-11-28,400916715,2737,
2016-11-28,400917060,2050,
2016-11-28,400917060,85,
2016-11-28,400918236,339,
2016-11-28,400918236,68,
2016-11-28,400919471,119,
2016-11-28,400919471,295,
2016-11-28,400915279,103,
2016-11-28,400915279,159,
2016-11-28,400910795,2633,
2016-11-28,400910795,59,
2016-11-28,400917902,2571,
2016-11-28,400917902,140,
2016-11-28,400915956,324,
2016-11-28,400915956,2427,
2016-11-28,400918478,325,
2016-11-28,400918478,2065,
2016-11-28,400915957,249,
2016-11-28,400915957,250,
2016-11-28,400915759,2464,
2016-11-28,400915759,301,
2016-11-28,400919583,48,
2016-11-28,400919583,2169,
2016-11-28,400919002,47,
2016-11-28,400919002,44,
2016-11-28,400922277,50,
2016-11-28,400922277,2582,
2016-11-28,400918244,2181,
2016-11-28,400918244,278,
2016-11-28,400916514,2567,
2016-11-28,400916514,2934,
2016-11-28,400916879,2193,
2016-11-28,400916879,2336,
2016-11-28,400918970,2540,
2016-11-28,400918970,2574,
2016-11-28,400920541,2569,
2016-11-28,400920541,2679,
2016-12-05,400915565,30,
2016-12-05,400915565,2492,
2016-12-05,400919008,219,
2016-12-05,400919008,322,
2016-12-05,400916167,2641,
2016-12-05,400916167,2636,
2016-12-05,400916324,2449,
2016-12-05,400916324,155,
2016-12-05,400916523,202,
2016-12-05,400916523,2287,
2016-12-05,400916525,2655,
2016-12-05,400916525,2582,
2016-12-05,400917905,2460,
2016-12-05,400917905,2571,
2016-12-05,400918196,2350,
2016-12-05,400918196,2750,
2016-12-05,400919510,2617,
2016-12-05,400919510,5,
2016-12-05,400916165,201,
2016-12-05,400916165,198,
2016-12-05,400922922,2277,
2016-12-05,400922922,2612,
2016-12-05,400914927,275,17.0
2016-12-05,400914927,304,
2016-12-05,400910687,96,6.0
2016-12-05,400910687,2674,
2016-12-05,400915294,259,
2016-12-05,400915294,2379,
2016-12-05,400915026,120,
2016-12-05,400915026,47,
2016-12-05,400915766,252,
2016-12-05,400915766,2692,
2016-12-05,400916166,2567,
2016-12-05,400916166,2628,
2016-12-05,400915968,292,
2016-12-05,400915968,326,
2016-12-05,400917728,2565,
2016-12-05,400917728,56,
2016-12-05,400919009,119,
2016-12-05,400919009,2352,
2016-12-05,400917725,94,
2016-12-05,400917725,2197,
2016-12-05,400917726,294,
2016-12-05,400917726,2198,
2016-12-05,400918639,2142,
2016-12-05,400918639,2066,
2016-12-05,400918752,116,
2016-12-05,400918752,2378,
2016-12-05,400918760,261,
2016-12-05,400918760,159,
2016-12-05,400919006,349,
2016-12-05,400919006,2005,
2016-12-05,400919654,25,
2016-12-05,400919654,2550,
2016-12-05,400910811,245,
2016-12-05,400910811,2172,
2016-12-05,400918211,282,
2016-12-05,400918211,2086,16.0
2016-12-05,400916164,277,15.0
2016-12-05,400916164,2717,
2016-12-05,400915295,97,11.0
2016-12-05,400915295,79,
2016-12-05,400916524,218,
2016-12-05,400916524,45,
2016-12-05,400917727,2546,
2016-12-05,400917727,2623,
2016-12-05,400919007,104,
2016-12-05,400919007,2099,
2016-12-05,400916325,149,
2016-12-05,400916325,23,
2016-12-05,400918011,2253,
2016-12-05,400918011,21,
2016-12-05,400917523,161,
2016-12-05,400917523,314,
2016-12-05,400918766,526,
2016-12-05,400918766,2229,
2016-12-05,400915769,2608,12.0
2016-12-05,400915769,250,
2016-12-05,400915300,103,
2016-12-05,400915300,42,
2016-12-05,400915301,2430,
2016-12-05,400915301,154,
2016-12-05,400919010,2426,
2016-12-05,400919010,171,
2016-12-05,400916724,156,10.0
2016-12-05,400916724,2344,
2016-12-05,400917525,526,
2016-12-05,400917525,2561,
2016-12-05,400916526,305,
2016-12-05,400916526,218,
2016-12-05,400915299,52,
2016-12-05,400915299,2447,
2016-12-05,400915304,183,
2016-12-05,400915304,104,
2016-12-05,400917069,189,
2016-12-05,400917069,2174,
2016-12-05,400918418,2507,
2016-12-05,400918418,113,
2016-12-05,400910747,142,
2016-12-05,400910747,12,20.0
2016-12-05,400915190,2509,18.0
2016-12-05,400915190,325,
2016-12-05,400915770,2351,
2016-12-05,400915770,253,
2016-12-05,400915000,2294,
2016-12-05,400915000,66,25.0
2016-12-05,400919520,167,
2016-12-05,400919520,2638,
2016-12-05,400915765,301,
2016-12-05,400915765,2239,
2016-12-05,400915555,38,
2016-12-05,400915555,2752,13.0
2016-12-05,400915107,158,
2016-12-05,400915107,156,10.0
2016-12-05,400915298,153,7.0
2016-12-05,400915298,2166,
2016-12-05,400916326,233,
2016-12-05,400916326,147,
2016-12-05,400918928,62,
2016-12-05,400918928,163,
2016-12-05,400915556,265,
2016-12-05,400915556,70,
2016-12-05,400915767,299,
2016-12-05,400915767,2492,
2016-12-05,400919457,249,
2016-12-05,400919457,2169,
2016-12-05,400915554,2250,8.0
2016-12-05,400915554,264,
2016-12-05,400918346,2599,
2016-12-05,400918346,2230,
2016-12-05,400915768,113,
2016-12-05,400915768,279,
2016-12-05,400910826,2393,
2016-12-05,400910826,238,
2016-12-05,400915970,2031,
2016-12-05,400915970,2029,
2016-12-05,400919155,2529,
2016-12-05,400919155,43,
2016-12-05,400917524,2514,
2016-12-05,400917524,42,
2016-12-05,400917521,399,
2016-12-05,400917521,2368,
2016-12-05,400916530,235,
2016-12-05,400916530,5,
2016-12-05,400917063,2117,
2016-12-05,400917063,2739,
2016-12-05,400915289,2390,
2016-12-05,400915289,2569,
2016-12-05,400915291,154,
2016-12-05,400915291,2429,
2016-12-05,400916717,2335,
2016-12-05,400916717,231,
2016-12-05,400916718,2210,
2016-12-05,400916718,2427,
2016-12-05,400916881,236,
2016-12-05,400916881,276,
2016-12-05,400917062,2050,
2016-12-05,400917062,71,
2016-12-05,400917518,2217,
2016-12-05,400917518,2083,
2016-12-05,400915203,164,
2016-12-05,400915203,2115,
2016-12-05,400917519,2415,
2016-12-05,400917519,2363,
2016-12-05,400917520,2681,
2016-12-05,400917520,2405,
2016-12-05,400918322,2523,
2016-12-05,400918322,2184,
2016-12-05,400918434,227,
2016-12-05,400918434,295,
2016-12-05,400918469,2275,
2016-12-05,400918469,179,
2016-12-05,400918704,2529,
2016-12-05,400918704,2349,
2016-12-05,400915288,52,
2016-12-05,400915288,2572,
2016-12-05,400915154,194,
2016-12-05,400915154,2226,
2016-12-05,400919005,2426,
2016-12-05,400919005,2803,
2016-12-05,400918788,2065,
2016-12-05,400918788,294,
2016-12-05,400915287,41,
2016-12-05,400915287,183,
2016-12-05,400917517,2520,
2016-12-05,400917517,2561,
2016-12-05,400919004,2597,
2016-12-05,400919004,322,
2016-12-05,400919407,2348,
2016-12-05,400919407,2016,
2016-12-05,400910810,245,
2016-12-05,400910810,357,
2016-12-05,400916161,66,25.0
2016-12-05,400916161,2437,
2016-12-05,400915068,127,
2016-12-05,400915068,2754,
2016-12-05,400916323,2464,
2016-12-05,400916323,2934,
2016-12-05,400916322,147,
2016-12-05,400916322,270,
2016-12-05,400915763,2351,
2016-12-05,400915763,68,
2016-12-05,400915764,2501,
2016-12-05,400915764,292,
2016-12-05,400910582,8,
2016-12-05,400910582,248,
2016-12-05,400910796,2633,
2016-12-05,400910796,2506,
2016-12-05,400918738,2619,
2016-12-05,400918738,2329,
2016-12-05,400919153,2428,
2016-12-05,400919153,112358,
2016-12-05,400917067,325,
2016-12-05,400917067,2711,
2016-12-05,400915172,213,
2016-12-05,400915172,2244,
2016-12-05,400919653,305,
2016-12-05,400919653,2320,
2016-12-05,400915292,87,23.0
2016-12-05,400915292,2870,
2016-12-05,400910638,150,5.0
2016-12-05,400910638,57,21.0
2016-12-05,400915553,12,20.0
2016-12-05,400915553,300,
2016-12-05,400918685,311,
2016-12-05,400918685,107,
2016-12-05,400915293,221,
2016-12-05,400915293,2084,
2016-12-05,400916162,2305,3.0
2016-12-05,400916162,140,
2016-12-05,400915296,103,
2016-12-05,400915296,108,
2016-12-05,400915297,2670,
2016-12-05,400915297,59,
2016-12-05,400916720,2241,
2016-12-05,400916720,2261,
2016-12-05,400917064,2006,
2016-12-05,400917064,2154,
2016-12-05,400917065,2649,
2016-12-05,400917065,2174,
2016-12-05,400917066,2309,
2016-12-05,400917066,315,
2016-12-05,400911025,130,
2016-12-05,400911025,251,
2016-12-05,400918113,2724,
2016-12-05,400918113,139,
2016-12-05,400919261,2507,
2016-12-05,400919261,225,
2016-12-05,400918722,44,
2016-12-05,400918722,160,
2016-12-05,400919322,108,
2016-12-05,400919322,111,
2016-12-05,400915189,9,
2016-12-05,400915189,2509,18.0
2016-12-05,400915290,258,14.0
2016-12-05,400915290,151,
2016-12-05,400918399,2325,
2016-12-05,400918399,222,1.0
2016-12-05,400917724,288,
2016-12-05,400917724,2057,
2016-12-05,400919652,269,
2016-12-05,400919652,278,
2016-12-05,400917061,339,
2016-12-05,400917061,189,
2016-12-05,400910746,142,
2016-12-05,400910746,193,
2016-12-05,400910825,238,
2016-12-05,400910825,2272,
2016-12-05,400914954,356,
2016-12-05,400914954,85,
2016-12-05,400915089,135,
2016-12-05,400915089,2885,
2016-12-05,400915552,254,
2016-12-05,400915552,3084,
2016-12-05,400916163,2306,
2016-12-05,400916163,2504,
2016-12-05,400915090,135,
2016-12-05,400915090,290,
2016-12-05,400917072,2711,
2016-12-05,400917072,256,
2016-12-05,400915975,2433,
2016-12-05,400915975,55,
2016-12-05,400918447,257,
2016-12-05,400918447,2378,
2016-12-05,400918871,278,
2016-12-05,400918871,13,
2016-12-05,400915976,56,
2016-12-05,400915976,6,
2016-12-05,400915971,324,
2016-12-05,400915971,2428,
2016-12-05,400915125,84,9.0
2016-12-05,400915125,2277,
2016-12-05,400918470,179,
2016-12-05,400918470,350,
2016-12-05,400918013,3084,
2016-12-05,400918013,328,
2016-12-05,400916333,2751,
2016-12-05,400916333,149,
2016-12-05,400910583,8,
2016-12-05,400910583,2454,
2016-12-05,400915307,2439,
2016-12-05,400915307,150,5.0
2016-12-05,400917731,288,
2016-12-05,400917731,2413,
2016-12-05,400916528,2116,
2016-12-05,400916528,2379,
2016-12-05,400916170,202,
2016-12-05,400916170,197,
2016-12-05,400916169,2628,
2016-12-05,400916169,2747,
2016-12-05,400919487,242,
2016-12-05,400919487,2617,
2016-12-05,400915776,301,
2016-12-05,400915776,2540,
2016-12-05,400915564,264,
2016-12-05,400915564,2440,
2016-12-05,400915134,77,
2016-12-05,400915134,2443,
2016-12-05,400910546,2483,24.0
2016-12-05,400910546,333,
2016-12-05,400918456,2182,
2016-12-05,400918456,2603,
2016-12-05,400915563,204,
2016-12-05,400915563,2542,
2016-12-05,400915091,135,
2016-12-05,400915091,2459,
2016-12-05,400918212,282,
2016-12-05,400918212,98,
2016-12-05,400918017,139,
2016-12-05,400918017,2130,
2016-12-05,400919342,43,
2016-12-05,400919342,48,
2016-12-05,400910764,259,
2016-12-05,400910764,145,
2016-12-05,400915562,25,
2016-12-05,400915562,302,
2016-12-05,400916328,2934,
2016-12-05,400916328,2502,
2016-12-05,400915772,2463,
2016-12-05,400915772,2351,
2016-12-05,400918016,166,
2016-12-05,400918016,167,
2016-12-05,400918012,2253,
2016-12-05,400918012,82,
2016-12-05,400915977,309,
2016-12-05,400915977,2348,
2016-12-05,400915560,26,2.0
2016-12-05,400915560,130,
2016-12-05,400916531,2086,16.0
2016-12-05,400916531,2132,22.0
2016-12-05,400916168,277,15.0
2016-12-05,400916168,2678,
2016-12-05,400917729,2870,
2016-12-05,400917729,2046,
2016-12-05,400915306,97,11.0
2016-12-05,400915306,2640,
2016-12-05,400915972,2653,
2016-12-05,400915972,2010,
2016-12-05,400917530,315,
2016-12-05,400917530,2450,
2016-12-05,400917730,2710,
2016-12-05,400917730,2197,
2016-12-05,400918400,46,
2016-12-05,400918400,2325,
2016-12-05,400918136,79,
2016-12-05,400918136,2534,
2016-12-05,400917074,314,
2016-12-05,400917074,195,
2016-12-05,400916885,2168,
2016-12-05,400916885,2193,
2016-12-05,400916336,233,
2016-12-05,400916336,16,
2016-12-05,400915069,127,
2016-12-05,400915069,2635,
2016-12-05,400917734,2287,
2016-12-05,400917734,2630,
2016-12-05,400915973,2031,
2016-12-05,400915973,2110,
2016-12-05,400916331,36,
2016-12-05,400916331,2458,
2016-12-05,400915303,152,
2016-12-05,400915303,2634,
2016-12-05,400916725,2515,
2016-12-05,400916725,2210,
2016-12-05,400918580,2523,
2016-12-05,400918580,2473,
2016-12-05,400915302,228,
2016-12-05,400915302,2382,
2016-12-05,400917732,339,
2016-12-05,400917732,93,
2016-12-05,400918245,2181,
2016-12-05,400918245,2296,
2016-12-05,400916719,2737,
2016-12-05,400916719,2256,
2016-12-05,400921968,2000,
2016-12-05,400921968,3141,
2016-12-05,400922233,2755,
2016-12-05,400922233,3075,
2016-12-05,400919562,232,
2016-12-05,400919562,380,
2016-12-05,400915775,2541,
2016-12-05,400915775,2093,
2016-12-05,400917076,2199,
2016-12-05,400917076,2562,
2016-12-05,400916886,2535,
2016-12-05,400916886,2396,
2016-12-05,400922526,2539,
2016-12-05,400922526,22,
2016-12-05,400922085,2916,
2016-12-05,400922085,2639,
2016-12-05,400924259,2247,
2016-12-05,400924259,3068,
2016-12-05,400918849,2908,
2016-12-05,400918849,2842,
2016-12-05,400916884,2643,
2016-12-05,400916884,2648,
2016-12-05,400918014,2547,
2016-12-05,400918014,531,
2016-12-05,400916327,,
2016-12-05,400916721,2127,
2016-12-05,400916721,3169,
2016-12-05,400915978,2026,
2016-12-05,400915978,2410,
2016-12-12,400915579,264,
2016-12-12,400915579,2711,
2016-12-12,400916889,2747,
2016-12-12,400916889,2046,
2016-12-12,400915988,71,
2016-12-12,400915988,250,
2016-12-12,400915987,2110,
2016-12-12,400915987,2032,
2016-12-12,400917536,2520,
2016-12-12,400917536,2182,
2016-12-12,400916890,231,
2016-12-12,400916890,2569,
2016-12-12,400915310,2390,
2016-12-12,400915310,2226,
2016-12-12,400918022,2547,
2016-12-12,400918022,2400,
2016-12-12,400915780,279,
2016-12-12,400915780,2448,
2016-12-12,400910612,2,
2016-12-12,400910612,324,
2016-12-12,400910765,145,
2016-12-12,400910765,93,
2016-12-12,400910547,333,
2016-12-12,400910547,2908,
2016-12-12,400917911,140,
2016-12-12,400917911,2437,
2016-12-12,400916539,45,
2016-12-12,400916539,2116,
2016-12-12,400915989,6,
2016-12-12,400915989,2535,
2016-12-12,400916538,151,
2016-12-12,400916538,232,
2016-12-12,400915986,2229,
2016-12-12,400915986,290,
2016-12-12,400915309,152,
2016-12-12,400915309,2026,
2016-12-12,400910799,2633,
2016-12-12,400910799,288,
2016-12-12,400915568,12,19.0
2016-12-12,400915568,2253,
2016-12-12,400915567,26,2.0
2016-12-12,400915567,2540,
2016-12-12,400915779,2608,20.0
2016-12-12,400915779,98,
2016-12-12,400919857,2439,
2016-12-12,400919857,2916,
2016-12-12,400918954,2440,
2016-12-12,400918954,300,
2016-12-12,400914929,275,14.0
2016-12-12,400914929,2739,
2016-12-12,400916174,2641,
2016-12-12,400916174,2447,
2016-12-12,400918023,292,
2016-12-12,400918023,2320,
2016-12-12,400915781,2501,
2016-12-12,400915781,233,
2016-12-12,400917738,2634,
2016-12-12,400917738,2011,
2016-12-12,400917081,261,
2016-12-12,400917081,2199,
2016-12-12,400918024,305,
2016-12-12,400918024,2130,
2016-12-12,400917080,195,
2016-12-12,400917080,325,
2016-12-12,400916891,2413,
2016-12-12,400916891,2193,
2016-12-12,400916738,2261,
2016-12-12,400916738,2737,
2016-12-12,400916736,350,
2016-12-12,400916736,2515,
2016-12-12,400916542,218,
2016-12-12,400916542,2885,
2016-12-12,400915311,52,23.0
2016-12-12,400915311,2363,
2016-12-12,400910784,58,
2016-12-12,400910784,2579,16.0
2016-12-12,400918740,2598,
2016-12-12,400918740,2619,
2016-12-12,400918420,113,
2016-12-12,400918420,338,
2016-12-12,400915070,127,
2016-12-12,400915070,111,
2016-12-12,400915992,2026,
2016-12-12,400915992,256,
2016-12-12,400916339,155,
2016-12-12,400916339,2449,
2016-12-12,400915314,259,
2016-12-12,400915314,2643,
2016-12-12,400910664,61,
2016-12-12,400910664,2127,
2016-12-12,400916180,257,
2016-12-12,400916180,2641,
2016-12-12,400916179,201,
2016-12-12,400916179,235,
2016-12-12,400915317,97,11.0
2016-12-12,400915317,2198,
2016-12-12,400910813,245,
2016-12-12,400910813,12,19.0
2016-12-12,400919160,2507,
2016-12-12,400919160,2681,
2016-12-12,400917537,2561,
2016-12-12,400917537,2083,
2016-12-12,400915316,183,
2016-12-12,400915316,46,
2016-12-12,400915570,204,
2016-12-12,400915570,299,
2016-12-12,400915782,2539,
2016-12-12,400915782,2502,
2016-12-12,400916173,197,
2016-12-12,400916173,2029,
2016-12-12,400915985,2464,
2016-12-12,400915985,2031,
2016-12-12,400918500,2174,
2016-12-12,400918500,98,
2016-12-12,400915980,526,
2016-12-12,400915980,290,
2016-12-12,400915981,6,
2016-12-12,400915981,2172,
2016-12-12,400919408,2348,
2016-12-12,400919408,2504,
2016-12-12,400916534,222,1.0
2016-12-12,400916534,218,
2016-12-12,400916536,2132,25.0
2016-12-12,400916536,2640,
2016-12-12,400921178,228,
2016-12-12,400921178,2569,
2016-12-12,400919159,43,
2016-12-12,400919159,2115,
2016-12-12,400918739,2275,
2016-12-12,400918739,2619,
2016-12-12,400918663,42,
2016-12-12,400918663,159,
2016-12-12,400916730,2908,
2016-12-12,400916730,2506,
2016-12-12,400916729,2678,
2016-12-12,400916729,2127,
2016-12-12,400910798,2633,
2016-12-12,400910798,2635,
2016-12-12,400915049,130,
2016-12-12,400915049,2110,
2016-12-12,400919924,21,
2016-12-12,400919924,2011,
2016-12-12,400910783,2550,
2016-12-12,400910783,2579,16.0
2016-12-12,400922181,2545,
2016-12-12,400922181,50,
2016-12-12,400918019,292,
2016-12-12,400918019,2454,
2016-12-12,400919013,2329,
2016-12-12,400919013,2598,
2016-12-12,400917532,2099,
2016-12-12,400917532,399,
2016-12-12,400916728,2244,
2016-12-12,400916728,2344,
2016-12-12,400916533,58,
2016-12-12,400916533,2065,
2016-12-12,400916532,2116,
2016-12-12,400916532,219,
2016-12-12,400915028,120,
2016-12-12,400915028,55,
2016-12-12,400910708,99,
2016-12-12,400910708,2428,
2016-12-12,400916535,235,
2016-12-12,400916535,2405,
2016-12-12,400918552,305,
2016-12-12,400918552,82,
2016-12-12,400917535,2754,
2016-12-12,400917535,315,
2016-12-12,400918237,339,
2016-12-12,400918237,2450,
2016-12-12,400918137,79,
2016-12-12,400918137,139,
2016-12-12,400917910,2623,
2016-12-12,400917910,198,
2016-12-12,400917909,2449,
2016-12-12,400917909,302,
2016-12-12,400917736,2057,
2016-12-12,400917736,2393,
2016-12-12,400916537,2567,
2016-12-12,400916537,2377,
2016-12-12,400915984,2630,
2016-12-12,400915984,2032,
2016-12-12,400915092,135,
2016-12-12,400915092,112358,
2016-12-12,400910728,344,
2016-12-12,400910728,2193,
2016-12-12,400916172,239,4.0
2016-12-12,400916172,2582,
2016-12-12,400917737,47,
2016-12-12,400917737,55,
2016-12-12,400918020,2638,
2016-12-12,400918020,166,
2016-12-12,400917533,314,
2016-12-12,400917533,2885,
2016-12-12,400917077,195,
2016-12-12,400917077,270,
2016-12-12,400916731,2097,
2016-12-12,400916731,350,
2016-12-12,400915982,2247,
2016-12-12,400915982,2010,
2016-12-12,400915205,164,
2016-12-12,400915205,161,
2016-12-12,400915135,77,
2016-12-12,400915135,2130,
2016-12-12,400910663,61,
2016-12-12,400910663,309,
2016-12-12,400918457,163,
2016-12-12,400918457,2603,
2016-12-12,400915566,2483,22.0
2016-12-12,400915566,149,
2016-12-12,400915778,2541,
2016-12-12,400915778,27,
2016-12-12,400916337,,
2016-12-12,400918401,2325,
2016-12-12,400918401,526,
2016-12-12,400917538,315,
2016-12-12,400917538,179,
2016-12-12,400918641,2066,
2016-12-12,400918641,2169,
2016-12-12,400915320,103,
2016-12-12,400915320,2529,
2016-12-12,400918435,227,
2016-12-12,400918435,107,
2016-12-12,400916543,2116,
2016-12-12,400916543,193,
2016-12-12,400915174,2599,
2016-12-12,400915174,213,
2016-12-12,400915576,30,24.0
2016-12-12,400915576,2653,
2016-12-12,400916347,16,
2016-12-12,400916347,2000,
2016-12-12,400915784,279,
2016-12-12,400915784,278,
2016-12-12,400914956,356,
2016-12-12,400914956,252,
2016-12-12,400916345,2692,
2016-12-12,400916345,3084,
2016-12-12,400910827,238,
2016-12-12,400910827,236,
2016-12-12,400917913,156,10.0
2016-12-12,400917913,198,
2016-12-12,400915315,2752,17.0
2016-12-12,400915315,154,
2016-12-12,400919903,167,
2016-12-12,400919903,2029,
2016-12-12,400919409,2348,
2016-12-12,400919409,2755,
2016-12-12,400918213,2674,
2016-12-12,400918213,282,
2016-12-12,400915191,2509,15.0
2016-12-12,400915191,87,21.0
2016-12-12,400915991,202,
2016-12-12,400915991,326,
2016-12-12,400915575,9,
2016-12-12,400915575,166,
2016-12-12,400915574,25,
2016-12-12,400915574,13,
2016-12-12,400919458,2534,
2016-12-12,400919458,249,
2016-12-12,400910613,2,
2016-12-12,400910613,2382,
2016-12-12,400916350,,
2016-12-12,400916182,2305,3.0
2016-12-12,400916182,2166,
2016-12-12,400916544,41,
2016-12-12,400916544,2454,
2016-12-12,400916348,68,
2016-12-12,400916348,304,
2016-12-12,400916183,2628,
2016-12-12,400916183,2640,
2016-12-12,400919511,5,
2016-12-12,400919511,2582,
2016-12-12,400917085,23,
2016-12-12,400917085,189,
2016-12-12,400910800,2633,
2016-12-12,400910800,2250,8.0
2016-12-12,400918224,2287,
2016-12-12,400918224,2603,
2016-12-12,400917914,2437,
2016-12-12,400917914,2239,
2016-12-12,400917086,2309,
2016-12-12,400917086,2750,
2016-12-12,400916349,147,
2016-12-12,400916349,233,
2016-12-12,400919529,357,
2016-12-12,400919529,2636,
2016-12-12,400919618,2612,
2016-12-12,400919618,2210,
2016-12-12,400915994,295,
2016-12-12,400915994,2247,
2016-12-12,400915319,152,
2016-12-12,400915319,2217,
2016-12-12,400915318,59,
2016-12-12,400915318,2016,
2016-12-12,400915109,158,
2016-12-12,400915109,2241,
2016-12-12,400915206,164,
2016-12-12,400915206,2230,
2016-12-12,400918861,56,
2016-12-12,400918861,2870,
2016-12-12,400918724,104,
2016-12-12,400918724,160,
2016-12-12,400918705,2349,
2016-12-12,400918705,2115,
2016-12-12,400917540,311,
2016-12-12,400917540,2514,
2016-12-12,400917082,2006,
2016-12-12,400917082,276,
2016-12-12,400916541,248,
2016-12-12,400916541,292,
2016-12-12,400918753,2378,
2016-12-12,400918753,119,
2016-12-12,400917742,2623,
2016-12-12,400917742,2546,
2016-12-12,400915573,254,
2016-12-12,400915573,2504,
2016-12-12,400910689,153,7.0
2016-12-12,400910689,96,6.0
2016-12-12,400915126,84,9.0
2016-12-12,400915126,2086,18.0
2016-12-12,400917743,139,
2016-12-12,400917743,2565,
2016-12-12,400917741,2571,
2016-12-12,400917741,93,
2016-12-12,400915313,258,13.0
2016-12-12,400915313,2523,
2016-12-12,400916737,2427,
2016-12-12,400916737,2717,
2016-12-12,400915001,2294,
2016-12-12,400915001,2460,
2016-12-12,400918789,50,
2016-12-12,400918789,294,
2016-12-12,400918198,82,
2016-12-12,400918198,2350,
2016-12-12,400915572,265,
2016-12-12,400915572,2541,
2016-12-12,400910640,57,
2016-12-12,400910640,2429,
2016-12-12,400917079,2084,
2016-12-12,400917079,2099,
2016-12-12,400910748,142,
2016-12-12,400910748,2197,
2016-12-12,400915156,26,2.0
2016-12-12,400915156,194,
2016-12-12,400917912,270,
2016-12-12,400917912,2710,
2016-12-12,400916342,2172,
2016-12-12,400916342,2458,
2016-12-12,400916175,36,
2016-12-12,400916175,2306,
2016-12-12,400915993,2443,
2016-12-12,400915993,309,
2016-12-12,400915050,130,
2016-12-12,400915050,2379,
2016-12-12,400910584,251,
2016-12-12,400910584,8,
2016-12-12,400916177,277,12.0
2016-12-12,400916177,140,
2016-12-12,400916341,253,
2016-12-12,400916341,85,
2016-12-12,400915990,2433,
2016-12-12,400915990,2466,
2016-12-12,400916178,2724,
2016-12-12,400916178,197,
2016-12-12,400916176,66,
2016-12-12,400916176,2181,
2016-12-12,400915786,2351,
2016-12-12,400915786,2916,
2016-12-12,400915312,221,
2016-12-12,400915312,242,
2016-12-12,400915136,77,
2016-12-12,400915136,2168,
2016-12-12,400917084,2649,
2016-12-12,400917084,2545,
2016-12-12,400916181,239,4.0
2016-12-12,400916181,2296,
2016-12-12,400917083,2229,
2016-12-12,400917083,2459,
2016-12-12,400918609,399,
2016-12-12,400918609,2597,
2016-12-12,400919299,2751,
2016-12-12,400919299,172,
2016-12-12,400919584,2550,
2016-12-12,400919584,48,
2016-12-12,400918476,2670,
2016-12-12,400918476,2393,
2016-12-12,400920401,2154,
2016-12-12,400920401,108859,
2016-12-12,400916344,70,
2016-12-12,400916344,2887,
2016-12-12,400915571,38,
2016-12-12,400915571,2231,
2016-12-12,400922187,2617,
2016-12-12,400922187,2353,
2016-12-12,400922273,2729,
2016-12-12,400922273,2397,
2016-12-12,400924203,2335,
2016-12-12,400924203,109636,
2016-12-12,400916888,2430,
2016-12-12,400916888,2576,
2016-12-12,400916734,2272,
2016-12-12,400916734,286,
2016-12-12,400915569,24,
2016-12-12,400915569,2093,
2016-12-12,400918021,2934,
2016-12-12,400918021,3246,
2016-12-12,400915783,301,
2016-12-12,400915783,3246,
2016-12-12,400918907,2463,
2016-12-12,400918907,3246,
2016-12-12,400922045,2277,
2016-12-12,400922045,3166,
2016-12-19,400926719,2539,
2016-12-19,400926719,21,
2016-12-19,400916355,147,
2016-12-19,400916355,2117,
2016-12-19,400910828,2168,
2016-12-19,400910828,238,
2016-12-19,400910749,356,
2016-12-19,400910749,142,
2016-12-19,400910641,57,
2016-12-19,400910641,2031,
2016-12-19,400919018,222,1.0
2016-12-19,400919018,44,
2016-12-19,400915326,2210,
2016-12-19,400915326,150,5.0
2016-12-19,400915327,103,
2016-12-19,400915327,2217,
2016-12-19,400919796,2440,
2016-12-19,400919796,119,
2016-12-19,400917755,282,
2016-12-19,400917755,2197,
2016-12-19,400916188,2641,
2016-12-19,400916188,2344,
2016-12-19,400915175,213,
2016-12-19,400915175,2415,
2016-12-19,400917544,314,
2016-12-19,400917544,2540,
2016-12-19,400916894,236,
2016-12-19,400916894,55,
2016-12-19,400915585,2483,20.0
2016-12-19,400915585,278,
2016-12-19,400915586,264,
2016-12-19,400915586,13,
2016-12-19,400915792,2608,19.0
2016-12-19,400915792,357,
2016-12-19,400915793,2501,
2016-12-19,400915793,2502,
2016-12-19,400915791,279,
2016-12-19,400915791,338,
2016-12-19,400915584,9,
2016-12-19,400915584,156,9.0
2016-12-19,400915583,12,18.0
2016-12-19,400915583,167,
2016-12-19,400918028,2253,
2016-12-19,400918028,2016,
2016-12-19,400915789,252,
2016-12-19,400915789,304,
2016-12-19,400915325,259,
2016-12-19,400915325,2127,
2016-12-19,400915002,2294,
2016-12-19,400915002,155,
2016-12-19,400918687,2507,
2016-12-19,400918687,311,
2016-12-19,400917754,140,
2016-12-19,400917754,2630,
2016-12-19,400919459,249,
2016-12-19,400919459,2545,
2016-12-19,400918610,2567,
2016-12-19,400918610,399,
2016-12-19,400917753,2046,
2016-12-19,400917753,288,
2016-12-19,400916354,2458,
2016-12-19,400916354,27,
2016-12-19,400915071,127,
2016-12-19,400915071,2473,
2016-12-19,400915330,221,
2016-12-19,400915330,2437,
2016-12-19,400915331,183,
2016-12-19,400915331,2599,
2016-12-19,400917546,112358,
2016-12-19,400917546,315,
2016-12-19,400915587,265,
2016-12-19,400915587,16,
2016-12-19,400910549,333,
2016-12-19,400910549,2032,
2016-12-19,400917756,269,
2016-12-19,400917756,2565,
2016-12-19,400910614,201,
2016-12-19,400910614,2,
2016-12-19,400915328,153,8.0
2016-12-19,400915328,2460,
2016-12-19,400926720,2287,
2016-12-19,400926720,202,
2016-12-19,400918030,2636,
2016-12-19,400918030,3084,
2016-12-19,400916549,248,
2016-12-19,400916549,2335,
2016-12-19,400916548,235,
2016-12-19,400916548,2916,
2016-12-19,400916189,2306,
2016-12-19,400916189,2241,
2016-12-19,400911027,251,
2016-12-19,400911027,5,
2016-12-19,400910814,245,
2016-12-19,400910814,2598,
2016-12-19,400916187,239,4.0
2016-12-19,400916187,2640,
2016-12-19,400916003,2393,
2016-12-19,400916003,2247,
2016-12-19,400916002,2026,
2016-12-19,400916002,2261,
2016-12-19,400910690,97,10.0
2016-12-19,400910690,96,6.0
2016-12-19,400918762,2086,13.0
2016-12-19,400918762,261,
2016-12-19,400915193,2509,15.0
2016-12-19,400915193,2450,
2016-12-19,400919166,2529,
2016-12-19,400919166,107,
2016-12-19,400918835,2229,
2016-12-19,400918835,2454,
2016-12-19,400918706,2349,
2016-12-19,400918706,104,
2016-12-19,400918642,349,
2016-12-19,400918642,2066,
2016-12-19,400918347,2230,
2016-12-19,400918347,2115,
2016-12-19,400918263,2166,
2016-12-19,400918263,294,
2016-12-19,400917545,2514,
2016-12-19,400917545,2182,
2016-12-19,400917089,2523,
2016-12-19,400917089,2084,
2016-12-19,400917088,300,
2016-12-19,400917088,2006,
2016-12-19,400916550,2116,
2016-12-19,400916550,2065,
2016-12-19,400916352,82,
2016-12-19,400916352,2464,
2016-12-19,400915790,309,
2016-12-19,400915790,2492,
2016-12-19,400915137,77,
2016-12-19,400915137,85,
2016-12-19,400915323,87,25.0
2016-12-19,400915323,2142,
2016-12-19,400910729,344,
2016-12-19,400910729,2572,
2016-12-19,400917916,2181,
2016-12-19,400917916,2571,
2016-12-19,400915127,84,16.0
2016-12-19,400915127,2169,
2016-12-19,400919489,242,
2016-12-19,400919489,2466,
2016-12-19,400917752,2739,
2016-12-19,400917752,2565,
2016-12-19,400917747,270,
2016-12-19,400917747,2057,
2016-12-19,400916741,2320,
2016-12-19,400916741,2335,
2016-12-19,400916545,2655,
2016-12-19,400916545,2377,
2016-12-19,400915996,198,
2016-12-19,400915996,2031,
2016-12-19,400910710,99,
2016-12-19,400910710,232,
2016-12-19,400917750,2413,
2016-12-19,400917750,2110,
2016-12-19,400916740,2717,
2016-12-19,400916740,2272,
2016-12-19,400915324,150,5.0
2016-12-19,400915324,2634,
2016-12-19,400922274,2729,
2016-12-19,400922274,2542,
2016-12-19,400915580,2005,
2016-12-19,400915580,38,
2016-12-19,400919015,2083,
2016-12-19,400919015,116,
2016-12-19,400918471,179,
2016-12-19,400918471,349,
2016-12-19,400918324,2184,
2016-12-19,400918324,2296,
2016-12-19,400917749,2450,
2016-12-19,400917749,2198,
2016-12-19,400916893,2378,
2016-12-19,400916893,2643,
2016-12-19,400916892,2635,
2016-12-19,400916892,231,
2016-12-19,400916743,2427,
2016-12-19,400916743,2430,
2016-12-19,400916742,2050,
2016-12-19,400916742,2344,
2016-12-19,400915995,324,
2016-12-19,400915995,2747,
2016-12-19,400915322,183,
2016-12-19,400915322,2199,
2016-12-19,400915192,2509,15.0
2016-12-19,400915192,2710,
2016-12-19,400915321,52,21.0
2016-12-19,400915321,2535,
2016-12-19,400910766,145,
2016-12-19,400910766,71,
2016-12-19,400915581,2567,
2016-12-19,400915581,24,
2016-12-19,400915110,158,
2016-12-19,400915110,2582,
2016-12-19,400910585,8,
2016-12-19,400910585,2449,
2016-12-19,400918767,2348,
2016-12-19,400918767,526,
2016-12-19,400916185,277,11.0
2016-12-19,400916185,2515,
2016-12-19,400918581,2473,
2016-12-19,400918581,111,
2016-12-19,400918448,256,
2016-12-19,400918448,257,
2016-12-19,400917543,48,
2016-12-19,400917543,2368,
2016-12-19,400917542,2405,
2016-12-19,400917542,163,
2016-12-19,400917541,2597,
2016-12-19,400917541,2363,
2016-12-19,400917087,2649,
2016-12-19,400917087,2350,
2016-12-19,400916547,58,
2016-12-19,400916547,2459,
2016-12-19,400916186,66,
2016-12-19,400916186,2400,
2016-12-19,400915157,194,
2016-12-19,400915157,2754,
2016-12-19,400915029,120,
2016-12-19,400915029,2429,
2016-12-19,400910665,59,
2016-12-19,400910665,61,
2016-12-19,400916353,,
2016-12-19,400915787,36,
2016-12-19,400915787,2351,
2016-12-19,400916546,350,
2016-12-19,400916546,151,
2016-12-19,400916000,2154,
2016-12-19,400916000,2433,
2016-12-19,400915999,2737,
2016-12-19,400915999,290,
2016-12-19,400915582,30,23.0
2016-12-19,400915582,172,
2016-12-19,400918138,2439,
2016-12-19,400918138,79,
2016-12-19,400916351,2547,
2016-12-19,400916351,253,
2016-12-19,400915788,2539,
2016-12-19,400915788,2000,
2016-12-19,400918027,2623,
2016-12-19,400918027,2130,
2016-12-19,400919939,328,
2016-12-19,400919939,2443,
2016-12-19,400918026,166,
2016-12-19,400918026,300,
2016-12-19,400917915,2172,
2016-12-19,400917915,2029,
2016-12-19,400917751,305,
2016-12-19,400917751,2546,
2016-12-19,400915998,2751,
2016-12-19,400915998,2653,
2016-12-19,400916190,2628,
2016-12-19,400916190,71,
2016-12-19,400919014,44,
2016-12-19,400919014,2379,
2016-12-19,400916356,328,
2016-12-19,400916356,2692,
2016-12-19,400916895,2535,
2016-12-19,400916895,50,
2016-12-19,400915801,2351,
2016-12-19,400915801,250,
2016-12-19,400916192,2439,
2016-12-19,400916192,2305,3.0
2016-12-19,400915797,149,
2016-12-19,400915797,2492,
2016-12-19,400915795,252,
2016-12-19,400915795,2934,
2016-12-19,400910767,145,
2016-12-19,400910767,6,
2016-12-19,400910711,154,
2016-12-19,400910711,99,
2016-12-19,400915799,2608,19.0
2016-12-19,400915799,2569,
2016-12-19,400917920,2724,
2016-12-19,400917920,2571,
2016-12-19,400917758,93,
2016-12-19,400917758,2750,
2016-12-19,400917757,2057,
2016-12-19,400917757,325,
2016-12-19,400916745,139,
2016-12-19,400916745,2737,
2016-12-19,400917090,98,
2016-12-19,400917090,195,
2016-12-19,400915798,2674,
2016-12-19,400915798,2541,
2016-12-19,400915138,77,
2016-12-19,400915138,2277,
2016-12-19,400910586,8,
2016-12-19,400910586,2534,
2016-12-19,400916552,2132,24.0
2016-12-19,400916552,276,
2016-12-19,400918942,299,
2016-12-19,400918942,36,
2016-12-19,400915593,24,
2016-12-19,400915593,70,
2016-12-19,400915207,2550,
2016-12-19,400915207,164,
2016-12-19,400926722,62,
2016-12-19,400926722,2572,
2016-12-19,400926723,254,
2016-12-19,400926723,2617,
2016-12-19,400914930,275,14.0
2016-12-19,400914930,50,
2016-12-19,400916556,248,
2016-12-19,400916556,108,
2016-12-19,400916899,2168,
2016-12-19,400916899,2678,
2016-12-19,400915093,135,
2016-12-19,400915093,2032,
2016-12-19,400915796,2239,
2016-12-19,400915796,2501,
2016-12-19,400916193,277,11.0
2016-12-19,400916193,94,
2016-12-19,400910615,41,
2016-12-19,400910615,2,
2016-12-19,400917553,2597,
2016-12-19,400917553,2612,
2016-12-19,400916007,2655,
2016-12-19,400916007,326,
2016-12-19,400918707,2352,
2016-12-19,400918707,2349,
2016-12-19,400931467,2638,
2016-12-19,400931467,300,
2016-12-19,400915800,249,
2016-12-19,400915800,301,
2016-12-19,400919472,295,
2016-12-19,400919472,47,
2016-12-19,400916553,151,
2016-12-19,400916553,2506,
2016-12-19,400916191,197,
2016-12-19,400916191,357,
2016-12-19,400915333,2390,
2016-12-19,400915333,45,
2016-12-19,400915051,130,
2016-12-19,400915051,231,
2016-12-19,400910801,2193,
2016-12-19,400910801,2633,
2016-12-19,400916897,46,
2016-12-19,400916897,2430,
2016-12-19,400919802,2005,
2016-12-19,400919802,302,
2016-12-19,400915588,204,
2016-12-19,400915588,2309,
2016-12-19,400918688,225,
2016-12-19,400918688,311,
2016-12-19,400915589,26,2.0
2016-12-19,400915589,2711,
2016-12-19,400918664,42,
2016-12-19,400918664,2426,
2016-12-19,400919165,2803,
2016-12-19,400919165,159,
2016-12-19,400917091,189,
2016-12-19,400917091,2010,
2016-12-19,400920533,338,
2016-12-19,400920533,2448,
2016-12-19,400918381,2244,
2016-12-19,400918381,2504,
2016-12-19,400916744,2097,
2016-12-19,400916744,56,
2016-12-19,400916006,2670,
2016-12-19,400916006,2433,
2016-12-19,400915334,152,
2016-12-19,400915334,2377,
2016-12-19,400918436,227,
2016-12-19,400918436,2729,
2016-12-19,400917760,193,
2016-12-19,400917760,2635,
2016-12-19,400918458,2603,
2016-12-19,400918458,322,
2016-12-19,400915794,2250,7.0
2016-12-19,400915794,233,
2016-12-19,400910785,2579,22.0
2016-12-19,400910785,228,
2016-12-19,400916555,218,
2016-12-19,400916555,43,
2016-12-19,400917550,179,
2016-12-19,400917550,2099,
2016-12-19,400917549,2275,
2016-12-19,400917549,2561,
2016-12-19,400916357,23,
2016-12-19,400916357,253,
2016-12-19,400918908,68,
2016-12-19,400918908,2463,
2016-12-19,400915329,25,
2016-12-19,400915329,258,12.0
2016-12-19,400917547,113,
2016-12-19,400917547,2520,
2016-12-19,400917092,2050,
2016-12-19,400917092,2011,
2016-12-19,400916898,2382,
2016-12-19,400916898,2325,
2016-12-19,400917919,2174,
2016-12-19,400917919,2870,
2016-12-19,400918029,292,
2016-12-19,400918029,630,
2016-12-19,400919020,2329,
2016-12-19,400919020,92,
2016-12-19,400918850,2908,
2016-12-19,400918850,3244,
2016-12-19,400922782,339,
2016-12-19,400922782,2419,
2016-12-19,400918823,2885,
2016-12-19,400918823,110411,
2016-12-19,400919164,2681,
2016-12-19,400919164,2901,
2016-12-19,400918725,160,
2016-12-19,400918725,3119,
2016-12-19,400919367,2226,
2016-12-19,400919367,2691,
2016-12-26,400915605,25,
2016-12-26,400915605,9,
2016-12-26,400919660,2599,
2016-12-26,400919660,2086,13.0
2016-12-26,400917767,2630,
2016-12-26,400917767,55,
2016-12-26,400918199,2181,
2016-12-26,400918199,2350,
2016-12-26,400910691,145,
2016-12-26,400910691,96,8.0
2016-12-26,400918226,2287,
2016-12-26,400918226,339,
2016-12-26,400918139,71,
2016-12-26,400918139,79,
2016-12-26,400917926,233,
2016-12-26,400917926,2437,
2016-12-26,400910750,142,
2016-12-26,400910750,288,
2016-12-26,400910731,344,
2016-12-26,400910731,140,
2016-12-26,400910550,333,
2016-12-26,400910550,56,
2016-12-26,400922046,2534,
2016-12-26,400922046,2277,
2016-12-26,400919170,161,
2016-12-26,400919170,2598,
2016-12-26,400918501,2174,
2016-12-26,400918501,94,
2016-12-26,400916748,2127,
2016-12-26,400916748,2737,
2016-12-26,400919473,295,
2016-12-26,400919473,2729,
2016-12-26,400910712,99,
2016-12-26,400910712,238,
2016-12-26,400919168,2681,
2016-12-26,400919168,2115,
2016-12-26,400918582,2473,
2016-12-26,400918582,2750,
2016-12-26,400918537,2754,
2016-12-26,400918537,270,
2016-12-26,400918480,325,
2016-12-26,400918480,2739,
2016-12-26,400917925,2870,
2016-12-26,400917925,2710,
2016-12-26,400917557,225,
2016-12-26,400917557,2514,
2016-12-26,400917556,2561,
2016-12-26,400917556,261,
2016-12-26,400917095,2454,
2016-12-26,400917095,2050,
2016-12-26,400917094,2711,
2016-12-26,400917094,2010,
2016-12-26,400916904,2193,
2016-12-26,400916904,2542,
2016-12-26,400916751,2515,
2016-12-26,400916751,2427,
2016-12-26,400916750,2506,
2016-12-26,400916750,2335,
2016-12-26,400916749,2241,
2016-12-26,400916749,2272,
2016-12-26,400921969,2443,
2016-12-26,400921969,2000,
2016-12-26,400915804,252,
2016-12-26,400915804,2541,
2016-12-26,400910802,245,
2016-12-26,400910802,2633,
2016-12-26,400918554,82,
2016-12-26,400918554,2674,
2016-12-26,400919044,349,
2016-12-26,400919044,2329,
2016-12-26,400919043,2426,
2016-12-26,400919043,2083,
2016-12-26,400919042,322,
2016-12-26,400919042,2142,
2016-12-26,400919041,104,
2016-12-26,400919041,107,
2016-12-26,400918611,171,
2016-12-26,400918611,399,
2016-12-26,400918437,139,
2016-12-26,400918437,227,
2016-12-26,400918364,2603,
2016-12-26,400918364,45,
2016-12-26,400918326,2230,
2016-12-26,400918326,2184,
2016-12-26,400917098,2084,
2016-12-26,400917098,311,
2016-12-26,400915604,264,
2016-12-26,400915604,265,
2016-12-26,400916195,66,
2016-12-26,400916195,2641,
2016-12-26,400915073,127,
2016-12-26,400915073,77,
2016-12-26,400917097,2117,
2016-12-26,400917097,2130,
2016-12-26,400916194,197,
2016-12-26,400916194,277,11.0
2016-12-26,400916359,147,
2016-12-26,400916359,2692,
2016-12-26,400918421,113,
2016-12-26,400918421,179,
2016-12-26,400917558,219,
2016-12-26,400917558,2217,
2016-12-26,400917099,189,
2016-12-26,400917099,2450,
2016-12-26,400920418,62,
2016-12-26,400920418,2169,
2016-12-26,400915808,2351,
2016-12-26,400915808,2608,19.0
2016-12-26,400916362,2502,
2016-12-26,400916362,155,
2016-12-26,400916361,16,
2016-12-26,400916361,2458,
2016-12-26,400918909,2463,
2016-12-26,400918909,2415,
2016-12-26,400915807,2539,
2016-12-26,400915807,301,
2016-12-26,400915806,279,
2016-12-26,400915806,2501,
2016-12-26,400915805,2250,7.0
2016-12-26,400915805,2492,
2016-12-26,400910587,8,
2016-12-26,400910587,57,25.0
2016-12-26,400916360,149,
2016-12-26,400916360,304,
2016-12-26,400916747,2344,
2016-12-26,400916747,2097,
2016-12-26,400910616,2,
2016-12-26,400910616,61,
2016-12-26,400916196,201,
2016-12-26,400916196,239,4.0
2016-12-26,400914975,84,16.0
2016-12-26,400914975,158,
2016-12-26,400918741,2619,
2016-12-26,400918741,2885,
2016-12-26,400918264,2166,
2016-12-26,400918264,42,
2016-12-26,400918114,282,
2016-12-26,400918114,2724,
2016-12-26,400917555,48,
2016-12-26,400917555,314,
2016-12-26,400916903,2643,
2016-12-26,400916903,2430,
2016-12-26,400916902,338,
2016-12-26,400916902,2382,
2016-12-26,400916558,151,
2016-12-26,400916558,58,
2016-12-26,400915342,259,
2016-12-26,400915342,2378,
2016-12-26,400915341,221,
2016-12-26,400915341,276,
2016-12-26,400915340,152,
2016-12-26,400915340,2520,
2016-12-26,400915339,2390,
2016-12-26,400915339,171,
2016-12-26,400915337,228,
2016-12-26,400915337,350,
2016-12-26,400919656,222,1.0
2016-12-26,400919656,305,
2016-12-26,400915343,52,20.0
2016-12-26,400915343,154,
2016-12-26,400915345,87,24.0
2016-12-26,400915345,2612,
2016-12-26,400919339,163,
2016-12-26,400919339,2261,
2016-12-26,400919332,219,
2016-12-26,400919332,2182,
2016-12-26,400916561,41,
2016-12-26,400916561,248,
2016-12-26,400916009,2247,
2016-12-26,400916009,113,
2016-12-26,400918033,2540,
2016-12-26,400918033,2934,
2016-12-26,400916557,235,
2016-12-26,400916557,2567,
2016-12-26,400915072,135,
2016-12-26,400915072,127,
2016-12-26,400914931,275,14.0
2016-12-26,400914931,164,
2016-12-26,400918477,2670,
2016-12-26,400918477,47,
2016-12-26,400915336,183,
2016-12-26,400915336,172,
2016-12-26,400911028,251,
2016-12-26,400911028,2309,
2016-12-26,400914957,120,
2016-12-26,400914957,356,
2016-12-26,400915139,213,
2016-12-26,400915139,77,
2016-12-26,400918769,2226,
2016-12-26,400918769,526,
2016-12-26,400919657,2752,17.0
2016-12-26,400919657,2507,
2016-12-26,400918708,172,
2016-12-26,400918708,2349,
2016-12-26,400919803,2751,
2016-12-26,400919803,2005,
2016-12-26,400919167,112358,
2016-12-26,400919167,116,
2016-12-26,400919169,2597,
2016-12-26,400919169,2803,
2016-12-26,400919171,2529,
2016-12-26,400919171,2523,
2016-12-26,400918943,2199,
2016-12-26,400918943,299,
2016-12-26,400915597,204,
2016-12-26,400915597,30,22.0
2016-12-26,400919841,36,
2016-12-26,400919841,2439,
2016-12-26,400919932,2440,
2016-12-26,400919932,23,
2016-12-26,400918037,27,
2016-12-26,400918037,3084,
2016-12-26,400918035,2547,
2016-12-26,400918035,302,
2016-12-26,400915596,2483,21.0
2016-12-26,400915596,26,2.0
2016-12-26,400916560,218,
2016-12-26,400916560,2132,23.0
2016-12-26,400919875,167,
2016-12-26,400919875,278,
2016-12-26,400919821,328,
2016-12-26,400919821,68,
2016-12-26,400918159,2460,
2016-12-26,400918159,2623,
2016-12-26,400915346,153,9.0
2016-12-26,400915346,2405,
2016-12-26,400918038,2253,
2016-12-26,400918038,13,
2016-12-26,400917924,2172,
2016-12-26,400917924,198,
2016-12-26,400915004,2509,15.0
2016-12-26,400915004,2294,
2016-12-26,400919659,269,
2016-12-26,400919659,46,
2016-12-26,400919658,156,10.0
2016-12-26,400919658,2550,
2016-12-26,400922182,2582,
2016-12-26,400922182,2545,
2016-12-26,400917922,2571,
2016-12-26,400917922,2449,
2016-12-26,400917763,98,
2016-12-26,400917763,2046,
2016-12-26,400916559,2655,
2016-12-26,400916559,2116,
2016-12-26,400916008,2433,
2016-12-26,400916008,2755,
2016-12-26,400915338,59,
2016-12-26,400915338,2448,
2016-12-26,400915344,97,6.0
2016-12-26,400915344,258,12.0
2016-12-26,400919323,108,
2016-12-26,400919323,47,
2016-12-26,400918302,2168,
2016-12-26,400918302,2325,
2016-12-26,400916010,2031,
2016-12-26,400916010,2433,
2016-12-26,400922124,2466,
2016-12-26,400922124,2377,
2016-12-26,400919563,2210,
2016-12-26,400919563,232,
2016-12-26,400917773,2197,
2016-12-26,400917773,55,
2016-12-26,400922087,2447,
2016-12-26,400922087,2916,
2016-12-26,400917774,2565,
2016-12-26,400917774,2635,
2016-12-26,400917772,2546,
2016-12-26,400917772,2198,
2016-12-26,400917771,2046,
2016-12-26,400917771,2057,
2016-12-26,400919790,111,
2016-12-26,400919790,2729,
2016-12-26,400919602,256,
2016-12-26,400919602,2182,
2016-12-26,400922027,2110,
2016-12-26,400922027,2534,
2016-12-26,400922047,2617,
2016-12-26,400922047,2277,
2016-12-26,400915005,2294,
2016-12-26,400915005,130,
2016-12-26,400915603,24,
2016-12-26,400915603,12,18.0
2016-12-26,400914958,356,
2016-12-26,400914958,194,
2016-12-26,400915602,254,
2016-12-26,400915602,38,
2016-12-26,400919444,2393,
2016-12-26,400919444,5,
2016-12-26,400919904,21,
2016-12-26,400919904,167,
2016-12-26,400919522,2636,
2016-12-26,400919522,2638,
2016-12-26,400919411,2572,
2016-12-26,400919411,2348,
2016-12-26,400922151,2443,
2016-12-26,400922151,357,
2016-12-26,400915353,103,
2016-12-26,400915353,183,
2016-12-26,400917775,2630,
2016-12-26,400917775,2413,
2016-12-26,400916013,2032,
2016-12-26,400916013,309,
2016-12-26,400916012,250,
2016-12-26,400916012,324,
2016-12-26,400916011,326,
2016-12-26,400916011,2026,
2016-12-26,400919585,48,
2016-12-26,400919585,2275,
2016-12-26,400917560,314,
2016-12-26,400917560,2368,
2016-12-26,400916197,2628,
2016-12-26,400916197,2305,3.0
2016-12-26,400916363,,
2016-12-26,400916906,2747,
2016-12-26,400916906,2382,
2016-12-26,400916014,290,
2016-12-26,400916014,2247,
2016-12-26,400915347,259,
2016-12-26,400915347,150,5.0
2016-12-26,400919784,119,
2016-12-26,400919784,350,
2016-12-26,400919347,2429,
2016-12-26,400919347,249,
2016-12-26,400918792,294,
2016-12-26,400918792,2569,
2016-12-26,400917770,93,
2016-12-26,400917770,2634,
2016-12-26,400916908,231,
2016-12-26,400916908,2643,
2016-12-26,400917927,85,
2016-12-26,400917927,2710,
2016-12-26,400918041,166,
2016-12-26,400918041,2638,
2016-12-26,400916564,202,
2016-12-26,400916564,41,
2016-12-26,400918726,159,
2016-12-26,400918726,160,
2016-12-26,400918265,2166,
2016-12-26,400918265,257,
2016-12-26,400919045,44,
2016-12-26,400919045,2352,
2016-12-26,400916909,2430,
2016-12-26,400916909,2535,
2016-12-26,400911029,2306,
2016-12-26,400911029,251,
2016-12-26,400916907,2717,
2016-12-26,400916907,236,
2016-12-26,400916905,2193,
2016-12-26,400916905,2678,
2016-12-26,400916365,2464,
2016-12-26,400916365,253,
2016-12-26,400910787,235,
2016-12-26,400910787,2579,
2016-12-26,400919474,295,
2016-12-26,400919474,242,
2016-12-26,400919388,2229,
2016-12-26,400919388,276,
2016-12-26,400918382,2244,
2016-12-26,400918382,2670,
2016-12-26,400917101,195,
2016-12-26,400917101,2666,
2016-12-26,400922384,2296,
2016-12-26,400922384,2225,
2016-12-26,400918955,300,
2016-12-26,400918955,109670,
2016-12-26,400918890,2239,
2016-12-26,400918890,3246,
2016-12-26,400922256,2504,
2016-12-26,400922256,2281,
2016-12-26,400917100,2649,
2016-12-26,400917100,3121,
2016-12-26,400918643,2066,
2016-12-26,400918643,2374,
2016-12-26,400922106,2320,
2016-12-26,400922106,2281,
2016-12-26,400918042,292,
2016-12-26,400918042,2658,
2016-12-26,400922884,2011,
2016-12-26,400922884,2232,
2016-12-26,400917102,2459,
2016-12-26,400917102,542,
2016-12-26,400918851,2908,
2016-12-26,400918851,2019,
2016-12-26,400917096,193,
2016-12-26,400917096,354,
2016-12-26,400922644,2428,
2016-12-26,400922644,3245,
2017-01-02,400915617,30,25.0
2017-01-02,400915617,25,
2017-01-02,400911030,251,
2017-01-02,400911030,197,
2017-01-02,400918944,300,
2017-01-02,400918944,299,
2017-01-02,400918971,302,
2017-01-02,400918971,2540,
2017-01-02,400919842,23,
2017-01-02,400919842,36,
2017-01-02,400919876,278,
2017-01-02,400919876,2751,
2017-01-02,400915607,265,
2017-01-02,400915607,204,
2017-01-02,400919822,2439,
2017-01-02,400919822,68,
2017-01-02,400919905,328,
2017-01-02,400919905,167,
2017-01-02,400919925,2440,
2017-01-02,400919925,21,
2017-01-02,400916570,235,
2017-01-02,400916570,41,
2017-01-02,400916916,236,
2017-01-02,400916916,2747,
2017-01-02,400916917,2643,
2017-01-02,400916917,2193,
2017-01-02,400918266,45,
2017-01-02,400918266,2166,
2017-01-02,400918613,2349,
2017-01-02,400918613,399,
2017-01-02,400918644,2378,
2017-01-02,400918644,2066,
2017-01-02,400918690,311,
2017-01-02,400918690,261,
2017-01-02,400918728,160,
2017-01-02,400918728,2619,
2017-01-02,400919051,322,
2017-01-02,400919051,349,
2017-01-02,400919052,2426,
2017-01-02,400919052,104,
2017-01-02,400919053,2142,
2017-01-02,400919053,107,
2017-01-02,400918910,2463,
2017-01-02,400918910,27,
2017-01-02,400915359,87,23.0
2017-01-02,400915359,97,9.0
2017-01-02,400915360,221,
2017-01-02,400915360,258,11.0
2017-01-02,400922235,2010,
2017-01-02,400922235,2755,
2017-01-02,400917933,2437,
2017-01-02,400917933,2870,
2017-01-02,400918116,2724,
2017-01-02,400918116,2181,
2017-01-02,400918141,79,
2017-01-02,400918141,282,
2017-01-02,400918238,339,
2017-01-02,400918238,71,
2017-01-02,400920364,2542,
2017-01-02,400920364,2065,
2017-01-02,400922197,2016,
2017-01-02,400922197,2504,
2017-01-02,400916201,239,2.0
2017-01-02,400916201,66,
2017-01-02,400915052,130,
2017-01-02,400915052,213,
2017-01-02,400922386,2011,
2017-01-02,400922386,2296,
2017-01-02,400915606,264,
2017-01-02,400915606,2483,15.0
2017-01-02,400922392,2582,
2017-01-02,400922392,2640,
2017-01-02,400919668,2599,
2017-01-02,400919668,156,10.0
2017-01-02,400910713,142,
2017-01-02,400910713,99,
2017-01-02,400916568,248,
2017-01-02,400916568,202,
2017-01-02,400916569,2567,
2017-01-02,400916569,218,
2017-01-02,400917931,2172,
2017-01-02,400917931,233,
2017-01-02,400918179,2287,
2017-01-02,400918179,2623,
2017-01-02,400915358,152,
2017-01-02,400915358,259,21.0
2017-01-02,400919054,2329,
2017-01-02,400919054,2352,
2017-01-02,400919177,2598,
2017-01-02,400919177,2597,
2017-01-02,400919178,2523,
2017-01-02,400919178,112358,
2017-01-02,400922126,2377,
2017-01-02,400922126,2534,
2017-01-02,400919349,98,
2017-01-02,400919349,2429,
2017-01-02,400919445,242,
2017-01-02,400919445,2393,
2017-01-02,400919461,249,
2017-01-02,400919461,5,
2017-01-02,400919502,2572,
2017-01-02,400919502,2636,
2017-01-02,400921971,2000,
2017-01-02,400921971,2110,
2017-01-02,400922048,2277,
2017-01-02,400922048,2545,
2017-01-02,400922089,2916,
2017-01-02,400922089,2466,
2017-01-02,400922107,2320,
2017-01-02,400922107,2443,
2017-01-02,400917781,55,
2017-01-02,400917781,93,
2017-01-02,400917934,2449,
2017-01-02,400917934,85,
2017-01-02,400915006,158,
2017-01-02,400915006,2294,
2017-01-02,400915095,77,
2017-01-02,400915095,135,
2017-01-02,400915609,9,
2017-01-02,400915609,38,
2017-01-02,400916371,2458,
2017-01-02,400916371,253,
2017-01-02,400917777,2635,
2017-01-02,400917777,2046,
2017-01-02,400917782,2634,
2017-01-02,400917782,2546,
2017-01-02,400915616,26,4.0
2017-01-02,400915616,24,
2017-01-02,400915817,2539,
2017-01-02,400915817,2250,5.0
2017-01-02,400918049,2130,
2017-01-02,400918049,292,
2017-01-02,400917780,2198,
2017-01-02,400917780,2565,
2017-01-02,400919180,2803,
2017-01-02,400919180,116,
2017-01-02,400917778,2057,
2017-01-02,400917778,2630,
2017-01-02,400919181,2115,
2017-01-02,400919181,2529,
2017-01-02,400919429,276,
2017-01-02,400919429,295,
2017-01-02,400919586,111,
2017-01-02,400919586,48,
2017-01-02,400919604,2182,
2017-01-02,400919604,350,
2017-01-02,400919621,2729,
2017-01-02,400919621,2210,
2017-01-02,400919635,2275,
2017-01-02,400919635,256,
2017-01-02,400915159,194,
2017-01-02,400915159,2509,20.0
2017-01-02,400918048,140,
2017-01-02,400918048,166,
2017-01-02,400916915,2382,
2017-01-02,400916915,2678,
2017-01-02,400917568,2363,
2017-01-02,400917568,2217,
2017-01-02,400918482,2750,
2017-01-02,400918482,325,
2017-01-02,400918570,94,
2017-01-02,400918570,2754,
2017-01-02,400919055,44,
2017-01-02,400919055,2083,
2017-01-02,400919412,2348,
2017-01-02,400919412,2638,
2017-01-02,400919565,232,
2017-01-02,400919565,119,
2017-01-02,400917779,2413,
2017-01-02,400917779,2197,
2017-01-02,400916370,155,
2017-01-02,400916370,2464,
2017-01-02,400916914,2535,
2017-01-02,400916914,231,
2017-01-02,400917932,2710,
2017-01-02,400917932,2571,
2017-01-02,400920402,2154,
2017-01-02,400920402,2569,
2017-01-02,400916369,,
2017-01-02,400915356,150,8.0
2017-01-02,400915356,59,
2017-01-02,400919369,2226,
2017-01-02,400919369,276,
2017-01-02,400919389,2229,
2017-01-02,400919389,98,
2017-01-02,400918045,140,
2017-01-02,400918045,2908,
2017-01-02,400916016,2032,
2017-01-02,400916016,2433,
2017-01-02,400916017,250,
2017-01-02,400916017,2026,
2017-01-02,400916018,326,
2017-01-02,400916018,324,
2017-01-02,400916019,6,
2017-01-02,400916019,2653,
2017-01-02,400922125,2377,
2017-01-02,400922125,2617,
2017-01-02,400922215,2029,
2017-01-02,400922215,2400,
2017-01-02,400916015,2031,
2017-01-02,400916015,309,
2017-01-02,400918763,261,
2017-01-02,400918763,108,
2017-01-02,400918665,43,
2017-01-02,400918665,42,
2017-01-02,400917561,2099,
2017-01-02,400917561,2561,
2017-01-02,400918689,311,
2017-01-02,400918689,171,
2017-01-02,400916910,2717,
2017-01-02,400916910,2535,
2017-01-02,400918612,399,
2017-01-02,400918612,172,
2017-01-02,400916912,2430,
2017-01-02,400916912,236,
2017-01-02,400917562,315,
2017-01-02,400917562,2514,
2017-01-02,400917563,2612,
2017-01-02,400917563,2405,
2017-01-02,400917564,2368,
2017-01-02,400917564,2363,
2017-01-02,400917565,2217,
2017-01-02,400917565,314,
2017-01-02,400917776,2634,
2017-01-02,400917776,338,
2017-01-02,400922139,2447,
2017-01-02,400922139,357,
2017-01-02,400917105,2649,
2017-01-02,400917105,2084,
2017-01-02,400918161,2350,
2017-01-02,400918161,2460,
2017-01-02,400910667,61,
2017-01-02,400910667,2579,
2017-01-02,400915357,183,
2017-01-02,400915357,2390,
2017-01-02,400916758,2097,
2017-01-02,400916758,2127,
2017-01-02,400916759,2515,
2017-01-02,400916759,2241,
2017-01-02,400916760,2272,
2017-01-02,400916760,2737,
2017-01-02,400916761,2344,
2017-01-02,400916761,2506,
2017-01-02,400918327,2184,
2017-01-02,400918327,2670,
2017-01-02,400919666,2086,18.0
2017-01-02,400919666,222,1.0
2017-01-02,400918348,257,
2017-01-02,400918348,2230,
2017-01-02,400918383,2244,
2017-01-02,400918383,113,
2017-01-02,400918402,2325,
2017-01-02,400918402,139,
2017-01-02,400918824,2885,
2017-01-02,400918824,225,
2017-01-02,400919667,2507,
2017-01-02,400919667,46,
2017-01-02,400920436,2261,
2017-01-02,400920436,2448,
2017-01-02,400920449,47,
2017-01-02,400920449,50,
2017-01-02,400920492,2415,
2017-01-02,400920492,2450,
2017-01-02,400910617,238,
2017-01-02,400910617,2,
2017-01-02,400915074,127,
2017-01-02,400915074,164,
2017-01-02,400910588,2633,
2017-01-02,400910588,8,
2017-01-02,400918438,227,
2017-01-02,400918438,2603,
2017-01-02,400915355,154,
2017-01-02,400915355,103,
2017-01-02,400916757,2335,
2017-01-02,400916757,2427,
2017-01-02,400917103,2309,
2017-01-02,400917103,2050,
2017-01-02,400917104,2006,
2017-01-02,400917104,189,
2017-01-02,400917106,2199,
2017-01-02,400917106,2117,
2017-01-02,400917107,193,
2017-01-02,400917107,2459,
2017-01-02,400917108,195,
2017-01-02,400917108,2711,
2017-01-02,400918047,159,
2017-01-02,400918047,2934,
2017-01-02,400910642,57,24.0
2017-01-02,400910642,145,
2017-01-02,400916200,2641,
2017-01-02,400916200,277,7.0
2017-01-02,400915354,228,
2017-01-02,400915354,153,14.0
2017-01-02,400914932,84,25.0
2017-01-02,400914932,275,13.0
2017-01-02,400916567,2116,
2017-01-02,400916567,151,
2017-01-02,400918303,179,
2017-01-02,400918303,2168,
2017-01-02,400910551,344,
2017-01-02,400910551,333,
2017-01-02,400916198,2628,
2017-01-02,400916198,201,
2017-01-02,400910692,96,6.0
2017-01-02,400910692,245,
2017-01-02,400916199,2305,3.0
2017-01-02,400916199,2306,
2017-01-02,400919179,2681,
2017-01-02,400919179,161,
2017-01-02,400915814,301,
2017-01-02,400915814,279,
2017-01-02,400919673,222,1.0
2017-01-02,400919673,269,
2017-01-02,400918873,302,
2017-01-02,400918873,13,
2017-01-02,400915815,2492,
2017-01-02,400915815,2351,
2017-01-02,400915821,2351,
2017-01-02,400915821,2541,
2017-01-02,400919333,163,
2017-01-02,400919333,219,
2017-01-02,400918794,294,
2017-01-02,400918794,2454,
2017-01-02,400915819,252,
2017-01-02,400915819,279,
2017-01-02,400916574,2655,
2017-01-02,400916574,235,
2017-01-02,400917573,2520,
2017-01-02,400917573,315,
2017-01-02,400918555,82,
2017-01-02,400918555,2473,
2017-01-02,400918892,2239,
2017-01-02,400918892,2463,
2017-01-02,400918053,2253,
2017-01-02,400918053,3084,
2017-01-02,400916573,248,
2017-01-02,400916573,2132,22.0
2017-01-02,400915615,12,17.0
2017-01-02,400915615,38,
2017-01-02,400916376,70,
2017-01-02,400916376,147,
2017-01-02,400918051,2934,
2017-01-02,400918051,2547,
2017-01-02,400916378,2502,
2017-01-02,400916378,16,
2017-01-02,400918930,300,
2017-01-02,400918930,62,
2017-01-02,400915823,2539,
2017-01-02,400915823,2608,19.0
2017-01-02,400918504,2674,
2017-01-02,400918504,2174,
2017-01-02,400914959,84,25.0
2017-01-02,400914959,356,
2017-01-02,400919805,36,
2017-01-02,400919805,2005,
2017-01-02,400915363,52,12.0
2017-01-02,400915363,259,21.0
2017-01-02,400915818,2541,
2017-01-02,400915818,2501,
2017-01-02,400916372,70,
2017-01-02,400916372,149,
2017-01-02,400915610,12,17.0
2017-01-02,400915610,254,
2017-01-02,400918520,2739,
2017-01-02,400918520,270,
2017-01-02,400919670,2550,
2017-01-02,400919670,305,
2017-01-02,400919672,2752,16.0
2017-01-02,400919672,2599,
2017-01-02,400916020,2247,
2017-01-02,400916020,6,
2017-01-02,400916024,290,
2017-01-02,400916024,2653,
2017-01-02,400917935,2710,
2017-01-02,400917935,198,
2017-01-02,400920419,2448,
2017-01-02,400920419,2169,
2017-01-02,400916572,2567,
2017-01-02,400916572,58,
2017-01-02,400918771,56,
2017-01-02,400918771,526,
2017-01-02,400915031,130,
2017-01-02,400915031,120,
2017-01-02,400918808,288,
2017-01-02,400918808,338,
2017-01-02,400920481,2379,
2017-01-02,400920481,110414,
2017-01-09,400915627,38,
2017-01-09,400915627,30,25.0
2017-01-09,400918837,2908,
2017-01-09,400918837,2454,
2017-01-09,400919189,116,
2017-01-09,400919189,161,
2017-01-09,400919190,2597,
2017-01-09,400919190,2529,
2017-01-09,400919191,112358,
2017-01-09,400919191,2115,
2017-01-09,400919351,2429,
2017-01-09,400919351,2348,
2017-01-09,400919476,295,
2017-01-09,400919476,2572,
2017-01-09,400919567,256,
2017-01-09,400919567,232,
2017-01-09,400919588,119,
2017-01-09,400919588,48,
2017-01-09,400919606,111,
2017-01-09,400919606,2182,
2017-01-09,400919623,2210,
2017-01-09,400919623,2275,
2017-01-09,400919785,350,
2017-01-09,400919785,2729,
2017-01-09,400915374,2390,
2017-01-09,400915374,87,20.0
2017-01-09,400914934,275,18.0
2017-01-09,400914934,194,
2017-01-09,400918809,288,
2017-01-09,400918809,56,
2017-01-09,400918484,325,
2017-01-09,400918484,82,
2017-01-09,400918589,2754,
2017-01-09,400918589,2674,
2017-01-09,400917579,2561,
2017-01-09,400917579,2514,
2017-01-09,400917792,2197,
2017-01-09,400917792,93,
2017-01-09,400919187,2803,
2017-01-09,400919187,2681,
2017-01-09,400918795,2885,
2017-01-09,400918795,294,
2017-01-09,400917580,2363,
2017-01-09,400917580,2520,
2017-01-09,400918772,338,
2017-01-09,400918772,526,
2017-01-09,400914960,356,
2017-01-09,400914960,130,
2017-01-09,400915372,103,
2017-01-09,400915372,152,
2017-01-09,400916209,197,
2017-01-09,400916209,66,
2017-01-09,400916579,41,
2017-01-09,400916579,218,
2017-01-09,400917940,2172,
2017-01-09,400917940,2710,
2017-01-09,400918162,71,
2017-01-09,400918162,2460,
2017-01-09,400919806,2005,
2017-01-09,400919806,278,
2017-01-09,400919940,2751,
2017-01-09,400919940,328,
2017-01-09,400919678,156,8.0
2017-01-09,400919678,2086,12.0
2017-01-09,400918911,299,
2017-01-09,400918911,2463,
2017-01-09,400919188,2523,
2017-01-09,400919188,2598,
2017-01-09,400915373,59,
2017-01-09,400915373,228,
2017-01-09,400916925,2678,
2017-01-09,400916925,2717,
2017-01-09,400916926,2193,
2017-01-09,400916926,2430,
2017-01-09,400917791,2413,
2017-01-09,400917791,2057,
2017-01-09,400917793,2198,
2017-01-09,400917793,2634,
2017-01-09,400918403,227,
2017-01-09,400918403,2325,
2017-01-09,400917943,198,
2017-01-09,400917943,2571,
2017-01-09,400918055,292,
2017-01-09,400918055,2934,
2017-01-09,400918522,2739,
2017-01-09,400918522,2750,
2017-01-09,400918538,270,
2017-01-09,400918538,94,
2017-01-09,400915620,12,16.0
2017-01-09,400915620,9,
2017-01-09,400915826,2250,5.0
2017-01-09,400915826,2351,
2017-01-09,400916384,,
2017-01-09,400922029,2277,
2017-01-09,400922029,2110,
2017-01-09,400915825,301,
2017-01-09,400915825,2541,
2017-01-09,400915827,279,
2017-01-09,400915827,2492,
2017-01-09,400918056,2547,
2017-01-09,400918056,140,
2017-01-09,400918874,13,
2017-01-09,400918874,2239,
2017-01-09,400918956,2540,
2017-01-09,400918956,300,
2017-01-09,400915621,24,
2017-01-09,400915621,265,
2017-01-09,400918966,27,
2017-01-09,400918966,302,
2017-01-09,400915828,2501,
2017-01-09,400915828,2608,21.0
2017-01-09,400915622,38,
2017-01-09,400915622,26,4.0
2017-01-09,400917125,2117,
2017-01-09,400917125,2649,
2017-01-09,400918505,2473,
2017-01-09,400918505,2174,
2017-01-09,400918755,261,
2017-01-09,400918755,2378,
2017-01-09,400919264,163,
2017-01-09,400919264,225,
2017-01-09,400915008,2294,
2017-01-09,400915008,2509,17.0
2017-01-09,400916580,2132,22.0
2017-01-09,400916580,2567,
2017-01-09,400915619,254,
2017-01-09,400915619,30,25.0
2017-01-09,400915140,164,
2017-01-09,400915140,77,
2017-01-09,400919371,2636,
2017-01-09,400919371,2226,
2017-01-09,400919430,2393,
2017-01-09,400919430,276,
2017-01-09,400919513,5,
2017-01-09,400919513,98,
2017-01-09,400916380,253,
2017-01-09,400916380,16,
2017-01-09,400921973,2000,
2017-01-09,400921973,2545,
2017-01-09,400922141,2466,
2017-01-09,400922141,2447,
2017-01-09,400922152,2443,
2017-01-09,400922152,2534,
2017-01-09,400915618,25,
2017-01-09,400915618,264,
2017-01-09,400919390,2638,
2017-01-09,400919390,2229,
2017-01-09,400915824,252,
2017-01-09,400915824,2539,
2017-01-09,400916379,147,
2017-01-09,400916379,155,
2017-01-09,400916382,149,
2017-01-09,400916382,2458,
2017-01-09,400916383,2692,
2017-01-09,400916383,70,
2017-01-09,400917794,2565,
2017-01-09,400917794,2046,
2017-01-09,400918054,3084,
2017-01-09,400918054,2130,
2017-01-09,400918057,166,
2017-01-09,400918057,2253,
2017-01-09,400933453,2296,
2017-01-09,400933453,2016,
2017-01-09,400910715,245,
2017-01-09,400910715,99,
2017-01-09,400915371,154,
2017-01-09,400915371,153,11.0
2017-01-09,400919926,21,
2017-01-09,400919926,23,
2017-01-09,400917120,2711,
2017-01-09,400917120,2649,
2017-01-09,400917577,2363,
2017-01-09,400917577,315,
2017-01-09,400917578,2217,
2017-01-09,400917578,2099,
2017-01-09,400918385,2603,
2017-01-09,400918385,2244,
2017-01-09,400920493,50,
2017-01-09,400920493,2415,
2017-01-09,400910693,238,
2017-01-09,400910693,96,6.0
2017-01-09,400919675,222,3.0
2017-01-09,400919675,2752,15.0
2017-01-09,400916206,277,10.0
2017-01-09,400916206,239,1.0
2017-01-09,400917789,2546,
2017-01-09,400917789,2635,
2017-01-09,400915369,52,9.0
2017-01-09,400915369,150,7.0
2017-01-09,400910590,8,
2017-01-09,400910590,344,
2017-01-09,400914977,120,
2017-01-09,400914977,84,
2017-01-09,400919676,305,
2017-01-09,400919676,2507,
2017-01-09,400919860,167,
2017-01-09,400919860,2439,
2017-01-09,400910553,333,
2017-01-09,400910553,57,23.0
2017-01-09,400916207,201,
2017-01-09,400916207,2305,2.0
2017-01-09,400917119,2084,
2017-01-09,400917119,195,
2017-01-09,400917118,2309,
2017-01-09,400917118,2459,
2017-01-09,400917117,2050,
2017-01-09,400917117,193,
2017-01-09,400920366,2065,
2017-01-09,400920366,2154,
2017-01-09,400919674,46,
2017-01-09,400919674,2599,
2017-01-09,400916026,2247,
2017-01-09,400916026,2653,
2017-01-09,400916027,324,
2017-01-09,400916027,2031,
2017-01-09,400916028,2026,
2017-01-09,400916028,2032,
2017-01-09,400916029,290,
2017-01-09,400916029,6,
2017-01-09,400917576,2612,
2017-01-09,400917576,2514,
2017-01-09,400920438,2261,
2017-01-09,400920438,2542,
2017-01-09,400922199,2755,
2017-01-09,400922199,2016,
2017-01-09,400917116,189,
2017-01-09,400917116,2199,
2017-01-09,400922217,2029,
2017-01-09,400922217,2010,
2017-01-09,400922248,2400,
2017-01-09,400922248,2011,
2017-01-09,400922387,2296,
2017-01-09,400922387,2582,
2017-01-09,400933556,2428,
2017-01-09,400933556,2169,
2017-01-09,400910619,142,
2017-01-09,400910619,2,
2017-01-09,400915368,259,
2017-01-09,400915368,183,
2017-01-09,400917115,2117,
2017-01-09,400917115,2006,
2017-01-09,400916208,2641,
2017-01-09,400916208,2306,25.0
2017-01-09,400916576,151,
2017-01-09,400916576,248,
2017-01-09,400933431,2450,
2017-01-09,400933431,2542,
2017-01-09,400918366,2670,
2017-01-09,400918366,45,
2017-01-09,400919062,104,
2017-01-09,400919062,44,
2017-01-09,400919065,2083,
2017-01-09,400919065,2329,
2017-01-09,400919677,269,
2017-01-09,400919677,2550,
2017-01-09,400915076,127,
2017-01-09,400915076,135,24.0
2017-01-09,400915370,97,14.0
2017-01-09,400915370,221,
2017-01-09,400919063,107,
2017-01-09,400919063,322,
2017-01-09,400916768,2127,
2017-01-09,400916768,2515,
2017-01-09,400919064,2352,
2017-01-09,400919064,2426,
2017-01-09,400911032,251,
2017-01-09,400911032,2628,
2017-01-09,400916578,202,
2017-01-09,400916578,235,
2017-01-09,400916924,2535,
2017-01-09,400916924,2382,
2017-01-09,400917942,233,
2017-01-09,400917942,2449,
2017-01-09,400918143,79,
2017-01-09,400918143,2287,
2017-01-09,400918180,2623,
2017-01-09,400918180,339,
2017-01-09,400918215,2181,
2017-01-09,400918215,282,
2017-01-09,400922091,2320,
2017-01-09,400922091,2916,
2017-01-09,400922188,2617,
2017-01-09,400922188,357,
2017-01-09,400919061,349,
2017-01-09,400919061,2142,
2017-01-09,400918692,311,
2017-01-09,400918692,2349,
2017-01-09,400918667,42,
2017-01-09,400918667,2378,
2017-01-09,400916770,2427,
2017-01-09,400916770,2344,
2017-01-09,400933449,2428,
2017-01-09,400933449,2379,
2017-01-09,400910789,2633,
2017-01-09,400910789,2579,
2017-01-09,400916771,2737,
2017-01-09,400916771,2506,
2017-01-09,400910669,145,
2017-01-09,400910669,61,
2017-01-09,400916577,58,
2017-01-09,400916577,2655,
2017-01-09,400916767,2241,
2017-01-09,400916767,2097,
2017-01-09,400916769,2272,
2017-01-09,400916769,2335,
2017-01-09,400916923,236,
2017-01-09,400916923,2643,
2017-01-09,400918646,2066,
2017-01-09,400918646,261,
2017-01-09,400917941,85,
2017-01-09,400917941,2437,
2017-01-09,400918118,2724,
2017-01-09,400918118,2350,
2017-01-09,400918268,2166,
2017-01-09,400918268,2230,
2017-01-09,400918305,113,
2017-01-09,400918305,2168,
2017-01-09,400918329,2184,
2017-01-09,400918329,139,
2017-01-09,400918449,257,
2017-01-09,400918449,179,
2017-01-09,400918615,399,
2017-01-09,400918615,160,
2017-01-09,400919334,219,
2017-01-09,400919334,43,
2017-01-09,400925425,2504,
2017-01-09,400925425,2296,
2017-01-09,400916928,2747,
2017-01-09,400916928,231,
2017-01-09,400917582,315,
2017-01-09,400917582,2405,
2017-01-09,400919824,278,
2017-01-09,400919824,68,
2017-01-09,400917800,2630,
2017-01-09,400917800,2546,
2017-01-09,400916031,2433,
2017-01-09,400916031,2247,
2017-01-09,400916035,2653,
2017-01-09,400916035,250,
2017-01-09,400919554,2751,
2017-01-09,400919554,2440,
2017-01-09,400915626,2483,13.0
2017-01-09,400915626,204,
2017-01-09,400918931,62,
2017-01-09,400918931,299,
2017-01-09,400922127,2545,
2017-01-09,400922127,2377,
2017-01-09,400922921,2640,
2017-01-09,400922921,2755,
2017-01-09,400916034,309,
2017-01-09,400916034,290,
2017-01-09,400916386,253,
2017-01-09,400916386,2502,
2017-01-09,400917797,2635,
2017-01-09,400917797,55,
2017-01-09,400917581,2099,
2017-01-09,400917581,2368,
2017-01-09,400917583,2514,
2017-01-09,400917583,314,
2017-01-09,400917944,233,
2017-01-09,400917944,2870,
2017-01-09,400918693,311,
2017-01-09,400918693,2619,
2017-01-09,400916033,6,
2017-01-09,400916033,326,
2017-01-09,400915375,228,
2017-01-09,400915375,258,19.0
2017-01-09,400915097,213,
2017-01-09,400915097,135,24.0
2017-01-09,400915053,130,
2017-01-09,400915053,158,
2017-01-09,400919843,36,
2017-01-09,400919843,167,
2017-01-09,400919284,172,
2017-01-09,400919284,171,
2017-01-09,400920367,2569,
2017-01-09,400920367,2065,
2017-01-09,400920404,2154,
2017-01-09,400920404,2448,
2017-01-09,400920450,2379,
2017-01-09,400920450,47,
2017-01-09,400916387,2464,
2017-01-09,400916387,16,
2017-01-09,400919462,242,
2017-01-09,400919462,249,
2017-01-09,400916581,2116,
2017-01-09,400916581,248,
2017-01-09,400919324,108,
2017-01-09,400919324,110413,
2017-01-16,400915639,30,
2017-01-16,400915639,9,
2017-01-16,400918270,2325,
2017-01-16,400918270,2166,
2017-01-16,400918617,399,
2017-01-16,400918617,2066,
2017-01-16,400918670,2619,
2017-01-16,400918670,42,
2017-01-16,400918694,311,
2017-01-16,400918694,160,
2017-01-16,400918710,261,
2017-01-16,400918710,2349,
2017-01-16,400918774,526,
2017-01-16,400918774,2908,
2017-01-16,400918797,294,
2017-01-16,400918797,288,
2017-01-16,400918827,56,
2017-01-16,400918827,2885,
2017-01-16,400918838,2454,
2017-01-16,400918838,338,
2017-01-16,400919198,112358,
2017-01-16,400919198,2681,
2017-01-16,400919199,2523,
2017-01-16,400919199,2115,
2017-01-16,400919200,2598,
2017-01-16,400919200,2803,
2017-01-16,400919201,2529,
2017-01-16,400919201,116,
2017-01-16,400919202,161,
2017-01-16,400919202,2597,
2017-01-16,400919392,2229,
2017-01-16,400919392,2393,
2017-01-16,400919569,232,
2017-01-16,400919569,350,
2017-01-16,400919590,48,
2017-01-16,400919590,111,
2017-01-16,400919607,2210,
2017-01-16,400919607,2182,
2017-01-16,400918307,2168,
2017-01-16,400918307,257,
2017-01-16,400916935,2430,
2017-01-16,400916935,2382,
2017-01-16,400915112,158,
2017-01-16,400915112,194,
2017-01-16,400916934,2747,
2017-01-16,400916934,2678,
2017-01-16,400915628,265,
2017-01-16,400915628,254,
2017-01-16,400916217,197,
2017-01-16,400916217,2306,
2017-01-16,400918227,71,
2017-01-16,400918227,2287,
2017-01-16,400918876,13,
2017-01-16,400918876,300,
2017-01-16,400918894,2239,
2017-01-16,400918894,27,
2017-01-16,400919808,2440,
2017-01-16,400919808,2005,
2017-01-16,400919933,23,
2017-01-16,400919933,2751,
2017-01-16,400915629,264,
2017-01-16,400915629,38,
2017-01-16,400919844,278,
2017-01-16,400919844,36,
2017-01-16,400918913,62,
2017-01-16,400918913,2463,
2017-01-16,400916590,2567,
2017-01-16,400916590,41,
2017-01-16,400916777,2097,
2017-01-16,400916777,2272,
2017-01-16,400916778,2506,
2017-01-16,400916778,2127,
2017-01-16,400916779,2335,
2017-01-16,400916779,2241,
2017-01-16,400916780,2344,
2017-01-16,400916780,2515,
2017-01-16,400916932,2717,
2017-01-16,400916932,2643,
2017-01-16,400916933,231,
2017-01-16,400916933,2193,
2017-01-16,400919637,2275,
2017-01-16,400919637,119,
2017-01-16,400919768,2729,
2017-01-16,400919768,256,
2017-01-16,400915010,2294,
2017-01-16,400915010,120,25.0
2017-01-16,400917804,2546,
2017-01-16,400917804,2565,
2017-01-16,400915388,97,12.0
2017-01-16,400915388,228,
2017-01-16,400915630,2483,11.0
2017-01-16,400915630,25,
2017-01-16,400916391,,
2017-01-16,400915835,2351,
2017-01-16,400915835,301,
2017-01-16,400915837,2539,
2017-01-16,400915837,2501,
2017-01-16,400916394,70,
2017-01-16,400916394,253,
2017-01-16,400916395,2502,
2017-01-16,400916395,149,
2017-01-16,400916396,16,
2017-01-16,400916396,147,
2017-01-16,400918946,299,
2017-01-16,400918946,2540,
2017-01-16,400915632,204,
2017-01-16,400915632,24,
2017-01-16,400915836,2608,23.0
2017-01-16,400915836,279,
2017-01-16,400915838,2541,
2017-01-16,400915838,2250,4.0
2017-01-16,400915633,26,3.0
2017-01-16,400915633,9,
2017-01-16,400917133,2006,
2017-01-16,400917133,2199,
2017-01-16,400917592,314,
2017-01-16,400917592,2217,
2017-01-16,400917593,2405,
2017-01-16,400917593,2363,
2017-01-16,400917594,2514,
2017-01-16,400917594,2099,
2017-01-16,400915631,30,
2017-01-16,400915631,12,14.0
2017-01-16,400921975,2447,
2017-01-16,400921975,2000,
2017-01-16,400916781,2737,
2017-01-16,400916781,2427,
2017-01-16,400917805,93,
2017-01-16,400917805,2198,
2017-01-16,400919415,2348,
2017-01-16,400919415,242,
2017-01-16,400922109,2534,
2017-01-16,400922109,2320,
2017-01-16,400916392,155,
2017-01-16,400916392,2692,
2017-01-16,400917591,2612,
2017-01-16,400917591,2561,
2017-01-16,400917801,2046,
2017-01-16,400917801,2413,
2017-01-16,400917802,2057,
2017-01-16,400917802,55,
2017-01-16,400917803,2630,
2017-01-16,400917803,2197,
2017-01-16,400917806,2634,
2017-01-16,400917806,2635,
2017-01-16,400916591,248,
2017-01-16,400916591,235,
2017-01-16,400917951,2449,
2017-01-16,400917951,2870,
2017-01-16,400919373,2226,
2017-01-16,400919373,5,
2017-01-16,400919463,2572,
2017-01-16,400919463,249,
2017-01-16,400922051,2443,
2017-01-16,400922051,2277,
2017-01-16,400922189,357,
2017-01-16,400922189,2617,
2017-01-16,400915834,252,
2017-01-16,400915834,2492,
2017-01-16,400916393,2458,
2017-01-16,400916393,304,
2017-01-16,400915387,259,
2017-01-16,400915387,59,
2017-01-16,400910621,2,
2017-01-16,400910621,99,
2017-01-16,400918571,94,
2017-01-16,400918571,2473,
2017-01-16,400922249,2582,
2017-01-16,400922249,2400,
2017-01-16,400916038,309,
2017-01-16,400916038,2247,
2017-01-16,400916039,2653,
2017-01-16,400916039,326,
2017-01-16,400918523,2674,
2017-01-16,400918523,2739,
2017-01-16,400920422,2169,
2017-01-16,400920422,2450,
2017-01-16,400920494,2415,
2017-01-16,400920494,2448,
2017-01-16,400923004,2569,
2017-01-16,400923004,2542,
2017-01-16,400922259,2504,
2017-01-16,400922259,2755,
2017-01-16,400922201,2016,
2017-01-16,400922201,2029,
2017-01-16,400919557,2640,
2017-01-16,400919557,2296,
2017-01-16,400919688,46,
2017-01-16,400919688,2507,
2017-01-16,400916214,66,
2017-01-16,400916214,2305,2.0
2017-01-16,400910592,245,
2017-01-16,400910592,8,
2017-01-16,400915383,152,
2017-01-16,400915383,221,
2017-01-16,400916587,2116,
2017-01-16,400916587,58,
2017-01-16,400917126,2649,
2017-01-16,400917126,189,
2017-01-16,400917127,2309,
2017-01-16,400917127,2084,
2017-01-16,400917128,2050,
2017-01-16,400917128,2117,
2017-01-16,400916036,2433,
2017-01-16,400916036,290,
2017-01-16,400915382,153,9.0
2017-01-16,400915382,183,
2017-01-16,400915385,103,
2017-01-16,400915385,258,16.0
2017-01-16,400919556,2261,
2017-01-16,400919556,2428,
2017-01-16,400918616,2378,
2017-01-16,400918616,399,
2017-01-16,400919685,2752,22.0
2017-01-16,400919685,156,7.0
2017-01-16,400916037,6,
2017-01-16,400916037,250,
2017-01-16,400920405,47,
2017-01-16,400920405,2154,
2017-01-16,400919686,2599,
2017-01-16,400919686,305,
2017-01-16,400920368,50,
2017-01-16,400920368,2065,
2017-01-16,400919687,222,1.0
2017-01-16,400919687,2550,
2017-01-16,400917587,315,
2017-01-16,400917587,2368,
2017-01-16,400918486,2473,
2017-01-16,400918486,325,
2017-01-16,400918506,2174,
2017-01-16,400918506,2754,
2017-01-16,400919070,2352,
2017-01-16,400919070,104,
2017-01-16,400919197,2803,
2017-01-16,400919197,108,
2017-01-16,400917130,2006,
2017-01-16,400917130,195,
2017-01-16,400917131,2199,
2017-01-16,400917131,2711,
2017-01-16,400918424,113,
2017-01-16,400918424,2603,
2017-01-16,400919071,104,
2017-01-16,400919071,2142,
2017-01-16,400919072,2426,
2017-01-16,400919072,2329,
2017-01-16,400919073,349,
2017-01-16,400919073,107,
2017-01-16,400919074,2083,
2017-01-16,400919074,2352,
2017-01-16,400916589,2132,20.0
2017-01-16,400916589,218,
2017-01-16,400915384,52,10.0
2017-01-16,400915384,87,15.0
2017-01-16,400916216,277,7.0
2017-01-16,400916216,201,
2017-01-16,400916215,2641,
2017-01-16,400916215,2628,
2017-01-16,400916588,202,
2017-01-16,400916588,2655,
2017-01-16,400919075,44,
2017-01-16,400919075,322,
2017-01-16,400915386,154,
2017-01-16,400915386,2390,
2017-01-16,400917949,2437,
2017-01-16,400917949,2172,
2017-01-16,400917950,198,
2017-01-16,400917950,233,
2017-01-16,400918145,2181,
2017-01-16,400918145,79,
2017-01-16,400918164,2460,
2017-01-16,400918164,2350,
2017-01-16,400922031,2377,
2017-01-16,400922031,2110,
2017-01-16,400918351,2230,
2017-01-16,400918351,2670,
2017-01-16,400918330,45,
2017-01-16,400918330,2184,
2017-01-16,400918182,282,
2017-01-16,400918182,2623,
2017-01-16,400910769,145,
2017-01-16,400910769,2633,
2017-01-16,400917590,2561,
2017-01-16,400917590,2520,
2017-01-16,400914962,2509,21.0
2017-01-16,400914962,356,
2017-01-16,400911034,239,6.0
2017-01-16,400911034,251,
2017-01-16,400910694,344,
2017-01-16,400910694,96,5.0
2017-01-16,400917129,2459,
2017-01-16,400917129,193,
2017-01-16,400918540,82,
2017-01-16,400918540,270,
2017-01-16,400910670,61,
2017-01-16,400910670,238,
2017-01-16,400918120,339,
2017-01-16,400918120,2724,
2017-01-16,400917948,85,
2017-01-16,400917948,2571,
2017-01-16,400918464,139,
2017-01-16,400918464,179,
2017-01-16,400914935,275,17.0
2017-01-16,400914935,130,
2017-01-16,400919861,2439,
2017-01-16,400919861,21,
2017-01-16,400919825,68,
2017-01-16,400919825,167,
2017-01-16,400910645,2579,24.0
2017-01-16,400910645,57,19.0
2017-01-16,400910555,333,
2017-01-16,400910555,142,
2017-01-16,400914979,213,
2017-01-16,400914979,84,
2017-01-16,400918507,2750,
2017-01-16,400918507,2174,
2017-01-16,400919285,171,
2017-01-16,400919285,172,
2017-01-16,400922393,2010,
2017-01-16,400922393,2582,
2017-01-16,400916044,2032,
2017-01-16,400916044,2653,
2017-01-16,400918064,292,
2017-01-16,400918064,2130,
2017-01-16,400919353,2429,
2017-01-16,400919353,295,
2017-01-16,400919432,276,
2017-01-16,400919432,98,
2017-01-16,400922052,2545,
2017-01-16,400922052,2277,
2017-01-16,400922202,2011,
2017-01-16,400922202,2016,
2017-01-16,400918459,2603,
2017-01-16,400918459,219,
2017-01-16,400916043,2031,
2017-01-16,400916043,6,
2017-01-16,400915394,150,18.0
2017-01-16,400915394,2390,
2017-01-16,400915141,194,
2017-01-16,400915141,77,
2017-01-16,400918387,257,
2017-01-16,400918387,2244,
2017-01-16,400916596,41,
2017-01-16,400916596,151,
2017-01-16,400918933,62,
2017-01-16,400918933,302,
2017-01-16,400919523,2638,
2017-01-16,400919523,2636,
2017-01-16,400922092,2916,
2017-01-16,400922092,2617,
2017-01-16,400918066,2253,
2017-01-16,400918066,2547,
2017-01-16,400918067,166,
2017-01-16,400918067,140,
2017-01-16,400919845,328,
2017-01-16,400919845,36,
2017-01-16,400918065,2934,
2017-01-16,400918065,3084,
2017-01-16,400919684,2086,13.0
2017-01-16,400919684,269,
2017-01-16,400919314,108,
2017-01-16,400919314,159,
2017-01-16,400916040,2247,
2017-01-16,400916040,324,
2017-01-16,400918331,2184,
2017-01-16,400918331,227,
2017-01-16,400917953,2710,
2017-01-16,400917953,2449,
2017-01-16,400919266,225,
2017-01-16,400919266,43,
2017-01-16,400915113,164,
2017-01-16,400915113,158,
2017-01-16,400922128,2377,
2017-01-16,400922128,2466,
2017-01-16,400914936,135,
2017-01-16,400914936,275,17.0
2017-01-16,400916045,290,
2017-01-16,400916045,2026,
2017-01-16,400916936,236,
2017-01-16,400916936,2535,
2017-01-16,400920369,2065,
2017-01-16,400920369,2379,
2017-01-16,400914980,84,
2017-01-16,400914980,127,
2017-01-23,400915649,25,
2017-01-23,400915649,24,
2017-01-23,400919827,68,
2017-01-23,400919827,2440,
2017-01-23,400915640,30,
2017-01-23,400915640,26,8.0
2017-01-23,400918934,62,
2017-01-23,400918934,27,
2017-01-23,400916788,2515,
2017-01-23,400916788,2097,
2017-01-23,400916789,2272,
2017-01-23,400916789,2127,
2017-01-23,400916790,2241,
2017-01-23,400916790,2737,
2017-01-23,400916791,2344,
2017-01-23,400916791,2335,
2017-01-23,400916792,2506,
2017-01-23,400916792,2427,
2017-01-23,400917602,315,
2017-01-23,400917602,2363,
2017-01-23,400917815,2635,
2017-01-23,400917815,2413,
2017-01-23,400918068,140,
2017-01-23,400918068,2253,
2017-01-23,400919208,116,
2017-01-23,400919208,2523,
2017-01-23,400919210,2681,
2017-01-23,400919210,2598,
2017-01-23,400919212,2529,
2017-01-23,400919212,112358,
2017-01-23,400919213,2597,
2017-01-23,400919213,161,
2017-01-23,400919375,2229,
2017-01-23,400919375,2226,
2017-01-23,400919433,276,
2017-01-23,400919433,2636,
2017-01-23,400919571,119,
2017-01-23,400919571,232,
2017-01-23,400915641,9,
2017-01-23,400915641,264,
2017-01-23,400918915,2540,
2017-01-23,400918915,2463,
2017-01-23,400919609,2182,
2017-01-23,400919609,2275,
2017-01-23,400916377,304,
2017-01-23,400916377,2692,
2017-01-23,400918165,2460,
2017-01-23,400918165,339,
2017-01-23,400918203,2350,
2017-01-23,400918203,71,
2017-01-23,400918217,2287,
2017-01-23,400918217,282,
2017-01-23,400918425,139,
2017-01-23,400918425,113,
2017-01-23,400918439,257,
2017-01-23,400918439,227,
2017-01-23,400916225,239,5.0
2017-01-23,400916225,2641,
2017-01-23,400919697,2550,
2017-01-23,400919697,2086,11.0
2017-01-23,400910557,61,
2017-01-23,400910557,333,
2017-01-23,400914964,356,
2017-01-23,400914964,2294,
2017-01-23,400915401,2390,
2017-01-23,400915401,103,
2017-01-23,400917956,2172,
2017-01-23,400917956,2571,
2017-01-23,400919846,36,
2017-01-23,400919846,23,
2017-01-23,400919862,2751,
2017-01-23,400919862,2439,
2017-01-23,400922033,2617,
2017-01-23,400922033,2110,
2017-01-23,400922111,2320,
2017-01-23,400922111,357,
2017-01-23,400922164,2545,
2017-01-23,400922164,2466,
2017-01-23,400910647,99,
2017-01-23,400910647,57,25.0
2017-01-23,400919592,2729,
2017-01-23,400919592,48,
2017-01-23,400919626,111,
2017-01-23,400919626,2210,
2017-01-23,400917958,233,
2017-01-23,400917958,2710,
2017-01-23,400916406,,
2017-01-23,400918070,3084,
2017-01-23,400918070,292,
2017-01-23,400919417,5,
2017-01-23,400919417,2348,
2017-01-23,400915844,2250,3.0
2017-01-23,400915844,301,
2017-01-23,400915643,12,7.0
2017-01-23,400915643,265,
2017-01-23,400915845,2351,
2017-01-23,400915845,279,
2017-01-23,400918071,2547,
2017-01-23,400918071,166,
2017-01-23,400918878,300,
2017-01-23,400918878,13,
2017-01-23,400915846,2492,
2017-01-23,400915846,2501,
2017-01-23,400918895,299,
2017-01-23,400918895,2239,
2017-01-23,400915644,254,
2017-01-23,400915644,2483,10.0
2017-01-23,400915848,2541,
2017-01-23,400915848,252,
2017-01-23,400915847,2608,21.0
2017-01-23,400915847,2539,
2017-01-23,400919301,172,
2017-01-23,400919301,108,
2017-01-23,400917604,2405,
2017-01-23,400917604,2514,
2017-01-23,400917605,2561,
2017-01-23,400917605,314,
2017-01-23,400918509,2174,
2017-01-23,400918509,270,
2017-01-23,400919286,171,
2017-01-23,400919286,159,
2017-01-23,400917818,2046,
2017-01-23,400917818,2630,
2017-01-23,400916403,147,
2017-01-23,400916403,70,
2017-01-23,400919769,256,
2017-01-23,400919769,350,
2017-01-23,400914981,130,
2017-01-23,400914981,84,
2017-01-23,400916602,2132,19.0
2017-01-23,400916602,2752,24.0
2017-01-23,400917603,2368,
2017-01-23,400917603,2612,
2017-01-23,400919448,2393,
2017-01-23,400919448,2572,
2017-01-23,400915114,77,
2017-01-23,400915114,158,
2017-01-23,400917816,55,
2017-01-23,400917816,2198,
2017-01-23,400917817,93,
2017-01-23,400917817,2546,
2017-01-23,400919354,249,
2017-01-23,400919354,2429,
2017-01-23,400919477,242,
2017-01-23,400919477,295,
2017-01-23,400919524,98,
2017-01-23,400919524,2638,
2017-01-23,400922053,2277,
2017-01-23,400922053,2447,
2017-01-23,400922129,2443,
2017-01-23,400922129,2377,
2017-01-23,400915402,153,9.0
2017-01-23,400915402,259,
2017-01-23,400918069,2130,
2017-01-23,400918069,2934,
2017-01-23,400915642,38,
2017-01-23,400915642,204,
2017-01-23,400916404,253,
2017-01-23,400916404,155,
2017-01-23,400916405,2464,
2017-01-23,400916405,2458,
2017-01-23,400921976,2916,
2017-01-23,400921976,2000,
2017-01-23,400917959,2449,
2017-01-23,400917959,198,
2017-01-23,400917814,2565,
2017-01-23,400917814,2634,
2017-01-23,400918590,2674,
2017-01-23,400918590,2750,
2017-01-23,400922394,2011,
2017-01-23,400922394,2582,
2017-01-23,400916049,250,
2017-01-23,400916049,309,
2017-01-23,400919558,2400,
2017-01-23,400919558,2640,
2017-01-23,400910622,2579,23.0
2017-01-23,400910622,2,
2017-01-23,400917137,2711,
2017-01-23,400917137,2006,
2017-01-23,400917139,2117,
2017-01-23,400917139,189,
2017-01-23,400917140,193,
2017-01-23,400917140,2084,
2017-01-23,400917142,195,
2017-01-23,400917142,2649,
2017-01-23,400918122,2724,
2017-01-23,400918122,79,
2017-01-23,400918460,179,
2017-01-23,400918460,2603,
2017-01-23,400915032,120,22.0
2017-01-23,400915032,164,
2017-01-23,400915078,127,
2017-01-23,400915078,2509,20.0
2017-01-23,400915397,221,
2017-01-23,400915397,97,13.0
2017-01-23,400916223,277,18.0
2017-01-23,400916223,2305,2.0
2017-01-23,400918271,2166,
2017-01-23,400918271,2184,
2017-01-23,400915399,183,
2017-01-23,400915399,154,
2017-01-23,400917141,2459,
2017-01-23,400917141,2309,
2017-01-23,400918184,2623,
2017-01-23,400918184,2181,
2017-01-23,400911036,251,
2017-01-23,400911036,201,
2017-01-23,400922260,2029,
2017-01-23,400922260,2504,
2017-01-23,400919694,269,
2017-01-23,400919694,222,1.0
2017-01-23,400922203,2010,
2017-01-23,400922203,2016,
2017-01-23,400916051,290,
2017-01-23,400916051,324,
2017-01-23,400916222,197,
2017-01-23,400916222,2628,
2017-01-23,400917600,315,
2017-01-23,400917600,2099,
2017-01-23,400917601,2612,
2017-01-23,400917601,2520,
2017-01-23,400918488,2739,
2017-01-23,400918488,325,
2017-01-23,400919080,107,
2017-01-23,400919080,44,
2017-01-23,400915396,150,17.0
2017-01-23,400915396,152,
2017-01-23,400916047,2031,
2017-01-23,400916047,2653,
2017-01-23,400920406,2154,
2017-01-23,400920406,2450,
2017-01-23,400920452,2428,
2017-01-23,400920452,47,
2017-01-23,400920496,2569,
2017-01-23,400920496,2415,
2017-01-23,400916048,2032,
2017-01-23,400916048,6,
2017-01-23,400916050,326,
2017-01-23,400916050,2433,
2017-01-23,400920424,2542,
2017-01-23,400920424,2169,
2017-01-23,400920484,50,
2017-01-23,400920484,2379,
2017-01-23,400915398,87,14.0
2017-01-23,400915398,258,12.0
2017-01-23,400910594,238,
2017-01-23,400910594,8,
2017-01-23,400917813,2197,
2017-01-23,400917813,2057,
2017-01-23,400918649,2066,
2017-01-23,400918649,42,
2017-01-23,400918743,2619,
2017-01-23,400918743,2378,
2017-01-23,400918776,2454,
2017-01-23,400918776,526,
2017-01-23,400918799,294,
2017-01-23,400918799,56,
2017-01-23,400918828,338,
2017-01-23,400918828,2885,
2017-01-23,400919081,322,
2017-01-23,400919081,2083,
2017-01-23,400919082,104,
2017-01-23,400919082,349,
2017-01-23,400919083,2142,
2017-01-23,400919083,2329,
2017-01-23,400919211,2115,
2017-01-23,400919211,2803,
2017-01-23,400933427,2261,
2017-01-23,400933427,2569,
2017-01-23,400919696,46,
2017-01-23,400919696,156,16.0
2017-01-23,400915400,59,
2017-01-23,400915400,52,6.0
2017-01-23,400910770,145,
2017-01-23,400910770,245,
2017-01-23,400917957,2870,
2017-01-23,400917957,85,
2017-01-23,400918811,288,
2017-01-23,400918811,2908,
2017-01-23,400919084,44,
2017-01-23,400919084,2426,
2017-01-23,400919085,2352,
2017-01-23,400919085,107,
2017-01-23,400916941,2535,
2017-01-23,400916941,2193,
2017-01-23,400918712,160,
2017-01-23,400918712,2349,
2017-01-23,400918619,399,
2017-01-23,400918619,261,
2017-01-23,400916224,66,
2017-01-23,400916224,2306,
2017-01-23,400918405,2325,
2017-01-23,400918405,219,
2017-01-23,400916597,248,
2017-01-23,400916597,2655,
2017-01-23,400917138,2199,
2017-01-23,400917138,2050,
2017-01-23,400919810,2005,
2017-01-23,400919810,21,
2017-01-23,400914937,275,15.0
2017-01-23,400914937,213,
2017-01-23,400910696,2633,
2017-01-23,400910696,96,4.0
2017-01-23,400919908,167,
2017-01-23,400919908,328,
2017-01-23,400916598,218,
2017-01-23,400916598,235,
2017-01-23,400916599,2116,
2017-01-23,400916599,2567,
2017-01-23,400919695,2507,
2017-01-23,400919695,2599,
2017-01-23,400910734,344,
2017-01-23,400910734,142,
2017-01-23,400915098,194,
2017-01-23,400915098,135,
2017-01-23,400916600,151,
2017-01-23,400916600,202,
2017-01-23,400916601,58,
2017-01-23,400916601,41,
2017-01-23,400916942,236,
2017-01-23,400916942,2678,
2017-01-23,400916943,231,
2017-01-23,400916943,2717,
2017-01-23,400916944,2747,
2017-01-23,400916944,2430,
2017-01-23,400918368,2244,
2017-01-23,400918368,45,
2017-01-23,400918558,82,
2017-01-23,400918558,94,
2017-01-23,400919267,43,
2017-01-23,400919267,225,
2017-01-23,400922174,2534,
2017-01-23,400922174,2545,
2017-01-23,400917963,2437,
2017-01-23,400917963,2571,
2017-01-23,400920370,2450,
2017-01-23,400920370,2065,
2017-01-23,400922220,2755,
2017-01-23,400922220,2029,
2017-01-23,400922250,2296,
2017-01-23,400922250,2400,
2017-01-23,400918489,2754,
2017-01-23,400918489,325,
2017-01-23,400918957,302,
2017-01-23,400918957,300,
2017-01-23,400918542,2473,
2017-01-23,400918542,270,
2017-01-23,400918650,311,
2017-01-23,400918650,2066,
2017-01-23,400916412,16,
2017-01-23,400916412,2502,
2017-01-23,400919879,328,
2017-01-23,400919879,278,
2017-01-23,400919699,156,16.0
2017-01-23,400919699,305,
2017-01-23,400918309,2670,
2017-01-23,400918309,2168,
2017-01-23,400915404,221,
2017-01-23,400915404,228,
2017-01-23,400918272,2230,
2017-01-23,400918272,2166,
2017-01-23,400917606,2217,
2017-01-23,400917606,2368,
2017-01-23,400920534,2428,
2017-01-23,400920534,2448,
2017-01-23,400916945,2382,
2017-01-23,400916945,2643,
2017-01-23,400916057,2653,
2017-01-23,400916057,2247,
2017-01-23,400916055,2026,
2017-01-23,400916055,250,
2017-01-30,400915661,25,
2017-01-30,400915661,38,
2017-01-30,400916610,202,
2017-01-30,400916610,2132,14.0
2017-01-30,400916229,2305,3.0
2017-01-30,400916229,239,2.0
2017-01-30,400919706,2752,
2017-01-30,400919706,2550,
2017-01-30,400916611,2567,
2017-01-30,400916611,151,
2017-01-30,400918917,2463,
2017-01-30,400918917,299,
2017-01-30,400919811,278,
2017-01-30,400919811,2005,
2017-01-30,400915651,264,
2017-01-30,400915651,30,
2017-01-30,400919864,2439,
2017-01-30,400919864,167,
2017-01-30,400915079,158,
2017-01-30,400915079,127,
2017-01-30,400916612,58,
2017-01-30,400916612,235,
2017-01-30,400916952,2678,
2017-01-30,400916952,2193,
2017-01-30,400916954,2643,
2017-01-30,400916954,2747,
2017-01-30,400916955,2382,
2017-01-30,400916955,231,
2017-01-30,400918490,325,
2017-01-30,400918490,2174,
2017-01-30,400918585,2754,
2017-01-30,400918585,2473,
2017-01-30,400919095,104,
2017-01-30,400919095,2426,
2017-01-30,400919219,112358,
2017-01-30,400919219,2523,
2017-01-30,400919220,116,
2017-01-30,400919220,2803,
2017-01-30,400915650,265,
2017-01-30,400915650,26,11.0
2017-01-30,400910717,99,
2017-01-30,400910717,2579,19.0
2017-01-30,400919222,2115,
2017-01-30,400919222,2681,
2017-01-30,400919941,328,
2017-01-30,400919941,2440,
2017-01-30,400919093,2352,
2017-01-30,400919093,2329,
2017-01-30,400920427,2169,
2017-01-30,400920427,2448,
2017-01-30,400917826,2198,
2017-01-30,400917826,2046,
2017-01-30,400917827,55,
2017-01-30,400917827,2546,
2017-01-30,400917965,2571,
2017-01-30,400917965,2710,
2017-01-30,400917967,2437,
2017-01-30,400917967,233,
2017-01-30,400918148,79,
2017-01-30,400918148,71,
2017-01-30,400918333,2184,
2017-01-30,400918333,179,
2017-01-30,400921978,2000,
2017-01-30,400921978,2443,
2017-01-30,400915416,2390,
2017-01-30,400915416,52,15.0
2017-01-30,400915417,258,9.0
2017-01-30,400915417,259,
2017-01-30,400917828,2635,
2017-01-30,400917828,2630,
2017-01-30,400922054,357,
2017-01-30,400922054,2277,
2017-01-30,400915142,2509,23.0
2017-01-30,400915142,77,25.0
2017-01-30,400922143,2545,
2017-01-30,400922143,2447,
2017-01-30,400911037,251,
2017-01-30,400911037,2641,
2017-01-30,400918167,2287,
2017-01-30,400918167,2460,
2017-01-30,400919221,161,
2017-01-30,400919221,2529,
2017-01-30,400919223,2597,
2017-01-30,400919223,2598,
2017-01-30,400917616,2405,
2017-01-30,400917616,2612,
2017-01-30,400916415,2692,
2017-01-30,400916415,253,
2017-01-30,400922175,2534,
2017-01-30,400922175,2617,
2017-01-30,400915652,204,
2017-01-30,400915652,12,5.0
2017-01-30,400916413,,
2017-01-30,400916416,304,
2017-01-30,400916416,2464,
2017-01-30,400915854,301,
2017-01-30,400915854,2351,
2017-01-30,400915855,2501,
2017-01-30,400915855,2541,
2017-01-30,400915856,2539,
2017-01-30,400915856,2492,
2017-01-30,400916414,70,
2017-01-30,400916414,2502,
2017-01-30,400918896,2540,
2017-01-30,400918896,2239,
2017-01-30,400919514,2638,
2017-01-30,400919514,5,
2017-01-30,400915655,24,
2017-01-30,400915655,38,
2017-01-30,400918880,13,
2017-01-30,400918880,302,
2017-01-30,400918936,27,
2017-01-30,400918936,62,
2017-01-30,400915858,279,
2017-01-30,400915858,2608,18.0
2017-01-30,400915654,2483,13.0
2017-01-30,400915654,9,
2017-01-30,400915857,252,
2017-01-30,400915857,2250,1.0
2017-01-30,400917158,2117,
2017-01-30,400917158,2711,
2017-01-30,400917830,93,
2017-01-30,400917830,2057,
2017-01-30,400915653,25,
2017-01-30,400915653,254,
2017-01-30,400919356,2429,
2017-01-30,400919356,2226,
2017-01-30,400922093,2916,
2017-01-30,400922093,2377,
2017-01-30,400919394,295,
2017-01-30,400919394,2229,
2017-01-30,400919573,350,
2017-01-30,400919573,232,
2017-01-30,400919594,2275,
2017-01-30,400919594,48,
2017-01-30,400919610,119,
2017-01-30,400919610,2182,
2017-01-30,400919628,2210,
2017-01-30,400919628,256,
2017-01-30,400919793,2729,
2017-01-30,400919793,111,
2017-01-30,400910649,57,24.0
2017-01-30,400910649,142,
2017-01-30,400916953,236,
2017-01-30,400916953,2430,
2017-01-30,400916951,2535,
2017-01-30,400916951,2717,
2017-01-30,400917614,2217,
2017-01-30,400917614,315,
2017-01-30,400917829,2634,
2017-01-30,400917829,2197,
2017-01-30,400918527,2739,
2017-01-30,400918527,82,
2017-01-30,400918543,270,
2017-01-30,400918543,2674,
2017-01-30,400919419,2348,
2017-01-30,400919419,98,
2017-01-30,400919435,2572,
2017-01-30,400919435,276,
2017-01-30,400919449,2636,
2017-01-30,400919449,2393,
2017-01-30,400922035,2110,
2017-01-30,400922035,2466,
2017-01-30,400916228,2306,
2017-01-30,400916228,2628,
2017-01-30,400919704,2507,
2017-01-30,400919704,222,4.0
2017-01-30,400920440,2261,
2017-01-30,400920440,2379,
2017-01-30,400916063,2653,
2017-01-30,400916063,290,
2017-01-30,400922221,2296,
2017-01-30,400922221,2029,
2017-01-30,400922239,2755,
2017-01-30,400922239,2400,
2017-01-30,400922399,2640,
2017-01-30,400922399,2010,
2017-01-30,400916060,6,
2017-01-30,400916060,2247,
2017-01-30,400916226,201,
2017-01-30,400916226,197,
2017-01-30,400917825,2057,
2017-01-30,400917825,2565,
2017-01-30,400919982,2504,
2017-01-30,400919982,2011,
2017-01-30,400917152,2711,
2017-01-30,400917152,195,
2017-01-30,400910735,145,
2017-01-30,400910735,344,
2017-01-30,400915012,164,
2017-01-30,400915012,2294,
2017-01-30,400915413,103,
2017-01-30,400915413,154,
2017-01-30,400916798,2335,
2017-01-30,400916798,2506,
2017-01-30,400917149,2084,
2017-01-30,400917149,2117,
2017-01-30,400917150,2199,
2017-01-30,400917150,2309,
2017-01-30,400917151,189,
2017-01-30,400917151,193,
2017-01-30,400917153,2050,
2017-01-30,400917153,2649,
2017-01-30,400917613,2217,
2017-01-30,400917613,2363,
2017-01-30,400920525,2450,
2017-01-30,400920525,2448,
2017-01-30,400916062,309,
2017-01-30,400916062,2032,
2017-01-30,400919705,2599,
2017-01-30,400919705,269,
2017-01-30,400916059,2433,
2017-01-30,400916059,2031,
2017-01-30,400916061,2026,
2017-01-30,400916061,326,
2017-01-30,400917610,2368,
2017-01-30,400917610,2405,
2017-01-30,400917611,2099,
2017-01-30,400917611,2520,
2017-01-30,400917612,2514,
2017-01-30,400917612,2561,
2017-01-30,400918778,526,
2017-01-30,400918778,2454,
2017-01-30,400918800,56,
2017-01-30,400918800,294,
2017-01-30,400918813,2908,
2017-01-30,400918813,288,
2017-01-30,400918829,2885,
2017-01-30,400918829,338,
2017-01-30,400919981,47,
2017-01-30,400919981,2569,
2017-01-30,400920408,2261,
2017-01-30,400920408,2154,
2017-01-30,400915411,87,20.0
2017-01-30,400915411,150,21.0
2017-01-30,400920426,2169,
2017-01-30,400920426,2428,
2017-01-30,400920486,2379,
2017-01-30,400920486,2542,
2017-01-30,400920497,2415,
2017-01-30,400920497,50,
2017-01-30,400918370,227,
2017-01-30,400918370,45,
2017-01-30,400915034,194,
2017-01-30,400915034,120,17.0
2017-01-30,400919702,2086,16.0
2017-01-30,400919702,156,22.0
2017-01-30,400915412,153,12.0
2017-01-30,400915412,221,
2017-01-30,400916800,2427,
2017-01-30,400916800,2127,
2017-01-30,400916801,2344,
2017-01-30,400916801,2272,
2017-01-30,400916802,2515,
2017-01-30,400916802,2737,
2017-01-30,400917966,85,
2017-01-30,400917966,2449,
2017-01-30,400918124,2181,
2017-01-30,400918124,2724,
2017-01-30,400918218,282,
2017-01-30,400918218,339,
2017-01-30,400918389,139,
2017-01-30,400918389,2244,
2017-01-30,400918407,2325,
2017-01-30,400918407,113,
2017-01-30,400918451,2670,
2017-01-30,400918451,257,
2017-01-30,400918621,399,
2017-01-30,400918621,2349,
2017-01-30,400918651,2066,
2017-01-30,400918651,2378,
2017-01-30,400918695,261,
2017-01-30,400918695,311,
2017-01-30,400918731,2619,
2017-01-30,400918731,160,
2017-01-30,400918864,2065,
2017-01-30,400918864,56,
2017-01-30,400919091,107,
2017-01-30,400919091,2142,
2017-01-30,400919092,349,
2017-01-30,400919092,322,
2017-01-30,400919094,2083,
2017-01-30,400919094,44,
2017-01-30,400916799,2097,
2017-01-30,400916799,2241,
2017-01-30,400916609,248,
2017-01-30,400916609,2116,
2017-01-30,400915415,152,
2017-01-30,400915415,183,
2017-01-30,400918310,2230,
2017-01-30,400918310,2168,
2017-01-30,400916608,2655,
2017-01-30,400916608,218,
2017-01-30,400917148,2459,
2017-01-30,400917148,2006,
2017-01-30,400917964,198,
2017-01-30,400917964,2172,
2017-01-30,400918185,2623,
2017-01-30,400918185,2350,
2017-01-30,400918273,2603,
2017-01-30,400918273,2166,
2017-01-30,400910624,2,
2017-01-30,400910624,2633,
2017-01-30,400910816,245,
2017-01-30,400910816,238,
2017-01-30,400919703,305,
2017-01-30,400919703,46,
2017-01-30,400915414,228,
2017-01-30,400915414,59,
2017-01-30,400919829,36,
2017-01-30,400919829,68,
2017-01-30,400914939,356,
2017-01-30,400914939,275,10.0
2017-01-30,400910673,96,8.0
2017-01-30,400910673,61,
2017-01-30,400916227,66,
2017-01-30,400916227,277,7.0
2017-01-30,400919927,21,
2017-01-30,400919927,2751,
2017-01-30,400914983,84,
2017-01-30,400914983,213,
2017-01-30,400910559,8,
2017-01-30,400910559,333,
2017-01-30,400917615,2520,
2017-01-30,400917615,314,
2017-01-30,400918573,2750,
2017-01-30,400918573,94,
2017-01-30,400918672,42,
2017-01-30,400918672,261,
2017-01-30,400919269,171,
2017-01-30,400919269,225,
2017-01-30,400919316,159,
2017-01-30,400919316,219,
2017-01-30,400919326,108,
2017-01-30,400919326,163,
2017-01-30,400922113,2320,
2017-01-30,400922113,2377,
2017-01-30,400915055,130,
2017-01-30,400915055,194,
2017-01-30,400917969,2172,
2017-01-30,400917969,2870,
2017-01-30,400919303,172,
2017-01-30,400919303,43,
2017-01-30,400919910,167,
2017-01-30,400919910,23,
2017-01-30,400922205,2016,
2017-01-30,400922205,2296,
2017-01-30,400922240,2582,
2017-01-30,400922240,2755,
2017-01-30,400916066,2031,
2017-01-30,400916066,324,
2017-01-30,400916065,250,
2017-01-30,400916065,326,
2017-01-30,400916419,149,
2017-01-30,400916419,147,
2017-01-30,400918079,2253,
2017-01-30,400918079,2934,
2017-01-30,400918082,166,
2017-01-30,400918082,2130,
2017-01-30,400918081,2547,
2017-01-30,400918081,3084,
2017-01-30,400918947,299,
2017-01-30,400918947,300,
2017-01-30,400918080,292,
2017-01-30,400918080,140,
2017-01-30,400917834,2546,
2017-01-30,400917834,2413,
2017-01-30,400916418,155,
2017-01-30,400916418,2458,
2017-01-30,400919465,249,
2017-01-30,400919465,242,
2017-01-30,400915420,103,
2017-01-30,400915420,97,6.0
2017-01-30,400916616,2132,14.0
2017-01-30,400916616,41,
2017-01-30,400914966,356,
2017-01-30,400914966,135,
2017-02-06,400915673,38,
2017-02-06,400915673,265,
2017-02-06,400919231,2803,
2017-02-06,400919231,112358,
2017-02-06,400918674,2378,
2017-02-06,400918674,42,
2017-02-06,400918697,2349,
2017-02-06,400918697,311,
2017-02-06,400918780,526,
2017-02-06,400918780,288,
2017-02-06,400918801,294,
2017-02-06,400918801,2908,
2017-02-06,400918841,2454,
2017-02-06,400918841,2885,
2017-02-06,400918865,56,
2017-02-06,400918865,338,
2017-02-06,400919229,2598,
2017-02-06,400919229,2681,
2017-02-06,400919230,2523,
2017-02-06,400919230,116,
2017-02-06,400919377,2226,
2017-02-06,400919377,249,
2017-02-06,400916237,201,
2017-02-06,400916237,277,13.0
2017-02-06,400919395,2229,
2017-02-06,400919395,242,
2017-02-06,400919575,232,
2017-02-06,400919575,111,
2017-02-06,400919596,48,
2017-02-06,400919596,2210,
2017-02-06,400919612,2182,
2017-02-06,400919612,2729,
2017-02-06,400919639,119,
2017-02-06,400919639,2275,
2017-02-06,400919771,350,
2017-02-06,400919771,256,
2017-02-06,400914984,84,
2017-02-06,400914984,2509,16.0
2017-02-06,400918083,140,
2017-02-06,400918083,3084,
2017-02-06,400918624,2066,
2017-02-06,400918624,399,
2017-02-06,400918545,2750,
2017-02-06,400918545,270,
2017-02-06,400917838,55,
2017-02-06,400917838,2057,
2017-02-06,400917837,2635,
2017-02-06,400917837,2634,
2017-02-06,400918897,302,
2017-02-06,400918897,2239,
2017-02-06,400918958,300,
2017-02-06,400918958,2540,
2017-02-06,400915662,9,
2017-02-06,400915662,25,
2017-02-06,400919865,2440,
2017-02-06,400919865,2439,
2017-02-06,400915663,12,9.0
2017-02-06,400915663,24,
2017-02-06,400918086,2130,
2017-02-06,400918086,2547,
2017-02-06,400919233,161,
2017-02-06,400919233,2115,
2017-02-06,400916808,2097,
2017-02-06,400916808,2344,
2017-02-06,400916809,2515,
2017-02-06,400916809,2127,
2017-02-06,400916810,2241,
2017-02-06,400916810,2335,
2017-02-06,400916811,2506,
2017-02-06,400916811,2272,
2017-02-06,400916812,2427,
2017-02-06,400916812,2737,
2017-02-06,400916961,2747,
2017-02-06,400916961,2535,
2017-02-06,400916962,2678,
2017-02-06,400916962,2382,
2017-02-06,400916963,2193,
2017-02-06,400916963,2643,
2017-02-06,400916964,231,
2017-02-06,400916964,236,
2017-02-06,400917624,2368,
2017-02-06,400917624,2217,
2017-02-06,400918529,94,
2017-02-06,400918529,2739,
2017-02-06,400916425,,
2017-02-06,400917625,2514,
2017-02-06,400917625,2612,
2017-02-06,400919421,2638,
2017-02-06,400919421,2348,
2017-02-06,400916622,218,
2017-02-06,400916622,2567,25.0
2017-02-06,400914941,158,
2017-02-06,400914941,275,7.0
2017-02-06,400915664,38,
2017-02-06,400915664,264,
2017-02-06,400915865,279,
2017-02-06,400915865,301,
2017-02-06,400918085,2934,
2017-02-06,400918085,166,
2017-02-06,400918948,27,
2017-02-06,400918948,299,
2017-02-06,400915866,2608,20.0
2017-02-06,400915866,2501,
2017-02-06,400915666,26,10.0
2017-02-06,400915666,2483,5.0
2017-02-06,400915864,2351,
2017-02-06,400915864,2250,1.0
2017-02-06,400916427,16,
2017-02-06,400916427,2692,
2017-02-06,400916428,2502,
2017-02-06,400916428,304,
2017-02-06,400915667,30,
2017-02-06,400915667,204,
2017-02-06,400915867,2539,
2017-02-06,400915867,2541,
2017-02-06,400915868,2492,
2017-02-06,400915868,252,
2017-02-06,400918882,62,
2017-02-06,400918882,13,
2017-02-06,400917169,2050,
2017-02-06,400917169,195,
2017-02-06,400917165,2199,
2017-02-06,400917165,2006,
2017-02-06,400922094,2617,
2017-02-06,400922094,2916,
2017-02-06,400919232,2529,
2017-02-06,400919232,2597,
2017-02-06,400917839,2197,
2017-02-06,400917839,2630,
2017-02-06,400918732,261,
2017-02-06,400918732,160,
2017-02-06,400917840,2565,
2017-02-06,400917840,2546,
2017-02-06,400918492,2674,
2017-02-06,400918492,325,
2017-02-06,400918560,82,
2017-02-06,400918560,2754,
2017-02-06,400919358,5,
2017-02-06,400919358,2429,
2017-02-06,400919451,2393,
2017-02-06,400919451,295,
2017-02-06,400919506,2636,
2017-02-06,400919506,2572,
2017-02-06,400921980,2110,
2017-02-06,400921980,2000,
2017-02-06,400922131,2377,
2017-02-06,400922131,2443,
2017-02-06,400915431,150,18.0
2017-02-06,400915431,153,8.0
2017-02-06,400916423,253,
2017-02-06,400916423,149,
2017-02-06,400916424,2464,
2017-02-06,400916424,147,
2017-02-06,400922056,2466,
2017-02-06,400922056,2277,
2017-02-06,400922114,2320,
2017-02-06,400922114,2534,
2017-02-06,400915665,254,
2017-02-06,400915665,265,
2017-02-06,400916426,2458,
2017-02-06,400916426,70,
2017-02-06,400918084,2253,
2017-02-06,400918084,292,
2017-02-06,400918126,2724,
2017-02-06,400918126,2623,
2017-02-06,400916621,2132,11.0
2017-02-06,400916621,2116,
2017-02-06,400919881,2751,
2017-02-06,400919881,278,
2017-02-06,400914942,275,7.0
2017-02-06,400914942,77,
2017-02-06,400917161,195,
2017-02-06,400917161,2117,
2017-02-06,400920041,2582,
2017-02-06,400920041,2296,
2017-02-06,400916234,2306,
2017-02-06,400916234,2305,3.0
2017-02-06,400915036,213,
2017-02-06,400915036,120,21.0
2017-02-06,400910561,2579,19.0
2017-02-06,400910561,333,
2017-02-06,400915427,87,
2017-02-06,400915427,154,
2017-02-06,400916618,235,
2017-02-06,400916618,202,
2017-02-06,400917160,2309,
2017-02-06,400917160,189,
2017-02-06,400917162,2649,
2017-02-06,400917162,2199,
2017-02-06,400919813,2005,
2017-02-06,400919813,167,
2017-02-06,400917163,2084,
2017-02-06,400917163,2459,
2017-02-06,400917164,193,
2017-02-06,400917164,2711,
2017-02-06,400917623,314,
2017-02-06,400917623,2561,
2017-02-06,400918426,113,
2017-02-06,400918426,227,
2017-02-06,400919335,219,
2017-02-06,400919335,163,
2017-02-06,400910651,61,
2017-02-06,400910651,57,17.0
2017-02-06,400910698,96,15.0
2017-02-06,400910698,99,
2017-02-06,400919711,222,2.0
2017-02-06,400919711,46,
2017-02-06,400916071,2031,
2017-02-06,400916071,2026,
2017-02-06,400922252,2011,
2017-02-06,400922252,2400,
2017-02-06,400922223,2010,
2017-02-06,400922223,2029,
2017-02-06,400922206,2016,
2017-02-06,400922206,2755,
2017-02-06,400916073,290,
2017-02-06,400916073,309,
2017-02-06,400917620,2612,
2017-02-06,400917620,2099,
2017-02-06,400917622,2520,
2017-02-06,400917622,2405,
2017-02-06,400918714,2619,
2017-02-06,400918714,2349,
2017-02-06,400919100,2083,
2017-02-06,400919100,107,
2017-02-06,400915425,258,12.0
2017-02-06,400915425,97,4.0
2017-02-06,400920372,2065,
2017-02-06,400920372,47,
2017-02-06,400920409,2154,
2017-02-06,400920409,2428,
2017-02-06,400920442,2569,
2017-02-06,400920442,2261,
2017-02-06,400916072,2032,
2017-02-06,400916072,324,
2017-02-06,400920428,50,
2017-02-06,400920428,2169,
2017-02-06,400920527,2542,
2017-02-06,400920527,2450,
2017-02-06,400914967,77,
2017-02-06,400914967,356,
2017-02-06,400915426,228,
2017-02-06,400915426,183,
2017-02-06,400918230,2181,
2017-02-06,400918230,2287,
2017-02-06,400919102,2426,
2017-02-06,400919102,2352,
2017-02-06,400919104,2329,
2017-02-06,400919104,2083,
2017-02-06,400915428,52,14.0
2017-02-06,400915428,152,
2017-02-06,400916236,197,
2017-02-06,400916236,239,6.0
2017-02-06,400919105,44,
2017-02-06,400919105,104,
2017-02-06,400916620,2655,
2017-02-06,400916620,248,
2017-02-06,400917974,2437,
2017-02-06,400917974,85,
2017-02-06,400917975,198,
2017-02-06,400917975,2710,
2017-02-06,400918150,2460,
2017-02-06,400918150,79,
2017-02-06,400918205,339,
2017-02-06,400918205,2350,
2017-02-06,400922183,357,
2017-02-06,400922183,2545,
2017-02-06,400910753,245,
2017-02-06,400910753,142,
2017-02-06,400919714,2550,
2017-02-06,400919714,2507,
2017-02-06,400915014,135,
2017-02-06,400915014,2294,
2017-02-06,400915430,2390,
2017-02-06,400915430,259,
2017-02-06,400917973,2449,
2017-02-06,400917973,2571,
2017-02-06,400918219,71,
2017-02-06,400918219,282,
2017-02-06,400918372,45,
2017-02-06,400918372,2670,
2017-02-06,400919103,2142,
2017-02-06,400919103,349,
2017-02-06,400919101,322,
2017-02-06,400919101,107,
2017-02-06,400918312,2168,
2017-02-06,400918312,2603,
2017-02-06,400918466,179,
2017-02-06,400918466,139,
2017-02-06,400910597,8,
2017-02-06,400910597,238,
2017-02-06,400910625,2,
2017-02-06,400910625,344,
2017-02-06,400911039,251,
2017-02-06,400911039,66,
2017-02-06,400915056,130,
2017-02-06,400915056,127,
2017-02-06,400916235,2628,
2017-02-06,400916235,2641,
2017-02-06,400919849,36,
2017-02-06,400919849,328,
2017-02-06,400919712,269,
2017-02-06,400919712,2086,22.0
2017-02-06,400919928,23,
2017-02-06,400919928,21,
2017-02-06,400910773,2633,
2017-02-06,400910773,145,
2017-02-06,400919713,2752,24.0
2017-02-06,400919713,305,
2017-02-06,400915160,194,
2017-02-06,400915160,164,
2017-02-06,400915429,103,
2017-02-06,400915429,221,
2017-02-06,400916619,41,
2017-02-06,400916619,58,
2017-02-06,400917836,2413,
2017-02-06,400917836,93,
2017-02-06,400917972,2870,
2017-02-06,400917972,233,
2017-02-06,400918275,2166,
2017-02-06,400918275,2244,
2017-02-06,400918354,2230,
2017-02-06,400918354,2325,
2017-02-06,400918512,2174,
2017-02-06,400918512,2473,
2017-02-06,400919270,225,
2017-02-06,400919270,108,
2017-02-06,400919327,43,
2017-02-06,400919327,108,
2017-02-06,400919289,219,
2017-02-06,400919289,171,
2017-02-06,400916625,58,
2017-02-06,400916625,151,
2017-02-06,400917845,93,
2017-02-06,400917845,2046,
2017-02-06,400918334,139,
2017-02-06,400918334,2184,
2017-02-06,400917842,2198,
2017-02-06,400917842,2413,
2017-02-06,400918090,68,
2017-02-06,400918090,2005,
2017-02-06,400919271,225,
2017-02-06,400919271,159,
2017-02-06,400919436,98,
2017-02-06,400919436,276,
2017-02-06,400920487,2450,
2017-02-06,400920487,2379,
2017-02-06,400922241,2755,
2017-02-06,400922241,2640,
2017-02-06,400922263,2296,
2017-02-06,400922263,2504,
2017-02-06,400919305,219,
2017-02-06,400919305,172,
2017-02-06,400917630,315,
2017-02-06,400917630,314,
2017-02-06,400917631,2363,
2017-02-06,400917631,2612,
2017-02-06,400918919,2463,
2017-02-06,400918919,2540,
2017-02-06,400916079,309,
2017-02-06,400916079,2653,
2017-02-06,400919717,305,
2017-02-06,400919717,156,23.0
2017-02-06,400918408,2325,
2017-02-06,400918408,257,
2017-02-06,400917976,2449,
2017-02-06,400917976,2172,
2017-02-06,400916966,2717,
2017-02-06,400916966,2430,
2017-02-06,400919715,2599,
2017-02-06,400919715,2550,
2017-02-06,400916078,2026,
2017-02-06,400916078,2247,
2017-02-06,400916075,2433,
2017-02-06,400916075,6,
2017-02-06,400920536,2448,
2017-02-06,400920536,50,
2017-02-06,400922037,2110,
2017-02-06,400922037,2447,
2017-02-06,400915436,59,
2017-02-06,400915436,103,
2017-02-06,400916076,250,
2017-02-06,400916076,2032,
2017-02-06,400916077,326,
2017-02-06,400916077,2031,
2017-02-06,400920429,2415,
2017-02-06,400920429,2169,
2017-02-13,400915683,204,
2017-02-13,400915683,254,
2017-02-13,400918782,2885,
2017-02-13,400918782,526,
2017-02-13,400918855,2908,
2017-02-13,400918855,56,
2017-02-13,400919239,2681,
2017-02-13,400919239,116,
2017-02-13,400919241,2529,
2017-02-13,400919241,161,
2017-02-13,400919242,2115,
2017-02-13,400919242,2598,
2017-02-13,400919243,2803,
2017-02-13,400919243,2523,
2017-02-13,400919437,276,
2017-02-13,400919437,5,
2017-02-13,400919577,2275,
2017-02-13,400919577,232,
2017-02-13,400919598,48,
2017-02-13,400919598,2182,
2017-02-13,400919630,119,
2017-02-13,400919630,2210,
2017-02-13,400919772,256,
2017-02-13,400919772,2729,
2017-02-13,400919787,111,
2017-02-13,400919787,350,
2017-02-13,400914943,130,
2017-02-13,400914943,275,11.0
2017-02-13,400918816,288,
2017-02-13,400918816,2454,
2017-02-13,400919379,2348,
2017-02-13,400919379,2226,
2017-02-13,400922038,2447,
2017-02-13,400922038,2110,
2017-02-13,400918494,325,
2017-02-13,400918494,94,
2017-02-13,400918597,2754,
2017-02-13,400918597,2750,
2017-02-13,400918803,338,
2017-02-13,400918803,294,
2017-02-13,400917849,93,
2017-02-13,400917849,2565,
2017-02-13,400917847,2046,
2017-02-13,400917847,2197,
2017-02-13,400917636,2561,
2017-02-13,400917636,2363,
2017-02-13,400918206,2350,
2017-02-13,400918206,282,
2017-02-13,400933428,2450,
2017-02-13,400933428,2569,
2017-02-13,400919722,2550,
2017-02-13,400919722,156,20.0
2017-02-13,400915444,152,
2017-02-13,400915444,153,10.0
2017-02-13,400910563,142,
2017-02-13,400910563,333,
2017-02-13,400922096,2916,
2017-02-13,400922096,357,
2017-02-13,400919723,2086,24.0
2017-02-13,400919723,2599,
2017-02-13,400914986,135,
2017-02-13,400914986,84,
2017-02-13,400916245,2628,
2017-02-13,400916245,197,
2017-02-13,400918187,2623,
2017-02-13,400918187,2287,
2017-02-13,400919814,2005,
2017-02-13,400919814,2440,
2017-02-13,400916631,2567,19.0
2017-02-13,400916631,2655,
2017-02-13,400915445,258,14.0
2017-02-13,400915445,150,12.0
2017-02-13,400918883,2463,
2017-02-13,400918883,13,
2017-02-13,400919882,278,
2017-02-13,400919882,23,
2017-02-13,400919930,328,
2017-02-13,400919930,21,
2017-02-13,400910817,238,
2017-02-13,400910817,245,
2017-02-13,400917637,2405,
2017-02-13,400917637,315,
2017-02-13,400917848,2057,
2017-02-13,400917848,2198,
2017-02-13,400915875,2501,
2017-02-13,400915875,279,
2017-02-13,400918091,2547,
2017-02-13,400918091,2253,
2017-02-13,400918938,2540,
2017-02-13,400918938,62,
2017-02-13,400918949,299,
2017-02-13,400918949,302,
2017-02-13,400915677,264,
2017-02-13,400915677,9,
2017-02-13,400915878,252,
2017-02-13,400915878,301,
2017-02-13,400918899,27,
2017-02-13,400918899,2239,
2017-02-13,400915876,2608,22.0
2017-02-13,400915876,2351,
2017-02-13,400917179,2006,
2017-02-13,400917179,2309,
2017-02-13,400917639,2520,
2017-02-13,400917639,2099,
2017-02-13,400917640,2368,
2017-02-13,400917640,314,
2017-02-13,400918513,2174,
2017-02-13,400918513,82,
2017-02-13,400918586,2473,
2017-02-13,400918586,2674,
2017-02-13,400919291,108,
2017-02-13,400919291,171,
2017-02-13,400919306,159,
2017-02-13,400919306,172,
2017-02-13,400919272,225,
2017-02-13,400919272,219,
2017-02-13,400919341,43,
2017-02-13,400919341,163,
2017-02-13,400916088,2032,
2017-02-13,400916088,2031,
2017-02-13,400915877,2541,
2017-02-13,400915877,2492,
2017-02-13,400916438,304,
2017-02-13,400916438,155,
2017-02-13,400917983,2437,
2017-02-13,400917983,198,
2017-02-13,400915874,2250,1.0
2017-02-13,400915874,2539,
2017-02-13,400919397,2572,
2017-02-13,400919397,2229,
2017-02-13,400919466,249,
2017-02-13,400919466,2638,
2017-02-13,400919493,242,
2017-02-13,400919493,2636,
2017-02-13,400922022,2377,
2017-02-13,400922022,2000,
2017-02-13,400922058,2277,
2017-02-13,400922058,2534,
2017-02-13,400915675,204,
2017-02-13,400915675,38,
2017-02-13,400916435,147,
2017-02-13,400916435,2502,
2017-02-13,400916436,149,
2017-02-13,400916436,16,
2017-02-13,400916437,2692,
2017-02-13,400916437,2458,
2017-02-13,400916632,41,
2017-02-13,400916632,235,
2017-02-13,400917850,2634,
2017-02-13,400917850,2413,
2017-02-13,400918092,3084,
2017-02-13,400918092,2934,
2017-02-13,400919452,98,
2017-02-13,400919452,2393,
2017-02-13,400922115,2617,
2017-02-13,400922115,2320,
2017-02-13,400922166,2466,
2017-02-13,400922166,2545,
2017-02-13,400915676,2483,7.0
2017-02-13,400915676,254,
2017-02-13,400915674,265,
2017-02-13,400915674,12,5.0
2017-02-13,400918170,2460,
2017-02-13,400918170,71,
2017-02-13,400917981,2571,
2017-02-13,400917981,85,
2017-02-13,400915443,2390,
2017-02-13,400915443,59,
2017-02-13,400920028,47,
2017-02-13,400920028,2415,
2017-02-13,400919720,305,
2017-02-13,400919720,222,2.0
2017-02-13,400918461,2670,
2017-02-13,400918461,2603,
2017-02-13,400915441,228,
2017-02-13,400915441,154,
2017-02-13,400915442,221,
2017-02-13,400915442,259,
2017-02-13,400916628,2116,
2017-02-13,400916628,202,
2017-02-13,400916818,2335,
2017-02-13,400916818,2272,
2017-02-13,400917171,2711,
2017-02-13,400917171,189,
2017-02-13,400917172,2117,
2017-02-13,400917172,2084,
2017-02-13,400917173,2309,
2017-02-13,400917173,193,
2017-02-13,400917174,2199,
2017-02-13,400917174,195,
2017-02-13,400917175,2006,
2017-02-13,400917175,2649,
2017-02-13,400918391,2244,
2017-02-13,400918391,257,
2017-02-13,400915440,103,
2017-02-13,400915440,87,25.0
2017-02-13,400915194,2509,16.0
2017-02-13,400915194,164,
2017-02-13,400910627,2,
2017-02-13,400910627,57,15.0
2017-02-13,400910699,96,13.0
2017-02-13,400910699,2633,
2017-02-13,400916243,2305,3.0
2017-02-13,400916243,277,9.0
2017-02-13,400916082,250,
2017-02-13,400916082,2031,
2017-02-13,400919114,2352,
2017-02-13,400919114,2083,
2017-02-13,400922388,2296,
2017-02-13,400922388,2640,
2017-02-13,400916084,2026,
2017-02-13,400916084,290,
2017-02-13,400916970,2678,
2017-02-13,400916970,231,
2017-02-13,400917632,2217,
2017-02-13,400917632,2520,
2017-02-13,400919110,2083,
2017-02-13,400919110,2142,
2017-02-13,400915439,183,
2017-02-13,400915439,97,8.0
2017-02-13,400916242,2641,
2017-02-13,400916242,239,4.0
2017-02-13,400920374,2379,
2017-02-13,400920374,2065,
2017-02-13,400920410,2154,
2017-02-13,400920410,2169,
2017-02-13,400920537,2448,
2017-02-13,400920537,2569,
2017-02-13,400922278,2428,
2017-02-13,400922278,50,
2017-02-13,400916081,2433,
2017-02-13,400916081,2653,
2017-02-13,400916083,326,
2017-02-13,400916083,2032,
2017-02-13,400916085,309,
2017-02-13,400916085,6,
2017-02-13,400922208,2029,
2017-02-13,400922208,2016,
2017-02-13,400922242,2755,
2017-02-13,400922242,2504,
2017-02-13,400922253,2400,
2017-02-13,400922253,2582,
2017-02-13,400917634,2612,
2017-02-13,400917634,2368,
2017-02-13,400917980,2710,
2017-02-13,400917980,2172,
2017-02-13,400918240,339,
2017-02-13,400918240,2181,
2017-02-13,400918314,139,
2017-02-13,400918314,2168,
2017-02-13,400917982,2870,
2017-02-13,400917982,2449,
2017-02-13,400918128,79,
2017-02-13,400918128,2724,
2017-02-13,400918277,2166,
2017-02-13,400918277,45,
2017-02-13,400918335,2184,
2017-02-13,400918335,113,
2017-02-13,400918356,227,
2017-02-13,400918356,2230,
2017-02-13,400918409,179,
2017-02-13,400918409,2325,
2017-02-13,400918625,399,
2017-02-13,400918625,2378,
2017-02-13,400918676,42,
2017-02-13,400918676,2619,
2017-02-13,400918699,160,
2017-02-13,400918699,311,
2017-02-13,400918715,2349,
2017-02-13,400918715,261,
2017-02-13,400919111,2142,
2017-02-13,400919111,104,
2017-02-13,400919112,2329,
2017-02-13,400919112,2426,
2017-02-13,400919113,107,
2017-02-13,400919113,349,
2017-02-13,400919115,322,
2017-02-13,400919115,44,
2017-02-13,400915038,77,
2017-02-13,400915038,120,23.0
2017-02-13,400916630,58,
2017-02-13,400916630,2132,18.0
2017-02-13,400916819,2127,
2017-02-13,400916819,2097,
2017-02-13,400916974,2430,
2017-02-13,400916974,2747,
2017-02-13,400916973,2678,
2017-02-13,400916973,236,
2017-02-13,400916972,2193,
2017-02-13,400916972,2535,
2017-02-13,400919831,167,
2017-02-13,400919831,68,
2017-02-13,400910676,61,
2017-02-13,400910676,344,
2017-02-13,400910719,145,
2017-02-13,400910719,99,
2017-02-13,400911041,201,
2017-02-13,400911041,251,
2017-02-13,400915080,127,
2017-02-13,400915080,194,
2017-02-13,400915116,158,
2017-02-13,400915116,213,
2017-02-13,400917170,2459,
2017-02-13,400917170,2050,
2017-02-13,400919851,2751,
2017-02-13,400919851,36,
2017-02-13,400919240,2597,
2017-02-13,400919240,112358,
2017-02-13,400916971,2717,
2017-02-13,400916971,231,
2017-02-13,400919721,2507,
2017-02-13,400919721,2752,
2017-02-13,400910599,2579,21.0
2017-02-13,400910599,8,
2017-02-13,400916244,2306,
2017-02-13,400916244,66,
2017-02-13,400916629,151,
2017-02-13,400916629,218,
2017-02-13,400916820,2241,
2017-02-13,400916820,2515,
2017-02-13,400916821,2344,
2017-02-13,400916821,2737,
2017-02-13,400916822,2427,
2017-02-13,400916822,2506,
2017-02-13,400917638,2514,
2017-02-13,400917638,2217,
2017-02-13,400916439,,
2017-02-13,400919360,295,
2017-02-13,400919360,2429,
2017-02-13,400917856,55,
2017-02-13,400917856,2635,
2017-02-13,400918096,292,
2017-02-13,400918096,166,
2017-02-13,400919725,269,
2017-02-13,400919725,2752,
2017-02-13,400915678,24,
2017-02-13,400915678,25,
2017-02-13,400918655,2619,
2017-02-13,400918655,2066,
2017-02-13,400916636,248,
2017-02-13,400916636,2567,19.0
2017-02-13,400918093,140,
2017-02-13,400918093,2130,
2017-02-13,400922209,2016,
2017-02-13,400922209,2011,
2017-02-13,400922395,2582,
2017-02-13,400922395,2010,
2017-02-13,400919727,156,20.0
2017-02-13,400919727,46,
2017-02-13,400919867,21,
2017-02-13,400919867,2439,
2017-02-13,400915682,26,6.0
2017-02-13,400915682,30,
2017-02-13,400918960,300,
2017-02-13,400918960,27,
2017-02-13,400918531,270,
2017-02-13,400918531,2739,
2017-02-13,400916086,2247,
2017-02-13,400916086,250,
2017-02-13,400914969,2294,
2017-02-13,400914969,356,
2017-02-13,400917853,2546,
2017-02-13,400917853,2630,
2017-02-13,400916978,2643,
2017-02-13,400916978,2382,
2017-02-13,400916441,253,
2017-02-13,400916441,2464,
2017-02-13,400917986,233,
2017-02-13,400917986,198,
2017-02-13,400922039,2443,
2017-02-13,400922039,2110,
2017-02-13,400916091,2653,
2017-02-13,400916091,324,
2017-02-13,400915450,221,
2017-02-13,400915450,52,17.0
2017-02-13,400920375,2065,
2017-02-13,400920375,2261,
2017-02-13,400920499,2415,
2017-02-13,400920499,2542,
2017-02-20,400915693,265,
2017-02-20,400915693,264,
2017-02-20,400917990,85,
2017-02-20,400917990,2870,
2017-02-20,400918784,526,
2017-02-20,400918784,56,
2017-02-20,400918805,2454,
2017-02-20,400918805,294,
2017-02-20,400918817,338,
2017-02-20,400918817,288,
2017-02-20,400918831,2885,
2017-02-20,400918831,2908,
2017-02-20,400919249,2523,
2017-02-20,400919249,161,
2017-02-20,400919250,2681,
2017-02-20,400919250,2803,
2017-02-20,400919251,2598,
2017-02-20,400919251,2529,
2017-02-20,400919252,2115,
2017-02-20,400919252,2597,
2017-02-20,400919253,116,
2017-02-20,400919253,112358,
2017-02-20,400919361,2429,
2017-02-20,400919361,98,
2017-02-20,400919381,2226,
2017-02-20,400919381,2638,
2017-02-20,400919399,2229,
2017-02-20,400919399,2636,
2017-02-20,400919615,2182,
2017-02-20,400919615,256,
2017-02-20,400919631,2210,
2017-02-20,400919631,111,
2017-02-20,400919762,2729,
2017-02-20,400919762,2275,
2017-02-20,400919788,350,
2017-02-20,400919788,119,
2017-02-20,400916641,2132,15.0
2017-02-20,400916641,235,
2017-02-20,400918374,45,
2017-02-20,400918374,113,
2017-02-20,400917859,2198,
2017-02-20,400917859,55,
2017-02-20,400917860,2546,
2017-02-20,400917860,93,
2017-02-20,400916832,2515,
2017-02-20,400916832,2506,
2017-02-20,400917988,2172,
2017-02-20,400917988,2437,
2017-02-20,400919816,2005,
2017-02-20,400919816,2439,
2017-02-20,400922117,2466,
2017-02-20,400922117,2320,
2017-02-20,400919732,156,23.0
2017-02-20,400919732,2507,
2017-02-20,400915459,153,8.0
2017-02-20,400915459,97,7.0
2017-02-20,400915684,25,
2017-02-20,400915684,2483,6.0
2017-02-20,400919731,222,2.0
2017-02-20,400919731,2086,22.0
2017-02-20,400918901,2239,
2017-02-20,400918901,300,
2017-02-20,400919833,2440,
2017-02-20,400919833,68,
2017-02-20,400919934,23,
2017-02-20,400919934,328,
2017-02-20,400915685,24,
2017-02-20,400915685,204,
2017-02-20,400919884,21,
2017-02-20,400919884,278,
2017-02-20,400916829,2737,
2017-02-20,400916829,2127,
2017-02-20,400910565,333,
2017-02-20,400910565,61,
2017-02-20,400915082,127,
2017-02-20,400915082,158,
2017-02-20,400916828,2272,
2017-02-20,400916828,2097,
2017-02-20,400916831,2335,
2017-02-20,400916831,2344,
2017-02-20,400917648,2368,
2017-02-20,400917648,2514,
2017-02-20,400919579,232,
2017-02-20,400919579,48,
2017-02-20,400914971,158,
2017-02-20,400914971,356,
2017-02-20,400916446,70,
2017-02-20,400916446,304,
2017-02-20,400918885,299,
2017-02-20,400918885,13,
2017-02-20,400918920,302,
2017-02-20,400918920,2463,
2017-02-20,400918969,2540,
2017-02-20,400918969,27,
2017-02-20,400915887,2492,
2017-02-20,400915887,2608,20.0
2017-02-20,400915687,12,4.0
2017-02-20,400915687,30,
2017-02-20,400915884,301,
2017-02-20,400915884,2250,1.0
2017-02-20,400916447,16,
2017-02-20,400916447,2464,
2017-02-20,400916448,2502,
2017-02-20,400916448,253,
2017-02-20,400915688,38,
2017-02-20,400915688,254,
2017-02-20,400943826,2649,
2017-02-20,400943826,2117,
2017-02-20,400917649,315,
2017-02-20,400917649,2612,
2017-02-20,400917650,2099,
2017-02-20,400917650,2217,
2017-02-20,400917652,2405,
2017-02-20,400917652,2561,
2017-02-20,400918533,2739,
2017-02-20,400918533,2473,
2017-02-20,400919274,159,
2017-02-20,400919274,225,
2017-02-20,400919293,171,
2017-02-20,400919293,163,
2017-02-20,400919308,172,
2017-02-20,400919308,219,
2017-02-20,400918100,2934,
2017-02-20,400918100,140,
2017-02-20,400915888,2541,
2017-02-20,400915888,279,
2017-02-20,400916642,202,
2017-02-20,400916642,58,
2017-02-20,400915886,2351,
2017-02-20,400915886,2539,
2017-02-20,400917858,2630,
2017-02-20,400917858,2046,
2017-02-20,400917991,2710,
2017-02-20,400917991,233,
2017-02-20,400918098,292,
2017-02-20,400918098,2547,
2017-02-20,400919423,249,
2017-02-20,400919423,2348,
2017-02-20,400919439,295,
2017-02-20,400919439,276,
2017-02-20,400919495,242,
2017-02-20,400919495,2572,
2017-02-20,400922060,2377,
2017-02-20,400922060,2277,
2017-02-20,400922098,2916,
2017-02-20,400922098,2447,
2017-02-20,400922155,2443,
2017-02-20,400922155,2617,
2017-02-20,400916830,2241,
2017-02-20,400916830,2427,
2017-02-20,400917861,2413,
2017-02-20,400917861,2635,
2017-02-20,400918097,166,
2017-02-20,400918097,3084,
2017-02-20,400918099,2253,
2017-02-20,400918099,2130,
2017-02-20,400914945,194,
2017-02-20,400914945,275,16.0
2017-02-20,400915686,9,
2017-02-20,400915686,26,5.0
2017-02-20,400916445,,
2017-02-20,400915885,2501,
2017-02-20,400915885,252,
2017-02-20,400916640,248,
2017-02-20,400916640,41,
2017-02-20,400916253,2306,
2017-02-20,400916253,197,
2017-02-20,400915039,120,24.0
2017-02-20,400915039,135,
2017-02-20,400910629,99,
2017-02-20,400910629,2,
2017-02-20,400917182,2050,
2017-02-20,400917182,2199,
2017-02-20,400917183,2084,
2017-02-20,400917183,2309,
2017-02-20,400917184,2117,
2017-02-20,400917184,2459,
2017-02-20,400917185,193,
2017-02-20,400917185,195,
2017-02-20,400917186,2649,
2017-02-20,400917186,2711,
2017-02-20,400918316,2168,
2017-02-20,400918316,2244,
2017-02-20,400918496,2174,
2017-02-20,400918496,325,
2017-02-20,400918575,94,
2017-02-20,400918575,2750,
2017-02-20,400918587,2473,
2017-02-20,400918587,2754,
2017-02-20,400910654,57,13.0
2017-02-20,400910654,2579,
2017-02-20,400916251,239,9.0
2017-02-20,400916251,201,
2017-02-20,400914970,356,
2017-02-20,400914970,77,
2017-02-20,400915456,59,
2017-02-20,400915456,152,
2017-02-20,400918279,257,
2017-02-20,400918279,2166,
2017-02-20,400918532,82,
2017-02-20,400918532,2739,
2017-02-20,400918547,2674,
2017-02-20,400918547,270,
2017-02-20,400915455,259,
2017-02-20,400915455,228,
2017-02-20,400915179,213,
2017-02-20,400915179,2509,14.0
2017-02-20,400922040,2545,
2017-02-20,400922040,2110,
2017-02-20,400918411,2325,
2017-02-20,400918411,227,
2017-02-20,400916092,2247,
2017-02-20,400916092,326,
2017-02-20,400916094,290,
2017-02-20,400916094,250,
2017-02-20,400915454,52,19.0
2017-02-20,400915454,103,
2017-02-20,400915453,258,18.0
2017-02-20,400915453,2390,
2017-02-20,400920376,2065,
2017-02-20,400920376,2450,
2017-02-20,400920430,2169,
2017-02-20,400920430,2415,
2017-02-20,400920489,2379,
2017-02-20,400920489,2448,
2017-02-20,400916095,2653,
2017-02-20,400916095,2026,
2017-02-20,400920412,2542,
2017-02-20,400920412,2154,
2017-02-20,400920444,50,
2017-02-20,400920444,2261,
2017-02-20,400922210,2016,
2017-02-20,400922210,2010,
2017-02-20,400916093,6,
2017-02-20,400916093,324,
2017-02-20,400922225,2504,
2017-02-20,400922225,2029,
2017-02-20,400922396,2582,
2017-02-20,400922396,2011,
2017-02-20,400925424,2640,
2017-02-20,400925424,2400,
2017-02-20,400916250,2641,
2017-02-20,400916250,66,
2017-02-20,400911043,277,12.0
2017-02-20,400911043,251,
2017-02-20,400919728,269,
2017-02-20,400919728,2599,
2017-02-20,400918130,2724,25.0
2017-02-20,400918130,339,
2017-02-20,400910738,344,
2017-02-20,400910738,145,
2017-02-20,400914987,2294,
2017-02-20,400914987,84,
2017-02-20,400918717,2349,
2017-02-20,400918717,160,
2017-02-20,400918745,2378,
2017-02-20,400918745,2619,
2017-02-20,400919121,2329,
2017-02-20,400919121,2142,
2017-02-20,400919122,349,
2017-02-20,400919122,104,
2017-02-20,400919123,2426,
2017-02-20,400919123,44,
2017-02-20,400919124,2083,
2017-02-20,400919124,322,
2017-02-20,400919729,46,
2017-02-20,400919729,305,
2017-02-20,400919730,2550,
2017-02-20,400919730,2752,
2017-02-20,400915457,183,
2017-02-20,400915457,150,10.0
2017-02-20,400916252,2305,3.0
2017-02-20,400916252,2628,
2017-02-20,400919125,107,
2017-02-20,400919125,2352,
2017-02-20,400916980,2535,
2017-02-20,400916980,236,
2017-02-20,400917989,198,
2017-02-20,400917989,2449,
2017-02-20,400918189,71,
2017-02-20,400918189,2623,
2017-02-20,400918208,2350,
2017-02-20,400918208,2181,
2017-02-20,400910601,8,
2017-02-20,400910601,245,
2017-02-20,400922023,2000,
2017-02-20,400922023,357,
2017-02-20,400918656,42,
2017-02-20,400918656,2066,
2017-02-20,400918627,261,
2017-02-20,400918627,399,
2017-02-20,400918467,2670,
2017-02-20,400918467,139,
2017-02-20,400916639,218,
2017-02-20,400916639,2116,
2017-02-20,400916638,2655,
2017-02-20,400916638,151,
2017-02-20,400917181,189,
2017-02-20,400917181,2006,
2017-02-20,400910700,142,
2017-02-20,400910700,96,11.0
2017-02-20,400919852,167,
2017-02-20,400919852,36,
2017-02-20,400910805,2633,
2017-02-20,400910805,238,
2017-02-20,400915058,164,
2017-02-20,400915058,130,
2017-02-20,400915458,154,
2017-02-20,400915458,221,
2017-02-20,400916981,2382,
2017-02-20,400916981,2430,
2017-02-20,400918462,2603,
2017-02-20,400918462,179,
2017-02-20,400916982,2678,
2017-02-20,400916982,2747,
2017-02-20,400916983,2193,
2017-02-20,400916983,231,
2017-02-20,400916984,2643,
2017-02-20,400916984,2717,
2017-02-20,400917647,2520,
2017-02-20,400917647,2363,
2017-02-20,400918153,2287,
2017-02-20,400918153,79,
2017-02-20,400918171,282,
2017-02-20,400918171,2460,
2017-02-20,400918337,2184,
2017-02-20,400918337,2230,
2017-02-20,400919328,108,
2017-02-20,400919328,43,
2017-02-20,400922024,2534,
2017-02-20,400922024,2000,
2017-02-20,400916100,2032,
2017-02-20,400916100,290,
2017-02-20,400917864,2565,
2017-02-20,400917864,2197,
2017-02-20,400917863,2057,
2017-02-20,400917863,2634,
2017-02-20,400919911,2751,
2017-02-20,400919911,167,
2017-02-20,400920457,2450,
2017-02-20,400920457,47,
2017-02-20,400916099,2031,
2017-02-20,400916099,2247,
2017-02-20,400917654,314,
2017-02-20,400917654,2405,
2017-02-20,400915466,87,21.0
2017-02-20,400915466,59,
2017-02-20,400919453,5,
2017-02-20,400919453,2393,
2017-02-20,400918902,62,
2017-02-20,400918902,2239,
2017-02-20,400922227,2029,
2017-02-20,400922227,2755,
2017-02-20,400916449,147,
2017-02-20,400916449,149,
2017-02-20,400916451,2458,
2017-02-20,400916451,155,
2017-02-20,400918657,2066,
2017-02-20,400918657,311,
2017-02-20,400916643,41,
2017-02-20,400916643,2567,17.0
2017-02-20,400916096,324,
2017-02-20,400916096,309,
2017-02-20,400917992,2571,
2017-02-20,400917992,2172,
2017-02-20,400922254,2400,
2017-02-20,400922254,2296,
2017-02-20,400920544,2569,
2017-02-20,400920544,50,
2017-02-20,400916101,2026,
2017-02-20,400916101,2433,
2017-02-20,400920377,2428,
2017-02-20,400920377,2065,
2017-02-27,400944458,2437,
2017-02-27,400944458,2870,
2017-02-27,400916650,2132,18.0
2017-02-27,400916650,248,
2017-02-27,400944454,2329,
2017-02-27,400944454,2142,
2017-02-27,400944506,339,
2017-02-27,400944506,282,
2017-02-27,400944549,2099,
2017-02-27,400944549,2368,
2017-02-27,400944635,526,
2017-02-27,400944635,338,
2017-02-27,400944791,2737,
2017-02-27,400944791,2127,
2017-02-27,400944792,2083,
2017-02-27,400944792,349,
2017-02-27,400944793,104,
2017-02-27,400944793,2352,
2017-02-27,400919401,2393,
2017-02-27,400919401,2229,
2017-02-27,400919383,5,
2017-02-27,400919383,2226,
2017-02-27,400920414,2154,
2017-02-27,400920414,2261,
2017-02-27,400920432,2169,
2017-02-27,400920432,47,
2017-02-27,400920490,2379,
2017-02-27,400920490,2415,
2017-02-27,400920539,2448,
2017-02-27,400920539,2428,
2017-02-27,400945203,55,
2017-02-27,400945203,2546,
2017-02-27,400916108,2433,
2017-02-27,400916108,250,
2017-02-27,400916457,155,
2017-02-27,400916457,16,
2017-02-27,400944453,2426,
2017-02-27,400944453,107,
2017-02-27,400920379,2065,
2017-02-27,400920379,50,
2017-02-27,400919440,276,
2017-02-27,400919440,242,
2017-02-27,400916649,58,
2017-02-27,400916649,2116,
2017-02-27,400916261,2628,
2017-02-27,400916261,2306,
2017-02-27,400919741,2752,
2017-02-27,400919741,269,
2017-02-27,400944407,112358,
2017-02-27,400944407,2523,
2017-02-27,400915473,154,
2017-02-27,400915473,97,8.0
2017-02-27,400944411,2635,
2017-02-27,400944411,93,
2017-02-27,400915694,30,
2017-02-27,400915694,265,
2017-02-27,400918961,27,
2017-02-27,400918961,300,
2017-02-27,400919818,21,
2017-02-27,400919818,2005,
2017-02-27,400919935,23,
2017-02-27,400919935,2440,
2017-02-27,400919869,2439,
2017-02-27,400919869,328,
2017-02-27,400915695,26,3.0
2017-02-27,400915695,264,
2017-02-27,400944790,2427,
2017-02-27,400944790,2097,
2017-02-27,400944402,2335,
2017-02-27,400944402,2515,
2017-02-27,400944548,2514,
2017-02-27,400944548,315,
2017-02-27,400915100,135,
2017-02-27,400915100,158,
2017-02-27,400919363,2636,
2017-02-27,400919363,2429,
2017-02-27,400919469,98,
2017-02-27,400919469,249,
2017-02-27,400918887,13,
2017-02-27,400918887,2463,
2017-02-27,400922167,2617,
2017-02-27,400922167,2466,
2017-02-27,400944401,2241,
2017-02-27,400944401,2272,
2017-02-27,400944550,2520,
2017-02-27,400944550,2363,
2017-02-27,400914947,275,22.0
2017-02-27,400914947,2294,
2017-02-27,400916460,304,
2017-02-27,400916460,147,
2017-02-27,400944507,71,
2017-02-27,400944507,2181,
2017-02-27,400945204,2413,
2017-02-27,400945204,93,
2017-02-27,400918903,2239,
2017-02-27,400918903,2540,
2017-02-27,400919480,2638,
2017-02-27,400919480,295,
2017-02-27,400918939,302,
2017-02-27,400918939,62,
2017-02-27,400915697,254,
2017-02-27,400915697,25,
2017-02-27,400945336,2287,
2017-02-27,400945336,339,
2017-02-27,400944508,79,
2017-02-27,400944508,2350,
2017-02-27,400919329,163,
2017-02-27,400919329,108,
2017-02-27,400944606,2717,
2017-02-27,400944606,2643,
2017-02-27,400944545,2174,
2017-02-27,400944545,270,
2017-02-27,400916652,235,
2017-02-27,400916652,2655,
2017-02-27,400916459,2692,
2017-02-27,400916459,149,
2017-02-27,400916458,2458,
2017-02-27,400916458,2502,
2017-02-27,400915696,38,
2017-02-27,400915696,24,
2017-02-27,400920545,2542,
2017-02-27,400920545,2569,
2017-02-27,400922118,2320,
2017-02-27,400922118,2447,
2017-02-27,400944636,288,
2017-02-27,400944636,2454,
2017-02-27,400916651,2567,14.0
2017-02-27,400916651,202,
2017-02-27,400916109,6,
2017-02-27,400916109,2031,
2017-02-27,400916110,309,
2017-02-27,400916110,326,
2017-02-27,400916111,2653,
2017-02-27,400916111,2032,
2017-02-27,400916455,2464,
2017-02-27,400916455,70,
2017-02-27,400916456,,
2017-02-27,400922134,2534,
2017-02-27,400922134,2377,
2017-02-27,400922212,2640,
2017-02-27,400922212,2016,
2017-02-27,400922245,2296,
2017-02-27,400922245,2010,
2017-02-27,400922246,2755,
2017-02-27,400922246,2011,
2017-02-27,400922266,2504,
2017-02-27,400922266,2582,
2017-02-27,400922157,2443,
2017-02-27,400922157,2545,
2017-02-27,400914972,356,
2017-02-27,400914972,127,
2017-02-27,400911045,2641,
2017-02-27,400911045,251,
2017-02-27,400922025,2000,
2017-02-27,400922025,2916,
2017-02-27,400917193,195,
2017-02-27,400917193,2084,
2017-02-27,400922244,2400,
2017-02-27,400922244,2755,
2017-02-27,400916103,2031,
2017-02-27,400916103,290,
2017-02-27,400919961,2261,
2017-02-27,400919961,2450,
2017-02-27,400915468,259,
2017-02-27,400915468,2390,25.0
2017-02-27,400916259,2305,1.0
2017-02-27,400916259,201,
2017-02-27,400915040,164,
2017-02-27,400915040,120,
2017-02-27,400910567,333,
2017-02-27,400910567,145,
2017-02-27,400919738,2550,
2017-02-27,400919738,46,
2017-02-27,400910740,2579,
2017-02-27,400910740,344,
2017-02-27,400910757,142,
2017-02-27,400910757,245,
2017-02-27,400917192,2649,
2017-02-27,400917192,2050,
2017-02-27,400917194,2117,
2017-02-27,400917194,2199,
2017-02-27,400917195,189,
2017-02-27,400917195,2309,
2017-02-27,400917196,2006,
2017-02-27,400917196,193,
2017-02-27,400922228,2029,
2017-02-27,400922228,2296,
2017-02-27,400944289,288,
2017-02-27,400944289,2885,
2017-02-27,400916107,2026,
2017-02-27,400916107,309,
2017-02-27,400916990,2717,
2017-02-27,400916990,2678,
2017-02-27,400916991,2382,
2017-02-27,400916991,2535,
2017-02-27,400916992,2430,
2017-02-27,400916992,2193,
2017-02-27,400916993,2643,
2017-02-27,400916993,236,
2017-02-27,400944286,526,
2017-02-27,400944286,56,
2017-02-27,400944287,2454,
2017-02-27,400944287,294,
2017-02-27,400944288,2908,
2017-02-27,400944288,338,
2017-02-27,400916258,239,11.0
2017-02-27,400916258,277,10.0
2017-02-27,400915467,258,23.0
2017-02-27,400915467,153,5.0
2017-02-27,400916104,2032,
2017-02-27,400916104,2247,
2017-02-27,400918281,2166,
2017-02-27,400918281,179,
2017-02-27,400944399,2127,
2017-02-27,400944399,2344,
2017-02-27,400944400,2097,
2017-02-27,400944400,2506,
2017-02-27,400918359,2230,
2017-02-27,400918359,45,
2017-02-27,400918442,2603,
2017-02-27,400918442,227,
2017-02-27,400944406,116,
2017-02-27,400944406,2529,
2017-02-27,400944408,2681,
2017-02-27,400944408,161,
2017-02-27,400944409,2598,
2017-02-27,400944409,2803,
2017-02-27,400944427,261,
2017-02-27,400944427,311,
2017-02-27,400944430,2619,
2017-02-27,400944430,2066,
2017-02-27,400910603,57,12.0
2017-02-27,400910603,8,
2017-02-27,400944410,2546,
2017-02-27,400944410,2634,
2017-02-27,400944428,160,
2017-02-27,400944428,2378,
2017-02-27,400944429,399,
2017-02-27,400944429,42,
2017-02-27,400915471,228,
2017-02-27,400915471,152,
2017-02-27,400918317,2168,
2017-02-27,400918317,2670,
2017-02-27,400918413,139,
2017-02-27,400918413,2325,
2017-02-27,400922082,2277,
2017-02-27,400922082,357,
2017-02-27,400915472,87,19.0
2017-02-27,400915472,103,
2017-02-27,400918428,113,
2017-02-27,400918428,257,
2017-02-27,400918339,2244,
2017-02-27,400918339,2184,
2017-02-27,400944451,349,
2017-02-27,400944451,44,
2017-02-27,400916648,151,
2017-02-27,400916648,41,
2017-02-27,400914990,2509,16.0
2017-02-27,400914990,84,
2017-02-27,400915469,150,17.0
2017-02-27,400915469,52,15.0
2017-02-27,400944452,2352,
2017-02-27,400944452,322,
2017-02-27,400917197,2459,
2017-02-27,400917197,2711,
2017-02-27,400919739,156,
2017-02-27,400919739,2599,
2017-02-27,400915163,213,
2017-02-27,400915163,194,
2017-02-27,400919740,2507,
2017-02-27,400919740,305,
2017-02-27,400915470,59,
2017-02-27,400915470,221,
2017-02-27,400916260,66,24.0
2017-02-27,400916260,197,
2017-02-27,400910701,96,9.0
2017-02-27,400910701,238,
2017-02-27,400919835,68,
2017-02-27,400919835,278,
2017-02-27,400919854,36,
2017-02-27,400919854,2751,
2017-02-27,400910630,61,
2017-02-27,400910630,2,
2017-02-27,400910720,99,
2017-02-27,400910720,2633,
2017-02-27,400915060,77,
2017-02-27,400915060,130,
2017-02-27,400944389,2275,
2017-02-27,400944389,48,
2017-02-27,400918940,299,
2017-02-27,400918940,62,
2017-02-27,400919330,219,
2017-02-27,400919330,108,
2017-02-27,400944455,233,
2017-02-27,400944455,2710,
2017-02-27,400945351,314,
2017-02-27,400945351,2520,
2017-02-27,400945410,2674,
2017-02-27,400945410,270,
2017-02-27,400945452,2630,
2017-02-27,400945452,55,
2017-02-27,400919295,43,
2017-02-27,400919295,171,
2017-02-27,400918105,2130,
2017-02-27,400918105,140,
2017-02-27,400919277,225,
2017-02-27,400919277,172,
2017-02-27,400919320,163,
2017-02-27,400919320,159,
2017-02-27,400944512,2541,
2017-02-27,400944512,2539,
2017-02-27,400945418,231,
2017-02-27,400945418,2535,
2017-02-27,400945422,232,
2017-02-27,400945422,256,
2017-02-27,400945451,2724,21.0
2017-02-27,400945451,2623,
2017-02-27,400915701,204,
2017-02-27,400915701,2483,6.0
2017-02-27,400945245,2405,
2017-02-27,400945245,315,
2017-02-27,400945589,232,
2017-02-27,400945589,119,
2017-02-27,400945511,350,
2017-02-27,400945511,2729,
2017-02-27,400945624,2405,
2017-02-27,400945624,2561,
2017-02-27,400944392,119,
2017-02-27,400944392,111,
2017-02-27,400944547,2739,
2017-02-27,400944547,82,
2017-02-27,400945510,2430,
2017-02-27,400945510,2747,
2017-02-27,400944457,2571,
2017-02-27,400944457,2172,
2017-02-27,400945566,2612,
2017-02-27,400945566,314,
2017-02-27,400944546,94,
2017-02-27,400944546,2750,
2017-02-27,400916655,58,
2017-02-27,400916655,218,
2017-02-27,400918107,166,
2017-02-27,400918107,292,
2017-02-27,400918108,3084,
2017-02-27,400918108,2547,
2017-02-27,400944456,2449,
2017-02-27,400944456,85,
2017-02-27,400944551,2561,
2017-02-27,400944551,2217,
2017-02-27,400919912,167,
2017-02-27,400919912,21,
2017-02-27,400945425,2250,4.0
2017-02-27,400945425,279,
2017-02-27,400918106,2934,
2017-02-27,400918106,2253,
2017-02-27,400945462,2608,20.0
2017-02-27,400945462,2501,
2017-02-27,400945421,2473,
2017-02-27,400945421,2754,
2017-02-27,400944511,301,
2017-02-27,400944511,2501,
2017-02-27,400919742,46,
2017-02-27,400919742,222,2.0
2017-02-27,400944509,2460,
2017-02-27,400944509,2623,
2017-02-27,400944510,2492,
2017-02-27,400944510,279,
2017-02-27,400945335,2057,
2017-02-27,400945335,55,
2017-02-27,400944544,325,
2017-02-27,400944544,2754,
2017-02-27,400944390,256,
2017-02-27,400944390,2182,
2017-02-27,400919425,2348,
2017-02-27,400919425,2572,
2017-02-27,400922042,2466,
2017-02-27,400922042,2110,
2017-02-27,400944513,252,
2017-02-27,400944513,2351,
2017-02-27,400915700,9,
2017-02-27,400915700,12,7.0
2017-02-27,400915477,183,
2017-02-27,400915477,59,
2017-02-27,400944391,2729,
2017-02-27,400944391,2210,
2017-02-27,400919745,2086,13.0
2017-02-27,400919745,2550,
2017-02-27,400916115,2026,
2017-02-27,400916115,324,
2017-03-06,400946312,2567,12.0
2017-03-06,400946312,2132,15.0
2017-03-06,400945527,2641,
2017-03-06,400945527,251,
2017-03-06,400945528,66,23.0
2017-03-06,400945528,197,
2017-03-06,400946072,2393,
2017-03-06,400946072,2636,
2017-03-06,400945735,130,
2017-03-06,400945735,356,
2017-03-06,400946110,222,2.0
2017-03-06,400946110,2599,
2017-03-06,400945792,153,6.0
2017-03-06,400945792,2390,
2017-03-06,400945845,2006,
2017-03-06,400945845,2199,
2017-03-06,400945586,2325,
2017-03-06,400945586,2166,
2017-03-06,400945500,30,
2017-03-06,400945500,264,
2017-03-06,400945521,2752,
2017-03-06,400945521,305,
2017-03-06,400945790,258,21.0
2017-03-06,400945790,221,
2017-03-06,400945620,276,
2017-03-06,400945620,2226,
2017-03-06,400945520,2599,
2017-03-06,400945520,46,
2017-03-06,400945603,2,
2017-03-06,400945603,142,
2017-03-06,400945499,38,
2017-03-06,400945499,265,
2017-03-06,400945622,2320,
2017-03-06,400945622,2545,
2017-03-06,400945613,2653,
2017-03-06,400945613,2026,
2017-03-06,400945585,139,
2017-03-06,400945585,2184,
2017-03-06,400946041,2450,
2017-03-06,400946041,2569,
2017-03-06,400945694,2083,
2017-03-06,400945694,2329,
2017-03-06,400945791,259,
2017-03-06,400945791,154,
2017-03-06,400945734,194,
2017-03-06,400945734,164,
2017-03-06,400945590,344,
2017-03-06,400945590,99,
2017-03-06,400945591,61,
2017-03-06,400945591,2633,
2017-03-06,400945522,269,
2017-03-06,400945522,2550,
2017-03-06,400946095,179,
2017-03-06,400946095,113,
2017-03-06,400945793,97,10.0
2017-03-06,400945793,150,14.0
2017-03-06,400945853,195,
2017-03-06,400945853,2649,
2017-03-06,400945736,2294,
2017-03-06,400945736,84,
2017-03-06,400946096,2277,
2017-03-06,400946096,2534,
2017-03-06,400945866,2415,
2017-03-06,400945866,47,
2017-03-06,400945707,202,
2017-03-06,400945707,2655,
2017-03-06,400945587,2244,
2017-03-06,400945587,2230,
2017-03-06,400945492,70,
2017-03-06,400945492,149,
2017-03-06,400945805,254,
2017-03-06,400945805,25,
2017-03-06,400945630,2239,
2017-03-06,400945630,2463,
2017-03-06,400945505,278,
2017-03-06,400945505,167,
2017-03-06,400945626,3084,
2017-03-06,400945626,2547,
2017-03-06,400945706,218,
2017-03-06,400945706,151,
2017-03-06,400945808,333,
2017-03-06,400945808,344,
2017-03-06,400945796,2305,1.0
2017-03-06,400945796,2628,
2017-03-06,400946037,155,
2017-03-06,400946037,2502,
2017-03-06,400945804,2483,5.0
2017-03-06,400945804,9,
2017-03-06,400946090,2638,
2017-03-06,400946090,242,
2017-03-06,400946086,2440,
2017-03-06,400946086,328,
2017-03-06,400945629,302,
2017-03-06,400945629,13,
2017-03-06,400945852,2050,
2017-03-06,400945852,2711,
2017-03-06,400945798,127,
2017-03-06,400945798,213,
2017-03-06,400945526,2628,
2017-03-06,400945526,201,
2017-03-06,400945504,21,
2017-03-06,400945504,2439,
2017-03-06,400945592,238,
2017-03-06,400945592,245,
2017-03-06,400945704,314,
2017-03-06,400945704,2561,
2017-03-06,400945495,2016,
2017-03-06,400945495,2400,
2017-03-06,400945392,2569,
2017-03-06,400945392,50,
2017-03-06,400945489,2502,
2017-03-06,400945489,2464,
2017-03-06,400945391,2169,
2017-03-06,400945391,2065,
2017-03-06,400945578,154,
2017-03-06,400945578,103,
2017-03-06,400945577,228,
2017-03-06,400945577,152,
2017-03-06,400945646,2608,19.0
2017-03-06,400945646,252,
2017-03-06,400945782,2437,
2017-03-06,400945782,85,
2017-03-06,400945726,82,
2017-03-06,400945726,270,
2017-03-06,400945623,2250,4.0
2017-03-06,400945623,2541,
2017-03-06,400945448,2649,
2017-03-06,400945448,189,
2017-03-06,400945619,5,
2017-03-06,400945619,2429,
2017-03-06,400945447,2711,
2017-03-06,400945447,193,
2017-03-06,400945192,2619,
2017-03-06,400945192,399,
2017-03-06,400945730,94,
2017-03-06,400945730,2754,
2017-03-06,400945728,233,
2017-03-06,400945728,2571,
2017-03-06,400945727,2430,
2017-03-06,400945727,2193,
2017-03-06,400945702,350,
2017-03-06,400945702,232,
2017-03-06,400945449,2309,
2017-03-06,400945449,2117,
2017-03-06,400945446,2199,
2017-03-06,400945446,2459,
2017-03-06,400945393,2154,
2017-03-06,400945393,47,
2017-03-06,400945191,261,
2017-03-06,400945191,160,
2017-03-06,400945509,116,
2017-03-06,400945509,2598,
2017-03-06,400945579,59,
2017-03-06,400945579,221,
2017-03-06,400945493,2640,
2017-03-06,400945493,2011,
2017-03-06,400946035,2428,
2017-03-06,400946035,2065,
2017-03-06,400945621,2534,
2017-03-06,400945621,2110,
2017-03-06,400945612,309,
2017-03-06,400945612,2031,
2017-03-06,400945584,113,
2017-03-06,400945584,2603,
2017-03-06,400945498,25,
2017-03-06,400945498,204,
2017-03-06,400945733,158,
2017-03-06,400945733,213,
2017-03-06,400945503,2751,
2017-03-06,400945503,2005,
2017-03-06,400945618,242,
2017-03-06,400945618,2572,
2017-03-06,400945611,2032,
2017-03-06,400945611,2433,
2017-03-06,400945497,9,
2017-03-06,400945497,24,
2017-03-06,400945502,328,
2017-03-06,400945502,23,
2017-03-06,400945617,98,
2017-03-06,400945617,2636,
2017-03-06,400945610,324,
2017-03-06,400945610,6,
2017-03-06,400945580,183,
2017-03-06,400945580,2390,
2017-03-06,400945491,147,
2017-03-06,400945491,253,
2017-03-06,400945494,2504,
2017-03-06,400945494,2755,
2017-03-06,400945490,16,
2017-03-06,400945490,304,
2017-03-06,400945496,2582,
2017-03-06,400945496,2296,
2017-03-06,400946107,2348,
2017-03-06,400946107,5,
2017-03-06,400946121,2086,18.0
2017-03-06,400946121,2752,
2017-03-06,400946284,275,24.0
2017-03-06,400946284,130,
2017-03-06,400946253,227,
2017-03-06,400946253,2166,
2017-03-06,400946255,135,
2017-03-06,400946255,130,
2017-03-06,400946254,250,
2017-03-06,400946254,326,
2017-03-06,400946197,36,
2017-03-06,400946197,21,
2017-03-06,400946192,12,7.0
2017-03-06,400946192,26,3.0
2017-03-06,400946195,166,
2017-03-06,400946195,140,
2017-03-06,400946196,,
2017-03-06,400946183,52,16.0
2017-03-06,400946183,87,22.0
2017-03-06,400946188,357,
2017-03-06,400946188,2617,
2017-03-06,400945812,8,
2017-03-06,400945812,145,
2017-03-06,400946198,300,
2017-03-06,400946198,299,
2017-03-06,400946181,277,11.0
2017-03-06,400946181,2306,
2017-03-06,400946174,2934,
2017-03-06,400946174,3084,
2017-03-06,400945787,248,
2017-03-06,400945787,41,
2017-03-06,400946193,156,
2017-03-06,400946193,2752,
2017-03-06,400945802,120,25.0
2017-03-06,400945802,77,
2017-03-06,400946209,96,8.0
2017-03-06,400946209,333,
2017-03-06,400945695,163,
2017-03-06,400945695,219,
2017-03-06,400946224,2247,
2017-03-06,400946224,2653,
2017-03-06,400946251,2567,12.0
2017-03-06,400946251,2116,
2017-03-06,400946285,2670,
2017-03-06,400946285,227,
2017-03-06,400946307,163,
2017-03-06,400946307,43,
2017-03-06,400946217,2443,
2017-03-06,400946217,357,
2017-03-06,400945696,108,
2017-03-06,400945696,43,
2017-03-06,400946215,2670,
2017-03-06,400946215,257,
2017-03-06,400946186,257,
2017-03-06,400946186,45,
2017-03-06,400946111,68,
2017-03-06,400946111,21,
2017-03-06,400945632,299,
2017-03-06,400945632,62,
2017-03-06,400945628,140,
2017-03-06,400945628,292,
2017-03-06,400945529,239,9.0
2017-03-06,400945529,2306,
2017-03-06,400945523,2507,
2017-03-06,400945523,156,
2017-03-06,400946115,295,
2017-03-06,400946115,276,
2017-03-06,400945846,2084,
2017-03-06,400945846,2309,
2017-03-06,400946117,290,
2017-03-06,400946117,2653,
2017-03-06,400945631,300,
2017-03-06,400945631,27,
2017-03-06,400945708,41,
2017-03-06,400945708,58,
2017-03-06,400945843,2261,
2017-03-06,400945843,2379,
2017-03-06,400945627,166,
2017-03-06,400945627,2130,
2017-03-06,400945800,2509,13.0
2017-03-06,400945800,130,
2017-03-06,400946138,2168,
2017-03-06,400946138,2166,
2017-03-06,400945813,57,17.0
2017-03-06,400945813,238,
2017-03-06,400945811,2579,
2017-03-06,400945811,333,
2017-03-06,400945709,2116,
2017-03-06,400945709,235,
2017-03-06,400945394,2379,
2017-03-06,400945394,2448,
