week,game,team_id,rank
2019-11-04,401174425,62,
2019-11-04,401174425,233,
2019-11-04,401166024,164,
2019-11-04,401166024,2803,
2019-11-04,401171687,232,
2019-11-04,401171687,2908,
2019-11-04,401170559,265,
2019-11-04,401170559,2547,
2019-11-04,401166415,2005,
2019-11-04,401166415,304,
2019-11-04,401171954,2217,
2019-11-04,401171954,2083,
2019-11-04,401172033,2329,
2019-11-04,401172033,2405,
2019-11-04,401172071,2154,
2019-11-04,401172071,2520,
2019-11-04,401174699,2653,
2019-11-04,401174699,5,
2019-11-04,401170343,2181,
2019-11-04,401170343,338,
2019-11-04,401172259,2803,
2019-11-04,401172259,225,
2019-11-04,401172414,104,
2019-11-04,401172414,111,
2019-11-04,401175914,276,
2019-11-04,401175914,2523,
2019-11-04,401171546,42,
2019-11-04,401171546,2737,
2019-11-04,401171520,228,
2019-11-04,401171520,2506,
2019-11-04,401169934,12,21.0
2019-11-04,401169934,356,
2019-11-04,401170558,26,
2019-11-04,401170558,299,
2019-11-04,401171798,48,
2019-11-04,401171798,2473,
2019-11-04,401171671,2540,
2019-11-04,401171671,2296,
2019-11-04,401166413,24,
2019-11-04,401166413,149,
2019-11-04,401168161,183,
2019-11-04,401168161,258,11.0
2019-11-04,401166414,12,21.0
2019-11-04,401166414,2464,
2019-11-04,401166022,194,18.0
2019-11-04,401166022,2132,
2019-11-04,401174062,2198,
2019-11-04,401174062,236,
2019-11-04,401175025,2413,
2019-11-04,401175025,2535,
2019-11-04,401175857,357,
2019-11-04,401175857,2348,
2019-11-04,401173554,2287,
2019-11-04,401173554,2057,
2019-11-04,401170030,2655,
2019-11-04,401170030,2545,
2019-11-04,401169806,238,
2019-11-04,401169806,2546,
2019-11-04,401169805,245,
2019-11-04,401169805,2466,
2019-11-04,401169803,142,
2019-11-04,401169803,2916,
2019-11-04,401169598,197,
2019-11-04,401169598,198,
2019-11-04,401171466,2272,
2019-11-04,401171466,2729,
2019-11-04,401171424,2241,
2019-11-04,401171424,231,
2019-11-04,401172373,256,
2019-11-04,401172373,2429,
2019-11-04,401172213,44,
2019-11-04,401172213,2729,
2019-11-04,401173630,79,
2019-11-04,401173630,2636,
2019-11-04,401170098,2244,
2019-11-04,401170098,2426,
2019-11-04,401169808,96,2.0
2019-11-04,401169808,2198,
2019-11-04,401168162,150,4.0
2019-11-04,401168162,36,
2019-11-04,401168164,350,
2019-11-04,401168164,153,9.0
2019-11-04,401169442,235,14.0
2019-11-04,401169442,82,
2019-11-04,401169788,2752,19.0
2019-11-04,401169788,2561,
2019-11-04,401170106,2670,25.0
2019-11-04,401170106,249,
2019-11-04,401176427,112358,
2019-11-04,401176427,2349,
2019-11-04,401170100,113,
2019-11-04,401170100,2349,
2019-11-04,401170833,172,
2019-11-04,401170833,2066,
2019-11-04,401173593,231,
2019-11-04,401173593,2350,
2019-11-04,401170858,2115,
2019-11-04,401170858,42,
2019-11-04,401172312,2084,
2019-11-04,401172312,159,
2019-11-04,401172072,2169,
2019-11-04,401172072,2520,
2019-11-04,401171013,324,
2019-11-04,401171013,2097,
2019-11-04,401172015,2678,
2019-11-04,401172015,2368,
2019-11-04,401171773,2182,
2019-11-04,401171773,315,
2019-11-04,401171402,2448,
2019-11-04,401171402,2127,
2019-11-04,401170967,2619,
2019-11-04,401170967,43,
2019-11-04,401170344,2335,
2019-11-04,401170344,2515,
2019-11-04,401170105,2244,
2019-11-04,401170105,2344,
2019-11-04,401170104,179,
2019-11-04,401170104,261,
2019-11-04,401170103,257,
2019-11-04,401170103,2598,
2019-11-04,401169979,41,
2019-11-04,401169979,2529,
2019-11-04,401169811,145,
2019-11-04,401169811,2032,
2019-11-04,401169600,277,
2019-11-04,401169600,2006,
2019-11-04,401168165,259,
2019-11-04,401168165,2154,
2019-11-04,401168163,2390,
2019-11-04,401168163,2226,
2019-11-04,401169807,2166,
2019-11-04,401169807,2,24.0
2019-11-04,401168160,221,
2019-11-04,401168160,52,
2019-11-04,401168159,153,9.0
2019-11-04,401168159,87,
2019-11-04,401166026,275,
2019-11-04,401166026,2197,
2019-11-04,401170006,2567,
2019-11-04,401170006,55,
2019-11-04,401168405,269,
2019-11-04,401168405,2352,
2019-11-04,401169594,66,
2019-11-04,401169594,2400,
2019-11-04,401169595,201,
2019-11-04,401169595,2636,
2019-11-04,401173646,36,
2019-11-04,401173646,2172,
2019-11-04,401171584,252,
2019-11-04,401171584,2239,
2019-11-04,401168353,156,
2019-11-04,401168353,338,
2019-11-04,401168340,305,
2019-11-04,401168340,2016,
2019-11-04,401169596,2306,
2019-11-04,401169596,2449,
2019-11-04,401166407,2751,
2019-11-04,401166407,304,
2019-11-04,401166017,158,
2019-11-04,401166017,27,
2019-11-04,401169798,333,
2019-11-04,401169798,219,
2019-11-04,401169778,222,10.0
2019-11-04,401169778,349,
2019-11-04,401169799,8,
2019-11-04,401169799,242,
2019-11-04,401169801,344,
2019-11-04,401169801,2229,
2019-11-04,401170016,58,
2019-11-04,401170016,2029,
2019-11-04,401166019,135,
2019-11-04,401166019,325,
2019-11-04,401168157,152,
2019-11-04,401168157,59,
2019-11-04,401170025,218,
2019-11-04,401170025,2182,
2019-11-04,401175199,2250,8.0
2019-11-04,401175199,2011,
2019-11-04,401169597,2641,13.0
2019-11-04,401169597,2197,
2019-11-04,401170001,235,14.0
2019-11-04,401170001,2569,
2019-11-04,401170055,2724,
2019-11-04,401170055,2437,
2019-11-04,401170101,139,
2019-11-04,401170101,526,
2019-11-04,401171628,2350,
2019-11-04,401171628,302,
2019-11-04,401175029,98,
2019-11-04,401175029,2635,
2019-11-04,401172278,322,
2019-11-04,401172278,171,
2019-11-04,401175026,2634,
2019-11-04,401175026,2010,
2019-11-04,401174933,2571,
2019-11-04,401174933,292,
2019-11-04,401172556,2674,
2019-11-04,401172556,2649,
2019-11-04,401173606,2623,
2019-11-04,401173606,2031,
2019-11-04,401166411,251,
2019-11-04,401166411,2458,
2019-11-04,401166016,356,
2019-11-04,401166016,2447,
2019-11-04,401166023,2509,23.0
2019-11-04,401166023,2739,
2019-11-04,401169796,57,6.0
2019-11-04,401169796,2454,
2019-11-04,401175789,2430,
2019-11-04,401175789,2448,
2019-11-04,401172557,2711,
2019-11-04,401172557,2377,
2019-11-04,401171865,2275,
2019-11-04,401171865,23,
2019-11-04,401170887,311,
2019-11-04,401170887,2771,
2019-11-04,401170341,2142,
2019-11-04,401170341,2885,
2019-11-04,401169804,2579,
2019-11-04,401169804,2453,
2019-11-04,401168383,46,
2019-11-04,401168383,116,
2019-11-04,401168455,2599,
2019-11-04,401168455,2382,
2019-11-04,401168287,2086,
2019-11-04,401168287,85,
2019-11-04,401168158,103,
2019-11-04,401168158,154,
2019-11-04,401170557,30,
2019-11-04,401170557,50,
2019-11-04,401170556,204,
2019-11-04,401170556,2463,
2019-11-04,401169787,2752,19.0
2019-11-04,401169787,294,
2019-11-04,401170554,2440,
2019-11-04,401170554,254,
2019-11-04,401169797,2,24.0
2019-11-04,401169797,290,
2019-11-04,401166408,328,17.0
2019-11-04,401166408,147,
2019-11-04,401168155,150,4.0
2019-11-04,401168155,2305,3.0
2019-11-04,401170096,179,
2019-11-04,401170096,195,
2019-11-04,401175154,2856,
2019-11-04,401175154,2296,
2019-11-04,401173645,2439,
2019-11-04,401173645,2870,
2019-11-04,401173644,21,
2019-11-04,401173644,2640,
2019-11-04,401171650,301,
2019-11-04,401171650,300,
2019-11-04,401170553,25,
2019-11-04,401170553,2492,
2019-11-04,401166020,120,7.0
2019-11-04,401166020,107,
2019-11-04,401169795,96,2.0
2019-11-04,401169795,127,1.0
2019-11-04,401170097,2230,
2019-11-04,401170097,2597,
2019-11-04,401170555,2483,15.0
2019-11-04,401170555,278,
2019-11-04,401175202,275,
2019-11-04,401175202,2608,20.0
2019-11-04,401170095,2603,
2019-11-04,401170095,71,
2019-11-04,401170099,119,
2019-11-04,401170099,45,
2019-11-04,401166027,77,
2019-11-04,401166027,2771,
2019-11-04,401173650,2005,
2019-11-04,401173650,326,
2019-11-04,401170039,250,
2019-11-04,401170039,202,
2019-11-04,401170346,2710,
2019-11-04,401170346,56,
2019-11-04,401174702,309,
2019-11-04,401174702,2377,
2019-11-04,401174703,6,
2019-11-04,401174703,2572,
2019-11-04,401175033,93,
2019-11-04,401175033,2582,
2019-11-04,401170093,2184,
2019-11-04,401170093,163,
2019-11-04,401175035,2630,
2019-11-04,401175035,2193,
2019-11-04,401169606,2641,13.0
2019-11-04,401169606,2065,
2019-11-04,401172339,2539,
2019-11-04,401172339,163,
2019-11-04,401173652,167,
2019-11-04,401173652,2463,
2019-11-04,401173575,2168,
2019-11-04,401173575,282,
2019-11-04,401172563,339,
2019-11-04,401172563,2050,
2019-11-04,401172560,270,
2019-11-04,401172560,2711,
2019-11-04,401166421,27,
2019-11-04,401166421,70,
2019-11-04,401168424,2507,
2019-11-04,401168424,2885,
2019-11-04,401171927,225,
2019-11-04,401171927,2099,
2019-11-04,401168342,305,
2019-11-04,401168342,161,
2019-11-04,401168441,2550,12.0
2019-11-04,401168441,2681,
2019-11-04,401168156,2390,
2019-11-04,401168156,97,5.0
2019-11-04,401168288,2086,
2019-11-04,401168288,2443,
2019-11-04,401171467,2747,
2019-11-04,401171467,2272,
2019-11-04,401171913,399,
2019-11-04,401171913,2329,
2019-11-04,401166028,120,7.0
2019-11-04,401166028,227,
2019-11-04,401166419,2547,
2019-11-04,401166419,331,
2019-11-04,401173651,2440,
2019-11-04,401173651,2351,
2019-11-04,401170038,202,
2019-11-04,401170038,2277,
2019-11-04,401168613,152,
2019-11-04,401168613,2174,
2019-11-04,401169593,239,16.0
2019-11-04,401169593,2110,
2019-11-04,401168169,97,5.0
2019-11-04,401168169,2754,
2019-11-04,401173653,23,
2019-11-04,401173653,2501,
2019-11-04,401175207,279,
2019-11-04,401175207,50,
2019-11-04,401172565,2117,
2019-11-04,401172565,2400,
2019-11-04,401174935,2934,
2019-11-04,401174935,2571,
2019-11-04,401170563,2483,15.0
2019-11-04,401170563,68,
2019-11-04,401170111,295,
2019-11-04,401170111,2603,
2019-11-04,401170349,2335,
2019-11-04,401170349,2379,
2019-11-04,401170888,108,
2019-11-04,401170888,311,
2019-11-04,401171774,2182,
2019-11-04,401171774,2000,
2019-11-04,401173879,98,
2019-11-04,401173879,2046,
2019-11-04,401173618,2460,
2019-11-04,401173618,295,
2019-11-04,401170560,38,
2019-11-04,401170560,9,
2019-11-04,401171425,2717,
2019-11-04,401171425,2241,
2019-11-04,401171505,2643,
2019-11-04,401171505,2427,
2019-11-04,401174704,2433,
2019-11-04,401174704,2016,
2019-11-04,401170949,160,
2019-11-04,401170949,107,
2019-11-04,401166021,213,
2019-11-04,401166021,2379,
2019-11-04,401166018,84,
2019-11-04,401166018,2710,
2019-11-04,401171559,2541,
2019-11-04,401171559,13,
2019-11-04,401170026,218,
2019-11-04,401170026,2415,
2019-11-04,401169602,239,16.0
2019-11-04,401169602,264,
2019-11-04,401169809,142,
2019-11-04,401169809,94,
2019-11-04,401169812,344,
2019-11-04,401169812,2534,
2019-11-04,401169986,151,
2019-11-04,401169986,2678,
2019-11-04,401169802,2633,
2019-11-04,401169802,2427,
2019-11-04,401169810,99,22.0
2019-11-04,401169810,189,
2019-11-04,401169800,61,
2019-11-04,401169800,2717,
2019-11-04,401166025,2294,
2019-11-04,401166025,2565,
2019-11-04,401169933,2253,
2019-11-04,401169933,356,
2019-11-04,401166417,328,17.0
2019-11-04,401166417,2692,
2019-11-04,401166053,84,
2019-11-04,401166053,2502,
2019-11-04,401166032,158,
2019-11-04,401166032,253,
2019-11-04,401170048,2116,
2019-11-04,401170048,2504,
2019-11-04,401170107,2325,
2019-11-04,401170107,314,
2019-11-04,401172816,2130,
2019-11-04,401172816,2352,
2019-11-04,401170347,526,
2019-11-04,401170347,2378,
2019-11-04,401166015,130,
2019-11-04,401166015,2026,
2019-11-04,401170108,45,
2019-11-04,401170108,47,
2019-11-04,401169603,197,
2019-11-04,401169603,140,
2019-11-04,401173230,2617,
2019-11-04,401173230,2428,
2019-11-04,401170348,288,
2019-11-04,401170348,2393,
2019-11-04,401172562,2459,
2019-11-04,401172562,2460,
2019-11-04,401172561,193,
2019-11-04,401172561,2750,
2019-11-04,401171688,232,
2019-11-04,401171688,2247,
2019-11-04,401174934,2172,
2019-11-04,401174934,3084,
2019-11-04,401171828,2210,
2019-11-04,401171828,2369,
2019-11-04,401172559,2199,
2019-11-04,401172559,2562,
2019-11-04,401176813,155,
2019-11-04,401176813,509,
2019-11-04,401169599,2628,
2019-11-04,401169599,2588,
2019-11-04,401175781,2450,
2019-11-04,401175781,111942,
2019-11-04,401176220,2755,
2019-11-04,401176220,2194,
2019-11-04,401166416,16,
2019-11-04,401166416,612,
2019-11-04,401172974,2320,
2019-11-04,401172974,3166,
2019-11-04,401175739,166,
2019-11-04,401175739,2703,
2019-11-04,401175998,2638,
2019-11-04,401175998,2424,
2019-11-04,401171444,2261,
2019-11-04,401171444,108806,
2019-11-04,401172558,2309,
2019-11-04,401172558,2274,
2019-11-11,401170582,2483,14.0
2019-11-11,401170582,250,
2019-11-11,401172047,2617,
2019-11-11,401172047,315,
2019-11-11,401172062,225,
2019-11-11,401172062,2514,
2019-11-11,401172088,2612,
2019-11-11,401172088,2803,
2019-11-11,401172340,163,
2019-11-11,401172340,322,
2019-11-11,401172570,2870,
2019-11-11,401172570,193,
2019-11-11,401172820,295,
2019-11-11,401172820,2352,
2019-11-11,401175847,2415,
2019-11-11,401175847,2598,
2019-11-11,401166061,194,16.0
2019-11-11,401166061,222,10.0
2019-11-11,401166424,139,
2019-11-11,401166424,331,
2019-11-11,401171914,399,
2019-11-11,401171914,2099,
2019-11-11,401169611,2306,
2019-11-11,401169611,2405,
2019-11-11,401172569,82,
2019-11-11,401172569,2050,
2019-11-11,401173215,2545,
2019-11-11,401173215,2755,
2019-11-11,401173513,2181,
2019-11-11,401173513,140,
2019-11-11,401173619,2460,
2019-11-11,401173619,2934,
2019-11-11,401175037,2710,
2019-11-11,401175037,2630,
2019-11-11,401169613,2641,11.0
2019-11-11,401169613,2277,
2019-11-11,401171978,314,
2019-11-11,401171978,195,
2019-11-11,401171867,2083,
2019-11-11,401171867,2275,
2019-11-11,401166064,164,
2019-11-11,401166064,2182,
2019-11-11,401168181,259,
2019-11-11,401168181,2908,
2019-11-11,401175208,301,
2019-11-11,401175208,278,
2019-11-11,401169609,204,
2019-11-11,401169609,201,
2019-11-11,401170566,25,
2019-11-11,401170566,2439,
2019-11-11,401169823,2670,
2019-11-11,401169823,99,23.0
2019-11-11,401166065,275,
2019-11-11,401166065,2377,
2019-11-11,401168178,103,
2019-11-11,401168178,2272,
2019-11-11,401168180,183,
2019-11-11,401168180,2142,
2019-11-11,401168182,154,
2019-11-11,401168182,2427,
2019-11-11,401170986,261,
2019-11-11,401170986,104,
2019-11-11,401169445,41,
2019-11-11,401169445,2603,
2019-11-11,401170017,58,
2019-11-11,401170017,85,
2019-11-11,401170118,2230,
2019-11-11,401170118,161,
2019-11-11,401170119,2244,
2019-11-11,401170119,112358,
2019-11-11,401170120,219,
2019-11-11,401170120,2325,
2019-11-11,401170357,172,
2019-11-11,401170357,2885,
2019-11-11,401170834,171,
2019-11-11,401170834,2066,
2019-11-11,401168179,97,4.0
2019-11-11,401168179,282,
2019-11-11,401166062,269,
2019-11-11,401166062,2509,
2019-11-11,401170121,2184,
2019-11-11,401170121,288,
2019-11-11,401172313,159,
2019-11-11,401172313,2771,
2019-11-11,401166067,2550,12.0
2019-11-11,401166067,127,3.0
2019-11-11,401166427,2692,
2019-11-11,401166427,301,
2019-11-11,401175741,166,
2019-11-11,401175741,2582,
2019-11-11,401171562,2608,18.0
2019-11-11,401171562,13,
2019-11-11,401171610,2608,18.0
2019-11-11,401171610,299,
2019-11-11,401175433,2678,
2019-11-11,401175433,70,
2019-11-11,401175753,2523,
2019-11-11,401175753,47,
2019-11-11,401175791,2026,
2019-11-11,401175791,147,
2019-11-11,401170571,12,19.0
2019-11-11,401170571,23,
2019-11-11,401174936,292,
2019-11-11,401174936,2449,
2019-11-11,401166069,130,
2019-11-11,401166069,2210,
2019-11-11,401168184,52,
2019-11-11,401168184,2717,
2019-11-11,401168186,87,
2019-11-11,401168186,276,
2019-11-11,401168187,221,
2019-11-11,401168187,277,
2019-11-11,401169830,61,
2019-11-11,401169830,2169,
2019-11-11,401169831,145,
2019-11-11,401169831,2711,
2019-11-11,401174708,2032,
2019-11-11,401174708,2678,
2019-11-11,401169825,57,15.0
2019-11-11,401169825,119,
2019-11-11,401166063,77,
2019-11-11,401166063,2507,
2019-11-11,401171488,2344,
2019-11-11,401171488,2597,
2019-11-11,401166425,252,
2019-11-11,401166425,253,
2019-11-11,401168614,152,
2019-11-11,401168614,2229,
2019-11-11,401169612,232,
2019-11-11,401169612,197,
2019-11-11,401171585,2751,
2019-11-11,401171585,2239,
2019-11-11,401172510,167,
2019-11-11,401172510,2739,
2019-11-11,401173657,36,
2019-11-11,401173657,2437,
2019-11-11,401173656,21,
2019-11-11,401173656,2253,
2019-11-11,401171630,70,
2019-11-11,401171630,302,
2019-11-11,401175038,2506,
2019-11-11,401175038,2413,
2019-11-11,401166066,46,
2019-11-11,401166066,213,
2019-11-11,401169824,344,
2019-11-11,401169824,2433,
2019-11-11,401169826,257,
2019-11-11,401169826,238,
2019-11-11,401169974,2132,
2019-11-11,401169974,2010,
2019-11-11,401170358,2454,
2019-11-11,401170358,2572,
2019-11-11,401171549,2193,
2019-11-11,401171549,2737,
2019-11-11,401172081,108,
2019-11-11,401172081,2561,
2019-11-11,401174413,2463,
2019-11-11,401174413,2492,
2019-11-11,401173655,2440,
2019-11-11,401173655,250,
2019-11-11,401170569,30,
2019-11-11,401170569,2571,
2019-11-11,401170112,2184,
2019-11-11,401170112,2320,
2019-11-11,401166058,130,
2019-11-11,401166058,156,
2019-11-11,401166059,84,
2019-11-11,401166059,2453,
2019-11-11,401168457,2599,
2019-11-11,401168457,160,
2019-11-11,401169821,61,
2019-11-11,401169821,2643,
2019-11-11,401169987,2026,
2019-11-11,401169987,151,
2019-11-11,401170113,2561,
2019-11-11,401170113,179,
2019-11-11,401175726,50,
2019-11-11,401175726,233,
2019-11-11,401170114,2429,
2019-11-11,401170114,2166,
2019-11-11,401170116,45,
2019-11-11,401170116,44,
2019-11-11,401170117,113,
2019-11-11,401170117,111,
2019-11-11,401170355,2335,
2019-11-11,401170355,2569,
2019-11-11,401170859,2368,
2019-11-11,401170859,42,
2019-11-11,401171015,350,
2019-11-11,401171015,2097,
2019-11-11,401171487,2344,
2019-11-11,401171487,2379,
2019-11-11,401174426,62,
2019-11-11,401174426,279,
2019-11-11,401170567,2541,
2019-11-11,401170567,265,
2019-11-11,401173843,2428,
2019-11-11,401173843,2908,
2019-11-11,401170351,2454,
2019-11-11,401170351,290,
2019-11-11,401170352,2382,
2019-11-11,401170352,338,
2019-11-11,401170353,159,
2019-11-11,401170353,526,
2019-11-11,401170354,189,
2019-11-11,401170354,294,
2019-11-11,401172426,119,
2019-11-11,401172426,2309,
2019-11-11,401168173,59,
2019-11-11,401168173,2210,
2019-11-11,401175209,2539,
2019-11-11,401175209,43,
2019-11-11,401173949,2057,
2019-11-11,401173949,2535,
2019-11-11,401166057,2294,
2019-11-11,401166057,305,
2019-11-11,401169814,238,
2019-11-11,401169814,357,
2019-11-11,401169815,333,
2019-11-11,401169815,2226,
2019-11-11,401169816,245,
2019-11-11,401169816,2433,
2019-11-11,401176039,5,
2019-11-11,401176039,2010,
2019-11-11,401175652,2437,
2019-11-11,401175652,2065,
2019-11-11,401171997,2363,
2019-11-11,401171997,2169,
2019-11-11,401172237,349,
2019-11-11,401172237,2005,
2019-11-11,401172431,2747,
2019-11-11,401172431,2729,
2019-11-11,401175036,2635,
2019-11-11,401175036,2750,
2019-11-11,401172458,2623,
2019-11-11,401172458,325,
2019-11-11,401173594,2350,
2019-11-11,401173594,2154,
2019-11-11,401173640,2565,
2019-11-11,401173640,2674,
2019-11-11,401174037,2197,
2019-11-11,401174037,2130,
2019-11-11,401174706,326,
2019-11-11,401174706,2504,
2019-11-11,401169820,6,
2019-11-11,401169820,2,22.0
2019-11-11,401166060,2086,
2019-11-11,401166060,135,
2019-11-11,401168177,2116,
2019-11-11,401168177,2390,
2019-11-11,401172567,2711,
2019-11-11,401172567,2400,
2019-11-11,401169818,2633,
2019-11-11,401169818,93,
2019-11-11,401170568,24,
2019-11-11,401170568,299,
2019-11-11,401175740,2638,
2019-11-11,401175740,166,
2019-11-11,401170570,264,20.0
2019-11-11,401170570,116,
2019-11-11,401173654,328,17.0
2019-11-11,401173654,2172,
2019-11-11,401169444,235,13.0
2019-11-11,401169444,2483,14.0
2019-11-11,401175210,2250,8.0
2019-11-11,401175210,155,
2019-11-11,401170829,248,
2019-11-11,401170829,2011,
2019-11-11,401170356,2634,
2019-11-11,401170356,288,
2019-11-11,401170040,202,
2019-11-11,401170040,198,
2019-11-11,401170031,2655,
2019-11-11,401170031,2296,
2019-11-11,401174707,2653,
2019-11-11,401174707,236,
2019-11-11,401175120,324,
2019-11-11,401175120,94,
2019-11-11,401175803,2717,
2019-11-11,401175803,2448,
2019-11-11,401169789,2752,21.0
2019-11-11,401169789,142,
2019-11-11,401168174,150,2.0
2019-11-11,401168174,2110,
2019-11-11,401169817,96,1.0
2019-11-11,401169817,339,
2019-11-11,401171955,107,
2019-11-11,401171955,2217,
2019-11-11,401169822,145,
2019-11-11,401169822,2450,
2019-11-11,401171403,2127,
2019-11-11,401171403,231,
2019-11-11,401173060,2466,
2019-11-11,401173060,242,
2019-11-11,401169607,66,
2019-11-11,401169607,2459,
2019-11-11,401169608,2628,
2019-11-11,401169608,309,
2019-11-11,401169610,251,
2019-11-11,401169610,2856,
2019-11-11,401169819,8,
2019-11-11,401169819,249,
2019-11-11,401170007,2567,
2019-11-11,401170007,2443,
2019-11-11,401169832,2579,
2019-11-11,401169832,325,
2019-11-11,401170572,9,
2019-11-11,401170572,2115,
2019-11-11,401170360,2349,
2019-11-11,401170360,294,
2019-11-11,401170361,2870,
2019-11-11,401170361,56,
2019-11-11,401168190,183,
2019-11-11,401168190,2547,
2019-11-11,401170124,2168,
2019-11-11,401170124,2127,
2019-11-11,401170126,2244,
2019-11-11,401170126,256,
2019-11-11,401174713,2430,
2019-11-11,401174713,147,
2019-11-11,401173490,71,
2019-11-11,401173490,82,
2019-11-11,401170752,2084,
2019-11-11,401170752,108,
2019-11-11,401170041,202,
2019-11-11,401170041,2046,
2019-11-11,401170057,2724,
2019-11-11,401170057,2630,
2019-11-11,401170835,2066,
2019-11-11,401170835,2529,
2019-11-11,401168315,156,
2019-11-11,401168315,2348,
2019-11-11,401171445,2729,
2019-11-11,401171445,2261,
2019-11-11,401169834,99,23.0
2019-11-11,401169834,2447,
2019-11-11,401170970,2619,
2019-11-11,401170970,292,
2019-11-11,401166430,8,
2019-11-11,401166430,149,
2019-11-11,401171672,2540,
2019-11-11,401171672,242,
2019-11-11,401171801,322,
2019-11-11,401171801,48,
2019-11-11,401173632,79,
2019-11-11,401173632,2539,
2019-11-11,401175039,2916,
2019-11-11,401175039,2565,
2019-11-11,401172484,228,
2019-11-11,401172484,2174,
2019-11-11,401174715,2110,
2019-11-11,401174715,2031,
2019-11-11,401166432,265,
2019-11-11,401166432,304,
2019-11-11,401170581,9,
2019-11-11,401170581,2520,
2019-11-11,401174435,279,
2019-11-11,401174435,27,
2019-11-11,401168385,46,
2019-11-11,401168385,2247,
2019-11-11,401175851,2253,
2019-11-11,401175851,2029,
2019-11-11,401170131,2670,
2019-11-11,401170131,55,
2019-11-11,401172934,2000,
2019-11-11,401172934,2492,
2019-11-11,401170889,2501,
2019-11-11,401170889,311,
2019-11-11,401173659,2351,
2019-11-11,401173659,36,
2019-11-11,401170576,38,25.0
2019-11-11,401170576,301,
2019-11-11,401170049,2287,
2019-11-11,401170049,2116,
2019-11-11,401172581,2649,
2019-11-11,401172581,47,
2019-11-11,401170002,235,13.0
2019-11-11,401170002,2016,
2019-11-11,401172740,249,
2019-11-11,401172740,2199,
2019-11-11,401169614,239,24.0
2019-11-11,401169614,326,
2019-11-11,401166068,158,
2019-11-11,401166068,2571,
2019-11-11,401172577,2117,
2019-11-11,401172577,2534,
2019-11-11,401170575,254,
2019-11-11,401170575,135,
2019-11-11,401171653,68,
2019-11-11,401171653,300,
2019-11-11,401168185,153,6.0
2019-11-11,401168185,2241,
2019-11-11,401166428,16,
2019-11-11,401166428,27,
2019-11-11,401170574,26,
2019-11-11,401170574,2439,
2019-11-11,401166429,62,
2019-11-11,401166429,2502,
2019-11-11,401169615,2305,5.0
2019-11-11,401169615,2405,
2019-11-11,401176362,233,
2019-11-11,401176362,2640,
2019-11-11,401175535,5,
2019-11-11,401175535,3084,
2019-11-11,401175121,270,
2019-11-11,401175121,140,
2019-11-11,401171536,290,
2019-11-11,401171536,2515,
2019-11-11,401172573,2006,
2019-11-11,401172573,2428,
2019-11-11,401174064,2198,
2019-11-11,401174064,98,
2019-11-11,401169829,227,
2019-11-11,401169829,333,
2019-11-11,401174712,309,
2019-11-11,401174712,2754,
2019-11-11,401168191,258,9.0
2019-11-11,401168191,171,
2019-11-11,401170027,2325,
2019-11-11,401170027,218,
2019-11-11,401168192,259,
2019-11-11,401168192,2329,
2019-11-11,401166072,120,7.0
2019-11-11,401166072,2473,
2019-11-11,401166431,2460,
2019-11-11,401166431,2458,
2019-11-11,401170363,2885,
2019-11-11,401170363,2681,
2019-11-11,401180735,2378,
2019-11-11,401180735,117,
2019-11-11,401176053,2393,
2019-11-11,401176053,2369,
2019-11-11,401170790,2464,
2019-11-11,401170790,112679,
2019-11-18,401170595,264,25.0
2019-11-18,401170595,301,
2019-11-18,401173667,278,
2019-11-18,401173667,2608,
2019-11-18,401166083,356,
2019-11-18,401166083,2643,
2019-11-18,401173666,36,
2019-11-18,401173666,2032,
2019-11-18,401170588,204,
2019-11-18,401170588,2540,
2019-11-18,401173664,2439,
2019-11-18,401173664,326,
2019-11-18,401173665,23,
2019-11-18,401173665,2755,
2019-11-18,401173668,68,
2019-11-18,401173668,252,
2019-11-18,401166441,2502,
2019-11-18,401166441,2501,
2019-11-18,401173663,301,
2019-11-18,401173663,21,
2019-11-18,401168204,2390,
2019-11-18,401168204,2623,
2019-11-18,401170136,113,
2019-11-18,401170136,2520,
2019-11-18,401169780,2393,
2019-11-18,401169780,222,17.0
2019-11-18,401169448,2655,
2019-11-18,401169448,344,
2019-11-18,401169848,2603,
2019-11-18,401169848,57,
2019-11-18,401173669,2005,
2019-11-18,401173669,2351,
2019-11-18,401169623,239,24.0
2019-11-18,401169623,195,
2019-11-18,401170138,282,
2019-11-18,401170138,2184,
2019-11-18,401166084,2294,
2019-11-18,401166084,2454,
2019-11-18,401168207,221,
2019-11-18,401168207,2029,
2019-11-18,401166440,302,
2019-11-18,401166440,16,
2019-11-18,401168201,153,5.0
2019-11-18,401168201,2210,
2019-11-18,401172586,2710,
2019-11-18,401172586,2459,
2019-11-18,401170003,235,16.0
2019-11-18,401170003,2031,
2019-11-18,401171776,2182,
2019-11-18,401171776,2803,
2019-11-18,401172082,43,
2019-11-18,401172082,2561,
2019-11-18,401172089,2612,
2019-11-18,401172089,2681,
2019-11-18,401172375,295,
2019-11-18,401172375,256,
2019-11-18,401172587,2050,
2019-11-18,401172587,94,
2019-11-18,401169845,2633,20.0
2019-11-18,401169845,2011,
2019-11-18,401168200,97,2.0
2019-11-18,401168200,2908,
2019-11-18,401168202,183,
2019-11-18,401168202,172,
2019-11-18,401170371,526,
2019-11-18,401170371,2226,
2019-11-18,401170372,288,
2019-11-18,401170372,2057,
2019-11-18,401169844,142,
2019-11-18,401169844,2413,
2019-11-18,401169846,245,
2019-11-18,401169846,2653,
2019-11-18,401169847,238,
2019-11-18,401169847,2046,
2019-11-18,401170042,202,
2019-11-18,401170042,2545,
2019-11-18,401170137,139,
2019-11-18,401170137,2272,
2019-11-18,401173595,2350,
2019-11-18,401173595,85,
2019-11-18,401176040,5,
2019-11-18,401176040,116,
2019-11-18,401170018,58,
2019-11-18,401170018,2747,
2019-11-18,401170073,324,
2019-11-18,401170073,254,
2019-11-18,401170373,294,
2019-11-18,401170373,2717,
2019-11-18,401170589,12,14.0
2019-11-18,401170589,2571,
2019-11-18,401170590,24,
2019-11-18,401170590,2729,
2019-11-18,401170591,26,
2019-11-18,401170591,2275,
2019-11-18,401170078,2415,
2019-11-18,401170078,2335,
2019-11-18,401173041,2448,
2019-11-18,401173041,2447,
2019-11-18,401170081,2253,
2019-11-18,401170081,2674,
2019-11-18,401172387,350,
2019-11-18,401172387,325,
2019-11-18,401175674,2916,
2019-11-18,401175674,2065,
2019-11-18,401170079,242,
2019-11-18,401170079,270,
2019-11-18,401172590,2378,
2019-11-18,401172590,2199,
2019-11-18,401170082,2440,
2019-11-18,401170082,2230,
2019-11-18,401174066,2198,
2019-11-18,401174066,2229,
2019-11-18,401170141,249,
2019-11-18,401170141,227,
2019-11-18,401168214,228,
2019-11-18,401168214,2628,
2019-11-18,401173671,2751,
2019-11-18,401173671,309,
2019-11-18,401170592,265,
2019-11-18,401170592,2437,
2019-11-18,401173670,166,
2019-11-18,401173670,167,
2019-11-18,401172589,2006,
2019-11-18,401172589,2754,
2019-11-18,401173924,228,
2019-11-18,401173924,2010,
2019-11-18,401174722,2026,
2019-11-18,401174722,2429,
2019-11-18,401168386,251,22.0
2019-11-18,401168386,46,
2019-11-18,401169791,119,
2019-11-18,401169791,2752,18.0
2019-11-18,401171551,2737,
2019-11-18,401171551,2635,
2019-11-18,401166086,135,
2019-11-18,401166086,2117,
2019-11-18,401169624,2628,
2019-11-18,401169624,300,
2019-11-18,401169625,201,
2019-11-18,401169625,2379,
2019-11-18,401172823,2181,
2019-11-18,401172823,2329,
2019-11-18,401174461,82,
2019-11-18,401174461,2523,
2019-11-18,401175754,276,
2019-11-18,401175754,47,
2019-11-18,401169626,2641,12.0
2019-11-18,401169626,2634,
2019-11-18,401168206,87,
2019-11-18,401168206,2649,
2019-11-18,401166085,275,
2019-11-18,401166085,2739,
2019-11-18,401169980,41,
2019-11-18,401169980,2084,
2019-11-18,401172976,3084,
2019-11-18,401172976,2320,
2019-11-18,401170370,2885,
2019-11-18,401170370,2066,
2019-11-18,401168459,2599,
2019-11-18,401168459,171,
2019-11-18,401171523,2506,
2019-11-18,401171523,2529,
2019-11-18,401168616,152,
2019-11-18,401168616,2016,
2019-11-18,401170584,38,23.0
2019-11-18,401170584,300,
2019-11-18,401173661,328,15.0
2019-11-18,401173661,2636,
2019-11-18,401170583,25,
2019-11-18,401170583,2504,
2019-11-18,401172935,2439,
2019-11-18,401172935,2000,
2019-11-18,401166434,26,
2019-11-18,401166434,253,
2019-11-18,401166080,213,
2019-11-18,401166080,2083,
2019-11-18,401168426,2507,
2019-11-18,401168426,2771,
2019-11-18,401169839,2579,
2019-11-18,401169839,104,
2019-11-18,401168203,259,
2019-11-18,401168203,2169,
2019-11-18,401169840,99,
2019-11-18,401169840,2378,
2019-11-18,401170133,2166,
2019-11-18,401170133,2440,
2019-11-18,401170134,2168,
2019-11-18,401170134,2437,
2019-11-18,401170135,2244,
2019-11-18,401170135,2352,
2019-11-18,401170368,2335,
2019-11-18,401170368,2426,
2019-11-18,401170951,2115,
2019-11-18,401170951,160,
2019-11-18,401171689,276,
2019-11-18,401171689,232,
2019-11-18,401166076,194,10.0
2019-11-18,401166076,56,
2019-11-18,401169837,2,19.0
2019-11-18,401169837,2142,
2019-11-18,401174937,233,
2019-11-18,401174937,2565,
2019-11-18,401174716,326,
2019-11-18,401174716,2296,
2019-11-18,401166435,277,
2019-11-18,401166435,2458,
2019-11-18,401168196,221,
2019-11-18,401168196,2405,
2019-11-18,401170009,339,
2019-11-18,401170009,2567,
2019-11-18,401170861,2473,
2019-11-18,401170861,42,
2019-11-18,401172048,315,
2019-11-18,401172048,2803,
2019-11-18,401172238,349,
2019-11-18,401172238,161,
2019-11-18,401174718,2430,
2019-11-18,401174718,2026,
2019-11-18,401175709,2169,
2019-11-18,401175709,112358,
2019-11-18,401169836,96,9.0
2019-11-18,401169836,3084,
2019-11-18,401166077,356,
2019-11-18,401166077,62,
2019-11-18,401171490,2459,
2019-11-18,401171490,2344,
2019-11-18,401171802,2598,
2019-11-18,401171802,48,
2019-11-18,401172260,2529,
2019-11-18,401172260,225,
2019-11-18,401172329,322,
2019-11-18,401172329,219,
2019-11-18,401173633,93,
2019-11-18,401173633,79,
2019-11-18,401169621,2305,4.0
2019-11-18,401169621,2193,
2019-11-18,401166079,120,6.0
2019-11-18,401166079,2217,
2019-11-18,401166436,2253,
2019-11-18,401166436,147,
2019-11-18,401170586,30,
2019-11-18,401170586,2492,
2019-11-18,401172485,2751,
2019-11-18,401172485,2174,
2019-11-18,401173662,2638,
2019-11-18,401173662,167,
2019-11-18,401174720,2250,8.0
2019-11-18,401174720,250,
2019-11-18,401175212,279,
2019-11-18,401175212,2154,
2019-11-18,401175214,2539,
2019-11-18,401175214,2934,
2019-11-18,401170587,264,25.0
2019-11-18,401170587,311,
2019-11-18,401168198,52,
2019-11-18,401168198,236,
2019-11-18,401166081,164,
2019-11-18,401166081,2617,
2019-11-18,401166082,84,
2019-11-18,401166082,163,
2019-11-18,401166438,103,
2019-11-18,401166438,331,
2019-11-18,401168199,61,
2019-11-18,401168199,59,
2019-11-18,401175123,270,
2019-11-18,401175123,155,
2019-11-18,401173620,2460,
2019-11-18,401173620,2630,
2019-11-18,401170828,242,
2019-11-18,401170828,248,
2019-11-18,401172585,2309,
2019-11-18,401172585,2870,
2019-11-18,401173491,71,
2019-11-18,401173491,2450,
2019-11-18,401174719,290,
2019-11-18,401174719,2382,
2019-11-18,401175124,2754,
2019-11-18,401175124,2428,
2019-11-18,401168197,258,7.0
2019-11-18,401168197,261,
2019-11-18,401172417,107,
2019-11-18,401172417,111,
2019-11-18,401169841,145,
2019-11-18,401169841,2547,
2019-11-18,401171998,2535,
2019-11-18,401171998,2363,
2019-11-18,401175044,2546,
2019-11-18,401175044,2643,
2019-11-18,401175859,2348,
2019-11-18,401175859,2400,
2019-11-18,401166078,77,
2019-11-18,401166078,2515,
2019-11-18,401169620,66,
2019-11-18,401169620,2572,
2019-11-18,401169622,2306,
2019-11-18,401169622,2029,
2019-11-18,401169842,333,
2019-11-18,401169842,231,
2019-11-18,401169843,8,
2019-11-18,401169843,2640,
2019-11-18,401170058,2724,
2019-11-18,401170058,2241,
2019-11-18,401170369,2571,
2019-11-18,401170369,2453,
2019-11-18,401170080,140,
2019-11-18,401170080,45,
2019-11-18,401168205,25,
2019-11-18,401168205,150,1.0
2019-11-18,401185835,151,
2019-11-18,401185835,140,
2019-11-18,401170144,2670,21.0
2019-11-18,401170144,526,
2019-11-18,401185839,2110,
2019-11-18,401185839,2504,
2019-11-18,401166092,2509,
2019-11-18,401166092,55,
2019-11-18,401166094,356,
2019-11-18,401166094,2261,
2019-11-18,401175216,2539,
2019-11-18,401175216,2534,
2019-11-18,401185838,2856,
2019-11-18,401185838,2247,
2019-11-18,401185933,2127,
2019-11-18,401185933,2169,
2019-11-18,401171918,399,
2019-11-18,401171918,2529,
2019-11-18,401172016,2368,
2019-11-18,401172016,2643,
2019-11-18,401185836,98,
2019-11-18,401185836,2287,
2019-11-18,401171979,338,
2019-11-18,401171979,314,
2019-11-18,401174437,27,
2019-11-18,401174437,2172,
2019-11-18,401174939,2449,
2019-11-18,401174939,3084,
2019-11-18,401171524,2514,
2019-11-18,401171524,2506,
2019-11-18,401185837,189,
2019-11-18,401185837,2132,
2019-11-18,401171586,2239,
2019-11-18,401171586,2275,
2019-11-18,401170594,12,14.0
2019-11-18,401170594,299,
2019-11-18,401174428,62,
2019-11-18,401174428,2443,
2019-11-18,401172827,2142,
2019-11-18,401172827,2463,
2019-11-18,401166095,2294,
2019-11-18,401166095,13,
2019-11-18,401183487,258,7.0
2019-11-18,401183487,9,
2019-11-18,401168317,156,
2019-11-18,401168317,2454,
2019-11-18,401174041,2916,
2019-11-18,401174041,2197,
2019-11-18,401175792,2430,
2019-11-18,401175792,2678,
2019-11-18,401171733,127,3.0
2019-11-18,401171733,2127,
2019-11-18,401169449,2483,11.0
2019-11-18,401169449,248,
2019-11-18,401166442,2541,
2019-11-18,401166442,304,
2019-11-18,401169450,30,
2019-11-18,401169450,218,
2019-11-18,401166443,264,25.0
2019-11-18,401166443,149,
2019-11-18,401169853,238,
2019-11-18,401169853,2569,
2019-11-18,401172824,107,
2019-11-18,401172824,108,
2019-11-18,401168208,2166,
2019-11-18,401168208,154,
2019-11-18,401169628,197,
2019-11-18,401169628,2711,
2019-11-18,401166089,158,
2019-11-18,401166089,2582,
2019-11-18,401168209,103,
2019-11-18,401168209,305,
2019-11-18,401168290,2086,
2019-11-18,401168290,2413,
2019-11-18,401170142,2099,
2019-11-18,401170142,179,
2019-11-18,401168444,2550,13.0
2019-11-18,401168444,50,
2019-11-18,401170050,2116,
2019-11-18,401170050,232,
2019-11-18,401168406,269,
2019-11-18,401168406,2523,
2019-11-18,401170059,2724,
2019-11-18,401170059,198,
2019-11-18,401170972,2681,
2019-11-18,401170972,2619,
2019-11-18,401170140,257,
2019-11-18,401170140,2377,
2019-11-18,401166090,130,
2019-11-18,401166090,2277,
2019-11-18,401181601,2130,
2019-11-18,401181601,111995,
2019-11-18,401174721,6,
2019-11-18,401174721,2590,
2019-11-18,401166437,2692,
2019-11-18,401166437,110418,
2019-11-18,401172743,193,
2019-11-18,401172743,2119,
2019-11-18,401176400,357,
2019-11-18,401176400,3170,
2019-11-18,401175125,2750,
2019-11-18,401175125,2666,
2019-11-18,401171507,2427,
2019-11-18,401171507,2592,
2019-11-18,401175434,70,
2019-11-18,401175434,3152,
2019-11-18,401172314,159,
2019-11-18,401172314,2645,
2019-11-18,401176430,2597,
2019-11-18,401176430,2380,
2019-11-18,401166439,2464,
2019-11-18,401166439,110031,
2019-11-18,401173061,2466,
2019-11-18,401173061,2347,
2019-11-25,401174943,2856,
2019-11-25,401174943,233,
2019-11-25,401186435,265,
2019-11-25,401186435,36,
2019-11-25,401175930,2934,
2019-11-25,401175930,2534,
2019-11-25,401182627,252,
2019-11-25,401182627,2305,4.0
2019-11-25,401186102,228,
2019-11-25,401186102,38,21.0
2019-11-25,401186436,295,
2019-11-25,401186436,2350,
2019-11-25,401186437,111,
2019-11-25,401186437,2692,
2019-11-25,401169633,130,
2019-11-25,401169633,66,
2019-11-25,401186433,104,
2019-11-25,401186433,2630,
2019-11-25,401186438,2181,
2019-11-25,401186438,93,
2019-11-25,401173676,2439,
2019-11-25,401173676,2296,
2019-11-25,401168221,103,
2019-11-25,401168221,139,
2019-11-25,401170043,202,
2019-11-25,401170043,2569,
2019-11-25,401174730,2247,
2019-11-25,401174730,2429,
2019-11-25,401170386,2453,
2019-11-25,401170386,2400,
2019-11-25,401168222,153,6.0
2019-11-25,401168222,333,
2019-11-25,401182628,26,
2019-11-25,401182628,127,3.0
2019-11-25,401174729,231,
2019-11-25,401174729,250,
2019-11-25,401175046,279,
2019-11-25,401175046,2565,
2019-11-25,401171491,27,
2019-11-25,401171491,2344,
2019-11-25,401186196,2750,
2019-11-25,401186196,2325,
2019-11-25,401181762,356,
2019-11-25,401181762,2815,
2019-11-25,401168344,305,
2019-11-25,401168344,2117,
2019-11-25,401169998,248,
2019-11-25,401169998,2277,
2019-11-25,401171929,82,
2019-11-25,401171929,2099,
2019-11-25,401172512,2739,
2019-11-25,401172512,2142,
2019-11-25,401172977,5,
2019-11-25,401172977,2320,
2019-11-25,401173062,2433,
2019-11-25,401173062,2466,
2019-11-25,401173634,79,
2019-11-25,401173634,2428,
2019-11-25,401182626,259,
2019-11-25,401182626,2168,
2019-11-25,401170598,25,
2019-11-25,401170598,302,
2019-11-25,401186213,2437,
2019-11-25,401186213,2352,
2019-11-25,401169632,277,
2019-11-25,401169632,2460,
2019-11-25,401186101,2751,
2019-11-25,401186101,2628,
2019-11-25,401168219,150,1.0
2019-11-25,401168219,2617,
2019-11-25,401166451,331,
2019-11-25,401166451,2057,
2019-11-25,401183476,2086,
2019-11-25,401183476,24,
2019-11-25,401166455,70,
2019-11-25,401166455,2449,
2019-11-25,401186434,2458,
2019-11-25,401186434,2241,
2019-11-25,401171999,227,
2019-11-25,401171999,2363,
2019-11-25,401168224,258,7.0
2019-11-25,401168224,311,
2019-11-25,401171832,2210,
2019-11-25,401171832,250,
2019-11-25,401168445,2550,13.0
2019-11-25,401168445,2483,11.0
2019-11-25,401166457,2540,
2019-11-25,401166457,2502,
2019-11-25,401171869,301,
2019-11-25,401171869,2275,
2019-11-25,401182607,12,14.0
2019-11-25,401182607,154,
2019-11-25,401170600,204,
2019-11-25,401170600,23,
2019-11-25,401169453,218,
2019-11-25,401169453,120,5.0
2019-11-25,401169861,213,
2019-11-25,401169861,145,
2019-11-25,401169862,108,
2019-11-25,401169862,245,
2019-11-25,401168428,299,
2019-11-25,401168428,2507,
2019-11-25,401170517,13,
2019-11-25,401170517,2634,
2019-11-25,401170602,2217,
2019-11-25,401170602,30,
2019-11-25,401168618,235,16.0
2019-11-25,401168618,152,
2019-11-25,401183481,2250,8.0
2019-11-25,401183481,2483,11.0
2019-11-25,401168225,232,
2019-11-25,401168225,154,
2019-11-25,401186474,277,
2019-11-25,401186474,2724,
2019-11-25,401186215,221,
2019-11-25,401186215,77,
2019-11-25,401176063,2571,
2019-11-25,401176063,2535,
2019-11-25,401186456,6,
2019-11-25,401186456,2325,
2019-11-25,401174942,2541,
2019-11-25,401174942,2172,
2019-11-25,401186454,158,
2019-11-25,401186454,58,
2019-11-25,401186455,193,
2019-11-25,401186455,2750,
2019-11-25,401186214,2306,
2019-11-25,401186214,71,
2019-11-25,401186473,2460,
2019-11-25,401186473,2579,
2019-11-25,401168223,183,
2019-11-25,401168223,197,
2019-11-25,401170011,2567,
2019-11-25,401170011,42,
2019-11-25,401170973,48,
2019-11-25,401170973,2619,
2019-11-25,401172035,2405,
2019-11-25,401172035,2450,
2019-11-25,401172049,2870,
2019-11-25,401172049,315,
2019-11-25,401170518,2250,8.0
2019-11-25,401170518,2572,
2019-11-25,401171587,2546,
2019-11-25,401171587,2239,
2019-11-25,401174731,2031,
2019-11-25,401174731,2016,
2019-11-25,401186453,2244,
2019-11-25,401186453,166,
2019-11-25,401183491,257,
2019-11-25,401183491,2,18.0
2019-11-25,401168407,269,
2019-11-25,401168407,2166,
2019-11-25,401172511,2739,
2019-11-25,401172511,2463,
2019-11-25,401170382,2635,
2019-11-25,401170382,288,
2019-11-25,401170148,2670,20.0
2019-11-25,401170148,2011,
2019-11-25,401169858,2633,17.0
2019-11-25,401169858,236,
2019-11-25,401169860,238,
2019-11-25,401169860,2545,
2019-11-25,401170383,2097,
2019-11-25,401170383,294,
2019-11-25,401172598,2459,
2019-11-25,401172598,2473,
2019-11-25,401168291,142,
2019-11-25,401168291,2086,
2019-11-25,401172937,326,
2019-11-25,401172937,2000,
2019-11-25,401173880,2046,
2019-11-25,401173880,2569,
2019-11-25,401174726,2010,
2019-11-25,401174726,2653,
2019-11-25,401176336,2437,
2019-11-25,401176336,2582,
2019-11-25,401186099,189,
2019-11-25,401186099,2440,
2019-11-25,401166096,84,
2019-11-25,401166096,2348,
2019-11-25,401170147,257,
2019-11-25,401170147,275,
2019-11-25,401168216,59,
2019-11-25,401168216,8,
2019-11-25,401174728,2031,
2019-11-25,401174728,2597,
2019-11-25,401185922,98,
2019-11-25,401185922,2230,
2019-11-25,401172596,43,
2019-11-25,401172596,2711,
2019-11-25,401185921,2287,
2019-11-25,401185921,2253,
2019-11-25,401172829,2083,
2019-11-25,401172829,2547,
2019-11-25,401169859,2168,
2019-11-25,401169859,61,
2019-11-25,401172486,309,
2019-11-25,401172486,2174,
2019-11-25,401168215,52,
2019-11-25,401168215,2130,
2019-11-25,401172828,85,
2019-11-25,401172828,2352,
2019-11-25,401186100,2132,
2019-11-25,401186100,2674,
2019-11-25,401166097,194,10.0
2019-11-25,401166097,2309,
2019-11-25,401166449,149,
2019-11-25,401166449,2640,
2019-11-25,401169631,201,
2019-11-25,401169631,24,
2019-11-25,401169857,167,
2019-11-25,401169857,2,18.0
2019-11-25,401172599,2050,
2019-11-25,401172599,2710,
2019-11-25,401175768,2379,
2019-11-25,401175768,2747,
2019-11-25,401166098,164,
2019-11-25,401166098,2885,
2019-11-25,401168220,87,
2019-11-25,401168220,161,
2019-11-25,401170149,179,
2019-11-25,401170149,2382,
2019-11-25,401170599,163,
2019-11-25,401170599,9,
2019-11-25,401170953,160,
2019-11-25,401170953,2803,
2019-11-25,401172215,44,
2019-11-25,401172215,47,
2019-11-25,401173675,21,
2019-11-25,401173675,2634,
2019-11-25,401172297,2426,
2019-11-25,401172297,172,
2019-11-25,401172376,256,
2019-11-25,401172376,2154,
2019-11-25,401174727,2193,
2019-11-25,401174727,2026,
2019-11-25,401175536,116,
2019-11-25,401175536,3084,
2019-11-25,401171538,2405,
2019-11-25,401171538,2515,
2019-11-25,401172432,2729,
2019-11-25,401172432,2413,
2019-11-25,401166453,2502,
2019-11-25,401166453,2755,
2019-11-25,401171447,2539,
2019-11-25,401171447,2261,
2019-11-25,401171655,300,
2019-11-25,401171655,309,
2019-11-25,401170932,2349,
2019-11-25,401170932,225,
2019-11-25,401170516,2454,
2019-11-25,401170516,112358,
2019-11-25,401172487,195,
2019-11-25,401172487,2174,
2019-11-25,401170604,24,
2019-11-25,401170604,350,
2019-11-25,401171870,2275,
2019-11-25,401171870,107,
2019-11-25,401172279,171,
2019-11-25,401172279,2329,
2019-11-25,401172315,189,
2019-11-25,401172315,159,
2019-11-25,401170989,43,
2019-11-25,401170989,261,
2019-11-25,401173845,2429,
2019-11-25,401173845,2908,
2019-11-25,401170514,290,
2019-11-25,401170514,155,
2019-11-25,401172601,2117,
2019-11-25,401172601,2754,
2019-11-25,401169635,2641,12.0
2019-11-25,401169635,2294,
2019-11-25,401170389,2309,
2019-11-25,401170389,56,
2019-11-25,401169990,256,
2019-11-25,401169990,151,
2019-11-25,401182605,2116,
2019-11-25,401182605,232,
2019-11-25,401166461,2464,
2019-11-25,401166461,233,
2019-11-25,401168387,46,
2019-11-25,401168387,2430,
2019-11-25,401169637,251,
2019-11-25,401169637,2377,
2019-11-25,401170391,2448,
2019-11-25,401170391,294,
2019-11-25,401172083,2142,
2019-11-25,401172083,2561,
2019-11-25,401172453,2084,
2019-11-25,401172453,2729,
2019-11-25,401175217,2351,
2019-11-25,401175217,253,
2019-11-25,401173679,2005,
2019-11-25,401173679,2296,
2019-11-25,401169866,8,
2019-11-25,401169866,94,
2019-11-25,401173231,2032,
2019-11-25,401173231,2617,
2019-11-25,401175585,292,
2019-11-25,401175585,357,
2019-11-25,401176009,2636,
2019-11-25,401176009,2504,
2019-11-25,401173950,2393,
2019-11-25,401173950,2057,
2019-11-25,401166462,38,21.0
2019-11-25,401166462,16,
2019-11-25,401182604,219,
2019-11-25,401182604,299,
2019-11-25,401171656,300,
2019-11-25,401171656,2199,
2019-11-25,401170933,2349,
2019-11-25,401170933,2115,
2019-11-25,401174944,140,
2019-11-25,401174944,2710,
2019-11-25,401172461,325,
2019-11-25,401172461,2523,
2019-11-25,401170033,2655,
2019-11-25,401170033,2582,
2019-11-25,401173678,2463,
2019-11-25,401173678,278,
2019-11-25,401174732,2169,
2019-11-25,401174732,324,
2019-11-25,401170151,2603,
2019-11-25,401170151,2598,
2019-11-25,401170392,526,
2019-11-25,401170392,2097,
2019-11-25,401169868,2579,
2019-11-25,401169868,45,
2019-11-25,401166460,147,
2019-11-25,401166460,2739,
2019-11-25,401170954,2229,
2019-11-25,401170954,160,
2019-11-25,401172017,2368,
2019-11-25,401172017,349,
2019-11-25,401172602,2649,
2019-11-25,401172602,2473,
2019-11-25,401173536,85,
2019-11-25,401173536,339,
2019-11-25,401187174,2509,
2019-11-25,401187174,52,
2019-11-25,401186954,236,
2019-11-25,401186954,55,
2019-11-25,401172090,2612,
2019-11-25,401172090,2597,
2019-11-25,401172830,2226,
2019-11-25,401172830,107,
2019-11-25,401166101,135,
2019-11-25,401166101,305,
2019-11-25,401182606,2492,
2019-11-25,401182606,2507,
2019-11-25,401170837,2352,
2019-11-25,401170837,2066,
2019-11-25,401168228,98,
2019-11-25,401168228,97,2.0
2019-11-25,401168230,59,
2019-11-25,401168230,2065,
2019-11-25,401169781,222,22.0
2019-11-25,401169781,2325,
2019-11-25,401175218,2501,
2019-11-25,401175218,2916,
2019-11-25,401168318,156,
2019-11-25,401168318,21,
2019-11-25,401166099,164,
2019-11-25,401166099,113,
2019-11-25,401175219,2608,
2019-11-25,401175219,2437,
2019-11-25,401172600,2006,
2019-11-25,401172600,2771,
2019-11-25,401173677,2608,
2019-11-25,401173677,328,15.0
2019-11-25,401174429,62,
2019-11-25,401174429,2539,
2019-11-25,401171919,399,
2019-11-25,401171919,44,
2019-11-25,401168461,2599,
2019-11-25,401168461,2681,
2019-11-25,401169792,2752,25.0
2019-11-25,401169792,288,
2019-11-25,401171778,2378,
2019-11-25,401171778,2182,
2019-11-25,401169981,41,
2019-11-25,401169981,311,
2019-11-25,401168226,150,1.0
2019-11-25,401168226,2737,
2019-11-25,401169864,57,24.0
2019-11-25,401169864,276,
2019-11-25,401172390,68,
2019-11-25,401172390,350,
2019-11-25,401170603,254,
2019-11-25,401170603,302,
2019-11-25,401169863,96,9.0
2019-11-25,401169863,5,
2019-11-25,401166100,194,10.0
2019-11-25,401166100,2415,
2019-11-25,401169865,99,
2019-11-25,401169865,2623,
2019-11-25,401174941,198,
2019-11-25,401174941,3238,
2019-11-25,401176433,2529,
2019-11-25,401176433,109656,
2019-11-25,401171526,2506,
2019-11-25,401171526,2648,
2019-11-25,401173043,2447,
2019-11-25,401173043,494,
2019-11-25,401176088,2717,
2019-11-25,401176088,2081,
2019-11-25,401166456,304,
2019-11-25,401166456,110418,
2019-11-25,401176000,2638,
2019-11-25,401176000,2191,
2019-11-25,401170387,2335,
2019-11-25,401170387,3077,
2019-11-25,401176401,2443,
2019-11-25,401176401,101,
2019-11-25,401173578,282,
2019-11-25,401173578,141,
2019-11-25,401181604,2029,
2019-11-25,401181604,3134,
2019-11-25,401171469,2272,
2019-11-25,401171469,2256,
2019-11-25,401175435,2643,
2019-11-25,401175435,2913,
2019-11-25,401176082,2678,
2019-11-25,401176082,2251,
2019-12-02,401168446,66,
2019-12-02,401168446,2550,16.0
2019-12-02,401175130,2754,
2019-12-02,401175130,2523,
2019-12-02,401169873,2633,21.0
2019-12-02,401169873,50,
2019-12-02,401168239,59,
2019-12-02,401168239,158,
2019-12-02,401168243,2509,
2019-12-02,401168243,258,5.0
2019-12-02,401170400,349,
2019-12-02,401170400,2885,
2019-12-02,401171779,2182,
2019-12-02,401171779,163,
2019-12-02,401171920,399,
2019-12-02,401171920,43,
2019-12-02,401168240,120,3.0
2019-12-02,401168240,87,
2019-12-02,401166468,2464,
2019-12-02,401166468,302,
2019-12-02,401168388,197,
2019-12-02,401168388,46,
2019-12-02,401169643,66,
2019-12-02,401169643,140,
2019-12-02,401169999,248,
2019-12-02,401169999,326,
2019-12-02,401170034,2572,
2019-12-02,401170034,2655,
2019-12-02,401170044,202,
2019-12-02,401170044,2029,
2019-12-02,401170610,254,
2019-12-02,401170610,252,
2019-12-02,401173635,79,
2019-12-02,401173635,2450,
2019-12-02,401175436,2643,
2019-12-02,401175436,2193,
2019-12-02,401174444,2413,
2019-12-02,401174444,85,
2019-12-02,401168345,305,
2019-12-02,401168345,2641,
2019-12-02,401174042,2870,
2019-12-02,401174042,2197,
2019-12-02,401170401,2229,
2019-12-02,401170401,526,
2019-12-02,401170402,2430,
2019-12-02,401170402,338,
2019-12-02,401170838,2066,
2019-12-02,401170838,2142,
2019-12-02,401170891,111,
2019-12-02,401170891,311,
2019-12-02,401170934,2349,
2019-12-02,401170934,2529,
2019-12-02,401171493,2448,
2019-12-02,401171493,2344,
2019-12-02,401171539,2515,
2019-12-02,401171539,256,
2019-12-02,401171931,2226,
2019-12-02,401171931,2099,
2019-12-02,401172262,225,
2019-12-02,401172262,2771,
2019-12-02,401172427,2415,
2019-12-02,401172427,119,
2019-12-02,401172462,325,
2019-12-02,401172462,2649,
2019-12-02,401172607,276,
2019-12-02,401172607,2006,
2019-12-02,401172832,2598,
2019-12-02,401172832,2329,
2019-12-02,401172833,2169,
2019-12-02,401172833,2352,
2019-12-02,401173537,339,
2019-12-02,401173537,2710,
2019-12-02,401170399,2653,
2019-12-02,401170399,2453,
2019-12-02,401175050,2565,
2019-12-02,401175050,2130,
2019-12-02,401170021,58,
2019-12-02,401170021,159,
2019-12-02,401173685,23,
2019-12-02,401173685,328,25.0
2019-12-02,401171449,2261,
2019-12-02,401171449,47,
2019-12-02,401171470,2272,
2019-12-02,401171470,2210,
2019-12-02,401169644,249,
2019-12-02,401169644,201,
2019-12-02,401169877,344,
2019-12-02,401169877,2348,
2019-12-02,401170060,2724,
2019-12-02,401170060,2110,
2019-12-02,401172938,2000,
2019-12-02,401172938,2546,
2019-12-02,401169876,2,14.0
2019-12-02,401169876,231,
2019-12-02,401166472,147,
2019-12-02,401166472,2571,
2019-12-02,401172608,2608,
2019-12-02,401172608,2459,
2019-12-02,401170617,264,22.0
2019-12-02,401170617,2250,9.0
2019-12-02,401166103,130,4.0
2019-12-02,401166103,2294,
2019-12-02,401168429,227,
2019-12-02,401168429,2507,
2019-12-02,401172280,2803,
2019-12-02,401172280,171,
2019-12-02,401172609,2117,
2019-12-02,401172609,2630,
2019-12-02,401170519,259,
2019-12-02,401170519,150,10.0
2019-12-02,401170865,42,
2019-12-02,401170865,2597,
2019-12-02,401170609,2539,
2019-12-02,401170609,25,
2019-12-02,401166469,3084,
2019-12-02,401166469,2692,
2019-12-02,401170608,38,20.0
2019-12-02,401170608,2351,
2019-12-02,401168408,269,
2019-12-02,401168408,294,
2019-12-02,401173682,36,
2019-12-02,401173682,21,
2019-12-02,401173683,2751,
2019-12-02,401173683,2005,
2019-12-02,401173686,167,
2019-12-02,401173686,68,
2019-12-02,401175220,2250,9.0
2019-12-02,401175220,2640,
2019-12-02,401168242,213,
2019-12-02,401168242,154,
2019-12-02,401168619,152,
2019-12-02,401168619,275,
2019-12-02,401168241,153,7.0
2019-12-02,401168241,194,6.0
2019-12-02,401166471,70,
2019-12-02,401166471,265,
2019-12-02,401171590,279,
2019-12-02,401171590,2239,
2019-12-02,401173681,2440,
2019-12-02,401173681,2541,
2019-12-02,401173684,278,
2019-12-02,401173684,2439,
2019-12-02,401174414,2501,
2019-12-02,401174414,2463,
2019-12-02,401174439,2856,
2019-12-02,401174439,27,
2019-12-02,401166467,264,22.0
2019-12-02,401166467,331,
2019-12-02,401170160,45,
2019-12-02,401170160,104,
2019-12-02,401170159,2184,
2019-12-02,401170159,2678,
2019-12-02,401169982,41,
2019-12-02,401169982,314,
2019-12-02,401168462,2599,
2019-12-02,401168462,2612,
2019-12-02,401168238,183,
2019-12-02,401168238,2294,
2019-12-02,401169454,2132,
2019-12-02,401169454,261,
2019-12-02,401169991,151,
2019-12-02,401169991,2154,
2019-12-02,401170155,2603,
2019-12-02,401170155,322,
2019-12-02,401170157,2244,
2019-12-02,401170157,55,
2019-12-02,401170158,2261,
2019-12-02,401170158,257,
2019-12-02,401170397,56,
2019-12-02,401170397,2065,
2019-12-02,401171508,2429,
2019-12-02,401171508,2427,
2019-12-02,401172064,161,
2019-12-02,401172064,2514,
2019-12-02,401172074,2520,
2019-12-02,401172074,2083,
2019-12-02,401172216,44,
2019-12-02,401172216,2378,
2019-12-02,401172316,2247,
2019-12-02,401172316,159,
2019-12-02,401172454,2729,
2019-12-02,401172454,295,
2019-12-02,401172488,2309,
2019-12-02,401172488,2174,
2019-12-02,401172603,2711,
2019-12-02,401172603,2473,
2019-12-02,401168233,103,
2019-12-02,401168233,77,
2019-12-02,401173846,2908,
2019-12-02,401173846,2198,
2019-12-02,401169875,113,
2019-12-02,401169875,2579,
2019-12-02,401173579,282,
2019-12-02,401173579,2449,
2019-12-02,401187490,2099,
2019-12-02,401187490,2275,
2019-12-02,401187491,82,
2019-12-02,401187491,301,
2019-12-02,401168231,356,
2019-12-02,401168231,2390,
2019-12-02,401170394,2454,
2019-12-02,401170394,2272,
2019-12-02,401170974,2619,
2019-12-02,401170974,2363,
2019-12-02,401171804,48,
2019-12-02,401171804,171,
2019-12-02,401175834,2747,
2019-12-02,401175834,2428,
2019-12-02,401172831,2803,
2019-12-02,401172831,2426,
2019-12-02,401169639,2306,
2019-12-02,401169639,50,
2019-12-02,401174735,250,
2019-12-02,401174735,249,
2019-12-02,401187492,2226,
2019-12-02,401187492,179,
2019-12-02,401168232,135,
2019-12-02,401168232,228,
2019-12-02,401170606,264,22.0
2019-12-02,401170606,233,
2019-12-02,401172604,193,
2019-12-02,401172604,94,
2019-12-02,401172605,2050,
2019-12-02,401172605,2350,
2019-12-02,401172606,2199,
2019-12-02,401172606,2674,
2019-12-02,401175129,2750,
2019-12-02,401175129,98,
2019-12-02,401168237,221,
2019-12-02,401168237,164,
2019-12-02,401169641,2628,
2019-12-02,401169641,2287,
2019-12-02,401169869,99,
2019-12-02,401169869,2443,
2019-12-02,401175742,166,
2019-12-02,401175742,2638,
2019-12-02,401175852,2253,
2019-12-02,401175852,116,
2019-12-02,401176239,2172,
2019-12-02,401176239,2296,
2019-12-02,401168234,84,
2019-12-02,401168234,52,17.0
2019-12-02,401169455,235,15.0
2019-12-02,401169455,71,
2019-12-02,401168236,127,11.0
2019-12-02,401168236,150,10.0
2019-12-02,401171675,2934,
2019-12-02,401171675,2540,
2019-12-02,401175641,2547,
2019-12-02,401175641,2916,
2019-12-02,401170607,2539,
2019-12-02,401170607,9,
2019-12-02,401169782,222,23.0
2019-12-02,401169782,219,
2019-12-02,401169793,2752,
2019-12-02,401169793,2739,
2019-12-02,401169874,61,
2019-12-02,401169874,2428,
2019-12-02,401168319,156,
2019-12-02,401168319,198,
2019-12-02,401176010,2636,
2019-12-02,401176010,357,
2019-12-02,401175586,292,
2019-12-02,401175586,2534,
2019-12-02,401169642,251,
2019-12-02,401169642,5,
2019-12-02,401175192,2717,
2019-12-02,401175192,236,
2019-12-02,401168292,145,
2019-12-02,401168292,2086,24.0
2019-12-02,401170156,2168,19.0
2019-12-02,401170156,2277,
2019-12-02,401170398,2057,
2019-12-02,401170398,288,
2019-12-02,401169640,239,18.0
2019-12-02,401169640,2379,
2019-12-02,401168235,97,1.0
2019-12-02,401168235,130,4.0
2019-12-02,401169870,8,
2019-12-02,401169870,2046,
2019-12-02,401174738,309,
2019-12-02,401174738,2545,
2019-12-02,401169871,142,
2019-12-02,401169871,2127,
2019-12-02,401169872,238,
2019-12-02,401169872,2084,
2019-12-02,401170013,2567,
2019-12-02,401170013,2466,
2019-12-02,401173515,2181,
2019-12-02,401173515,270,
2019-12-02,401173608,2623,
2019-12-02,401173608,93,
2019-12-02,401174737,2032,
2019-12-02,401174737,2437,
2019-12-02,401169878,333,
2019-12-02,401169878,2617,
2019-12-02,401175052,2634,
2019-12-02,401175052,2130,
2019-12-02,401172018,2426,
2019-12-02,401172018,2368,
2019-12-02,401170612,2483,13.0
2019-12-02,401170612,62,
2019-12-02,401169646,2305,2.0
2019-12-02,401169646,38,20.0
2019-12-02,401169456,218,
2019-12-02,401169456,142,
2019-12-02,401170168,2670,
2019-12-02,401170168,295,
2019-12-02,401173000,2277,
2019-12-02,401173000,2535,
2019-12-02,401175053,93,
2019-12-02,401175053,2393,
2019-12-02,401166476,2239,
2019-12-02,401166476,16,
2019-12-02,401171612,299,
2019-12-02,401171612,279,
2019-12-02,401171553,2737,
2019-12-02,401171553,324,
2019-12-02,401171428,2747,
2019-12-02,401171428,2241,
2019-12-02,401170956,2514,
2019-12-02,401170956,160,
2019-12-02,401174163,2010,
2019-12-02,401174163,55,
2019-12-02,401173609,2623,
2019-12-02,401173609,2400,
2019-12-02,401174742,249,
2019-12-02,401174742,2031,
2019-12-02,401169648,251,
2019-12-02,401169648,245,
2019-12-02,401170616,26,
2019-12-02,401170616,2172,
2019-12-02,401166479,331,
2019-12-02,401166479,155,
2019-12-02,401170087,2253,
2019-12-02,401170087,2335,
2019-12-02,401172762,195,
2019-12-02,401172762,2635,
2019-12-02,401171563,13,
2019-12-02,401171563,2561,
2019-12-02,401171657,300,
2019-12-02,401171657,2856,
2019-12-02,401172835,301,
2019-12-02,401172835,107,
2019-12-02,401175221,2351,
2019-12-02,401175221,2755,
2019-12-02,401172051,315,
2019-12-02,401172051,2142,
2019-12-02,401172615,2006,
2019-12-02,401172615,2582,
2019-12-02,401170035,2655,
2019-12-02,401170035,139,
2019-12-02,401170169,257,
2019-12-02,401170169,6,
2019-12-02,401171957,2217,
2019-12-02,401171957,2729,
2019-12-02,401187489,2382,
2019-12-02,401187489,107,
2019-12-02,401172299,172,
2019-12-02,401172299,322,
2019-12-02,401170163,2230,
2019-12-02,401170163,2363,
2019-12-02,401170166,2182,
2019-12-02,401170166,2325,
2019-12-02,401171527,2569,
2019-12-02,401171527,2506,
2019-12-02,401172391,350,
2019-12-02,401172391,2429,
2019-12-02,401172239,349,
2019-12-02,401172239,112358,
2019-12-02,401170892,2115,
2019-12-02,401170892,311,
2019-12-02,401170161,108,
2019-12-02,401170161,113,
2019-12-02,401169647,239,18.0
2019-12-02,401169647,12,12.0
2019-12-02,401168293,2086,24.0
2019-12-02,401168293,57,
2019-12-02,401170051,2116,
2019-12-02,401170051,2885,
2019-12-02,401168463,2599,
2019-12-02,401168463,277,
2019-12-02,401166475,2502,
2019-12-02,401166475,2463,
2019-12-02,401169645,2628,
2019-12-02,401169645,30,
2019-12-02,401166474,149,
2019-12-02,401166474,155,
2019-12-02,401166473,2492,
2019-12-02,401166473,304,
2019-12-02,401169879,96,8.0
2019-12-02,401169879,161,
2019-12-02,401172610,189,
2019-12-02,401172610,2473,
2019-12-02,401170162,111,
2019-12-02,401170162,2166,
2019-12-02,401166477,253,
2019-12-02,401166477,3084,
2019-12-02,401172979,2320,
2019-12-02,401172979,242,
2019-12-02,401174740,290,
2019-12-02,401174740,111946,
2019-12-02,401173044,2447,
2019-12-02,401173044,111921,
2019-12-02,401173622,2460,
2019-12-02,401173622,67,
2019-12-02,401174739,2433,
2019-12-02,401174739,2398,
2019-12-02,401173022,2377,
2019-12-02,401173022,111921,
2019-12-02,401166470,2458,
2019-12-02,401166470,3141,
2019-12-02,401174736,2026,
2019-12-02,401174736,2592,
2019-12-02,401171690,232,
2019-12-02,401171690,229,
2019-12-09,401174431,62,
2019-12-09,401174431,2535,
2019-12-09,401168321,156,
2019-12-09,401168321,292,
2019-12-09,401166114,130,5.0
2019-12-09,401166114,2483,10.0
2019-12-09,401171734,2473,
2019-12-09,401171734,127,16.0
2019-12-09,401168295,2086,18.0
2019-12-09,401168295,2582,
2019-12-09,401174747,47,
2019-12-09,401174747,2026,
2019-12-09,401174446,85,
2019-12-09,401174446,2870,
2019-12-09,401169654,2306,
2019-12-09,401169654,344,
2019-12-09,401175223,2351,
2019-12-09,401175223,2504,
2019-12-09,401170622,36,
2019-12-09,401170622,38,24.0
2019-12-09,401166113,84,
2019-12-09,401166113,158,
2019-12-09,401168248,46,
2019-12-09,401168248,183,
2019-12-09,401170411,338,
2019-12-09,401170411,2241,
2019-12-09,401173623,2253,
2019-12-09,401173623,2460,
2019-12-09,401169653,66,
2019-12-09,401169653,2294,
2019-12-09,401175131,2750,
2019-12-09,401175131,2582,
2019-12-09,401169652,277,
2019-12-09,401169652,2046,
2019-12-09,401174415,2463,
2019-12-09,401174415,2449,
2019-12-09,401171591,2239,
2019-12-09,401171591,301,
2019-12-09,401170621,25,
2019-12-09,401170621,278,
2019-12-09,401168250,97,1.0
2019-12-09,401168250,2198,
2019-12-09,401172317,104,
2019-12-09,401172317,159,
2019-12-09,401170412,2572,
2019-12-09,401170412,2454,
2019-12-09,401175054,2754,
2019-12-09,401175054,2546,
2019-12-09,401169656,2628,
2019-12-09,401169656,2320,
2019-12-09,401168252,87,
2019-12-09,401168252,26,
2019-12-09,401169784,222,20.0
2019-12-09,401169784,48,
2019-12-09,401174746,324,
2019-12-09,401174746,2428,
2019-12-09,401172241,2084,
2019-12-09,401172241,349,
2019-12-09,401172075,2520,
2019-12-09,401172075,112358,
2019-12-09,401171932,2099,
2019-12-09,401171932,107,
2019-12-09,401171511,2427,
2019-12-09,401171511,2630,
2019-12-09,401170413,2597,
2019-12-09,401170413,2885,
2019-12-09,401172342,161,
2019-12-09,401172342,163,
2019-12-09,401170178,2325,
2019-12-09,401170178,2415,
2019-12-09,401170177,2184,
2019-12-09,401170177,2515,
2019-12-09,401169658,251,
2019-12-09,401169658,2117,
2019-12-09,401169655,277,
2019-12-09,401169655,2447,
2019-12-09,401168346,305,
2019-12-09,401168346,82,
2019-12-09,401168251,2390,
2019-12-09,401168251,2010,
2019-12-09,401166117,213,
2019-12-09,401166117,333,
2019-12-09,401169885,8,
2019-12-09,401169885,202,
2019-12-09,401170620,9,
2019-12-09,401170620,2504,
2019-12-09,401166111,356,
2019-12-09,401166111,130,5.0
2019-12-09,401174164,55,
2019-12-09,401174164,2653,
2019-12-09,401170976,2275,
2019-12-09,401170976,2619,
2019-12-09,401174745,2433,
2019-12-09,401174745,2755,
2019-12-09,401172036,163,
2019-12-09,401172036,2405,
2019-12-09,401170052,2116,
2019-12-09,401170052,2739,
2019-12-09,401174744,2031,
2019-12-09,401174744,2634,
2019-12-09,401173023,2377,
2019-12-09,401173023,140,
2019-12-09,401168245,97,1.0
2019-12-09,401168245,2641,
2019-12-09,401166110,213,
2019-12-09,401166110,120,4.0
2019-12-09,401172428,119,
2019-12-09,401172428,2378,
2019-12-09,401170171,2166,
2019-12-09,401170171,2154,
2019-12-09,401168247,259,
2019-12-09,401168247,236,
2019-12-09,401169460,218,
2019-12-09,401169460,2603,
2019-12-09,401168464,2599,
2019-12-09,401168464,225,
2019-12-09,401168246,87,
2019-12-09,401168246,2174,
2019-12-09,401168244,103,
2019-12-09,401168244,399,
2019-12-09,401171528,2597,
2019-12-09,401171528,2506,
2019-12-09,401170172,2230,
2019-12-09,401170172,2803,
2019-12-09,401177955,233,
2019-12-09,401177955,2011,
2019-12-09,401166109,2294,
2019-12-09,401166109,135,
2019-12-09,401169649,2305,2.0
2019-12-09,401169649,270,
2019-12-09,401169461,41,
2019-12-09,401169461,84,
2019-12-09,401173693,252,
2019-12-09,401173693,2440,
2019-12-09,401173694,36,
2019-12-09,401173694,2571,
2019-12-09,401170619,12,15.0
2019-12-09,401170619,2437,
2019-12-09,401173610,2623,
2019-12-09,401173610,2032,
2019-12-09,401170046,202,
2019-12-09,401170046,68,
2019-12-09,401170000,248,
2019-12-09,401170000,250,
2019-12-09,401169650,2628,
2019-12-09,401169650,2737,
2019-12-09,401172300,2142,
2019-12-09,401172300,172,
2019-12-09,401172240,2771,
2019-12-09,401172240,349,
2019-12-09,401172091,2612,
2019-12-09,401172091,161,
2019-12-09,401171510,2569,
2019-12-09,401171510,2427,
2019-12-09,401170913,311,
2019-12-09,401170913,159,
2019-12-09,401170410,2885,
2019-12-09,401170410,2349,
2019-12-09,401170173,113,
2019-12-09,401170173,43,
2019-12-09,401166112,164,
2019-12-09,401166112,275,
2019-12-09,401168294,239,11.0
2019-12-09,401168294,2086,18.0
2019-12-09,401175743,2172,
2019-12-09,401175743,166,
2019-12-09,401169884,145,
2019-12-09,401169884,2393,
2019-12-09,401170867,42,
2019-12-09,401170867,2681,
2019-12-09,401172490,2174,
2019-12-09,401172490,2649,
2019-12-09,401173558,94,
2019-12-09,401173558,2287,
2019-12-09,401170053,2116,
2019-12-09,401170053,2529,
2019-12-09,401170914,311,
2019-12-09,401170914,2514,
2019-12-09,401168254,103,
2019-12-09,401168254,2115,
2019-12-09,401170624,25,
2019-12-09,401170624,2608,
2019-12-09,401170623,12,15.0
2019-12-09,401170623,2250,6.0
2019-12-09,401175157,2856,
2019-12-09,401175157,2065,
2019-12-09,401173695,2172,
2019-12-09,401173695,2005,
2019-12-09,401171564,13,
2019-12-09,401171564,278,
2019-12-09,401166483,3084,
2019-12-09,401166483,2464,
2019-12-09,401173233,2617,
2019-12-09,401173233,2433,
2019-12-09,401166487,2751,
2019-12-09,401166487,2458,
2019-12-09,401175224,2492,
2019-12-09,401175224,2110,
2019-12-09,401175174,328,
2019-12-09,401175174,252,
2019-12-09,401172618,193,
2019-12-09,401172618,2400,
2019-12-09,401173597,2350,
2019-12-09,401173597,2450,
2019-12-09,401173001,242,
2019-12-09,401173001,2277,
2019-12-09,401168620,2430,
2019-12-09,401168620,152,
2019-12-09,401170180,2670,
2019-12-09,401170180,2623,
2019-12-09,401166118,135,
2019-12-09,401166118,194,3.0
2019-12-09,401170627,30,
2019-12-09,401170627,299,
2019-12-09,401174416,279,
2019-12-09,401174416,2463,
2019-12-09,401169890,245,
2019-12-09,401169890,357,
2019-12-09,401173494,71,
2019-12-09,401173494,290,
2019-12-09,401169889,228,
2019-12-09,401169889,2579,
2019-12-09,401170628,265,
2019-12-09,401170628,27,
2019-12-09,401168255,153,17.0
2019-12-09,401168255,2747,
2019-12-09,401172464,189,
2019-12-09,401172464,325,
2019-12-09,401170415,56,
2019-12-09,401170415,2344,
2019-12-09,401170022,58,
2019-12-09,401170022,2182,
2019-12-09,401169888,142,
2019-12-09,401169888,79,
2019-12-09,401166120,77,
2019-12-09,401166120,2565,
2019-12-09,401166119,158,
2019-12-09,401166119,2509,
2019-12-09,401169464,248,
2019-12-09,401169464,197,
2019-12-09,401174043,270,
2019-12-09,401174043,2197,
2019-12-09,401171635,301,
2019-12-09,401171635,302,
2019-12-09,401170625,204,
2019-12-09,401170625,2029,
2019-12-09,401174748,2348,
2019-12-09,401174748,309,
2019-12-09,401170626,23,
2019-12-09,401170626,24,
2019-12-09,401169977,2132,
2019-12-09,401169977,2142,
2019-12-09,401166488,70,
2019-12-09,401166488,2934,
2019-12-09,401171554,231,
2019-12-09,401171554,2737,
2019-12-09,401169887,238,
2019-12-09,401169887,2335,
2019-12-09,401169463,2724,
2019-12-09,401169463,201,
2019-12-09,401166116,356,
2019-12-09,401166116,295,
2019-12-09,401168249,96,8.0
2019-12-09,401168249,59,
2019-12-09,401171592,2239,
2019-12-09,401171592,2539,
2019-12-09,401172000,2363,
2019-12-09,401172000,2711,
2019-12-09,401170175,257,
2019-12-09,401170175,232,
2019-12-09,401166484,2541,
2019-12-09,401166484,16,
2019-12-09,401169883,2,12.0
2019-12-09,401169883,139,
2019-12-09,401166115,164,
2019-12-09,401166115,2550,22.0
2019-12-09,401168253,154,
2019-12-09,401168253,2752,23.0
2019-12-09,401171471,2226,
2019-12-09,401171471,2272,
2019-12-09,401169992,151,
2019-12-09,401169992,2097,
2019-12-09,401166486,254,
2019-12-09,401166486,2692,
2019-12-09,401166485,253,
2019-12-09,401166485,2540,
2019-12-09,401169462,2633,19.0
2019-12-09,401169462,235,13.0
2019-12-09,401171922,399,
2019-12-09,401171922,315,
2019-12-09,401170170,2184,
2019-12-09,401170170,171,
2019-12-09,401170176,2168,14.0
2019-12-09,401170176,2181,
2019-12-09,401172514,2739,
2019-12-09,401172514,339,
2019-12-09,401173696,167,
2019-12-09,401173696,166,
2019-12-09,401169886,9,
2019-12-09,401169886,61,
2019-12-09,401168430,2507,
2019-12-09,401168430,2619,
2019-12-09,401175438,2643,
2019-12-09,401175438,2496,
2019-12-09,401176041,5,
2019-12-09,401176041,2409,
2019-12-09,401170174,179,
2019-12-09,401170174,367,
2019-12-09,401176407,2534,
2019-12-09,401176407,2728,
2019-12-09,401176011,2636,
2019-12-09,401176011,3081,
2019-12-09,401174750,326,
2019-12-09,401174750,492,
2019-12-09,401172940,2000,
2019-12-09,401172940,2758,
2019-12-09,401174948,198,
2019-12-09,401174948,2122,
2019-12-09,401176182,2016,
2019-12-09,401176182,2892,
2019-12-09,401170414,294,
2019-12-09,401170414,109014,
2019-12-09,401175915,276,
2019-12-09,401175915,2073,
2019-12-09,401176083,2678,
2019-12-09,401176083,366,
2019-12-09,401173951,2057,
2019-12-09,401173951,2105,
2019-12-09,401172455,2729,
2019-12-09,401172455,2251,
2019-12-09,401172617,2006,
2019-12-09,401172617,2148,
2019-12-09,401189256,2210,
2019-12-09,401189256,286,
2019-12-09,401175477,2193,
2019-12-09,401175477,2397,
2019-12-09,401176406,2443,
2019-12-09,401176406,2981,
2019-12-09,401171658,300,
2019-12-09,401171658,594,
2019-12-09,401170077,2501,
2019-12-09,401170077,2866,
2019-12-09,401166482,331,
2019-12-09,401166482,109661,
2019-12-09,401166481,2502,
2019-12-09,401166481,3217,
2019-12-16,401170076,62,
2019-12-16,401170076,2638,
2019-12-16,401169891,96,6.0
2019-12-16,401169891,254,
2019-12-16,401173700,2439,
2019-12-16,401173700,279,
2019-12-16,401173702,2440,
2019-12-16,401173702,2640,
2019-12-16,401173703,2541,
2019-12-16,401173703,23,
2019-12-16,401175158,2856,
2019-12-16,401175158,2582,
2019-12-16,401169660,239,10.0
2019-12-16,401169660,2630,
2019-12-16,401166496,16,
2019-12-16,401166496,13,
2019-12-16,401166495,2483,8.0
2019-12-16,401166495,149,
2019-12-16,401170187,2603,
2019-12-16,401170187,2729,
2019-12-16,401170422,2057,
2019-12-16,401170422,338,
2019-12-16,401171495,2344,
2019-12-16,401171495,2643,
2019-12-16,401171871,163,
2019-12-16,401171871,2275,
2019-12-16,401172420,2174,
2019-12-16,401172420,111,
2019-12-16,401174068,276,
2019-12-16,401174068,2198,
2019-12-16,401174753,290,
2019-12-16,401174753,326,
2019-12-16,401174754,2247,
2019-12-16,401174754,250,
2019-12-16,401174756,2653,
2019-12-16,401174756,324,
2019-12-16,401168261,2250,2.0
2019-12-16,401168261,153,
2019-12-16,401175744,166,
2019-12-16,401175744,2029,
2019-12-16,401173701,2751,
2019-12-16,401173701,3084,
2019-12-16,401170631,9,
2019-12-16,401170631,2608,
2019-12-16,401173063,2534,
2019-12-16,401173063,2466,
2019-12-16,401170023,328,
2019-12-16,401170023,58,
2019-12-16,401170840,2754,
2019-12-16,401170840,2066,
2019-12-16,401168263,183,
2019-12-16,401168263,2473,
2019-12-16,401169894,344,
2019-12-16,401169894,2515,
2019-12-16,401170420,2571,
2019-12-16,401170420,526,
2019-12-16,401171451,79,
2019-12-16,401171451,2261,
2019-12-16,401172941,2443,
2019-12-16,401172941,2000,
2019-12-16,401172981,2320,
2019-12-16,401172981,2545,
2019-12-16,401173046,2447,
2019-12-16,401173046,357,
2019-12-16,401174752,2032,
2019-12-16,401174752,309,
2019-12-16,401166122,77,
2019-12-16,401166122,127,15.0
2019-12-16,401168465,2599,
2019-12-16,401168465,399,
2019-12-16,401174165,55,
2019-12-16,401174165,2169,
2019-12-16,401168262,97,3.0
2019-12-16,401168262,193,
2019-12-16,401175770,2429,
2019-12-16,401175770,2379,
2019-12-16,401168447,2550,
2019-12-16,401168447,120,7.0
2019-12-16,401168265,150,4.0
2019-12-16,401168265,2747,
2019-12-16,401169897,61,
2019-12-16,401169897,2567,
2019-12-16,401170189,113,
2019-12-16,401170189,311,
2019-12-16,401170424,2010,
2019-12-16,401170424,2453,
2019-12-16,401170426,261,
2019-12-16,401170426,288,
2019-12-16,401171833,112358,
2019-12-16,401171833,48,
2019-12-16,401172623,189,
2019-12-16,401172623,2450,
2019-12-16,401175570,2382,
2019-12-16,401175570,231,
2019-12-16,401166501,233,
2019-12-16,401166501,2458,
2019-12-16,401175159,2856,
2019-12-16,401175159,2400,
2019-12-16,401168411,269,
2019-12-16,401168411,2449,
2019-12-16,401170425,228,
2019-12-16,401170425,294,
2019-12-16,401171677,2540,
2019-12-16,401171677,2582,
2019-12-16,401174447,278,
2019-12-16,401174447,85,
2019-12-16,401168268,84,
2019-12-16,401168268,87,
2019-12-16,401168274,154,
2019-12-16,401168274,2448,
2019-12-16,401170188,2230,
2019-12-16,401170188,256,
2019-12-16,401168266,221,
2019-12-16,401168266,2066,
2019-12-16,401170830,248,
2019-12-16,401170830,2638,
2019-12-16,401166123,213,23.0
2019-12-16,401166123,2115,
2019-12-16,401174755,6,
2019-12-16,401174755,2026,
2019-12-16,401174757,2433,
2019-12-16,401174757,2031,
2019-12-16,401170633,38,
2019-12-16,401170633,2504,
2019-12-16,401172622,2130,
2019-12-16,401172622,2459,
2019-12-16,401168621,2,12.0
2019-12-16,401168621,152,
2019-12-16,401166497,2934,
2019-12-16,401166497,147,
2019-12-16,401166498,27,
2019-12-16,401166498,2464,
2019-12-16,401166499,299,
2019-12-16,401166499,253,
2019-12-16,401166500,2351,
2019-12-16,401166500,2502,
2019-12-16,401170634,265,
2019-12-16,401170634,50,
2019-12-16,401175226,2501,
2019-12-16,401175226,2296,
2019-12-16,401172839,2426,
2019-12-16,401172839,116,
2019-12-16,401170037,2006,
2019-12-16,401170037,2655,
2019-12-16,401171780,2182,
2019-12-16,401171780,2514,
2019-12-16,401170423,2335,
2019-12-16,401170423,119,
2019-12-16,401173002,2617,
2019-12-16,401173002,2277,
2019-12-16,401169893,2535,
2019-12-16,401169893,333,
2019-12-16,401169465,2724,
2019-12-16,401169465,2670,
2019-12-16,401172419,2199,
2019-12-16,401172419,111,
2019-12-16,401171980,163,
2019-12-16,401171980,314,
2019-12-16,401170419,2427,
2019-12-16,401170419,56,
2019-12-16,401168390,46,
2019-12-16,401168390,2378,
2019-12-16,401168431,2507,
2019-12-16,401168431,57,
2019-12-16,401169993,151,
2019-12-16,401169993,2379,
2019-12-16,401171017,2097,
2019-12-16,401171017,2210,
2019-12-16,401172217,116,
2019-12-16,401172217,44,
2019-12-16,401172619,2523,
2019-12-16,401172619,2117,
2019-12-16,401169895,2132,
2019-12-16,401169895,2633,21.0
2019-12-16,401175132,2750,
2019-12-16,401175132,2400,
2019-12-16,401189763,2448,
2019-12-16,401189763,2309,
2019-12-16,401170181,2168,13.0
2019-12-16,401170181,249,
2019-12-16,401166121,194,5.0
2019-12-16,401166121,2546,
2019-12-16,401170417,288,
2019-12-16,401170417,2635,
2019-12-16,401175836,2348,
2019-12-16,401175836,2428,
2019-12-16,401168410,269,
2019-12-16,401168410,2755,
2019-12-16,401171555,2737,
2019-12-16,401171555,2565,
2019-12-16,401171636,302,
2019-12-16,401171636,2351,
2019-12-16,401166489,304,
2019-12-16,401166489,2540,
2019-12-16,401171405,256,
2019-12-16,401171405,2127,
2019-12-16,401171659,300,
2019-12-16,401171659,2309,
2019-12-16,401172019,2520,
2019-12-16,401172019,2368,
2019-12-16,401172392,350,
2019-12-16,401172392,2382,
2019-12-16,401173643,2429,
2019-12-16,401173643,2674,
2019-12-16,401175055,2413,
2019-12-16,401175055,276,
2019-12-16,401169659,2641,24.0
2019-12-16,401169659,2572,
2019-12-16,401170036,2655,
2019-12-16,401170036,2016,
2019-12-16,401170416,93,
2019-12-16,401170416,338,
2019-12-16,401174044,2710,
2019-12-16,401174044,2197,
2019-12-16,401173538,55,
2019-12-16,401173538,339,
2019-12-16,401170418,5,
2019-12-16,401170418,2453,
2019-12-16,401172620,140,
2019-12-16,401172620,2649,
2019-12-16,401174950,2130,
2019-12-16,401174950,198,
2019-12-16,401168260,59,
2019-12-16,401168260,2050,
2019-12-16,401169892,99,
2019-12-16,401169892,2193,
2019-12-16,401169983,41,
2019-12-16,401169983,2612,
2019-12-16,401170054,2116,
2019-12-16,401170054,2065,
2019-12-16,401170184,2325,
2019-12-16,401170184,2681,
2019-12-16,401170185,295,
2019-12-16,401170185,257,
2019-12-16,401170421,2506,
2019-12-16,401170421,294,
2019-12-16,401170957,2368,
2019-12-16,401170957,160,
2019-12-16,401170991,261,
2019-12-16,401170991,2430,
2019-12-16,401171472,2272,
2019-12-16,401171472,2674,
2019-12-16,401171691,232,
2019-12-16,401171691,2670,
2019-12-16,401171933,2084,
2019-12-16,401171933,2099,
2019-12-16,401172052,179,
2019-12-16,401172052,315,
2019-12-16,401173559,2287,
2019-12-16,401173559,82,
2019-12-16,401173581,282,
2019-12-16,401173581,2634,
2019-12-16,401173848,2569,
2019-12-16,401173848,2908,
2019-12-16,401168347,325,
2019-12-16,401168347,305,
2019-12-16,401168264,258,9.0
2019-12-16,401168264,2619,
2019-12-16,401168322,156,
2019-12-16,401168322,201,
2019-12-16,401169896,238,
2019-12-16,401169896,2350,
2019-12-16,401168258,52,19.0
2019-12-16,401168258,2454,
2019-12-16,401166494,2458,
2019-12-16,401166494,2172,
2019-12-16,401170629,24,
2019-12-16,401170629,2539,
2019-12-16,401172763,195,
2019-12-16,401172763,2509,
2019-12-16,401173699,167,
2019-12-16,401173699,2253,
2019-12-16,401166491,331,
2019-12-16,401166491,2437,
2019-12-16,401168259,218,
2019-12-16,401168259,2390,
2019-12-16,401166492,2492,
2019-12-16,401166492,2502,
2019-12-16,401170630,264,22.0
2019-12-16,401170630,2547,
2019-12-16,401172318,159,
2019-12-16,401172318,2115,
2019-12-16,401176408,2110,
2019-12-16,401176408,2916,
2019-12-16,401170632,2636,
2019-12-16,401170632,204,
2019-12-16,401169794,2752,
2019-12-16,401169794,2717,
2019-12-16,401170194,45,
2019-12-16,401170194,108,
2019-12-16,401175133,2430,
2019-12-16,401175133,94,
2019-12-16,401169903,8,
2019-12-16,401169903,2674,
2019-12-16,401169901,245,
2019-12-16,401169901,204,
2019-12-16,401166506,252,
2019-12-16,401166506,2692,
2019-12-16,401169902,30,
2019-12-16,401169902,99,
2019-12-16,401169978,2294,
2019-12-16,401169978,2132,
2019-12-16,401168466,12,16.0
2019-12-16,401168466,2599,
2019-12-16,401169664,197,
2019-12-16,401169664,135,
2019-12-16,401166127,275,
2019-12-16,401166127,270,
2019-12-16,401170199,2325,
2019-12-16,401170199,161,
2019-12-16,401168267,25,
2019-12-16,401168267,103,
2019-12-16,401166126,158,
2019-12-16,401166126,155,
2019-12-16,401172084,2561,
2019-12-16,401172084,2083,
2019-12-16,401169900,2,12.0
2019-12-16,401169900,2329,
2019-12-16,401170637,21,20.0
2019-12-16,401170637,254,
2019-12-16,401169665,2306,
2019-12-16,401169665,139,
2019-12-16,401170197,2350,
2019-12-16,401170197,2166,
2019-12-16,401168276,258,9.0
2019-12-16,401168276,2579,
2019-12-16,401171593,2351,
2019-12-16,401171593,2239,
2019-12-16,401173925,228,
2019-12-16,401173925,43,
2019-12-16,401168275,68,
2019-12-16,401168275,59,
2019-12-16,401169668,2628,
2019-12-16,401169668,2752,
2019-12-16,401171678,2540,
2019-12-16,401171678,2771,
2019-12-16,401175900,2382,
2019-12-16,401175900,2226,
2019-12-16,401170198,2184,
2019-12-16,401170198,5,
2019-12-16,401171872,2275,
2019-12-16,401171872,2363,
2019-12-16,401172281,2142,
2019-12-16,401172281,171,
2019-12-16,401173882,2011,
2019-12-16,401173882,2046,
2019-12-16,401172841,107,
2019-12-16,401172841,2529,
2019-12-16,401166130,164,
2019-12-16,401166130,322,
2019-12-16,401169667,66,
2019-12-16,401169667,2870,
2019-12-16,401172456,2729,
2019-12-16,401172456,2598,
2019-12-16,401170430,56,
2019-12-16,401170430,2229,
2019-12-16,401170868,42,
2019-12-16,401170868,172,
2019-12-16,401173190,47,
2019-12-16,401173190,108,
2019-12-16,401173624,2460,
2019-12-16,401173624,276,
2019-12-16,401175711,2597,
2019-12-16,401175711,2169,
2019-12-16,401168269,2390,
2019-12-16,401168269,2154,
2019-12-16,401169905,145,
2019-12-16,401169905,2545,
2019-12-16,401170195,227,
2019-12-16,401170195,98,
2019-12-16,401171512,2427,
2019-12-16,401171512,236,
2019-12-16,401171923,2405,
2019-12-16,401171923,399,
2019-12-16,401171958,2473,
2019-12-16,401171958,2217,
2019-12-16,401172242,2681,
2019-12-16,401172242,349,
2019-12-16,401172516,2459,
2019-12-16,401172516,2739,
2019-12-16,401173518,2005,
2019-12-16,401173518,2181,
2019-12-16,401173611,198,
2019-12-16,401173611,2623,
2019-12-16,401168432,2507,
2019-12-16,401168432,251,
2019-12-16,401170005,235,11.0
2019-12-16,401170005,2296,
2019-12-16,401172319,159,
2019-12-16,401172319,2803,
2019-12-16,401166128,130,14.0
2019-12-16,401166128,2506,
2019-12-16,401169661,222,18.0
2019-12-16,401169661,2305,1.0
2019-12-16,401166507,2571,
2019-12-16,401166507,70,
2019-12-16,401169906,142,
2019-12-16,401169906,356,
2019-12-16,401170936,2349,
2019-12-16,401170936,104,
2019-12-16,401169662,2754,
2019-12-16,401169662,277,25.0
2019-12-16,401172744,193,
2019-12-16,401172744,71,
2019-12-16,401168273,259,
2019-12-16,401168273,2678,
2019-12-16,401170636,24,
2019-12-16,401170636,301,
2019-12-16,401170190,2393,
2019-12-16,401170190,179,
2019-12-16,401168270,153,
2019-12-16,401168270,26,
2019-12-16,401166124,2509,
2019-12-16,401166124,2086,17.0
2019-12-16,401173025,2377,
2019-12-16,401173025,2617,
2019-12-16,401170047,202,
2019-12-16,401170047,36,
2019-12-16,401170193,2244,
2019-12-16,401170193,2378,
2019-12-16,401169666,2641,24.0
2019-12-16,401169666,292,
2019-12-16,401172621,2711,
2019-12-16,401172621,486,
2019-12-16,401174417,2463,
2019-12-16,401174417,22,
2019-12-16,401172330,219,
2019-12-16,401172330,2725,
2019-12-16,401175978,242,
2019-12-16,401175978,3170,
2019-12-16,401171429,2241,
2019-12-16,401171429,3243,
2019-12-16,401170428,2885,
2019-12-16,401170428,2871,
2019-12-16,401180738,2352,
2019-12-16,401180738,5901,
2019-12-16,401175849,2415,
2019-12-16,401175849,469,
2019-12-23,401170915,62,
2019-12-23,401170915,311,
2019-12-23,401170640,26,
2019-12-23,401170640,2239,
2019-12-23,401168278,52,17.0
2019-12-23,401168278,2453,
2019-12-23,401170639,9,
2019-12-23,401170639,2640,
2019-12-23,401172492,2473,
2019-12-23,401172492,2174,
2019-12-23,401172626,2439,
2019-12-23,401172626,2199,
2019-12-23,401168280,96,19.0
2019-12-23,401168280,97,3.0
2019-12-23,401166132,135,
2019-12-23,401166132,2229,
2019-12-23,401166508,2692,
2019-12-23,401166508,331,
2019-12-23,401169995,151,
2019-12-23,401169995,2198,
2019-12-23,401170201,45,
2019-12-23,401170201,2344,
2019-12-23,401171873,256,
2019-12-23,401171873,2275,
2019-12-23,401171959,2681,
2019-12-23,401171959,2217,
2019-12-23,401168296,2086,12.0
2019-12-23,401168296,2433,
2019-12-23,401172466,82,
2019-12-23,401172466,325,
2019-12-23,401166512,2502,
2019-12-23,401166512,2458,
2019-12-23,401175228,2351,
2019-12-23,401175228,2415,
2019-12-23,401166511,147,
2019-12-23,401166511,16,
2019-12-23,401173714,68,
2019-12-23,401173714,2463,
2019-12-23,401168281,183,
2019-12-23,401168281,315,
2019-12-23,401171807,48,
2019-12-23,401171807,350,
2019-12-23,401171566,21,15.0
2019-12-23,401171566,13,
2019-12-23,401173952,98,
2019-12-23,401173952,2057,
2019-12-23,401170431,30,
2019-12-23,401170431,526,
2019-12-23,401175229,2608,
2019-12-23,401175229,2547,
2019-12-23,401166509,304,
2019-12-23,401166509,70,
2019-12-23,401166510,149,
2019-12-23,401166510,2464,
2019-12-23,401173710,278,
2019-12-23,401173710,27,
2019-12-23,401173713,23,
2019-12-23,401173713,2492,
2019-12-23,401174952,252,
2019-12-23,401174952,198,
2019-12-23,401172842,2325,
2019-12-23,401172842,2083,
2019-12-23,401172625,71,
2019-12-23,401172625,2649,
2019-12-23,401172517,2750,
2019-12-23,401172517,2739,
2019-12-23,401172421,119,
2019-12-23,401172421,111,
2019-12-23,401171614,2547,
2019-12-23,401171614,299,
2019-12-23,401171934,2561,
2019-12-23,401171934,2099,
2019-12-23,401169909,61,
2019-12-23,401169909,290,
2019-12-23,401170014,2567,
2019-12-23,401170014,2247,
2019-12-23,401182617,59,
2019-12-23,401182617,248,
2019-12-23,401170200,2168,18.0
2019-12-23,401170200,2755,
2019-12-23,401173709,278,
2019-12-23,401173709,2539,
2019-12-23,401182618,62,
2019-12-23,401182618,264,21.0
2019-12-23,401182619,2638,
2019-12-23,401182619,2050,
2019-12-23,401182620,2050,
2019-12-23,401182620,2501,
2019-12-23,401170937,2352,
2019-12-23,401170937,2349,
2019-12-23,401175693,116,
2019-12-23,401175693,2154,
2019-12-23,401168277,150,4.0
2019-12-23,401168277,225,
2019-12-23,401166131,2509,
2019-12-23,401166131,2117,
2019-12-23,401168392,46,
2019-12-23,401168392,44,
2019-12-23,401169911,57,
2019-12-23,401169911,299,
2019-12-23,401174448,85,
2019-12-23,401174448,2754,
2019-12-23,401171453,2261,
2019-12-23,401171453,2612,
2019-12-23,401175134,94,
2019-12-23,401175134,270,
2019-12-23,401169910,2633,
2019-12-23,401169910,275,
2019-12-23,401169467,235,9.0
2019-12-23,401169467,2443,
2019-12-23,401168412,269,
2019-12-23,401168412,2110,
2019-12-23,401171693,2182,
2019-12-23,401171693,232,
2019-12-23,401172021,171,
2019-12-23,401172021,2368,
2019-12-23,401171661,300,
2019-12-23,401171661,279,
2019-12-23,401175979,242,
2019-12-23,401175979,2534,
2019-12-23,401168282,87,
2019-12-23,401168282,2010,
2019-12-23,401170205,2393,
2019-12-23,401170205,227,
2019-12-23,401174953,2172,
2019-12-23,401174953,2449,
2019-12-23,401175230,2541,
2019-12-23,401175230,2016,
2019-12-23,401183194,38,
2019-12-23,401183194,314,
2019-12-23,401166133,130,11.0
2019-12-23,401166133,2349,
2019-12-23,401169670,197,
2019-12-23,401169670,2545,
2019-12-23,401170202,2184,
2019-12-23,401170202,276,
2019-12-23,401170061,2724,
2019-12-23,401170061,2000,
2019-12-23,401175060,2565,
2019-12-23,401175060,2815,
2019-12-23,401170203,2670,
2019-12-23,401170203,2352,
2019-12-23,401169669,24,
2019-12-23,401169669,2305,5.0
2019-12-23,401174955,2710,
2019-12-23,401174955,233,
2019-12-23,401166135,77,
2019-12-23,401166135,42,
2019-12-23,401168623,152,
2019-12-23,401168623,2026,
2019-12-23,401169915,145,
2019-12-23,401169915,2635,
2019-12-23,401171638,167,
2019-12-23,401171638,302,
2019-12-23,401172343,163,
2019-12-23,401172343,2329,
2019-12-23,401166134,2294,25.0
2019-12-23,401166134,338,
2019-12-23,401169672,2641,23.0
2019-12-23,401169672,2934,
2019-12-23,401168283,258,16.0
2019-12-23,401168283,2426,
2019-12-23,401169913,2,8.0
2019-12-23,401169913,288,
2019-12-23,401170642,2483,6.0
2019-12-23,401170642,2011,
2019-12-23,401173850,2908,
2019-12-23,401173850,2678,
2019-12-23,401174954,2437,
2019-12-23,401174954,2571,
2019-12-23,401172843,2529,
2019-12-23,401172843,322,
2019-12-23,401166141,84,
2019-12-23,401166141,8,
2019-12-23,401170978,2619,
2019-12-23,401170978,2450,
2019-12-23,401166139,213,20.0
2019-12-23,401166139,172,
2019-12-23,401166140,120,13.0
2019-12-23,401166140,2803,
2019-12-23,401166136,194,2.0
2019-12-23,401166136,277,22.0
2019-12-23,401169985,41,
2019-12-23,401169985,2885,
2019-12-23,401166142,127,14.0
2019-12-23,401166142,2711,
2019-12-23,401169914,99,
2019-12-23,401169914,2335,
2019-12-23,401170643,265,
2019-12-23,401170643,2029,
2019-12-23,401166137,356,
2019-12-23,401166137,2448,
2019-12-23,401166138,158,
2019-12-23,401166138,357,
2019-12-23,401170206,139,
2019-12-23,401170206,2065,
2019-12-23,401169912,333,
2019-12-23,401169912,257,
2019-12-23,401182313,204,
2019-12-23,401182313,155,
2019-12-23,401171019,195,
2019-12-23,401171019,2097,
2019-12-23,401172844,2771,
2019-12-23,401172844,104,
2019-12-23,401171679,309,
2019-12-23,401171679,2540,
2019-12-23,401172085,2561,
2019-12-23,401172085,107,
2019-12-23,401170641,25,
2019-12-23,401170641,108,
2019-12-23,401169671,2306,
2019-12-23,401169671,202,
2019-12-23,401168284,259,
2019-12-23,401168284,2379,
2019-12-23,401170024,58,
2019-12-23,401170024,2226,
2019-12-23,401173064,2466,
2019-12-23,401173064,3134,
2019-12-23,401175745,166,
2019-12-23,401175745,3141,
2019-12-23,401175058,2413,
2019-12-23,401175058,484,
2019-12-23,401176089,2717,
2019-12-23,401176089,2496,
2019-12-23,401175062,2546,
2019-12-23,401175062,2880,
2019-12-23,401175231,301,
2019-12-23,401175231,2850,
2019-12-23,401175160,2856,
2019-12-23,401175160,111254,
2019-12-23,401176074,2382,
2019-12-23,401176074,2397,
2019-12-23,401171541,2515,
2019-12-23,401171541,3164,
2019-12-23,401176437,2115,
2019-12-23,401176437,39,
2019-12-23,401175354,236,
2019-12-23,401175354,511,
2019-12-23,401170841,2066,
2019-12-23,401170841,173,
2019-12-23,401182454,156,
2019-12-23,401182454,565,
2019-12-23,401175935,249,
2019-12-23,401175935,2642,
2019-12-23,401173712,2751,
2019-12-23,401173712,157,
2019-12-23,401171529,2506,
2019-12-23,401171529,3077,
2019-12-23,401171407,2127,
2019-12-23,401171407,108942,
2019-12-23,401175793,2430,
2019-12-23,401175793,108807,
2019-12-23,401175537,3084,
2019-12-23,401175537,109597,
2019-12-23,401174764,2032,
2019-12-23,401174764,2915,
2019-12-23,401174166,55,
2019-12-23,401174166,111946,
2019-12-23,401176436,112358,
2019-12-23,401176436,2114,
2019-12-23,401175478,2193,
2019-12-23,401175478,2369,
2019-12-23,401188395,328,
2019-12-23,401188395,2202,
2019-12-23,401176012,2636,
2019-12-23,401176012,3158,
2019-12-23,401174765,6,
2019-12-23,401174765,2920,
2019-12-23,401173711,36,
2019-12-23,401173711,2178,
2019-12-23,401175061,2630,
2019-12-23,401175061,2419,
2019-12-23,401173234,2617,
2019-12-23,401173234,2491,
2019-12-23,401176043,5,
2019-12-23,401176043,7639,
2019-12-23,401175059,93,
2019-12-23,401175059,2161,
2019-12-30,401170653,264,
2019-12-30,401170653,30,
2019-12-30,401169517,202,
2019-12-30,401169517,218,
2019-12-30,401175936,98,
2019-12-30,401175936,249,
2019-12-30,401175947,295,
2019-12-30,401175947,2393,
2019-12-30,401176044,2429,
2019-12-30,401176044,5,
2019-12-30,401176441,116,
2019-12-30,401176441,2681,
2019-12-30,401171408,2127,
2019-12-30,401171408,2908,
2019-12-30,401173026,2377,
2019-12-30,401173026,2534,
2019-12-30,401174069,2198,
2019-12-30,401174069,2635,
2019-12-30,401174770,2031,
2019-12-30,401174770,326,
2019-12-30,401176438,2115,
2019-12-30,401176438,2523,
2019-12-30,401176439,2597,
2019-12-30,401176439,161,
2019-12-30,401176440,2529,
2019-12-30,401176440,2771,
2019-12-30,401172983,2443,
2019-12-30,401172983,2320,
2019-12-30,401173004,2277,
2019-12-30,401173004,2110,
2019-12-30,401173047,2447,
2019-12-30,401173047,2916,
2019-12-30,401173953,2057,
2019-12-30,401173953,2565,
2019-12-30,401174768,2032,
2019-12-30,401174768,250,
2019-12-30,401174771,309,
2019-12-30,401174771,6,
2019-12-30,401175916,276,
2019-12-30,401175916,242,
2019-12-30,401175901,2226,
2019-12-30,401175901,2636,
2019-12-30,401174769,324,
2019-12-30,401174769,290,
2019-12-30,401171513,2506,
2019-12-30,401171513,2427,
2019-12-30,401170216,225,
2019-12-30,401170216,227,
2019-12-30,401170434,56,
2019-12-30,401170434,288,
2019-12-30,401170435,2453,
2019-12-30,401170435,294,
2019-12-30,401170436,338,
2019-12-30,401170436,2454,
2019-12-30,401170992,159,
2019-12-30,401170992,261,
2019-12-30,401171020,2097,
2019-12-30,401171020,2241,
2019-12-30,401171496,2737,
2019-12-30,401171496,2344,
2019-12-30,401171695,232,
2019-12-30,401171695,119,
2019-12-30,401174767,2026,
2019-12-30,401174767,2247,
2019-12-30,401171854,111,
2019-12-30,401171854,2210,
2019-12-30,401171875,2275,
2019-12-30,401171875,2729,
2019-12-30,401172218,2142,
2019-12-30,401172218,44,
2019-12-30,401172243,2083,
2019-12-30,401172243,349,
2019-12-30,401172845,104,
2019-12-30,401172845,322,
2019-12-30,401172846,2426,
2019-12-30,401172846,2329,
2019-12-30,401172847,2352,
2019-12-30,401172847,107,
2019-12-30,401174772,2433,
2019-12-30,401174772,2653,
2019-12-30,401175063,93,
2019-12-30,401175063,2630,
2019-12-30,401175554,140,
2019-12-30,401175554,2547,
2019-12-30,401172022,2368,
2019-12-30,401172022,2514,
2019-12-30,401170645,24,
2019-12-30,401170645,25,
2019-12-30,401175235,2539,
2019-12-30,401175235,2608,
2019-12-30,401169516,248,
2019-12-30,401169516,2116,
2019-12-30,401171782,2182,
2019-12-30,401171782,48,
2019-12-30,401171935,2099,
2019-12-30,401171935,2363,
2019-12-30,401171960,315,
2019-12-30,401171960,2217,
2019-12-30,401171981,314,
2019-12-30,401171981,2612,
2019-12-30,401172037,2561,
2019-12-30,401172037,2405,
2019-12-30,401175232,2501,
2019-12-30,401175232,2250,1.0
2019-12-30,401172494,2174,
2019-12-30,401172494,94,
2019-12-30,401172629,2050,
2019-12-30,401172629,2649,
2019-12-30,401175136,2473,
2019-12-30,401175136,2750,
2019-12-30,401166148,194,5.0
2019-12-30,401166148,275,
2019-12-30,401166152,356,
2019-12-30,401166152,2509,
2019-12-30,401172519,2739,
2019-12-30,401172519,82,
2019-12-30,401174449,270,
2019-12-30,401174449,85,
2019-12-30,401170648,265,
2019-12-30,401170648,30,
2019-12-30,401175234,2492,
2019-12-30,401175234,279,
2019-12-30,401176411,357,
2019-12-30,401176411,2466,
2019-12-30,401166520,2458,
2019-12-30,401166520,147,
2019-12-30,401166145,127,14.0
2019-12-30,401166145,356,
2019-12-30,401175538,2130,
2019-12-30,401175538,3084,
2019-12-30,401170646,254,
2019-12-30,401170646,204,
2019-12-30,401173883,2046,
2019-12-30,401173883,2546,
2019-12-30,401174046,2634,
2019-12-30,401174046,2197,
2019-12-30,401170214,2325,
2019-12-30,401170214,2168,20.0
2019-12-30,401166519,253,
2019-12-30,401166519,149,
2019-12-30,401174167,2413,
2019-12-30,401174167,55,
2019-12-30,401175233,2351,
2019-12-30,401175233,301,
2019-12-30,401174957,2172,
2019-12-30,401174957,155,
2019-12-30,401174958,2449,
2019-12-30,401174958,2710,
2019-12-30,401170644,38,
2019-12-30,401170644,2483,4.0
2019-12-30,401174959,2571,
2019-12-30,401174959,198,
2019-12-30,401166518,70,
2019-12-30,401166518,2502,
2019-12-30,401170647,264,
2019-12-30,401170647,26,
2019-12-30,401175161,2856,
2019-12-30,401175161,292,
2019-12-30,401170215,2670,
2019-12-30,401170215,2230,
2019-12-30,401170213,257,
2019-12-30,401170213,2603,
2019-12-30,401170212,2184,
2019-12-30,401170212,139,
2019-12-30,401169921,238,
2019-12-30,401169921,2166,
2019-12-30,401174465,82,
2019-12-30,401174465,2754,
2019-12-30,401169676,251,
2019-12-30,401169676,2272,
2019-12-30,401169917,344,
2019-12-30,401169917,2309,
2019-12-30,401169918,142,
2019-12-30,401169918,2130,
2019-12-30,401169920,245,
2019-12-30,401169920,2640,
2019-12-30,401173583,282,
2019-12-30,401173583,79,
2019-12-30,401172467,85,
2019-12-30,401172467,325,
2019-12-30,401173598,2674,
2019-12-30,401173598,2350,
2019-12-30,401175863,2572,
2019-12-30,401175863,2348,
2019-12-30,401168349,305,
2019-12-30,401168349,2550,
2019-12-30,401166513,304,
2019-12-30,401166513,331,
2019-12-30,401166514,2692,
2019-12-30,401166514,70,
2019-12-30,401166515,149,
2019-12-30,401166515,16,
2019-12-30,401166516,147,
2019-12-30,401166516,2464,
2019-12-30,401172377,256,
2019-12-30,401172377,111,
2019-12-30,401173191,2539,
2019-12-30,401173191,108,
2019-12-30,401169916,61,
2019-12-30,401169916,2046,
2019-12-30,401170958,160,
2019-12-30,401170958,159,
2019-12-30,401169919,2579,
2019-12-30,401169919,56,
2019-12-30,401169675,239,6.0
2019-12-30,401169675,2296,
2019-12-30,401169785,222,10.0
2019-12-30,401169785,2752,
2019-12-30,401168285,153,
2019-12-30,401168285,43,
2019-12-30,401169673,201,
2019-12-30,401169673,292,
2019-12-30,401170207,2006,
2019-12-30,401170207,113,
2019-12-30,401172331,47,
2019-12-30,401172331,219,
2019-12-30,401170209,2230,
2019-12-30,401170209,2154,
2019-12-30,401170210,2084,
2019-12-30,401170210,179,
2019-12-30,401170432,294,
2019-12-30,401170432,2569,
2019-12-30,401171781,2182,
2019-12-30,401171781,350,
2019-12-30,401171924,171,
2019-12-30,401171924,399,
2019-12-30,401169674,2628,
2019-12-30,401169674,2244,
2019-12-30,401169511,235,9.0
2019-12-30,401169511,2655,
2019-12-30,401166146,2509,
2019-12-30,401166146,135,
2019-12-30,401173717,23,
2019-12-30,401173717,167,
2019-12-30,401173716,21,13.0
2019-12-30,401173716,278,
2019-12-30,401175479,2193,
2019-12-30,401175479,2747,
2019-12-30,401169514,2567,
2019-12-30,401169514,58,
2019-12-30,401169515,2132,
2019-12-30,401169515,41,
2019-12-30,401175794,2430,
2019-12-30,401175794,2382,
2019-12-30,401173720,68,
2019-12-30,401173720,2751,
2019-12-30,401168324,156,
2019-12-30,401168324,269,
2019-12-30,401173718,2440,
2019-12-30,401173718,36,
2019-12-30,401175439,2535,
2019-12-30,401175439,2643,
2019-12-30,401173719,2439,
2019-12-30,401173719,328,
2019-12-30,401176002,2229,
2019-12-30,401176002,2638,
2019-12-30,401173219,2545,
2019-12-30,401173219,2617,
2019-12-30,401176094,2803,
2019-12-30,401176094,2598,
2019-12-30,401170433,526,
2019-12-30,401170433,2335,
2019-12-30,401170916,311,
2019-12-30,401170916,171,
2019-12-30,401169513,2724,24.0
2019-12-30,401169513,151,
2019-12-30,401174956,2870,
2019-12-30,401174956,233,
2019-12-30,401168588,228,
2019-12-30,401168588,2390,
2019-12-30,401170869,189,
2019-12-30,401170869,42,
2019-12-30,401168521,52,18.0
2019-12-30,401168521,59,
2019-12-30,401170211,261,
2019-12-30,401170211,45,
2019-12-30,401173561,2287,
2019-12-30,401173561,2460,
2019-12-30,401174418,2463,
2019-12-30,401174418,2415,
2019-12-30,401173715,2005,
2019-12-30,401173715,27,
2019-12-30,401175571,2678,
2019-12-30,401175571,231,
2019-12-30,401173540,2623,
2019-12-30,401173540,339,
2019-12-30,401168393,2507,
2019-12-30,401168393,46,
2019-12-30,401168354,150,2.0
2019-12-30,401168354,103,
2019-12-30,401166144,275,
2019-12-30,401166144,2520,
2019-12-30,401169677,66,
2019-12-30,401169677,50,
2019-12-30,401173495,71,
2019-12-30,401173495,2181,
2019-12-30,401168297,2599,
2019-12-30,401168297,2086,11.0
2019-12-30,401166147,158,
2019-12-30,401166147,164,
2019-12-30,401174961,2437,
2019-12-30,401174961,198,
2019-12-30,401176338,2640,
2019-12-30,401176338,2582,
2019-12-30,401172332,219,
2019-12-30,401172332,163,
2019-12-30,401176294,2400,
2019-12-30,401176294,2029,
2019-12-30,401166274,57,
2019-12-30,401166274,333,
2019-12-30,401171409,2261,
2019-12-30,401171409,2127,
2019-12-30,401176241,2296,
2019-12-30,401176241,2011,
2019-12-30,401175676,2450,
2019-12-30,401175676,2065,
2019-12-30,401176142,2755,
2019-12-30,401176142,2010,
2019-12-30,401176184,2504,
2019-12-30,401176184,2016,
2019-12-30,401166275,8,
2019-12-30,401166275,245,
2019-12-30,401175175,252,
2019-12-30,401175175,2351,
2019-12-30,401170649,12,25.0
2019-12-30,401170649,9,
2019-12-30,401166153,135,
2019-12-30,401166153,77,
2019-12-30,401175162,2856,
2019-12-30,401175162,166,
2019-12-30,401175853,2934,
2019-12-30,401175853,2253,
2019-12-30,401170917,311,
2019-12-30,401170917,2619,
2019-12-30,401166151,127,14.0
2019-12-30,401166151,130,12.0
2019-12-30,401168473,258,19.0
2019-12-30,401168473,259,
2019-12-30,401172632,2084,
2019-12-30,401172632,2459,
2019-12-30,401172738,2117,
2019-12-30,401172738,193,
2019-12-30,401175713,2169,
2019-12-30,401175713,2415,
2019-12-30,401176443,116,
2019-12-30,401176443,112358,
2019-12-30,401166150,213,21.0
2019-12-30,401166150,2294,23.0
2019-12-30,401166272,96,17.0
2019-12-30,401166272,142,
2019-12-30,401168506,97,7.0
2019-12-30,401168506,52,18.0
2019-12-30,401172943,2320,
2019-12-30,401172943,2000,
2019-12-30,401171662,108,
2019-12-30,401171662,300,
2019-12-30,401169682,201,
2019-12-30,401169682,2306,
2019-12-30,401166271,2633,
2019-12-30,401166271,99,
2019-12-30,401168576,221,
2019-12-30,401168576,154,
2019-12-30,401168582,228,
2019-12-30,401168582,152,
2019-12-30,401172631,2199,
2019-12-30,401172631,2006,
2019-12-30,401169678,2641,22.0
2019-12-30,401169678,197,
2019-12-30,401166149,120,15.0
2019-12-30,401166149,84,
2019-12-30,401170938,2378,
2019-12-30,401170938,2349,
2019-12-30,401175440,2643,
2019-12-30,401175440,2717,
2019-12-30,401175757,2379,
2019-12-30,401175757,47,
2019-12-30,401169469,2724,24.0
2019-12-30,401169469,145,
2019-12-30,401169679,2305,3.0
2019-12-30,401169679,277,16.0
2019-12-30,401171474,2515,
2019-12-30,401171474,2272,
2019-12-30,401175355,2382,
2019-12-30,401175355,236,
2019-12-30,401166273,344,
2019-12-30,401166273,2,8.0
2019-12-30,401175239,2541,
2019-12-30,401175239,301,
2019-12-30,401175727,2428,
2019-12-30,401175727,50,
2019-12-30,401168534,183,
2019-12-30,401168534,87,
2019-12-30,401170439,2885,
2019-12-30,401170439,2335,
2019-12-30,401170842,2066,
2019-12-30,401170842,399,
2019-12-30,401172633,2711,
2019-12-30,401172633,195,
2019-12-30,401171594,2239,
2019-12-30,401171594,3249,
2019-12-30,401171639,302,
2019-12-30,401171639,2868,
2019-12-30,401171680,2540,
2019-12-30,401171680,2716,
2019-12-30,401171567,13,
2019-12-30,401171567,2585,
2019-12-30,401171615,299,
2019-12-30,401171615,2345,
2019-12-30,401175807,2448,
2019-12-30,401175807,108806,
2020-01-06,401170663,204,
2020-01-06,401170663,12,24.0
2020-01-06,401176450,2598,
2020-01-06,401176450,2681,
2020-01-06,401170443,2454,
2020-01-06,401170443,526,
2020-01-06,401170444,2335,
2020-01-06,401170444,2453,
2020-01-06,401171697,2210,
2020-01-06,401171697,232,
2020-01-06,401171809,256,
2020-01-06,401171809,48,
2020-01-06,401172086,2561,
2020-01-06,401172086,2612,
2020-01-06,401172394,2729,
2020-01-06,401172394,350,
2020-01-06,401172469,325,
2020-01-06,401172469,2174,
2020-01-06,401173885,2635,
2020-01-06,401173885,2046,
2020-01-06,401174784,290,
2020-01-06,401174784,2433,
2020-01-06,401174785,2247,
2020-01-06,401174785,309,
2020-01-06,401174788,2653,
2020-01-06,401174788,2031,
2020-01-06,401175067,2413,
2020-01-06,401175067,2565,
2020-01-06,401175138,2754,
2020-01-06,401175138,2473,
2020-01-06,401175865,2636,
2020-01-06,401175865,2348,
2020-01-06,401176446,112358,
2020-01-06,401176446,2115,
2020-01-06,401176447,161,
2020-01-06,401176447,2529,
2020-01-06,401176448,2771,
2020-01-06,401176448,116,
2020-01-06,401170442,294,
2020-01-06,401170442,2885,
2020-01-06,401171783,119,
2020-01-06,401171783,2182,
2020-01-06,401175163,2934,
2020-01-06,401175163,2856,
2020-01-06,401169524,41,
2020-01-06,401169524,2655,
2020-01-06,401174965,155,
2020-01-06,401174965,2437,
2020-01-06,401174966,2710,
2020-01-06,401174966,2870,
2020-01-06,401176413,2443,
2020-01-06,401176413,2110,
2020-01-06,401169686,66,
2020-01-06,401169686,2305,3.0
2020-01-06,401168449,2752,
2020-01-06,401168449,2550,
2020-01-06,401166158,275,
2020-01-06,401166158,356,
2020-01-06,401166281,99,
2020-01-06,401166281,8,
2020-01-06,401169687,251,
2020-01-06,401169687,201,
2020-01-06,401173728,23,
2020-01-06,401173728,2440,
2020-01-06,401173730,68,
2020-01-06,401173730,2439,
2020-01-06,401174964,2172,
2020-01-06,401174964,2571,
2020-01-06,401173729,2751,
2020-01-06,401173729,21,7.0
2020-01-06,401166282,2,5.0
2020-01-06,401166282,238,
2020-01-06,401168356,59,
2020-01-06,401168356,150,2.0
2020-01-06,401171568,13,
2020-01-06,401171568,2540,
2020-01-06,401171616,2463,
2020-01-06,401171616,299,
2020-01-06,401176449,2523,
2020-01-06,401176449,2597,
2020-01-06,401169525,2724,23.0
2020-01-06,401169525,235,21.0
2020-01-06,401172984,2320,
2020-01-06,401172984,2447,
2020-01-06,401166159,130,19.0
2020-01-06,401166159,2509,
2020-01-06,401170655,2483,9.0
2020-01-06,401170655,12,24.0
2020-01-06,401166160,127,8.0
2020-01-06,401166160,135,
2020-01-06,401166526,331,
2020-01-06,401166526,149,
2020-01-06,401166528,70,
2020-01-06,401166528,147,
2020-01-06,401171595,2239,
2020-01-06,401171595,62,
2020-01-06,401171640,302,
2020-01-06,401171640,27,
2020-01-06,401175240,301,
2020-01-06,401175240,2250,1.0
2020-01-06,401166529,16,
2020-01-06,401166529,2464,
2020-01-06,401170654,25,
2020-01-06,401170654,265,
2020-01-06,401170656,204,
2020-01-06,401170656,9,
2020-01-06,401175176,2608,
2020-01-06,401175176,252,
2020-01-06,401175241,2539,
2020-01-06,401175241,2541,
2020-01-06,401172333,163,
2020-01-06,401172333,219,
2020-01-06,401171937,2405,
2020-01-06,401171937,2099,
2020-01-06,401171962,2217,
2020-01-06,401171962,2363,
2020-01-06,401171983,2520,
2020-01-06,401171983,314,
2020-01-06,401172054,2514,
2020-01-06,401172054,315,
2020-01-06,401175991,2638,
2020-01-06,401175991,2572,
2020-01-06,401175746,166,
2020-01-06,401175746,2130,
2020-01-06,401174168,55,
2020-01-06,401174168,93,
2020-01-06,401174967,198,
2020-01-06,401174967,2449,
2020-01-06,401170441,288,
2020-01-06,401170441,338,
2020-01-06,401174047,2198,
2020-01-06,401174047,2197,
2020-01-06,401175918,2393,
2020-01-06,401175918,276,
2020-01-06,401171876,111,
2020-01-06,401171876,2275,
2020-01-06,401174786,6,
2020-01-06,401174786,2032,
2020-01-06,401174787,326,
2020-01-06,401174787,324,
2020-01-06,401174789,250,
2020-01-06,401174789,2026,
2020-01-06,401175555,292,
2020-01-06,401175555,140,
2020-01-06,401170657,24,
2020-01-06,401170657,264,
2020-01-06,401175903,242,
2020-01-06,401175903,2226,
2020-01-06,401175937,249,
2020-01-06,401175937,2229,
2020-01-06,401176045,5,
2020-01-06,401176045,98,
2020-01-06,401173955,2546,
2020-01-06,401173955,2057,
2020-01-06,401175068,2630,
2020-01-06,401175068,2634,
2020-01-06,401166527,304,
2020-01-06,401166527,253,
2020-01-06,401166530,2692,
2020-01-06,401166530,2458,
2020-01-06,401173065,2916,
2020-01-06,401173065,2466,
2020-01-06,401172944,2000,
2020-01-06,401172944,2377,
2020-01-06,401174450,85,
2020-01-06,401174450,2750,
2020-01-06,401173520,2181,
2020-01-06,401173520,2350,
2020-01-06,401172634,2006,
2020-01-06,401172634,2711,
2020-01-06,401172635,2309,
2020-01-06,401172635,2649,
2020-01-06,401172636,195,
2020-01-06,401172636,2199,
2020-01-06,401172637,2050,
2020-01-06,401172637,2084,
2020-01-06,401172638,2117,
2020-01-06,401172638,2459,
2020-01-06,401172735,189,
2020-01-06,401172735,193,
2020-01-06,401166156,164,
2020-01-06,401166156,213,20.0
2020-01-06,401168474,103,
2020-01-06,401168474,258,18.0
2020-01-06,401168507,97,13.0
2020-01-06,401168507,2390,
2020-01-06,401166154,120,12.0
2020-01-06,401166154,194,11.0
2020-01-06,401173563,2287,
2020-01-06,401173563,2623,
2020-01-06,401173584,2460,
2020-01-06,401173584,282,
2020-01-06,401173638,79,
2020-01-06,401173638,2674,
2020-01-06,401166155,158,
2020-01-06,401166155,2294,
2020-01-06,401166279,245,
2020-01-06,401166279,145,
2020-01-06,401168535,183,
2020-01-06,401168535,259,
2020-01-06,401169521,218,
2020-01-06,401169521,248,
2020-01-06,401169520,151,
2020-01-06,401169520,58,
2020-01-06,401168414,269,
2020-01-06,401168414,2507,
2020-01-06,401175677,47,
2020-01-06,401175677,2065,
2020-01-06,401175695,2154,
2020-01-06,401175695,2450,
2020-01-06,401175728,2448,
2020-01-06,401175728,50,
2020-01-06,401175844,2415,
2020-01-06,401175844,2569,
2020-01-06,401166277,142,
2020-01-06,401166277,2633,
2020-01-06,401176143,2296,
2020-01-06,401176143,2010,
2020-01-06,401176185,2640,
2020-01-06,401176185,2016,
2020-01-06,401176225,2755,
2020-01-06,401176225,2011,
2020-01-06,401176306,2504,
2020-01-06,401176306,2582,
2020-01-06,401169683,197,
2020-01-06,401169683,277,17.0
2020-01-06,401166276,2579,
2020-01-06,401166276,57,
2020-01-06,401169684,2306,
2020-01-06,401169684,2628,
2020-01-06,401168325,156,
2020-01-06,401168325,222,16.0
2020-01-06,401170227,139,
2020-01-06,401170227,45,
2020-01-06,401166278,61,
2020-01-06,401166278,96,14.0
2020-01-06,401171475,2272,
2020-01-06,401171475,2737,
2020-01-06,401171961,2217,
2020-01-06,401171961,2368,
2020-01-06,401172220,349,
2020-01-06,401172220,44,
2020-01-06,401172851,2142,
2020-01-06,401172851,2352,
2020-01-06,401172852,104,
2020-01-06,401172852,2329,
2020-01-06,401172853,2083,
2020-01-06,401172853,2426,
2020-01-06,401172854,322,
2020-01-06,401172854,107,
2020-01-06,401173497,339,
2020-01-06,401173497,71,
2020-01-06,401175356,236,
2020-01-06,401175356,231,
2020-01-06,401175481,2430,
2020-01-06,401175481,2193,
2020-01-06,401176084,2678,
2020-01-06,401176084,2717,
2020-01-06,401171410,2127,
2020-01-06,401171410,2344,
2020-01-06,401173221,2534,
2020-01-06,401173221,2545,
2020-01-06,401173236,2617,
2020-01-06,401173236,357,
2020-01-06,401176066,2535,
2020-01-06,401176066,2747,
2020-01-06,401168522,154,
2020-01-06,401168522,52,10.0
2020-01-06,401169523,2567,
2020-01-06,401169523,2116,
2020-01-06,401171431,2241,
2020-01-06,401171431,2515,
2020-01-06,401170979,261,
2020-01-06,401170979,2619,
2020-01-06,401170918,160,
2020-01-06,401170918,311,
2020-01-06,401166280,333,
2020-01-06,401166280,344,
2020-01-06,401169685,2641,22.0
2020-01-06,401169685,239,4.0
2020-01-06,401173726,2005,
2020-01-06,401173726,328,
2020-01-06,401173727,167,
2020-01-06,401173727,278,
2020-01-06,401171022,2427,
2020-01-06,401171022,2097,
2020-01-06,401171454,2908,
2020-01-06,401171454,2261,
2020-01-06,401168395,46,
2020-01-06,401168395,2599,
2020-01-06,401166157,84,
2020-01-06,401166157,77,
2020-01-06,401168489,153,
2020-01-06,401168489,221,
2020-01-06,401170871,2349,
2020-01-06,401170871,42,
2020-01-06,401168568,152,
2020-01-06,401168568,87,
2020-01-06,401169522,2132,
2020-01-06,401169522,202,
2020-01-06,401170224,2603,
2020-01-06,401170224,2184,
2020-01-06,401170225,227,
2020-01-06,401170225,2166,
2020-01-06,401170226,2244,
2020-01-06,401170226,179,
2020-01-06,401170228,113,
2020-01-06,401170228,2325,
2020-01-06,401170843,2066,
2020-01-06,401170843,2378,
2020-01-06,401170662,38,25.0
2020-01-06,401170662,254,
2020-01-06,401174467,82,
2020-01-06,401174467,94,
2020-01-06,401172521,2739,
2020-01-06,401172521,270,
2020-01-06,401175243,279,
2020-01-06,401175243,2539,
2020-01-06,401175441,2747,
2020-01-06,401175441,2643,
2020-01-06,401166532,147,
2020-01-06,401166532,2502,
2020-01-06,401173732,23,
2020-01-06,401173732,36,
2020-01-06,401176075,2717,
2020-01-06,401176075,2382,
2020-01-06,401170231,257,
2020-01-06,401170231,139,
2020-01-06,401175244,301,
2020-01-06,401175244,2492,
2020-01-06,401175540,2547,
2020-01-06,401175540,3084,
2020-01-06,401171663,300,
2020-01-06,401171663,62,
2020-01-06,401172985,2277,
2020-01-06,401172985,2320,
2020-01-06,401175164,2253,
2020-01-06,401175164,2856,
2020-01-06,401176144,2010,
2020-01-06,401176144,2029,
2020-01-06,401170661,26,
2020-01-06,401170661,30,
2020-01-06,401176295,2011,
2020-01-06,401176295,2400,
2020-01-06,401175177,252,
2020-01-06,401175177,2501,
2020-01-06,401170232,2670,
2020-01-06,401170232,227,
2020-01-06,401170234,179,
2020-01-06,401170234,2230,
2020-01-06,401175714,2169,
2020-01-06,401175714,2428,
2020-01-06,401168299,2507,
2020-01-06,401168299,2086,6.0
2020-01-06,401168351,2599,
2020-01-06,401168351,305,
2020-01-06,401170229,2168,15.0
2020-01-06,401170229,113,
2020-01-06,401170919,399,
2020-01-06,401170919,311,
2020-01-06,401175949,2429,
2020-01-06,401175949,295,
2020-01-06,401176096,2803,
2020-01-06,401176096,116,
2020-01-06,401175242,2351,
2020-01-06,401175242,2250,1.0
2020-01-06,401168491,153,
2020-01-06,401168491,228,
2020-01-06,401174969,233,
2020-01-06,401174969,2437,
2020-01-06,401175772,2379,
2020-01-06,401175772,2448,
2020-01-06,401170448,56,
2020-01-06,401170448,526,
2020-01-06,401171476,2506,
2020-01-06,401171476,2272,
2020-01-06,401172301,172,
2020-01-06,401172301,3103,
2020-01-06,401172282,171,
2020-01-06,401172282,329,
2020-01-06,401175888,43,
2020-01-06,401175888,353,
2020-01-06,401172263,225,
2020-01-06,401172263,353,
2020-01-13,401170675,26,
2020-01-13,401170675,25,
2020-01-13,401173600,2350,
2020-01-13,401173600,79,
2020-01-13,401171785,2182,
2020-01-13,401171785,2210,
2020-01-13,401171811,48,
2020-01-13,401171811,2729,
2020-01-13,401171877,350,
2020-01-13,401171877,2275,
2020-01-13,401172003,2363,
2020-01-13,401172003,2514,
2020-01-13,401172025,2405,
2020-01-13,401172025,2368,
2020-01-13,401172471,2750,
2020-01-13,401172471,325,
2020-01-13,401174796,2026,
2020-01-13,401174796,2032,
2020-01-13,401174797,324,
2020-01-13,401174797,2031,
2020-01-13,401174800,2653,
2020-01-13,401174800,290,
2020-01-13,401175139,94,
2020-01-13,401175139,2754,
2020-01-13,401175905,2226,
2020-01-13,401175905,2393,
2020-01-13,401175920,276,
2020-01-13,401175920,2429,
2020-01-13,401176046,2229,
2020-01-13,401176046,5,
2020-01-13,401169536,235,22.0
2020-01-13,401169536,2132,
2020-01-13,401175867,2348,
2020-01-13,401175867,242,
2020-01-13,401172497,270,
2020-01-13,401172497,2174,
2020-01-13,401172522,2739,
2020-01-13,401172522,2473,
2020-01-13,401171699,232,
2020-01-13,401171699,111,
2020-01-13,401171498,2344,
2020-01-13,401171498,2506,
2020-01-13,401171456,2261,
2020-01-13,401171456,2737,
2020-01-13,401171597,2239,
2020-01-13,401171597,300,
2020-01-13,401169534,248,
2020-01-13,401169534,2567,
2020-01-13,401173738,2005,
2020-01-13,401173738,68,
2020-01-13,401173739,36,
2020-01-13,401173739,167,
2020-01-13,401176034,2638,
2020-01-13,401176034,2636,
2020-01-13,401169535,218,
2020-01-13,401169535,2724,16.0
2020-01-13,401166296,333,
2020-01-13,401166296,2,4.0
2020-01-13,401170664,26,
2020-01-13,401170664,24,
2020-01-13,401173740,2439,
2020-01-13,401173740,23,
2020-01-13,401171024,2097,
2020-01-13,401171024,2127,
2020-01-13,401170452,2885,
2020-01-13,401170452,288,
2020-01-13,401205790,107,
2020-01-13,401205790,349,
2020-01-13,401171477,2427,
2020-01-13,401171477,2272,
2020-01-13,401171542,2908,
2020-01-13,401171542,2515,
2020-01-13,401170449,526,
2020-01-13,401170449,338,
2020-01-13,401170450,294,
2020-01-13,401170450,2454,
2020-01-13,401170451,2453,
2020-01-13,401170451,56,
2020-01-13,401173522,2181,
2020-01-13,401173522,2287,
2020-01-13,401174798,309,
2020-01-13,401174798,250,
2020-01-13,401168558,59,
2020-01-13,401168558,87,
2020-01-13,401174799,6,
2020-01-13,401174799,2247,
2020-01-13,401170669,265,
2020-01-13,401170669,2483,8.0
2020-01-13,401171618,299,
2020-01-13,401171618,302,
2020-01-13,401174420,27,
2020-01-13,401174420,2463,
2020-01-13,401175248,2501,
2020-01-13,401175248,279,
2020-01-13,401175589,2547,
2020-01-13,401175589,292,
2020-01-13,401166535,70,
2020-01-13,401166535,331,
2020-01-13,401170667,30,
2020-01-13,401170667,25,
2020-01-13,401170668,264,
2020-01-13,401170668,204,
2020-01-13,401175246,2250,1.0
2020-01-13,401175246,2541,
2020-01-13,401171570,62,
2020-01-13,401171570,13,
2020-01-13,401171939,2099,
2020-01-13,401171939,2561,
2020-01-13,401171964,314,
2020-01-13,401171964,2217,
2020-01-13,401172055,315,
2020-01-13,401172055,2520,
2020-01-13,401175574,2747,
2020-01-13,401175574,231,
2020-01-13,401166174,127,15.0
2020-01-13,401166174,275,
2020-01-13,401170242,139,
2020-01-13,401170242,2168,13.0
2020-01-13,401172264,43,
2020-01-13,401172264,225,
2020-01-13,401170666,9,
2020-01-13,401170666,38,20.0
2020-01-13,401175541,3084,
2020-01-13,401175541,166,
2020-01-13,401175247,2492,
2020-01-13,401175247,2351,
2020-01-13,401170665,12,
2020-01-13,401170665,254,
2020-01-13,401174801,2433,
2020-01-13,401174801,326,
2020-01-13,401174974,2710,
2020-01-13,401174974,198,
2020-01-13,401175557,140,
2020-01-13,401175557,2934,
2020-01-13,401175854,2130,
2020-01-13,401175854,2253,
2020-01-13,401175938,2572,
2020-01-13,401175938,249,
2020-01-13,401175950,98,
2020-01-13,401175950,295,
2020-01-13,401173887,2546,
2020-01-13,401173887,2046,
2020-01-13,401174049,2197,
2020-01-13,401174049,55,
2020-01-13,401175178,252,
2020-01-13,401175178,301,
2020-01-13,401175071,2630,
2020-01-13,401175071,93,
2020-01-13,401175072,2634,
2020-01-13,401175072,2413,
2020-01-13,401175073,2565,
2020-01-13,401175073,2635,
2020-01-13,401166536,304,
2020-01-13,401166536,2692,
2020-01-13,401166537,253,
2020-01-13,401166537,2464,
2020-01-13,401166538,2458,
2020-01-13,401166538,16,
2020-01-13,401173957,2057,
2020-01-13,401173957,2198,
2020-01-13,401166171,135,
2020-01-13,401166171,213,
2020-01-13,401168433,2507,
2020-01-13,401168433,2599,
2020-01-13,401169541,2132,
2020-01-13,401169541,151,
2020-01-13,401166293,2579,
2020-01-13,401166293,96,10.0
2020-01-13,401168358,228,
2020-01-13,401168358,150,3.0
2020-01-13,401166168,77,
2020-01-13,401166168,2294,
2020-01-13,401169532,2655,
2020-01-13,401169532,2116,
2020-01-13,401172645,2459,
2020-01-13,401172645,2006,
2020-01-13,401169695,2306,
2020-01-13,401169695,2641,23.0
2020-01-13,401170237,2168,13.0
2020-01-13,401170237,2670,
2020-01-13,401168352,222,14.0
2020-01-13,401168352,305,
2020-01-13,401166292,344,
2020-01-13,401166292,142,
2020-01-13,401168548,154,
2020-01-13,401168548,259,
2020-01-13,401166170,275,
2020-01-13,401166170,120,17.0
2020-01-13,401169694,277,12.0
2020-01-13,401169694,2628,
2020-01-13,401169693,201,
2020-01-13,401169693,2305,6.0
2020-01-13,401173736,2440,
2020-01-13,401173736,2751,
2020-01-13,401173737,278,
2020-01-13,401173737,21,7.0
2020-01-13,401172859,322,
2020-01-13,401172859,2142,
2020-01-13,401176456,161,
2020-01-13,401176456,2598,
2020-01-13,401176455,2529,
2020-01-13,401176455,2115,
2020-01-13,401168509,221,
2020-01-13,401168509,97,11.0
2020-01-13,401172650,2084,
2020-01-13,401172650,195,
2020-01-13,401172649,2199,
2020-01-13,401172649,2050,
2020-01-13,401176187,2016,
2020-01-13,401176187,2755,
2020-01-13,401172858,2352,
2020-01-13,401172858,104,
2020-01-13,401175679,2065,
2020-01-13,401175679,2415,
2020-01-13,401175715,2169,
2020-01-13,401175715,2448,
2020-01-13,401175759,47,
2020-01-13,401175759,2569,
2020-01-13,401175773,2379,
2020-01-13,401175773,2428,
2020-01-13,401175696,50,
2020-01-13,401175696,2154,
2020-01-13,401176145,2010,
2020-01-13,401176145,2400,
2020-01-13,401181598,2011,
2020-01-13,401181598,2029,
2020-01-13,401172648,2649,
2020-01-13,401172648,2117,
2020-01-13,401166534,149,
2020-01-13,401166534,2502,
2020-01-13,401166169,194,21.0
2020-01-13,401166169,158,
2020-01-13,401166290,57,
2020-01-13,401166290,145,
2020-01-13,401166291,245,
2020-01-13,401166291,99,
2020-01-13,401170236,2166,
2020-01-13,401170236,257,
2020-01-13,401172646,193,
2020-01-13,401172646,2309,
2020-01-13,401172647,2711,
2020-01-13,401172647,189,
2020-01-13,401168536,183,
2020-01-13,401168536,103,
2020-01-13,401168300,2086,5.0
2020-01-13,401168300,2550,18.0
2020-01-13,401166295,8,
2020-01-13,401166295,238,
2020-01-13,401166172,164,
2020-01-13,401166172,84,
2020-01-13,401176457,2597,
2020-01-13,401176457,112358,
2020-01-13,401168327,46,
2020-01-13,401168327,156,25.0
2020-01-13,401168476,52,9.0
2020-01-13,401168476,258,
2020-01-13,401170241,2603,
2020-01-13,401170241,227,
2020-01-13,401173029,2377,
2020-01-13,401173029,2916,
2020-01-13,401168416,269,
2020-01-13,401168416,2752,
2020-01-13,401169696,197,
2020-01-13,401169696,251,
2020-01-13,401172986,2320,
2020-01-13,401172986,2534,
2020-01-13,401173006,2277,
2020-01-13,401173006,2443,
2020-01-13,401173050,2447,
2020-01-13,401173050,2466,
2020-01-13,401173222,2545,
2020-01-13,401173222,357,
2020-01-13,401173237,2110,
2020-01-13,401173237,2617,
2020-01-13,401173499,2623,
2020-01-13,401173499,71,
2020-01-13,401173625,2460,
2020-01-13,401173625,2674,
2020-01-13,401174972,2571,
2020-01-13,401174972,155,
2020-01-13,401174973,2449,
2020-01-13,401174973,233,
2020-01-13,401169697,239,2.0
2020-01-13,401169697,66,
2020-01-13,401176097,2771,
2020-01-13,401176097,2803,
2020-01-13,401176076,2382,
2020-01-13,401176076,2678,
2020-01-13,401175573,231,
2020-01-13,401175573,2717,
2020-01-13,401170872,42,
2020-01-13,401170872,2619,
2020-01-13,401166294,61,
2020-01-13,401166294,2633,
2020-01-13,401168583,152,
2020-01-13,401168583,2390,
2020-01-13,401169533,151,
2020-01-13,401169533,202,
2020-01-13,401170238,2184,
2020-01-13,401170238,2230,
2020-01-13,401170239,45,
2020-01-13,401170239,2244,
2020-01-13,401170240,179,
2020-01-13,401170240,113,
2020-01-13,401170845,2066,
2020-01-13,401170845,261,
2020-01-13,401170920,311,
2020-01-13,401170920,2349,
2020-01-13,401175483,2193,
2020-01-13,401175483,2535,
2020-01-13,401170960,160,
2020-01-13,401170960,399,
2020-01-13,401171963,2217,
2020-01-13,401171963,2612,
2020-01-13,401172222,44,
2020-01-13,401172222,2083,
2020-01-13,401172860,2329,
2020-01-13,401172860,2426,
2020-01-13,401173543,282,
2020-01-13,401173543,339,
2020-01-13,401175358,236,
2020-01-13,401175358,2747,
2020-01-13,401175442,2643,
2020-01-13,401175442,2430,
2020-01-13,401166173,2294,
2020-01-13,401166173,130,19.0
2020-01-13,401176242,2582,
2020-01-13,401176242,2296,
2020-01-13,401170961,160,
2020-01-13,401170961,2378,
2020-01-13,401175774,2450,
2020-01-13,401175774,2379,
2020-01-13,401176227,2755,
2020-01-13,401176227,2504,
2020-01-13,401176243,2296,
2020-01-13,401176243,2640,
2020-01-13,401170456,2335,
2020-01-13,401170456,288,
2020-01-13,401172283,171,
2020-01-13,401172283,172,
2020-01-13,401169538,2116,
2020-01-13,401169538,58,
2020-01-13,401166175,356,24.0
2020-01-13,401166175,77,
2020-01-13,401166539,147,
2020-01-13,401166539,331,
2020-01-13,401168493,221,
2020-01-13,401168493,153,
2020-01-13,401171681,62,
2020-01-13,401171681,2540,
2020-01-13,401173745,68,
2020-01-13,401173745,328,
2020-01-13,401172946,2000,
2020-01-13,401172946,2545,
2020-01-13,401171433,2241,
2020-01-13,401171433,2908,
2020-01-13,401172320,108,
2020-01-13,401172320,159,
2020-01-13,401172334,219,
2020-01-13,401172334,2603,
2020-01-13,401172379,119,
2020-01-13,401172379,256,
2020-01-13,401166176,120,17.0
2020-01-13,401166176,2509,
2020-01-13,401174452,85,
2020-01-13,401174452,82,
2020-01-13,401169470,222,14.0
2020-01-13,401169470,41,
2020-01-13,401170243,227,
2020-01-13,401170243,2325,
2020-01-13,401174977,2870,
2020-01-13,401174977,198,
2020-01-13,401175251,2492,
2020-01-13,401175251,2608,
2020-01-13,401176458,116,
2020-01-13,401176458,2115,
2020-01-13,401176459,2523,
2020-01-13,401176459,2771,
2020-01-13,401176461,2681,
2020-01-13,401176461,2597,
2020-01-13,401175249,2539,
2020-01-13,401175249,2351,
2020-01-13,401174975,2172,
2020-01-13,401174975,2437,
2020-01-13,401175165,2856,
2020-01-13,401175165,3246,
2020-01-20,401166192,77,
2020-01-20,401166192,194,
2020-01-20,401171813,2275,
2020-01-20,401171813,48,
2020-01-20,401170458,56,
2020-01-20,401170458,2885,
2020-01-20,401170459,338,
2020-01-20,401170459,2453,
2020-01-20,401171027,2261,
2020-01-20,401171027,2097,
2020-01-20,401171435,2272,
2020-01-20,401171435,2241,
2020-01-20,401171557,2737,
2020-01-20,401171557,2908,
2020-01-20,401171787,111,
2020-01-20,401171787,2182,
2020-01-20,401171857,2210,
2020-01-20,401171857,119,
2020-01-20,401172380,2729,
2020-01-20,401172380,256,
2020-01-20,401172473,325,
2020-01-20,401172473,2739,
2020-01-20,401172499,2174,
2020-01-20,401172499,85,
2020-01-20,401173959,93,
2020-01-20,401173959,2057,
2020-01-20,401174469,2473,
2020-01-20,401174469,82,
2020-01-20,401175142,2754,
2020-01-20,401175142,270,
2020-01-20,401175907,2429,
2020-01-20,401175907,2226,
2020-01-20,401175952,295,
2020-01-20,401175952,2229,
2020-01-20,401176099,2803,
2020-01-20,401176099,2681,
2020-01-20,401176467,2115,
2020-01-20,401176467,2529,
2020-01-20,401170457,2454,
2020-01-20,401170457,2335,
2020-01-20,401166186,194,
2020-01-20,401166186,135,
2020-01-20,401173031,2545,
2020-01-20,401173031,2377,
2020-01-20,401171514,2427,
2020-01-20,401171514,2515,
2020-01-20,401173586,2350,
2020-01-20,401173586,282,
2020-01-20,401174979,2571,
2020-01-20,401174979,2449,
2020-01-20,401176416,357,
2020-01-20,401176416,2443,
2020-01-20,401172947,2534,
2020-01-20,401172947,2000,
2020-01-20,401168434,2550,10.0
2020-01-20,401168434,2507,
2020-01-20,401166310,238,
2020-01-20,401166310,333,
2020-01-20,401168329,305,
2020-01-20,401168329,156,
2020-01-20,401168592,221,
2020-01-20,401168592,103,
2020-01-20,401173626,79,
2020-01-20,401173626,2460,
2020-01-20,401173749,36,
2020-01-20,401173749,278,
2020-01-20,401169545,202,
2020-01-20,401169545,235,20.0
2020-01-20,401166183,2294,19.0
2020-01-20,401166183,164,24.0
2020-01-20,401171599,302,
2020-01-20,401171599,2239,
2020-01-20,401171619,299,
2020-01-20,401171619,300,
2020-01-20,401171682,2540,
2020-01-20,401171682,2463,
2020-01-20,401175166,2856,
2020-01-20,401175166,2130,
2020-01-20,401173750,2440,
2020-01-20,401173750,2439,
2020-01-20,401176468,2771,
2020-01-20,401176468,161,
2020-01-20,401176469,112358,
2020-01-20,401176469,2598,
2020-01-20,401176470,2597,
2020-01-20,401176470,2523,
2020-01-20,401170460,288,
2020-01-20,401170460,294,
2020-01-20,401169546,248,25.0
2020-01-20,401169546,41,
2020-01-20,401171571,27,
2020-01-20,401171571,13,
2020-01-20,401175180,279,
2020-01-20,401175180,252,
2020-01-20,401175253,2351,
2020-01-20,401175253,2501,
2020-01-20,401175254,2541,
2020-01-20,401175254,2492,
2020-01-20,401175543,2934,
2020-01-20,401175543,3084,
2020-01-20,401170676,38,23.0
2020-01-20,401170676,265,
2020-01-20,401166547,16,
2020-01-20,401166547,2502,
2020-01-20,401175255,2608,
2020-01-20,401175255,2539,
2020-01-20,401170678,204,
2020-01-20,401170678,26,
2020-01-20,401170677,2483,12.0
2020-01-20,401170677,30,
2020-01-20,401172660,2084,
2020-01-20,401172660,2309,
2020-01-20,401166187,2509,
2020-01-20,401166187,275,
2020-01-20,401171941,314,
2020-01-20,401171941,2099,
2020-01-20,401171965,2514,
2020-01-20,401171965,2217,
2020-01-20,401172026,2561,
2020-01-20,401172026,2368,
2020-01-20,401172039,2405,
2020-01-20,401172039,315,
2020-01-20,401175645,2253,
2020-01-20,401175645,2547,
2020-01-20,401166546,2692,
2020-01-20,401166546,147,
2020-01-20,401166545,304,
2020-01-20,401166545,149,
2020-01-20,401175940,249,
2020-01-20,401175940,2636,
2020-01-20,401171413,2127,
2020-01-20,401171413,2506,
2020-01-20,401175869,2393,
2020-01-20,401175869,2348,
2020-01-20,401170679,254,
2020-01-20,401170679,264,
2020-01-20,401174809,2032,
2020-01-20,401174809,6,
2020-01-20,401174980,155,
2020-01-20,401174980,2172,
2020-01-20,401174981,2437,
2020-01-20,401174981,2710,
2020-01-20,401174982,233,
2020-01-20,401174982,2870,
2020-01-20,401175983,242,
2020-01-20,401175983,2638,
2020-01-20,401166185,84,
2020-01-20,401166185,127,11.0
2020-01-20,401175993,5,
2020-01-20,401175993,2572,
2020-01-20,401173613,2623,
2020-01-20,401173613,2674,
2020-01-20,401173889,2046,
2020-01-20,401173889,2634,
2020-01-20,401174051,2197,
2020-01-20,401174051,2630,
2020-01-20,401174073,55,
2020-01-20,401174073,2198,
2020-01-20,401175075,2565,
2020-01-20,401175075,2546,
2020-01-20,401175076,2635,
2020-01-20,401175076,2413,
2020-01-20,401173501,71,
2020-01-20,401173501,2287,
2020-01-20,401173008,2447,
2020-01-20,401173008,2277,
2020-01-20,401170684,25,
2020-01-20,401170684,24,
2020-01-20,401176228,2755,
2020-01-20,401176228,2640,
2020-01-20,401169704,239,1.0
2020-01-20,401169704,201,
2020-01-20,401166304,99,
2020-01-20,401166304,57,
2020-01-20,401169542,58,
2020-01-20,401169542,2724,
2020-01-20,401172656,2309,
2020-01-20,401172656,2459,
2020-01-20,401172657,195,
2020-01-20,401172657,2649,
2020-01-20,401172658,189,
2020-01-20,401172658,2199,
2020-01-20,401172659,2084,
2020-01-20,401172659,2711,
2020-01-20,401172733,193,
2020-01-20,401172733,2006,
2020-01-20,401166181,2509,
2020-01-20,401166181,356,21.0
2020-01-20,401166180,77,
2020-01-20,401166180,120,17.0
2020-01-20,401166305,96,15.0
2020-01-20,401166305,61,
2020-01-20,401168302,222,9.0
2020-01-20,401168302,2086,13.0
2020-01-20,401169705,2305,3.0
2020-01-20,401169705,2306,
2020-01-20,401168578,228,
2020-01-20,401168578,154,
2020-01-20,401169707,66,
2020-01-20,401169707,197,
2020-01-20,401169706,2628,
2020-01-20,401169706,2641,18.0
2020-01-20,401176244,2296,
2020-01-20,401176244,2504,
2020-01-20,401176189,2029,
2020-01-20,401176189,2016,
2020-01-20,401172988,2916,
2020-01-20,401172988,2320,
2020-01-20,401175731,50,
2020-01-20,401175731,2428,
2020-01-20,401176296,2400,
2020-01-20,401176296,2582,
2020-01-20,401168478,258,
2020-01-20,401168478,152,
2020-01-20,401171499,2344,
2020-01-20,401171499,2427,
2020-01-20,401172864,2142,
2020-01-20,401172864,2083,
2020-01-20,401176465,116,
2020-01-20,401176465,2597,
2020-01-20,401169703,277,14.0
2020-01-20,401169703,251,
2020-01-20,401175775,2569,
2020-01-20,401175775,2379,
2020-01-20,401175808,2415,
2020-01-20,401175808,2448,
2020-01-20,401166182,275,
2020-01-20,401166182,158,
2020-01-20,401166306,142,
2020-01-20,401166306,245,
2020-01-20,401166307,2633,
2020-01-20,401166307,145,
2020-01-20,401168417,269,
2020-01-20,401168417,2599,
2020-01-20,401172224,2352,
2020-01-20,401172224,44,
2020-01-20,401172248,322,
2020-01-20,401172248,349,
2020-01-20,401172866,104,
2020-01-20,401172866,2426,
2020-01-20,401173524,339,
2020-01-20,401173524,2181,
2020-01-20,401175360,236,
2020-01-20,401175360,2643,
2020-01-20,401175575,231,
2020-01-20,401175575,2535,
2020-01-20,401175922,276,
2020-01-20,401175922,98,
2020-01-20,401176077,2382,
2020-01-20,401176077,2717,
2020-01-20,401176085,2747,
2020-01-20,401176085,2678,
2020-01-20,401166308,2,16.0
2020-01-20,401166308,2579,
2020-01-20,401170250,2168,7.0
2020-01-20,401170250,179,
2020-01-20,401168510,97,6.0
2020-01-20,401168510,59,
2020-01-20,401172865,107,
2020-01-20,401172865,2329,
2020-01-20,401173066,2466,
2020-01-20,401173066,2617,
2020-01-20,401174808,2031,
2020-01-20,401174808,2653,
2020-01-20,401168494,259,
2020-01-20,401168494,153,
2020-01-20,401169544,2567,
2020-01-20,401169544,151,
2020-01-20,401172005,2368,
2020-01-20,401172005,2363,
2020-01-20,401170939,399,
2020-01-20,401170939,2349,
2020-01-20,401170921,311,
2020-01-20,401170921,261,
2020-01-20,401166309,344,
2020-01-20,401166309,8,
2020-01-20,401170248,2603,
2020-01-20,401170248,2670,
2020-01-20,401168360,150,8.0
2020-01-20,401168360,2390,
2020-01-20,401173747,167,
2020-01-20,401173747,23,
2020-01-20,401173748,328,
2020-01-20,401173748,2005,
2020-01-20,401173746,21,4.0
2020-01-20,401173746,2751,
2020-01-20,401168398,2752,
2020-01-20,401168398,46,
2020-01-20,401166184,130,
2020-01-20,401166184,213,
2020-01-20,401168538,87,
2020-01-20,401168538,183,
2020-01-20,401170874,42,
2020-01-20,401170874,2378,
2020-01-20,401169543,218,
2020-01-20,401169543,2132,
2020-01-20,401170249,257,
2020-01-20,401170249,2325,
2020-01-20,401170251,2166,
2020-01-20,401170251,139,
2020-01-20,401170252,227,
2020-01-20,401170252,2184,
2020-01-20,401170253,2230,
2020-01-20,401170253,45,
2020-01-20,401170254,2244,
2020-01-20,401170254,113,
2020-01-20,401170847,2619,
2020-01-20,401170847,2066,
2020-01-20,401172077,2520,
2020-01-20,401172077,2612,
2020-01-20,401172265,225,
2020-01-20,401172265,43,
2020-01-20,401175143,2750,
2020-01-20,401175143,94,
2020-01-20,401170461,526,
2020-01-20,401170461,2885,
2020-01-20,401172321,159,
2020-01-20,401172321,108,
2020-01-20,401169549,2724,
2020-01-20,401169549,2116,
2020-01-20,401173752,278,
2020-01-20,401173752,68,
2020-01-20,401174812,309,
2020-01-20,401174812,2433,
2020-01-20,401176340,2582,
2020-01-20,401176340,2011,
2020-01-20,401169547,151,
2020-01-20,401169547,2655,
2020-01-20,401166549,331,
2020-01-20,401166549,253,
2020-01-20,401166552,2464,
2020-01-20,401166552,2502,
2020-01-20,401176147,2016,
2020-01-20,401176147,2010,
2020-01-20,401175259,301,
2020-01-20,401175259,2541,
2020-01-20,401175784,2450,
2020-01-20,401175784,2569,
2020-01-20,401171642,62,
2020-01-20,401171642,302,
2020-01-20,401175256,2250,2.0
2020-01-20,401175256,279,
2020-01-20,401175590,292,
2020-01-20,401175590,166,
2020-01-20,401168524,52,5.0
2020-01-20,401168524,87,
2020-01-20,401170680,9,
2020-01-20,401170680,12,22.0
2020-01-20,401175167,2856,
2020-01-20,401175167,140,
2020-01-20,401174814,326,
2020-01-20,401174814,250,
2020-01-20,401174811,290,
2020-01-20,401174811,2247,
2020-01-20,401174810,324,
2020-01-20,401174810,2026,
2020-01-20,401175796,2535,
2020-01-20,401175796,2430,
2020-01-20,401170029,219,
2020-01-20,401170029,218,
2020-01-20,401172663,2117,
2020-01-20,401172663,2050,
2020-01-20,401174986,233,
2020-01-20,401174986,198,
2020-01-20,401175681,2448,
2020-01-20,401175681,2065,
2020-01-20,401175698,2154,
2020-01-20,401175698,2415,
2020-01-20,401172948,2110,
2020-01-20,401172948,2000,
2020-01-20,401175732,47,
2020-01-20,401175732,50,
2020-01-20,401166548,70,
2020-01-20,401166548,2458,
2020-01-20,401175716,2428,
2020-01-20,401175716,2169,
2020-01-20,401172284,172,
2020-01-20,401172284,171,
2020-01-20,401170848,2066,
2020-01-20,401170848,160,
2020-01-20,401171701,232,
2020-01-20,401171701,350,
2020-01-20,401175361,2193,
2020-01-20,401175361,236,
2020-01-20,401185833,163,
2020-01-20,401185833,370,
2020-01-27,401172087,2612,
2020-01-27,401172087,2561,
2020-01-27,401172475,325,
2020-01-27,401172475,85,
2020-01-27,401174817,290,
2020-01-27,401174817,2653,
2020-01-27,401174818,2247,
2020-01-27,401174818,6,
2020-01-27,401175909,2226,
2020-01-27,401175909,98,
2020-01-27,401175924,2229,
2020-01-27,401175924,276,
2020-01-27,401176101,2523,
2020-01-27,401176101,2803,
2020-01-27,401176475,2598,
2020-01-27,401176475,2115,
2020-01-27,401176476,2681,
2020-01-27,401176476,161,
2020-01-27,401176477,2771,
2020-01-27,401176477,2597,
2020-01-27,401171415,2127,
2020-01-27,401171415,2737,
2020-01-27,401174075,2198,
2020-01-27,401174075,2630,
2020-01-27,401174819,2031,
2020-01-27,401174819,324,
2020-01-27,401174989,2870,
2020-01-27,401174989,155,
2020-01-27,401175079,2413,
2020-01-27,401175079,2546,
2020-01-27,401175871,2348,
2020-01-27,401175871,2429,
2020-01-27,401166198,356,19.0
2020-01-27,401166198,135,
2020-01-27,401174816,2032,
2020-01-27,401174816,2026,
2020-01-27,401174820,326,
2020-01-27,401174820,2433,
2020-01-27,401174470,2754,
2020-01-27,401174470,82,
2020-01-27,401172423,2729,
2020-01-27,401172423,111,
2020-01-27,401166197,213,24.0
2020-01-27,401166197,84,
2020-01-27,401172396,119,
2020-01-27,401172396,350,
2020-01-27,401173760,68,
2020-01-27,401173760,23,
2020-01-27,401175168,3084,
2020-01-27,401175168,2856,
2020-01-27,401168512,103,
2020-01-27,401168512,97,6.0
2020-01-27,401173759,167,
2020-01-27,401173759,21,4.0
2020-01-27,401169720,66,
2020-01-27,401169720,239,1.0
2020-01-27,401170686,265,
2020-01-27,401170686,9,
2020-01-27,401176478,2529,
2020-01-27,401176478,116,
2020-01-27,401171436,2427,
2020-01-27,401171436,2241,
2020-01-27,401171702,256,
2020-01-27,401171702,232,
2020-01-27,401170465,2885,
2020-01-27,401170465,2453,
2020-01-27,401170466,294,
2020-01-27,401170466,526,
2020-01-27,401170467,2335,
2020-01-27,401170467,338,
2020-01-27,401170468,2454,
2020-01-27,401170468,56,
2020-01-27,401171028,2097,
2020-01-27,401171028,2272,
2020-01-27,401171500,2344,
2020-01-27,401171500,2515,
2020-01-27,401171532,2506,
2020-01-27,401171532,2908,
2020-01-27,401171859,2210,
2020-01-27,401171859,2275,
2020-01-27,401174821,250,
2020-01-27,401174821,309,
2020-01-27,401175591,292,
2020-01-27,401175591,2253,
2020-01-27,401175973,2572,
2020-01-27,401175973,295,
2020-01-27,401176035,2636,
2020-01-27,401176035,5,
2020-01-27,401175263,301,
2020-01-27,401175263,2539,
2020-01-27,401166557,2502,
2020-01-27,401166557,149,
2020-01-27,401175260,2541,
2020-01-27,401175260,2250,2.0
2020-01-27,401170688,24,
2020-01-27,401170688,204,
2020-01-27,401171684,2463,
2020-01-27,401171684,2540,
2020-01-27,401170689,26,
2020-01-27,401170689,38,20.0
2020-01-27,401172335,219,
2020-01-27,401172335,108,
2020-01-27,401172669,2309,
2020-01-27,401172669,2006,
2020-01-27,401170269,227,
2020-01-27,401170269,2670,
2020-01-27,401171943,2099,
2020-01-27,401171943,2514,
2020-01-27,401171966,2520,
2020-01-27,401171966,2217,
2020-01-27,401171987,314,
2020-01-27,401171987,2561,
2020-01-27,401172007,2612,
2020-01-27,401172007,2363,
2020-01-27,401172027,315,
2020-01-27,401172027,2368,
2020-01-27,401172266,225,
2020-01-27,401172266,172,
2020-01-27,401172285,43,
2020-01-27,401172285,171,
2020-01-27,401172322,163,
2020-01-27,401172322,159,
2020-01-27,401175262,2608,
2020-01-27,401175262,2501,
2020-01-27,401175261,279,
2020-01-27,401175261,2351,
2020-01-27,401171643,302,
2020-01-27,401171643,300,
2020-01-27,401170691,264,
2020-01-27,401170691,12,
2020-01-27,401174053,93,
2020-01-27,401174053,2197,
2020-01-27,401174171,55,
2020-01-27,401174171,2634,
2020-01-27,401175182,252,
2020-01-27,401175182,2492,
2020-01-27,401166199,120,15.0
2020-01-27,401166199,2294,18.0
2020-01-27,401174990,2710,
2020-01-27,401174990,2449,
2020-01-27,401166556,2458,
2020-01-27,401166556,304,
2020-01-27,401166558,253,
2020-01-27,401166558,2692,
2020-01-27,401173891,2046,
2020-01-27,401173891,2565,
2020-01-27,401171620,27,
2020-01-27,401171620,299,
2020-01-27,401173960,2635,
2020-01-27,401173960,2057,
2020-01-27,401174988,2172,
2020-01-27,401174988,233,
2020-01-27,401175747,166,
2020-01-27,401175747,2934,
2020-01-27,401176004,2638,
2020-01-27,401176004,2393,
2020-01-27,401170687,25,
2020-01-27,401170687,2483,11.0
2020-01-27,401170690,30,
2020-01-27,401170690,254,
2020-01-27,401171573,13,
2020-01-27,401171573,2239,
2020-01-27,401173758,36,
2020-01-27,401173758,2440,
2020-01-27,401172949,2617,
2020-01-27,401172949,2000,
2020-01-27,401168540,228,
2020-01-27,401168540,183,
2020-01-27,401170262,2670,
2020-01-27,401170262,257,
2020-01-27,401170263,2244,
2020-01-27,401170263,227,
2020-01-27,401172665,2006,
2020-01-27,401172665,2084,
2020-01-27,401172666,2649,
2020-01-27,401172666,2309,
2020-01-27,401172667,189,
2020-01-27,401172667,2050,
2020-01-27,401168480,258,
2020-01-27,401168480,52,5.0
2020-01-27,401168550,2390,
2020-01-27,401168550,259,
2020-01-27,401172668,2459,
2020-01-27,401172668,195,
2020-01-27,401166195,164,25.0
2020-01-27,401166195,2509,
2020-01-27,401166313,142,
2020-01-27,401166313,61,
2020-01-27,401173756,2005,
2020-01-27,401173756,278,
2020-01-27,401166314,145,
2020-01-27,401166314,2,17.0
2020-01-27,401168304,46,
2020-01-27,401168304,2086,16.0
2020-01-27,401168361,150,9.0
2020-01-27,401168361,221,
2020-01-27,401173757,2751,
2020-01-27,401173757,328,
2020-01-27,401172250,349,
2020-01-27,401172250,2083,
2020-01-27,401166196,127,14.0
2020-01-27,401166196,77,
2020-01-27,401169552,2132,
2020-01-27,401169552,2567,
2020-01-27,401166312,57,
2020-01-27,401166312,344,
2020-01-27,401168418,2752,
2020-01-27,401168418,269,
2020-01-27,401166194,158,
2020-01-27,401166194,130,
2020-01-27,401172226,44,
2020-01-27,401172226,2329,
2020-01-27,401175733,2450,
2020-01-27,401175733,50,
2020-01-27,401175682,2569,
2020-01-27,401175682,2065,
2020-01-27,401175699,2154,
2020-01-27,401175699,47,
2020-01-27,401175717,2448,
2020-01-27,401175717,2169,
2020-01-27,401175776,2379,
2020-01-27,401175776,2415,
2020-01-27,401166555,2464,
2020-01-27,401166555,16,
2020-01-27,401176148,2582,
2020-01-27,401176148,2010,
2020-01-27,401176190,2016,
2020-01-27,401176190,2011,
2020-01-27,401176298,2504,
2020-01-27,401176298,2400,
2020-01-27,401176364,2640,
2020-01-27,401176364,2029,
2020-01-27,401166193,2294,18.0
2020-01-27,401166193,275,
2020-01-27,401169718,197,
2020-01-27,401169718,2305,3.0
2020-01-27,401166553,331,
2020-01-27,401166553,2458,
2020-01-27,401166554,70,
2020-01-27,401166554,253,
2020-01-27,401166311,2633,
2020-01-27,401166311,245,
2020-01-27,401168468,2599,
2020-01-27,401168468,222,8.0
2020-01-27,401166315,96,13.0
2020-01-27,401166315,238,
2020-01-27,401168374,2550,10.0
2020-01-27,401168374,305,
2020-01-27,401168569,87,
2020-01-27,401168569,154,
2020-01-27,401169553,2116,
2020-01-27,401169553,235,
2020-01-27,401169555,151,
2020-01-27,401169555,248,21.0
2020-01-27,401170264,2184,
2020-01-27,401170264,2168,7.0
2020-01-27,401173032,2377,
2020-01-27,401173032,2447,
2020-01-27,401175362,2535,
2020-01-27,401175362,236,
2020-01-27,401176418,2534,
2020-01-27,401176418,357,
2020-01-27,401169556,2655,
2020-01-27,401169556,58,
2020-01-27,401169719,2628,
2020-01-27,401169719,251,
2020-01-27,401169721,2306,
2020-01-27,401169721,201,
2020-01-27,401170267,2325,
2020-01-27,401170267,139,
2020-01-27,401173010,2277,
2020-01-27,401173010,2916,
2020-01-27,401173068,2443,
2020-01-27,401173068,2466,
2020-01-27,401173223,2110,
2020-01-27,401173223,2545,
2020-01-27,401173546,2287,
2020-01-27,401173546,339,
2020-01-27,401173602,79,
2020-01-27,401173602,2350,
2020-01-27,401174987,198,
2020-01-27,401174987,2571,
2020-01-27,401169722,2641,
2020-01-27,401169722,277,12.0
2020-01-27,401166317,8,
2020-01-27,401166317,2579,
2020-01-27,401166316,99,22.0
2020-01-27,401166316,333,
2020-01-27,401175797,2717,
2020-01-27,401175797,2430,
2020-01-27,401175576,231,
2020-01-27,401175576,2678,
2020-01-27,401171925,2378,
2020-01-27,401171925,399,
2020-01-27,401169554,41,
2020-01-27,401169554,218,
2020-01-27,401170265,45,
2020-01-27,401170265,2166,
2020-01-27,401170266,2230,
2020-01-27,401170266,179,
2020-01-27,401170268,113,
2020-01-27,401170268,2603,
2020-01-27,401170849,42,
2020-01-27,401170849,2066,
2020-01-27,401170941,2349,
2020-01-27,401170941,2619,
2020-01-27,401170962,160,
2020-01-27,401170962,261,
2020-01-27,401172040,2612,
2020-01-27,401172040,2405,
2020-01-27,401175485,2193,
2020-01-27,401175485,2382,
2020-01-27,401172870,104,
2020-01-27,401172870,2352,
2020-01-27,401172871,2142,
2020-01-27,401172871,322,
2020-01-27,401172872,2426,
2020-01-27,401172872,107,
2020-01-27,401173503,71,
2020-01-27,401173503,2674,
2020-01-27,401173523,282,
2020-01-27,401173523,2181,
2020-01-27,401173614,2460,
2020-01-27,401173614,2623,
2020-01-27,401175445,2643,
2020-01-27,401175445,2747,
2020-01-27,401172501,2174,
2020-01-27,401172501,2473,
2020-01-27,401175144,270,
2020-01-27,401175144,2750,
2020-01-27,401172524,2739,
2020-01-27,401172524,94,
2020-01-27,401169560,202,
2020-01-27,401169560,2724,23.0
2020-01-27,401176245,2400,
2020-01-27,401176245,2296,
2020-01-27,401168497,153,
2020-01-27,401168497,103,
2020-01-27,401174421,62,
2020-01-27,401174421,2463,
2020-01-27,401174994,2437,
2020-01-27,401174994,233,
2020-01-27,401176230,2029,
2020-01-27,401176230,2755,
2020-01-27,401166561,149,
2020-01-27,401166561,147,
2020-01-27,401171789,48,
2020-01-27,401171789,2182,
2020-01-27,401172671,2711,
2020-01-27,401172671,2117,
2020-01-27,401172674,2199,
2020-01-27,401172674,2649,
2020-01-27,401168305,2086,16.0
2020-01-27,401168305,2507,
2020-01-27,401168513,152,
2020-01-27,401168513,97,6.0
2020-01-27,401175942,242,
2020-01-27,401175942,249,
2020-01-27,401166203,194,
2020-01-27,401166203,84,
2020-01-27,401168560,87,
2020-01-27,401168560,59,
2020-01-27,401170876,311,
2020-01-27,401170876,42,
2020-01-27,401168331,222,8.0
2020-01-27,401168331,156,
2020-01-27,401175560,2130,
2020-01-27,401175560,140,
2020-01-27,401176481,2771,
2020-01-27,401176481,112358,
2020-01-27,401172990,2377,
2020-01-27,401172990,2320,
2020-01-27,401170470,288,
2020-01-27,401170470,56,
2020-01-27,401175838,2428,
2020-01-27,401175838,2569,
2020-01-27,401171459,2261,
2020-01-27,401171459,2506,
2020-01-27,401172672,2459,
2020-01-27,401172672,193,
2020-01-27,401173762,36,
2020-01-27,401173762,2439,
2020-01-27,401175169,2547,
2020-01-27,401175169,2856,
2020-02-03,401166216,164,
2020-02-03,401166216,77,
2020-02-03,401170707,265,
2020-02-03,401170707,264,
2020-02-03,401174829,324,
2020-02-03,401174829,326,
2020-02-03,401175146,94,
2020-02-03,401175146,2473,
2020-02-03,401175925,276,
2020-02-03,401175925,2572,
2020-02-03,401175974,295,
2020-02-03,401175974,2636,
2020-02-03,401176006,2429,
2020-02-03,401176006,2638,
2020-02-03,401176103,2803,
2020-02-03,401176103,2597,
2020-02-03,401176483,161,
2020-02-03,401176483,2771,
2020-02-03,401176484,112358,
2020-02-03,401176484,116,
2020-02-03,401176485,2681,
2020-02-03,401176485,2523,
2020-02-03,401176486,2529,
2020-02-03,401176486,2598,
2020-02-03,401173962,2057,
2020-02-03,401173962,93,
2020-02-03,401175943,2393,
2020-02-03,401175943,249,
2020-02-03,401174471,82,
2020-02-03,401174471,270,
2020-02-03,401174830,309,
2020-02-03,401174830,2247,
2020-02-03,401174831,2433,
2020-02-03,401174831,290,
2020-02-03,401174997,155,
2020-02-03,401174997,198,
2020-02-03,401175561,140,
2020-02-03,401175561,292,
2020-02-03,401174828,2026,
2020-02-03,401174828,250,
2020-02-03,401172502,2750,
2020-02-03,401172502,2174,
2020-02-03,401171861,350,
2020-02-03,401171861,2210,
2020-02-03,401170474,2885,
2020-02-03,401170474,2454,
2020-02-03,401173769,328,
2020-02-03,401173769,2439,
2020-02-03,401172526,85,
2020-02-03,401172526,2739,
2020-02-03,401171517,2427,
2020-02-03,401171517,2908,
2020-02-03,401169564,151,
2020-02-03,401169564,2116,
2020-02-03,401169565,202,
2020-02-03,401169565,41,
2020-02-03,401169566,2724,
2020-02-03,401169566,2132,
2020-02-03,401170473,526,
2020-02-03,401170473,56,
2020-02-03,401170475,2453,
2020-02-03,401170475,288,
2020-02-03,401171815,48,
2020-02-03,401171815,119,
2020-02-03,401170476,294,
2020-02-03,401170476,2335,
2020-02-03,401171030,2737,
2020-02-03,401171030,2097,
2020-02-03,401171417,2344,
2020-02-03,401171417,2127,
2020-02-03,401171438,2506,
2020-02-03,401171438,2241,
2020-02-03,401171460,2272,
2020-02-03,401171460,2261,
2020-02-03,401171704,232,
2020-02-03,401171704,2729,
2020-02-03,401171790,2182,
2020-02-03,401171790,256,
2020-02-03,401175985,5,
2020-02-03,401175985,242,
2020-02-03,401170700,38,24.0
2020-02-03,401170700,25,
2020-02-03,401175749,2130,
2020-02-03,401175749,166,
2020-02-03,401172028,2368,
2020-02-03,401172028,2612,
2020-02-03,401175271,301,
2020-02-03,401175271,2608,
2020-02-03,401175268,2250,2.0
2020-02-03,401175268,2351,
2020-02-03,401173192,43,
2020-02-03,401173192,108,
2020-02-03,401170279,2670,
2020-02-03,401170279,2166,
2020-02-03,401171945,2520,
2020-02-03,401171945,2099,
2020-02-03,401171968,2561,
2020-02-03,401171968,2217,
2020-02-03,401172008,2363,
2020-02-03,401172008,315,
2020-02-03,401172268,225,
2020-02-03,401172268,159,
2020-02-03,401170699,9,
2020-02-03,401170699,26,
2020-02-03,401209156,2459,
2020-02-03,401209156,2309,
2020-02-03,401171989,2514,
2020-02-03,401171989,314,
2020-02-03,401166211,356,20.0
2020-02-03,401166211,120,9.0
2020-02-03,401172683,2084,
2020-02-03,401172683,2117,
2020-02-03,401174836,2653,
2020-02-03,401174836,6,
2020-02-03,401168377,46,
2020-02-03,401168377,305,
2020-02-03,401168552,259,
2020-02-03,401168552,103,
2020-02-03,401175269,2539,
2020-02-03,401175269,279,
2020-02-03,401175270,2492,
2020-02-03,401175270,2541,
2020-02-03,401174172,2546,
2020-02-03,401174172,55,
2020-02-03,401166569,2692,
2020-02-03,401166569,16,
2020-02-03,401173893,2634,
2020-02-03,401173893,2046,
2020-02-03,401174054,2197,
2020-02-03,401174054,2198,
2020-02-03,401175083,2630,
2020-02-03,401175083,2635,
2020-02-03,401175084,2565,
2020-02-03,401175084,2413,
2020-02-03,401166566,149,
2020-02-03,401166566,331,
2020-02-03,401166567,147,
2020-02-03,401166567,70,
2020-02-03,401166568,304,
2020-02-03,401166568,2464,
2020-02-03,401166570,253,
2020-02-03,401166570,2458,
2020-02-03,401175184,2501,
2020-02-03,401175184,252,
2020-02-03,401175893,98,
2020-02-03,401175893,2348,
2020-02-03,401169567,248,25.0
2020-02-03,401169567,2655,
2020-02-03,401170698,12,23.0
2020-02-03,401170698,30,
2020-02-03,401170701,254,
2020-02-03,401170701,24,
2020-02-03,401171644,300,
2020-02-03,401171644,302,
2020-02-03,401171685,2540,
2020-02-03,401171685,62,
2020-02-03,401175170,2856,
2020-02-03,401175170,2934,
2020-02-03,401171602,2239,
2020-02-03,401171602,27,
2020-02-03,401171575,13,
2020-02-03,401171575,299,
2020-02-03,401168514,97,5.0
2020-02-03,401168514,154,
2020-02-03,401166328,245,
2020-02-03,401166328,142,
2020-02-03,401172677,2199,
2020-02-03,401172677,2084,
2020-02-03,401172678,193,
2020-02-03,401172678,2711,
2020-02-03,401172679,2649,
2020-02-03,401172679,2459,
2020-02-03,401166326,8,
2020-02-03,401166326,2,11.0
2020-02-03,401168363,103,
2020-02-03,401168363,150,7.0
2020-02-03,401166208,127,16.0
2020-02-03,401166208,213,22.0
2020-02-03,401168376,305,
2020-02-03,401168376,2752,
2020-02-03,401172675,2309,
2020-02-03,401172675,2050,
2020-02-03,401169730,2641,
2020-02-03,401169730,201,
2020-02-03,401173766,278,
2020-02-03,401173766,36,
2020-02-03,401166327,96,15.0
2020-02-03,401166327,344,
2020-02-03,401173767,2751,
2020-02-03,401173767,68,
2020-02-03,401173768,2440,
2020-02-03,401173768,2005,
2020-02-03,401173588,282,
2020-02-03,401173588,2350,
2020-02-03,401168570,87,
2020-02-03,401168570,221,
2020-02-03,401172676,2117,
2020-02-03,401172676,189,
2020-02-03,401171967,2217,
2020-02-03,401171967,2405,
2020-02-03,401166329,57,
2020-02-03,401166329,61,
2020-02-03,401176231,2400,
2020-02-03,401176231,2755,
2020-02-03,401175786,2428,
2020-02-03,401175786,2450,
2020-02-03,401168498,52,8.0
2020-02-03,401168498,153,
2020-02-03,401175701,47,
2020-02-03,401175701,2154,
2020-02-03,401175718,2169,
2020-02-03,401175718,2379,
2020-02-03,401175809,2448,
2020-02-03,401175809,2569,
2020-02-03,401176150,2010,
2020-02-03,401176150,2504,
2020-02-03,401176246,2029,
2020-02-03,401176246,2296,
2020-02-03,401170276,227,
2020-02-03,401170276,113,
2020-02-03,401176365,2011,
2020-02-03,401176365,2640,
2020-02-03,401169729,2305,3.0
2020-02-03,401169729,251,
2020-02-03,401169728,2306,
2020-02-03,401169728,239,1.0
2020-02-03,401166207,130,
2020-02-03,401166207,194,
2020-02-03,401166325,333,
2020-02-03,401166325,2633,
2020-02-03,401168551,59,
2020-02-03,401168551,259,
2020-02-03,401168306,2086,19.0
2020-02-03,401168306,222,10.0
2020-02-03,401166330,145,
2020-02-03,401166330,2579,
2020-02-03,401166331,238,
2020-02-03,401166331,99,18.0
2020-02-03,401173033,357,
2020-02-03,401173033,2377,
2020-02-03,401172951,2466,
2020-02-03,401172951,2000,
2020-02-03,401173053,2617,
2020-02-03,401173053,2447,
2020-02-03,401176069,2535,
2020-02-03,401176069,2717,
2020-02-03,401169563,235,
2020-02-03,401169563,218,
2020-02-03,401169732,197,
2020-02-03,401169732,2628,
2020-02-03,401172991,2320,
2020-02-03,401172991,2110,
2020-02-03,401173012,2545,
2020-02-03,401173012,2277,
2020-02-03,401173568,2623,
2020-02-03,401173568,2287,
2020-02-03,401169731,277,13.0
2020-02-03,401169731,66,
2020-02-03,401173627,2674,
2020-02-03,401173627,2460,
2020-02-03,401174995,2437,
2020-02-03,401174995,2449,
2020-02-03,401176419,2916,
2020-02-03,401176419,2534,
2020-02-03,401168585,2390,
2020-02-03,401168585,152,
2020-02-03,401168400,46,
2020-02-03,401168400,2550,12.0
2020-02-03,401166209,135,
2020-02-03,401166209,275,
2020-02-03,401173505,2181,
2020-02-03,401173505,71,
2020-02-03,401172878,107,
2020-02-03,401172878,2352,
2020-02-03,401166210,2509,
2020-02-03,401166210,2294,17.0
2020-02-03,401168481,258,
2020-02-03,401168481,228,
2020-02-03,401172252,349,
2020-02-03,401172252,104,
2020-02-03,401170277,179,
2020-02-03,401170277,45,
2020-02-03,401170278,139,
2020-02-03,401170278,2184,
2020-02-03,401170850,399,
2020-02-03,401170850,2066,
2020-02-03,401170877,2378,
2020-02-03,401170877,42,
2020-02-03,401170923,261,
2020-02-03,401170923,311,
2020-02-03,401170943,2619,
2020-02-03,401170943,2349,
2020-02-03,401172228,2426,
2020-02-03,401172228,44,
2020-02-03,401172877,2329,
2020-02-03,401172877,2142,
2020-02-03,401168332,2507,
2020-02-03,401168332,156,21.0
2020-02-03,401173548,339,
2020-02-03,401173548,79,
2020-02-03,401174996,2870,
2020-02-03,401174996,2710,
2020-02-03,401175364,236,
2020-02-03,401175364,2193,
2020-02-03,401175447,2430,
2020-02-03,401175447,2643,
2020-02-03,401175577,231,
2020-02-03,401175577,2382,
2020-02-03,401175911,2229,
2020-02-03,401175911,2226,
2020-02-03,401176086,2678,
2020-02-03,401176086,2747,
2020-02-03,401169568,218,
2020-02-03,401169568,2567,
2020-02-03,401170963,160,
2020-02-03,401170963,2619,
2020-02-03,401171480,2272,
2020-02-03,401171480,2515,
2020-02-03,401173770,2440,
2020-02-03,401173770,23,
2020-02-03,401168541,183,
2020-02-03,401168541,154,
2020-02-03,401173240,2617,
2020-02-03,401173240,2443,
2020-02-03,401174998,2172,
2020-02-03,401174998,2870,
2020-02-03,401172477,2754,
2020-02-03,401172477,325,
2020-02-03,401173774,167,
2020-02-03,401173774,2751,
2020-02-03,401176232,2755,
2020-02-03,401176232,2582,
2020-02-03,401168333,156,21.0
2020-02-03,401168333,2599,
2020-02-03,401166213,2294,17.0
2020-02-03,401166213,158,
2020-02-03,401176192,2296,
2020-02-03,401176192,2016,
2020-02-03,401168307,269,
2020-02-03,401168307,2086,19.0
2020-02-03,401172287,171,
2020-02-03,401172287,163,
2020-02-03,401172304,172,
2020-02-03,401172304,219,
2020-02-03,401170285,113,
2020-02-03,401170285,2244,
2020-02-03,401170705,204,
2020-02-03,401170705,2483,14.0
2020-02-03,401173772,2005,
2020-02-03,401173772,21,4.0
2020-02-03,401174422,2463,
2020-02-03,401174422,27,
2020-02-03,401175171,2856,
2020-02-03,401175171,2253,
2020-02-03,401175000,2571,
2020-02-03,401175000,2437,
2020-02-03,401170281,2168,6.0
2020-02-03,401170281,139,
2020-02-03,401172880,322,
2020-02-03,401172880,2329,
2020-02-03,401174834,2031,
2020-02-03,401174834,2032,
2020-02-03,401174999,155,
2020-02-03,401174999,233,
2020-02-03,401172745,195,
2020-02-03,401172745,193,
2020-02-03,401172680,2006,
2020-02-03,401172680,2199,
2020-02-03,401166212,84,
2020-02-03,401166212,2509,
2020-02-03,401170284,2230,
2020-02-03,401170284,257,
2020-02-03,401166575,253,
2020-02-03,401166575,2502,
2020-02-03,401169569,235,
2020-02-03,401169569,58,
2020-02-03,401170479,338,
2020-02-03,401170479,288,
2020-02-03,401170283,2325,
2020-02-03,401170283,2603,
2020-02-03,401172882,2352,
2020-02-03,401172882,2083,
2020-02-03,401175545,3084,
2020-02-03,401175545,2547,
2020-02-03,401171879,2275,
2020-02-03,401171879,111,
2020-02-03,401175684,2065,
2020-02-03,401175684,2448,
2020-02-03,401175734,50,
2020-02-03,401175734,47,
2020-02-03,401175777,2415,
2020-02-03,401175777,2379,
2020-02-03,401176104,2803,
2020-02-03,401176104,2115,
2020-02-10,401170719,2483,17.0
2020-02-10,401170719,254,
2020-02-10,401171792,2729,
2020-02-10,401171792,2182,
2020-02-10,401172398,111,
2020-02-10,401172398,350,
2020-02-10,401172478,2473,
2020-02-10,401172478,325,
2020-02-10,401172504,2174,
2020-02-10,401172504,2754,
2020-02-10,401174194,2635,
2020-02-10,401174194,55,
2020-02-10,401174838,290,
2020-02-10,401174838,324,
2020-02-10,401174839,2247,
2020-02-10,401174839,2026,
2020-02-10,401174842,2653,
2020-02-10,401174842,2433,
2020-02-10,401176491,2115,
2020-02-10,401176491,112358,
2020-02-10,401176492,161,
2020-02-10,401176492,2681,
2020-02-10,401176493,2597,
2020-02-10,401176493,2771,
2020-02-10,401176494,116,
2020-02-10,401176494,2523,
2020-02-10,401170484,288,
2020-02-10,401170484,2885,
2020-02-10,401171420,2127,
2020-02-10,401171420,2272,
2020-02-10,401174078,2413,
2020-02-10,401174078,2198,
2020-02-10,401175895,2348,
2020-02-10,401175895,2229,
2020-02-10,401166633,2464,
2020-02-10,401166633,2458,
2020-02-10,401173963,2057,
2020-02-10,401173963,2634,
2020-02-10,401171817,2210,
2020-02-10,401171817,48,
2020-02-10,401171706,2275,
2020-02-10,401171706,232,
2020-02-10,401174841,326,
2020-02-10,401174841,2031,
2020-02-10,401171533,2515,
2020-02-10,401171533,2506,
2020-02-10,401166221,77,
2020-02-10,401166221,130,
2020-02-10,401168593,221,
2020-02-10,401168593,228,
2020-02-10,401169742,201,
2020-02-10,401169742,66,
2020-02-10,401169577,58,
2020-02-10,401169577,248,20.0
2020-02-10,401171666,27,
2020-02-10,401171666,300,
2020-02-10,401173778,2439,
2020-02-10,401173778,2440,
2020-02-10,401173779,23,
2020-02-10,401173779,278,
2020-02-10,401171622,62,
2020-02-10,401171622,299,
2020-02-10,401176105,2529,
2020-02-10,401176105,2803,
2020-02-10,401171502,2427,
2020-02-10,401171502,2344,
2020-02-10,401169578,2116,
2020-02-10,401169578,2724,
2020-02-10,401169579,2132,
2020-02-10,401169579,235,
2020-02-10,401170481,338,
2020-02-10,401170481,526,
2020-02-10,401170482,2454,
2020-02-10,401170482,294,
2020-02-10,401170483,56,
2020-02-10,401170483,2453,
2020-02-10,401171033,2097,
2020-02-10,401171033,2261,
2020-02-10,401171441,2241,
2020-02-10,401171441,2737,
2020-02-10,401174840,6,
2020-02-10,401174840,309,
2020-02-10,401174843,250,
2020-02-10,401174843,2032,
2020-02-10,401172953,2000,
2020-02-10,401172953,2277,
2020-02-10,401175275,279,
2020-02-10,401175275,2501,
2020-02-10,401166580,16,
2020-02-10,401166580,253,
2020-02-10,401170708,25,
2020-02-10,401170708,12,
2020-02-10,401166577,331,
2020-02-10,401166577,70,
2020-02-10,401170711,24,
2020-02-10,401170711,9,
2020-02-10,401170712,26,
2020-02-10,401170712,265,
2020-02-10,401175186,2351,
2020-02-10,401175186,252,
2020-02-10,401175276,2492,
2020-02-10,401175276,301,
2020-02-10,401172692,2649,
2020-02-10,401172692,2084,
2020-02-10,401170291,179,
2020-02-10,401170291,2166,
2020-02-10,401171947,2099,
2020-02-10,401171947,2405,
2020-02-10,401171970,2368,
2020-02-10,401171970,2217,
2020-02-10,401171990,314,
2020-02-10,401171990,2363,
2020-02-10,401172068,2612,
2020-02-10,401172068,2514,
2020-02-10,401172270,219,
2020-02-10,401172270,225,
2020-02-10,401172288,159,
2020-02-10,401172288,171,
2020-02-10,401172305,108,
2020-02-10,401172305,172,
2020-02-10,401172345,163,
2020-02-10,401172345,43,
2020-02-10,401175933,2934,
2020-02-10,401175933,2130,
2020-02-10,401171645,302,
2020-02-10,401171645,2540,
2020-02-10,401175546,292,
2020-02-10,401175546,3084,
2020-02-10,401171577,2463,
2020-02-10,401171577,13,
2020-02-10,401175913,2572,
2020-02-10,401175913,2226,
2020-02-10,401175945,249,
2020-02-10,401175945,2429,
2020-02-10,401175976,242,
2020-02-10,401175976,295,
2020-02-10,401166223,84,
2020-02-10,401166223,2294,21.0
2020-02-10,401175087,2546,
2020-02-10,401175087,2630,
2020-02-10,401166578,147,
2020-02-10,401166578,304,
2020-02-10,401166579,149,
2020-02-10,401166579,2692,
2020-02-10,401170710,204,
2020-02-10,401170710,254,
2020-02-10,401170713,30,
2020-02-10,401170713,264,
2020-02-10,401173895,2046,
2020-02-10,401173895,93,
2020-02-10,401174056,2197,
2020-02-10,401174056,2565,
2020-02-10,401175277,2541,
2020-02-10,401175277,2539,
2020-02-10,401175563,2253,
2020-02-10,401175563,140,
2020-02-10,401175647,166,
2020-02-10,401175647,2547,
2020-02-10,401175926,2636,
2020-02-10,401175926,276,
2020-02-10,401176007,2638,
2020-02-10,401176007,98,
2020-02-10,401170709,2483,17.0
2020-02-10,401170709,38,16.0
2020-02-10,401168419,222,15.0
2020-02-10,401168419,269,18.0
2020-02-10,401168437,2599,
2020-02-10,401168437,2507,
2020-02-10,401174456,94,
2020-02-10,401174456,85,
2020-02-10,401166340,145,
2020-02-10,401166340,344,
2020-02-10,401168542,183,
2020-02-10,401168542,152,
2020-02-10,401170286,2603,
2020-02-10,401170286,179,
2020-02-10,401170288,2166,
2020-02-10,401170288,2230,
2020-02-10,401172685,2006,
2020-02-10,401172685,189,
2020-02-10,401172686,2649,
2020-02-10,401172686,193,
2020-02-10,401172687,2050,
2020-02-10,401172687,2459,
2020-02-10,401172688,2117,
2020-02-10,401172688,2199,
2020-02-10,401172766,195,
2020-02-10,401172766,2711,
2020-02-10,401166339,238,
2020-02-10,401166339,96,12.0
2020-02-10,401170287,2168,6.0
2020-02-10,401170287,227,
2020-02-10,401168499,154,
2020-02-10,401168499,153,
2020-02-10,401166219,120,9.0
2020-02-10,401166219,158,
2020-02-10,401168483,258,
2020-02-10,401168483,87,
2020-02-10,401169740,2306,
2020-02-10,401169740,197,
2020-02-10,401173775,68,
2020-02-10,401173775,2005,
2020-02-10,401166342,99,25.0
2020-02-10,401166342,142,
2020-02-10,401166218,356,22.0
2020-02-10,401166218,127,
2020-02-10,401166341,2633,
2020-02-10,401166341,8,
2020-02-10,401166220,2509,
2020-02-10,401166220,213,13.0
2020-02-10,401173777,21,4.0
2020-02-10,401173777,167,
2020-02-10,401169739,251,
2020-02-10,401169739,239,1.0
2020-02-10,401172883,104,
2020-02-10,401172883,2142,
2020-02-10,401168365,150,7.0
2020-02-10,401168365,52,8.0
2020-02-10,401175685,2065,
2020-02-10,401175685,47,
2020-02-10,401175703,2154,
2020-02-10,401175703,2379,
2020-02-10,401175720,2569,
2020-02-10,401175720,2169,
2020-02-10,401175839,2415,
2020-02-10,401175839,2428,
2020-02-10,401175735,50,
2020-02-10,401175735,2448,
2020-02-10,401176152,2400,
2020-02-10,401176152,2010,
2020-02-10,401176213,2755,
2020-02-10,401176213,2016,
2020-02-10,401181599,2029,
2020-02-10,401181599,2011,
2020-02-10,401170062,2458,
2020-02-10,401170062,2502,
2020-02-10,401176247,2296,
2020-02-10,401176247,2582,
2020-02-10,401169738,2641,24.0
2020-02-10,401169738,2628,
2020-02-10,401173776,36,
2020-02-10,401173776,328,
2020-02-10,401166343,61,
2020-02-10,401166343,2579,
2020-02-10,401166345,245,
2020-02-10,401166345,57,
2020-02-10,401176079,2747,
2020-02-10,401176079,2382,
2020-02-10,401169741,277,14.0
2020-02-10,401169741,2305,3.0
2020-02-10,401173070,2466,
2020-02-10,401173070,2916,
2020-02-10,401175579,2535,
2020-02-10,401175579,231,
2020-02-10,401169575,2655,
2020-02-10,401169575,218,
2020-02-10,401169576,202,
2020-02-10,401169576,151,
2020-02-10,401172992,2447,
2020-02-10,401172992,2320,
2020-02-10,401173226,2545,
2020-02-10,401173226,2534,
2020-02-10,401173241,357,
2020-02-10,401173241,2617,
2020-02-10,401173507,71,
2020-02-10,401173507,282,
2020-02-10,401173528,2623,
2020-02-10,401173528,2181,
2020-02-10,401173570,2460,
2020-02-10,401173570,2287,
2020-02-10,401173639,2674,
2020-02-10,401173639,79,
2020-02-10,401175002,233,
2020-02-10,401175002,2710,
2020-02-10,401175003,198,
2020-02-10,401175003,2437,
2020-02-10,401176047,5,
2020-02-10,401176047,2393,
2020-02-10,401176420,2110,
2020-02-10,401176420,2443,
2020-02-10,401168515,59,
2020-02-10,401168515,97,5.0
2020-02-10,401166344,2,11.0
2020-02-10,401166344,333,
2020-02-10,401175799,2430,
2020-02-10,401175799,2717,
2020-02-10,401168308,2086,19.0
2020-02-10,401168308,2752,
2020-02-10,401175449,2193,
2020-02-10,401175449,2643,
2020-02-10,401168334,2550,10.0
2020-02-10,401168334,156,23.0
2020-02-10,401166222,194,
2020-02-10,401166222,164,
2020-02-10,401168591,2390,
2020-02-10,401168591,103,
2020-02-10,401169574,2567,
2020-02-10,401169574,41,
2020-02-10,401170289,2670,
2020-02-10,401170289,2244,
2020-02-10,401170290,2325,
2020-02-10,401170290,257,
2020-02-10,401170852,2066,
2020-02-10,401170852,2619,
2020-02-10,401170879,42,
2020-02-10,401170879,399,
2020-02-10,401170924,2349,
2020-02-10,401170924,311,
2020-02-10,401170964,261,
2020-02-10,401170964,160,
2020-02-10,401171946,315,
2020-02-10,401171946,2099,
2020-02-10,401172230,44,
2020-02-10,401172230,2352,
2020-02-10,401172253,349,
2020-02-10,401172253,322,
2020-02-10,401172884,2426,
2020-02-10,401172884,2083,
2020-02-10,401172885,2329,
2020-02-10,401172885,107,
2020-02-10,401173549,339,
2020-02-10,401173549,2350,
2020-02-10,401175366,236,
2020-02-10,401175366,2678,
2020-02-10,401175004,2571,
2020-02-10,401175004,2172,
2020-02-10,401171481,2272,
2020-02-10,401171481,2908,
2020-02-10,401172528,270,
2020-02-10,401172528,2739,
2020-02-10,401168335,156,23.0
2020-02-10,401168335,305,
2020-02-10,401172382,256,
2020-02-10,401172382,119,
2020-02-10,401170486,2335,
2020-02-10,401170486,2885,
2020-02-10,401176233,2504,
2020-02-10,401176233,2755,
2020-02-10,401168553,259,
2020-02-10,401168553,221,
2020-02-10,401175787,2450,
2020-02-10,401175787,2415,
2020-02-10,401175006,2710,
2020-02-10,401175006,155,
2020-02-10,401175280,2608,
2020-02-10,401175280,279,
2020-02-10,401175005,2449,
2020-02-10,401175005,2870,
2020-02-10,401166230,135,
2020-02-10,401166230,2294,21.0
2020-02-10,401170297,2230,
2020-02-10,401170297,2184,
2020-02-10,401172010,2561,
2020-02-10,401172010,2363,
2020-02-10,401174457,2750,
2020-02-10,401174457,85,
2020-02-10,401174493,94,
2020-02-10,401174493,82,
2020-02-10,401172069,2520,
2020-02-10,401172069,2514,
2020-02-10,401176248,2640,
2020-02-10,401176248,2296,
2020-02-10,401171578,2239,
2020-02-10,401171578,13,
2020-02-10,401175278,2492,
2020-02-10,401175278,2250,2.0
2020-02-10,401166225,158,
2020-02-10,401166225,275,
2020-02-10,401170294,139,
2020-02-10,401170294,2325,
2020-02-10,401168309,2086,19.0
2020-02-10,401168309,46,
2020-02-10,401170293,113,
2020-02-10,401170293,2168,6.0
2020-02-10,401170965,2378,
2020-02-10,401170965,160,
2020-02-10,401172691,2309,
2020-02-10,401172691,195,
2020-02-10,401176498,116,
2020-02-10,401176498,2598,
2020-02-10,401170295,2244,
2020-02-10,401170295,45,
2020-02-10,401173035,2466,
2020-02-10,401173035,2377,
2020-02-10,401173781,2751,
2020-02-10,401173781,36,
2020-02-10,401175172,2856,
2020-02-10,401175172,111910,
2020-02-17,401170731,265,
2020-02-17,401170731,24,
2020-02-17,401166237,158,
2020-02-17,401166237,127,
2020-02-17,401171862,256,
2020-02-17,401171862,2210,
2020-02-17,401171926,399,
2020-02-17,401171926,2378,
2020-02-17,401172430,119,
2020-02-17,401172430,2729,
2020-02-17,401172480,325,
2020-02-17,401172480,94,
2020-02-17,401173590,282,
2020-02-17,401173590,2460,
2020-02-17,401173965,2413,
2020-02-17,401173965,2057,
2020-02-17,401174851,2026,
2020-02-17,401174851,6,
2020-02-17,401174852,324,
2020-02-17,401174852,2653,
2020-02-17,401175012,2870,
2020-02-17,401175012,2437,
2020-02-17,401175149,2754,
2020-02-17,401175149,2750,
2020-02-17,401166236,2294,20.0
2020-02-17,401166236,194,25.0
2020-02-17,401171035,2127,
2020-02-17,401171035,2097,
2020-02-17,401174079,2198,
2020-02-17,401174079,2634,
2020-02-17,401173550,79,
2020-02-17,401173550,339,
2020-02-17,401173897,2565,
2020-02-17,401173897,2046,
2020-02-17,401174853,326,
2020-02-17,401174853,290,
2020-02-17,401174854,250,
2020-02-17,401174854,2247,
2020-02-17,401171819,48,
2020-02-17,401171819,111,
2020-02-17,401171794,2182,
2020-02-17,401171794,2275,
2020-02-17,401171482,2272,
2020-02-17,401171482,2506,
2020-02-17,401169481,218,
2020-02-17,401169481,41,
2020-02-17,401168378,305,
2020-02-17,401168378,222,12.0
2020-02-17,401168367,152,
2020-02-17,401168367,150,6.0
2020-02-17,401170720,265,
2020-02-17,401170720,25,
2020-02-17,401171624,300,
2020-02-17,401171624,299,
2020-02-17,401173788,23,
2020-02-17,401173788,68,
2020-02-17,401173789,278,
2020-02-17,401173789,2005,
2020-02-17,401171503,2908,
2020-02-17,401171503,2344,
2020-02-17,401169482,2724,
2020-02-17,401169482,58,
2020-02-17,401171442,2261,
2020-02-17,401171442,2241,
2020-02-17,401170489,294,
2020-02-17,401170489,288,
2020-02-17,401170490,2885,
2020-02-17,401170490,56,
2020-02-17,401170491,2453,
2020-02-17,401170491,338,
2020-02-17,401170492,2335,
2020-02-17,401170492,2454,
2020-02-17,401170854,2066,
2020-02-17,401170854,2349,
2020-02-17,401170881,160,
2020-02-17,401170881,42,
2020-02-17,401170982,2619,
2020-02-17,401170982,261,
2020-02-17,401170721,12,24.0
2020-02-17,401170721,204,
2020-02-17,401174058,2197,
2020-02-17,401174058,93,
2020-02-17,401170730,254,
2020-02-17,401170730,30,
2020-02-17,401174195,55,
2020-02-17,401174195,2546,
2020-02-17,401176505,2771,
2020-02-17,401176505,2529,
2020-02-17,401171948,2514,
2020-02-17,401171948,2099,
2020-02-17,401171972,2217,
2020-02-17,401171972,315,
2020-02-17,401171993,314,
2020-02-17,401171993,2520,
2020-02-17,401172011,2363,
2020-02-17,401172011,2612,
2020-02-17,401172029,2368,
2020-02-17,401172029,2405,
2020-02-17,401172272,171,
2020-02-17,401172272,225,
2020-02-17,401172307,172,
2020-02-17,401172307,43,
2020-02-17,401172325,159,
2020-02-17,401172325,219,
2020-02-17,401172346,108,
2020-02-17,401172346,163,
2020-02-17,401172505,2174,
2020-02-17,401172505,2739,
2020-02-17,401172702,2309,
2020-02-17,401172702,2084,
2020-02-17,401176108,2597,
2020-02-17,401176108,2803,
2020-02-17,401176503,2681,
2020-02-17,401176503,2115,
2020-02-17,401176506,2523,
2020-02-17,401176506,116,
2020-02-17,401175150,2473,
2020-02-17,401175150,270,
2020-02-17,401176504,161,
2020-02-17,401176504,112358,
2020-02-17,401175281,2250,2.0
2020-02-17,401175281,2539,
2020-02-17,401175282,2608,
2020-02-17,401175282,2351,
2020-02-17,401174432,27,
2020-02-17,401174432,62,
2020-02-17,401170723,38,18.0
2020-02-17,401170723,30,
2020-02-17,401175091,2635,
2020-02-17,401175091,2630,
2020-02-17,401166588,2458,
2020-02-17,401166588,253,
2020-02-17,401171518,2515,
2020-02-17,401171518,2427,
2020-02-17,401175013,2172,
2020-02-17,401175013,198,
2020-02-17,401175283,2501,
2020-02-17,401175283,2492,
2020-02-17,401175548,3084,
2020-02-17,401175548,2934,
2020-02-17,401175188,252,23.0
2020-02-17,401175188,2541,
2020-02-17,401170722,9,
2020-02-17,401170722,2483,14.0
2020-02-17,401170724,254,
2020-02-17,401170724,26,
2020-02-17,401166587,331,
2020-02-17,401166587,16,
2020-02-17,401166634,70,
2020-02-17,401166634,2464,
2020-02-17,401170725,264,
2020-02-17,401170725,24,
2020-02-17,401171579,13,
2020-02-17,401171579,302,
2020-02-17,401171604,2239,
2020-02-17,401171604,2540,
2020-02-17,401175648,2547,
2020-02-17,401175648,2253,
2020-02-17,401166635,2502,
2020-02-17,401166635,147,
2020-02-17,401169480,248,22.0
2020-02-17,401169480,202,
2020-02-17,401173787,328,
2020-02-17,401173787,2751,
2020-02-17,401169751,2641,
2020-02-17,401169751,2306,
2020-02-17,401168554,259,
2020-02-17,401168554,2390,
2020-02-17,401172694,2084,
2020-02-17,401172694,2050,
2020-02-17,401172695,2711,
2020-02-17,401172695,2006,
2020-02-17,401172696,2199,
2020-02-17,401172696,2309,
2020-02-17,401172697,195,
2020-02-17,401172697,2117,
2020-02-17,401176502,2598,
2020-02-17,401176502,2523,
2020-02-17,401169749,277,17.0
2020-02-17,401169749,197,
2020-02-17,401168528,52,8.0
2020-02-17,401168528,221,
2020-02-17,401166231,120,7.0
2020-02-17,401166231,77,
2020-02-17,401166355,142,
2020-02-17,401166355,145,
2020-02-17,401168336,269,19.0
2020-02-17,401168336,156,15.0
2020-02-17,401170299,2670,
2020-02-17,401170299,2168,5.0
2020-02-17,401173785,167,
2020-02-17,401173785,2440,
2020-02-17,401166356,99,
2020-02-17,401166356,96,10.0
2020-02-17,401169750,201,
2020-02-17,401169750,239,1.0
2020-02-17,401170300,113,
2020-02-17,401170300,139,
2020-02-17,401166354,57,
2020-02-17,401166354,8,
2020-02-17,401166233,275,
2020-02-17,401166233,2509,
2020-02-17,401176215,2016,
2020-02-17,401176215,2029,
2020-02-17,401168500,87,
2020-02-17,401168500,153,
2020-02-17,401175810,2448,
2020-02-17,401175810,2428,
2020-02-17,401172889,107,
2020-02-17,401172889,2083,
2020-02-17,401175687,2169,
2020-02-17,401175687,2065,
2020-02-17,401175736,2379,
2020-02-17,401175736,50,
2020-02-17,401175845,2569,
2020-02-17,401175845,2415,
2020-02-17,401175705,2450,
2020-02-17,401175705,2154,
2020-02-17,401176234,2640,
2020-02-17,401176234,2755,
2020-02-17,401166232,213,9.0
2020-02-17,401166232,356,
2020-02-17,401176300,2582,
2020-02-17,401176300,2400,
2020-02-17,401176249,2504,
2020-02-17,401176249,2296,
2020-02-17,401169748,2305,3.0
2020-02-17,401169748,66,
2020-02-17,401166353,2633,
2020-02-17,401166353,238,
2020-02-17,401170298,2603,
2020-02-17,401170298,2166,
2020-02-17,401173786,2439,
2020-02-17,401173786,36,
2020-02-17,401168310,2550,16.0
2020-02-17,401168310,2086,21.0
2020-02-17,401166235,164,
2020-02-17,401166235,130,
2020-02-17,401173530,2181,
2020-02-17,401173530,2674,
2020-02-17,401169479,2655,
2020-02-17,401169479,2567,
2020-02-17,401169752,251,
2020-02-17,401169752,2628,
2020-02-17,401170301,2184,
2020-02-17,401170301,45,
2020-02-17,401170302,2325,
2020-02-17,401170302,2230,
2020-02-17,401172955,2277,
2020-02-17,401172955,2000,
2020-02-17,401173036,2916,
2020-02-17,401173036,2377,
2020-02-17,401173509,71,
2020-02-17,401173509,2623,
2020-02-17,401173572,2350,
2020-02-17,401173572,2287,
2020-02-17,401173242,2617,
2020-02-17,401173242,2110,
2020-02-17,401174850,2032,
2020-02-17,401174850,2433,
2020-02-17,401175010,155,
2020-02-17,401175010,2571,
2020-02-17,401175011,233,
2020-02-17,401175011,2449,
2020-02-17,401175193,140,
2020-02-17,401175193,2856,
2020-02-17,401168401,46,
2020-02-17,401168401,2507,
2020-02-17,401166234,135,
2020-02-17,401166234,84,
2020-02-17,401166359,344,
2020-02-17,401166359,2579,
2020-02-17,401168486,258,
2020-02-17,401168486,103,
2020-02-17,401173056,2466,
2020-02-17,401173056,2447,
2020-02-17,401166358,333,
2020-02-17,401166358,245,
2020-02-17,401172890,2142,
2020-02-17,401172890,2329,
2020-02-17,401168562,154,
2020-02-17,401168562,59,
2020-02-17,401169477,2132,
2020-02-17,401169477,2116,
2020-02-17,401169478,235,
2020-02-17,401169478,151,
2020-02-17,401170303,257,
2020-02-17,401170303,2244,
2020-02-17,401171992,2561,
2020-02-17,401171992,314,
2020-02-17,401172232,44,
2020-02-17,401172232,2426,
2020-02-17,401172255,2352,
2020-02-17,401172255,349,
2020-02-17,401172891,322,
2020-02-17,401172891,104,
2020-02-17,401172994,2534,
2020-02-17,401172994,2320,
2020-02-17,401175368,2643,
2020-02-17,401175368,236,
2020-02-17,401175489,2193,
2020-02-17,401175489,231,
2020-02-17,401175801,2430,
2020-02-17,401175801,2747,
2020-02-17,401176070,2382,
2020-02-17,401176070,2535,
2020-02-17,401176087,2717,
2020-02-17,401176087,2678,
2020-02-17,401166357,61,
2020-02-17,401166357,2,13.0
2020-02-17,401168517,97,11.0
2020-02-17,401168517,183,
2020-02-17,401175636,166,
2020-02-17,401175636,292,
2020-02-17,401176174,2010,
2020-02-17,401176174,2016,
2020-02-17,401212054,98,
2020-02-17,401212054,2429,
2020-02-17,401212055,2226,
2020-02-17,401212055,5,
2020-02-17,401212056,276,
2020-02-17,401212056,295,
2020-02-17,401212058,2638,
2020-02-17,401212058,242,
2020-02-17,401173792,21,4.0
2020-02-17,401173792,2439,
2020-02-17,401175287,2608,
2020-02-17,401175287,301,
2020-02-17,401166591,304,
2020-02-17,401166591,2458,
2020-02-17,401166592,147,
2020-02-17,401166592,149,
2020-02-17,401166593,2692,
2020-02-17,401166593,253,
2020-02-17,401170307,179,
2020-02-17,401170307,257,
2020-02-17,401176342,2011,
2020-02-17,401176342,2582,
2020-02-17,401170926,2619,
2020-02-17,401170926,311,
2020-02-17,401171708,350,
2020-02-17,401171708,232,
2020-02-17,401168453,2550,16.0
2020-02-17,401168453,2599,
2020-02-17,401171668,2463,
2020-02-17,401171668,300,
2020-02-17,401175285,279,
2020-02-17,401175285,2541,
2020-02-17,401168594,103,
2020-02-17,401168594,228,
2020-02-17,401169786,2752,
2020-02-17,401169786,222,12.0
2020-02-17,401175015,2710,
2020-02-17,401175015,2437,
2020-02-17,401174859,2433,
2020-02-17,401174859,309,
2020-02-17,401170496,2885,
2020-02-17,401170496,526,
2020-02-17,401212057,2572,
2020-02-17,401212057,2393,
2020-02-17,401171463,2737,
2020-02-17,401171463,2261,
2020-02-17,401175194,2130,
2020-02-17,401175194,2856,
2020-02-17,401172698,2711,
2020-02-17,401172698,2649,
2020-02-17,401172699,2006,
2020-02-17,401172699,193,
2020-02-17,401172956,2545,
2020-02-17,401172956,2000,
2020-02-17,401173037,2377,
2020-02-17,401173037,2443,
2020-02-17,401174856,2032,
2020-02-17,401174856,2031,
2020-02-17,401170306,2166,
2020-02-17,401170306,227,
2020-02-17,401172995,2320,
2020-02-17,401172995,357,
2020-02-17,401172701,2459,
2020-02-17,401172701,2117,
2020-02-17,401172700,189,
2020-02-17,401172700,195,
2020-02-17,401175763,2448,
2020-02-17,401175763,47,
2020-02-17,401212053,249,
2020-02-17,401212053,2348,
2020-02-17,401174458,82,
2020-02-17,401174458,85,
2020-02-24,401166256,275,
2020-02-24,401166256,135,
2020-02-24,401172384,111,
2020-02-24,401172384,256,
2020-02-24,401171881,2275,
2020-02-24,401171881,119,
2020-02-24,401171950,2099,
2020-02-24,401171950,314,
2020-02-24,401172060,315,
2020-02-24,401172060,2612,
2020-02-24,401174459,85,
2020-02-24,401174459,2473,
2020-02-24,401176110,161,
2020-02-24,401176110,2803,
2020-02-24,401176511,2771,
2020-02-24,401176511,2115,
2020-02-24,401176512,112358,
2020-02-24,401176512,2681,
2020-02-24,401176513,2598,
2020-02-24,401176513,116,
2020-02-24,401176514,2529,
2020-02-24,401176514,2597,
2020-02-24,401209704,193,
2020-02-24,401209704,2117,
2020-02-24,401212059,2229,
2020-02-24,401212059,249,
2020-02-24,401212061,2226,
2020-02-24,401212061,2636,
2020-02-24,401166247,130,19.0
2020-02-24,401166247,275,
2020-02-24,401171422,2127,
2020-02-24,401171422,2241,
2020-02-24,401174862,2031,
2020-02-24,401174862,2433,
2020-02-24,401166249,77,
2020-02-24,401166249,356,
2020-02-24,401166597,2464,
2020-02-24,401166597,149,
2020-02-24,401171796,350,
2020-02-24,401171796,2182,
2020-02-24,401171504,2506,
2020-02-24,401171504,2344,
2020-02-24,401171484,2272,
2020-02-24,401171484,2427,
2020-02-24,401175195,2856,
2020-02-24,401175195,3084,
2020-02-24,401166373,57,
2020-02-24,401166373,99,
2020-02-24,401168573,103,
2020-02-24,401168573,87,
2020-02-24,401170313,139,
2020-02-24,401170313,2603,
2020-02-24,401173798,2005,
2020-02-24,401173798,167,
2020-02-24,401166245,135,
2020-02-24,401166245,120,9.0
2020-02-24,401170732,24,
2020-02-24,401170732,254,
2020-02-24,401171626,299,
2020-02-24,401171626,2463,
2020-02-24,401173799,2439,
2020-02-24,401173799,68,
2020-02-24,401171464,2261,
2020-02-24,401171464,2515,
2020-02-24,401171558,2908,
2020-02-24,401171558,2737,
2020-02-24,401171709,232,
2020-02-24,401171709,48,
2020-02-24,401166250,2509,
2020-02-24,401166250,84,
2020-02-24,401170497,526,
2020-02-24,401170497,294,
2020-02-24,401170498,2453,
2020-02-24,401170498,2885,
2020-02-24,401170499,338,
2020-02-24,401170499,2335,
2020-02-24,401170500,56,
2020-02-24,401170500,2454,
2020-02-24,401169493,2724,
2020-02-24,401169493,218,
2020-02-24,401172482,270,
2020-02-24,401172482,325,
2020-02-24,401168519,97,11.0
2020-02-24,401168519,259,
2020-02-24,401172507,82,
2020-02-24,401172507,2174,
2020-02-24,401175290,2539,
2020-02-24,401175290,2501,
2020-02-24,401175291,2541,
2020-02-24,401175291,2608,
2020-02-24,401175637,2934,
2020-02-24,401175637,292,
2020-02-24,401166598,16,
2020-02-24,401166598,147,
2020-02-24,401170735,26,
2020-02-24,401170735,9,
2020-02-24,401171581,13,
2020-02-24,401171581,300,
2020-02-24,401171686,27,
2020-02-24,401171686,2540,
2020-02-24,401170734,2483,14.0
2020-02-24,401170734,204,
2020-02-24,401171605,62,
2020-02-24,401171605,2239,
2020-02-24,401172712,195,
2020-02-24,401172712,2309,
2020-02-24,401171974,2217,
2020-02-24,401171974,2514,
2020-02-24,401172031,2368,
2020-02-24,401172031,2561,
2020-02-24,401172274,225,
2020-02-24,401172274,163,
2020-02-24,401172291,171,
2020-02-24,401172291,108,
2020-02-24,401172308,172,
2020-02-24,401172308,159,
2020-02-24,401172338,43,
2020-02-24,401172338,219,
2020-02-24,401174864,2247,
2020-02-24,401174864,290,
2020-02-24,401175289,2351,
2020-02-24,401175289,279,
2020-02-24,401170736,30,
2020-02-24,401170736,12,
2020-02-24,401175288,2250,3.0
2020-02-24,401175288,301,
2020-02-24,401175095,2630,
2020-02-24,401175095,2565,
2020-02-24,401172530,2739,
2020-02-24,401172530,2754,
2020-02-24,401173967,2057,
2020-02-24,401173967,2635,
2020-02-24,401174080,93,
2020-02-24,401174080,2198,
2020-02-24,401212060,98,
2020-02-24,401212060,2348,
2020-02-24,401212062,5,
2020-02-24,401212062,276,
2020-02-24,401174197,2634,
2020-02-24,401174197,55,
2020-02-24,401175020,198,
2020-02-24,401175020,2710,
2020-02-24,401174059,2546,
2020-02-24,401174059,2197,
2020-02-24,401170733,25,
2020-02-24,401170733,38,21.0
2020-02-24,401166594,253,
2020-02-24,401166594,331,
2020-02-24,401166595,2458,
2020-02-24,401166595,70,
2020-02-24,401166596,304,
2020-02-24,401166596,2502,
2020-02-24,401173899,2046,
2020-02-24,401173899,2413,
2020-02-24,401175019,2449,
2020-02-24,401175019,2571,
2020-02-24,401175750,2253,
2020-02-24,401175750,166,
2020-02-24,401166248,158,
2020-02-24,401166248,194,23.0
2020-02-24,401166372,238,
2020-02-24,401166372,142,
2020-02-24,401172957,2000,
2020-02-24,401172957,2534,
2020-02-24,401168402,269,
2020-02-24,401168402,46,
2020-02-24,401166371,8,
2020-02-24,401166371,2633,
2020-02-24,401172708,2050,
2020-02-24,401172708,2711,
2020-02-24,401172709,195,
2020-02-24,401172709,2084,
2020-02-24,401166244,127,24.0
2020-02-24,401166244,2294,18.0
2020-02-24,401166367,2,15.0
2020-02-24,401166367,145,
2020-02-24,401166368,245,
2020-02-24,401166368,96,8.0
2020-02-24,401168369,154,
2020-02-24,401168369,150,7.0
2020-02-24,401170312,2244,
2020-02-24,401170312,2168,4.0
2020-02-24,401173532,2350,
2020-02-24,401173532,2181,
2020-02-24,401173616,2674,
2020-02-24,401173616,2623,
2020-02-24,401169761,239,2.0
2020-02-24,401169761,2306,
2020-02-24,401166369,344,
2020-02-24,401166369,333,
2020-02-24,401168502,153,
2020-02-24,401168502,152,
2020-02-24,401168563,59,
2020-02-24,401168563,228,
2020-02-24,401169489,2567,
2020-02-24,401169489,235,
2020-02-24,401169490,202,
2020-02-24,401169490,2655,
2020-02-24,401173795,2751,
2020-02-24,401173795,2440,
2020-02-24,401169762,201,
2020-02-24,401169762,2641,22.0
2020-02-24,401172707,2117,
2020-02-24,401172707,2649,
2020-02-24,401172705,2199,
2020-02-24,401172705,2459,
2020-02-24,401175738,50,
2020-02-24,401175738,2569,
2020-02-24,401169758,251,
2020-02-24,401169758,277,20.0
2020-02-24,401168518,52,6.0
2020-02-24,401168518,97,11.0
2020-02-24,401175722,2415,
2020-02-24,401175722,2169,
2020-02-24,401175779,2448,
2020-02-24,401175779,2379,
2020-02-24,401175764,2428,
2020-02-24,401175764,47,
2020-02-24,401175689,2065,
2020-02-24,401175689,2450,
2020-02-24,401176216,2011,
2020-02-24,401176216,2016,
2020-02-24,401172704,189,
2020-02-24,401172704,2006,
2020-02-24,401176302,2400,
2020-02-24,401176302,2504,
2020-02-24,401176366,2029,
2020-02-24,401176366,2640,
2020-02-24,401176175,2010,
2020-02-24,401176175,2582,
2020-02-24,401169759,2305,1.0
2020-02-24,401169759,197,
2020-02-24,401168380,2752,
2020-02-24,401168380,305,
2020-02-24,401169760,66,
2020-02-24,401169760,2628,
2020-02-24,401170311,2166,
2020-02-24,401170311,2325,
2020-02-24,401182463,328,
2020-02-24,401182463,23,
2020-02-24,401173796,21,5.0
2020-02-24,401173796,36,
2020-02-24,401166370,2579,
2020-02-24,401166370,61,
2020-02-24,401173038,2377,
2020-02-24,401173038,2545,
2020-02-24,401175017,2870,
2020-02-24,401175017,2172,
2020-02-24,401175370,2678,
2020-02-24,401175370,236,
2020-02-24,401175452,2643,
2020-02-24,401175452,2382,
2020-02-24,401175491,2747,
2020-02-24,401175491,2193,
2020-02-24,401175581,2430,
2020-02-24,401175581,231,
2020-02-24,401176071,2717,
2020-02-24,401176071,2535,
2020-02-24,401166246,213,16.0
2020-02-24,401166246,164,
2020-02-24,401173071,2617,
2020-02-24,401173071,2466,
2020-02-24,401172897,2426,
2020-02-24,401172897,2352,
2020-02-24,401172996,2320,
2020-02-24,401172996,2916,
2020-02-24,401173015,2277,
2020-02-24,401173015,2447,
2020-02-24,401173552,2460,
2020-02-24,401173552,339,
2020-02-24,401173591,79,
2020-02-24,401173591,282,
2020-02-24,401174861,309,
2020-02-24,401174861,2032,
2020-02-24,401175018,2437,
2020-02-24,401175018,155,
2020-02-24,401176423,2443,
2020-02-24,401176423,357,
2020-02-24,401173511,2287,
2020-02-24,401173511,71,
2020-02-24,401172896,2083,
2020-02-24,401172896,2142,
2020-02-24,401168470,222,12.0
2020-02-24,401168470,2599,
2020-02-24,401170317,113,
2020-02-24,401170317,2670,
2020-02-24,401168488,259,
2020-02-24,401168488,258,
2020-02-24,401168544,221,
2020-02-24,401168544,183,
2020-02-24,401169491,58,
2020-02-24,401169491,151,
2020-02-24,401169492,41,
2020-02-24,401169492,2116,
2020-02-24,401170314,179,
2020-02-24,401170314,2184,
2020-02-24,401170315,2230,
2020-02-24,401170315,227,
2020-02-24,401170316,45,
2020-02-24,401170316,257,
2020-02-24,401170856,2378,
2020-02-24,401170856,2066,
2020-02-24,401172895,2329,
2020-02-24,401172895,104,
2020-02-24,401170882,2619,
2020-02-24,401170882,42,
2020-02-24,401170927,311,
2020-02-24,401170927,160,
2020-02-24,401170945,2349,
2020-02-24,401170945,399,
2020-02-24,401172012,2363,
2020-02-24,401172012,2368,
2020-02-24,401172234,44,
2020-02-24,401172234,322,
2020-02-24,401172257,349,
2020-02-24,401172257,107,
2020-02-24,401175152,94,
2020-02-24,401175152,2750,
2020-02-24,401170737,264,
2020-02-24,401170737,265,
2020-02-24,401173803,278,
2020-02-24,401173803,2751,
2020-02-24,401174866,6,
2020-02-24,401174866,2653,
2020-02-24,401168564,59,
2020-02-24,401168564,2390,
2020-02-24,401171627,302,
2020-02-24,401171627,299,
2020-02-24,401176250,2296,
2020-02-24,401176250,2400,
2020-02-24,401175190,2492,
2020-02-24,401175190,252,17.0
2020-02-24,401168312,2086,
2020-02-24,401168312,305,
2020-02-24,401176236,2755,
2020-02-24,401176236,2029,
2020-02-24,401175565,140,
2020-02-24,401175565,2130,
2020-02-24,401212065,295,
2020-02-24,401212065,2226,
2020-02-24,401171975,2217,
2020-02-24,401171975,2520,
2020-02-24,401172013,2405,
2020-02-24,401172013,2363,
2020-02-24,401212063,2429,
2020-02-24,401212063,2229,
2020-02-24,401169498,248,25.0
2020-02-24,401169498,2132,
2020-02-24,401212067,242,
2020-02-24,401212067,2393,
2020-02-24,401212068,2638,
2020-02-24,401212068,2572,
2020-02-24,401168337,2599,
2020-02-24,401168337,156,10.0
2020-02-24,401166603,2692,
2020-02-24,401166603,2502,
2020-02-24,401175196,2856,
2020-02-24,401175196,2547,
2020-02-24,401170946,2349,
2020-02-24,401170946,261,
2020-02-24,401176518,2523,
2020-02-24,401176518,2598,
2020-02-24,401170503,288,
2020-02-24,401170503,2335,
2020-02-24,401174867,250,
2020-02-24,401174867,326,
2020-02-24,401168439,222,12.0
2020-02-24,401168439,2507,
2020-02-24,401168421,269,
2020-02-24,401168421,2550,13.0
2020-02-24,401172958,2000,
2020-02-24,401172958,2110,
2020-02-24,401171037,2097,
2020-02-24,401171037,2427,
2020-02-24,401174863,2026,
2020-02-24,401174863,324,
2020-02-24,401175022,233,
2020-02-24,401175022,155,
2020-02-24,401175707,2415,
2020-02-24,401175707,2154,
2020-02-24,401171864,2729,
2020-02-24,401171864,2210,
2020-03-02,401211085,233,
2020-03-02,401211085,155,
2020-03-02,401169772,2305,1.0
2020-03-02,401169772,2628,
2020-03-02,401166385,145,
2020-03-02,401166385,142,
2020-03-02,401168565,59,
2020-03-02,401168565,221,
2020-03-02,401169771,197,
2020-03-02,401169771,2306,
2020-03-02,401166261,275,24.0
2020-03-02,401166261,77,
2020-03-02,401168490,2390,
2020-03-02,401168490,258,22.0
2020-03-02,401168531,87,
2020-03-02,401168531,52,7.0
2020-03-02,401170327,227,
2020-03-02,401170327,2168,3.0
2020-03-02,401211060,2197,
2020-03-02,401211060,55,
2020-03-02,401171670,300,
2020-03-02,401171670,2463,
2020-03-02,401210992,2737,
2020-03-02,401210992,2908,
2020-03-02,401210993,2241,
2020-03-02,401210993,2427,
2020-03-02,401211052,21,5.0
2020-03-02,401211052,2005,
2020-03-02,401211053,2439,
2020-03-02,401211053,68,
2020-03-02,401210994,2515,
2020-03-02,401210994,2127,
2020-03-02,401166262,130,25.0
2020-03-02,401166262,158,
2020-03-02,401168454,2550,8.0
2020-03-02,401168454,222,14.0
2020-03-02,401168338,156,11.0
2020-03-02,401168338,46,
2020-03-02,401166608,2502,
2020-03-02,401166608,2464,
2020-03-02,401212074,2572,
2020-03-02,401212074,242,
2020-03-02,401210959,2598,
2020-03-02,401210959,2803,
2020-03-02,401210960,2523,
2020-03-02,401210960,2597,
2020-03-02,401212069,2429,
2020-03-02,401212069,249,
2020-03-02,401212071,295,
2020-03-02,401212071,2636,
2020-03-02,401212072,276,
2020-03-02,401212072,2226,
2020-03-02,401166383,2,17.0
2020-03-02,401166383,245,
2020-03-02,401173073,2466,
2020-03-02,401173073,2443,
2020-03-02,401211059,2634,
2020-03-02,401211059,2413,
2020-03-02,401212070,2348,
2020-03-02,401212070,2229,
2020-03-02,401212073,2393,
2020-03-02,401212073,2638,
2020-03-02,401173017,2916,
2020-03-02,401173017,2277,
2020-03-02,401173039,2447,
2020-03-02,401173039,2377,
2020-03-02,401173227,2545,
2020-03-02,401173227,2110,
2020-03-02,401176425,357,
2020-03-02,401176425,2534,
2020-03-02,401211051,36,
2020-03-02,401211051,2751,
2020-03-02,401175812,2428,
2020-03-02,401175812,2448,
2020-03-02,401210939,2454,
2020-03-02,401210939,288,
2020-03-02,401210940,2335,
2020-03-02,401210940,56,
2020-03-02,401211133,2181,
2020-03-02,401211133,2287,
2020-03-02,401166606,149,
2020-03-02,401166606,2458,
2020-03-02,401166607,147,
2020-03-02,401166607,253,
2020-03-02,401169504,235,
2020-03-02,401169504,2724,
2020-03-02,401170743,9,
2020-03-02,401170743,264,
2020-03-02,401170745,204,
2020-03-02,401170745,24,
2020-03-02,401175197,166,
2020-03-02,401175197,2856,
2020-03-02,401175550,3084,
2020-03-02,401175550,140,
2020-03-02,401211054,328,
2020-03-02,401211054,167,
2020-03-02,401211156,2351,
2020-03-02,401211156,301,
2020-03-02,401166605,331,
2020-03-02,401166605,304,
2020-03-02,401166609,70,
2020-03-02,401166609,2692,
2020-03-02,401211062,2046,
2020-03-02,401211062,2197,
2020-03-02,401211134,2674,
2020-03-02,401211134,339,
2020-03-02,401171582,299,
2020-03-02,401171582,13,
2020-03-02,401171607,2540,
2020-03-02,401171607,2239,
2020-03-02,401176343,2582,
2020-03-02,401176343,2640,
2020-03-02,401176252,2011,
2020-03-02,401176252,2296,
2020-03-02,401176218,2016,
2020-03-02,401176218,2504,
2020-03-02,401175691,2065,
2020-03-02,401175691,50,
2020-03-02,401211654,44,
2020-03-02,401211654,2083,
2020-03-02,401211655,104,
2020-03-02,401211655,2426,
2020-03-02,401211656,349,
2020-03-02,401211656,322,
2020-03-02,401211657,2142,
2020-03-02,401211657,2329,
2020-03-02,401169503,41,
2020-03-02,401169503,248,21.0
2020-03-02,401166263,194,19.0
2020-03-02,401166263,356,23.0
2020-03-02,401175788,2415,
2020-03-02,401175788,2450,
2020-03-02,401176178,2010,
2020-03-02,401176178,2755,
2020-03-02,401211061,2198,
2020-03-02,401211061,2634,
2020-03-02,401175708,2379,
2020-03-02,401175708,2154,
2020-03-02,401210996,2344,
2020-03-02,401210996,2261,
2020-03-02,401211636,82,
2020-03-02,401211636,2754,
2020-03-02,401211637,2739,
2020-03-02,401211637,2473,
2020-03-02,401175725,47,
2020-03-02,401175725,2169,
2020-03-02,401210958,112358,
2020-03-02,401210958,161,
2020-03-02,401210957,2529,
2020-03-02,401210957,116,
2020-03-02,401172061,2561,
2020-03-02,401172061,315,
2020-03-02,401211634,2754,
2020-03-02,401211634,270,
2020-03-02,401170984,2378,
2020-03-02,401170984,2619,
2020-03-02,401170996,261,
2020-03-02,401170996,399,
2020-03-02,401172715,2309,
2020-03-02,401172715,189,
2020-03-02,401172717,2084,
2020-03-02,401172717,193,
2020-03-02,401172718,2050,
2020-03-02,401172718,2117,
2020-03-02,401172719,2711,
2020-03-02,401172719,2199,
2020-03-02,401174868,290,
2020-03-02,401174868,2032,
2020-03-02,401174869,2247,
2020-03-02,401174869,2031,
2020-03-02,401174872,2653,
2020-03-02,401174872,250,
2020-03-02,401210934,2454,
2020-03-02,401210934,294,
2020-03-02,401210937,56,
2020-03-02,401210937,2453,
2020-03-02,401210938,2335,
2020-03-02,401210938,2885,
2020-03-02,401210989,2127,
2020-03-02,401210989,2506,
2020-03-02,401210990,2427,
2020-03-02,401210990,2097,
2020-03-02,401210991,2908,
2020-03-02,401210991,2272,
2020-03-02,401170947,160,
2020-03-02,401170947,2349,
2020-03-02,401170883,42,
2020-03-02,401170883,311,
2020-03-02,401170326,2670,
2020-03-02,401170326,2184,
2020-03-02,401176251,2296,
2020-03-02,401176251,2029,
2020-03-02,401175811,2569,
2020-03-02,401175811,2448,
2020-03-02,401176237,2755,
2020-03-02,401176237,2400,
2020-03-02,401170325,257,
2020-03-02,401170325,2166,
2020-03-02,401169768,239,4.0
2020-03-02,401169768,2641,
2020-03-02,401166379,2579,
2020-03-02,401166379,344,
2020-03-02,401168504,153,
2020-03-02,401168504,154,
2020-03-02,401168545,103,
2020-03-02,401168545,183,
2020-03-02,401169500,58,
2020-03-02,401169500,2132,
2020-03-02,401211633,2473,
2020-03-02,401211633,325,
2020-03-02,401211652,2329,
2020-03-02,401211652,2352,
2020-03-02,401172014,2520,
2020-03-02,401172014,2363,
2020-03-02,401211653,2083,
2020-03-02,401211653,107,
2020-03-02,401168440,2507,
2020-03-02,401168440,2752,
2020-03-02,401166260,84,
2020-03-02,401166260,135,
2020-03-02,401166382,61,
2020-03-02,401166382,57,
2020-03-02,401166384,8,
2020-03-02,401166384,99,
2020-03-02,401168313,2086,
2020-03-02,401168313,2599,
2020-03-02,401168555,259,
2020-03-02,401168555,228,
2020-03-02,401169501,2116,
2020-03-02,401169501,2567,
2020-03-02,401169502,218,
2020-03-02,401169502,202,
2020-03-02,401170328,45,
2020-03-02,401170328,2230,
2020-03-02,401170329,2244,
2020-03-02,401170329,139,
2020-03-02,401170330,2325,
2020-03-02,401170330,113,
2020-03-02,401170331,179,
2020-03-02,401170331,2603,
2020-03-02,401171952,2368,
2020-03-02,401171952,2099,
2020-03-02,401171976,2405,
2020-03-02,401171976,2217,
2020-03-02,401171995,314,
2020-03-02,401171995,2514,
2020-03-02,401211050,167,
2020-03-02,401211050,23,
2020-03-02,401211049,278,
2020-03-02,401211049,2005,
2020-03-02,401166381,96,6.0
2020-03-02,401166381,2633,
2020-03-02,401174871,6,
2020-03-02,401174871,326,
2020-03-02,401166258,213,20.0
2020-03-02,401166258,127,16.0
2020-03-02,401166259,164,
2020-03-02,401166259,120,9.0
2020-03-02,401172716,2006,
2020-03-02,401172716,195,
2020-03-02,401168381,305,
2020-03-02,401168381,269,
2020-03-02,401172720,2459,
2020-03-02,401172720,2649,
2020-03-02,401174870,309,
2020-03-02,401174870,324,
2020-03-02,401174873,2433,
2020-03-02,401174873,2026,
2020-03-02,401166257,2294,18.0
2020-03-02,401166257,2509,
2020-03-02,401210936,288,
2020-03-02,401210936,526,
2020-03-02,401211635,82,
2020-03-02,401211635,85,
2020-03-02,401166380,333,
2020-03-02,401166380,238,
2020-03-02,401172959,2000,
2020-03-02,401172959,2617,
2020-03-02,401169769,201,
2020-03-02,401169769,251,
2020-03-02,401169770,66,
2020-03-02,401169770,277,
2020-03-02,401171648,302,
2020-03-02,401171648,62,
2020-03-02,401170742,12,
2020-03-02,401170742,265,
2020-03-02,401210969,119,
2020-03-02,401210969,111,
2020-03-02,401210965,2210,
2020-03-02,401210965,256,
2020-03-02,401172277,159,
2020-03-02,401172277,225,
2020-03-02,401173213,108,
2020-03-02,401173213,43,
2020-03-02,401211082,2449,
2020-03-02,401211082,2172,
2020-03-02,401212076,2229,
2020-03-02,401212076,98,
2020-03-02,401211065,2057,
2020-03-02,401211065,93,
2020-03-02,401211157,2541,
2020-03-02,401211157,2501,
2020-03-02,401172998,2320,
2020-03-02,401172998,2377,
2020-03-02,401172294,219,
2020-03-02,401172294,171,
2020-03-02,401172311,163,
2020-03-02,401172311,172,
2020-03-02,401211070,231,
2020-03-02,401211070,2747,
2020-03-02,401168372,150,12.0
2020-03-02,401168372,153,
2020-03-02,401211140,2623,
2020-03-02,401211140,2674,
2020-03-02,401175198,292,
2020-03-02,401175198,2856,
2020-03-02,401175856,2253,
2020-03-02,401175856,2934,
2020-03-02,401212078,5,
2020-03-02,401212078,295,
2020-03-02,401169508,2116,
2020-03-02,401169508,151,
2020-03-02,401211141,71,
2020-03-02,401211141,2674,
2020-03-02,401210967,232,
2020-03-02,401210967,48,
2020-03-02,401211072,2193,
2020-03-02,401211072,2717,
2020-03-02,401169509,2655,
2020-03-02,401169509,41,
2020-03-02,401210968,2729,
2020-03-02,401210968,2210,
2020-03-02,401211073,236,
2020-03-02,401211073,2747,
2020-03-02,401211084,198,
2020-03-02,401211084,2437,
2020-03-02,401211071,2430,
2020-03-02,401211071,236,
2020-03-02,401211083,2571,
2020-03-02,401211083,2870,
2020-03-02,401171649,27,
2020-03-02,401171649,302,
2020-03-02,401210966,2275,
2020-03-02,401210966,2182,
2020-03-02,401211160,279,
2020-03-02,401211160,2539,
2020-03-02,401166614,2502,
2020-03-02,401166614,16,
2020-03-02,401170748,2483,13.0
2020-03-02,401170748,24,
2020-03-02,401211161,2608,
2020-03-02,401211161,2492,
2020-03-02,401211068,2193,
2020-03-02,401211068,2678,
2020-03-02,401211137,2350,
2020-03-02,401211137,2674,
2020-03-02,401211067,2747,
2020-03-02,401211067,2643,
2020-03-02,401211138,282,
2020-03-02,401211138,2623,
2020-03-02,401170744,2483,13.0
2020-03-02,401170744,25,
2020-03-02,401211055,2440,
2020-03-02,401211055,2751,
2020-03-02,401211135,2460,
2020-03-02,401211135,2181,
2020-03-02,401211136,71,
2020-03-02,401211136,79,
2020-03-02,401211066,2535,
2020-03-02,401211066,2678,
2020-03-02,401168581,152,
2020-03-02,401168581,154,
2020-03-02,401171996,2612,
2020-03-02,401171996,314,
2020-03-02,401211069,2382,
2020-03-02,401211069,2717,
2020-03-02,401170750,30,
2020-03-02,401170750,26,
2020-03-02,401210964,2182,
2020-03-02,401210964,350,
2020-03-02,401168492,258,22.0
2020-03-02,401168492,97,10.0
2020-03-02,401170751,254,
2020-03-02,401170751,38,
2020-03-09,401211621,38,
2020-03-09,401211621,265,
2020-03-09,401211030,2217,
2020-03-09,401211030,2363,
2020-03-09,401211091,2296,
2020-03-09,401211091,2016,
2020-03-09,401211090,2582,
2020-03-09,401211090,2011,
2020-03-09,401211088,2449,
2020-03-09,401211088,155,
2020-03-09,401211089,2640,
2020-03-09,401211089,2755,
2020-03-09,401211041,2569,
2020-03-09,401211041,47,
2020-03-09,401211031,314,
2020-03-09,401211031,2099,
2020-03-09,401211640,94,
2020-03-09,401211640,82,
2020-03-09,401211586,259,
2020-03-09,401211586,153,
2020-03-09,401211108,261,
2020-03-09,401211108,2378,
2020-03-09,401211107,2619,
2020-03-09,401211107,42,
2020-03-09,401210972,2275,
2020-03-09,401210972,111,
2020-03-09,401210963,2523,
2020-03-09,401210963,2598,
2020-03-09,401211092,2504,
2020-03-09,401211092,2010,
2020-03-09,401211040,2169,
2020-03-09,401211040,2379,
2020-03-09,401211585,154,
2020-03-09,401211585,221,
2020-03-09,401211032,315,
2020-03-09,401211032,2368,
2020-03-09,401211163,252,14.0
2020-03-09,401211163,2608,
2020-03-09,401211639,94,
2020-03-09,401211639,2739,
2020-03-09,401211087,155,
2020-03-09,401211087,2870,
2020-03-09,401211162,2250,2.0
2020-03-09,401211162,2539,
2020-03-09,401210971,111,
2020-03-09,401210971,2210,
2020-03-09,401211650,2084,
2020-03-09,401211650,193,
2020-03-09,401211651,195,
2020-03-09,401211651,2117,
2020-03-09,401211649,2649,
2020-03-09,401211649,2711,
2020-03-09,401211648,2309,
2020-03-09,401211648,2199,
2020-03-09,401211638,2750,
2020-03-09,401211638,82,
2020-03-09,401211558,290,
2020-03-09,401211558,309,
2020-03-09,401211557,2026,
2020-03-09,401211557,324,
2020-03-09,401211086,2449,
2020-03-09,401211086,198,
2020-03-09,401211074,2193,
2020-03-09,401211074,2747,
2020-03-09,401210973,2692,
2020-03-09,401210973,16,
2020-03-09,401211022,276,
2020-03-09,401211022,2638,
2020-03-09,401211560,2247,
2020-03-09,401211560,290,
2020-03-09,401211470,2628,
2020-03-09,401211470,2306,
2020-03-09,401211034,2612,
2020-03-09,401211034,314,
2020-03-09,401211021,5,
2020-03-09,401211021,2636,
2020-03-09,401210944,2752,
2020-03-09,401210944,305,
2020-03-09,401211620,24,
2020-03-09,401211620,25,
2020-03-09,401211590,183,
2020-03-09,401211590,153,
2020-03-09,401211457,8,
2020-03-09,401211457,238,
2020-03-09,401211076,2320,
2020-03-09,401211076,2377,
2020-03-09,401211043,2448,
2020-03-09,401211043,47,
2020-03-09,401211004,84,
2020-03-09,401211004,158,
2020-03-09,401211559,326,
2020-03-09,401211559,2026,
2020-03-09,401211660,2142,
2020-03-09,401211660,104,
2020-03-09,401211020,2229,
2020-03-09,401211020,242,
2020-03-09,401211589,87,
2020-03-09,401211589,103,
2020-03-09,401211469,197,
2020-03-09,401211469,66,
2020-03-09,401211587,228,
2020-03-09,401211587,2390,
2020-03-09,401211456,145,
2020-03-09,401211456,61,
2020-03-09,401211033,2561,
2020-03-09,401211033,2363,
2020-03-09,401211019,295,
2020-03-09,401211019,2226,
2020-03-09,401210943,46,
2020-03-09,401210943,2599,
2020-03-09,401211075,2466,
2020-03-09,401211075,357,
2020-03-09,401211042,2428,
2020-03-09,401211042,2169,
2020-03-09,401211003,135,
2020-03-09,401211003,77,
2020-03-09,401211619,12,
2020-03-09,401211619,264,
2020-03-09,401210976,2464,
2020-03-09,401210976,304,
2020-03-09,401210902,45,
2020-03-09,401210902,2230,
2020-03-09,401211618,204,
2020-03-09,401211618,254,
2020-03-09,401211588,152,
2020-03-09,401211588,221,
2020-03-09,401210974,253,
2020-03-09,401210974,70,
2020-03-09,401210901,2244,
2020-03-09,401210901,2603,
2020-03-09,401210970,2275,
2020-03-09,401210970,48,
