week,game,team_id,rank
2020-11-23,401257570,256,
2020-11-23,401257570,2515,
2020-11-23,401263275,265,
2020-11-23,401263275,2640,
2020-11-23,401265295,2539,
2020-11-23,401265295,119,
2020-11-23,401264456,2448,
2020-11-23,401264456,195,
2020-11-23,401257485,2473,
2020-11-23,401257485,2649,
2020-11-23,401256505,277,15.0
2020-11-23,401256505,2670,
2020-11-23,401263598,158,
2020-11-23,401263598,2440,
2020-11-23,401259996,2193,
2020-11-23,401259996,2046,
2020-11-23,401255038,2599,
2020-11-23,401255038,2325,
2020-11-23,401260001,2250,1.0
2020-11-23,401260001,2305,6.0
2020-11-23,401262372,356,8.0
2020-11-23,401262372,2130,
2020-11-23,401257484,2752,
2020-11-23,401257484,71,
2020-11-23,401256504,235,
2020-11-23,401256504,98,
2020-11-23,401259995,2437,
2020-11-23,401259995,2393,
2020-11-23,401265650,2501,
2020-11-23,401265650,2547,
2020-11-23,401262106,21,
2020-11-23,401262106,26,22.0
2020-11-23,401260002,2603,
2020-11-23,401260002,2,
2020-11-23,401259032,275,7.0
2020-11-23,401259032,2197,
2020-11-23,401261505,2447,
2020-11-23,401261505,302,
2020-11-23,401255010,269,
2020-11-23,401255010,2029,
2020-11-23,401260006,103,
2020-11-23,401260006,222,3.0
2020-11-23,401265034,328,
2020-11-23,401265034,2670,
2020-11-23,401262682,2439,
2020-11-23,401262682,147,
2020-11-23,401262097,2253,
2020-11-23,401262097,2755,
2020-11-23,401257625,30,
2020-11-23,401257625,2856,
2020-11-23,401255625,59,
2020-11-23,401255625,2247,
2020-11-23,401258866,228,
2020-11-23,401258866,344,
2020-11-23,401254076,251,19.0
2020-11-23,401254076,292,
2020-11-23,401264635,41,
2020-11-23,401264635,2115,
2020-11-23,401262286,152,
2020-11-23,401262286,2127,
2020-11-23,401264543,2428,
2020-11-23,401264543,2582,
2020-11-23,401259243,47,
2020-11-23,401259243,2057,
2020-11-23,401261564,183,
2020-11-23,401261564,2803,
2020-11-23,401257473,2653,
2020-11-23,401257473,2717,
2020-11-23,401259559,2641,14.0
2020-11-23,401259559,2534,
2020-11-23,401265733,2115,
2020-11-23,401265733,349,
2020-11-23,401262287,2127,
2020-11-23,401262287,2198,
2020-11-23,401261576,2655,
2020-11-23,401261576,2320,
2020-11-23,401261483,2916,
2020-11-23,401261483,242,
2020-11-23,401260000,2000,
2020-11-23,401260000,2046,
2020-11-23,401259244,2057,
2020-11-23,401259244,2244,
2020-11-23,401256073,2181,
2020-11-23,401256073,233,
2020-11-23,401255594,259,
2020-11-23,401255594,58,
2020-11-23,401257664,2504,
2020-11-23,401257664,339,
2020-11-23,401257569,256,
2020-11-23,401257569,2450,
2020-11-23,401256506,2608,
2020-11-23,401256506,2460,
2020-11-23,401255646,2539,
2020-11-23,401255646,258,4.0
2020-11-23,401260008,9,18.0
2020-11-23,401260008,222,3.0
2020-11-23,401261634,252,
2020-11-23,401261634,2443,
2020-11-23,401259846,228,
2020-11-23,401259846,2509,
2020-11-23,401256507,2571,
2020-11-23,401256507,328,
2020-11-23,401265704,2244,
2020-11-23,401265704,2511,
2020-11-23,401262501,249,
2020-11-23,401262501,2400,
2020-11-23,401262506,99,
2020-11-23,401262506,2565,
2020-11-23,401260009,227,
2020-11-23,401260009,103,
2020-11-23,401259847,344,
2020-11-23,401259847,2335,
2020-11-23,401261646,2351,
2020-11-23,401261646,253,
2020-11-23,401261572,2567,
2020-11-23,401261572,2534,
2020-11-23,401259028,84,
2020-11-23,401259028,2635,
2020-11-23,401263457,194,23.0
2020-11-23,401263457,2287,
2020-11-23,401263443,2294,5.0
2020-11-23,401263443,2428,
2020-11-23,401262142,130,25.0
2020-11-23,401262142,189,
2020-11-23,401264406,2349,
2020-11-23,401264406,2539,
2020-11-23,401261581,46,
2020-11-23,401261581,2378,
2020-11-23,401260341,154,
2020-11-23,401260341,2169,
2020-11-23,401259241,350,
2020-11-23,401259241,2717,
2020-11-23,401258906,250,
2020-11-23,401258906,197,
2020-11-23,401257660,97,
2020-11-23,401257660,339,
2020-11-23,401254696,5,
2020-11-23,401254696,2016,
2020-11-23,401257055,248,17.0
2020-11-23,401257055,2320,
2020-11-23,401264524,2449,
2020-11-23,401264524,2440,
2020-11-23,401259878,2569,
2020-11-23,401259878,2026,
2020-11-23,401258841,333,
2020-11-23,401258841,55,
2020-11-23,401259300,120,
2020-11-23,401259300,295,
2020-11-23,401255066,2507,
2020-11-23,401255066,2217,
2020-11-23,401254049,2306,
2020-11-23,401254049,2181,
2020-11-23,401262144,193,
2020-11-23,401262144,155,
2020-11-23,401257661,2031,
2020-11-23,401257661,2504,
2020-11-23,401262254,158,
2020-11-23,401262254,2377,
2020-11-23,401259772,2426,
2020-11-23,401259772,45,
2020-11-23,401257607,2415,
2020-11-23,401257607,116,
2020-11-23,401262064,2514,
2020-11-23,401262064,161,
2020-11-23,401257632,279,
2020-11-23,401257632,27,
2020-11-23,401256739,38,
2020-11-23,401256739,233,
2020-11-23,401253908,2628,
2020-11-23,401253908,2277,
2020-11-23,401258842,8,
2020-11-23,401258842,2400,
2020-11-23,401259558,2641,14.0
2020-11-23,401259558,2466,
2020-11-23,401259563,164,24.0
2020-11-23,401259563,2529,
2020-11-23,401264556,139,
2020-11-23,401264556,2565,
2020-11-23,401264461,204,
2020-11-23,401264461,25,
2020-11-23,401262478,135,
2020-11-23,401262478,2739,
2020-11-23,401261657,6,
2020-11-23,401261657,2226,
2020-11-23,401261562,221,
2020-11-23,401261562,2598,
2020-11-23,401261518,2870,
2020-11-23,401261518,2545,
2020-11-23,401260358,2166,
2020-11-23,401260358,2272,
2020-11-23,401259553,526,
2020-11-23,401259553,50,
2020-11-23,401259285,2541,
2020-11-23,401259285,304,
2020-11-23,401258862,142,
2020-11-23,401258862,198,
2020-11-23,401257597,2459,
2020-11-23,401257597,82,
2020-11-23,401255037,2599,
2020-11-23,401255037,2612,
2020-11-23,401260377,2492,
2020-11-23,401260377,300,
2020-11-23,401258857,96,10.0
2020-11-23,401258857,2413,
2020-11-23,401263445,127,13.0
2020-11-23,401263445,2199,
2020-11-23,401252794,153,16.0
2020-11-23,401252794,232,
2020-11-23,401262492,94,
2020-11-23,401262492,2050,
2020-11-23,401260050,2086,
2020-11-23,401260050,2711,
2020-11-23,401262416,2198,
2020-11-23,401262416,2454,
2020-11-23,401265777,239,2.0
2020-11-23,401265777,309,
2020-11-23,401260037,127,13.0
2020-11-23,401260037,87,
2020-11-23,401253909,2628,
2020-11-23,401253909,202,
2020-11-23,401265874,82,
2020-11-23,401265874,2117,
2020-11-23,401254109,295,
2020-11-23,401254109,2729,
2020-11-23,401265824,140,
2020-11-23,401265824,2546,
2020-11-23,401262376,2320,
2020-11-23,401262376,288,
2020-11-23,401264634,2463,
2020-11-23,401264634,2005,
2020-11-23,401260159,2751,
2020-11-23,401260159,2400,
2020-11-23,401258708,292,
2020-11-23,401258708,2636,
2020-11-23,401257476,2427,
2020-11-23,401257476,2717,
2020-11-23,401256512,2335,
2020-11-23,401256512,2579,
2020-11-23,401257596,349,
2020-11-23,401257596,2084,
2020-11-23,401255771,252,
2020-11-23,401255771,3084,
2020-11-23,401259835,150,9.0
2020-11-23,401259835,2154,
2020-11-23,401262974,30,
2020-11-23,401262974,149,
2020-11-23,401265778,239,2.0
2020-11-23,401265778,264,
2020-11-23,401260324,2390,
2020-11-23,401260324,2454,
2020-11-23,401265779,156,11.0
2020-11-23,401265779,2449,
2020-11-23,401265151,164,24.0
2020-11-23,401265151,2275,
2020-11-23,401265822,2413,
2020-11-23,401265822,2032,
2020-11-23,401262917,245,
2020-11-23,401262917,2443,
2020-11-23,401253489,2535,
2020-11-23,401253489,2010,
2020-11-23,401265323,2534,
2020-11-23,401265323,68,
2020-11-23,401265461,61,
2020-11-23,401265461,50,
2020-11-23,401255050,2348,
2020-11-23,401255050,2466,
2020-11-23,401258859,96,10.0
2020-11-23,401258859,257,
2020-11-23,401259859,66,
2020-11-23,401259859,2029,
2020-11-23,401262907,265,
2020-11-23,401262907,331,
2020-11-23,401253497,357,
2020-11-23,401253497,326,
2020-11-23,401260359,2210,
2020-11-23,401260359,2272,
2020-11-23,401265457,294,
2020-11-23,401265457,2572,
2020-11-23,401264636,41,
2020-11-23,401264636,42,
2020-11-23,401255626,59,
2020-11-23,401255626,2382,
2020-11-23,401262991,238,
2020-11-23,401262991,2674,
2020-11-23,401260343,154,
2020-11-23,401260343,2344,
2020-11-23,401257665,2031,
2020-11-23,401257665,2430,
2020-11-23,401262098,12,
2020-11-23,401262098,2755,
2020-11-23,401259037,276,
2020-11-23,401259037,2032,
2020-11-23,401257663,97,
2020-11-23,401257663,2550,
2020-11-23,401265773,2429,
2020-11-23,401265773,151,
2020-11-23,401261742,213,
2020-11-23,401261742,2678,
2020-11-23,401261563,221,
2020-11-23,401261563,2182,
2020-11-23,401262079,231,
2020-11-23,401262079,2908,
2020-11-23,401262085,2643,
2020-11-23,401262085,2496,
2020-11-23,401265653,236,
2020-11-23,401265653,2322,
2020-11-23,401262981,2627,
2020-11-23,401262981,2937,
2020-11-23,401265735,93,
2020-11-23,401265735,2257,
2020-11-23,401257620,2747,
2020-11-23,401257620,111946,
2020-11-23,401257450,338,
2020-11-23,401257450,111946,
2020-11-23,401264409,160,
2020-11-23,401264409,6304,
2020-11-23,401262869,290,
2020-11-23,401262869,107730,
2020-11-23,401260349,16,
2020-11-23,401260349,3246,
2020-11-23,401264447,2229,
2020-11-23,401264447,2228,
2020-11-23,401259240,2692,
2020-11-23,401259240,2001,
2020-11-23,401264442,2540,
2020-11-23,401264442,3249,
2020-11-23,401264544,3188,
2020-11-23,401264544,166,
2020-11-23,401264537,2172,
2020-11-23,401264537,2518,
2020-11-23,401262547,2638,
2020-11-23,401262547,94822,
2020-11-23,401264540,324,
2020-11-23,401264540,286,
2020-11-23,401262381,2453,
2020-11-23,401262381,3083,
2020-11-23,401264604,13,
2020-11-23,401264604,3246,
2020-11-23,401262139,278,
2020-11-23,401262139,3078,
2020-11-30,401262277,213,
2020-11-30,401262277,2550,
2020-11-30,401264665,3101,
2020-11-30,401264665,155,
2020-11-30,401262711,2440,
2020-11-30,401262711,2539,
2020-11-30,401260161,2751,
2020-11-30,401260161,2916,
2020-11-30,401258844,8,
2020-11-30,401258844,250,
2020-11-30,401260332,52,22.0
2020-11-30,401260332,2454,
2020-11-30,401263099,2630,
2020-11-30,401263099,339,
2020-11-30,401261449,2567,
2020-11-30,401261449,2277,
2020-11-30,401259301,2450,
2020-11-30,401259301,295,
2020-11-30,401258889,235,
2020-11-30,401258889,2032,
2020-11-30,401257376,292,
2020-11-30,401257376,357,
2020-11-30,401257052,2443,
2020-11-30,401257052,309,
2020-11-30,401259050,2393,
2020-11-30,401259050,93,
2020-11-30,401258462,2546,
2020-11-30,401258462,79,
2020-11-30,401255600,2514,
2020-11-30,401255600,2182,
2020-11-30,401254698,5,
2020-11-30,401254698,338,
2020-11-30,401265679,2250,1.0
2020-11-30,401265679,277,11.0
2020-11-30,401263444,130,
2020-11-30,401263444,2050,
2020-11-30,401262446,2217,
2020-11-30,401262446,42,
2020-11-30,401259860,66,
2020-11-30,401259860,2571,
2020-11-30,401259536,294,
2020-11-30,401259536,2506,
2020-11-30,401259043,2724,
2020-11-30,401259043,198,
2020-11-30,401257614,245,
2020-11-30,401257614,2627,
2020-11-30,401257598,2459,
2020-11-30,401257598,2565,
2020-11-30,401257489,2752,
2020-11-30,401257489,2635,
2020-11-30,401255580,227,
2020-11-30,401255580,2550,
2020-11-30,401256581,333,
2020-11-30,401256581,2507,
2020-11-30,401260326,228,
2020-11-30,401260326,2569,
2020-11-30,401257673,2184,
2020-11-30,401257673,2430,
2020-11-30,401263456,77,
2020-11-30,401263456,2029,
2020-11-30,401266546,2483,21.0
2020-11-30,401266546,142,
2020-11-30,401260043,2619,
2020-11-30,401260043,2217,
2020-11-30,401256582,2439,
2020-11-30,401256582,2166,
2020-11-30,401257440,25,
2020-11-30,401257440,9,25.0
2020-11-30,401262820,2608,
2020-11-30,401262820,2640,
2020-11-30,401261604,103,
2020-11-30,401261604,57,
2020-11-30,401252577,16,
2020-11-30,401252577,70,
2020-11-30,401252579,253,
2020-11-30,401252579,149,
2020-11-30,401264539,2294,3.0
2020-11-30,401264539,2710,
2020-11-30,401261744,259,16.0
2020-11-30,401261744,2678,
2020-11-30,401264961,183,
2020-11-30,401264961,315,
2020-11-30,401264467,2181,
2020-11-30,401264467,2437,
2020-11-30,401257443,26,
2020-11-30,401257443,25,
2020-11-30,401254058,201,
2020-11-30,401254058,2636,
2020-11-30,401253910,2628,
2020-11-30,401253910,2466,
2020-11-30,401255051,2348,
2020-11-30,401255051,2433,
2020-11-30,401262135,2335,
2020-11-30,401262135,2598,
2020-11-30,401262086,2643,
2020-11-30,401262086,2448,
2020-11-30,401259294,2750,
2020-11-30,401259294,276,
2020-11-30,401266547,30,
2020-11-30,401266547,41,
2020-11-30,401259029,94,
2020-11-30,401259029,2635,
2020-11-30,401257441,254,
2020-11-30,401257441,264,
2020-11-30,401266670,152,
2020-11-30,401266670,2349,
2020-11-30,401266690,2031,
2020-11-30,401266690,2737,
2020-11-30,401258895,2197,
2020-11-30,401258895,2130,
2020-11-30,401266620,2541,
2020-11-30,401266620,2934,
2020-11-30,401262279,239,2.0
2020-11-30,401262279,356,5.0
2020-11-30,401264971,2856,
2020-11-30,401264971,2545,
2020-11-30,401257439,265,
2020-11-30,401257439,204,
2020-11-30,401262396,2908,
2020-11-30,401262396,2198,
2020-11-30,401255663,194,23.0
2020-11-30,401255663,2413,
2020-11-30,401266575,58,
2020-11-30,401266575,526,
2020-11-30,401262377,2132,
2020-11-30,401262377,288,
2020-11-30,401266545,160,
2020-11-30,401266545,2803,
2020-11-30,401256578,24,
2020-11-30,401256578,153,14.0
2020-11-30,401262283,2509,
2020-11-30,401262283,2473,
2020-11-30,401260340,252,
2020-11-30,401260340,30,
2020-11-30,401256577,84,
2020-11-30,401256577,251,17.0
2020-11-30,401257634,2440,
2020-11-30,401257634,279,
2020-11-30,401265993,2550,
2020-11-30,401265993,314,
2020-11-30,401265493,135,
2020-11-30,401265493,2351,
2020-11-30,401264954,99,
2020-11-30,401264954,2545,
2020-11-30,401258867,344,
2020-11-30,401258867,326,
2020-11-30,401254051,2306,
2020-11-30,401254051,140,
2020-11-30,401261507,25,
2020-11-30,401261507,2447,
2020-11-30,401265813,2275,
2020-11-30,401265813,161,
2020-11-30,401261567,2116,
2020-11-30,401261567,2,
2020-11-30,401259021,2382,
2020-11-30,401259021,2247,
2020-11-30,401254102,2635,
2020-11-30,401254102,236,
2020-11-30,401259880,2026,
2020-11-30,401259880,189,
2020-11-30,401255039,103,
2020-11-30,401255039,2599,
2020-11-30,401263089,2547,
2020-11-30,401263089,2463,
2020-11-30,401266628,264,
2020-11-30,401266628,27,
2020-11-30,401260337,258,15.0
2020-11-30,401260337,2598,
2020-11-30,401266016,2678,
2020-11-30,401266016,2344,
2020-11-30,401263096,45,
2020-11-30,401263096,2261,
2020-11-30,401262276,213,
2020-11-30,401262276,2670,
2020-11-30,401257635,279,
2020-11-30,401257635,147,
2020-11-30,401266615,57,
2020-11-30,401266615,349,
2020-11-30,401254041,96,20.0
2020-11-30,401254041,2305,7.0
2020-11-30,401263600,158,
2020-11-30,401263600,233,
2020-11-30,401262473,2253,
2020-11-30,401262473,2400,
2020-11-30,401260005,150,6.0
2020-11-30,401260005,127,8.0
2020-11-30,401266133,42,
2020-11-30,401266133,222,12.0
2020-11-30,401266619,2168,
2020-11-30,401266619,2197,
2020-11-30,401264446,2229,
2020-11-30,401264446,2117,
2020-11-30,401262149,82,
2020-11-30,401262149,2674,
2020-11-30,401260353,2127,
2020-11-30,401260353,2448,
2020-11-30,401257600,2649,
2020-11-30,401257600,325,
2020-11-30,401254066,269,
2020-11-30,401254066,197,
2020-11-30,401266686,2612,
2020-11-30,401266686,2619,
2020-11-30,401261582,46,
2020-11-30,401261582,2426,
2020-11-30,401257671,97,
2020-11-30,401257671,98,
2020-11-30,401263460,275,4.0
2020-11-30,401263460,2739,
2020-11-30,401265819,156,9.0
2020-11-30,401265819,2437,
2020-11-30,401266953,120,
2020-11-30,401266953,2612,
2020-11-30,401266881,93,
2020-11-30,401266881,2287,
2020-11-30,401259030,2717,
2020-11-30,401259030,2635,
2020-11-30,401262979,2501,
2020-11-30,401262979,2502,
2020-11-30,401261635,328,
2020-11-30,401261635,252,
2020-11-30,401264633,139,
2020-11-30,401264633,2029,
2020-11-30,401261450,2277,
2020-11-30,401261450,242,
2020-11-30,401261439,2000,
2020-11-30,401261439,2627,
2020-11-30,401266707,221,
2020-11-30,401266707,2459,
2020-11-30,401264962,183,
2020-11-30,401264962,2520,
2020-11-30,401260964,248,10.0
2020-11-30,401260964,2579,
2020-11-30,401266790,2908,
2020-11-30,401266790,290,
2020-11-30,401253490,2057,
2020-11-30,401253490,2535,
2020-11-30,401254034,2305,7.0
2020-11-30,401254034,2449,
2020-11-30,401260047,202,
2020-11-30,401260047,250,
2020-11-30,401262145,2750,
2020-11-30,401262145,193,
2020-11-30,401257057,2005,
2020-11-30,401257057,2320,
2020-11-30,401262420,57,
2020-11-30,401262420,56,
2020-11-30,401266883,232,
2020-11-30,401266883,231,
2020-11-30,401266949,87,
2020-11-30,401266949,2174,
2020-11-30,401263447,127,8.0
2020-11-30,401263447,2711,
2020-11-30,401257471,47,
2020-11-30,401257471,91,
2020-11-30,401253117,189,
2020-11-30,401253117,2084,
2020-11-30,401255627,59,
2020-11-30,401255627,96,20.0
2020-11-30,401259579,299,
2020-11-30,401259579,2547,
2020-11-30,401266740,21,
2020-11-30,401266740,2492,
2020-11-30,401266888,349,
2020-11-30,401266888,2325,
2020-11-30,401265321,2368,
2020-11-30,401265321,2066,
2020-11-30,401262445,2182,
2020-11-30,401262445,2154,
2020-11-30,401264436,2172,
2020-11-30,401264436,27,
2020-11-30,401262481,2031,
2020-11-30,401262481,2110,
2020-11-30,401254699,5,
2020-11-30,401254699,2653,
2020-11-30,401259561,2641,17.0
2020-11-30,401259561,2755,
2020-11-30,401264451,195,
2020-11-30,401264451,325,
2020-11-30,401259544,71,
2020-11-30,401259544,2571,
2020-11-30,401253113,2199,
2020-11-30,401253113,2649,
2020-11-30,401259549,2229,
2020-11-30,401259549,55,
2020-11-30,401266955,13,
2020-11-30,401266955,2539,
2020-11-30,401262101,61,
2020-11-30,401262101,294,
2020-11-30,401261660,2,
2020-11-30,401261660,6,
2020-11-30,401260323,2390,
2020-11-30,401260323,56,
2020-11-30,401258868,344,
2020-11-30,401258868,249,
2020-11-30,401258988,2617,
2020-11-30,401258988,2377,
2020-11-30,401262138,2670,
2020-11-30,401262138,116,
2020-11-30,401266791,12,
2020-11-30,401266791,331,
2020-11-30,401260338,258,15.0
2020-11-30,401260338,2309,
2020-11-30,401260360,2272,
2020-11-30,401260360,2454,
2020-11-30,401259535,2427,
2020-11-30,401259535,2569,
2020-11-30,401261720,2429,
2020-11-30,401261720,2247,
2020-11-30,401259040,151,
2020-11-30,401259040,2515,
2020-11-30,401266712,42,
2020-11-30,401266712,2115,
2020-11-30,401262159,2226,
2020-11-30,401262159,107730,
2020-11-30,401266746,2046,
2020-11-30,401266746,111946,
2020-11-30,401266774,302,
2020-11-30,401266774,3078,
2020-11-30,401267728,68,
2020-11-30,401267728,3159,
2020-11-30,401266566,2460,
2020-11-30,401266566,2591,
2020-11-30,401262382,2453,
2020-11-30,401262382,111946,
2020-11-30,401266744,2534,
2020-11-30,401266744,2758,
2020-11-30,401264123,2097,
2020-11-30,401264123,2592,
2020-11-30,401268079,2540,
2020-11-30,401268079,3246,
2020-11-30,401266891,48,
2020-11-30,401266891,467,
2020-11-30,401265675,324,
2020-11-30,401265675,3242,
2020-11-30,401261653,3084,
2020-11-30,401261653,224,
2020-11-30,401266918,2523,
2020-11-30,401266918,214,
2020-11-30,401262163,2572,
2020-11-30,401262163,2730,
2020-11-30,401266945,2350,
2020-11-30,401266945,2332,
2020-11-30,401266738,166,
2020-11-30,401266738,110031,
2020-11-30,401266745,300,
2020-11-30,401266745,3167,
2020-11-30,401262549,2638,
2020-11-30,401262549,2834,
2020-11-30,401257609,2415,
2020-11-30,401257609,2339,
2020-12-07,401264440,2539,
2020-12-07,401264440,299,
2020-12-07,401258417,288,
2020-12-07,401258417,2546,
2020-12-07,401266957,13,
2020-12-07,401266957,2541,
2020-12-07,401263078,2492,
2020-12-07,401263078,25,
2020-12-07,401262398,265,
2020-12-07,401262398,70,
2020-12-07,401262108,26,
2020-12-07,401262108,301,
2020-12-07,401261636,252,
2020-12-07,401261636,68,
2020-12-07,401260163,2751,
2020-12-07,401260163,2172,
2020-12-07,401258864,142,
2020-12-07,401258864,2335,
2020-12-07,401268224,239,2.0
2020-12-07,401268224,2617,
2020-12-07,401260962,251,13.0
2020-12-07,401260962,326,
2020-12-07,401268102,8,
2020-12-07,401268102,2582,
2020-12-07,401261654,3084,
2020-12-07,401261654,253,
2020-12-07,401261578,2655,
2020-12-07,401261578,2572,
2020-12-07,401254061,2752,
2020-12-07,401254061,201,
2020-12-07,401260702,257,19.0
2020-12-07,401260702,2460,
2020-12-07,401255053,2348,
2020-12-07,401255053,2545,
2020-12-07,401256101,52,20.0
2020-12-07,401256101,84,
2020-12-07,401256100,158,
2020-12-07,401256100,59,
2020-12-07,401259562,2641,17.0
2020-12-07,401259562,2000,
2020-12-07,401263463,12,
2020-12-07,401263463,2934,
2020-12-07,401262284,2670,
2020-12-07,401262284,2448,
2020-12-07,401260044,2275,
2020-12-07,401260044,2619,
2020-12-07,401259573,2674,
2020-12-07,401259573,2565,
2020-12-07,401259296,232,
2020-12-07,401259296,276,
2020-12-07,401259034,339,
2020-12-07,401259034,2197,
2020-12-07,401258891,2032,
2020-12-07,401258891,2029,
2020-12-07,401257059,2433,
2020-12-07,401257059,2320,
2020-12-07,401256106,77,
2020-12-07,401256106,221,
2020-12-07,401259580,264,
2020-12-07,401259580,2547,
2020-12-07,401268062,2483,
2020-12-07,401268062,50,
2020-12-07,401259042,151,
2020-12-07,401259042,2454,
2020-12-07,401254978,46,
2020-12-07,401254978,222,9.0
2020-12-07,401268800,48,
2020-12-07,401268800,45,
2020-12-07,401268496,2217,
2020-12-07,401268496,314,
2020-12-07,401262524,2166,
2020-12-07,401262524,290,
2020-12-07,401261841,2099,
2020-12-07,401261841,2368,
2020-12-07,401252796,232,
2020-12-07,401252796,2569,
2020-12-07,401261724,155,
2020-12-07,401261724,2571,
2020-12-07,401261844,2363,
2020-12-07,401261844,2520,
2020-12-07,401259883,2429,
2020-12-07,401259883,2026,
2020-12-07,401268223,2550,
2020-12-07,401268223,2599,
2020-12-07,401268678,277,11.0
2020-12-07,401268678,249,
2020-12-07,401268239,113,
2020-12-07,401268239,111,
2020-12-07,401262674,9,23.0
2020-12-07,401262674,21,24.0
2020-12-07,401261723,2571,
2020-12-07,401261723,2449,
2020-12-07,401266775,145,
2020-12-07,401266775,2296,
2020-12-07,401263921,204,
2020-12-07,401263921,2501,
2020-12-07,401263454,135,
2020-12-07,401263454,140,
2020-12-07,401262489,2464,
2020-12-07,401262489,27,
2020-12-07,401262166,98,
2020-12-07,401262166,2241,
2020-12-07,401257377,357,
2020-12-07,401257377,292,
2020-12-07,401268091,2154,
2020-12-07,401268091,2430,
2020-12-07,401258903,2453,
2020-12-07,401258903,2653,
2020-12-07,401261722,233,
2020-12-07,401261722,155,
2020-12-07,401264388,294,
2020-12-07,401264388,2443,
2020-12-07,401254104,91,
2020-12-07,401254104,236,
2020-12-07,401268513,130,
2020-12-07,401268513,2649,
2020-12-07,401254035,2305,5.0
2020-12-07,401254035,2437,
2020-12-07,401267721,314,
2020-12-07,401267721,2415,
2020-12-07,401262127,2597,
2020-12-07,401262127,2803,
2020-12-07,401262102,61,
2020-12-07,401262102,149,
2020-12-07,401256093,135,
2020-12-07,401256093,103,
2020-12-07,401267863,2633,12.0
2020-12-07,401267863,38,
2020-12-07,401262292,2344,
2020-12-07,401262292,2448,
2020-12-07,401259288,254,
2020-12-07,401259288,304,
2020-12-07,401254042,2305,5.0
2020-12-07,401254042,156,8.0
2020-12-07,401262863,2550,
2020-12-07,401262863,2681,
2020-12-07,401262421,58,
2020-12-07,401262421,56,
2020-12-07,401256098,2390,
2020-12-07,401256098,2509,
2020-12-07,401262407,2378,
2020-12-07,401262407,48,
2020-12-07,401266894,193,
2020-12-07,401266894,2710,
2020-12-07,401266947,2540,
2020-12-07,401266947,2351,
2020-12-07,401268073,2483,
2020-12-07,401268073,331,
2020-12-07,401262160,2454,
2020-12-07,401262160,2226,
2020-12-07,401259308,2450,
2020-12-07,401259308,2261,
2020-12-07,401258398,2198,
2020-12-07,401258398,2413,
2020-12-07,401254103,2393,
2020-12-07,401254103,236,
2020-12-07,401264541,324,
2020-12-07,401264541,2428,
2020-12-07,401259041,151,
2020-12-07,401259041,350,
2020-12-07,401266616,42,
2020-12-07,401266616,2217,
2020-12-07,401262128,161,
2020-12-07,401262128,2115,
2020-12-07,401262129,116,
2020-12-07,401262129,2598,
2020-12-07,401264384,294,
2020-12-07,401264384,2097,
2020-12-07,401264452,2174,
2020-12-07,401264452,2309,
2020-12-07,401262081,2132,
2020-12-07,401262081,231,
2020-12-07,401256103,228,
2020-12-07,401256103,120,
2020-12-07,401253911,2628,
2020-12-07,401253911,2507,
2020-12-07,401268090,275,13.0
2020-12-07,401268090,227,
2020-12-07,401258897,2350,
2020-12-07,401258897,2130,
2020-12-07,401264532,30,
2020-12-07,401264532,300,
2020-12-07,401259313,2608,
2020-12-07,401259313,2638,
2020-12-07,401256094,150,10.0
2020-12-07,401256094,356,6.0
2020-12-07,401256099,164,21.0
2020-12-07,401256099,183,
2020-12-07,401256097,259,15.0
2020-12-07,401256097,213,
2020-12-07,401258869,344,
2020-12-07,401258869,2296,
2020-12-07,401255033,269,
2020-12-07,401255033,2739,
2020-12-07,401259954,93,
2020-12-07,401259954,2046,
2020-12-07,401264602,139,
2020-12-07,401264602,2110,
2020-12-07,401262502,235,
2020-12-07,401262502,2400,
2020-12-07,401261732,197,
2020-12-07,401261732,198,
2020-12-07,401256095,2294,3.0
2020-12-07,401256095,153,16.0
2020-12-07,401256096,87,
2020-12-07,401256096,194,22.0
2020-12-07,401259005,2057,
2020-12-07,401259005,2634,
2020-12-07,401267856,2168,
2020-12-07,401267856,94,
2020-12-07,401267730,2459,
2020-12-07,401267730,2050,
2020-12-07,401267814,257,19.0
2020-12-07,401267814,2747,
2020-12-07,401259955,79,
2020-12-07,401259955,93,
2020-12-07,401261739,2448,
2020-12-07,401261739,2717,
2020-12-07,401263079,2492,
2020-12-07,401263079,2463,
2020-12-07,401261850,2612,
2020-12-07,401261850,315,
2020-12-07,401257927,333,
2020-12-07,401257927,228,
2020-12-07,401254086,2509,
2020-12-07,401254086,282,
2020-12-07,401264455,2050,
2020-12-07,401264455,2287,
2020-12-07,401253503,309,
2020-12-07,401253503,2348,
2020-12-07,401253492,61,
2020-12-07,401253492,2535,
2020-12-07,401263119,2,
2020-12-07,401263119,235,
2020-12-07,401254053,2306,
2020-12-07,401254053,270,
2020-12-07,401252483,2454,
2020-12-07,401252483,2229,
2020-12-07,401264522,2117,
2020-12-07,401264522,2674,
2020-12-07,401267725,82,
2020-12-07,401267725,2350,
2020-12-07,401259024,290,
2020-12-07,401259024,2382,
2020-12-07,401262978,265,
2020-12-07,401262978,2502,
2020-12-07,401258408,2635,
2020-12-07,401258408,55,
2020-12-07,401268053,194,22.0
2020-12-07,401268053,325,
2020-12-07,401262475,2253,
2020-12-07,401262475,9,23.0
2020-12-07,401269193,68,
2020-12-07,401269193,2692,
2020-12-07,401268566,13,
2020-12-07,401268566,23,
2020-12-07,401269454,242,
2020-12-07,401269454,167,
2020-12-07,401264493,2181,
2020-12-07,401264493,2005,
2020-12-07,401265894,189,
2020-12-07,401265894,2750,
2020-12-07,401264453,2711,
2020-12-07,401264453,270,
2020-12-07,401262503,238,
2020-12-07,401262503,2400,
2020-12-07,401259297,276,
2020-12-07,401259297,195,
2020-12-07,401257950,2908,
2020-12-07,401257950,2737,
2020-12-07,401268994,2427,
2020-12-07,401268994,2272,
2020-12-07,401268841,2066,
2020-12-07,401268841,2754,
2020-12-07,401261747,2678,
2020-12-07,401261747,2261,
2020-12-07,401263448,127,4.0
2020-12-07,401263448,2473,
2020-12-07,401259302,2670,
2020-12-07,401259302,295,
2020-12-07,401265149,2294,3.0
2020-12-07,401265149,66,
2020-12-07,401258860,96,
2020-12-07,401258860,87,
2020-12-07,401254068,2724,
2020-12-07,401254068,197,
2020-12-07,401255764,2172,
2020-12-07,401255764,3101,
2020-12-07,401259554,2390,
2020-12-07,401259554,526,
2020-12-07,401266893,85,
2020-12-07,401266893,2634,
2020-12-07,401261662,2572,
2020-12-07,401261662,6,
2020-12-07,401256760,52,20.0
2020-12-07,401256760,57,
2020-12-07,401262474,2253,
2020-12-07,401262474,2440,
2020-12-07,401254701,2193,
2020-12-07,401254701,5,
2020-12-07,401260033,2182,
2020-12-07,401260033,2325,
2020-12-07,401253912,2628,
2020-12-07,401253912,245,
2020-12-07,401268803,62,
2020-12-07,401268803,2269,
2020-12-07,401269313,2239,
2020-12-07,401269313,3096,
2020-12-07,401261451,2277,
2020-12-07,401261451,3134,
2020-12-07,401268835,2458,
2020-12-07,401268835,2518,
2020-12-07,401261716,250,
2020-12-07,401261716,2810,
2020-12-07,401268589,147,
2020-12-07,401268589,123391,
2020-12-07,401262088,2643,
2020-12-07,401262088,3242,
2020-12-07,401268836,2640,
2020-12-07,401268836,2326,
2020-12-07,401267734,71,
2020-12-07,401267734,2332,
2020-12-07,401268813,2856,
2020-12-07,401268813,3249,
2020-12-07,401261734,2466,
2020-12-07,401261734,3134,
2020-12-07,401268591,2627,
2020-12-07,401268591,3166,
2020-12-07,401264639,2199,
2020-12-07,401264639,2003,
2020-12-07,401269062,36,
2020-12-07,401269062,49865,
2020-12-07,401268797,2534,
2020-12-07,401268797,2326,
2020-12-07,401268086,2127,
2020-12-07,401268086,111946,
2020-12-07,401267777,2084,
2020-12-07,401267777,2385,
2020-12-07,401268237,2377,
2020-12-07,401268237,111946,
2020-12-07,401268085,2515,
2020-12-07,401268085,2369,
2020-12-07,401268497,328,
2020-12-07,401268497,3159,
2020-12-07,401262410,338,
2020-12-07,401262410,3247,
2020-12-07,401268849,2006,
2020-12-07,401268849,2109,
2020-12-14,401262121,38,
2020-12-14,401262121,264,
2020-12-14,401258409,55,
2020-12-14,401258409,2635,
2020-12-14,401253834,2641,14.0
2020-12-14,401253834,2305,5.0
2020-12-14,401254988,2599,
2020-12-14,401254988,156,9.0
2020-12-14,401264465,324,
2020-12-14,401264465,2169,
2020-12-14,401262152,2182,
2020-12-14,401262152,2603,
2020-12-14,401269974,2803,
2020-12-14,401269974,2681,
2020-12-14,401262175,2529,
2020-12-14,401262175,112358,
2020-12-14,401267857,79,
2020-12-14,401267857,155,
2020-12-14,401262120,264,
2020-12-14,401262120,149,
2020-12-14,401260176,87,
2020-12-14,401260176,150,21.0
2020-12-14,401264457,9,
2020-12-14,401264457,2638,
2020-12-14,401264244,2655,
2020-12-14,401264244,235,
2020-12-14,401262402,2172,
2020-12-14,401262402,2458,
2020-12-14,401259552,251,11.0
2020-12-14,401259552,2534,
2020-12-14,401270042,139,
2020-12-14,401270042,152,
2020-12-14,401270119,201,
2020-12-14,401270119,198,
2020-12-14,401264243,2567,
2020-12-14,401264243,151,
2020-12-14,401257339,2393,
2020-12-14,401257339,145,
2020-12-14,401257493,2057,
2020-12-14,401257493,338,
2020-12-14,401254702,5,
2020-12-14,401254702,2582,
2020-12-14,401254987,222,7.0
2020-12-14,401254987,2086,
2020-12-14,401263329,2509,
2020-12-14,401263329,194,20.0
2020-12-14,401264242,2132,
2020-12-14,401264242,58,
2020-12-14,401259555,526,
2020-12-14,401259555,2229,
2020-12-14,401258871,344,
2020-12-14,401258871,2110,
2020-12-14,401257076,2433,
2020-12-14,401257076,2755,
2020-12-14,401254106,236,
2020-12-14,401254106,2427,
2020-12-14,401270039,2483,
2020-12-14,401270039,2539,
2020-12-14,401254676,71,
2020-12-14,401254676,2296,
2020-12-14,401253493,2653,
2020-12-14,401253493,2535,
2020-12-14,401263455,135,
2020-12-14,401263455,139,
2020-12-14,401258420,2546,
2020-12-14,401258420,2630,
2020-12-14,401258877,2633,10.0
2020-12-14,401258877,2635,
2020-12-14,401261853,2520,
2020-12-14,401261853,314,
2020-12-14,401260575,227,
2020-12-14,401260575,2166,
2020-12-14,401260049,202,
2020-12-14,401260049,2466,
2020-12-14,401259306,232,
2020-12-14,401259306,2717,
2020-12-14,401259004,2634,
2020-12-14,401259004,2057,
2020-12-14,401257599,2459,
2020-12-14,401257599,2130,
2020-12-14,401255628,59,
2020-12-14,401255628,50,
2020-12-14,401270473,2523,
2020-12-14,401270473,189,
2020-12-14,401270123,233,
2020-12-14,401270123,2181,
2020-12-14,401259538,2506,
2020-12-14,401259538,2569,
2020-12-14,401270494,2350,
2020-12-14,401270494,257,
2020-12-14,401261473,249,
2020-12-14,401261473,2277,
2020-12-14,401261637,21,18.0
2020-12-14,401261637,252,
2020-12-14,401263098,47,
2020-12-14,401263098,2261,
2020-12-14,401261855,2405,
2020-12-14,401261855,2612,
2020-12-14,401261852,315,
2020-12-14,401261852,2217,
2020-12-14,401259310,2450,
2020-12-14,401259310,350,
2020-12-14,401268842,2711,
2020-12-14,401268842,2117,
2020-12-14,401261749,2241,
2020-12-14,401261749,2678,
2020-12-14,401261651,2351,
2020-12-14,401261651,300,
2020-12-14,401260165,2751,
2020-12-14,401260165,2437,
2020-12-14,401255766,253,
2020-12-14,401255766,3101,
2020-12-14,401254990,269,
2020-12-14,401254990,2550,
2020-12-14,401253833,197,
2020-12-14,401253833,2628,
2020-12-14,401260178,2390,
2020-12-14,401260178,221,
2020-12-14,401265912,254,
2020-12-14,401265912,70,
2020-12-14,401269213,2463,
2020-12-14,401269213,24,
2020-12-14,401262525,2166,
2020-12-14,401262525,2429,
2020-12-14,401262413,2335,
2020-12-14,401262413,2569,
2020-12-14,401262161,56,
2020-12-14,401262161,2226,
2020-12-14,401262076,2430,
2020-12-14,401262076,2908,
2020-12-14,401261740,2670,
2020-12-14,401261740,2717,
2020-12-14,401261655,254,
2020-12-14,401261655,3084,
2020-12-14,401258419,339,
2020-12-14,401258419,2546,
2020-12-14,401257616,245,
2020-12-14,401257616,2545,
2020-12-14,401260174,259,
2020-12-14,401260174,228,24.0
2020-12-14,401257952,2515,
2020-12-14,401257952,2344,
2020-12-14,401257624,2747,
2020-12-14,401257624,324,
2020-12-14,401268996,193,
2020-12-14,401268996,2084,
2020-12-14,401262174,2115,
2020-12-14,401262174,2597,
2020-12-14,401264241,202,
2020-12-14,401264241,2724,
2020-12-14,401261452,242,
2020-12-14,401261452,2277,
2020-12-14,401258898,2287,
2020-12-14,401258898,2130,
2020-12-14,401262672,2006,
2020-12-14,401262672,179,
2020-12-14,401262713,301,
2020-12-14,401262713,2440,
2020-12-14,401269386,36,
2020-12-14,401269386,2464,
2020-12-14,401269196,45,
2020-12-14,401269196,2729,
2020-12-14,401263327,120,
2020-12-14,401263327,164,19.0
2020-12-14,401258399,2413,
2020-12-14,401258399,2198,
2020-12-14,401263092,309,
2020-12-14,401263092,2443,
2020-12-14,401264400,2,
2020-12-14,401264400,2640,
2020-12-14,401259315,2608,
2020-12-14,401259315,331,
2020-12-14,401259025,2247,
2020-12-14,401259025,2382,
2020-12-14,401257602,276,
2020-12-14,401257602,2649,
2020-12-14,401255698,13,
2020-12-14,401255698,301,
2020-12-14,401264403,204,
2020-12-14,401264403,2636,
2020-12-14,401262154,2210,
2020-12-14,401262154,2097,
2020-12-14,401269679,183,
2020-12-14,401269679,111,
2020-12-14,401260703,238,
2020-12-14,401260703,257,
2020-12-14,401268226,2325,
2020-12-14,401268226,113,
2020-12-14,401257928,333,
2020-12-14,401257928,231,
2020-12-14,401266892,2405,
2020-12-14,401266892,2275,
2020-12-14,401253832,66,
2020-12-14,401253832,2306,
2020-12-14,401260175,52,15.0
2020-12-14,401260175,59,
2020-12-14,401266747,2046,
2020-12-14,401266747,50,
2020-12-14,401269392,275,12.0
2020-12-14,401269392,2350,
2020-12-14,401264576,249,
2020-12-14,401264576,2029,
2020-12-14,401257061,2320,
2020-12-14,401257061,2572,
2020-12-14,401253505,326,
2020-12-14,401253505,357,
2020-12-14,401253306,139,
2020-12-14,401253306,282,
2020-12-14,401255054,2348,
2020-12-14,401255054,2296,
2020-12-14,401258876,2633,10.0
2020-12-14,401258876,2026,
2020-12-14,401263328,356,13.0
2020-12-14,401263328,135,
2020-12-14,401269692,2193,
2020-12-14,401269692,2241,
2020-12-14,401263274,265,
2020-12-14,401263274,147,
2020-12-14,401258177,2413,
2020-12-14,401258177,2565,
2020-12-14,401259841,259,
2020-12-14,401259841,2154,
2020-12-14,401269153,309,
2020-12-14,401269153,2377,
2020-12-14,401262103,61,
2020-12-14,401262103,2132,
2020-12-14,401261735,2623,
2020-12-14,401261735,2466,
2020-12-14,401270973,2870,
2020-12-14,401270973,325,
2020-12-14,401262872,2229,
2020-12-14,401262872,290,
2020-12-14,401258481,82,
2020-12-14,401258481,2473,
2020-12-14,401257446,24,
2020-12-14,401257446,12,
2020-12-14,401263081,2492,
2020-12-14,401263081,2540,
2020-12-14,401260333,52,15.0
2020-12-14,401260333,2116,
2020-12-14,401269214,25,
2020-12-14,401269214,2463,
2020-12-14,401270410,194,20.0
2020-12-14,401270410,26,
2020-12-14,401266700,218,
2020-12-14,401266700,2885,
2020-12-14,401260035,2325,
2020-12-14,401260035,48,
2020-12-14,401253836,2306,
2020-12-14,401253836,239,2.0
2020-12-14,401262858,2429,
2020-12-14,401262858,2448,
2020-12-14,401262083,2737,
2020-12-14,401262083,231,
2020-12-14,401256944,399,
2020-12-14,401256944,2378,
2020-12-14,401258528,94,
2020-12-14,401258528,2754,
2020-12-14,401263349,77,
2020-12-14,401263349,127,4.0
2020-12-14,401262450,2539,
2020-12-14,401262450,2253,
2020-12-14,401255015,2599,
2020-12-14,401255015,46,
2020-12-14,401270593,2630,
2020-12-14,401270593,2710,
2020-12-14,401262557,2440,
2020-12-14,401262557,2005,
2020-12-14,401255014,2550,
2020-12-14,401255014,2507,
2020-12-14,401270041,248,6.0
2020-12-14,401270041,2016,
2020-12-14,401252585,2502,
2020-12-14,401252585,2692,
2020-12-14,401254992,41,
2020-12-14,401254992,156,9.0
2020-12-14,401271313,295,
2020-12-14,401271313,111,
2020-12-14,401268736,2363,
2020-12-14,401268736,2368,
2020-12-14,401258847,8,
2020-12-14,401258847,198,
2020-12-14,401258540,2739,
2020-12-14,401258540,270,
2020-12-14,401258464,2174,
2020-12-14,401258464,2750,
2020-12-14,401256949,2066,
2020-12-14,401256949,2619,
2020-12-14,401256947,42,
2020-12-14,401256947,311,
2020-12-14,401255013,2752,
2020-12-14,401255013,269,
2020-12-14,401268590,99,
2020-12-14,401268590,2534,
2020-12-14,401260325,2390,
2020-12-14,401260325,294,
2020-12-14,401255666,2250,1.0
2020-12-14,401255666,2294,3.0
2020-12-14,401257340,2168,
2020-12-14,401257340,145,
2020-12-14,401270409,96,
2020-12-14,401270409,153,22.0
2020-12-14,401269687,333,
2020-12-14,401269687,98,
2020-12-14,401269680,275,12.0
2020-12-14,401269680,97,23.0
2020-12-14,401262274,161,
2020-12-14,401262274,2182,
2020-12-14,401259931,2729,
2020-12-14,401259931,2272,
2020-12-14,401270407,2483,
2020-12-14,401270407,2501,
2020-12-14,401262090,2344,
2020-12-14,401262090,2643,
2020-12-14,401253307,282,
2020-12-14,401253307,2050,
2020-12-14,401257573,151,
2020-12-14,401257573,256,
2020-12-14,401257603,2649,
2020-12-14,401257603,2674,
2020-12-14,401262497,84,
2020-12-14,401262497,2086,
2020-12-14,401271073,328,
2020-12-14,401271073,2458,
2020-12-14,401253835,277,8.0
2020-12-14,401253835,66,
2020-12-14,401261664,2010,
2020-12-14,401261664,6,
2020-12-14,401270453,140,
2020-12-14,401270453,123410,
2020-12-14,401271133,2716,
2020-12-14,401271133,279,
2020-12-14,401262482,2031,
2020-12-14,401262482,3134,
2020-12-14,401262386,2453,
2020-12-14,401262386,2915,
2020-12-14,401269533,292,
2020-12-14,401269533,3082,
2020-12-14,401258914,2032,
2020-12-14,401258914,3134,
2020-12-14,401271121,62,
2020-12-14,401271121,2267,
2020-12-14,401270009,167,
2020-12-14,401270009,3158,
2020-12-14,401270624,250,
2020-12-14,401270624,2937,
2020-12-14,401270038,158,
2020-12-14,401270038,2178,
2020-12-14,401270666,304,
2020-12-14,401270666,112679,
2020-12-14,401262418,2454,
2020-12-14,401262418,2228,
2020-12-14,401261441,2000,
2020-12-14,401261441,2810,
2020-12-14,401268997,93,
2020-12-14,401268997,2975,
2020-12-14,401262378,288,
2020-12-14,401262378,2906,
2020-12-14,401269390,278,
2020-12-14,401269390,2235,
2020-12-14,401270015,2541,
2020-12-14,401270015,2235,
2020-12-14,401270040,2547,
2020-12-14,401270040,3159,
2020-12-14,401271093,2934,
2020-12-14,401271093,3249,
2020-12-14,401269999,2415,
2020-12-14,401269999,2706,
2020-12-21,401271393,300,
2020-12-21,401271393,2540,
2020-12-21,401257494,338,
2020-12-21,401257494,2382,
2020-12-21,401264246,2116,
2020-12-21,401264246,2132,
2020-12-21,401262183,2681,
2020-12-21,401262183,2529,
2020-12-21,401252578,2458,
2020-12-21,401252578,304,
2020-12-21,401264247,151,
2020-12-21,401264247,2655,
2020-12-21,401270627,399,
2020-12-21,401270627,315,
2020-12-21,401269677,2217,
2020-12-21,401269677,161,
2020-12-21,401268235,2349,
2020-12-21,401268235,261,
2020-12-21,401263920,2501,
2020-12-21,401263920,147,
2020-12-21,401259885,2,
2020-12-21,401259885,2026,
2020-12-21,401259539,2643,
2020-12-21,401259539,2506,
2020-12-21,401254108,2634,
2020-12-21,401254108,236,
2020-12-21,401270547,258,16.0
2020-12-21,401270547,2729,
2020-12-21,401268844,2649,
2020-12-21,401268844,2459,
2020-12-21,401262857,45,
2020-12-21,401262857,2429,
2020-12-21,401262490,2172,
2020-12-21,401262490,2464,
2020-12-21,401271353,2670,
2020-12-21,401271353,256,
2020-12-21,401271615,2541,
2020-12-21,401271615,36,
2020-12-21,401257341,145,
2020-12-21,401257341,2630,
2020-12-21,401259557,526,
2020-12-21,401259557,290,
2020-12-21,401262975,12,
2020-12-21,401262975,149,
2020-12-21,401262526,2166,
2020-12-21,401262526,238,
2020-12-21,401258558,2870,
2020-12-21,401258558,2523,
2020-12-21,401260362,2198,
2020-12-21,401260362,2272,
2020-12-21,401260180,221,
2020-12-21,401260180,97,
2020-12-21,401260036,120,
2020-12-21,401260036,2325,
2020-12-21,401259009,98,
2020-12-21,401259009,2635,
2020-12-21,401258848,8,
2020-12-21,401258848,2000,
2020-12-21,401257062,2636,
2020-12-21,401257062,2320,
2020-12-21,401252799,61,
2020-12-21,401252799,111,
2020-12-21,401262078,2448,
2020-12-21,401262078,2430,
2020-12-21,401259299,276,
2020-12-21,401259299,2427,
2020-12-21,401257954,2127,
2020-12-21,401257954,2261,
2020-12-21,401271565,25,
2020-12-21,401271565,2547,
2020-12-21,401260705,257,
2020-12-21,401260705,2275,
2020-12-21,401253118,2711,
2020-12-21,401253118,2050,
2020-12-21,401264472,2181,
2020-12-21,401264472,155,
2020-12-21,401253094,2006,
2020-12-21,401253094,195,
2020-12-21,401262096,265,
2020-12-21,401262096,2504,
2020-12-21,401260369,339,
2020-12-21,401260369,2057,
2020-12-21,401258711,292,
2020-12-21,401258711,2534,
2020-12-21,401252798,2247,
2020-12-21,401252798,232,
2020-12-21,401268966,2633,8.0
2020-12-21,401268966,2603,
2020-12-21,401270851,113,
2020-12-21,401270851,2803,
2020-12-21,401262084,231,
2020-12-21,401262084,2569,
2020-12-21,401271480,242,
2020-12-21,401271480,2443,
2020-12-21,401253508,326,
2020-12-21,401253508,2464,
2020-12-21,401254054,2306,
2020-12-21,401254054,294,
2020-12-21,401268934,2244,
2020-12-21,401268934,2678,
2020-12-21,401262156,2097,
2020-12-21,401262156,350,
2020-12-21,401257617,245,
2020-12-21,401257617,2747,
2020-12-21,401271435,48,
2020-12-21,401271435,2415,
2020-12-21,401268240,52,21.0
2020-12-21,401268240,2241,
2020-12-21,401261640,252,
2020-12-21,401261640,2640,
2020-12-21,401262115,2335,
2020-12-21,401262115,2016,
2020-12-21,401253308,282,
2020-12-21,401253308,2546,
2020-12-21,401270474,103,
2020-12-21,401270474,311,
2020-12-21,401269388,68,
2020-12-21,401269388,167,
2020-12-21,401261645,2250,1.0
2020-12-21,401261645,2466,
2020-12-21,401270595,24,
2020-12-21,401270595,2934,
2020-12-21,401259957,2046,
2020-12-21,401259957,93,
2020-12-21,401270634,2086,
2020-12-21,401270634,79,
2020-12-21,401258872,328,
2020-12-21,401258872,23,
2020-12-21,401254046,239,2.0
2020-12-21,401254046,2029,
2020-12-21,401262393,259,24.0
2020-12-21,401262393,2344,
2020-12-21,401268967,344,
2020-12-21,401268967,2400,
2020-12-21,401264245,235,
2020-12-21,401264245,202,
2020-12-21,401257080,2623,
2020-12-21,401257080,2031,
2020-12-21,401264249,58,
2020-12-21,401264249,2724,
2020-12-21,401260327,228,
2020-12-21,401260327,2413,
2020-12-21,401260181,152,
2020-12-21,401260181,153,17.0
2020-12-21,401273055,2174,
2020-12-21,401273055,2473,
2020-12-21,401258541,2750,
2020-12-21,401258541,2739,
2020-12-21,401263340,77,
2020-12-21,401263340,194,23.0
2020-12-21,401268940,119,
2020-12-21,401268940,2154,
2020-12-21,401271553,99,
2020-12-21,401271553,2447,
2020-12-21,401268673,2116,
2020-12-21,401268673,248,6.0
2020-12-21,401258861,97,
2020-12-21,401258861,96,
2020-12-21,401258424,325,
2020-12-21,401258424,2754,
2020-12-21,401263336,135,
2020-12-21,401263336,2294,4.0
2020-12-21,401263337,158,
2020-12-21,401263337,130,19.0
2020-12-21,401263338,2509,
2020-12-21,401263338,120,
2020-12-21,401263335,127,12.0
2020-12-21,401263335,275,9.0
2020-12-21,401253839,201,
2020-12-21,401253839,2641,15.0
2020-12-21,401263332,84,
2020-12-21,401263332,77,
2020-12-21,401270053,2244,
2020-12-21,401270053,2450,
2020-12-21,401263339,356,18.0
2020-12-21,401263339,84,
2020-12-21,401255019,269,
2020-12-21,401255019,222,5.0
2020-12-21,401271123,2507,
2020-12-21,401271123,305,
2020-12-21,401266975,2350,
2020-12-21,401266975,2287,
2020-12-21,401266974,2460,
2020-12-21,401266974,2623,
2020-12-21,401256954,261,
2020-12-21,401256954,2885,
2020-12-21,401271573,2405,
2020-12-21,401271573,2099,
2020-12-21,401256953,2619,
2020-12-21,401256953,2349,
2020-12-21,401256952,160,
2020-12-21,401256952,42,
2020-12-21,401256951,2378,
2020-12-21,401256951,2066,
2020-12-21,401264603,139,
2020-12-21,401264603,140,
2020-12-21,401271122,305,
2020-12-21,401271122,2710,
2020-12-21,401262157,350,
2020-12-21,401262157,2169,
2020-12-21,401262675,2608,
2020-12-21,401262675,21,
2020-12-21,401253838,2305,3.0
2020-12-21,401253838,277,7.0
2020-12-21,401262449,2253,
2020-12-21,401262449,38,
2020-12-21,401264248,248,6.0
2020-12-21,401264248,218,
2020-12-21,401271556,87,
2020-12-21,401271556,91,
2020-12-21,401268855,2520,
2020-12-21,401268855,2885,
2020-12-21,401257930,333,
2020-12-21,401257930,2193,
2020-12-21,401272040,2597,
2020-12-21,401272040,2612,
2020-12-21,401255016,156,13.0
2020-12-21,401255016,2752,22.0
2020-12-21,401271033,204,
2020-12-21,401271033,2502,
2020-12-21,401261521,2755,
2020-12-21,401261521,2545,
2020-12-21,401263333,194,23.0
2020-12-21,401263333,164,11.0
2020-12-21,401258865,142,14.0
2020-12-21,401258865,71,
2020-12-21,401268592,314,
2020-12-21,401268592,2154,
2020-12-21,401261639,252,
2020-12-21,401261639,2692,
2020-12-21,401263334,213,
2020-12-21,401263334,356,18.0
2020-12-21,401271013,2492,
2020-12-21,401271013,2934,
2020-12-21,401253913,2628,
2020-12-21,401253913,2449,
2020-12-21,401258878,2633,8.0
2020-12-21,401258878,2908,
2020-12-21,401255017,2550,
2020-12-21,401255017,46,
2020-12-21,401255056,2433,
2020-12-21,401255056,2348,
2020-12-21,401262379,288,
2020-12-21,401262379,3168,
2020-12-21,401270852,55,
2020-12-21,401270852,111946,
2020-12-21,401262405,253,
2020-12-21,401262405,3246,
2020-12-21,401262162,2226,
2020-12-21,401262162,3244,
2020-12-21,401264640,2199,
2020-12-21,401264640,354,
2020-12-21,401271214,28,
2020-12-21,401271214,3249,
2020-12-21,401254110,295,
2020-12-21,401254110,2672,
2020-12-21,401262419,2454,
2020-12-21,401262419,2206,
2020-12-21,401264448,2229,
2020-12-21,401264448,111946,
2020-12-21,401253495,2535,
2020-12-21,401253495,2056,
2020-12-21,401271613,357,
2020-12-21,401271613,2491,
2020-12-21,401271614,249,
2020-12-21,401271614,108817,
2020-12-21,401261718,250,
2020-12-21,401261718,2758,
2020-12-28,401263418,130,16.0
2020-12-28,401263418,77,19.0
2020-12-28,401260967,2579,
2020-12-28,401260967,50,
2020-12-28,401265351,2483,21.0
2020-12-28,401265351,25,
2020-12-28,401265350,30,
2020-12-28,401265350,38,
2020-12-28,401262566,167,
2020-12-28,401262566,2440,
2020-12-28,401262563,23,
2020-12-28,401262563,68,
2020-12-28,401263347,120,
2020-12-28,401263347,130,16.0
2020-12-28,401265348,264,
2020-12-28,401265348,12,
2020-12-28,401252587,70,
2020-12-28,401252587,2464,
2020-12-28,401265353,26,
2020-12-28,401265353,254,
2020-12-28,401257958,2272,
2020-12-28,401257958,2908,
2020-12-28,401253708,2539,
2020-12-28,401253708,301,
2020-12-28,401263348,275,6.0
2020-12-28,401263348,135,21.0
2020-12-28,401262564,2005,
2020-12-28,401262564,328,
2020-12-28,401258042,2506,
2020-12-28,401258042,2515,
2020-12-28,401257960,2344,
2020-12-28,401257960,2427,
2020-12-28,401257936,2737,
2020-12-28,401257936,2097,
2020-12-28,401257956,2261,
2020-12-28,401257956,2241,
2020-12-28,401259317,2608,
2020-12-28,401259317,16,
2020-12-28,401258721,142,12.0
2020-12-28,401258721,2633,7.0
2020-12-28,401269589,41,
2020-12-28,401269589,305,
2020-12-28,401262440,2547,
2020-12-28,401262440,2501,
2020-12-28,401258719,238,
2020-12-28,401258719,57,
2020-12-28,401258178,2635,
2020-12-28,401258178,2546,
2020-12-28,401263345,84,
2020-12-28,401263345,213,
2020-12-28,401258176,55,
2020-12-28,401258176,2630,
2020-12-28,401265053,59,
2020-12-28,401265053,153,
2020-12-28,401265032,152,
2020-12-28,401265032,103,
2020-12-28,401258175,2198,
2020-12-28,401258175,2197,
2020-12-28,401261861,2099,
2020-12-28,401261861,2612,
2020-12-28,401261893,2368,
2020-12-28,401261893,315,
2020-12-28,401253996,242,
2020-12-28,401253996,2636,
2020-12-28,401257086,309,
2020-12-28,401257086,326,
2020-12-28,401260583,45,
2020-12-28,401260583,2184,
2020-12-28,401253841,2305,3.0
2020-12-28,401253841,251,8.0
2020-12-28,401269594,2507,
2020-12-28,401269594,156,11.0
2020-12-28,401258723,8,
2020-12-28,401258723,142,12.0
2020-12-28,401264259,2567,
2020-12-28,401264259,248,5.0
2020-12-28,401252803,111,
2020-12-28,401252803,2210,
2020-12-28,401254686,2572,
2020-12-28,401254686,2638,
2020-12-28,401252695,2540,
2020-12-28,401252695,2239,
2020-12-28,401254678,2348,
2020-12-28,401254678,276,
2020-12-28,401274414,2006,
2020-12-28,401274414,2309,
2020-12-28,401258485,2473,
2020-12-28,401258485,2750,
2020-12-28,401258426,85,
2020-12-28,401258426,325,
2020-12-28,401257084,2433,
2020-12-28,401257084,2032,
2020-12-28,401257512,288,
2020-12-28,401257512,2335,
2020-12-28,401254221,2229,
2020-12-28,401254221,295,
2020-12-28,401252694,299,
2020-12-28,401252694,2934,
2020-12-28,401258547,2523,
2020-12-28,401258547,270,
2020-12-28,401258529,94,
2020-12-28,401258529,2870,
2020-12-28,401257526,338,
2020-12-28,401257526,294,
2020-12-28,401257083,324,
2020-12-28,401257083,2247,
2020-12-28,401257082,290,
2020-12-28,401257082,6,
2020-12-28,401257081,2026,
2020-12-28,401257081,2653,
2020-12-28,401261862,2217,
2020-12-28,401261862,2520,
2020-12-28,401257085,2031,
2020-12-28,401257085,250,
2020-12-28,401258543,2754,
2020-12-28,401258543,2739,
2020-12-28,401254582,2429,
2020-12-28,401254582,98,
2020-12-28,401258173,2634,
2020-12-28,401258173,2046,
2020-12-28,401253914,2628,
2020-12-28,401253914,2504,
2020-12-28,401253399,2535,
2020-12-28,401253399,2678,
2020-12-28,401271434,2250,1.0
2020-12-28,401271434,2464,
2020-12-28,401259594,2641,13.0
2020-12-28,401259594,2916,
2020-12-28,401263344,164,14.0
2020-12-28,401263344,2509,
2020-12-28,401265031,228,
2020-12-28,401265031,52,18.0
2020-12-28,401273516,30,
2020-12-28,401273516,2541,
2020-12-28,401264250,235,
2020-12-28,401264250,58,
2020-12-28,401258717,99,
2020-12-28,401258717,245,
2020-12-28,401253402,2382,
2020-12-28,401253402,2747,
2020-12-28,401253091,2199,
2020-12-28,401253091,2117,
2020-12-28,401265030,259,24.0
2020-12-28,401265030,2390,
2020-12-28,401254047,239,2.0
2020-12-28,401254047,2110,
2020-12-28,401254084,277,9.0
2020-12-28,401254084,111,
2020-12-28,401263341,135,21.0
2020-12-28,401263341,127,17.0
2020-12-28,401257063,2320,
2020-12-28,401257063,2545,
2020-12-28,401266978,2460,
2020-12-28,401266978,2623,
2020-12-28,401262561,36,
2020-12-28,401262561,278,
2020-12-28,401266979,2350,
2020-12-28,401266979,2287,
2020-12-28,401252693,300,
2020-12-28,401252693,2540,
2020-12-28,401266981,79,
2020-12-28,401266981,339,
2020-12-28,401273373,2463,
2020-12-28,401273373,166,
2020-12-28,401266980,282,
2020-12-28,401266980,2181,
2020-12-28,401271554,2405,
2020-12-28,401271554,2099,
2020-12-28,401256958,261,
2020-12-28,401256958,2885,
2020-12-28,401256957,2619,
2020-12-28,401256957,2349,
2020-12-28,401256956,160,
2020-12-28,401256956,42,
2020-12-28,401254055,2306,
2020-12-28,401254055,2437,
2020-12-28,401258715,333,
2020-12-28,401258715,145,
2020-12-28,401273353,2752,
2020-12-28,401273353,2550,
2020-12-28,401260577,2168,
2020-12-28,401260577,2325,
2020-12-28,401260576,2166,
2020-12-28,401260576,257,
2020-12-28,401258720,61,
2020-12-28,401258720,344,
2020-12-28,401258718,2,
2020-12-28,401258718,8,
2020-12-28,401258174,2057,
2020-12-28,401258174,93,
2020-12-28,401253403,2193,
2020-12-28,401253403,2717,
2020-12-28,401263346,194,25.0
2020-12-28,401263346,158,
2020-12-28,401265054,87,
2020-12-28,401265054,258,23.0
2020-12-28,401260580,113,
2020-12-28,401260580,2244,
2020-12-28,401269591,2507,
2020-12-28,401269591,2086,
2020-12-28,401260581,227,
2020-12-28,401260581,179,
2020-12-28,401263343,2294,10.0
2020-12-28,401263343,77,19.0
2020-12-28,401274073,239,2.0
2020-12-28,401274073,2016,
2020-12-28,401273313,195,
2020-12-28,401273313,189,
2020-12-28,401264253,218,
2020-12-28,401264253,2567,
2020-12-28,401274177,2169,
2020-12-28,401274177,2363,
2020-12-28,401260579,2230,
2020-12-28,401260579,45,
2020-12-28,401253400,236,
2020-12-28,401253400,231,
2020-12-28,401260582,2603,
2020-12-28,401260582,2670,
2020-12-28,401255768,2250,1.0
2020-12-28,401255768,3101,
2020-12-28,401264251,202,
2020-12-28,401264251,248,5.0
2020-12-28,401260190,103,
2020-12-28,401260190,97,
2020-12-28,401274399,2350,
2020-12-28,401274399,249,
2020-12-28,401269593,46,
2020-12-28,401269593,269,
2020-12-28,401264256,58,
2020-12-28,401264256,2116,
2020-12-28,401262571,278,
2020-12-28,401262571,2751,
2020-12-28,401252594,149,
2020-12-28,401252594,2458,
2020-12-28,401263307,356,15.0
2020-12-28,401263307,2509,
2020-12-28,401265356,204,
2020-12-28,401265356,25,
2020-12-28,401258915,233,
2020-12-28,401258915,2172,
2020-12-28,401258726,344,
2020-12-28,401258726,96,
2020-12-28,401257363,2447,
2020-12-28,401257363,2534,
2020-12-28,401257342,145,
2020-12-28,401257342,2724,
2020-12-28,401256959,261,
2020-12-28,401256959,399,
2020-12-28,401253620,2029,
2020-12-28,401253620,2400,
2020-12-28,401253002,2459,
2020-12-28,401253002,189,
2020-12-28,401259013,2617,
2020-12-28,401259013,2443,
2020-12-28,401253840,66,
2020-12-28,401253840,239,2.0
2020-12-28,401261475,2277,
2020-12-28,401261475,2466,
2020-12-28,401274753,256,
2020-12-28,401274753,2415,
2020-12-28,401260196,59,
2020-12-28,401260196,154,
2020-12-28,401259683,2083,
2020-12-28,401259683,2426,
2020-12-28,401258922,2437,
2020-12-28,401258922,198,
2020-12-28,401258920,2710,
2020-12-28,401258920,2449,
2020-12-28,401258919,155,
2020-12-28,401258919,140,
2020-12-28,401269716,2569,
2020-12-28,401269716,2448,
2020-12-28,401259684,322,
2020-12-28,401259684,2329,
2020-12-28,401261864,2561,
2020-12-28,401261864,2405,
2020-12-28,401259681,2142,
2020-12-28,401259681,349,
2020-12-28,401256965,42,
2020-12-28,401256965,2066,
2020-12-28,401252807,2275,
2020-12-28,401252807,2729,
2020-12-28,401252806,48,
2020-12-28,401252806,232,
2020-12-28,401256967,311,
2020-12-28,401256967,160,
2020-12-28,401265354,265,
2020-12-28,401265354,12,
2020-12-28,401265358,2483,21.0
2020-12-28,401265358,24,
2020-12-28,401253618,2011,
2020-12-28,401253618,2755,
2020-12-28,401273493,21,
2020-12-28,401273493,36,
2020-12-28,401264255,2132,
2020-12-28,401264255,202,
2020-12-28,401253005,2050,
2020-12-28,401253005,195,
2020-12-28,401257035,2000,
2020-12-28,401257035,2320,
2020-12-28,401264258,2655,
2020-12-28,401264258,151,
2020-12-28,401253003,2711,
2020-12-28,401253003,2649,
2020-12-28,401256955,2378,
2020-12-28,401256955,2066,
2020-12-28,401257347,2377,
2020-12-28,401257347,2110,
2020-12-28,401253404,2430,
2020-12-28,401253404,2193,
2020-12-28,401274473,2692,
2020-12-28,401274473,3084,
2020-12-28,401253843,201,
2020-12-28,401253843,277,9.0
2020-12-28,401253844,2641,13.0
2020-12-28,401253844,197,
2020-12-28,401258183,93,
2020-12-28,401258183,2413,
2020-12-28,401264128,91,
2020-12-28,401264128,2975,
2020-12-28,401274395,147,
2020-12-28,401274395,2701,
2021-01-04,401263391,356,12.0
2021-01-04,401263391,120,
2021-01-04,401265363,12,
2021-01-04,401265363,30,
2021-01-04,401257093,2026,
2021-01-04,401257093,290,
2021-01-04,401258487,2739,
2021-01-04,401258487,2473,
2021-01-04,401268733,2514,
2021-01-04,401268733,2363,
2021-01-04,401262192,112358,
2021-01-04,401262192,2598,
2021-01-04,401262191,2771,
2021-01-04,401262191,2529,
2021-01-04,401262190,2597,
2021-01-04,401262190,116,
2021-01-04,401262189,2803,
2021-01-04,401262189,2115,
2021-01-04,401261875,315,
2021-01-04,401261875,2520,
2021-01-04,401275572,270,
2021-01-04,401275572,85,
2021-01-04,401265362,9,
2021-01-04,401265362,26,
2021-01-04,401265365,25,
2021-01-04,401265365,265,
2021-01-04,401262575,21,
2021-01-04,401262575,2440,
2021-01-04,401263429,77,
2021-01-04,401263429,356,12.0
2021-01-04,401265364,24,
2021-01-04,401265364,264,
2021-01-04,401258190,2634,
2021-01-04,401258190,2630,
2021-01-04,401257532,2335,
2021-01-04,401257532,338,
2021-01-04,401253761,2539,
2021-01-04,401253761,2501,
2021-01-04,401252597,253,
2021-01-04,401252597,70,
2021-01-04,401258187,2197,
2021-01-04,401258187,93,
2021-01-04,401252599,2458,
2021-01-04,401252599,147,
2021-01-04,401275290,2250,1.0
2021-01-04,401275290,252,
2021-01-04,401262574,36,
2021-01-04,401262574,2439,
2021-01-04,401258188,2198,
2021-01-04,401258188,55,
2021-01-04,401252598,2464,
2021-01-04,401252598,304,
2021-01-04,401263428,120,
2021-01-04,401263428,2294,5.0
2021-01-04,401263430,275,8.0
2021-01-04,401263430,84,
2021-01-04,401264263,2567,
2021-01-04,401264263,2132,
2021-01-04,401258189,2413,
2021-01-04,401258189,2635,
2021-01-04,401257094,324,
2021-01-04,401257094,6,
2021-01-04,401253016,2649,
2021-01-04,401253016,195,
2021-01-04,401265361,38,
2021-01-04,401265361,2483,17.0
2021-01-04,401253928,3084,
2021-01-04,401253928,2856,
2021-01-04,401276295,2351,
2021-01-04,401276295,2539,
2021-01-04,401256969,2349,
2021-01-04,401256969,42,
2021-01-04,401252812,111,
2021-01-04,401252812,2275,
2021-01-04,401252704,2934,
2021-01-04,401252704,13,
2021-01-04,401262579,167,
2021-01-04,401262579,328,
2021-01-04,401262578,278,
2021-01-04,401262578,23,
2021-01-04,401262550,2638,
2021-01-04,401262550,242,
2021-01-04,401260597,2166,
2021-01-04,401260597,2168,
2021-01-04,401258926,198,
2021-01-04,401258926,155,
2021-01-04,401258925,2571,
2021-01-04,401258925,2710,
2021-01-04,401258924,2449,
2021-01-04,401258924,2437,
2021-01-04,401262577,68,
2021-01-04,401262577,2005,
2021-01-04,401258923,140,
2021-01-04,401258923,233,
2021-01-04,401254712,98,
2021-01-04,401254712,2348,
2021-01-04,401253927,2627,
2021-01-04,401253927,2253,
2021-01-04,401252708,27,
2021-01-04,401252708,62,
2021-01-04,401252706,2239,
2021-01-04,401252706,299,
2021-01-04,401254688,5,
2021-01-04,401254688,2572,
2021-01-04,401263310,127,23.0
2021-01-04,401263310,2509,
2021-01-04,401258553,2750,
2021-01-04,401258553,2754,
2021-01-04,401258499,2870,
2021-01-04,401258499,82,
2021-01-04,401258428,325,
2021-01-04,401258428,94,
2021-01-04,401257557,2453,
2021-01-04,401257557,56,
2021-01-04,401257551,294,
2021-01-04,401257551,2454,
2021-01-04,401257496,91,
2021-01-04,401257496,288,
2021-01-04,401257097,309,
2021-01-04,401257097,2031,
2021-01-04,401257095,2433,
2021-01-04,401257095,250,
2021-01-04,401254223,2393,
2021-01-04,401254223,2229,
2021-01-04,401254207,295,
2021-01-04,401254207,2226,
2021-01-04,401253998,2636,
2021-01-04,401253998,249,
2021-01-04,401258186,2057,
2021-01-04,401258186,2546,
2021-01-04,401260602,2244,
2021-01-04,401260602,257,
2021-01-04,401259677,104,
2021-01-04,401259677,107,
2021-01-04,401265057,2390,
2021-01-04,401265057,153,
2021-01-04,401253848,2641,18.0
2021-01-04,401253848,2306,
2021-01-04,401265056,228,19.0
2021-01-04,401265056,152,
2021-01-04,401260590,2184,
2021-01-04,401260590,2166,
2021-01-04,401258728,96,
2021-01-04,401258728,238,
2021-01-04,401258727,333,
2021-01-04,401258727,57,
2021-01-04,401260591,2230,
2021-01-04,401260591,2168,
2021-01-04,401257967,2908,
2021-01-04,401257967,2344,
2021-01-04,401257966,2515,
2021-01-04,401257966,2261,
2021-01-04,401253013,189,
2021-01-04,401253013,2117,
2021-01-04,401253011,195,
2021-01-04,401253011,2459,
2021-01-04,401275193,256,
2021-01-04,401275193,2226,
2021-01-04,401266611,2241,
2021-01-04,401266611,2097,
2021-01-04,401258009,2127,
2021-01-04,401258009,2737,
2021-01-04,401253007,2309,
2021-01-04,401253007,2649,
2021-01-04,401253847,251,4.0
2021-01-04,401253847,66,
2021-01-04,401253845,197,
2021-01-04,401253845,277,14.0
2021-01-04,401262572,278,
2021-01-04,401262572,2751,
2021-01-04,401253623,2011,
2021-01-04,401253623,2296,
2021-01-04,401274275,2154,
2021-01-04,401274275,2169,
2021-01-04,401266992,2181,
2021-01-04,401266992,79,
2021-01-04,401271574,2561,
2021-01-04,401271574,2405,
2021-01-04,401265352,204,
2021-01-04,401265352,24,
2021-01-04,401269599,269,
2021-01-04,401269599,41,
2021-01-04,401257348,2110,
2021-01-04,401257348,2443,
2021-01-04,401253849,239,2.0
2021-01-04,401253849,201,
2021-01-04,401269601,156,7.0
2021-01-04,401269601,2550,
2021-01-04,401265062,258,22.0
2021-01-04,401265062,154,
2021-01-04,401258733,2579,
2021-01-04,401258733,245,
2021-01-04,401258731,145,
2021-01-04,401258731,2,
2021-01-04,401263426,130,10.0
2021-01-04,401263426,135,16.0
2021-01-04,401265058,150,21.0
2021-01-04,401265058,103,
2021-01-04,401264261,248,11.0
2021-01-04,401264261,2724,
2021-01-04,401269602,2752,
2021-01-04,401269602,2599,
2021-01-04,401261442,2277,
2021-01-04,401261442,2000,
2021-01-04,401257364,2545,
2021-01-04,401257364,2534,
2021-01-04,401257036,2447,
2021-01-04,401257036,2320,
2021-01-04,401263424,127,23.0
2021-01-04,401263424,164,15.0
2021-01-04,401261489,2466,
2021-01-04,401261489,2916,
2021-01-04,401258730,2633,9.0
2021-01-04,401258730,8,
2021-01-04,401269600,2086,
2021-01-04,401269600,46,
2021-01-04,401260593,2244,
2021-01-04,401260593,2670,
2021-01-04,401258732,99,
2021-01-04,401258732,61,
2021-01-04,401253412,236,
2021-01-04,401253412,2535,
2021-01-04,401253411,2747,
2021-01-04,401253411,2430,
2021-01-04,401265061,97,
2021-01-04,401265061,259,19.0
2021-01-04,401260592,257,
2021-01-04,401260592,227,
2021-01-04,401274853,183,
2021-01-04,401274853,221,
2021-01-04,401264262,58,
2021-01-04,401264262,202,
2021-01-04,401260596,179,
2021-01-04,401260596,2603,
2021-01-04,401253846,2628,
2021-01-04,401253846,2305,6.0
2021-01-04,401258729,344,
2021-01-04,401258729,142,13.0
2021-01-04,401276354,28,
2021-01-04,401276354,300,
2021-01-04,401253722,2608,
2021-01-04,401253722,2541,
2021-01-04,401253629,2755,
2021-01-04,401253629,2582,
2021-01-04,401276355,2603,
2021-01-04,401276355,399,
2021-01-04,401259687,104,
2021-01-04,401259687,2142,
2021-01-04,401253627,2029,
2021-01-04,401253627,2011,
2021-01-04,401262261,2377,
2021-01-04,401262261,2466,
2021-01-04,401276449,50,
2021-01-04,401276449,2569,
2021-01-04,401276333,282,
2021-01-04,401276333,2350,
2021-01-04,401260210,259,19.0
2021-01-04,401260210,87,
2021-01-04,401263392,158,
2021-01-04,401263392,84,
2021-01-04,401259773,322,
2021-01-04,401259773,2083,
2021-01-04,401275554,2217,
2021-01-04,401275554,2561,
2021-01-04,401266994,2460,
2021-01-04,401266994,71,
2021-01-04,401275584,2426,
2021-01-04,401275584,2329,
2021-01-04,401259691,349,
2021-01-04,401259691,107,
2021-01-04,401269723,2450,
2021-01-04,401269723,2415,
2021-01-04,401267002,339,
2021-01-04,401267002,2287,
2021-01-04,401267001,2674,
2021-01-04,401267001,2623,
2021-01-04,401261918,2405,
2021-01-04,401261918,2368,
2021-01-04,401256978,2066,
2021-01-04,401256978,261,
2021-01-04,401256975,2885,
2021-01-04,401256975,311,
2021-01-04,401257974,2261,
2021-01-04,401257974,2427,
2021-01-04,401252817,232,
2021-01-04,401252817,2182,
2021-01-04,401256976,160,
2021-01-04,401256976,2378,
2021-01-04,401269607,2752,
2021-01-04,401269607,2507,
2021-01-04,401275569,254,
2021-01-04,401275569,2483,17.0
2021-01-04,401258191,2197,
2021-01-04,401258191,2046,
2021-01-04,401274420,2199,
2021-01-04,401274420,2006,
2021-01-04,401269606,305,
2021-01-04,401269606,2550,
2021-01-04,401252814,2729,
2021-01-04,401252814,48,
2021-01-04,401264265,151,
2021-01-04,401264265,58,
2021-01-04,401253415,2643,
2021-01-04,401253415,236,
2021-01-04,401253017,193,
2021-01-04,401253017,2459,
2021-01-04,401263432,164,15.0
2021-01-04,401263432,194,
2021-01-04,401253014,2084,
2021-01-04,401253014,2050,
2021-01-04,401264266,248,11.0
2021-01-04,401264266,2655,
2021-01-04,401252589,149,
2021-01-04,401252589,2458,
2021-01-04,401260600,113,
2021-01-04,401260600,2325,
2021-01-04,401253015,2309,
2021-01-04,401253015,2711,
2021-01-04,401276033,2502,
2021-01-04,401276033,2887,
2021-01-04,401275633,292,
2021-01-04,401275633,2610,
2021-01-04,401274653,2547,
2021-01-04,401274653,2606,
2021-01-04,401276353,2429,
2021-01-04,401276353,2058,
2021-01-04,401276074,2617,
2021-01-04,401276074,2395,
2021-01-11,401277774,2239,
2021-01-11,401277774,2463,
2021-01-11,401257530,338,
2021-01-11,401257530,2453,
2021-01-11,401262201,2598,
2021-01-11,401262201,2803,
2021-01-11,401254586,2429,
2021-01-11,401254586,5,
2021-01-11,401254680,98,
2021-01-11,401254680,276,
2021-01-11,401261882,2368,
2021-01-11,401261882,2217,
2021-01-11,401261884,2405,
2021-01-11,401261884,2514,
2021-01-11,401257108,290,
2021-01-11,401257108,2653,
2021-01-11,401257983,2908,
2021-01-11,401257983,2261,
2021-01-11,401254209,2229,
2021-01-11,401254209,2226,
2021-01-11,401257984,2737,
2021-01-11,401257984,2344,
2021-01-11,401258517,94,
2021-01-11,401258517,85,
2021-01-11,401252717,13,
2021-01-11,401252717,27,
2021-01-11,401253027,2084,
2021-01-11,401253027,189,
2021-01-11,401253936,292,
2021-01-11,401253936,3101,
2021-01-11,401257106,250,
2021-01-11,401257106,309,
2021-01-11,401262200,116,
2021-01-11,401262200,2771,
2021-01-11,401261933,2363,
2021-01-11,401261933,315,
2021-01-11,401254111,242,
2021-01-11,401254111,295,
2021-01-11,401258931,2172,
2021-01-11,401258931,198,
2021-01-11,401257981,2427,
2021-01-11,401257981,2127,
2021-01-11,401252822,48,
2021-01-11,401252822,2275,
2021-01-11,401265373,204,
2021-01-11,401265373,12,
2021-01-11,401253727,2608,
2021-01-11,401253727,252,
2021-01-11,401265375,30,
2021-01-11,401265375,264,
2021-01-11,401262596,23,
2021-01-11,401262596,36,
2021-01-11,401252606,331,
2021-01-11,401252606,253,
2021-01-11,401253723,2250,1.0
2021-01-11,401253723,2492,
2021-01-11,401262599,328,
2021-01-11,401262599,21,
2021-01-11,401258199,2197,
2021-01-11,401258199,2413,
2021-01-11,401252607,70,
2021-01-11,401252607,2458,
2021-01-11,401258201,55,
2021-01-11,401258201,2634,
2021-01-11,401253724,2501,
2021-01-11,401253724,2539,
2021-01-11,401257109,6,
2021-01-11,401257109,2026,
2021-01-11,401257110,2032,
2021-01-11,401257110,2433,
2021-01-11,401257498,526,
2021-01-11,401257498,91,
2021-01-11,401258934,155,
2021-01-11,401258934,2449,
2021-01-11,401276739,2692,
2021-01-11,401276739,2627,
2021-01-11,401252821,2182,
2021-01-11,401252821,2729,
2021-01-11,401252614,149,
2021-01-11,401252614,2464,
2021-01-11,401263398,356,14.0
2021-01-11,401263398,194,21.0
2021-01-11,401269614,2599,
2021-01-11,401269614,269,
2021-01-11,401260223,221,
2021-01-11,401260223,183,
2021-01-11,401260220,52,
2021-01-11,401260220,153,
2021-01-11,401259775,2426,
2021-01-11,401259775,44,
2021-01-11,401258751,145,
2021-01-11,401258751,61,
2021-01-11,401252714,62,
2021-01-11,401252714,2934,
2021-01-11,401262598,2440,
2021-01-11,401262598,278,
2021-01-11,401263397,164,
2021-01-11,401263397,275,9.0
2021-01-11,401253935,2547,
2021-01-11,401253935,3084,
2021-01-11,401253933,2856,
2021-01-11,401253933,2627,
2021-01-11,401276895,288,
2021-01-11,401276895,2454,
2021-01-11,401257540,56,
2021-01-11,401257540,2335,
2021-01-11,401258501,82,
2021-01-11,401258501,2523,
2021-01-11,401254690,2572,
2021-01-11,401254690,2393,
2021-01-11,401254567,249,
2021-01-11,401254567,2638,
2021-01-11,401252718,2540,
2021-01-11,401252718,28,
2021-01-11,401257111,2031,
2021-01-11,401257111,326,
2021-01-11,401254000,2348,
2021-01-11,401254000,2636,
2021-01-11,401276296,179,
2021-01-11,401276296,2184,
2021-01-11,401262202,2681,
2021-01-11,401262202,112358,
2021-01-11,401261885,2520,
2021-01-11,401261885,2561,
2021-01-11,401258549,270,
2021-01-11,401258549,2870,
2021-01-11,401258489,2473,
2021-01-11,401258489,2754,
2021-01-11,401258471,2174,
2021-01-11,401258471,2739,
2021-01-11,401258430,2750,
2021-01-11,401258430,325,
2021-01-11,401257942,2097,
2021-01-11,401257942,2506,
2021-01-11,401252610,147,
2021-01-11,401252610,2502,
2021-01-11,401263395,84,
2021-01-11,401263395,2509,
2021-01-11,401253428,2678,
2021-01-11,401253428,2643,
2021-01-11,401258741,96,
2021-01-11,401258741,333,
2021-01-11,401265066,259,20.0
2021-01-11,401265066,150,19.0
2021-01-11,401263393,130,7.0
2021-01-11,401263393,275,9.0
2021-01-11,401253856,201,
2021-01-11,401253856,2628,
2021-01-11,401253857,197,
2021-01-11,401253857,2305,6.0
2021-01-11,401276612,2755,
2021-01-11,401276612,2016,
2021-01-11,401269609,269,
2021-01-11,401269609,2507,
2021-01-11,401260606,2230,
2021-01-11,401260606,179,
2021-01-11,401260608,45,
2021-01-11,401260608,2670,
2021-01-11,401253419,2643,
2021-01-11,401253419,231,
2021-01-11,401265068,258,18.0
2021-01-11,401265068,87,
2021-01-11,401265067,52,
2021-01-11,401265067,152,
2021-01-11,401269608,2599,
2021-01-11,401269608,2086,
2021-01-11,401265064,103,
2021-01-11,401265064,2390,
2021-01-11,401260604,2166,
2021-01-11,401260604,2603,
2021-01-11,401258742,57,
2021-01-11,401258742,145,
2021-01-11,401253022,189,
2021-01-11,401253022,2050,
2021-01-11,401253021,195,
2021-01-11,401253021,193,
2021-01-11,401253018,2649,
2021-01-11,401253018,2199,
2021-01-11,401276489,2400,
2021-01-11,401276489,2011,
2021-01-11,401253019,2117,
2021-01-11,401253019,2309,
2021-01-11,401253020,2459,
2021-01-11,401253020,2006,
2021-01-11,401253023,2711,
2021-01-11,401253023,2084,
2021-01-11,401262594,2751,
2021-01-11,401262594,68,
2021-01-11,401266999,2460,
2021-01-11,401266999,71,
2021-01-11,401253630,2504,
2021-01-11,401253630,2640,
2021-01-11,401276334,282,
2021-01-11,401276334,2350,
2021-01-11,401272041,305,
2021-01-11,401272041,41,25.0
2021-01-11,401275570,254,
2021-01-11,401275570,38,
2021-01-11,401253422,236,
2021-01-11,401253422,2382,
2021-01-11,401253423,2678,
2021-01-11,401253423,2747,
2021-01-11,401258745,99,
2021-01-11,401258745,8,
2021-01-11,401276513,218,
2021-01-11,401276513,2116,
2021-01-11,401262195,2529,
2021-01-11,401262195,2115,
2021-01-11,401258198,2635,
2021-01-11,401258198,2057,
2021-01-11,401253456,2535,
2021-01-11,401253456,2430,
2021-01-11,401275571,254,
2021-01-11,401275571,24,
2021-01-11,401265376,26,
2021-01-11,401265376,265,
2021-01-11,401253726,279,
2021-01-11,401253726,2541,
2021-01-11,401265371,38,
2021-01-11,401265371,25,
2021-01-11,401253859,251,4.0
2021-01-11,401253859,2641,15.0
2021-01-11,401258746,61,
2021-01-11,401258746,2,
2021-01-11,401276613,3101,
2021-01-11,401276613,167,
2021-01-11,401258747,344,
2021-01-11,401258747,245,
2021-01-11,401265069,154,
2021-01-11,401265069,97,16.0
2021-01-11,401261491,2916,
2021-01-11,401261491,2377,
2021-01-11,401257381,2545,
2021-01-11,401257381,357,
2021-01-11,401261513,2466,
2021-01-11,401261513,2447,
2021-01-11,401257350,2617,
2021-01-11,401257350,2110,
2021-01-11,401257038,2534,
2021-01-11,401257038,2320,
2021-01-11,401263312,194,21.0
2021-01-11,401263312,77,
2021-01-11,401276034,113,
2021-01-11,401276034,227,
2021-01-11,401264272,2724,
2021-01-11,401264272,202,
2021-01-11,401260607,2244,
2021-01-11,401260607,2325,
2021-01-11,401260605,2168,
2021-01-11,401260605,2184,
2021-01-11,401252823,232,
2021-01-11,401252823,111,
2021-01-11,401256979,2378,
2021-01-11,401256979,42,
2021-01-11,401261495,2443,
2021-01-11,401261495,2377,
2021-01-11,401265378,204,
2021-01-11,401265378,9,
2021-01-11,401253862,251,4.0
2021-01-11,401253862,2306,
2021-01-11,401258752,99,
2021-01-11,401258752,2579,
2021-01-11,401258754,2633,10.0
2021-01-11,401258754,238,
2021-01-11,401260219,228,12.0
2021-01-11,401260219,258,18.0
2021-01-11,401253730,279,
2021-01-11,401253730,2351,
2021-01-11,401262602,2439,
2021-01-11,401262602,167,
2021-01-11,401253638,2582,
2021-01-11,401253638,2029,
2021-01-11,401276953,2546,
2021-01-11,401276953,2413,
2021-01-11,401276826,304,
2021-01-11,401276826,16,
2021-01-11,401264279,202,
2021-01-11,401264279,235,
2021-01-11,401259782,2329,
2021-01-11,401259782,2083,
2021-01-11,401267008,71,
2021-01-11,401267008,339,
2021-01-11,401267009,2287,
2021-01-11,401267009,282,
2021-01-11,401256988,399,
2021-01-11,401256988,2885,
2021-01-11,401269732,2169,
2021-01-11,401269732,2450,
2021-01-11,401277674,301,
2021-01-11,401277674,2541,
2021-01-11,401259784,2352,
2021-01-11,401259784,322,
2021-01-11,401264277,248,11.0
2021-01-11,401264277,2116,
2021-01-11,401269731,2415,
2021-01-11,401269731,2154,
2021-01-11,401256987,2619,
2021-01-11,401256987,160,
2021-01-11,401263402,2509,
2021-01-11,401263402,213,
2021-01-11,401259783,2142,
2021-01-11,401259783,107,
2021-01-11,401259781,104,
2021-01-11,401259781,349,
2021-01-11,401256985,261,
2021-01-11,401256985,311,
2021-01-11,401256986,2066,
2021-01-11,401256986,2349,
2021-01-11,401267860,77,
2021-01-11,401267860,2294,5.0
2021-01-11,401264267,2567,
2021-01-11,401264267,218,
2021-01-11,401276603,119,
2021-01-11,401276603,256,
2021-01-11,401269612,2086,
2021-01-11,401269612,156,8.0
2021-01-11,401263400,135,23.0
2021-01-11,401263400,130,7.0
2021-01-11,401257115,2247,
2021-01-11,401257115,324,
2021-01-11,401253425,2382,
2021-01-11,401253425,2717,
2021-01-11,401258753,245,
2021-01-11,401258753,142,17.0
2021-01-11,401277093,2655,
2021-01-11,401277093,218,
2021-01-11,401253635,2010,
2021-01-11,401253635,2011,
2021-01-11,401253426,231,
2021-01-11,401253426,2193,
2021-01-11,401258207,2630,
2021-01-11,401258207,93,
2021-01-11,401258205,2197,
2021-01-11,401258205,2198,
2021-01-11,401257365,2534,
2021-01-11,401257365,2277,
2021-01-11,401253863,2641,15.0
2021-01-11,401253863,239,2.0
2021-01-11,401261443,2000,
2021-01-11,401261443,2545,
2021-01-11,401262600,2005,
2021-01-11,401262600,2751,
2021-01-11,401277015,305,
2021-01-11,401277015,2674,
2021-01-11,401278973,2448,
2021-01-11,401278973,111946,
2021-01-11,401277153,120,
2021-01-11,401277153,351,
2021-01-11,401275575,2253,
2021-01-11,401275575,3246,
2021-01-11,401277476,2623,
2021-01-11,401277476,2402,
2021-01-18,401262615,2005,
2021-01-18,401262615,21,
2021-01-18,401252617,2502,
2021-01-18,401252617,304,
2021-01-18,401262511,252,
2021-01-18,401262511,2501,
2021-01-18,401265384,9,
2021-01-18,401265384,12,
2021-01-18,401265385,25,
2021-01-18,401265385,26,24.0
2021-01-18,401263406,2294,4.0
2021-01-18,401263406,84,
2021-01-18,401253736,2541,
2021-01-18,401253736,2539,
2021-01-18,401265387,265,
2021-01-18,401265387,254,
2021-01-18,401262610,328,
2021-01-18,401262610,36,
2021-01-18,401257121,324,
2021-01-18,401257121,2653,
2021-01-18,401258519,85,
2021-01-18,401258519,2750,
2021-01-18,401262209,2115,
2021-01-18,401262209,116,
2021-01-18,401262210,2771,
2021-01-18,401262210,161,
2021-01-18,401262211,2529,
2021-01-18,401262211,2598,
2021-01-18,401277841,2514,
2021-01-18,401277841,315,
2021-01-18,401258503,2754,
2021-01-18,401258503,82,
2021-01-18,401258214,2634,
2021-01-18,401258214,2565,
2021-01-18,401253735,2492,
2021-01-18,401253735,279,
2021-01-18,401252620,2692,
2021-01-18,401252620,253,
2021-01-18,401258212,93,
2021-01-18,401258212,55,
2021-01-18,401258209,2046,
2021-01-18,401258209,2635,
2021-01-18,401252616,2458,
2021-01-18,401252616,331,
2021-01-18,401252618,16,
2021-01-18,401252618,149,
2021-01-18,401258211,2198,
2021-01-18,401258211,2630,
2021-01-18,401258210,2057,
2021-01-18,401258210,2197,
2021-01-18,401253734,2351,
2021-01-18,401253734,2608,
2021-01-18,401252619,2464,
2021-01-18,401252619,147,
2021-01-18,401276827,213,
2021-01-18,401276827,164,
2021-01-18,401264284,235,
2021-01-18,401264284,2724,
2021-01-18,401258213,2413,
2021-01-18,401258213,2546,
2021-01-18,401258545,2739,
2021-01-18,401258545,2870,
2021-01-18,401257122,2026,
2021-01-18,401257122,2247,
2021-01-18,401277795,193,
2021-01-18,401277795,189,
2021-01-18,401258940,2571,
2021-01-18,401258940,155,
2021-01-18,401263407,2509,
2021-01-18,401263407,130,7.0
2021-01-18,401254704,5,
2021-01-18,401254704,242,
2021-01-18,401252728,2239,
2021-01-18,401252728,62,
2021-01-18,401257514,288,
2021-01-18,401257514,526,
2021-01-18,401258939,2710,
2021-01-18,401258939,233,
2021-01-18,401262611,2751,
2021-01-18,401262611,2440,
2021-01-18,401258941,2449,
2021-01-18,401258941,2172,
2021-01-18,401252724,300,
2021-01-18,401252724,13,
2021-01-18,401253941,3101,
2021-01-18,401253941,2253,
2021-01-18,401255057,2638,
2021-01-18,401255057,2348,
2021-01-18,401258432,325,
2021-01-18,401258432,270,
2021-01-18,401252832,111,
2021-01-18,401252832,256,
2021-01-18,401253036,2649,
2021-01-18,401253036,2309,
2021-01-18,401278133,2454,
2021-01-18,401278133,338,
2021-01-18,401277847,2520,
2021-01-18,401277847,2368,
2021-01-18,401261895,2561,
2021-01-18,401261895,2612,
2021-01-18,401258531,2523,
2021-01-18,401258531,94,
2021-01-18,401258473,2473,
2021-01-18,401258473,2174,
2021-01-18,401257563,2453,
2021-01-18,401257563,294,
2021-01-18,401257500,91,
2021-01-18,401257500,56,
2021-01-18,401257305,2433,
2021-01-18,401257305,326,
2021-01-18,401257123,250,
2021-01-18,401257123,2031,
2021-01-18,401257120,309,
2021-01-18,401257120,2032,
2021-01-18,401257119,6,
2021-01-18,401257119,290,
2021-01-18,401254225,2229,
2021-01-18,401254225,276,
2021-01-18,401254211,2226,
2021-01-18,401254211,2429,
2021-01-18,401254002,2636,
2021-01-18,401254002,2572,
2021-01-18,401252727,2463,
2021-01-18,401252727,2540,
2021-01-18,401252726,28,
2021-01-18,401252726,302,
2021-01-18,401252725,27,
2021-01-18,401252725,2934,
2021-01-18,401278393,2006,
2021-01-18,401278393,2117,
2021-01-18,401262607,167,
2021-01-18,401262607,23,
2021-01-18,401263414,194,15.0
2021-01-18,401263414,2509,
2021-01-18,401253031,193,
2021-01-18,401253031,2050,
2021-01-18,401257986,2241,
2021-01-18,401257986,2427,
2021-01-18,401257988,2506,
2021-01-18,401257988,2737,
2021-01-18,401265071,183,
2021-01-18,401265071,2390,
2021-01-18,401258757,344,
2021-01-18,401258757,145,
2021-01-18,401269616,305,
2021-01-18,401269616,2086,
2021-01-18,401276973,204,
2021-01-18,401276973,30,
2021-01-18,401277849,2097,
2021-01-18,401277849,2515,
2021-01-18,401258758,142,19.0
2021-01-18,401258758,2579,
2021-01-18,401263403,130,7.0
2021-01-18,401263403,120,
2021-01-18,401258756,57,
2021-01-18,401258756,2633,6.0
2021-01-18,401253866,201,
2021-01-18,401253866,2306,
2021-01-18,401257987,2344,
2021-01-18,401257987,2272,
2021-01-18,401253032,2309,
2021-01-18,401253032,2084,
2021-01-18,401276604,119,
2021-01-18,401276604,350,
2021-01-18,401262597,2439,
2021-01-18,401262597,167,
2021-01-18,401253865,239,2.0
2021-01-18,401253865,2305,9.0
2021-01-18,401253640,2504,
2021-01-18,401253640,2755,
2021-01-18,401260225,97,
2021-01-18,401260225,52,
2021-01-18,401253451,2430,
2021-01-18,401253451,2643,
2021-01-18,401253409,2193,
2021-01-18,401253409,2678,
2021-01-18,401253642,2582,
2021-01-18,401253642,2400,
2021-01-18,401253639,2016,
2021-01-18,401253639,2029,
2021-01-18,401260615,2325,
2021-01-18,401260615,2603,
2021-01-18,401276673,2535,
2021-01-18,401276673,2717,
2021-01-18,401272042,41,23.0
2021-01-18,401272042,2599,
2021-01-18,401263404,356,22.0
2021-01-18,401263404,213,
2021-01-18,401276853,2084,
2021-01-18,401276853,2199,
2021-01-18,401261496,2443,
2021-01-18,401261496,357,
2021-01-18,401265073,59,
2021-01-18,401265073,228,20.0
2021-01-18,401269619,156,11.0
2021-01-18,401269619,2507,
2021-01-18,401259015,2617,
2021-01-18,401259015,2466,
2021-01-18,401261522,2377,
2021-01-18,401261522,2545,
2021-01-18,401253433,2535,
2021-01-18,401253433,236,
2021-01-18,401261476,2277,
2021-01-18,401261476,2447,
2021-01-18,401263415,275,10.0
2021-01-18,401263415,77,
2021-01-18,401265070,221,
2021-01-18,401265070,150,
2021-01-18,401264280,248,8.0
2021-01-18,401264280,202,
2021-01-18,401258759,8,
2021-01-18,401258759,2,
2021-01-18,401262608,68,
2021-01-18,401262608,278,
2021-01-18,401265383,264,
2021-01-18,401265383,38,
2021-01-18,401267014,2287,
2021-01-18,401267014,71,
2021-01-18,401257366,2534,
2021-01-18,401257366,2000,
2021-01-18,401267015,2674,
2021-01-18,401267015,2350,
2021-01-18,401265074,153,
2021-01-18,401265074,154,
2021-01-18,401260620,2244,
2021-01-18,401260620,2603,
2021-01-18,401258760,61,
2021-01-18,401258760,96,
2021-01-18,401253429,2678,
2021-01-18,401253429,231,
2021-01-18,401277853,179,
2021-01-18,401277853,2670,
2021-01-18,401260618,2184,
2021-01-18,401260618,227,
2021-01-18,401253432,2643,
2021-01-18,401253432,2382,
2021-01-18,401260617,2166,
2021-01-18,401260617,2230,
2021-01-18,401269617,222,3.0
2021-01-18,401269617,2550,
2021-01-18,401258755,99,
2021-01-18,401258755,333,18.0
2021-01-18,401277675,2351,
2021-01-18,401277675,301,
2021-01-18,401258946,198,
2021-01-18,401258946,140,
2021-01-18,401260235,258,13.0
2021-01-18,401260235,59,
2021-01-18,401269623,269,
2021-01-18,401269623,305,
2021-01-18,401253647,2029,
2021-01-18,401253647,2640,
2021-01-18,401257041,2617,
2021-01-18,401257041,2320,
2021-01-18,401253644,2011,
2021-01-18,401253644,2016,
2021-01-18,401265390,24,
2021-01-18,401265390,26,24.0
2021-01-18,401259785,44,
2021-01-18,401259785,2352,
2021-01-18,401259794,107,
2021-01-18,401259794,2329,
2021-01-18,401279314,2241,
2021-01-18,401279314,2127,
2021-01-18,401279317,2885,
2021-01-18,401279317,2619,
2021-01-18,401280322,2415,
2021-01-18,401280322,2169,
2021-01-18,401259791,2426,
2021-01-18,401259791,349,
2021-01-18,401264288,151,
2021-01-18,401264288,235,
2021-01-18,401259792,322,
2021-01-18,401259792,104,
2021-01-18,401260238,2390,
2021-01-18,401260238,87,
2021-01-18,401256843,160,
2021-01-18,401256843,399,
2021-01-18,401254714,2393,
2021-01-18,401254714,98,
2021-01-18,401252835,2275,
2021-01-18,401252835,119,
2021-01-18,401269740,2154,
2021-01-18,401269740,2450,
2021-01-18,401252836,350,
2021-01-18,401252836,48,
2021-01-18,401260626,113,
2021-01-18,401260626,2166,
2021-01-18,401265389,2483,21.0
2021-01-18,401265389,204,
2021-01-18,401253738,2250,1.0
2021-01-18,401253738,279,
2021-01-18,401278720,2856,
2021-01-18,401278720,299,
2021-01-18,401263409,135,17.0
2021-01-18,401263409,120,
2021-01-18,401260236,153,
2021-01-18,401260236,152,
2021-01-18,401264285,2116,
2021-01-18,401264285,2567,
2021-01-18,401253872,197,
2021-01-18,401253872,239,2.0
2021-01-18,401260622,257,
2021-01-18,401260622,2325,
2021-01-18,401253643,2010,
2021-01-18,401253643,2582,
2021-01-18,401280133,195,
2021-01-18,401280133,2050,
2021-01-18,401278976,2729,
2021-01-18,401278976,2182,
2021-01-18,401258763,238,
2021-01-18,401258763,8,
2021-01-18,401280173,218,
2021-01-18,401280173,248,8.0
2021-01-18,401260237,183,
2021-01-18,401260237,259,16.0
2021-01-18,401257385,2916,
2021-01-18,401257385,357,
2021-01-18,401253041,2711,
2021-01-18,401253041,2006,
2021-01-18,401253645,2755,
2021-01-18,401253645,2296,
2021-01-18,401258767,145,
2021-01-18,401258767,245,
2021-01-18,401260624,2670,
2021-01-18,401260624,2168,
2021-01-18,401253438,2747,
2021-01-18,401253438,2717,
2021-01-18,401257352,2000,
2021-01-18,401257352,2110,
2021-01-18,401280053,2599,
2021-01-18,401280053,3084,
2021-01-18,401253870,2306,
2021-01-18,401253870,277,14.0
2021-01-25,401262626,2440,
2021-01-25,401262626,2439,
2021-01-25,401264294,2655,
2021-01-25,401264294,248,6.0
2021-01-25,401258521,85,
2021-01-25,401258521,270,
2021-01-25,401258505,94,
2021-01-25,401258505,82,
2021-01-25,401258006,2506,
2021-01-25,401258006,2344,
2021-01-25,401257502,338,
2021-01-25,401257502,91,
2021-01-25,401254227,2429,
2021-01-25,401254227,2229,
2021-01-25,401258475,2754,
2021-01-25,401258475,2174,
2021-01-25,401257133,326,
2021-01-25,401257133,309,
2021-01-25,401277837,315,
2021-01-25,401277837,2405,
2021-01-25,401282546,242,
2021-01-25,401282546,249,
2021-01-25,401265394,9,
2021-01-25,401265394,25,
2021-01-25,401262618,278,
2021-01-25,401262618,167,
2021-01-25,401265397,12,
2021-01-25,401265397,24,
2021-01-25,401262621,23,
2021-01-25,401262621,2005,
2021-01-25,401253742,301,
2021-01-25,401253742,2250,1.0
2021-01-25,401262620,21,
2021-01-25,401262620,2751,
2021-01-25,401252738,302,
2021-01-25,401252738,2540,
2021-01-25,401258226,2546,
2021-01-25,401258226,2565,
2021-01-25,401258222,2630,
2021-01-25,401258222,2197,
2021-01-25,401258221,2046,
2021-01-25,401258221,2057,
2021-01-25,401254706,2393,
2021-01-25,401254706,5,
2021-01-25,401252627,70,
2021-01-25,401252627,2692,
2021-01-25,401258225,93,
2021-01-25,401258225,2634,
2021-01-25,401258224,55,
2021-01-25,401258224,2413,
2021-01-25,401253877,2305,15.0
2021-01-25,401253877,2628,
2021-01-25,401278725,2567,
2021-01-25,401278725,235,
2021-01-25,401278222,2737,
2021-01-25,401278222,2427,
2021-01-25,401275976,2674,
2021-01-25,401275976,71,
2021-01-25,401263416,164,
2021-01-25,401263416,127,
2021-01-25,401254692,2572,
2021-01-25,401254692,2348,
2021-01-25,401254004,2636,
2021-01-25,401254004,2638,
2021-01-25,401253051,2084,
2021-01-25,401253051,195,
2021-01-25,401282549,112358,
2021-01-25,401282549,2771,
2021-01-25,401258950,155,
2021-01-25,401258950,2710,
2021-01-25,401277637,264,
2021-01-25,401277637,265,
2021-01-25,401254064,201,24.0
2021-01-25,401254064,333,9.0
2021-01-25,401264295,151,
2021-01-25,401264295,202,
2021-01-25,401260247,150,
2021-01-25,401260247,228,
2021-01-25,401259799,2426,
2021-01-25,401259799,2352,
2021-01-25,401254056,2306,
2021-01-25,401254056,245,
2021-01-25,401252736,62,
2021-01-25,401252736,300,
2021-01-25,401262623,36,
2021-01-25,401262623,68,
2021-01-25,401252734,2934,
2021-01-25,401252734,2239,
2021-01-25,401263417,356,19.0
2021-01-25,401263417,2294,7.0
2021-01-25,401258555,2750,
2021-01-25,401258555,2523,
2021-01-25,401253949,2253,
2021-01-25,401253949,166,
2021-01-25,401253948,2856,
2021-01-25,401253948,3101,
2021-01-25,401257131,2032,
2021-01-25,401257131,250,
2021-01-25,401257132,290,
2021-01-25,401257132,324,
2021-01-25,401257130,2653,
2021-01-25,401257130,2026,
2021-01-25,401282746,2464,
2021-01-25,401282746,2458,
2021-01-25,401261903,2612,
2021-01-25,401261903,2363,
2021-01-25,401258948,140,
2021-01-25,401258948,2449,
2021-01-25,401258947,233,
2021-01-25,401258947,2437,
2021-01-25,401253951,3084,
2021-01-25,401253951,2627,
2021-01-25,401282743,2097,
2021-01-25,401282743,2127,
2021-01-25,401258491,2870,
2021-01-25,401258491,2473,
2021-01-25,401257134,2031,
2021-01-25,401257134,2433,
2021-01-25,401282742,2241,
2021-01-25,401282742,2272,
2021-01-25,401281685,13,
2021-01-25,401281685,2463,
2021-01-25,401258454,325,
2021-01-25,401258454,2739,
2021-01-25,401257559,526,
2021-01-25,401257559,56,
2021-01-25,401257553,2454,
2021-01-25,401257553,2453,
2021-01-25,401257542,294,
2021-01-25,401257542,2335,
2021-01-25,401265396,30,
2021-01-25,401265396,204,
2021-01-25,401262617,2439,
2021-01-25,401262617,328,
2021-01-25,401253413,2717,
2021-01-25,401253413,231,
2021-01-25,401260628,2603,
2021-01-25,401260628,257,
2021-01-25,401265078,150,
2021-01-25,401265078,59,
2021-01-25,401258771,245,
2021-01-25,401258771,99,
2021-01-25,401260627,139,22.0
2021-01-25,401260627,2168,
2021-01-25,401269625,41,
2021-01-25,401269625,2086,
2021-01-25,401277075,2623,
2021-01-25,401277075,2181,
2021-01-25,401253044,2006,
2021-01-25,401253044,2199,
2021-01-25,401253878,251,5.0
2021-01-25,401253878,201,24.0
2021-01-25,401258769,333,9.0
2021-01-25,401258769,96,
2021-01-25,401258772,2633,18.0
2021-01-25,401258772,344,
2021-01-25,401265077,221,
2021-01-25,401265077,153,
2021-01-25,401262176,2598,
2021-01-25,401262176,161,
2021-01-25,401253042,193,
2021-01-25,401253042,2649,
2021-01-25,401253045,195,
2021-01-25,401253045,2711,
2021-01-25,401258770,2,
2021-01-25,401258770,142,12.0
2021-01-25,401277074,282,
2021-01-25,401277074,79,
2021-01-25,401264338,218,
2021-01-25,401264338,202,
2021-01-25,401253876,277,11.0
2021-01-25,401253876,2641,10.0
2021-01-25,401253875,66,
2021-01-25,401253875,197,
2021-01-25,401253649,2011,
2021-01-25,401253649,2582,
2021-01-25,401260239,258,8.0
2021-01-25,401260239,183,
2021-01-25,401275978,71,
2021-01-25,401275978,2350,
2021-01-25,401253651,2029,
2021-01-25,401253651,2504,
2021-01-25,401276894,2501,
2021-01-25,401276894,2351,
2021-01-25,401276359,2492,
2021-01-25,401276359,252,
2021-01-25,401253879,239,2.0
2021-01-25,401253879,2306,
2021-01-25,401261498,2466,
2021-01-25,401261498,2443,
2021-01-25,401263313,120,
2021-01-25,401263313,275,14.0
2021-01-25,401281473,228,
2021-01-25,401281473,97,25.0
2021-01-25,401269627,305,
2021-01-25,401269627,2599,
2021-01-25,401265393,38,
2021-01-25,401265393,265,
2021-01-25,401257353,2545,
2021-01-25,401257353,2110,
2021-01-25,401259016,2000,
2021-01-25,401259016,2617,
2021-01-25,401258773,8,
2021-01-25,401258773,145,
2021-01-25,401265081,152,
2021-01-25,401265081,154,
2021-01-25,401261514,2447,
2021-01-25,401261514,2377,
2021-01-25,401261478,2916,
2021-01-25,401261478,2277,
2021-01-25,401257367,357,
2021-01-25,401257367,2534,
2021-01-25,401264290,2116,
2021-01-25,401264290,151,
2021-01-25,401280781,194,13.0
2021-01-25,401280781,213,
2021-01-25,401269629,2550,
2021-01-25,401269629,156,17.0
2021-01-25,401265080,87,
2021-01-25,401265080,259,20.0
2021-01-25,401276777,2430,
2021-01-25,401276777,2382,
2021-01-25,401269628,2507,
2021-01-25,401269628,269,
2021-01-25,401258775,2579,
2021-01-25,401258775,61,
2021-01-25,401253439,2678,
2021-01-25,401253439,2717,
2021-01-25,401258774,57,
2021-01-25,401258774,238,
2021-01-25,401265079,52,16.0
2021-01-25,401265079,2390,
2021-01-25,401260629,2230,
2021-01-25,401260629,2184,
2021-01-25,401281545,2309,
2021-01-25,401281545,189,
2021-01-25,401260631,2325,
2021-01-25,401260631,227,
2021-01-25,401253441,2643,
2021-01-25,401253441,2747,
2021-01-25,401276605,256,
2021-01-25,401276605,119,
2021-01-25,401252843,119,
2021-01-25,401252843,2729,
2021-01-25,401252841,350,
2021-01-25,401252841,2275,
2021-01-25,401260634,2670,
2021-01-25,401260634,2325,
2021-01-25,401253653,2640,
2021-01-25,401253653,2011,
2021-01-25,401263316,2509,
2021-01-25,401263316,135,21.0
2021-01-25,401262213,2598,
2021-01-25,401262213,2115,
2021-01-25,401265400,26,23.0
2021-01-25,401265400,204,
2021-01-25,401262215,161,
2021-01-25,401262215,2803,
2021-01-25,401253656,2296,
2021-01-25,401253656,2400,
2021-01-25,401253655,2755,
2021-01-25,401253655,2029,
2021-01-25,401261944,2368,
2021-01-25,401261944,2561,
2021-01-25,401263421,77,
2021-01-25,401263421,164,
2021-01-25,401283389,27,
2021-01-25,401283389,28,
2021-01-25,401267026,79,
2021-01-25,401267026,2460,
2021-01-25,401259823,107,
2021-01-25,401259823,2142,
2021-01-25,401283200,2448,
2021-01-25,401283200,50,
2021-01-25,401267027,339,
2021-01-25,401267027,2674,
2021-01-25,401267024,2181,
2021-01-25,401267024,2287,
2021-01-25,401282550,331,
2021-01-25,401282550,16,
2021-01-25,401283393,256,
2021-01-25,401283393,2182,
2021-01-25,401281400,2066,
2021-01-25,401281400,160,
2021-01-25,401281398,2885,
2021-01-25,401281398,2378,
2021-01-25,401281397,2619,
2021-01-25,401281397,42,
2021-01-25,401262220,116,
2021-01-25,401262220,2529,
2021-01-25,401259803,2083,
2021-01-25,401259803,2329,
2021-01-25,401252846,48,
2021-01-25,401252846,2210,
2021-01-25,401258002,2427,
2021-01-25,401258002,2515,
2021-01-25,401253049,2006,
2021-01-25,401253049,2050,
2021-01-25,401253652,2504,
2021-01-25,401253652,2010,
2021-01-25,401253444,2193,
2021-01-25,401253444,2643,
2021-01-25,401253052,2309,
2021-01-25,401253052,2117,
2021-01-25,401269633,2550,
2021-01-25,401269633,222,3.0
2021-01-25,401282157,179,
2021-01-25,401282157,2244,
2021-01-25,401269741,2154,
2021-01-25,401269741,2415,
2021-01-25,401265402,38,
2021-01-25,401265402,254,
2021-01-25,401258231,2635,
2021-01-25,401258231,2413,
2021-01-25,401262216,2597,
2021-01-25,401262216,112358,
2021-01-25,401253745,252,
2021-01-25,401253745,279,
2021-01-25,401257042,2320,
2021-01-25,401257042,2377,
2021-01-25,401282542,2086,
2021-01-25,401282542,2752,
2021-01-25,401269742,2450,
2021-01-25,401269742,2169,
2021-01-25,401253654,2016,
2021-01-25,401253654,2582,
2021-01-25,401269632,46,
2021-01-25,401269632,2507,
2021-01-25,401264297,2724,
2021-01-25,401264297,2116,
2021-01-25,401277427,2502,
2021-01-25,401277427,2606,
2021-01-25,401282749,288,
2021-01-25,401282749,2073,
2021-01-25,401282857,2428,
2021-01-25,401282857,111946,
2021-01-25,401283312,304,
2021-01-25,401283312,2465,
2021-02-01,401281460,24,
2021-02-01,401281460,25,
2021-02-01,401263384,2294,8.0
2021-02-01,401263384,194,7.0
2021-02-01,401265407,2483,
2021-02-01,401265407,265,
2021-02-01,401252636,2502,
2021-02-01,401252636,149,
2021-02-01,401284857,279,
2021-02-01,401284857,2250,1.0
2021-02-01,401265406,204,
2021-02-01,401265406,264,
2021-02-01,401263385,164,
2021-02-01,401263385,135,
2021-02-01,401262630,2751,
2021-02-01,401262630,36,
2021-02-01,401262629,278,
2021-02-01,401262629,328,
2021-02-01,401258237,2546,
2021-02-01,401258237,2635,
2021-02-01,401258235,2630,
2021-02-01,401258235,55,
2021-02-01,401252637,2692,
2021-02-01,401252637,147,
2021-02-01,401252635,70,
2021-02-01,401252635,331,
2021-02-01,401258234,2197,
2021-02-01,401258234,2057,
2021-02-01,401284295,2241,
2021-02-01,401284295,2506,
2021-02-01,401253882,2628,
2021-02-01,401253882,197,
2021-02-01,401265403,254,
2021-02-01,401265403,12,
2021-02-01,401264304,218,
2021-02-01,401264304,2132,
2021-02-01,401262221,112358,
2021-02-01,401262221,161,
2021-02-01,401258236,2413,
2021-02-01,401258236,93,
2021-02-01,401258233,2198,
2021-02-01,401258233,2046,
2021-02-01,401253751,2501,
2021-02-01,401253751,252,
2021-02-01,401283017,2515,
2021-02-01,401283017,2908,
2021-02-01,401262224,2597,
2021-02-01,401262224,2681,
2021-02-01,401262222,2771,
2021-02-01,401262222,2598,
2021-02-01,401258238,2565,
2021-02-01,401258238,2634,
2021-02-01,401269638,2599,
2021-02-01,401269638,222,3.0
2021-02-01,401265086,152,
2021-02-01,401265086,258,14.0
2021-02-01,401269636,156,15.0
2021-02-01,401269636,46,
2021-02-01,401258956,2172,
2021-02-01,401258956,155,
2021-02-01,401254694,242,
2021-02-01,401254694,2572,
2021-02-01,401283712,160,
2021-02-01,401283712,2349,
2021-02-01,401283732,2437,
2021-02-01,401283732,2710,
2021-02-01,401254571,249,
2021-02-01,401254571,2348,
2021-02-01,401254708,5,
2021-02-01,401254708,2638,
2021-02-01,401284205,526,
2021-02-01,401284205,2453,
2021-02-01,401280194,2309,
2021-02-01,401280194,2006,
2021-02-01,401267861,213,
2021-02-01,401267861,120,
2021-02-01,401260646,2168,
2021-02-01,401260646,2244,
2021-02-01,401258564,2523,
2021-02-01,401258564,2754,
2021-02-01,401258456,2473,
2021-02-01,401258456,325,
2021-02-01,401257504,91,
2021-02-01,401257504,294,
2021-02-01,401257308,250,
2021-02-01,401257308,2433,
2021-02-01,401257145,2653,
2021-02-01,401257145,290,
2021-02-01,401257143,2032,
2021-02-01,401257143,309,
2021-02-01,401257142,6,
2021-02-01,401257142,324,
2021-02-01,401254588,2393,
2021-02-01,401254588,2429,
2021-02-01,401254557,295,
2021-02-01,401254557,276,
2021-02-01,401254006,2229,
2021-02-01,401254006,2636,
2021-02-01,401252746,2463,
2021-02-01,401252746,302,
2021-02-01,401252744,300,
2021-02-01,401252744,2934,
2021-02-01,401258533,270,
2021-02-01,401258533,94,
2021-02-01,401258477,2174,
2021-02-01,401258477,2870,
2021-02-01,401258523,2739,
2021-02-01,401258523,85,
2021-02-01,401257144,326,
2021-02-01,401257144,2031,
2021-02-01,401264316,202,
2021-02-01,401264316,2567,
2021-02-01,401279322,2320,
2021-02-01,401279322,2916,
2021-02-01,401258955,2449,
2021-02-01,401258955,198,
2021-02-01,401253660,2296,
2021-02-01,401253660,2029,
2021-02-01,401265082,228,
2021-02-01,401265082,153,
2021-02-01,401258779,2,
2021-02-01,401258779,61,
2021-02-01,401253056,2649,
2021-02-01,401253056,2006,
2021-02-01,401263366,120,
2021-02-01,401263366,2509,24.0
2021-02-01,401253055,2309,
2021-02-01,401253055,193,
2021-02-01,401253054,2050,
2021-02-01,401253054,2084,
2021-02-01,401269635,269,
2021-02-01,401269635,2086,
2021-02-01,401265083,87,
2021-02-01,401265083,154,
2021-02-01,401253058,2117,
2021-02-01,401253058,195,
2021-02-01,401281394,2885,
2021-02-01,401281394,2378,
2021-02-01,401253880,2641,13.0
2021-02-01,401253880,201,9.0
2021-02-01,401282838,2428,
2021-02-01,401282838,2569,
2021-02-01,401253659,2755,
2021-02-01,401253659,2400,
2021-02-01,401264303,2724,
2021-02-01,401264303,2655,
2021-02-01,401253658,2504,
2021-02-01,401253658,2011,
2021-02-01,401253657,2640,
2021-02-01,401253657,2010,
2021-02-01,401277753,235,
2021-02-01,401277753,2116,
2021-02-01,401267023,2623,
2021-02-01,401267023,2350,
2021-02-01,401267019,2181,25.0
2021-02-01,401267019,2287,
2021-02-01,401276778,2747,
2021-02-01,401276778,2193,
2021-02-01,401267022,339,
2021-02-01,401267022,2674,
2021-02-01,401260253,2390,
2021-02-01,401260253,150,
2021-02-01,401267020,282,
2021-02-01,401267020,71,
2021-02-01,401282551,331,
2021-02-01,401282551,16,
2021-02-01,401281474,97,
2021-02-01,401281474,59,
2021-02-01,401252509,66,
2021-02-01,401252509,277,17.0
2021-02-01,401258781,145,
2021-02-01,401258781,2633,11.0
2021-02-01,401257383,357,
2021-02-01,401257383,2617,
2021-02-01,401258782,333,10.0
2021-02-01,401258782,99,
2021-02-01,401265087,221,
2021-02-01,401265087,259,16.0
2021-02-01,401258780,142,18.0
2021-02-01,401258780,96,
2021-02-01,401283307,2325,
2021-02-01,401283307,139,
2021-02-01,401269637,2507,
2021-02-01,401269637,2550,
2021-02-01,401260644,227,
2021-02-01,401260644,2670,
2021-02-01,401253453,2747,
2021-02-01,401253453,2678,
2021-02-01,401253452,2717,
2021-02-01,401253452,236,
2021-02-01,401253449,2382,
2021-02-01,401253449,2193,
2021-02-01,401253401,2643,
2021-02-01,401253401,2430,
2021-02-01,401253060,189,
2021-02-01,401253060,2711,
2021-02-01,401258783,57,22.0
2021-02-01,401258783,2579,
2021-02-01,401264300,151,
2021-02-01,401264300,248,5.0
2021-02-01,401260643,113,
2021-02-01,401260643,2230,
2021-02-01,401252815,256,
2021-02-01,401252815,2210,
2021-02-01,401263365,84,
2021-02-01,401263365,356,12.0
2021-02-01,401281459,24,
2021-02-01,401281459,30,
2021-02-01,401262627,2440,
2021-02-01,401262627,2439,
2021-02-01,401260640,2184,
2021-02-01,401260640,2168,
2021-02-01,401258778,8,
2021-02-01,401258778,344,
2021-02-01,401263367,275,19.0
2021-02-01,401263367,213,
2021-02-01,401254043,2305,23.0
2021-02-01,401254043,2306,
2021-02-01,401283390,2154,
2021-02-01,401283390,2415,
2021-02-01,401253881,251,6.0
2021-02-01,401253881,239,2.0
2021-02-01,401281893,2294,8.0
2021-02-01,401281893,127,
2021-02-01,401284204,56,
2021-02-01,401284204,288,
2021-02-01,401258507,82,
2021-02-01,401258507,2750,
2021-02-01,401258957,2571,
2021-02-01,401258957,233,
2021-02-01,401253457,231,
2021-02-01,401253457,2747,
2021-02-01,401253664,2582,
2021-02-01,401253664,2755,
2021-02-01,401253769,2501,
2021-02-01,401253769,2492,
2021-02-01,401263382,127,
2021-02-01,401263382,158,
2021-02-01,401267030,2460,
2021-02-01,401267030,282,
2021-02-01,401258789,61,
2021-02-01,401258789,238,
2021-02-01,401257369,2534,
2021-02-01,401257369,2447,
2021-02-01,401257043,2320,
2021-02-01,401257043,2000,
2021-02-01,401253957,3101,
2021-02-01,401253957,2547,
2021-02-01,401265408,38,
2021-02-01,401265408,12,
2021-02-01,401267033,71,
2021-02-01,401267033,79,
2021-02-01,401262636,2440,
2021-02-01,401262636,68,
2021-02-01,401284212,2261,
2021-02-01,401284212,2272,
2021-02-01,401277815,2217,
2021-02-01,401277815,2514,
2021-02-01,401269752,2450,
2021-02-01,401269752,2154,
2021-02-01,401252855,2275,
2021-02-01,401252855,2182,
2021-02-01,401281407,2619,
2021-02-01,401281407,2378,
2021-02-01,401252858,232,
2021-02-01,401252858,119,
2021-02-01,401286251,2352,
2021-02-01,401286251,322,
2021-02-01,401284861,62,
2021-02-01,401284861,13,
2021-02-01,401265410,30,
2021-02-01,401265410,26,21.0
2021-02-01,401281536,2363,
2021-02-01,401281536,2405,
2021-02-01,401253962,166,
2021-02-01,401253962,2856,
2021-02-01,401286241,2640,
2021-02-01,401286241,292,
2021-02-01,401260261,228,
2021-02-01,401260261,183,
2021-02-01,401272051,2086,
2021-02-01,401272051,305,
2021-02-01,401269640,41,
2021-02-01,401269640,2550,
2021-02-01,401260260,103,
2021-02-01,401260260,152,
2021-02-01,401283310,139,
2021-02-01,401283310,179,
2021-02-01,401263388,2509,24.0
2021-02-01,401263388,77,
2021-02-01,401253663,2016,
2021-02-01,401253663,2296,
2021-02-01,401262632,2439,
2021-02-01,401262632,2005,
2021-02-01,401286316,2415,
2021-02-01,401286316,2169,
2021-02-01,401257355,2110,
2021-02-01,401257355,2377,
2021-02-01,401286481,28,
2021-02-01,401286481,3246,
2021-02-01,401286240,253,
2021-02-01,401286240,110031,
2021-02-01,401286314,2627,
2021-02-01,401286314,2903,
2021-02-01,401285942,2335,
2021-02-01,401285942,123306,
2021-02-08,401267037,2460,
2021-02-08,401267037,2674,
2021-02-08,401252646,304,
2021-02-08,401252646,70,
2021-02-08,401265413,24,
2021-02-08,401265413,38,
2021-02-08,401278974,2305,
2021-02-08,401278974,66,
2021-02-08,401286684,2097,
2021-02-08,401286684,2908,
2021-02-08,401257152,309,
2021-02-08,401257152,2433,
2021-02-08,401265415,12,
2021-02-08,401265415,204,
2021-02-08,401258247,55,
2021-02-08,401258247,2197,
2021-02-08,401258246,2057,
2021-02-08,401258246,2198,
2021-02-08,401262231,2115,
2021-02-08,401262231,2771,
2021-02-08,401258248,2634,
2021-02-08,401258248,2413,
2021-02-08,401258250,2635,
2021-02-08,401258250,2565,
2021-02-08,401262641,2005,
2021-02-08,401262641,278,
2021-02-08,401265414,9,
2021-02-08,401265414,2483,
2021-02-08,401262640,68,
2021-02-08,401262640,2439,
2021-02-08,401265417,264,
2021-02-08,401265417,30,20.0
2021-02-08,401262232,2598,
2021-02-08,401262232,2597,
2021-02-08,401262230,116,
2021-02-08,401262230,112358,
2021-02-08,401258509,85,
2021-02-08,401258509,82,
2021-02-08,401257153,2247,
2021-02-08,401257153,290,
2021-02-08,401262639,21,
2021-02-08,401262639,23,
2021-02-08,401258245,2046,
2021-02-08,401258245,2630,
2021-02-08,401286899,2344,
2021-02-08,401286899,2241,
2021-02-08,401262275,2681,
2021-02-08,401262275,161,
2021-02-08,401286700,279,
2021-02-08,401286700,2501,
2021-02-08,401263352,135,
2021-02-08,401263352,2509,24.0
2021-02-08,401258045,2261,
2021-02-08,401258045,2506,
2021-02-08,401257156,250,
2021-02-08,401257156,326,
2021-02-08,401258046,2515,
2021-02-08,401258046,2737,
2021-02-08,401265418,25,
2021-02-08,401265418,254,
2021-02-08,401284421,2272,
2021-02-08,401284421,2127,
2021-02-08,401252645,147,
2021-02-08,401252645,331,
2021-02-08,401252647,149,
2021-02-08,401252647,2692,
2021-02-08,401257154,6,
2021-02-08,401257154,2653,
2021-02-08,401265416,265,
2021-02-08,401265416,26,
2021-02-08,401286649,2514,
2021-02-08,401286649,2099,
2021-02-08,401260274,228,
2021-02-08,401260274,59,
2021-02-08,401286484,2670,
2021-02-08,401286484,179,
2021-02-08,401258493,2523,
2021-02-08,401258493,2473,
2021-02-08,401258551,2750,
2021-02-08,401258551,270,
2021-02-08,401283275,2116,
2021-02-08,401283275,2655,
2021-02-08,401283715,399,
2021-02-08,401283715,2349,
2021-02-08,401257520,294,
2021-02-08,401257520,288,
2021-02-08,401287455,2132,
2021-02-08,401287455,218,
2021-02-08,401254710,2348,
2021-02-08,401254710,5,
2021-02-08,401253967,3084,
2021-02-08,401253967,3101,
2021-02-08,401254573,2572,
2021-02-08,401254573,249,
2021-02-08,401254716,98,
2021-02-08,401254716,242,
2021-02-08,401258963,2710,
2021-02-08,401258963,2172,
2021-02-08,401257546,2453,
2021-02-08,401257546,91,
2021-02-08,401254008,2636,
2021-02-08,401254008,2226,
2021-02-08,401252755,302,
2021-02-08,401252755,299,
2021-02-08,401258535,2739,
2021-02-08,401258535,94,
2021-02-08,401258559,2754,
2021-02-08,401258559,2870,
2021-02-08,401277817,314,
2021-02-08,401277817,2363,
2021-02-08,401254682,276,
2021-02-08,401254682,2393,
2021-02-08,401253073,193,
2021-02-08,401253073,2006,
2021-02-08,401257506,2335,
2021-02-08,401257506,2454,
2021-02-08,401258249,93,
2021-02-08,401258249,2546,
2021-02-08,401287081,338,
2021-02-08,401287081,56,
2021-02-08,401252756,27,
2021-02-08,401252756,300,
2021-02-08,401252757,2934,
2021-02-08,401252757,28,
2021-02-08,401263353,158,
2021-02-08,401263353,275,21.0
2021-02-08,401284704,222,5.0
2021-02-08,401284704,269,
2021-02-08,401258798,145,
2021-02-08,401258798,142,10.0
2021-02-08,401253669,2582,
2021-02-08,401253669,2296,
2021-02-08,401254039,2305,
2021-02-08,401254039,197,23.0
2021-02-08,401267862,120,
2021-02-08,401267862,194,4.0
2021-02-08,401284858,252,
2021-02-08,401284858,2250,1.0
2021-02-08,401265089,150,
2021-02-08,401265089,87,
2021-02-08,401253668,2016,
2021-02-08,401253668,2755,
2021-02-08,401286483,2168,
2021-02-08,401286483,2670,
2021-02-08,401260680,179,
2021-02-08,401260680,2325,
2021-02-08,401269745,50,
2021-02-08,401269745,2428,
2021-02-08,401286706,2210,
2021-02-08,401286706,256,
2021-02-08,401265090,152,
2021-02-08,401265090,183,
2021-02-08,401258792,2579,
2021-02-08,401258792,333,11.0
2021-02-08,401253667,2011,
2021-02-08,401253667,2400,
2021-02-08,401253666,2010,
2021-02-08,401253666,2029,
2021-02-08,401260655,139,
2021-02-08,401260655,227,
2021-02-08,401277816,2217,
2021-02-08,401277816,2514,
2021-02-08,401264310,151,
2021-02-08,401264310,2567,
2021-02-08,401282472,231,
2021-02-08,401282472,2430,
2021-02-08,401283730,357,
2021-02-08,401283730,2000,
2021-02-08,401269748,2450,
2021-02-08,401269748,2154,
2021-02-08,401286028,2382,
2021-02-08,401286028,2535,
2021-02-08,401286252,322,
2021-02-08,401286252,2352,
2021-02-08,401253071,189,
2021-02-08,401253071,2309,
2021-02-08,401258793,96,
2021-02-08,401258793,8,
2021-02-08,401263390,127,
2021-02-08,401263390,213,
2021-02-08,401263317,2294,15.0
2021-02-08,401263317,164,25.0
2021-02-08,401267157,2181,
2021-02-08,401267157,2460,
2021-02-08,401276019,2674,
2021-02-08,401276019,71,
2021-02-08,401265092,59,
2021-02-08,401265092,258,9.0
2021-02-08,401281679,58,
2021-02-08,401281679,248,8.0
2021-02-08,401257370,2534,
2021-02-08,401257370,2545,
2021-02-08,401257388,2617,
2021-02-08,401257388,357,
2021-02-08,401253885,2306,
2021-02-08,401253885,251,13.0
2021-02-08,401257044,2320,
2021-02-08,401257044,2447,
2021-02-08,401261445,2000,
2021-02-08,401261445,2277,
2021-02-08,401261492,2916,
2021-02-08,401261492,2466,
2021-02-08,401267018,2623,
2021-02-08,401267018,79,
2021-02-08,401286591,2633,16.0
2021-02-08,401286591,61,
2021-02-08,401258797,344,
2021-02-08,401258797,99,
2021-02-08,401265091,103,
2021-02-08,401265091,154,
2021-02-08,401264311,2116,
2021-02-08,401264311,2724,
2021-02-08,401260656,2244,
2021-02-08,401260656,2230,
2021-02-08,401253463,2747,
2021-02-08,401253463,236,
2021-02-08,401253461,2643,
2021-02-08,401253461,2193,
2021-02-08,401253460,2717,
2021-02-08,401253460,2678,
2021-02-08,401254559,2429,
2021-02-08,401254559,295,
2021-02-08,401263318,77,
2021-02-08,401263318,84,
2021-02-08,401276185,2539,
2021-02-08,401276185,2492,
2021-02-08,401264313,202,
2021-02-08,401264313,2655,
2021-02-08,401272045,2507,
2021-02-08,401272045,41,
2021-02-08,401253887,2641,7.0
2021-02-08,401253887,277,14.0
2021-02-08,401269590,46,
2021-02-08,401269590,156,19.0
2021-02-08,401272044,2086,
2021-02-08,401272044,2599,
2021-02-08,401253886,2628,
2021-02-08,401253886,66,
2021-02-08,401258794,238,
2021-02-08,401258794,2,
2021-02-08,401258964,140,
2021-02-08,401258964,2437,
2021-02-08,401288473,2084,
2021-02-08,401288473,2711,
2021-02-08,401260278,258,9.0
2021-02-08,401260278,153,
2021-02-08,401253764,2351,
2021-02-08,401253764,279,
2021-02-08,401258459,325,
2021-02-08,401258459,2174,
2021-02-08,401253765,2492,
2021-02-08,401253765,2608,
2021-02-08,401258969,198,
2021-02-08,401258969,2571,
2021-02-08,401262262,2466,
2021-02-08,401262262,2377,
2021-02-08,401275566,2612,
2021-02-08,401275566,2217,
2021-02-08,401257161,2031,
2021-02-08,401257161,2032,
2021-02-08,401257357,2534,
2021-02-08,401257357,2110,
2021-02-08,401269645,305,
2021-02-08,401269645,2507,
2021-02-08,401284854,59,
2021-02-08,401284854,221,
2021-02-08,401288010,2856,
2021-02-08,401288010,16,
2021-02-08,401267041,2181,
2021-02-08,401267041,2350,22.0
2021-02-08,401258965,155,
2021-02-08,401258965,233,
2021-02-08,401267043,79,
2021-02-08,401267043,2287,
2021-02-08,401283195,339,
2021-02-08,401283195,282,
2021-02-08,401254230,2638,
2021-02-08,401254230,2229,
2021-02-08,401286831,104,
2021-02-08,401286831,107,
2021-02-08,401260280,87,
2021-02-08,401260280,2390,
2021-02-08,401286830,349,
2021-02-08,401286830,2142,
2021-02-08,401269648,2550,
2021-02-08,401269648,269,
2021-02-08,401283717,42,
2021-02-08,401283717,2885,
2021-02-08,401269756,2415,
2021-02-08,401269756,2450,
2021-02-08,401252869,256,
2021-02-08,401252869,2275,
2021-02-08,401263359,275,21.0
2021-02-08,401263359,130,3.0
2021-02-08,401252867,232,
2021-02-08,401252867,2210,
2021-02-08,401252866,119,
2021-02-08,401252866,111,
2021-02-08,401283721,261,
2021-02-08,401283721,2619,
2021-02-08,401252763,62,
2021-02-08,401252763,2540,
2021-02-08,401253969,2547,
2021-02-08,401253969,166,
2021-02-08,401254065,277,14.0
2021-02-08,401254065,201,12.0
2021-02-08,401253074,2309,
2021-02-08,401253074,2459,
2021-02-08,401254031,2649,
2021-02-08,401254031,189,
2021-02-08,401260276,52,17.0
2021-02-08,401260276,154,
2021-02-08,401269647,2752,
2021-02-08,401269647,41,
2021-02-08,401286622,158,
2021-02-08,401286622,356,6.0
2021-02-08,401253672,2755,
2021-02-08,401253672,2640,
2021-02-08,401281403,2619,
2021-02-08,401281403,2378,
2021-02-08,401286705,253,
2021-02-08,401286705,3096,
2021-02-08,401286740,2502,
2021-02-08,401286740,612,
2021-02-08,401287460,257,
2021-02-08,401287460,117,
2021-02-08,401286315,2627,
2021-02-08,401286315,241,
2021-02-15,401261910,315,
2021-02-15,401261910,2561,
2021-02-15,401265426,26,
2021-02-15,401265426,12,
2021-02-15,401257167,2026,
2021-02-15,401257167,6,
2021-02-15,401257166,2247,
2021-02-15,401257166,2653,
2021-02-15,401286628,2378,
2021-02-15,401286628,261,
2021-02-15,401277814,2217,
2021-02-15,401277814,2099,
2021-02-15,401258525,2754,
2021-02-15,401258525,85,
2021-02-15,401265429,264,
2021-02-15,401265429,24,
2021-02-15,401265428,2483,
2021-02-15,401265428,38,
2021-02-15,401265427,265,
2021-02-15,401265427,25,
2021-02-15,401252656,2502,
2021-02-15,401252656,70,
2021-02-15,401262650,278,
2021-02-15,401262650,21,25.0
2021-02-15,401252655,331,
2021-02-15,401252655,149,
2021-02-15,401253768,2250,1.0
2021-02-15,401253768,2608,
2021-02-15,401263362,130,3.0
2021-02-15,401263362,164,
2021-02-15,401258265,2630,
2021-02-15,401258265,2198,
2021-02-15,401258495,270,
2021-02-15,401258495,2473,
2021-02-15,401258262,2634,
2021-02-15,401258262,2635,
2021-02-15,401258026,2272,
2021-02-15,401258026,2737,
2021-02-15,401253772,2541,
2021-02-15,401253772,301,
2021-02-15,401253771,2539,
2021-02-15,401253771,2351,
2021-02-15,401252659,253,
2021-02-15,401252659,16,
2021-02-15,401252658,2692,
2021-02-15,401252658,2464,
2021-02-15,401265430,204,
2021-02-15,401265430,254,
2021-02-15,401258259,93,
2021-02-15,401258259,2197,
2021-02-15,401258257,2046,
2021-02-15,401258257,2565,
2021-02-15,401263363,213,
2021-02-15,401263363,194,4.0
2021-02-15,401258258,2057,
2021-02-15,401258258,55,
2021-02-15,401253770,279,
2021-02-15,401253770,252,
2021-02-15,401264332,2724,
2021-02-15,401264332,248,6.0
2021-02-15,401258479,2174,
2021-02-15,401258479,2523,
2021-02-15,401258537,94,
2021-02-15,401258537,2750,
2021-02-15,401263368,84,
2021-02-15,401263368,127,
2021-02-15,401258973,140,
2021-02-15,401258973,2172,
2021-02-15,401260291,2390,
2021-02-15,401260291,59,
2021-02-15,401252765,2540,
2021-02-15,401252765,2934,
2021-02-15,401262655,68,
2021-02-15,401262655,328,
2021-02-15,401262653,23,
2021-02-15,401262653,2439,
2021-02-15,401262652,167,
2021-02-15,401262652,2751,
2021-02-15,401253974,166,
2021-02-15,401253974,3084,
2021-02-15,401253973,2253,
2021-02-15,401253973,2856,
2021-02-15,401253972,3101,
2021-02-15,401253972,2627,
2021-02-15,401253084,2084,
2021-02-15,401253084,2649,
2021-02-15,401252766,2239,
2021-02-15,401252766,300,
2021-02-15,401258972,2449,
2021-02-15,401258972,2571,
2021-02-15,401289469,288,
2021-02-15,401289469,338,
2021-02-15,401286657,2612,
2021-02-15,401286657,2368,
2021-02-15,401258971,2437,
2021-02-15,401258971,155,
2021-02-15,401280105,2261,
2021-02-15,401280105,2097,
2021-02-15,401258511,82,
2021-02-15,401258511,2739,
2021-02-15,401252767,28,
2021-02-15,401252767,27,
2021-02-15,401254561,5,
2021-02-15,401254561,295,
2021-02-15,401289467,56,
2021-02-15,401289467,294,
2021-02-15,401277820,314,
2021-02-15,401277820,2405,
2021-02-15,401260669,2168,
2021-02-15,401260669,139,
2021-02-15,401258460,2870,
2021-02-15,401258460,325,
2021-02-15,401254231,2229,
2021-02-15,401254231,2572,
2021-02-15,401253085,2050,
2021-02-15,401253085,2006,
2021-02-15,401252768,2463,
2021-02-15,401252768,62,
2021-02-15,401252764,299,
2021-02-15,401252764,13,
2021-02-15,401299030,2127,
2021-02-15,401299030,2344,
2021-02-15,401263364,275,21.0
2021-02-15,401263364,2294,11.0
2021-02-15,401263361,2509,
2021-02-15,401263361,127,
2021-02-15,401295953,116,
2021-02-15,401295953,2681,
2021-02-15,401277839,2514,
2021-02-15,401277839,314,
2021-02-15,401263360,356,5.0
2021-02-15,401263360,77,
2021-02-15,401260665,139,
2021-02-15,401260665,2325,
2021-02-15,401269650,2599,
2021-02-15,401269650,2752,
2021-02-15,401258808,61,
2021-02-15,401258808,142,20.0
2021-02-15,401258806,8,24.0
2021-02-15,401258806,57,
2021-02-15,401288264,120,
2021-02-15,401288264,158,
2021-02-15,401280296,2546,
2021-02-15,401280296,2046,
2021-02-15,401279837,161,
2021-02-15,401279837,2597,
2021-02-15,401264318,202,
2021-02-15,401264318,218,
2021-02-15,401260664,227,
2021-02-15,401260664,2168,
2021-02-15,401267045,71,
2021-02-15,401267045,2287,
2021-02-15,401253082,2050,
2021-02-15,401253082,189,
2021-02-15,401253081,2649,
2021-02-15,401253081,193,
2021-02-15,401253079,2711,
2021-02-15,401253079,2309,
2021-02-15,401269649,41,
2021-02-15,401269649,2507,
2021-02-15,401252512,197,
2021-02-15,401252512,66,
2021-02-15,401253078,2006,
2021-02-15,401253078,2459,
2021-02-15,401260281,52,16.0
2021-02-15,401260281,258,7.0
2021-02-15,401282481,236,
2021-02-15,401282481,2193,
2021-02-15,401284422,2506,
2021-02-15,401284422,2908,
2021-02-15,401265099,221,
2021-02-15,401265099,152,
2021-02-15,401267048,282,
2021-02-15,401267048,339,
2021-02-15,401286833,107,
2021-02-15,401286833,104,
2021-02-15,401299605,2115,
2021-02-15,401299605,2529,
2021-02-15,401299026,2515,
2021-02-15,401299026,2241,
2021-02-15,401267047,79,
2021-02-15,401267047,2623,
2021-02-15,401258809,2633,19.0
2021-02-15,401258809,2579,
2021-02-15,401263319,84,
2021-02-15,401263319,135,
2021-02-15,401272047,2550,
2021-02-15,401272047,305,
2021-02-15,401265097,154,
2021-02-15,401265097,150,
2021-02-15,401265425,30,17.0
2021-02-15,401265425,9,
2021-02-15,401267046,2350,22.0
2021-02-15,401267046,2674,
2021-02-15,401253892,2306,
2021-02-15,401253892,2305,23.0
2021-02-15,401277077,2460,
2021-02-15,401277077,2181,
2021-02-15,401264319,2116,
2021-02-15,401264319,58,
2021-02-15,401258811,238,
2021-02-15,401258811,96,
2021-02-15,401253473,2193,
2021-02-15,401253473,2382,
2021-02-15,401253472,2747,
2021-02-15,401253472,2643,
2021-02-15,401253471,231,
2021-02-15,401253471,2535,
2021-02-15,401253470,236,
2021-02-15,401253470,2717,
2021-02-15,401253469,2678,
2021-02-15,401253469,2430,
2021-02-15,401297333,153,
2021-02-15,401297333,111,
2021-02-15,401277852,2670,
2021-02-15,401277852,257,
2021-02-15,401269651,2086,
2021-02-15,401269651,269,
2021-02-15,401286336,2443,
2021-02-15,401286336,2617,
2021-02-15,401264324,2655,
2021-02-15,401264324,2116,
2021-02-15,401286834,44,
2021-02-15,401286834,2426,
2021-02-15,401262240,2681,
2021-02-15,401262240,2598,
2021-02-15,401262236,112358,
2021-02-15,401262236,2115,
2021-02-15,401254033,66,
2021-02-15,401254033,201,9.0
2021-02-15,401260292,153,
2021-02-15,401260292,97,
2021-02-15,401258818,145,
2021-02-15,401258818,344,
2021-02-15,401301992,45,
2021-02-15,401301992,227,
2021-02-15,401286843,2352,
2021-02-15,401286843,2329,
2021-02-15,401302788,2640,
2021-02-15,401302788,2504,
2021-02-15,401257168,2433,
2021-02-15,401257168,2031,
2021-02-15,401302785,2771,
2021-02-15,401302785,2803,
2021-02-15,401269761,50,
2021-02-15,401269761,2448,
2021-02-15,401301991,179,
2021-02-15,401301991,2166,
2021-02-15,401296073,2885,
2021-02-15,401296073,2066,
2021-02-15,401286840,107,
2021-02-15,401286840,349,
2021-02-15,401287457,399,
2021-02-15,401287457,2619,
2021-02-15,401264325,248,6.0
2021-02-15,401264325,2132,
2021-02-15,401286841,2142,
2021-02-15,401286841,104,
2021-02-15,401277843,2514,
2021-02-15,401277843,2520,
2021-02-15,401257173,324,
2021-02-15,401257173,290,
2021-02-15,401257359,2447,
2021-02-15,401257359,2110,
2021-02-15,401253776,2541,
2021-02-15,401253776,2492,
2021-02-15,401253896,251,12.0
2021-02-15,401253896,277,13.0
2021-02-15,401260671,2670,
2021-02-15,401260671,2244,
2021-02-15,401254040,2305,23.0
2021-02-15,401254040,2641,15.0
2021-02-15,401277456,183,
2021-02-15,401277456,87,
2021-02-15,401253086,2309,
2021-02-15,401253086,2199,
2021-02-15,401252873,2729,
2021-02-15,401252873,2210,
2021-02-15,401258813,333,8.0
2021-02-15,401258813,238,
2021-02-15,401269655,222,10.0
2021-02-15,401269655,41,
2021-02-15,401287456,2349,
2021-02-15,401287456,160,
2021-02-15,401302253,2603,
2021-02-15,401302253,2325,
2021-02-15,401269653,46,
2021-02-15,401269653,2550,
2021-02-15,401253774,2501,
2021-02-15,401253774,279,
2021-02-15,401258261,2630,
2021-02-15,401258261,2413,
2021-02-15,401257047,357,
2021-02-15,401257047,2320,
2021-02-15,401253895,2628,
2021-02-15,401253895,2306,
2021-02-15,401302254,257,
2021-02-15,401302254,2184,
2021-02-15,401258815,99,
2021-02-15,401258815,2,
2021-02-15,401258975,233,
2021-02-15,401258975,198,
2021-02-15,401302352,232,
2021-02-15,401302352,413,
2021-02-15,401302787,2169,
2021-02-15,401302787,117,
2021-02-15,401296713,304,
2021-02-15,401296713,415,
2021-02-15,401303613,292,
2021-02-15,401303613,2937,
2021-02-22,401262669,328,
2021-02-22,401262669,2440,
2021-02-22,401263436,130,3.0
2021-02-22,401263436,2294,9.0
2021-02-22,401262247,2529,
2021-02-22,401262247,161,
2021-02-22,401262249,2598,
2021-02-22,401262249,116,
2021-02-22,401265441,9,
2021-02-22,401265441,264,
2021-02-22,401283394,2569,
2021-02-22,401283394,50,
2021-02-22,401286977,2174,
2021-02-22,401286977,2523,
2021-02-22,401303813,248,12.0
2021-02-22,401303813,98,
2021-02-22,401263321,356,5.0
2021-02-22,401263321,158,
2021-02-22,401302113,2250,1.0
2021-02-22,401302113,2541,
2021-02-22,401261480,2447,
2021-02-22,401261480,2277,
2021-02-22,401253682,2504,
2021-02-22,401253682,2400,
2021-02-22,401258270,2198,
2021-02-22,401258270,2057,
2021-02-22,401265439,254,
2021-02-22,401265439,26,
2021-02-22,401286974,270,
2021-02-22,401286974,85,
2021-02-22,401286975,2739,
2021-02-22,401286975,2870,
2021-02-22,401286976,2754,
2021-02-22,401286976,82,
2021-02-22,401252669,16,
2021-02-22,401252669,2692,
2021-02-22,401262246,2803,
2021-02-22,401262246,112358,
2021-02-22,401262245,2115,
2021-02-22,401262245,2681,
2021-02-22,401258273,2413,
2021-02-22,401258273,2634,
2021-02-22,401262248,2771,
2021-02-22,401262248,2597,
2021-02-22,401261524,2545,
2021-02-22,401261524,2377,
2021-02-22,401263322,164,
2021-02-22,401263322,84,
2021-02-22,401264329,235,
2021-02-22,401264329,2655,
2021-02-22,401257372,2000,
2021-02-22,401257372,2534,
2021-02-22,401265104,2390,
2021-02-22,401265104,52,11.0
2021-02-22,401264331,202,
2021-02-22,401264331,2132,
2021-02-22,401272050,2507,
2021-02-22,401272050,2752,
2021-02-22,401258826,238,
2021-02-22,401258826,2633,25.0
2021-02-22,401269657,156,13.0
2021-02-22,401269657,305,
2021-02-22,401258824,8,20.0
2021-02-22,401258824,333,6.0
2021-02-22,401262663,2439,
2021-02-22,401262663,278,
2021-02-22,401305582,2711,
2021-02-22,401305582,193,
2021-02-22,401299660,2084,
2021-02-22,401299660,2117,
2021-02-22,401302739,195,
2021-02-22,401302739,2199,
2021-02-22,401258274,2565,
2021-02-22,401258274,2630,
2021-02-22,401252668,2458,
2021-02-22,401252668,2502,
2021-02-22,401253683,2640,
2021-02-22,401253683,2029,
2021-02-22,401258271,2197,
2021-02-22,401258271,2546,
2021-02-22,401252776,13,
2021-02-22,401252776,302,
2021-02-22,401257310,326,
2021-02-22,401257310,2433,
2021-02-22,401305701,2561,
2021-02-22,401305701,2363,
2021-02-22,401257177,290,
2021-02-22,401257177,2026,
2021-02-22,401258980,2172,
2021-02-22,401258980,2437,
2021-02-22,401303353,179,
2021-02-22,401303353,45,
2021-02-22,401307950,338,
2021-02-22,401307950,526,
2021-02-22,401252665,70,
2021-02-22,401252665,147,
2021-02-22,401252672,2464,
2021-02-22,401252672,253,
2021-02-22,401252777,300,
2021-02-22,401252777,28,
2021-02-22,401253099,2006,
2021-02-22,401253099,189,
2021-02-22,401254012,2636,
2021-02-22,401254012,5,
2021-02-22,401254563,295,
2021-02-22,401254563,2393,
2021-02-22,401254577,276,
2021-02-22,401254577,249,
2021-02-22,401257174,2653,
2021-02-22,401257174,324,
2021-02-22,401285359,2612,
2021-02-22,401285359,2520,
2021-02-22,401258272,55,
2021-02-22,401258272,93,
2021-02-22,401252666,304,
2021-02-22,401252666,149,
2021-02-22,401253779,2492,
2021-02-22,401253779,2351,
2021-02-22,401258269,2635,
2021-02-22,401258269,2046,
2021-02-22,401263377,135,
2021-02-22,401263377,77,
2021-02-22,401265437,24,
2021-02-22,401265437,2483,
2021-02-22,401302133,252,
2021-02-22,401302133,2539,
2021-02-22,401262664,21,22.0
2021-02-22,401262664,68,
2021-02-22,401265440,38,
2021-02-22,401265440,30,19.0
2021-02-22,401263375,127,
2021-02-22,401263375,194,4.0
2021-02-22,401265438,25,
2021-02-22,401265438,204,
2021-02-22,401265442,12,
2021-02-22,401265442,265,
2021-02-22,401302153,2608,
2021-02-22,401302153,279,
2021-02-22,401303933,56,
2021-02-22,401303933,2454,
2021-02-22,401252888,256,
2021-02-22,401252888,2182,
2021-02-22,401261501,357,
2021-02-22,401261501,2443,
2021-02-22,401257048,2916,
2021-02-22,401257048,2320,
2021-02-22,401260682,139,
2021-02-22,401260682,257,
2021-02-22,401302093,301,
2021-02-22,401302093,279,
2021-02-22,401253684,2016,
2021-02-22,401253684,2010,
2021-02-22,401253685,2582,
2021-02-22,401253685,2011,
2021-02-22,401253901,197,
2021-02-22,401253901,2641,18.0
2021-02-22,401262659,2005,
2021-02-22,401262659,167,
2021-02-22,401303237,2335,
2021-02-22,401303237,2453,
2021-02-22,401286826,2247,
2021-02-22,401286826,2026,
2021-02-22,401302413,2459,
2021-02-22,401302413,2084,
2021-02-22,401260676,2670,
2021-02-22,401260676,139,
2021-02-22,401260677,257,
2021-02-22,401260677,113,
2021-02-22,401258820,2,
2021-02-22,401258820,57,
2021-02-22,401258821,61,
2021-02-22,401258821,99,
2021-02-22,401286337,2443,
2021-02-22,401286337,2110,
2021-02-22,401283723,2466,
2021-02-22,401283723,2277,
2021-02-22,401257171,2433,
2021-02-22,401257171,2031,
2021-02-22,401286027,2717,
2021-02-22,401286027,2430,
2021-02-22,401302613,2296,
2021-02-22,401302613,2755,
2021-02-22,401284424,2506,
2021-02-22,401284424,2127,
2021-02-22,401302740,309,
2021-02-22,401302740,250,
2021-02-22,401303675,2908,
2021-02-22,401303675,2241,
2021-02-22,401253410,2382,
2021-02-22,401253410,2643,
2021-02-22,401260295,150,
2021-02-22,401260295,183,
2021-02-22,401277078,79,
2021-02-22,401277078,2674,
2021-02-22,401277081,2181,
2021-02-22,401277081,339,
2021-02-22,401301073,2210,
2021-02-22,401301073,2729,
2021-02-22,401302741,2032,
2021-02-22,401302741,326,
2021-02-22,401265102,97,
2021-02-22,401265102,87,
2021-02-22,401302743,2097,
2021-02-22,401302743,2272,
2021-02-22,401260681,2603,
2021-02-22,401260681,2168,
2021-02-22,401302791,2344,
2021-02-22,401302791,2261,
2021-02-22,401303313,2244,
2021-02-22,401303313,45,
2021-02-22,401306591,2450,
2021-02-22,401306591,2169,
2021-02-22,401284855,258,15.0
2021-02-22,401284855,152,
2021-02-22,401253481,2382,
2021-02-22,401253481,236,
2021-02-22,401253482,231,
2021-02-22,401253482,2643,
2021-02-22,401258825,344,
2021-02-22,401258825,2579,
2021-02-22,401264330,58,
2021-02-22,401264330,218,
2021-02-22,401286813,2086,
2021-02-22,401286813,2550,
2021-02-22,401286844,2352,
2021-02-22,401286844,44,
2021-02-22,401286845,104,
2021-02-22,401286845,107,
2021-02-22,401303033,153,
2021-02-22,401303033,269,
2021-02-22,401303333,2325,
2021-02-22,401303333,2184,
2021-02-22,401259019,2466,
2021-02-22,401259019,2617,
2021-02-22,401265100,259,16.0
2021-02-22,401265100,59,
2021-02-22,401303293,2166,
2021-02-22,401303293,179,
2021-02-22,401253897,2628,
2021-02-22,401253897,277,10.0
2021-02-22,401299607,158,
2021-02-22,401299607,213,
2021-02-22,401272048,222,8.0
2021-02-22,401272048,2599,
2021-02-22,401253899,239,2.0
2021-02-22,401253899,66,
2021-02-22,401286812,46,
2021-02-22,401286812,41,
2021-02-22,401258823,142,24.0
2021-02-22,401258823,145,
2021-02-22,401253898,251,14.0
2021-02-22,401253898,2305,17.0
2021-02-22,401253900,2306,
2021-02-22,401253900,201,7.0
2021-02-22,401299662,2050,
2021-02-22,401299662,2309,
2021-02-22,401265103,154,
2021-02-22,401265103,228,
2021-02-22,401269765,2428,
2021-02-22,401269765,2448,
2021-02-22,401286853,2329,
2021-02-22,401286853,322,
2021-02-22,401257181,6,
2021-02-22,401257181,2247,
2021-02-22,401306413,350,
2021-02-22,401306413,2210,
2021-02-22,401267054,2350,21.0
2021-02-22,401267054,79,
2021-02-22,401253485,2747,
2021-02-22,401253485,231,
2021-02-22,401267053,71,
2021-02-22,401267053,2181,
2021-02-22,401267056,339,
2021-02-22,401267056,2623,
2021-02-22,401303393,2184,
2021-02-22,401303393,227,
2021-02-22,401253986,2627,
2021-02-22,401253986,166,
2021-02-22,401267159,2287,
2021-02-22,401267159,2460,
2021-02-22,401267055,2674,
2021-02-22,401267055,282,
2021-02-22,401258984,198,
2021-02-22,401258984,2710,
2021-02-22,401303698,399,
2021-02-22,401303698,2885,
2021-02-22,401254591,2638,
2021-02-22,401254591,2429,
2021-02-22,401253987,3084,
2021-02-22,401253987,292,
2021-02-22,401269821,2169,
2021-02-22,401269821,2154,
2021-02-22,401301907,160,
2021-02-22,401301907,2349,
2021-02-22,401254234,98,
2021-02-22,401254234,2229,
2021-02-22,401286852,349,
2021-02-22,401286852,104,
2021-02-22,401301887,42,
2021-02-22,401301887,399,
2021-02-22,401260308,152,
2021-02-22,401260308,221,
2021-02-22,401286656,2368,
2021-02-22,401286656,2514,
2021-02-22,401286851,44,
2021-02-22,401286851,2083,
2021-02-22,401286854,2426,
2021-02-22,401286854,2352,
2021-02-22,401258985,233,
2021-02-22,401258985,2449,
2021-02-22,401263379,120,
2021-02-22,401263379,127,
2021-02-22,401258982,2571,
2021-02-22,401258982,140,
2021-02-22,401253985,2547,
2021-02-22,401253985,2253,
2021-02-22,401252779,2934,
2021-02-22,401252779,2463,
2021-02-22,401252780,62,
2021-02-22,401252780,299,
2021-02-22,401252783,27,
2021-02-22,401252783,2540,
2021-02-22,401254220,2572,
2021-02-22,401254220,2226,
2021-02-22,401301885,2349,
2021-02-22,401301885,2619,
2021-02-22,401255062,2348,
2021-02-22,401255062,242,
2021-02-22,401257511,91,
2021-02-22,401257511,2335,
2021-02-22,401268054,213,
2021-02-22,401268054,2509,
2021-02-22,401253095,2649,
2021-02-22,401253095,2711,
2021-02-22,401260302,103,
2021-02-22,401260302,87,
2021-02-22,401258830,96,
2021-02-22,401258830,57,
2021-02-22,401262668,36,
2021-02-22,401262668,2005,
2021-02-22,401253487,2193,
2021-02-22,401253487,2430,
2021-02-22,401301886,42,
2021-02-22,401301886,2066,
2021-02-22,401263378,275,23.0
2021-02-22,401263378,356,5.0
2021-02-22,401257525,2453,
2021-02-22,401257525,288,
2021-02-22,401307896,2856,
2021-02-22,401307896,2585,
2021-02-22,401307273,2515,
2021-02-22,401307273,111943,
2021-03-01,401287751,2449,
2021-03-01,401287751,140,
2021-03-01,401286910,2454,
2021-03-01,401286910,2453,
2021-03-01,401306753,277,6.0
2021-03-01,401306753,2628,
2021-03-01,401306713,2641,18.0
2021-03-01,401306713,66,
2021-03-01,401309755,2132,
2021-03-01,401309755,238,
2021-03-01,401305703,2561,
2021-03-01,401305703,2099,
2021-03-01,401288753,2428,
2021-03-01,401288753,50,
2021-03-01,401286912,91,
2021-03-01,401286912,56,
2021-03-01,401300961,2515,
2021-03-01,401300961,2097,
2021-03-01,401288013,2226,
2021-03-01,401288013,2393,
2021-03-01,401287072,71,
2021-03-01,401287072,79,
2021-03-01,401261911,2363,
2021-03-01,401261911,2217,
2021-03-01,401286890,2244,
2021-03-01,401286890,45,
2021-03-01,401305707,2514,
2021-03-01,401305707,2612,
2021-03-01,401261950,2520,
2021-03-01,401261950,2405,
2021-03-01,401286889,2168,
2021-03-01,401286889,227,
2021-03-01,401286911,2335,
2021-03-01,401286911,338,
2021-03-01,401302750,130,2.0
2021-03-01,401302750,127,
2021-03-01,401286888,113,
2021-03-01,401286888,2603,
2021-03-01,401286891,257,
2021-03-01,401286891,2184,
2021-03-01,401306573,30,
2021-03-01,401306573,24,
2021-03-01,401286920,2413,
2021-03-01,401286920,2546,
2021-03-01,401252675,331,
2021-03-01,401252675,304,
2021-03-01,401265109,52,11.0
2021-03-01,401265109,103,
2021-03-01,401308875,2439,
2021-03-01,401308875,21,19.0
2021-03-01,401305699,2483,
2021-03-01,401305699,26,
2021-03-01,401263434,77,
2021-03-01,401263434,120,
2021-03-01,401259020,2617,
2021-03-01,401259020,2000,
2021-03-01,401269666,222,10.0
2021-03-01,401269666,156,14.0
2021-03-01,401258840,245,
2021-03-01,401258840,344,
2021-03-01,401308874,36,
2021-03-01,401308874,167,
2021-03-01,401286921,2057,
2021-03-01,401286921,2565,
2021-03-01,401306733,239,3.0
2021-03-01,401306733,197,17.0
2021-03-01,401286909,288,
2021-03-01,401286909,526,
2021-03-01,401261482,2277,
2021-03-01,401261482,2916,
2021-03-01,401252679,2502,
2021-03-01,401252679,253,
2021-03-01,401301947,232,
2021-03-01,401301947,2182,
2021-03-01,401286894,2670,
2021-03-01,401286894,2168,
2021-03-01,401287115,282,
2021-03-01,401287115,339,
2021-03-01,401252677,147,
2021-03-01,401252677,16,
2021-03-01,401286893,139,
2021-03-01,401286893,113,
2021-03-01,401269770,2169,
2021-03-01,401269770,2415,
2021-03-01,401287116,2350,20.0
2021-03-01,401287116,79,
2021-03-01,401286900,179,
2021-03-01,401286900,2184,
2021-03-01,401287467,2541,
2021-03-01,401287467,2501,
2021-03-01,401309036,2198,
2021-03-01,401309036,2046,
2021-03-01,401308893,328,
2021-03-01,401308893,2751,
2021-03-01,401300962,2737,
2021-03-01,401300962,2344,
2021-03-01,401253698,2755,
2021-03-01,401253698,2011,
2021-03-01,401302751,2294,5.0
2021-03-01,401302751,158,
2021-03-01,401306773,201,16.0
2021-03-01,401306773,251,15.0
2021-03-01,401306172,38,24.0
2021-03-01,401306172,9,
2021-03-01,401287466,2539,
2021-03-01,401287466,301,
2021-03-01,401287071,2460,
2021-03-01,401287071,2287,
2021-03-01,401264342,151,
2021-03-01,401264342,2116,
2021-03-01,401252678,2692,
2021-03-01,401252678,2458,
2021-03-01,401253701,2504,
2021-03-01,401253701,2582,
2021-03-01,401253699,2640,
2021-03-01,401253699,2016,
2021-03-01,401253697,2296,
2021-03-01,401253697,2010,
2021-03-01,401307902,2305,13.0
2021-03-01,401307902,2638,
2021-03-01,401309035,55,
2021-03-01,401309035,93,
2021-03-01,401261517,2377,
2021-03-01,401261517,2447,
2021-03-01,401261503,2443,
2021-03-01,401261503,2466,
2021-03-01,401257361,2110,
2021-03-01,401257361,2545,
2021-03-01,401286898,2166,
2021-03-01,401286898,2244,
2021-03-01,401253102,189,
2021-03-01,401253102,193,
2021-03-01,401258835,2579,
2021-03-01,401258835,8,12.0
2021-03-01,401265108,221,
2021-03-01,401265108,154,
2021-03-01,401253101,2117,
2021-03-01,401253101,2649,
2021-03-01,401253106,2084,
2021-03-01,401253106,2006,
2021-03-01,401309516,166,
2021-03-01,401309516,292,
2021-03-01,401262670,36,
2021-03-01,401262670,2005,
2021-03-01,401306574,2483,
2021-03-01,401306574,12,
2021-03-01,401253696,2296,
2021-03-01,401253696,2029,
2021-03-01,401253695,2400,
2021-03-01,401253695,2755,
2021-03-01,401309434,2277,
2021-03-01,401309434,2534,
2021-03-01,401253105,2050,
2021-03-01,401253105,2199,
2021-03-01,401280299,2320,
2021-03-01,401280299,357,
2021-03-01,401300959,2097,
2021-03-01,401300959,2241,
2021-03-01,401300958,2427,
2021-03-01,401300958,2344,
2021-03-01,401263381,158,
2021-03-01,401263381,164,
2021-03-01,401260309,183,
2021-03-01,401260309,153,
2021-03-01,401265106,258,21.0
2021-03-01,401265106,2390,
2021-03-01,401308093,2368,
2021-03-01,401308093,2514,
2021-03-01,401300960,2515,
2021-03-01,401300960,2261,
2021-03-01,401300957,2737,
2021-03-01,401300957,2272,
2021-03-01,401253103,2459,
2021-03-01,401253103,2711,
2021-03-01,401269663,46,
2021-03-01,401269663,2752,
2021-03-01,401269662,305,
2021-03-01,401269662,269,
2021-03-01,401308853,104,
2021-03-01,401308853,2329,
2021-03-01,401305697,254,
2021-03-01,401305697,204,
2021-03-01,401269664,2599,
2021-03-01,401269664,2507,
2021-03-01,401265111,87,
2021-03-01,401265111,152,
2021-03-01,401263435,213,
2021-03-01,401263435,135,
2021-03-01,401269665,2550,
2021-03-01,401269665,41,
2021-03-01,401258838,57,
2021-03-01,401258838,142,
2021-03-01,401264340,2655,
2021-03-01,401264340,2724,
2021-03-01,401306373,183,
2021-03-01,401306373,228,
2021-03-01,401309814,2681,
2021-03-01,401309814,2771,
2021-03-01,401286887,45,
2021-03-01,401286887,2230,
2021-03-01,401286886,2325,
2021-03-01,401286886,2603,
2021-03-01,401263433,2509,23.0
2021-03-01,401263433,275,25.0
2021-03-01,401264339,58,
2021-03-01,401264339,235,
2021-03-01,401286133,2116,
2021-03-01,401286133,202,
2021-03-01,401258836,145,
2021-03-01,401258836,96,
2021-03-01,401258837,99,
2021-03-01,401258837,238,
2021-03-01,401302749,127,
2021-03-01,401302749,84,
2021-03-01,401265107,59,
2021-03-01,401265107,150,
2021-03-01,401286979,2473,
2021-03-01,401286979,2754,
2021-03-01,401302748,130,2.0
2021-03-01,401302748,356,4.0
2021-03-01,401258834,333,8.0
2021-03-01,401258834,2,
2021-03-01,401308873,68,
2021-03-01,401308873,278,
2021-03-01,401286981,325,
2021-03-01,401286981,2870,
2021-03-01,401286980,94,
2021-03-01,401286980,2174,
2021-03-01,401286978,2750,
2021-03-01,401286978,270,
2021-03-01,401286927,2643,
2021-03-01,401286927,2717,
2021-03-01,401253112,2084,
2021-03-01,401253112,2309,
2021-03-01,401301941,2729,
2021-03-01,401301941,350,
2021-03-01,401287047,2247,
2021-03-01,401287047,2032,
2021-03-01,401287750,2571,
2021-03-01,401287750,2437,
2021-03-01,401252791,299,
2021-03-01,401252791,300,
2021-03-01,401252792,2463,
2021-03-01,401252792,27,
2021-03-01,401252793,302,
2021-03-01,401252793,62,
2021-03-01,401252789,2540,
2021-03-01,401252789,13,
2021-03-01,401252790,28,
2021-03-01,401252790,2239,
2021-03-01,401253995,292,
2021-03-01,401253995,2627,
2021-03-01,401286932,231,
2021-03-01,401286932,2678,
2021-03-01,401287048,309,
2021-03-01,401287048,6,
2021-03-01,401286931,2747,
2021-03-01,401286931,2382,
2021-03-01,401269669,156,14.0
2021-03-01,401269669,2086,
2021-03-01,401306813,2306,
2021-03-01,401306813,66,
2021-03-01,401288153,98,
2021-03-01,401288153,295,
2021-03-01,401288113,249,
2021-03-01,401288113,5,
2021-03-01,401263437,194,7.0
2021-03-01,401263437,356,4.0
2021-03-01,401260321,97,
2021-03-01,401260321,258,21.0
2021-03-01,401287049,324,
2021-03-01,401287049,2653,
2021-03-01,401253992,2856,
2021-03-01,401253992,2547,
2021-03-01,401287052,324,
2021-03-01,401287052,2026,
2021-03-01,401287752,198,
2021-03-01,401287752,155,
2021-03-01,401301946,111,
2021-03-01,401301946,2729,
2021-03-01,401287033,2430,
2021-03-01,401287033,2193,
2021-03-01,401301945,256,
2021-03-01,401301945,2210,
2021-03-01,401287119,2350,20.0
2021-03-01,401287119,2181,
2021-03-01,401253993,2253,
2021-03-01,401253993,3084,
2021-03-01,401282543,248,9.0
2021-03-01,401282543,235,
2021-03-01,401308020,2633,
2021-03-01,401308020,57,
2021-03-01,401301942,2275,
2021-03-01,401301942,48,
2021-03-01,401287471,2492,
2021-03-01,401287471,2541,
2021-03-01,401287749,233,
2021-03-01,401287749,2710,
2021-03-01,401309518,3101,
2021-03-01,401309518,166,
2021-03-01,401287470,2608,
2021-03-01,401287470,2351,
2021-03-01,401287050,326,
2021-03-01,401287050,2026,
2021-03-01,401301879,261,
2021-03-01,401301879,42,
2021-03-01,401306433,2440,
2021-03-01,401306433,36,
2021-03-01,401287113,2623,
2021-03-01,401287113,2674,
2021-03-01,401287045,250,
2021-03-01,401287045,2653,
2021-03-01,401287046,2026,
2021-03-01,401287046,2031,
2021-03-01,401286928,2382,
2021-03-01,401286928,2535,
2021-03-01,401288073,276,
2021-03-01,401288073,2429,
2021-03-01,401287044,6,
2021-03-01,401287044,2433,
2021-03-01,401287043,2032,
2021-03-01,401287043,290,
2021-03-01,401287469,279,
2021-03-01,401287469,2541,
2021-03-01,401301940,2210,
2021-03-01,401301940,119,
2021-03-01,401287128,349,
2021-03-01,401287128,44,
2021-03-01,401286930,236,
2021-03-01,401286930,2193,
2021-03-01,401308015,61,
2021-03-01,401308015,333,8.0
2021-03-01,401301878,2378,
2021-03-01,401301878,2349,
2021-03-01,401287127,322,
2021-03-01,401287127,2083,
2021-03-01,401287120,2803,
2021-03-01,401287120,2529,
2021-03-01,401287129,2426,
2021-03-01,401287129,2352,
2021-03-01,401287121,2681,
2021-03-01,401287121,116,
2021-03-01,401287126,2142,
2021-03-01,401287126,104,
2021-03-01,401303773,98,
2021-03-01,401303773,2229,
2021-03-01,401310334,149,
2021-03-01,401310334,2952,
2021-03-01,401310603,242,
2021-03-01,401310603,3158,
2021-03-01,401310513,2636,
2021-03-01,401310513,2903,
2021-03-01,401310113,2348,
2021-03-01,401310113,3158,
2021-03-08,401296293,356,3.0
2021-03-08,401296293,194,9.0
2021-03-08,401287130,238,
2021-03-08,401287130,245,
2021-03-08,401300971,258,16.0
2021-03-08,401300971,183,
2021-03-08,401301771,58,
2021-03-08,401301771,218,
2021-03-08,401287131,96,
2021-03-08,401287131,344,
2021-03-08,401301729,277,10.0
2021-03-08,401301729,197,12.0
2021-03-08,401296473,120,
2021-03-08,401296473,127,
2021-03-08,401287067,2649,
2021-03-08,401287067,2050,
2021-03-08,401303924,24,
2021-03-08,401303924,25,
2021-03-08,401301264,249,
2021-03-08,401301264,2393,
2021-03-08,401301703,201,25.0
2021-03-08,401301703,66,
2021-03-08,401301263,2226,
2021-03-08,401301263,2638,
2021-03-08,401287743,2504,
2021-03-08,401287743,2400,
2021-03-08,401310024,2320,
2021-03-08,401310024,2277,
2021-03-08,401308796,2507,
2021-03-08,401308796,305,
2021-03-08,401300970,153,
2021-03-08,401300970,87,
2021-03-08,401296253,213,
2021-03-08,401296253,158,
2021-03-08,401287124,2142,
2021-03-08,401287124,2083,
2021-03-08,401287057,2405,
2021-03-08,401287057,2217,
2021-03-08,401286993,278,
2021-03-08,401286993,167,
2021-03-08,401303923,254,
2021-03-08,401303923,264,
2021-03-08,401308797,222,14.0
2021-03-08,401308797,46,
2021-03-08,401296573,253,
2021-03-08,401296573,2458,
2021-03-08,401287068,2309,
2021-03-08,401287068,195,
2021-03-08,401287069,2084,
2021-03-08,401287069,193,
2021-03-08,401308855,156,17.0
2021-03-08,401308855,2086,
2021-03-08,401296113,50,
2021-03-08,401296113,2415,
2021-03-08,401287038,2466,
2021-03-08,401287038,2443,
2021-03-08,401303926,26,
2021-03-08,401303926,204,
2021-03-08,401286915,68,
2021-03-08,401286915,2440,
2021-03-08,401287060,2612,
2021-03-08,401287060,2520,
2021-03-08,401286957,302,
2021-03-08,401286957,2934,
2021-03-08,401296593,304,
2021-03-08,401296593,147,
2021-03-08,401286916,21,19.0
2021-03-08,401286916,2751,
2021-03-08,401286956,2540,
2021-03-08,401286956,299,
2021-03-08,401308798,2599,
2021-03-08,401308798,2550,
2021-03-08,401301772,202,
2021-03-08,401301772,2655,
2021-03-08,401287744,2640,
2021-03-08,401287744,2016,
2021-03-08,401300972,59,
2021-03-08,401300972,2390,
2021-03-08,401301730,239,2.0
2021-03-08,401301730,2306,
2021-03-08,401287132,57,
2021-03-08,401287132,238,
2021-03-08,401303925,2483,
2021-03-08,401303925,9,
2021-03-08,401296453,194,9.0
2021-03-08,401296453,135,
2021-03-08,401301262,276,
2021-03-08,401301262,242,
2021-03-08,401301702,2628,
2021-03-08,401301702,2306,
2021-03-08,401301780,248,7.0
2021-03-08,401301780,2132,
2021-03-08,401301259,2636,
2021-03-08,401301259,2429,
2021-03-08,401301950,2182,
2021-03-08,401301950,2210,
2021-03-08,401300966,87,
2021-03-08,401300966,154,
2021-03-08,401287122,2803,
2021-03-08,401287122,116,
2021-03-08,401286987,325,
2021-03-08,401286987,2473,
2021-03-08,401287036,2545,
2021-03-08,401287036,2377,
2021-03-08,401286949,2463,
2021-03-08,401286949,299,
2021-03-08,401287056,2514,
2021-03-08,401287056,314,
2021-03-08,401300965,150,
2021-03-08,401300965,103,
2021-03-08,401300964,221,
2021-03-08,401300964,2390,
2021-03-08,401287734,252,
2021-03-08,401287734,2492,
2021-03-08,401287753,233,
2021-03-08,401287753,2449,
2021-03-08,401301948,111,
2021-03-08,401301948,2182,
2021-03-08,401286984,2473,
2021-03-08,401286984,94,
2021-03-08,401287472,2250,1.0
2021-03-08,401287472,2608,
2021-03-08,401287054,2099,
2021-03-08,401287054,2520,
2021-03-08,401287053,2247,
2021-03-08,401287053,2026,
2021-03-08,401287035,2430,
2021-03-08,401287035,2382,
2021-03-08,401287754,2571,
2021-03-08,401287754,198,
2021-03-08,401286983,325,
2021-03-08,401286983,270,
2021-03-08,401287055,2217,
2021-03-08,401287055,2363,
2021-03-08,401310985,242,
2021-03-08,401310985,2572,
2021-03-08,401286955,2239,
2021-03-08,401286955,13,
2021-03-08,401303922,9,
2021-03-08,401303922,265,
2021-03-08,401300969,97,
2021-03-08,401300969,150,
2021-03-08,401296273,77,
2021-03-08,401296273,135,
2021-03-08,401308795,2752,
2021-03-08,401308795,2086,
2021-03-08,401287125,349,
2021-03-08,401287125,2352,
2021-03-08,401296553,149,
2021-03-08,401296553,70,
2021-03-08,401287058,2561,
2021-03-08,401287058,314,
2021-03-08,401286991,2439,
2021-03-08,401286991,2005,
2021-03-08,401308794,46,
2021-03-08,401308794,269,
2021-03-08,401287037,2916,
2021-03-08,401287037,2277,
2021-03-08,401287742,2296,
2021-03-08,401287742,2029,
2021-03-08,401300968,228,
2021-03-08,401300968,2390,
2021-03-08,401296533,2502,
2021-03-08,401296533,2464,
2021-03-08,401286997,2751,
2021-03-08,401286997,23,
2021-03-08,401300967,183,
2021-03-08,401300967,152,
2021-03-08,401296513,2458,
2021-03-08,401296513,16,
2021-03-08,401296433,164,
2021-03-08,401296433,84,
2021-03-08,401301265,98,
2021-03-08,401301265,2636,
2021-03-08,401301731,2305,11.0
2021-03-08,401301731,201,25.0
2021-03-08,401287070,2006,
2021-03-08,401287070,189,
2021-03-08,401296193,2450,
2021-03-08,401296193,2415,
2021-03-08,401301875,42,
2021-03-08,401301875,2349,
2021-03-08,401286963,300,
2021-03-08,401286963,27,
2021-03-08,401286917,328,
2021-03-08,401286917,36,
2021-03-08,401303930,30,24.0
2021-03-08,401303930,38,23.0
2021-03-08,401301865,3084,
2021-03-08,401301865,166,
2021-03-08,401296673,331,
2021-03-08,401296673,149,
2021-03-08,401301777,235,
2021-03-08,401301777,2116,
2021-03-08,401287157,8,8.0
2021-03-08,401287157,142,
2021-03-08,401287747,2504,
2021-03-08,401287747,2755,
2021-03-08,401296353,2294,5.0
2021-03-08,401296353,275,
2021-03-08,401308858,156,17.0
2021-03-08,401308858,41,
2021-03-08,401287158,99,
2021-03-08,401287158,145,
2021-03-08,401287041,2000,
2021-03-08,401287041,2320,
2021-03-08,401301256,52,15.0
2021-03-08,401301256,153,
2021-03-08,401287159,333,6.0
2021-03-08,401287159,2633,
2021-03-08,401296333,130,4.0
2021-03-08,401296333,194,9.0
2021-03-08,401301778,2724,
2021-03-08,401301778,2132,
2021-03-08,401286906,179,
2021-03-08,401286906,2670,
2021-03-08,401301868,2253,
2021-03-08,401301868,166,
2021-03-08,401287042,2447,
2021-03-08,401287042,2000,
2021-03-08,401301738,251,13.0
2021-03-08,401301738,197,12.0
2021-03-08,401301864,2253,
2021-03-08,401301864,2547,
2021-03-08,401301733,251,13.0
2021-03-08,401301733,2641,20.0
2021-03-08,401301267,2348,
2021-03-08,401301267,2226,
2021-03-08,401287745,2755,
2021-03-08,401287745,2582,
2021-03-08,401287154,145,
2021-03-08,401287154,2579,
2021-03-08,401296133,2450,
2021-03-08,401296133,2428,
2021-03-08,401287039,2534,
2021-03-08,401287039,2320,
2021-03-08,401301254,259,22.0
2021-03-08,401301254,153,
2021-03-08,401286958,27,
2021-03-08,401286958,62,
2021-03-08,401301859,2856,
2021-03-08,401301859,2547,
2021-03-08,401287059,2368,
2021-03-08,401287059,315,
2021-03-08,401301773,2116,
2021-03-08,401301773,151,
2021-03-08,401301266,5,
2021-03-08,401301266,242,
2021-03-08,401287153,142,
2021-03-08,401287153,61,
2021-03-08,401301268,295,
2021-03-08,401301268,249,
2021-03-08,401296633,2692,
2021-03-08,401296633,149,
2021-03-08,401296153,2154,
2021-03-08,401296153,2415,
2021-03-08,401301775,2567,
2021-03-08,401301775,2132,
2021-03-08,401301861,166,
2021-03-08,401301861,292,
2021-03-08,401296393,2509,20.0
2021-03-08,401296393,194,9.0
2021-03-08,401301949,2275,
2021-03-08,401301949,2210,
