school,season,wins,losses,ties,source
Abilene Christian,1936,0,0,0,cfbd
Abilene Christian,1937,0,0,0,cfbd
Abilene Christian,1938,0,0,0,cfbd
Abilene Christian,1939,0,0,0,cfbd
Abilene Christian,1940,0,0,0,cfbd
Abilene Christian,1941,0,1,0,cfbd
Abilene Christian,1942,0,1,0,cfbd
Abilene Christian,1946,0,0,0,cfbd
Abilene Christian,1947,2,1,0,cfbd
Abilene Christian,1948,0,2,0,cfbd
Abilene Christian,1949,0,1,0,cfbd
Abilene Christian,1950,0,0,0,cfbd
Abilene Christian,1951,1,1,0,cfbd
Abilene Christian,1952,0,1,0,cfbd
Abilene Christian,1953,0,0,0,cfbd
Abilene Christian,1954,1,0,0,cfbd
Abilene Christian,1955,0,0,0,cfbd
Abilene Christian,1956,0,2,0,cfbd
Abilene Christian,1957,1,2,0,cfbd
Abilene Christian,1958,2,0,0,cfbd
Abilene Christian,1959,1,0,0,cfbd
Abilene Christian,1960,0,1,0,cfbd
Abilene Christian,1961,1,1,0,cfbd
Abilene Christian,1962,1,0,0,cfbd
Abilene Christian,1963,1,0,0,cfbd
Abilene Christian,1964,0,1,0,cfbd
Abilene Christian,1965,0,0,0,cfbd
Abilene Christian,1966,0,0,0,cfbd
Abilene Christian,1967,0,0,0,cfbd
Abilene Christian,1968,0,0,0,cfbd
Abilene Christian,1969,0,0,0,cfbd
Abilene Christian,1970,0,0,0,cfbd
Abilene Christian,1971,0,2,0,cfbd
Abilene Christian,1972,0,1,0,cfbd
Abilene Christian,1982,1,0,0,cfbd
Abilene Christian,1983,1,0,0,cfbd
Abilene Christian,1984,0,1,0,cfbd
Abilene Christian,1985,1,0,0,cfbd
Abilene Christian,1986,0,0,0,cfbd
Abilene Christian,1987,0,0,0,cfbd
Abilene Christian,1988,0,0,0,cfbd
Abilene Christian,1989,0,0,0,cfbd
Abilene Christian,1990,0,0,0,cfbd
Abilene Christian,1991,0,0,0,cfbd
Abilene Christian,1992,0,0,0,cfbd
Abilene Christian,1993,0,0,0,cfbd
Abilene Christian,1994,0,0,0,cfbd
Abilene Christian,1995,0,0,0,cfbd
Abilene Christian,1996,0,0,0,cfbd
Abilene Christian,1997,0,0,0,cfbd
Abilene Christian,1998,0,0,0,cfbd
Abilene Christian,1999,0,0,0,cfbd
Abilene Christian,2000,0,0,0,cfbd
Abilene Christian,2001,0,0,0,cfbd
Abilene Christian,2002,0,0,0,cfbd
Abilene Christian,2003,0,0,0,cfbd
Abilene Christian,2004,0,0,0,cfbd
Abilene Christian,2005,0,0,0,cfbd
Abilene Christian,2006,0,0,0,cfbd
Abilene Christian,2007,1,0,0,cfbd
Abilene Christian,2008,0,0,0,cfbd
Abilene Christian,2009,0,0,0,cfbd
Abilene Christian,2010,0,0,0,cfbd
Abilene Christian,2011,0,0,0,cfbd
Abilene Christian,2012,0,0,0,cfbd
Abilene Christian,2013,6,5,0,cfbd
Abilene Christian,2014,5,6,0,cfbd
Abilene Christian,2015,3,7,0,cfbd
Abilene Christian,2016,2,9,0,cfbd
Abilene Christian,2017,2,9,0,cfbd
Abilene Christian,2018,6,5,0,cfbd
Abilene Christian,2019,5,7,0,cfbd
Abilene Christian,2020,1,5,0,cfbd
Abilene Christian,2021,5,6,0,cfbd
Abilene Christian,2022,7,4,0,cfbd
Abilene Christian,2023,5,6,0,cfbd
Abilene Christian,2024,9,5,0,cfbd
Abilene Christian,2025,9,5,0,cfbd
Abilene Christian,2026,0,0,0,cfbd
Adams State,2014,0,0,0,cfbd
Adams State,2015,0,0,0,cfbd
Adams State,2016,0,0,0,cfbd
Adams State,2017,0,0,0,cfbd
Adams State,2018,0,0,0,cfbd
Adams State,2019,0,0,0,cfbd
Adams State,2020,0,0,0,cfbd
Adams State,2021,1,10,0,cfbd
Adams State,2022,2,9,0,cfbd
Adams State,2023,3,8,0,cfbd
Adams State,2024,0,11,0,cfbd
Adams State,2025,0,11,0,cfbd
Adams State,2026,0,0,0,cfbd
Adrian,2014,0,0,0,cfbd
Adrian,2015,0,0,0,cfbd
Adrian,2016,0,0,0,cfbd
Adrian,2017,0,0,0,cfbd
Adrian,2018,0,0,0,cfbd
Adrian,2019,0,0,0,cfbd
Adrian,2020,2,2,0,cfbd
Adrian,2021,0,0,0,cfbd
Adrian,2022,6,4,0,cfbd
Adrian,2023,1,9,0,cfbd
Adrian,2024,6,4,0,cfbd
Adrian,2025,8,2,0,cfbd
Adrian,2026,0,0,0,cfbd
Air Force,1956,0,1,0,cfbd
Air Force,1957,3,6,1,cfbd
Air Force,1958,9,0,2,cfbd
Air Force,1959,5,4,1,cfbd
Air Force,1960,4,6,0,cfbd
Air Force,1961,3,7,0,cfbd
Air Force,1962,5,5,0,cfbd
Air Force,1963,7,4,0,cfbd
Air Force,1964,4,5,1,cfbd
Air Force,1965,3,6,1,cfbd
Air Force,1966,4,6,0,cfbd
Air Force,1967,2,6,2,cfbd
Air Force,1968,7,3,0,cfbd
Air Force,1969,6,4,0,cfbd
Air Force,1970,9,3,0,cfbd
Air Force,1971,6,4,0,cfbd
Air Force,1972,6,4,0,cfbd
Air Force,1973,6,4,0,cfbd
Air Force,1974,2,9,0,cfbd
Air Force,1975,2,8,1,cfbd
Air Force,1976,4,7,0,cfbd
Air Force,1977,2,8,1,cfbd
Air Force,1978,3,8,0,cfbd
Air Force,1979,2,9,0,cfbd
Air Force,1980,2,9,1,cfbd
Air Force,1981,4,7,0,cfbd
Air Force,1982,8,5,0,cfbd
Air Force,1983,10,2,0,cfbd
Air Force,1984,8,4,0,cfbd
Air Force,1985,12,1,0,cfbd
Air Force,1986,6,5,0,cfbd
Air Force,1987,9,4,0,cfbd
Air Force,1988,5,7,0,cfbd
Air Force,1989,8,4,1,cfbd
Air Force,1990,7,5,0,cfbd
Air Force,1991,10,3,0,cfbd
Air Force,1992,7,5,0,cfbd
Air Force,1993,4,8,0,cfbd
Air Force,1994,8,4,0,cfbd
Air Force,1995,8,5,0,cfbd
Air Force,1996,6,5,0,cfbd
Air Force,1997,10,3,0,cfbd
Air Force,1998,12,1,0,cfbd
Air Force,1999,6,5,0,cfbd
Air Force,2000,9,3,0,cfbd
Air Force,2001,6,6,0,cfbd
Air Force,2002,8,5,0,cfbd
Air Force,2003,7,5,0,cfbd
Air Force,2004,5,6,0,cfbd
Air Force,2005,4,7,0,cfbd
Air Force,2006,4,8,0,cfbd
Air Force,2007,9,4,0,cfbd
Air Force,2008,8,5,0,cfbd
Air Force,2009,8,5,0,cfbd
Air Force,2010,9,4,0,cfbd
Air Force,2011,7,6,0,cfbd
Air Force,2012,6,7,0,cfbd
Air Force,2013,2,10,0,cfbd
Air Force,2014,10,3,0,cfbd
Air Force,2015,8,6,0,cfbd
Air Force,2016,10,3,0,cfbd
Air Force,2017,5,7,0,cfbd
Air Force,2018,5,7,0,cfbd
Air Force,2019,11,2,0,cfbd
Air Force,2020,3,3,0,cfbd
Air Force,2021,10,3,0,cfbd
Air Force,2022,10,3,0,cfbd
Air Force,2023,9,4,0,cfbd
Air Force,2024,5,7,0,cfbd
Air Force,2025,4,8,0,cfbd
Air Force,2026,0,0,0,cfbd
Akron,1936,0,0,0,cfbd
Akron,1937,0,0,0,cfbd
Akron,1938,0,1,0,cfbd
Akron,1939,0,0,0,cfbd
Akron,1940,0,1,0,cfbd
Akron,1941,0,0,0,cfbd
Akron,1942,0,0,0,cfbd
Akron,1946,0,0,0,cfbd
Akron,1947,0,0,0,cfbd
Akron,1948,0,0,0,cfbd
Akron,1949,0,0,0,cfbd
Akron,1950,0,0,0,cfbd
Akron,1951,0,0,0,cfbd
Akron,1952,0,0,0,cfbd
Akron,1953,0,0,0,cfbd
Akron,1954,0,0,0,cfbd
Akron,1955,0,0,0,cfbd
Akron,1956,0,0,0,cfbd
Akron,1957,0,0,0,cfbd
Akron,1958,0,0,0,cfbd
Akron,1959,0,0,0,cfbd
Akron,1960,0,0,0,cfbd
Akron,1961,0,0,0,cfbd
Akron,1962,0,0,0,cfbd
Akron,1963,0,0,0,cfbd
Akron,1964,0,0,0,cfbd
Akron,1965,0,0,0,cfbd
Akron,1966,0,1,0,cfbd
Akron,1967,1,1,0,cfbd
Akron,1968,0,1,0,cfbd
Akron,1969,1,0,0,cfbd
Akron,1970,0,1,0,cfbd
Akron,1971,1,0,0,cfbd
Akron,1972,0,0,1,cfbd
Akron,1973,0,3,0,cfbd
Akron,1974,0,3,0,cfbd
Akron,1975,7,4,0,cfbd
Akron,1976,4,2,0,cfbd
Akron,1977,2,2,0,cfbd
Akron,1978,0,2,0,cfbd
Akron,1979,2,2,0,cfbd
Akron,1980,1,2,0,cfbd
Akron,1981,1,1,0,cfbd
Akron,1982,1,0,0,cfbd
Akron,1983,2,0,0,cfbd
Akron,1984,0,2,0,cfbd
Akron,1985,2,1,0,cfbd
Akron,1986,1,1,0,cfbd
Akron,1987,4,7,0,cfbd
Akron,1988,5,6,0,cfbd
Akron,1989,6,4,1,cfbd
Akron,1990,3,7,1,cfbd
Akron,1991,5,6,0,cfbd
Akron,1992,7,3,1,cfbd
Akron,1993,5,6,0,cfbd
Akron,1994,1,10,0,cfbd
Akron,1995,2,9,0,cfbd
Akron,1996,4,7,0,cfbd
Akron,1997,2,9,0,cfbd
Akron,1998,4,7,0,cfbd
Akron,1999,7,4,0,cfbd
Akron,2000,6,5,0,cfbd
Akron,2001,4,7,0,cfbd
Akron,2002,4,8,0,cfbd
Akron,2003,7,5,0,cfbd
Akron,2004,6,5,0,cfbd
Akron,2005,7,6,0,cfbd
Akron,2006,5,7,0,cfbd
Akron,2007,4,8,0,cfbd
Akron,2008,5,7,0,cfbd
Akron,2009,3,9,0,cfbd
Akron,2010,1,11,0,cfbd
Akron,2011,1,11,0,cfbd
Akron,2012,1,11,0,cfbd
Akron,2013,5,7,0,cfbd
Akron,2014,5,7,0,cfbd
Akron,2015,8,5,0,cfbd
Akron,2016,5,7,0,cfbd
Akron,2017,7,7,0,cfbd
Akron,2018,4,8,0,cfbd
Akron,2019,0,12,0,cfbd
Akron,2020,1,5,0,cfbd
Akron,2021,2,10,0,cfbd
Akron,2022,2,10,0,cfbd
Akron,2023,2,10,0,cfbd
Akron,2024,4,8,0,cfbd
Akron,2025,5,7,0,cfbd
Akron,2026,0,0,0,cfbd
Alabama,1935,201,92,18,manual
Alabama,1936,8,0,1,cfbd
Alabama,1937,9,1,0,cfbd
Alabama,1938,7,1,1,cfbd
Alabama,1939,5,3,1,cfbd
Alabama,1940,7,2,0,cfbd
Alabama,1941,9,2,0,cfbd
Alabama,1942,8,3,0,cfbd
Alabama,1944,5,2,2,cfbd
Alabama,1945,10,0,0,cfbd
Alabama,1946,7,4,0,cfbd
Alabama,1947,8,3,0,cfbd
Alabama,1948,6,4,1,cfbd
Alabama,1949,6,3,1,cfbd
Alabama,1950,9,2,0,cfbd
Alabama,1951,5,6,0,cfbd
Alabama,1952,10,2,0,cfbd
Alabama,1953,6,3,3,cfbd
Alabama,1954,4,5,2,cfbd
Alabama,1955,0,10,0,cfbd
Alabama,1956,2,7,1,cfbd
Alabama,1957,2,7,1,cfbd
Alabama,1958,5,4,1,cfbd
Alabama,1959,7,2,2,cfbd
Alabama,1960,8,1,2,cfbd
Alabama,1961,11,0,0,cfbd
Alabama,1962,10,1,0,cfbd
Alabama,1963,9,2,0,cfbd
Alabama,1964,10,1,0,cfbd
Alabama,1965,9,1,1,cfbd
Alabama,1966,11,0,0,cfbd
Alabama,1967,8,2,1,cfbd
Alabama,1968,8,3,0,cfbd
Alabama,1969,6,5,0,cfbd
Alabama,1970,6,5,1,cfbd
Alabama,1971,11,1,0,cfbd
Alabama,1972,10,2,0,cfbd
Alabama,1973,11,1,0,cfbd
Alabama,1974,11,1,0,cfbd
Alabama,1975,11,1,0,cfbd
Alabama,1976,9,3,0,cfbd
Alabama,1977,11,1,0,cfbd
Alabama,1978,11,1,0,cfbd
Alabama,1979,12,0,0,cfbd
Alabama,1980,10,2,0,cfbd
Alabama,1981,9,2,1,cfbd
Alabama,1982,8,4,0,cfbd
Alabama,1983,8,4,0,cfbd
Alabama,1984,5,6,0,cfbd
Alabama,1985,9,2,1,cfbd
Alabama,1986,10,3,0,cfbd
Alabama,1987,7,5,0,cfbd
Alabama,1988,9,3,0,cfbd
Alabama,1989,10,2,0,cfbd
Alabama,1990,7,5,0,cfbd
Alabama,1991,11,1,0,cfbd
Alabama,1992,13,0,0,cfbd
Alabama,1993,9,3,1,cfbd
Alabama,1994,12,1,0,cfbd
Alabama,1995,8,3,0,cfbd
Alabama,1996,10,3,0,cfbd
Alabama,1997,4,7,0,cfbd
Alabama,1998,7,5,0,cfbd
Alabama,1999,10,3,0,cfbd
Alabama,2000,3,8,0,cfbd
Alabama,2001,7,5,0,cfbd
Alabama,2002,10,3,0,cfbd
Alabama,2003,4,9,0,cfbd
Alabama,2004,6,6,0,cfbd
Alabama,2005,10,2,0,cfbd
Alabama,2006,6,7,0,cfbd
Alabama,2007,7,6,0,cfbd
Alabama,2008,12,2,0,cfbd
Alabama,2009,14,0,0,cfbd
Alabama,2010,10,3,0,cfbd
Alabama,2011,12,1,0,cfbd
Alabama,2012,13,1,0,cfbd
Alabama,2013,11,2,0,cfbd
Alabama,2014,12,2,0,cfbd
Alabama,2015,14,1,0,cfbd
Alabama,2016,14,1,0,cfbd
Alabama,2017,13,1,0,cfbd
Alabama,2018,14,1,0,cfbd
Alabama,2019,11,2,0,cfbd
Alabama,2020,13,0,0,cfbd
Alabama,2021,13,2,0,cfbd
Alabama,2022,11,2,0,cfbd
Alabama,2023,12,2,0,cfbd
Alabama,2024,9,4,0,cfbd
Alabama,2025,11,4,0,cfbd
Alabama,2026,0,0,0,cfbd
Alabama A&M,1951,0,0,0,cfbd
Alabama A&M,1952,0,0,0,cfbd
Alabama A&M,1953,0,0,0,cfbd
Alabama A&M,1954,0,0,0,cfbd
Alabama A&M,1955,0,0,0,cfbd
Alabama A&M,1956,0,0,0,cfbd
Alabama A&M,1957,0,0,0,cfbd
Alabama A&M,1958,0,0,0,cfbd
Alabama A&M,1959,0,0,0,cfbd
Alabama A&M,1960,0,0,0,cfbd
Alabama A&M,1961,0,0,0,cfbd
Alabama A&M,1962,0,0,0,cfbd
Alabama A&M,1963,0,0,0,cfbd
Alabama A&M,1964,0,0,0,cfbd
Alabama A&M,1965,0,0,0,cfbd
Alabama A&M,1966,0,0,0,cfbd
Alabama A&M,1967,0,0,0,cfbd
Alabama A&M,1968,0,0,0,cfbd
Alabama A&M,1969,0,0,0,cfbd
Alabama A&M,1970,0,0,0,cfbd
Alabama A&M,1971,0,0,0,cfbd
Alabama A&M,1972,0,0,0,cfbd
Alabama A&M,1973,0,0,0,cfbd
Alabama A&M,1974,0,0,0,cfbd
Alabama A&M,1975,0,0,0,cfbd
Alabama A&M,1976,0,0,0,cfbd
Alabama A&M,1977,0,1,0,cfbd
Alabama A&M,1978,0,0,0,cfbd
Alabama A&M,1979,0,0,0,cfbd
Alabama A&M,1980,0,0,0,cfbd
Alabama A&M,1981,0,0,0,cfbd
Alabama A&M,1982,0,0,0,cfbd
Alabama A&M,1983,0,0,0,cfbd
Alabama A&M,1984,0,0,0,cfbd
Alabama A&M,1985,0,0,0,cfbd
Alabama A&M,1986,0,0,0,cfbd
Alabama A&M,1987,0,0,0,cfbd
Alabama A&M,1988,0,0,0,cfbd
Alabama A&M,1989,0,0,0,cfbd
Alabama A&M,1990,0,0,0,cfbd
Alabama A&M,1991,0,0,0,cfbd
Alabama A&M,1992,0,0,0,cfbd
Alabama A&M,1993,0,0,0,cfbd
Alabama A&M,1994,0,0,0,cfbd
Alabama A&M,1995,0,0,0,cfbd
Alabama A&M,1996,0,0,0,cfbd
Alabama A&M,1997,0,0,0,cfbd
Alabama A&M,1998,0,0,0,cfbd
Alabama A&M,1999,0,0,0,cfbd
Alabama A&M,2000,0,0,0,cfbd
Alabama A&M,2001,0,0,0,cfbd
Alabama A&M,2002,0,0,0,cfbd
Alabama A&M,2003,2,1,0,cfbd
Alabama A&M,2004,1,1,0,cfbd
Alabama A&M,2005,0,0,0,cfbd
Alabama A&M,2006,1,0,0,cfbd
Alabama A&M,2007,8,3,0,cfbd
Alabama A&M,2008,5,7,0,cfbd
Alabama A&M,2009,7,4,0,cfbd
Alabama A&M,2010,2,8,0,cfbd
Alabama A&M,2011,8,3,0,cfbd
Alabama A&M,2012,7,4,0,cfbd
Alabama A&M,2013,3,8,0,cfbd
Alabama A&M,2014,4,8,0,cfbd
Alabama A&M,2015,3,7,0,cfbd
Alabama A&M,2016,4,7,0,cfbd
Alabama A&M,2017,4,7,0,cfbd
Alabama A&M,2018,5,5,0,cfbd
Alabama A&M,2019,7,5,0,cfbd
Alabama A&M,2020,5,0,0,cfbd
Alabama A&M,2021,7,3,0,cfbd
Alabama A&M,2022,4,7,0,cfbd
Alabama A&M,2023,5,6,0,cfbd
Alabama A&M,2024,6,6,0,cfbd
Alabama A&M,2025,4,8,0,cfbd
Alabama A&M,2026,0,0,0,cfbd
Alabama State,1936,0,0,0,cfbd
Alabama State,1937,0,0,0,cfbd
Alabama State,1938,0,0,0,cfbd
Alabama State,1939,0,0,0,cfbd
Alabama State,1940,0,0,0,cfbd
Alabama State,1941,0,0,0,cfbd
Alabama State,1942,0,0,0,cfbd
Alabama State,1943,0,0,0,cfbd
Alabama State,1944,0,0,0,cfbd
Alabama State,1945,0,0,0,cfbd
Alabama State,1946,0,0,0,cfbd
Alabama State,1947,0,0,0,cfbd
Alabama State,1948,0,0,0,cfbd
Alabama State,1949,0,0,0,cfbd
Alabama State,1950,0,0,0,cfbd
Alabama State,1951,0,0,0,cfbd
Alabama State,1952,0,0,0,cfbd
Alabama State,1953,0,0,0,cfbd
Alabama State,1954,0,0,0,cfbd
Alabama State,1955,0,0,0,cfbd
Alabama State,1956,0,0,0,cfbd
Alabama State,1957,0,0,0,cfbd
Alabama State,1958,0,0,0,cfbd
Alabama State,1959,0,0,0,cfbd
Alabama State,1960,0,0,0,cfbd
Alabama State,1961,0,0,0,cfbd
Alabama State,1962,0,0,0,cfbd
Alabama State,1963,0,0,0,cfbd
Alabama State,1964,0,0,0,cfbd
Alabama State,1965,0,0,0,cfbd
Alabama State,1966,0,0,0,cfbd
Alabama State,1967,0,0,0,cfbd
Alabama State,1968,0,0,0,cfbd
Alabama State,1969,0,0,0,cfbd
Alabama State,1970,0,0,0,cfbd
Alabama State,1971,0,0,0,cfbd
Alabama State,1972,0,0,0,cfbd
Alabama State,1973,0,0,0,cfbd
Alabama State,1974,0,0,0,cfbd
Alabama State,1975,0,0,0,cfbd
Alabama State,1976,0,0,0,cfbd
Alabama State,1977,0,2,0,cfbd
Alabama State,1978,0,0,0,cfbd
Alabama State,1979,0,0,0,cfbd
Alabama State,1980,0,0,0,cfbd
Alabama State,1981,0,0,0,cfbd
Alabama State,1982,0,0,0,cfbd
Alabama State,1983,0,0,0,cfbd
Alabama State,1984,0,0,0,cfbd
Alabama State,1985,0,0,0,cfbd
Alabama State,1986,0,0,0,cfbd
Alabama State,1987,0,0,0,cfbd
Alabama State,1988,0,0,0,cfbd
Alabama State,1989,0,0,0,cfbd
Alabama State,1990,0,0,0,cfbd
Alabama State,1991,0,0,0,cfbd
Alabama State,1992,0,0,0,cfbd
Alabama State,1993,0,0,0,cfbd
Alabama State,1994,0,0,0,cfbd
Alabama State,1995,0,0,0,cfbd
Alabama State,1996,0,0,0,cfbd
Alabama State,1997,0,0,0,cfbd
Alabama State,1998,0,0,0,cfbd
Alabama State,1999,0,0,0,cfbd
Alabama State,2000,0,0,0,cfbd
Alabama State,2001,0,0,0,cfbd
Alabama State,2002,0,0,0,cfbd
Alabama State,2003,1,1,0,cfbd
Alabama State,2004,1,0,0,cfbd
Alabama State,2005,0,0,0,cfbd
Alabama State,2006,0,1,0,cfbd
Alabama State,2007,5,6,0,cfbd
Alabama State,2008,3,8,0,cfbd
Alabama State,2009,4,7,0,cfbd
Alabama State,2010,6,4,0,cfbd
Alabama State,2011,8,3,0,cfbd
Alabama State,2012,7,4,0,cfbd
Alabama State,2013,8,3,0,cfbd
Alabama State,2014,7,5,0,cfbd
Alabama State,2015,5,5,0,cfbd
Alabama State,2016,4,7,0,cfbd
Alabama State,2017,5,6,0,cfbd
Alabama State,2018,3,7,0,cfbd
Alabama State,2019,5,6,0,cfbd
Alabama State,2020,3,3,0,cfbd
Alabama State,2021,5,6,0,cfbd
Alabama State,2022,6,5,0,cfbd
Alabama State,2023,7,4,0,cfbd
Alabama State,2024,7,5,0,cfbd
Alabama State,2025,10,2,0,cfbd
Alabama State,2026,0,0,0,cfbd
Alameda Coast Guard,1943,4,2,1,cfbd
Alameda Coast Guard,1944,4,2,2,cfbd
Albany State,2014,0,0,0,cfbd
Albany State,2015,0,0,0,cfbd
Albany State,2016,0,0,0,cfbd
Albany State,2017,0,0,0,cfbd
Albany State,2018,0,0,0,cfbd
Albany State,2019,0,0,0,cfbd
Albany State,2020,0,0,0,cfbd
Albany State,2021,9,2,0,cfbd
Albany State,2022,7,3,0,cfbd
Albany State,2023,6,5,0,cfbd
Albany State,2024,6,4,0,cfbd
Albany State,2025,12,2,0,cfbd
Albany State,2026,0,0,0,cfbd
Albion,2014,0,0,0,cfbd
Albion,2015,0,0,0,cfbd
Albion,2016,0,0,0,cfbd
Albion,2017,0,0,0,cfbd
Albion,2018,0,0,0,cfbd
Albion,2019,0,0,0,cfbd
Albion,2020,3,0,0,cfbd
Albion,2021,0,0,0,cfbd
Albion,2022,9,1,0,cfbd
Albion,2023,7,3,0,cfbd
Albion,2024,7,3,0,cfbd
Albion,2025,3,7,0,cfbd
Albion,2026,0,0,0,cfbd
Albright,2014,0,0,0,cfbd
Albright,2015,0,0,0,cfbd
Albright,2016,0,0,0,cfbd
Albright,2017,0,0,0,cfbd
Albright,2018,0,0,0,cfbd
Albright,2019,0,0,0,cfbd
Albright,2020,1,1,0,cfbd
Albright,2021,0,0,0,cfbd
Albright,2022,0,10,0,cfbd
Albright,2023,0,10,0,cfbd
Albright,2024,2,8,0,cfbd
Albright,2025,4,6,0,cfbd
Albright,2026,0,0,0,cfbd
Alcorn State,1936,0,0,0,cfbd
Alcorn State,1937,0,0,0,cfbd
Alcorn State,1938,0,0,0,cfbd
Alcorn State,1939,0,0,0,cfbd
Alcorn State,1940,0,0,0,cfbd
Alcorn State,1941,0,0,0,cfbd
Alcorn State,1942,0,0,0,cfbd
Alcorn State,1945,0,0,0,cfbd
Alcorn State,1946,0,0,0,cfbd
Alcorn State,1947,0,0,0,cfbd
Alcorn State,1948,0,0,0,cfbd
Alcorn State,1949,0,0,0,cfbd
Alcorn State,1950,0,0,0,cfbd
Alcorn State,1951,0,0,0,cfbd
Alcorn State,1952,0,0,0,cfbd
Alcorn State,1953,0,0,0,cfbd
Alcorn State,1954,0,0,0,cfbd
Alcorn State,1955,0,0,0,cfbd
Alcorn State,1956,0,0,0,cfbd
Alcorn State,1957,0,0,0,cfbd
Alcorn State,1958,0,0,0,cfbd
Alcorn State,1959,0,0,0,cfbd
Alcorn State,1960,0,0,0,cfbd
Alcorn State,1961,0,0,0,cfbd
Alcorn State,1962,0,0,0,cfbd
Alcorn State,1963,0,0,0,cfbd
Alcorn State,1965,0,0,0,cfbd
Alcorn State,1966,0,0,0,cfbd
Alcorn State,1967,0,0,0,cfbd
Alcorn State,1968,0,0,0,cfbd
Alcorn State,1969,0,0,0,cfbd
Alcorn State,1970,0,0,0,cfbd
Alcorn State,1971,0,0,0,cfbd
Alcorn State,1972,0,0,0,cfbd
Alcorn State,1973,0,0,0,cfbd
Alcorn State,1974,0,0,0,cfbd
Alcorn State,1975,0,0,0,cfbd
Alcorn State,1976,0,0,0,cfbd
Alcorn State,1977,3,8,0,cfbd
Alcorn State,1978,1,0,0,cfbd
Alcorn State,1979,0,0,0,cfbd
Alcorn State,1980,0,0,0,cfbd
Alcorn State,1981,0,0,0,cfbd
Alcorn State,1982,0,0,0,cfbd
Alcorn State,1983,0,0,0,cfbd
Alcorn State,1984,0,0,0,cfbd
Alcorn State,1985,0,0,0,cfbd
Alcorn State,1986,0,0,0,cfbd
Alcorn State,1987,0,0,0,cfbd
Alcorn State,1988,0,0,0,cfbd
Alcorn State,1989,0,0,0,cfbd
Alcorn State,1990,0,0,0,cfbd
Alcorn State,1991,0,0,0,cfbd
Alcorn State,1992,0,0,0,cfbd
Alcorn State,1993,0,0,0,cfbd
Alcorn State,1994,0,0,0,cfbd
Alcorn State,1995,0,0,0,cfbd
Alcorn State,1996,0,0,0,cfbd
Alcorn State,1997,0,0,0,cfbd
Alcorn State,1998,0,0,0,cfbd
Alcorn State,1999,0,0,0,cfbd
Alcorn State,2000,0,0,0,cfbd
Alcorn State,2001,0,0,0,cfbd
Alcorn State,2002,0,0,0,cfbd
Alcorn State,2003,1,1,0,cfbd
Alcorn State,2004,2,1,0,cfbd
Alcorn State,2005,0,1,0,cfbd
Alcorn State,2006,0,1,0,cfbd
Alcorn State,2007,2,8,0,cfbd
Alcorn State,2008,2,10,0,cfbd
Alcorn State,2009,3,6,0,cfbd
Alcorn State,2010,5,5,0,cfbd
Alcorn State,2011,2,8,0,cfbd
Alcorn State,2012,4,7,0,cfbd
Alcorn State,2013,8,3,0,cfbd
Alcorn State,2014,10,3,0,cfbd
Alcorn State,2015,8,3,0,cfbd
Alcorn State,2016,5,6,0,cfbd
Alcorn State,2017,7,5,0,cfbd
Alcorn State,2018,9,4,0,cfbd
Alcorn State,2019,9,4,0,cfbd
Alcorn State,2021,6,5,0,cfbd
Alcorn State,2022,5,6,0,cfbd
Alcorn State,2023,7,4,0,cfbd
Alcorn State,2024,6,6,0,cfbd
Alcorn State,2025,5,7,0,cfbd
Alcorn State,2026,0,0,0,cfbd
Alderson-Broaddus,2014,0,2,0,cfbd
Alderson-Broaddus,2015,0,1,0,cfbd
Alderson-Broaddus,2016,1,0,0,cfbd
Alderson-Broaddus,2017,0,0,0,cfbd
Alderson-Broaddus,2018,0,0,0,cfbd
Alderson-Broaddus,2019,0,0,0,cfbd
Alderson-Broaddus,2020,0,3,0,cfbd
Alderson-Broaddus,2021,1,10,0,cfbd
Alderson-Broaddus,2022,0,11,0,cfbd
Alderson-Broaddus,2023,0,0,5,cfbd
Alderson-Broaddus,2024,0,0,0,cfbd
Alderson-Broaddus,2025,0,0,0,cfbd
Alderson-Broaddus,2026,0,0,0,cfbd
Alfred,2014,0,0,0,cfbd
Alfred,2015,0,0,0,cfbd
Alfred,2016,0,0,0,cfbd
Alfred,2017,0,0,0,cfbd
Alfred,2018,0,0,0,cfbd
Alfred,2019,0,0,0,cfbd
Alfred,2020,1,1,0,cfbd
Alfred,2021,0,0,0,cfbd
Alfred,2022,2,8,0,cfbd
Alfred,2023,4,6,0,cfbd
Alfred,2024,7,3,0,cfbd
Alfred,2025,4,6,0,cfbd
Alfred,2026,0,0,0,cfbd
Alfred State,2014,0,0,0,cfbd
Alfred State,2015,0,0,0,cfbd
Alfred State,2016,0,0,0,cfbd
Alfred State,2017,0,0,0,cfbd
Alfred State,2018,0,0,0,cfbd
Alfred State,2019,0,0,0,cfbd
Alfred State,2020,0,0,0,cfbd
Alfred State,2021,0,0,0,cfbd
Alfred State,2022,5,5,0,cfbd
Alfred State,2023,6,5,0,cfbd
Alfred State,2024,4,6,0,cfbd
Alfred State,2025,5,5,0,cfbd
Alfred State,2026,0,0,0,cfbd
Allegheny,2014,0,0,0,cfbd
Allegheny,2015,0,0,0,cfbd
Allegheny,2016,0,0,0,cfbd
Allegheny,2017,0,0,0,cfbd
Allegheny,2018,0,0,0,cfbd
Allegheny,2019,0,0,0,cfbd
Allegheny,2020,0,0,0,cfbd
Allegheny,2021,0,0,0,cfbd
Allegheny,2022,2,7,0,cfbd
Allegheny,2023,3,7,0,cfbd
Allegheny,2024,1,9,0,cfbd
Allegheny,2025,4,6,0,cfbd
Allegheny,2026,0,0,0,cfbd
Allen,2014,0,0,0,cfbd
Allen,2015,0,0,0,cfbd
Allen,2016,0,0,0,cfbd
Allen,2017,0,0,0,cfbd
Allen,2018,0,0,0,cfbd
Allen,2019,0,0,0,cfbd
Allen,2020,0,0,0,cfbd
Allen,2021,3,5,0,cfbd
Allen,2022,1,8,1,cfbd
Allen,2023,7,3,0,cfbd
Allen,2024,2,8,0,cfbd
Allen,2025,6,5,0,cfbd
Allen,2026,0,0,0,cfbd
Alma,2014,0,0,0,cfbd
Alma,2015,0,0,0,cfbd
Alma,2016,0,0,0,cfbd
Alma,2017,0,0,0,cfbd
Alma,2018,0,0,0,cfbd
Alma,2019,0,0,0,cfbd
Alma,2020,1,1,0,cfbd
Alma,2021,0,0,0,cfbd
Alma,2022,11,1,0,cfbd
Alma,2023,12,1,0,cfbd
Alma,2024,8,2,0,cfbd
Alma,2025,8,3,0,cfbd
Alma,2026,0,0,0,cfbd
Alvernia,2014,0,0,0,cfbd
Alvernia,2015,0,0,0,cfbd
Alvernia,2016,0,0,0,cfbd
Alvernia,2017,0,0,0,cfbd
Alvernia,2018,0,0,0,cfbd
Alvernia,2019,0,0,0,cfbd
Alvernia,2020,0,3,0,cfbd
Alvernia,2021,0,0,0,cfbd
Alvernia,2022,3,7,0,cfbd
Alvernia,2023,1,9,0,cfbd
Alvernia,2024,1,9,0,cfbd
Alvernia,2025,0,10,0,cfbd
Alvernia,2026,0,0,0,cfbd
Amarillo Field,1944,5,4,0,cfbd
American International,2014,0,1,0,cfbd
American International,2015,0,1,0,cfbd
American International,2016,0,0,0,cfbd
American International,2017,0,0,0,cfbd
American International,2018,0,0,0,cfbd
American International,2019,0,0,0,cfbd
American International,2020,0,0,0,cfbd
American International,2021,4,6,0,cfbd
American International,2022,1,9,0,cfbd
American International,2023,3,8,0,cfbd
American International,2024,4,7,0,cfbd
American International,2025,2,8,0,cfbd
American International,2026,0,0,0,cfbd
Amherst,2014,0,0,0,cfbd
Amherst,2015,0,0,0,cfbd
Amherst,2016,0,0,0,cfbd
Amherst,2017,0,0,0,cfbd
Amherst,2018,0,0,0,cfbd
Amherst,2019,0,0,0,cfbd
Amherst,2020,0,0,0,cfbd
Amherst,2021,0,0,0,cfbd
Amherst,2022,2,7,0,cfbd
Amherst,2023,4,5,0,cfbd
Amherst,2024,2,7,0,cfbd
Amherst,2025,5,4,0,cfbd
Amherst,2026,0,0,0,cfbd
Anderson (IN),2014,0,0,0,cfbd
Anderson (IN),2015,0,0,0,cfbd
Anderson (IN),2016,0,0,0,cfbd
Anderson (IN),2017,0,0,0,cfbd
Anderson (IN),2018,0,0,0,cfbd
Anderson (IN),2019,0,0,0,cfbd
Anderson (IN),2020,1,4,0,cfbd
Anderson (IN),2021,0,0,0,cfbd
Anderson (IN),2022,1,9,0,cfbd
Anderson (IN),2023,0,10,0,cfbd
Anderson (IN),2024,2,8,0,cfbd
Anderson (IN),2025,2,8,0,cfbd
Anderson (IN),2026,0,0,0,cfbd
Anderson (SC),2024,3,8,0,cfbd
Anderson (SC),2025,5,6,0,cfbd
Anderson (SC),2026,0,1,0,cfbd
Angelo State,2014,0,0,0,cfbd
Angelo State,2015,0,0,0,cfbd
Angelo State,2016,0,0,0,cfbd
Angelo State,2017,0,0,0,cfbd
Angelo State,2018,0,1,0,cfbd
Angelo State,2019,0,0,0,cfbd
Angelo State,2020,1,1,0,cfbd
Angelo State,2021,11,3,0,cfbd
Angelo State,2022,12,1,0,cfbd
Angelo State,2023,7,3,0,cfbd
Angelo State,2024,9,3,0,cfbd
Angelo State,2025,6,5,0,cfbd
Angelo State,2026,0,0,0,cfbd
Anna Maria College,2014,0,0,0,cfbd
Anna Maria College,2015,0,0,0,cfbd
Anna Maria College,2016,0,0,0,cfbd
Anna Maria College,2017,0,0,0,cfbd
Anna Maria College,2018,0,0,0,cfbd
Anna Maria College,2019,0,0,0,cfbd
Anna Maria College,2020,0,0,0,cfbd
Anna Maria College,2021,0,0,0,cfbd
Anna Maria College,2022,5,4,0,cfbd
Anna Maria College,2023,5,4,0,cfbd
Anna Maria College,2024,4,4,0,cfbd
Anna Maria College,2025,7,3,0,cfbd
App State,1936,0,0,0,cfbd
App State,1937,0,0,0,cfbd
App State,1938,0,0,0,cfbd
App State,1939,0,0,0,cfbd
App State,1940,0,1,0,cfbd
App State,1941,0,0,0,cfbd
App State,1942,0,0,0,cfbd
App State,1945,0,0,0,cfbd
App State,1946,0,0,0,cfbd
App State,1947,0,0,0,cfbd
App State,1948,0,0,0,cfbd
App State,1949,0,0,0,cfbd
App State,1950,0,0,0,cfbd
App State,1951,0,0,0,cfbd
App State,1952,0,0,0,cfbd
App State,1953,0,0,0,cfbd
App State,1954,0,0,0,cfbd
App State,1955,0,0,0,cfbd
App State,1956,0,0,0,cfbd
App State,1957,0,0,0,cfbd
App State,1958,0,0,0,cfbd
App State,1959,0,0,0,cfbd
App State,1960,0,0,0,cfbd
App State,1961,0,0,0,cfbd
App State,1962,0,0,0,cfbd
App State,1963,0,0,0,cfbd
App State,1964,0,0,0,cfbd
App State,1965,0,0,0,cfbd
App State,1966,0,0,0,cfbd
App State,1967,0,0,0,cfbd
App State,1968,0,0,0,cfbd
App State,1969,0,0,0,cfbd
App State,1970,0,0,0,cfbd
App State,1971,1,0,1,cfbd
App State,1972,5,5,1,cfbd
App State,1973,3,7,1,cfbd
App State,1974,6,5,0,cfbd
App State,1975,8,3,0,cfbd
App State,1976,6,4,1,cfbd
App State,1977,2,9,0,cfbd
App State,1978,7,4,0,cfbd
App State,1979,3,8,0,cfbd
App State,1980,6,4,1,cfbd
App State,1981,3,7,1,cfbd
App State,1982,0,2,0,cfbd
App State,1983,1,1,0,cfbd
App State,1984,0,2,0,cfbd
App State,1985,0,2,0,cfbd
App State,1986,0,1,0,cfbd
App State,1987,0,2,0,cfbd
App State,1988,0,1,1,cfbd
App State,1989,1,0,0,cfbd
App State,1990,0,3,0,cfbd
App State,1991,1,1,0,cfbd
App State,1992,0,2,0,cfbd
App State,1993,0,1,0,cfbd
App State,1994,0,1,0,cfbd
App State,1995,1,0,0,cfbd
App State,1996,0,1,0,cfbd
App State,1997,0,1,0,cfbd
App State,1998,1,0,0,cfbd
App State,1999,0,1,0,cfbd
App State,2000,1,0,0,cfbd
App State,2001,0,1,0,cfbd
App State,2002,0,1,0,cfbd
App State,2003,7,4,0,cfbd
App State,2004,6,5,0,cfbd
App State,2005,10,3,0,cfbd
App State,2006,12,1,0,cfbd
App State,2007,11,2,0,cfbd
App State,2008,11,3,0,cfbd
App State,2009,11,2,0,cfbd
App State,2010,10,2,0,cfbd
App State,2011,8,4,0,cfbd
App State,2012,8,4,0,cfbd
App State,2013,4,8,0,cfbd
App State,2014,7,5,0,cfbd
App State,2015,11,2,0,cfbd
App State,2016,10,3,0,cfbd
App State,2017,9,4,0,cfbd
App State,2018,11,2,0,cfbd
App State,2019,13,1,0,cfbd
App State,2020,9,3,0,cfbd
App State,2021,10,4,0,cfbd
App State,2022,6,6,0,cfbd
App State,2023,9,5,0,cfbd
App State,2024,5,6,0,cfbd
App State,2025,5,8,0,cfbd
App State,2026,0,0,0,cfbd
Apprentice School,2014,0,0,0,cfbd
Apprentice School,2015,0,0,0,cfbd
Apprentice School,2016,0,0,0,cfbd
Apprentice School,2017,0,0,0,cfbd
Apprentice School,2018,0,0,0,cfbd
Apprentice School,2019,0,0,0,cfbd
Apprentice School,2020,0,0,0,cfbd
Apprentice School,2021,0,0,0,cfbd
Apprentice School,2022,0,1,0,cfbd
Apprentice School,2023,1,3,0,cfbd
Apprentice School,2024,2,2,0,cfbd
Apprentice School,2025,0,3,0,cfbd
Apprentice School,2026,0,0,0,cfbd
Arizona,1936,5,2,3,cfbd
Arizona,1937,8,2,0,cfbd
Arizona,1938,3,6,0,cfbd
Arizona,1939,6,4,0,cfbd
Arizona,1940,7,2,0,cfbd
Arizona,1941,7,3,0,cfbd
Arizona,1942,6,4,0,cfbd
Arizona,1945,0,0,0,cfbd
Arizona,1946,4,4,2,cfbd
Arizona,1947,5,4,1,cfbd
Arizona,1948,6,5,0,cfbd
Arizona,1949,2,7,1,cfbd
Arizona,1950,4,6,0,cfbd
Arizona,1951,6,5,0,cfbd
Arizona,1952,6,4,0,cfbd
Arizona,1953,4,5,1,cfbd
Arizona,1954,7,3,0,cfbd
Arizona,1955,5,4,1,cfbd
Arizona,1956,4,6,0,cfbd
Arizona,1957,1,8,1,cfbd
Arizona,1958,3,7,0,cfbd
Arizona,1959,4,6,0,cfbd
Arizona,1960,7,3,0,cfbd
Arizona,1961,8,1,1,cfbd
Arizona,1962,5,5,0,cfbd
Arizona,1963,5,5,0,cfbd
Arizona,1964,6,3,1,cfbd
Arizona,1965,3,7,0,cfbd
Arizona,1966,3,7,0,cfbd
Arizona,1967,3,6,1,cfbd
Arizona,1968,8,3,0,cfbd
Arizona,1969,3,7,0,cfbd
Arizona,1970,4,6,0,cfbd
Arizona,1971,5,6,0,cfbd
Arizona,1972,4,7,0,cfbd
Arizona,1973,8,3,0,cfbd
Arizona,1974,9,2,0,cfbd
Arizona,1975,9,2,0,cfbd
Arizona,1976,5,6,0,cfbd
Arizona,1977,5,7,0,cfbd
Arizona,1978,5,6,0,cfbd
Arizona,1979,6,5,1,cfbd
Arizona,1980,5,6,0,cfbd
Arizona,1981,6,5,0,cfbd
Arizona,1982,6,4,1,cfbd
Arizona,1983,7,3,1,cfbd
Arizona,1984,7,4,0,cfbd
Arizona,1985,8,3,1,cfbd
Arizona,1986,9,3,0,cfbd
Arizona,1987,4,4,3,cfbd
Arizona,1988,7,4,0,cfbd
Arizona,1989,8,4,0,cfbd
Arizona,1990,7,5,0,cfbd
Arizona,1991,4,7,0,cfbd
Arizona,1992,6,5,1,cfbd
Arizona,1993,10,2,0,cfbd
Arizona,1994,8,4,0,cfbd
Arizona,1995,6,5,0,cfbd
Arizona,1996,5,6,0,cfbd
Arizona,1997,7,5,0,cfbd
Arizona,1998,12,1,0,cfbd
Arizona,1999,6,6,0,cfbd
Arizona,2000,5,6,0,cfbd
Arizona,2001,5,6,0,cfbd
Arizona,2002,4,8,0,cfbd
Arizona,2003,2,10,0,cfbd
Arizona,2004,3,8,0,cfbd
Arizona,2005,3,8,0,cfbd
Arizona,2006,6,6,0,cfbd
Arizona,2007,5,7,0,cfbd
Arizona,2008,8,5,0,cfbd
Arizona,2009,8,5,0,cfbd
Arizona,2010,7,6,0,cfbd
Arizona,2011,4,8,0,cfbd
Arizona,2012,8,5,0,cfbd
Arizona,2013,8,5,0,cfbd
Arizona,2014,10,4,0,cfbd
Arizona,2015,7,6,0,cfbd
Arizona,2016,3,9,0,cfbd
Arizona,2017,7,6,0,cfbd
Arizona,2018,5,7,0,cfbd
Arizona,2019,4,8,0,cfbd
Arizona,2020,0,5,0,cfbd
Arizona,2021,1,11,0,cfbd
Arizona,2022,5,7,0,cfbd
Arizona,2023,10,3,0,cfbd
Arizona,2024,4,8,0,cfbd
Arizona,2025,9,4,0,cfbd
Arizona,2026,0,0,0,cfbd
Arizona State,1936,4,5,0,cfbd
Arizona State,1937,0,8,1,cfbd
Arizona State,1938,3,6,0,cfbd
Arizona State,1939,8,2,1,cfbd
Arizona State,1940,7,2,2,cfbd
Arizona State,1941,5,5,1,cfbd
Arizona State,1942,2,8,0,cfbd
Arizona State,1946,2,7,2,cfbd
Arizona State,1947,4,7,0,cfbd
Arizona State,1948,5,5,0,cfbd
Arizona State,1949,7,3,0,cfbd
Arizona State,1950,9,2,0,cfbd
Arizona State,1951,6,3,1,cfbd
Arizona State,1952,6,3,0,cfbd
Arizona State,1953,4,5,1,cfbd
Arizona State,1954,5,5,0,cfbd
Arizona State,1955,8,2,1,cfbd
Arizona State,1956,9,1,0,cfbd
Arizona State,1957,10,0,0,cfbd
Arizona State,1958,7,3,0,cfbd
Arizona State,1959,10,1,0,cfbd
Arizona State,1960,7,3,0,cfbd
Arizona State,1961,7,3,0,cfbd
Arizona State,1962,7,2,1,cfbd
Arizona State,1963,8,1,0,cfbd
Arizona State,1964,8,2,0,cfbd
Arizona State,1965,6,4,0,cfbd
Arizona State,1966,5,5,0,cfbd
Arizona State,1967,8,2,0,cfbd
Arizona State,1968,8,2,0,cfbd
Arizona State,1969,8,2,0,cfbd
Arizona State,1970,11,0,0,cfbd
Arizona State,1971,11,1,0,cfbd
Arizona State,1972,10,2,0,cfbd
Arizona State,1973,11,1,0,cfbd
Arizona State,1974,7,5,0,cfbd
Arizona State,1975,12,0,0,cfbd
Arizona State,1976,4,7,0,cfbd
Arizona State,1977,9,3,0,cfbd
Arizona State,1978,9,3,0,cfbd
Arizona State,1979,6,6,0,cfbd
Arizona State,1980,7,4,0,cfbd
Arizona State,1981,9,2,0,cfbd
Arizona State,1982,10,2,0,cfbd
Arizona State,1983,6,4,1,cfbd
Arizona State,1984,5,6,0,cfbd
Arizona State,1985,8,4,0,cfbd
Arizona State,1986,10,1,1,cfbd
Arizona State,1987,7,4,1,cfbd
Arizona State,1988,6,5,0,cfbd
Arizona State,1989,6,4,1,cfbd
Arizona State,1990,4,7,0,cfbd
Arizona State,1991,6,5,0,cfbd
Arizona State,1992,6,5,0,cfbd
Arizona State,1993,6,5,0,cfbd
Arizona State,1994,3,8,0,cfbd
Arizona State,1995,6,5,0,cfbd
Arizona State,1996,11,1,0,cfbd
Arizona State,1997,9,3,0,cfbd
Arizona State,1998,5,6,0,cfbd
Arizona State,1999,6,6,0,cfbd
Arizona State,2000,6,6,0,cfbd
Arizona State,2001,4,7,0,cfbd
Arizona State,2002,8,6,0,cfbd
Arizona State,2003,5,7,0,cfbd
Arizona State,2004,9,3,0,cfbd
Arizona State,2005,7,5,0,cfbd
Arizona State,2006,7,6,0,cfbd
Arizona State,2007,10,3,0,cfbd
Arizona State,2008,5,7,0,cfbd
Arizona State,2009,4,8,0,cfbd
Arizona State,2010,6,6,0,cfbd
Arizona State,2011,6,7,0,cfbd
Arizona State,2012,8,5,0,cfbd
Arizona State,2013,10,4,0,cfbd
Arizona State,2014,10,3,0,cfbd
Arizona State,2015,6,7,0,cfbd
Arizona State,2016,5,7,0,cfbd
Arizona State,2017,7,6,0,cfbd
Arizona State,2018,7,6,0,cfbd
Arizona State,2019,8,5,0,cfbd
Arizona State,2020,2,2,0,cfbd
Arizona State,2021,8,5,0,cfbd
Arizona State,2022,3,9,0,cfbd
Arizona State,2023,3,9,0,cfbd
Arizona State,2024,11,3,0,cfbd
Arizona State,2025,8,5,0,cfbd
Arizona State,2026,0,0,0,cfbd
Arkansas,1935,178,0,21,manual
Arkansas,1936,7,3,0,cfbd
Arkansas,1937,6,2,2,cfbd
Arkansas,1938,2,7,1,cfbd
Arkansas,1939,4,5,1,cfbd
Arkansas,1940,4,6,0,cfbd
Arkansas,1941,3,7,0,cfbd
Arkansas,1942,3,7,0,cfbd
Arkansas,1943,2,7,0,cfbd
Arkansas,1944,5,5,1,cfbd
Arkansas,1945,3,7,0,cfbd
Arkansas,1946,6,3,2,cfbd
Arkansas,1947,6,4,1,cfbd
Arkansas,1948,5,5,0,cfbd
Arkansas,1949,5,5,0,cfbd
Arkansas,1950,2,8,0,cfbd
Arkansas,1951,5,5,0,cfbd
Arkansas,1952,2,8,0,cfbd
Arkansas,1953,3,7,0,cfbd
Arkansas,1954,8,3,0,cfbd
Arkansas,1955,5,4,1,cfbd
Arkansas,1956,6,4,0,cfbd
Arkansas,1957,6,4,0,cfbd
Arkansas,1958,4,6,0,cfbd
Arkansas,1959,9,2,0,cfbd
Arkansas,1960,8,3,0,cfbd
Arkansas,1961,8,3,0,cfbd
Arkansas,1962,9,2,0,cfbd
Arkansas,1963,5,5,0,cfbd
Arkansas,1964,11,0,0,cfbd
Arkansas,1965,10,1,0,cfbd
Arkansas,1966,8,2,0,cfbd
Arkansas,1967,4,5,1,cfbd
Arkansas,1968,10,1,0,cfbd
Arkansas,1969,9,2,0,cfbd
Arkansas,1970,9,2,0,cfbd
Arkansas,1971,8,3,1,cfbd
Arkansas,1972,6,5,0,cfbd
Arkansas,1973,5,5,1,cfbd
Arkansas,1974,6,4,1,cfbd
Arkansas,1975,10,2,0,cfbd
Arkansas,1976,5,5,1,cfbd
Arkansas,1977,11,1,0,cfbd
Arkansas,1978,9,2,1,cfbd
Arkansas,1979,10,2,0,cfbd
Arkansas,1980,7,5,0,cfbd
Arkansas,1981,8,4,0,cfbd
Arkansas,1982,9,2,1,cfbd
Arkansas,1983,6,5,0,cfbd
Arkansas,1984,7,4,1,cfbd
Arkansas,1985,10,2,0,cfbd
Arkansas,1986,9,3,0,cfbd
Arkansas,1987,9,4,0,cfbd
Arkansas,1988,10,2,0,cfbd
Arkansas,1989,10,2,0,cfbd
Arkansas,1990,3,8,0,cfbd
Arkansas,1991,6,6,0,cfbd
Arkansas,1992,3,7,1,cfbd
Arkansas,1993,5,5,1,cfbd
Arkansas,1994,4,7,0,cfbd
Arkansas,1995,8,5,0,cfbd
Arkansas,1996,4,7,0,cfbd
Arkansas,1997,4,7,0,cfbd
Arkansas,1998,9,3,0,cfbd
Arkansas,1999,8,4,0,cfbd
Arkansas,2000,6,6,0,cfbd
Arkansas,2001,7,5,0,cfbd
Arkansas,2002,9,5,0,cfbd
Arkansas,2003,9,4,0,cfbd
Arkansas,2004,5,6,0,cfbd
Arkansas,2005,4,7,0,cfbd
Arkansas,2006,10,4,0,cfbd
Arkansas,2007,8,5,0,cfbd
Arkansas,2008,5,7,0,cfbd
Arkansas,2009,8,5,0,cfbd
Arkansas,2010,10,3,0,cfbd
Arkansas,2011,11,2,0,cfbd
Arkansas,2012,4,8,0,cfbd
Arkansas,2013,3,9,0,cfbd
Arkansas,2014,7,6,0,cfbd
Arkansas,2015,8,5,0,cfbd
Arkansas,2016,7,6,0,cfbd
Arkansas,2017,4,8,0,cfbd
Arkansas,2018,2,10,0,cfbd
Arkansas,2019,2,10,0,cfbd
Arkansas,2020,3,7,0,cfbd
Arkansas,2021,9,4,0,cfbd
Arkansas,2022,7,6,0,cfbd
Arkansas,2023,4,8,0,cfbd
Arkansas,2024,7,6,0,cfbd
Arkansas,2025,2,10,0,cfbd
Arkansas,2026,0,0,0,cfbd
Arkansas Monticello,2014,0,0,0,cfbd
Arkansas Monticello,2015,0,0,0,cfbd
Arkansas Monticello,2016,0,0,0,cfbd
Arkansas Monticello,2017,0,0,0,cfbd
Arkansas Monticello,2018,0,0,0,cfbd
Arkansas Monticello,2019,0,0,0,cfbd
Arkansas Monticello,2020,0,0,0,cfbd
Arkansas Monticello,2021,5,6,0,cfbd
Arkansas Monticello,2022,3,8,0,cfbd
Arkansas Monticello,2023,2,9,0,cfbd
Arkansas Monticello,2024,4,7,0,cfbd
Arkansas Monticello,2025,2,9,0,cfbd
Arkansas Monticello,2026,0,0,0,cfbd
Arkansas State,1936,0,0,0,cfbd
Arkansas State,1937,0,0,0,cfbd
Arkansas State,1938,0,0,0,cfbd
Arkansas State,1939,0,0,0,cfbd
Arkansas State,1940,0,0,0,cfbd
Arkansas State,1941,0,0,0,cfbd
Arkansas State,1945,0,0,0,cfbd
Arkansas State,1946,0,0,0,cfbd
Arkansas State,1947,0,0,0,cfbd
Arkansas State,1948,0,1,0,cfbd
Arkansas State,1949,0,0,0,cfbd
Arkansas State,1950,0,1,0,cfbd
Arkansas State,1951,0,2,0,cfbd
Arkansas State,1952,0,1,0,cfbd
Arkansas State,1953,3,0,1,cfbd
Arkansas State,1954,1,1,0,cfbd
Arkansas State,1955,0,0,0,cfbd
Arkansas State,1956,0,1,0,cfbd
Arkansas State,1957,0,1,0,cfbd
Arkansas State,1958,0,2,0,cfbd
Arkansas State,1959,0,1,0,cfbd
Arkansas State,1960,0,2,0,cfbd
Arkansas State,1961,0,2,0,cfbd
Arkansas State,1962,1,0,0,cfbd
Arkansas State,1963,0,2,0,cfbd
Arkansas State,1964,0,0,0,cfbd
Arkansas State,1965,1,0,0,cfbd
Arkansas State,1966,0,0,0,cfbd
Arkansas State,1967,1,1,0,cfbd
Arkansas State,1968,0,1,0,cfbd
Arkansas State,1969,0,1,0,cfbd
Arkansas State,1970,2,0,0,cfbd
Arkansas State,1971,2,0,0,cfbd
Arkansas State,1972,0,3,0,cfbd
Arkansas State,1973,3,2,0,cfbd
Arkansas State,1974,7,3,0,cfbd
Arkansas State,1975,11,0,0,cfbd
Arkansas State,1976,5,6,0,cfbd
Arkansas State,1977,7,4,0,cfbd
Arkansas State,1978,7,4,0,cfbd
Arkansas State,1979,4,7,0,cfbd
Arkansas State,1980,2,9,0,cfbd
Arkansas State,1981,6,5,0,cfbd
Arkansas State,1982,2,3,0,cfbd
Arkansas State,1983,0,2,1,cfbd
Arkansas State,1984,1,2,0,cfbd
Arkansas State,1985,1,2,0,cfbd
Arkansas State,1986,1,1,1,cfbd
Arkansas State,1987,0,1,1,cfbd
Arkansas State,1988,3,2,0,cfbd
Arkansas State,1989,1,3,0,cfbd
Arkansas State,1990,3,7,1,cfbd
Arkansas State,1991,1,10,0,cfbd
Arkansas State,1992,2,9,0,cfbd
Arkansas State,1993,2,8,1,cfbd
Arkansas State,1994,1,10,0,cfbd
Arkansas State,1995,6,5,0,cfbd
Arkansas State,1996,4,7,0,cfbd
Arkansas State,1997,2,9,0,cfbd
Arkansas State,1998,4,8,0,cfbd
Arkansas State,1999,4,7,0,cfbd
Arkansas State,2000,1,10,0,cfbd
Arkansas State,2001,2,9,0,cfbd
Arkansas State,2002,6,7,0,cfbd
Arkansas State,2003,5,7,0,cfbd
Arkansas State,2004,3,8,0,cfbd
Arkansas State,2005,6,6,0,cfbd
Arkansas State,2006,6,6,0,cfbd
Arkansas State,2007,5,7,0,cfbd
Arkansas State,2008,6,6,0,cfbd
Arkansas State,2009,4,8,0,cfbd
Arkansas State,2010,4,8,0,cfbd
Arkansas State,2011,10,3,0,cfbd
Arkansas State,2012,10,3,0,cfbd
Arkansas State,2013,8,5,0,cfbd
Arkansas State,2014,7,6,0,cfbd
Arkansas State,2015,9,4,0,cfbd
Arkansas State,2016,8,5,0,cfbd
Arkansas State,2017,7,5,0,cfbd
Arkansas State,2018,8,5,0,cfbd
Arkansas State,2019,8,5,0,cfbd
Arkansas State,2020,4,7,0,cfbd
Arkansas State,2021,2,10,0,cfbd
Arkansas State,2022,3,9,0,cfbd
Arkansas State,2023,6,7,0,cfbd
Arkansas State,2024,8,5,0,cfbd
Arkansas State,2025,7,6,0,cfbd
Arkansas State,2026,0,0,0,cfbd
Arkansas Tech,2014,0,1,0,cfbd
Arkansas Tech,2015,0,0,0,cfbd
Arkansas Tech,2016,0,0,0,cfbd
Arkansas Tech,2017,0,0,0,cfbd
Arkansas Tech,2018,0,0,0,cfbd
Arkansas Tech,2019,0,0,0,cfbd
Arkansas Tech,2020,0,0,0,cfbd
Arkansas Tech,2021,4,7,0,cfbd
Arkansas Tech,2022,5,6,0,cfbd
Arkansas Tech,2023,5,6,0,cfbd
Arkansas Tech,2024,5,6,0,cfbd
Arkansas Tech,2025,7,5,0,cfbd
Arkansas Tech,2026,0,0,0,cfbd
Arkansas-Pine Bluff,1936,0,0,0,cfbd
Arkansas-Pine Bluff,1937,0,0,0,cfbd
Arkansas-Pine Bluff,1938,0,0,0,cfbd
Arkansas-Pine Bluff,1939,0,0,0,cfbd
Arkansas-Pine Bluff,1940,0,0,0,cfbd
Arkansas-Pine Bluff,1941,0,0,0,cfbd
Arkansas-Pine Bluff,1942,0,0,0,cfbd
Arkansas-Pine Bluff,1943,0,0,0,cfbd
Arkansas-Pine Bluff,1944,0,0,0,cfbd
Arkansas-Pine Bluff,1945,0,0,0,cfbd
Arkansas-Pine Bluff,1946,0,0,0,cfbd
Arkansas-Pine Bluff,1947,0,0,0,cfbd
Arkansas-Pine Bluff,1948,0,0,0,cfbd
Arkansas-Pine Bluff,1949,0,0,0,cfbd
Arkansas-Pine Bluff,1950,0,0,0,cfbd
Arkansas-Pine Bluff,1951,0,0,0,cfbd
Arkansas-Pine Bluff,1952,0,0,0,cfbd
Arkansas-Pine Bluff,1953,0,0,0,cfbd
Arkansas-Pine Bluff,1954,0,0,0,cfbd
Arkansas-Pine Bluff,1955,0,0,0,cfbd
Arkansas-Pine Bluff,1956,0,0,0,cfbd
Arkansas-Pine Bluff,1957,0,0,0,cfbd
Arkansas-Pine Bluff,1958,0,0,0,cfbd
Arkansas-Pine Bluff,1959,0,0,0,cfbd
Arkansas-Pine Bluff,1960,0,0,0,cfbd
Arkansas-Pine Bluff,1961,0,0,0,cfbd
Arkansas-Pine Bluff,1962,0,0,0,cfbd
Arkansas-Pine Bluff,1963,0,0,0,cfbd
Arkansas-Pine Bluff,1964,0,0,0,cfbd
Arkansas-Pine Bluff,1965,0,0,0,cfbd
Arkansas-Pine Bluff,1966,0,0,0,cfbd
Arkansas-Pine Bluff,1967,0,0,0,cfbd
Arkansas-Pine Bluff,1968,0,0,0,cfbd
Arkansas-Pine Bluff,1969,0,0,0,cfbd
Arkansas-Pine Bluff,1970,0,0,0,cfbd
Arkansas-Pine Bluff,1971,0,0,0,cfbd
Arkansas-Pine Bluff,1972,0,0,0,cfbd
Arkansas-Pine Bluff,1973,0,0,0,cfbd
Arkansas-Pine Bluff,1974,0,0,0,cfbd
Arkansas-Pine Bluff,1975,0,0,0,cfbd
Arkansas-Pine Bluff,1976,0,0,0,cfbd
Arkansas-Pine Bluff,1977,1,2,0,cfbd
Arkansas-Pine Bluff,1978,0,0,0,cfbd
Arkansas-Pine Bluff,1979,0,0,0,cfbd
Arkansas-Pine Bluff,1980,0,0,0,cfbd
Arkansas-Pine Bluff,1981,0,0,0,cfbd
Arkansas-Pine Bluff,1982,0,0,0,cfbd
Arkansas-Pine Bluff,1998,0,0,0,cfbd
Arkansas-Pine Bluff,1999,0,0,0,cfbd
Arkansas-Pine Bluff,2000,0,0,0,cfbd
Arkansas-Pine Bluff,2001,0,0,0,cfbd
Arkansas-Pine Bluff,2002,0,0,0,cfbd
Arkansas-Pine Bluff,2003,0,0,0,cfbd
Arkansas-Pine Bluff,2004,0,1,0,cfbd
Arkansas-Pine Bluff,2005,0,0,0,cfbd
Arkansas-Pine Bluff,2006,0,1,0,cfbd
Arkansas-Pine Bluff,2007,4,7,0,cfbd
Arkansas-Pine Bluff,2008,3,9,0,cfbd
Arkansas-Pine Bluff,2009,5,5,0,cfbd
Arkansas-Pine Bluff,2010,5,5,0,cfbd
Arkansas-Pine Bluff,2011,6,5,0,cfbd
Arkansas-Pine Bluff,2012,9,2,0,cfbd
Arkansas-Pine Bluff,2013,2,9,0,cfbd
Arkansas-Pine Bluff,2014,4,7,0,cfbd
Arkansas-Pine Bluff,2015,2,8,0,cfbd
Arkansas-Pine Bluff,2016,1,10,0,cfbd
Arkansas-Pine Bluff,2017,2,9,0,cfbd
Arkansas-Pine Bluff,2018,2,8,0,cfbd
Arkansas-Pine Bluff,2019,6,5,0,cfbd
Arkansas-Pine Bluff,2020,4,1,0,cfbd
Arkansas-Pine Bluff,2021,2,9,0,cfbd
Arkansas-Pine Bluff,2022,3,8,0,cfbd
Arkansas-Pine Bluff,2023,2,9,0,cfbd
Arkansas-Pine Bluff,2024,3,9,0,cfbd
Arkansas-Pine Bluff,2025,3,8,0,cfbd
Arkansas-Pine Bluff,2026,0,0,0,cfbd
Army,1935,247,85,28,manual
Army,1936,6,3,0,cfbd
Army,1937,7,2,0,cfbd
Army,1938,8,2,0,cfbd
Army,1939,3,4,2,cfbd
Army,1940,1,7,1,cfbd
Army,1941,5,3,1,cfbd
Army,1942,6,3,0,cfbd
Army,1943,7,2,1,cfbd
Army,1944,9,0,0,cfbd
Army,1945,9,0,0,cfbd
Army,1946,9,0,1,cfbd
Army,1947,5,2,2,cfbd
Army,1948,8,0,1,cfbd
Army,1949,9,0,0,cfbd
Army,1950,8,1,0,cfbd
Army,1951,2,7,0,cfbd
Army,1952,4,4,1,cfbd
Army,1953,7,1,1,cfbd
Army,1954,7,2,0,cfbd
Army,1955,6,3,0,cfbd
Army,1956,5,3,1,cfbd
Army,1957,7,2,0,cfbd
Army,1958,8,0,1,cfbd
Army,1959,4,4,1,cfbd
Army,1960,6,3,1,cfbd
Army,1961,6,4,0,cfbd
Army,1962,6,4,0,cfbd
Army,1963,7,3,0,cfbd
Army,1964,4,6,0,cfbd
Army,1965,4,5,1,cfbd
Army,1966,8,2,0,cfbd
Army,1967,8,2,0,cfbd
Army,1968,7,3,0,cfbd
Army,1969,4,5,1,cfbd
Army,1970,1,9,1,cfbd
Army,1971,6,4,0,cfbd
Army,1972,6,4,0,cfbd
Army,1973,0,10,0,cfbd
Army,1974,3,8,0,cfbd
Army,1975,2,9,0,cfbd
Army,1976,5,6,0,cfbd
Army,1977,7,4,0,cfbd
Army,1978,4,6,1,cfbd
Army,1979,2,8,1,cfbd
Army,1980,3,7,1,cfbd
Army,1981,3,7,1,cfbd
Army,1982,4,7,0,cfbd
Army,1983,2,9,0,cfbd
Army,1984,8,3,1,cfbd
Army,1985,9,3,0,cfbd
Army,1986,6,5,0,cfbd
Army,1987,5,6,0,cfbd
Army,1988,9,3,0,cfbd
Army,1989,6,5,0,cfbd
Army,1990,6,5,0,cfbd
Army,1991,4,7,0,cfbd
Army,1992,5,6,0,cfbd
Army,1993,6,5,0,cfbd
Army,1994,4,7,0,cfbd
Army,1995,5,5,1,cfbd
Army,1996,10,2,0,cfbd
Army,1997,4,7,0,cfbd
Army,1998,3,8,0,cfbd
Army,1999,3,8,0,cfbd
Army,2000,1,10,0,cfbd
Army,2001,3,8,0,cfbd
Army,2002,1,11,0,cfbd
Army,2003,0,13,0,cfbd
Army,2004,2,9,0,cfbd
Army,2005,4,7,0,cfbd
Army,2006,3,9,0,cfbd
Army,2007,3,9,0,cfbd
Army,2008,3,9,0,cfbd
Army,2009,5,7,0,cfbd
Army,2010,7,6,0,cfbd
Army,2011,3,9,0,cfbd
Army,2012,2,10,0,cfbd
Army,2013,3,9,0,cfbd
Army,2014,4,8,0,cfbd
Army,2015,2,10,0,cfbd
Army,2016,8,5,0,cfbd
Army,2017,10,3,0,cfbd
Army,2018,11,2,0,cfbd
Army,2019,5,8,0,cfbd
Army,2020,9,3,0,cfbd
Army,2021,9,4,0,cfbd
Army,2022,6,6,0,cfbd
Army,2023,6,6,0,cfbd
Army,2024,12,2,0,cfbd
Army,2025,7,6,0,cfbd
Army,2026,0,0,0,cfbd
Ashland,2014,0,0,0,cfbd
Ashland,2015,0,0,0,cfbd
Ashland,2016,0,0,0,cfbd
Ashland,2017,0,0,0,cfbd
Ashland,2018,0,0,0,cfbd
Ashland,2019,0,0,0,cfbd
Ashland,2020,0,0,0,cfbd
Ashland,2021,5,5,0,cfbd
Ashland,2022,10,2,0,cfbd
Ashland,2023,8,3,0,cfbd
Ashland,2024,9,4,0,cfbd
Ashland,2025,10,3,0,cfbd
Ashland,2026,0,0,0,cfbd
Assumption,2014,0,1,0,cfbd
Assumption,2015,0,0,0,cfbd
Assumption,2016,0,0,0,cfbd
Assumption,2017,0,0,0,cfbd
Assumption,2018,0,0,0,cfbd
Assumption,2019,0,0,0,cfbd
Assumption,2020,0,0,0,cfbd
Assumption,2021,5,5,0,cfbd
Assumption,2022,7,3,0,cfbd
Assumption,2023,5,5,0,cfbd
Assumption,2024,6,4,0,cfbd
Assumption,2025,9,3,0,cfbd
Assumption,2026,0,0,0,cfbd
Auburn,1935,181,86,20,manual
Auburn,1936,7,2,2,cfbd
Auburn,1937,6,2,3,cfbd
Auburn,1938,4,5,1,cfbd
Auburn,1939,5,5,1,cfbd
Auburn,1940,6,4,1,cfbd
Auburn,1941,4,5,1,cfbd
Auburn,1942,6,4,1,cfbd
Auburn,1944,4,4,0,cfbd
Auburn,1945,5,5,0,cfbd
Auburn,1946,4,6,0,cfbd
Auburn,1947,2,7,0,cfbd
Auburn,1948,1,8,1,cfbd
Auburn,1949,2,4,3,cfbd
Auburn,1950,0,10,0,cfbd
Auburn,1951,5,5,0,cfbd
Auburn,1952,2,8,0,cfbd
Auburn,1953,7,3,1,cfbd
Auburn,1954,8,3,0,cfbd
Auburn,1955,8,2,1,cfbd
Auburn,1956,7,3,0,cfbd
Auburn,1957,10,0,0,cfbd
Auburn,1958,9,0,1,cfbd
Auburn,1959,7,3,0,cfbd
Auburn,1960,8,2,0,cfbd
Auburn,1961,6,4,0,cfbd
Auburn,1962,6,3,1,cfbd
Auburn,1963,9,2,0,cfbd
Auburn,1964,6,4,0,cfbd
Auburn,1965,5,5,1,cfbd
Auburn,1966,4,6,0,cfbd
Auburn,1967,6,4,0,cfbd
Auburn,1968,7,4,0,cfbd
Auburn,1969,8,3,0,cfbd
Auburn,1970,9,2,0,cfbd
Auburn,1971,9,2,0,cfbd
Auburn,1972,10,1,0,cfbd
Auburn,1973,6,6,0,cfbd
Auburn,1974,10,2,0,cfbd
Auburn,1975,3,6,2,cfbd
Auburn,1976,3,8,0,cfbd
Auburn,1977,5,6,0,cfbd
Auburn,1978,6,4,1,cfbd
Auburn,1979,8,3,0,cfbd
Auburn,1980,5,6,0,cfbd
Auburn,1981,5,6,0,cfbd
Auburn,1982,9,3,0,cfbd
Auburn,1983,11,1,0,cfbd
Auburn,1984,9,4,0,cfbd
Auburn,1985,8,4,0,cfbd
Auburn,1986,10,2,0,cfbd
Auburn,1987,9,1,2,cfbd
Auburn,1988,10,2,0,cfbd
Auburn,1989,10,2,0,cfbd
Auburn,1990,8,3,1,cfbd
Auburn,1991,5,6,0,cfbd
Auburn,1992,5,5,1,cfbd
Auburn,1993,11,0,0,cfbd
Auburn,1994,9,1,1,cfbd
Auburn,1995,8,4,0,cfbd
Auburn,1996,8,4,0,cfbd
Auburn,1997,10,3,0,cfbd
Auburn,1998,3,8,0,cfbd
Auburn,1999,5,6,0,cfbd
Auburn,2000,9,4,0,cfbd
Auburn,2001,7,5,0,cfbd
Auburn,2002,9,4,0,cfbd
Auburn,2003,8,5,0,cfbd
Auburn,2004,13,0,0,cfbd
Auburn,2005,9,3,0,cfbd
Auburn,2006,11,2,0,cfbd
Auburn,2007,9,4,0,cfbd
Auburn,2008,5,7,0,cfbd
Auburn,2009,8,5,0,cfbd
Auburn,2010,14,0,0,cfbd
Auburn,2011,8,5,0,cfbd
Auburn,2012,3,9,0,cfbd
Auburn,2013,12,2,0,cfbd
Auburn,2014,8,5,0,cfbd
Auburn,2015,7,6,0,cfbd
Auburn,2016,8,5,0,cfbd
Auburn,2017,10,4,0,cfbd
Auburn,2018,8,5,0,cfbd
Auburn,2019,9,4,0,cfbd
Auburn,2020,6,5,0,cfbd
Auburn,2021,6,7,0,cfbd
Auburn,2022,5,7,0,cfbd
Auburn,2023,6,7,0,cfbd
Auburn,2024,5,7,0,cfbd
Auburn,2025,5,7,0,cfbd
Auburn,2026,0,0,0,cfbd
Augsburg,2014,0,0,0,cfbd
Augsburg,2015,0,0,0,cfbd
Augsburg,2016,0,0,0,cfbd
Augsburg,2017,0,0,0,cfbd
Augsburg,2018,0,0,0,cfbd
Augsburg,2019,0,0,0,cfbd
Augsburg,2020,1,0,0,cfbd
Augsburg,2021,0,0,0,cfbd
Augsburg,2022,6,3,0,cfbd
Augsburg,2023,6,4,0,cfbd
Augsburg,2024,4,6,0,cfbd
Augsburg,2025,4,6,0,cfbd
Augsburg,2026,0,0,0,cfbd
Augustana (IL),2014,0,0,0,cfbd
Augustana (IL),2015,0,0,0,cfbd
Augustana (IL),2016,0,0,0,cfbd
Augustana (IL),2017,0,0,0,cfbd
Augustana (IL),2018,0,0,0,cfbd
Augustana (IL),2019,0,0,0,cfbd
Augustana (IL),2020,1,2,0,cfbd
Augustana (IL),2021,0,0,0,cfbd
Augustana (IL),2022,5,5,0,cfbd
Augustana (IL),2023,8,2,0,cfbd
Augustana (IL),2024,4,6,0,cfbd
Augustana (IL),2025,7,3,0,cfbd
Augustana (IL),2026,0,0,0,cfbd
Augustana (SD),2014,0,0,0,cfbd
Augustana (SD),2015,0,0,0,cfbd
Augustana (SD),2016,0,0,0,cfbd
Augustana (SD),2017,0,0,0,cfbd
Augustana (SD),2018,0,0,0,cfbd
Augustana (SD),2019,0,0,0,cfbd
Augustana (SD),2020,0,0,0,cfbd
Augustana (SD),2021,9,3,0,cfbd
Augustana (SD),2022,7,4,0,cfbd
Augustana (SD),2023,11,2,0,cfbd
Augustana (SD),2024,8,4,0,cfbd
Augustana (SD),2025,9,2,0,cfbd
Augustana (SD),2026,0,0,0,cfbd
Aurora,2014,0,0,0,cfbd
Aurora,2015,0,0,0,cfbd
Aurora,2016,0,0,0,cfbd
Aurora,2017,0,0,0,cfbd
Aurora,2018,0,0,0,cfbd
Aurora,2019,0,0,0,cfbd
Aurora,2020,3,0,0,cfbd
Aurora,2021,0,0,0,cfbd
Aurora,2022,11,2,0,cfbd
Aurora,2023,11,1,0,cfbd
Aurora,2024,9,2,0,cfbd
Aurora,2025,8,3,0,cfbd
Aurora,2026,0,0,0,cfbd
Austin,2014,0,0,0,cfbd
Austin,2015,0,0,0,cfbd
Austin,2016,0,0,0,cfbd
Austin,2017,0,0,0,cfbd
Austin,2018,0,0,0,cfbd
Austin,2019,0,0,0,cfbd
Austin,2020,1,3,0,cfbd
Austin,2021,0,0,0,cfbd
Austin,2022,1,9,0,cfbd
Austin,2023,1,9,0,cfbd
Austin,2024,2,8,0,cfbd
Austin,2025,3,6,0,cfbd
Austin,2026,0,0,0,cfbd
Austin Peay,1936,0,0,0,cfbd
Austin Peay,1937,0,0,0,cfbd
Austin Peay,1938,0,0,0,cfbd
Austin Peay,1939,0,0,0,cfbd
Austin Peay,1940,0,0,0,cfbd
Austin Peay,1941,0,0,0,cfbd
Austin Peay,1946,0,0,0,cfbd
Austin Peay,1947,0,0,0,cfbd
Austin Peay,1948,0,0,0,cfbd
Austin Peay,1949,0,0,0,cfbd
Austin Peay,1950,0,0,0,cfbd
Austin Peay,1951,0,0,0,cfbd
Austin Peay,1952,0,0,0,cfbd
Austin Peay,1953,0,0,0,cfbd
Austin Peay,1954,0,0,0,cfbd
Austin Peay,1955,0,0,0,cfbd
Austin Peay,1956,0,0,0,cfbd
Austin Peay,1957,0,0,0,cfbd
Austin Peay,1958,0,0,0,cfbd
Austin Peay,1959,0,0,0,cfbd
Austin Peay,1960,0,0,0,cfbd
Austin Peay,1961,0,0,0,cfbd
Austin Peay,1962,0,0,0,cfbd
Austin Peay,1963,0,0,0,cfbd
Austin Peay,1964,0,0,0,cfbd
Austin Peay,1965,0,0,0,cfbd
Austin Peay,1966,0,0,0,cfbd
Austin Peay,1967,0,0,0,cfbd
Austin Peay,1968,0,0,0,cfbd
Austin Peay,1969,0,0,0,cfbd
Austin Peay,1970,0,0,0,cfbd
Austin Peay,1971,0,0,0,cfbd
Austin Peay,1972,0,0,0,cfbd
Austin Peay,1973,0,0,0,cfbd
Austin Peay,1974,0,0,0,cfbd
Austin Peay,1975,0,0,0,cfbd
Austin Peay,1976,0,0,0,cfbd
Austin Peay,1977,0,0,0,cfbd
Austin Peay,1978,0,0,0,cfbd
Austin Peay,1979,0,0,0,cfbd
Austin Peay,1980,0,1,0,cfbd
Austin Peay,1981,0,0,0,cfbd
Austin Peay,1982,0,0,0,cfbd
Austin Peay,1983,0,0,0,cfbd
Austin Peay,1984,0,0,0,cfbd
Austin Peay,1985,0,1,0,cfbd
Austin Peay,1986,0,0,0,cfbd
Austin Peay,1987,1,1,0,cfbd
Austin Peay,1988,0,2,0,cfbd
Austin Peay,1989,0,0,0,cfbd
Austin Peay,1990,0,1,0,cfbd
Austin Peay,1991,0,0,0,cfbd
Austin Peay,1992,0,0,0,cfbd
Austin Peay,1993,0,1,0,cfbd
Austin Peay,1994,0,0,0,cfbd
Austin Peay,1995,0,0,0,cfbd
Austin Peay,1996,0,1,0,cfbd
Austin Peay,1997,0,0,0,cfbd
Austin Peay,1998,0,0,0,cfbd
Austin Peay,1999,0,0,0,cfbd
Austin Peay,2000,0,1,0,cfbd
Austin Peay,2001,0,0,0,cfbd
Austin Peay,2002,0,1,0,cfbd
Austin Peay,2003,0,2,0,cfbd
Austin Peay,2004,0,1,0,cfbd
Austin Peay,2005,2,9,0,cfbd
Austin Peay,2006,3,8,0,cfbd
Austin Peay,2007,7,3,0,cfbd
Austin Peay,2008,2,9,0,cfbd
Austin Peay,2009,3,5,0,cfbd
Austin Peay,2010,1,9,0,cfbd
Austin Peay,2011,3,8,0,cfbd
Austin Peay,2012,2,9,0,cfbd
Austin Peay,2013,0,4,0,cfbd
Austin Peay,2014,1,11,0,cfbd
Austin Peay,2015,0,11,0,cfbd
Austin Peay,2016,0,11,0,cfbd
Austin Peay,2017,8,4,0,cfbd
Austin Peay,2018,5,6,0,cfbd
Austin Peay,2019,11,4,0,cfbd
Austin Peay,2020,4,5,0,cfbd
Austin Peay,2021,6,5,0,cfbd
Austin Peay,2022,7,4,0,cfbd
Austin Peay,2023,9,3,0,cfbd
Austin Peay,2024,4,8,0,cfbd
Austin Peay,2025,7,5,0,cfbd
Austin Peay,2026,1,0,0,cfbd
Averett,2014,0,0,0,cfbd
Averett,2015,0,0,0,cfbd
Averett,2016,0,0,0,cfbd
Averett,2017,0,0,0,cfbd
Averett,2018,0,0,0,cfbd
Averett,2019,0,0,0,cfbd
Averett,2020,1,2,0,cfbd
Averett,2021,0,0,0,cfbd
Averett,2022,3,6,0,cfbd
Averett,2023,5,5,0,cfbd
Averett,2024,3,7,0,cfbd
Averett,2025,1,9,0,cfbd
Averett,2026,0,0,0,cfbd
Azusa Pacific,2014,0,0,0,cfbd
Azusa Pacific,2015,0,0,0,cfbd
Azusa Pacific,2016,0,0,0,cfbd
Azusa Pacific,2017,0,0,0,cfbd
Azusa Pacific,2018,0,1,0,cfbd
Azusa Pacific,2019,0,0,0,cfbd
Azusa Pacific,2020,0,0,0,cfbd
Azusa Pacific,2026,0,0,0,cfbd
Baldwin Wallace,2014,0,0,0,cfbd
Baldwin Wallace,2015,0,0,0,cfbd
Baldwin Wallace,2016,0,0,0,cfbd
Baldwin Wallace,2017,0,0,0,cfbd
Baldwin Wallace,2018,0,0,0,cfbd
Baldwin Wallace,2019,0,0,0,cfbd
Baldwin Wallace,2020,0,2,0,cfbd
Baldwin Wallace,2021,0,0,0,cfbd
Baldwin Wallace,2022,7,3,0,cfbd
Baldwin Wallace,2023,6,4,0,cfbd
Baldwin Wallace,2024,7,3,0,cfbd
Baldwin Wallace,2025,8,2,0,cfbd
Baldwin Wallace,2026,0,0,0,cfbd
Ball State,1936,0,0,0,cfbd
Ball State,1937,0,0,0,cfbd
Ball State,1938,0,0,0,cfbd
Ball State,1939,0,0,0,cfbd
Ball State,1940,0,0,0,cfbd
Ball State,1941,0,0,0,cfbd
Ball State,1942,0,0,0,cfbd
Ball State,1944,0,0,0,cfbd
Ball State,1945,0,0,0,cfbd
Ball State,1946,0,0,0,cfbd
Ball State,1947,0,0,0,cfbd
Ball State,1948,0,0,0,cfbd
Ball State,1949,0,0,0,cfbd
Ball State,1950,0,0,0,cfbd
Ball State,1951,0,0,0,cfbd
Ball State,1952,0,0,0,cfbd
Ball State,1953,0,0,0,cfbd
Ball State,1954,0,0,0,cfbd
Ball State,1955,0,0,0,cfbd
Ball State,1956,0,0,0,cfbd
Ball State,1957,0,0,0,cfbd
Ball State,1958,0,0,0,cfbd
Ball State,1959,0,0,0,cfbd
Ball State,1960,0,0,0,cfbd
Ball State,1961,0,0,0,cfbd
Ball State,1962,0,0,0,cfbd
Ball State,1963,0,0,0,cfbd
Ball State,1964,0,0,0,cfbd
Ball State,1965,0,0,0,cfbd
Ball State,1966,0,0,0,cfbd
Ball State,1967,0,0,0,cfbd
Ball State,1968,0,2,0,cfbd
Ball State,1969,1,1,0,cfbd
Ball State,1970,1,1,0,cfbd
Ball State,1971,0,1,1,cfbd
Ball State,1972,1,2,0,cfbd
Ball State,1973,0,3,1,cfbd
Ball State,1974,2,0,0,cfbd
Ball State,1975,9,2,0,cfbd
Ball State,1976,8,3,0,cfbd
Ball State,1977,9,2,0,cfbd
Ball State,1978,10,1,0,cfbd
Ball State,1979,6,5,0,cfbd
Ball State,1980,6,5,0,cfbd
Ball State,1981,4,7,0,cfbd
Ball State,1982,5,6,0,cfbd
Ball State,1983,6,5,0,cfbd
Ball State,1984,3,8,0,cfbd
Ball State,1985,4,7,0,cfbd
Ball State,1986,6,5,0,cfbd
Ball State,1987,4,7,0,cfbd
Ball State,1988,8,3,0,cfbd
Ball State,1989,7,3,2,cfbd
Ball State,1990,7,4,0,cfbd
Ball State,1991,6,5,0,cfbd
Ball State,1992,5,6,0,cfbd
Ball State,1993,8,3,1,cfbd
Ball State,1994,5,5,1,cfbd
Ball State,1995,7,4,0,cfbd
Ball State,1996,8,4,0,cfbd
Ball State,1997,5,6,0,cfbd
Ball State,1998,1,10,0,cfbd
Ball State,1999,0,11,0,cfbd
Ball State,2000,5,6,0,cfbd
Ball State,2001,5,6,0,cfbd
Ball State,2002,6,6,0,cfbd
Ball State,2003,4,8,0,cfbd
Ball State,2004,2,9,0,cfbd
Ball State,2005,4,7,0,cfbd
Ball State,2006,5,7,0,cfbd
Ball State,2007,7,6,0,cfbd
Ball State,2008,12,2,0,cfbd
Ball State,2009,2,10,0,cfbd
Ball State,2010,4,8,0,cfbd
Ball State,2011,6,6,0,cfbd
Ball State,2012,9,4,0,cfbd
Ball State,2013,10,3,0,cfbd
Ball State,2014,5,7,0,cfbd
Ball State,2015,3,9,0,cfbd
Ball State,2016,4,8,0,cfbd
Ball State,2017,2,10,0,cfbd
Ball State,2018,4,8,0,cfbd
Ball State,2019,5,7,0,cfbd
Ball State,2020,7,1,0,cfbd
Ball State,2021,6,7,0,cfbd
Ball State,2022,5,7,0,cfbd
Ball State,2023,4,8,0,cfbd
Ball State,2024,3,9,0,cfbd
Ball State,2025,4,8,0,cfbd
Ball State,2026,0,0,0,cfbd
Barton,2014,0,0,0,cfbd
Barton,2015,0,0,0,cfbd
Barton,2016,0,0,0,cfbd
Barton,2017,0,0,0,cfbd
Barton,2018,0,0,0,cfbd
Barton,2019,0,0,0,cfbd
Barton,2020,0,4,0,cfbd
Barton,2021,6,5,0,cfbd
Barton,2022,4,7,0,cfbd
Barton,2023,6,5,0,cfbd
Barton,2024,3,8,0,cfbd
Barton,2025,3,8,0,cfbd
Barton,2026,0,0,0,cfbd
Bates,2014,0,0,0,cfbd
Bates,2015,0,0,0,cfbd
Bates,2016,0,0,0,cfbd
Bates,2017,0,0,0,cfbd
Bates,2018,0,0,0,cfbd
Bates,2019,0,0,0,cfbd
Bates,2020,0,0,0,cfbd
Bates,2021,0,0,0,cfbd
Bates,2022,3,6,0,cfbd
Bates,2023,0,9,0,cfbd
Bates,2024,2,7,0,cfbd
Bates,2025,2,7,0,cfbd
Bates,2026,0,0,0,cfbd
Baylor,1935,156,79,27,manual
Baylor,1936,6,3,1,cfbd
Baylor,1937,7,3,0,cfbd
Baylor,1938,7,2,1,cfbd
Baylor,1939,7,3,0,cfbd
Baylor,1940,4,6,0,cfbd
Baylor,1941,3,6,1,cfbd
Baylor,1942,6,4,1,cfbd
Baylor,1945,5,5,1,cfbd
Baylor,1946,1,8,0,cfbd
Baylor,1947,5,5,0,cfbd
Baylor,1948,6,3,2,cfbd
Baylor,1949,8,2,0,cfbd
Baylor,1950,7,3,0,cfbd
Baylor,1951,8,2,1,cfbd
Baylor,1952,4,4,2,cfbd
Baylor,1953,7,3,0,cfbd
Baylor,1954,7,4,0,cfbd
Baylor,1955,5,5,0,cfbd
Baylor,1956,9,2,0,cfbd
Baylor,1957,3,6,1,cfbd
Baylor,1958,3,7,0,cfbd
Baylor,1959,4,6,0,cfbd
Baylor,1960,8,3,0,cfbd
Baylor,1961,6,5,0,cfbd
Baylor,1962,4,6,0,cfbd
Baylor,1963,8,3,0,cfbd
Baylor,1964,5,5,0,cfbd
Baylor,1965,5,5,0,cfbd
Baylor,1966,5,5,0,cfbd
Baylor,1967,1,8,1,cfbd
Baylor,1968,3,7,0,cfbd
Baylor,1969,0,10,0,cfbd
Baylor,1970,2,9,0,cfbd
Baylor,1971,1,9,0,cfbd
Baylor,1972,5,6,0,cfbd
Baylor,1973,2,9,0,cfbd
Baylor,1974,8,4,0,cfbd
Baylor,1975,3,6,2,cfbd
Baylor,1976,7,3,1,cfbd
Baylor,1977,5,6,0,cfbd
Baylor,1978,3,8,0,cfbd
Baylor,1979,8,4,0,cfbd
Baylor,1980,10,2,0,cfbd
Baylor,1981,5,6,0,cfbd
Baylor,1982,4,6,1,cfbd
Baylor,1983,7,4,1,cfbd
Baylor,1984,5,6,0,cfbd
Baylor,1985,9,3,0,cfbd
Baylor,1986,9,3,0,cfbd
Baylor,1987,6,5,0,cfbd
Baylor,1988,6,5,0,cfbd
Baylor,1989,5,6,0,cfbd
Baylor,1990,6,4,1,cfbd
Baylor,1991,8,4,0,cfbd
Baylor,1992,7,5,0,cfbd
Baylor,1993,5,6,0,cfbd
Baylor,1994,7,5,0,cfbd
Baylor,1995,7,4,0,cfbd
Baylor,1996,4,7,0,cfbd
Baylor,1997,2,9,0,cfbd
Baylor,1998,2,9,0,cfbd
Baylor,1999,1,10,0,cfbd
Baylor,2000,2,9,0,cfbd
Baylor,2001,3,8,0,cfbd
Baylor,2002,3,9,0,cfbd
Baylor,2003,3,9,0,cfbd
Baylor,2004,3,8,0,cfbd
Baylor,2005,5,6,0,cfbd
Baylor,2006,4,8,0,cfbd
Baylor,2007,3,9,0,cfbd
Baylor,2008,4,8,0,cfbd
Baylor,2009,4,8,0,cfbd
Baylor,2010,7,6,0,cfbd
Baylor,2011,10,3,0,cfbd
Baylor,2012,8,5,0,cfbd
Baylor,2013,11,2,0,cfbd
Baylor,2014,11,2,0,cfbd
Baylor,2015,10,3,0,cfbd
Baylor,2016,7,6,0,cfbd
Baylor,2017,1,11,0,cfbd
Baylor,2018,7,6,0,cfbd
Baylor,2019,11,3,0,cfbd
Baylor,2020,2,7,0,cfbd
Baylor,2021,12,2,0,cfbd
Baylor,2022,6,7,0,cfbd
Baylor,2023,3,9,0,cfbd
Baylor,2024,8,5,0,cfbd
Baylor,2025,5,7,0,cfbd
Baylor,2026,0,0,0,cfbd
Becker College,2014,0,0,0,cfbd
Becker College,2015,0,0,0,cfbd
Becker College,2016,0,0,0,cfbd
Becker College,2017,0,0,0,cfbd
Becker College,2018,0,0,0,cfbd
Becker College,2019,0,0,0,cfbd
Belhaven,2014,0,0,0,cfbd
Belhaven,2015,0,0,0,cfbd
Belhaven,2016,0,0,0,cfbd
Belhaven,2017,0,0,0,cfbd
Belhaven,2018,0,0,0,cfbd
Belhaven,2019,0,0,0,cfbd
Belhaven,2020,3,2,0,cfbd
Belhaven,2021,0,0,0,cfbd
Belhaven,2022,8,2,0,cfbd
Belhaven,2023,9,2,0,cfbd
Belhaven,2024,5,5,0,cfbd
Belhaven,2025,6,4,0,cfbd
Belhaven,2026,0,0,0,cfbd
Beloit,2014,0,0,0,cfbd
Beloit,2015,0,0,0,cfbd
Beloit,2016,0,0,0,cfbd
Beloit,2017,0,0,0,cfbd
Beloit,2018,0,0,0,cfbd
Beloit,2019,0,0,0,cfbd
Beloit,2020,0,0,0,cfbd
Beloit,2021,0,0,0,cfbd
Beloit,2022,1,9,0,cfbd
Beloit,2023,2,8,0,cfbd
Beloit,2024,1,9,0,cfbd
Beloit,2025,1,9,0,cfbd
Beloit,2026,0,0,0,cfbd
Bemidji State,2014,0,0,0,cfbd
Bemidji State,2015,0,0,0,cfbd
Bemidji State,2016,0,0,0,cfbd
Bemidji State,2017,0,0,0,cfbd
Bemidji State,2018,0,0,0,cfbd
Bemidji State,2019,0,0,0,cfbd
Bemidji State,2020,0,0,0,cfbd
Bemidji State,2021,10,3,0,cfbd
Bemidji State,2022,10,3,0,cfbd
Bemidji State,2023,9,3,0,cfbd
Bemidji State,2024,10,4,0,cfbd
Bemidji State,2025,4,7,0,cfbd
Bemidji State,2026,0,0,0,cfbd
Benedict,2014,0,1,0,cfbd
Benedict,2015,0,0,0,cfbd
Benedict,2016,0,1,0,cfbd
Benedict,2017,0,0,0,cfbd
Benedict,2018,0,0,0,cfbd
Benedict,2019,0,0,0,cfbd
Benedict,2020,0,0,0,cfbd
Benedict,2021,5,5,0,cfbd
Benedict,2022,11,1,0,cfbd
Benedict,2023,11,1,0,cfbd
Benedict,2024,4,6,0,cfbd
Benedict,2025,10,3,0,cfbd
Benedict,2026,0,0,0,cfbd
Benedictine (IL),2014,0,0,0,cfbd
Benedictine (IL),2015,0,0,0,cfbd
Benedictine (IL),2016,0,0,0,cfbd
Benedictine (IL),2017,0,0,0,cfbd
Benedictine (IL),2018,0,0,0,cfbd
Benedictine (IL),2019,0,0,0,cfbd
Benedictine (IL),2020,2,1,0,cfbd
Benedictine (IL),2021,0,0,0,cfbd
Benedictine (IL),2022,7,3,0,cfbd
Benedictine (IL),2023,5,4,0,cfbd
Benedictine (IL),2024,5,5,0,cfbd
Benedictine (IL),2025,7,3,0,cfbd
Benedictine (IL),2026,0,0,0,cfbd
Bentley,2014,0,0,0,cfbd
Bentley,2015,0,0,0,cfbd
Bentley,2016,0,0,0,cfbd
Bentley,2017,0,0,0,cfbd
Bentley,2018,0,0,0,cfbd
Bentley,2019,0,0,0,cfbd
Bentley,2020,0,0,0,cfbd
Bentley,2021,9,2,0,cfbd
Bentley,2022,7,3,0,cfbd
Bentley,2023,6,4,0,cfbd
Bentley,2024,8,2,0,cfbd
Bentley,2025,7,4,0,cfbd
Bentley,2026,0,0,0,cfbd
Berry,2014,0,0,0,cfbd
Berry,2015,0,0,0,cfbd
Berry,2016,0,0,0,cfbd
Berry,2017,0,0,0,cfbd
Berry,2018,0,0,0,cfbd
Berry,2019,0,0,0,cfbd
Berry,2020,4,0,0,cfbd
Berry,2021,0,0,0,cfbd
Berry,2022,7,3,0,cfbd
Berry,2023,9,1,0,cfbd
Berry,2024,8,3,0,cfbd
Berry,2025,11,2,0,cfbd
Berry,2026,0,0,0,cfbd
Bethany (WV),2014,0,0,0,cfbd
Bethany (WV),2015,0,0,0,cfbd
Bethany (WV),2016,0,0,0,cfbd
Bethany (WV),2017,0,0,0,cfbd
Bethany (WV),2018,0,0,0,cfbd
Bethany (WV),2019,0,0,0,cfbd
Bethany (WV),2020,1,2,0,cfbd
Bethany (WV),2021,0,0,0,cfbd
Bethany (WV),2022,1,8,0,cfbd
Bethany (WV),2023,0,10,0,cfbd
Bethany (WV),2024,1,9,0,cfbd
Bethany (WV),2025,1,9,0,cfbd
Bethany (WV),2026,0,0,0,cfbd
Bethel (MN),2014,0,0,0,cfbd
Bethel (MN),2015,0,0,0,cfbd
Bethel (MN),2016,0,0,0,cfbd
Bethel (MN),2017,0,0,0,cfbd
Bethel (MN),2018,0,0,0,cfbd
Bethel (MN),2019,0,0,0,cfbd
Bethel (MN),2020,0,0,0,cfbd
Bethel (MN),2021,0,0,0,cfbd
Bethel (MN),2022,10,2,0,cfbd
Bethel (MN),2023,8,3,0,cfbd
Bethel (MN),2024,11,3,0,cfbd
Bethel (MN),2025,12,1,0,cfbd
Bethel (MN),2026,0,0,0,cfbd
Bethune-Cookman,1936,0,0,0,cfbd
Bethune-Cookman,1937,0,0,0,cfbd
Bethune-Cookman,1938,0,0,0,cfbd
Bethune-Cookman,1939,0,0,0,cfbd
Bethune-Cookman,1940,0,0,0,cfbd
Bethune-Cookman,1941,0,0,0,cfbd
Bethune-Cookman,1942,0,0,0,cfbd
Bethune-Cookman,1943,0,0,0,cfbd
Bethune-Cookman,1944,0,0,0,cfbd
Bethune-Cookman,1945,0,0,0,cfbd
Bethune-Cookman,1946,0,0,0,cfbd
Bethune-Cookman,1947,0,0,0,cfbd
Bethune-Cookman,1948,0,0,0,cfbd
Bethune-Cookman,1949,0,0,0,cfbd
Bethune-Cookman,1950,0,0,0,cfbd
Bethune-Cookman,1951,0,0,0,cfbd
Bethune-Cookman,1952,0,0,0,cfbd
Bethune-Cookman,1953,0,0,0,cfbd
Bethune-Cookman,1954,0,0,0,cfbd
Bethune-Cookman,1955,0,0,0,cfbd
Bethune-Cookman,1956,0,0,0,cfbd
Bethune-Cookman,1957,0,0,0,cfbd
Bethune-Cookman,1958,0,0,0,cfbd
Bethune-Cookman,1959,0,0,0,cfbd
Bethune-Cookman,1960,0,0,0,cfbd
Bethune-Cookman,1961,0,0,0,cfbd
Bethune-Cookman,1962,0,0,0,cfbd
Bethune-Cookman,1963,0,0,0,cfbd
Bethune-Cookman,1964,0,0,0,cfbd
Bethune-Cookman,1965,0,0,0,cfbd
Bethune-Cookman,1966,0,0,0,cfbd
Bethune-Cookman,1967,0,0,0,cfbd
Bethune-Cookman,1968,0,0,0,cfbd
Bethune-Cookman,1969,0,0,0,cfbd
Bethune-Cookman,1970,0,0,0,cfbd
Bethune-Cookman,1971,0,0,0,cfbd
Bethune-Cookman,1972,0,0,0,cfbd
Bethune-Cookman,1973,0,0,0,cfbd
Bethune-Cookman,1974,0,0,0,cfbd
Bethune-Cookman,1975,0,0,0,cfbd
Bethune-Cookman,1976,0,0,0,cfbd
Bethune-Cookman,1977,1,1,0,cfbd
Bethune-Cookman,1978,0,0,0,cfbd
Bethune-Cookman,1979,0,0,0,cfbd
Bethune-Cookman,1980,0,0,0,cfbd
Bethune-Cookman,1981,0,0,0,cfbd
Bethune-Cookman,1982,0,0,0,cfbd
Bethune-Cookman,1983,0,0,0,cfbd
Bethune-Cookman,1984,0,0,0,cfbd
Bethune-Cookman,1985,0,0,0,cfbd
Bethune-Cookman,1986,0,0,0,cfbd
Bethune-Cookman,1987,0,0,0,cfbd
Bethune-Cookman,1988,0,0,0,cfbd
Bethune-Cookman,1989,0,0,0,cfbd
Bethune-Cookman,1990,0,0,0,cfbd
Bethune-Cookman,1991,0,0,0,cfbd
Bethune-Cookman,1992,0,0,0,cfbd
Bethune-Cookman,1993,0,0,0,cfbd
Bethune-Cookman,1994,0,0,0,cfbd
Bethune-Cookman,1995,0,0,0,cfbd
Bethune-Cookman,1996,0,0,0,cfbd
Bethune-Cookman,1997,0,0,0,cfbd
Bethune-Cookman,1998,0,0,0,cfbd
Bethune-Cookman,1999,0,0,0,cfbd
Bethune-Cookman,2000,0,0,0,cfbd
Bethune-Cookman,2001,0,0,0,cfbd
Bethune-Cookman,2002,0,0,0,cfbd
Bethune-Cookman,2003,9,2,0,cfbd
Bethune-Cookman,2004,7,4,0,cfbd
Bethune-Cookman,2005,5,4,0,cfbd
Bethune-Cookman,2006,5,6,0,cfbd
Bethune-Cookman,2007,5,6,0,cfbd
Bethune-Cookman,2008,8,3,0,cfbd
Bethune-Cookman,2009,5,6,0,cfbd
Bethune-Cookman,2010,10,2,0,cfbd
Bethune-Cookman,2011,8,3,0,cfbd
Bethune-Cookman,2012,8,3,0,cfbd
Bethune-Cookman,2013,10,3,0,cfbd
Bethune-Cookman,2014,9,3,0,cfbd
Bethune-Cookman,2015,9,2,0,cfbd
Bethune-Cookman,2016,4,6,0,cfbd
Bethune-Cookman,2017,7,4,0,cfbd
Bethune-Cookman,2018,7,5,0,cfbd
Bethune-Cookman,2019,7,4,0,cfbd
Bethune-Cookman,2021,2,9,0,cfbd
Bethune-Cookman,2022,2,9,0,cfbd
Bethune-Cookman,2023,3,8,0,cfbd
Bethune-Cookman,2024,2,10,0,cfbd
Bethune-Cookman,2025,6,6,0,cfbd
Bethune-Cookman,2026,0,0,0,cfbd
Birmingham-Southern,2014,0,1,0,cfbd
Birmingham-Southern,2015,0,0,0,cfbd
Birmingham-Southern,2016,0,0,0,cfbd
Birmingham-Southern,2017,0,0,0,cfbd
Birmingham-Southern,2018,0,0,0,cfbd
Birmingham-Southern,2019,0,0,0,cfbd
Birmingham-Southern,2020,2,2,0,cfbd
Birmingham-Southern,2021,0,0,0,cfbd
Birmingham-Southern,2022,7,3,0,cfbd
Birmingham-Southern,2023,3,7,0,cfbd
Birmingham-Southern,2024,0,0,0,cfbd
Birmingham-Southern,2025,0,0,0,cfbd
Birmingham-Southern,2026,0,0,0,cfbd
Black Hills State,2014,0,1,0,cfbd
Black Hills State,2015,0,1,0,cfbd
Black Hills State,2016,0,0,0,cfbd
Black Hills State,2017,0,0,0,cfbd
Black Hills State,2018,0,0,0,cfbd
Black Hills State,2019,0,0,0,cfbd
Black Hills State,2020,0,0,0,cfbd
Black Hills State,2021,2,7,0,cfbd
Black Hills State,2022,7,4,0,cfbd
Black Hills State,2023,6,5,0,cfbd
Black Hills State,2024,6,5,0,cfbd
Black Hills State,2025,3,8,0,cfbd
Black Hills State,2026,0,0,0,cfbd
Bloomsburg,2014,0,0,0,cfbd
Bloomsburg,2015,0,0,0,cfbd
Bloomsburg,2016,0,0,0,cfbd
Bloomsburg,2017,0,0,0,cfbd
Bloomsburg,2018,0,0,0,cfbd
Bloomsburg,2019,0,0,0,cfbd
Bloomsburg,2020,0,0,0,cfbd
Bloomsburg,2021,3,8,0,cfbd
Bloomsburg,2022,3,8,0,cfbd
Bloomsburg,2023,3,8,0,cfbd
Bloomsburg,2024,6,5,0,cfbd
Bloomsburg,2025,3,8,0,cfbd
Bloomsburg,2026,0,0,0,cfbd
Bluefield State,2014,0,0,0,cfbd
Bluefield State,2015,0,0,0,cfbd
Bluefield State,2016,0,0,0,cfbd
Bluefield State,2017,0,0,0,cfbd
Bluefield State,2018,0,0,0,cfbd
Bluefield State,2019,0,0,0,cfbd
Bluefield State,2020,0,0,0,cfbd
Bluefield State,2021,3,3,0,cfbd
Bluefield State,2022,3,4,1,cfbd
Bluefield State,2023,1,9,0,cfbd
Bluefield State,2024,1,9,0,cfbd
Bluefield State,2025,3,7,0,cfbd
Bluefield State,2026,0,0,0,cfbd
Bluffton,2014,0,0,0,cfbd
Bluffton,2015,0,0,0,cfbd
Bluffton,2016,0,0,0,cfbd
Bluffton,2017,0,0,0,cfbd
Bluffton,2018,0,0,0,cfbd
Bluffton,2019,0,0,0,cfbd
Bluffton,2020,3,4,0,cfbd
Bluffton,2021,0,0,0,cfbd
Bluffton,2022,2,8,0,cfbd
Bluffton,2023,4,6,0,cfbd
Bluffton,2024,3,7,0,cfbd
Bluffton,2025,5,5,0,cfbd
Bluffton,2026,0,0,0,cfbd
Boise State,1970,0,1,0,cfbd
Boise State,1971,1,0,0,cfbd
Boise State,1972,0,1,0,cfbd
Boise State,1973,1,0,0,cfbd
Boise State,1974,1,0,0,cfbd
Boise State,1975,0,1,0,cfbd
Boise State,1976,0,0,0,cfbd
Boise State,1977,1,1,0,cfbd
Boise State,1978,3,0,0,cfbd
Boise State,1979,1,1,0,cfbd
Boise State,1980,2,0,0,cfbd
Boise State,1981,0,1,0,cfbd
Boise State,1982,3,0,0,cfbd
Boise State,1983,0,2,0,cfbd
Boise State,1984,0,2,0,cfbd
Boise State,1985,0,2,0,cfbd
Boise State,1986,0,1,0,cfbd
Boise State,1987,0,1,0,cfbd
Boise State,1988,1,0,0,cfbd
Boise State,1989,0,2,0,cfbd
Boise State,1990,0,1,0,cfbd
Boise State,1991,1,0,0,cfbd
Boise State,1992,1,0,0,cfbd
Boise State,1993,0,1,0,cfbd
Boise State,1994,1,0,0,cfbd
Boise State,1995,1,0,0,cfbd
Boise State,1996,2,10,0,cfbd
Boise State,1997,4,7,0,cfbd
Boise State,1998,6,5,0,cfbd
Boise State,1999,10,3,0,cfbd
Boise State,2000,10,2,0,cfbd
Boise State,2001,8,4,0,cfbd
Boise State,2002,12,1,0,cfbd
Boise State,2003,13,1,0,cfbd
Boise State,2004,11,1,0,cfbd
Boise State,2005,9,4,0,cfbd
Boise State,2006,13,0,0,cfbd
Boise State,2007,10,3,0,cfbd
Boise State,2008,12,1,0,cfbd
Boise State,2009,14,0,0,cfbd
Boise State,2010,12,1,0,cfbd
Boise State,2011,12,1,0,cfbd
Boise State,2012,11,2,0,cfbd
Boise State,2013,8,5,0,cfbd
Boise State,2014,12,2,0,cfbd
Boise State,2015,9,4,0,cfbd
Boise State,2016,10,3,0,cfbd
Boise State,2017,11,3,0,cfbd
Boise State,2018,10,3,0,cfbd
Boise State,2019,12,2,0,cfbd
Boise State,2020,5,2,0,cfbd
Boise State,2021,7,5,0,cfbd
Boise State,2022,10,4,0,cfbd
Boise State,2023,8,6,0,cfbd
Boise State,2024,12,2,0,cfbd
Boise State,2025,9,5,0,cfbd
Boise State,2026,0,0,0,cfbd
Boston College,1935,170,129,22,manual
Boston College,1936,2,1,1,cfbd
Boston College,1937,4,4,1,cfbd
Boston College,1938,6,1,2,cfbd
Boston College,1939,9,2,0,cfbd
Boston College,1940,11,0,0,cfbd
Boston College,1941,7,3,0,cfbd
Boston College,1942,8,2,0,cfbd
Boston College,1943,0,0,0,cfbd
Boston College,1944,4,3,0,cfbd
Boston College,1945,3,4,0,cfbd
Boston College,1946,6,3,0,cfbd
Boston College,1947,5,4,0,cfbd
Boston College,1948,5,2,2,cfbd
Boston College,1949,4,4,1,cfbd
Boston College,1950,0,9,1,cfbd
Boston College,1951,3,6,0,cfbd
Boston College,1952,4,4,1,cfbd
Boston College,1953,5,3,1,cfbd
Boston College,1954,8,1,0,cfbd
Boston College,1955,5,2,1,cfbd
Boston College,1956,5,4,0,cfbd
Boston College,1957,7,2,0,cfbd
Boston College,1958,7,3,0,cfbd
Boston College,1959,5,4,0,cfbd
Boston College,1960,3,6,1,cfbd
Boston College,1961,4,6,0,cfbd
Boston College,1962,8,2,0,cfbd
Boston College,1963,6,3,0,cfbd
Boston College,1964,6,3,0,cfbd
Boston College,1965,6,4,0,cfbd
Boston College,1966,4,6,0,cfbd
Boston College,1967,4,6,0,cfbd
Boston College,1968,6,3,0,cfbd
Boston College,1969,5,4,0,cfbd
Boston College,1970,8,2,0,cfbd
Boston College,1971,9,2,0,cfbd
Boston College,1972,4,7,0,cfbd
Boston College,1973,7,4,0,cfbd
Boston College,1974,8,3,0,cfbd
Boston College,1975,7,4,0,cfbd
Boston College,1976,8,3,0,cfbd
Boston College,1977,6,5,0,cfbd
Boston College,1978,0,11,0,cfbd
Boston College,1979,5,6,0,cfbd
Boston College,1980,7,4,0,cfbd
Boston College,1981,5,6,0,cfbd
Boston College,1982,8,3,1,cfbd
Boston College,1983,9,3,0,cfbd
Boston College,1984,10,2,0,cfbd
Boston College,1985,4,8,0,cfbd
Boston College,1986,9,3,0,cfbd
Boston College,1987,5,6,0,cfbd
Boston College,1988,3,8,0,cfbd
Boston College,1989,2,9,0,cfbd
Boston College,1990,4,7,0,cfbd
Boston College,1991,4,7,0,cfbd
Boston College,1992,8,3,1,cfbd
Boston College,1993,9,3,0,cfbd
Boston College,1994,7,4,1,cfbd
Boston College,1995,4,8,0,cfbd
Boston College,1996,5,7,0,cfbd
Boston College,1997,4,7,0,cfbd
Boston College,1998,4,7,0,cfbd
Boston College,1999,8,4,0,cfbd
Boston College,2000,7,5,0,cfbd
Boston College,2001,8,4,0,cfbd
Boston College,2002,9,4,0,cfbd
Boston College,2003,8,5,0,cfbd
Boston College,2004,9,3,0,cfbd
Boston College,2005,9,3,0,cfbd
Boston College,2006,10,3,0,cfbd
Boston College,2007,11,3,0,cfbd
Boston College,2008,9,5,0,cfbd
Boston College,2009,8,5,0,cfbd
Boston College,2010,7,6,0,cfbd
Boston College,2011,4,8,0,cfbd
Boston College,2012,2,10,0,cfbd
Boston College,2013,7,6,0,cfbd
Boston College,2014,7,6,0,cfbd
Boston College,2015,3,9,0,cfbd
Boston College,2016,7,6,0,cfbd
Boston College,2017,7,6,0,cfbd
Boston College,2018,7,5,0,cfbd
Boston College,2019,6,7,0,cfbd
Boston College,2020,6,5,0,cfbd
Boston College,2021,6,6,0,cfbd
Boston College,2022,3,9,0,cfbd
Boston College,2023,7,6,0,cfbd
Boston College,2024,7,6,0,cfbd
Boston College,2025,2,10,0,cfbd
Boston College,2026,0,0,0,cfbd
Boston University,1947,5,3,0,cfbd
Boston University,1948,6,2,0,cfbd
Boston University,1949,6,2,0,cfbd
Boston University,1950,3,5,0,cfbd
Boston University,1951,6,4,0,cfbd
Boston University,1952,5,4,1,cfbd
Boston University,1953,5,3,1,cfbd
Boston University,1954,7,2,0,cfbd
Boston University,1955,2,6,0,cfbd
Boston University,1956,1,5,2,cfbd
Boston University,1957,5,3,0,cfbd
Boston University,1958,4,5,0,cfbd
Boston University,1959,4,5,0,cfbd
Boston University,1960,3,5,2,cfbd
Boston University,1961,4,5,0,cfbd
Boston University,1962,2,7,0,cfbd
Boston University,1963,1,6,1,cfbd
Boston University,1964,2,7,0,cfbd
Bowdoin,2014,0,0,0,cfbd
Bowdoin,2015,0,0,0,cfbd
Bowdoin,2016,0,0,0,cfbd
Bowdoin,2017,0,0,0,cfbd
Bowdoin,2018,0,0,0,cfbd
Bowdoin,2019,0,0,0,cfbd
Bowdoin,2020,0,0,0,cfbd
Bowdoin,2021,0,0,0,cfbd
Bowdoin,2022,3,6,0,cfbd
Bowdoin,2023,4,5,0,cfbd
Bowdoin,2024,3,6,0,cfbd
Bowdoin,2025,2,7,0,cfbd
Bowdoin,2026,0,0,0,cfbd
Bowie State,2014,0,1,0,cfbd
Bowie State,2015,0,1,0,cfbd
Bowie State,2016,0,1,0,cfbd
Bowie State,2017,0,0,0,cfbd
Bowie State,2018,0,1,0,cfbd
Bowie State,2019,0,0,0,cfbd
Bowie State,2020,0,0,0,cfbd
Bowie State,2021,12,2,0,cfbd
Bowie State,2022,6,4,0,cfbd
Bowie State,2023,6,4,0,cfbd
Bowie State,2024,4,6,0,cfbd
Bowie State,2025,3,7,0,cfbd
Bowie State,2026,0,0,0,cfbd
Bowling Green,1936,0,0,0,cfbd
Bowling Green,1937,0,0,0,cfbd
Bowling Green,1938,0,0,0,cfbd
Bowling Green,1939,0,0,0,cfbd
Bowling Green,1940,0,0,0,cfbd
Bowling Green,1941,0,0,0,cfbd
Bowling Green,1942,0,0,0,cfbd
Bowling Green,1943,0,0,0,cfbd
Bowling Green,1944,0,0,0,cfbd
Bowling Green,1945,0,0,0,cfbd
Bowling Green,1946,0,0,0,cfbd
Bowling Green,1947,0,1,0,cfbd
Bowling Green,1948,0,0,0,cfbd
Bowling Green,1949,0,0,0,cfbd
Bowling Green,1950,1,0,0,cfbd
Bowling Green,1951,1,0,0,cfbd
Bowling Green,1952,0,0,0,cfbd
Bowling Green,1953,0,0,0,cfbd
Bowling Green,1954,0,0,0,cfbd
Bowling Green,1955,0,0,0,cfbd
Bowling Green,1956,1,0,0,cfbd
Bowling Green,1957,0,0,0,cfbd
Bowling Green,1958,2,0,0,cfbd
Bowling Green,1959,1,0,0,cfbd
Bowling Green,1960,1,0,0,cfbd
Bowling Green,1961,2,0,0,cfbd
Bowling Green,1962,7,1,1,cfbd
Bowling Green,1963,8,2,0,cfbd
Bowling Green,1964,9,1,0,cfbd
Bowling Green,1965,7,2,0,cfbd
Bowling Green,1966,6,3,0,cfbd
Bowling Green,1967,6,4,0,cfbd
Bowling Green,1968,6,3,1,cfbd
Bowling Green,1969,6,4,0,cfbd
Bowling Green,1970,2,6,1,cfbd
Bowling Green,1971,6,4,0,cfbd
Bowling Green,1972,6,3,1,cfbd
Bowling Green,1973,7,3,0,cfbd
Bowling Green,1974,6,4,1,cfbd
Bowling Green,1975,8,3,0,cfbd
Bowling Green,1976,6,5,0,cfbd
Bowling Green,1977,5,7,0,cfbd
Bowling Green,1978,4,7,0,cfbd
Bowling Green,1979,4,7,0,cfbd
Bowling Green,1980,4,7,0,cfbd
Bowling Green,1981,5,5,1,cfbd
Bowling Green,1982,7,5,0,cfbd
Bowling Green,1983,8,3,0,cfbd
Bowling Green,1984,8,3,0,cfbd
Bowling Green,1985,11,1,0,cfbd
Bowling Green,1986,5,6,0,cfbd
Bowling Green,1987,5,6,0,cfbd
Bowling Green,1988,2,8,1,cfbd
Bowling Green,1989,5,6,0,cfbd
Bowling Green,1990,3,5,2,cfbd
Bowling Green,1991,11,1,0,cfbd
Bowling Green,1992,10,2,0,cfbd
Bowling Green,1993,6,3,2,cfbd
Bowling Green,1994,9,2,0,cfbd
Bowling Green,1995,5,6,0,cfbd
Bowling Green,1996,4,7,0,cfbd
Bowling Green,1997,3,8,0,cfbd
Bowling Green,1998,5,6,0,cfbd
Bowling Green,1999,5,6,0,cfbd
Bowling Green,2000,2,9,0,cfbd
Bowling Green,2001,8,3,0,cfbd
Bowling Green,2002,9,3,0,cfbd
Bowling Green,2003,11,3,0,cfbd
Bowling Green,2004,9,3,0,cfbd
Bowling Green,2005,6,5,0,cfbd
Bowling Green,2006,4,8,0,cfbd
Bowling Green,2007,8,5,0,cfbd
Bowling Green,2008,6,6,0,cfbd
Bowling Green,2009,7,6,0,cfbd
Bowling Green,2010,2,10,0,cfbd
Bowling Green,2011,5,7,0,cfbd
Bowling Green,2012,8,5,0,cfbd
Bowling Green,2013,10,4,0,cfbd
Bowling Green,2014,8,6,0,cfbd
Bowling Green,2015,10,4,0,cfbd
Bowling Green,2016,4,8,0,cfbd
Bowling Green,2017,2,10,0,cfbd
Bowling Green,2018,3,9,0,cfbd
Bowling Green,2019,3,9,0,cfbd
Bowling Green,2020,0,5,0,cfbd
Bowling Green,2021,4,8,0,cfbd
Bowling Green,2022,6,7,0,cfbd
Bowling Green,2023,7,6,0,cfbd
Bowling Green,2024,7,6,0,cfbd
Bowling Green,2025,4,8,0,cfbd
Bowling Green,2026,0,0,0,cfbd
Bradley,1949,5,5,0,cfbd
Bradley,1950,5,5,0,cfbd
Bradley,1951,4,5,0,cfbd
Brevard,2014,0,2,0,cfbd
Brevard,2015,0,1,0,cfbd
Brevard,2016,0,0,0,cfbd
Brevard,2017,0,1,0,cfbd
Brevard,2018,0,1,0,cfbd
Brevard,2019,0,0,0,cfbd
Brevard,2020,4,1,0,cfbd
Brevard,2021,0,1,0,cfbd
Brevard,2022,5,4,0,cfbd
Brevard,2023,5,5,0,cfbd
Brevard,2024,6,3,1,cfbd
Brevard,2025,6,4,0,cfbd
Brevard,2026,0,0,0,cfbd
Bridgewater,2014,0,0,0,cfbd
Bridgewater,2015,0,0,0,cfbd
Bridgewater,2016,0,0,0,cfbd
Bridgewater,2017,0,0,0,cfbd
Bridgewater,2018,0,0,0,cfbd
Bridgewater,2019,0,0,0,cfbd
Bridgewater,2020,2,2,0,cfbd
Bridgewater,2021,0,0,0,cfbd
Bridgewater,2022,9,1,0,cfbd
Bridgewater,2023,7,3,0,cfbd
Bridgewater,2024,6,4,0,cfbd
Bridgewater,2025,4,6,0,cfbd
Bridgewater,2026,0,0,0,cfbd
Bridgewater State,2014,0,0,0,cfbd
Bridgewater State,2015,0,0,0,cfbd
Bridgewater State,2016,0,0,0,cfbd
Bridgewater State,2017,0,0,0,cfbd
Bridgewater State,2018,0,0,0,cfbd
Bridgewater State,2019,0,0,0,cfbd
Bridgewater State,2020,0,0,0,cfbd
Bridgewater State,2021,0,0,0,cfbd
Bridgewater State,2022,6,4,0,cfbd
Bridgewater State,2023,7,3,0,cfbd
Bridgewater State,2024,5,5,0,cfbd
Bridgewater State,2025,5,5,0,cfbd
Bridgewater State,2026,0,0,0,cfbd
Brockport,2014,0,0,0,cfbd
Brockport,2015,0,0,0,cfbd
Brockport,2016,0,0,0,cfbd
Brockport,2017,0,0,0,cfbd
Brockport,2018,0,0,0,cfbd
Brockport,2019,0,0,0,cfbd
Brockport,2020,0,0,0,cfbd
Brockport,2021,0,0,0,cfbd
Brockport,2022,7,3,0,cfbd
Brockport,2023,8,2,0,cfbd
Brockport,2024,7,3,0,cfbd
Brockport,2025,7,4,0,cfbd
Brockport,2026,0,0,0,cfbd
Brown,1936,3,7,0,cfbd
Brown,1937,5,4,0,cfbd
Brown,1938,5,3,0,cfbd
Brown,1939,5,3,1,cfbd
Brown,1940,6,3,1,cfbd
Brown,1941,5,4,0,cfbd
Brown,1942,4,4,0,cfbd
Brown,1943,5,3,0,cfbd
Brown,1944,3,4,1,cfbd
Brown,1945,3,4,1,cfbd
Brown,1946,3,5,1,cfbd
Brown,1947,4,4,1,cfbd
Brown,1948,7,2,0,cfbd
Brown,1949,8,1,0,cfbd
Brown,1950,1,8,0,cfbd
Brown,1951,2,7,0,cfbd
Brown,1952,2,7,0,cfbd
Brown,1953,3,5,1,cfbd
Brown,1954,6,2,1,cfbd
Brown,1955,2,7,0,cfbd
Brown,1956,5,4,0,cfbd
Brown,1957,5,4,0,cfbd
Brown,1958,6,3,0,cfbd
Brown,1959,2,6,1,cfbd
Brown,1960,3,6,0,cfbd
Brown,1961,0,9,0,cfbd
Brown,1962,1,6,2,cfbd
Brown,1963,3,5,0,cfbd
Brown,1964,5,4,0,cfbd
Brown,1965,2,7,0,cfbd
Brown,1966,1,8,0,cfbd
Brown,1967,2,6,1,cfbd
Brown,1968,2,7,0,cfbd
Brown,1969,2,7,0,cfbd
Brown,1970,2,7,0,cfbd
Brown,1971,0,9,0,cfbd
Brown,1972,1,8,0,cfbd
Brown,1973,4,3,1,cfbd
Brown,1974,5,4,0,cfbd
Brown,1975,6,2,1,cfbd
Brown,1976,8,1,0,cfbd
Brown,1977,7,2,0,cfbd
Brown,1978,6,3,0,cfbd
Brown,1979,6,3,0,cfbd
Brown,1980,6,4,0,cfbd
Brown,1981,3,7,0,cfbd
Brown,1982,1,0,0,cfbd
Brown,1983,0,1,0,cfbd
Brown,1984,0,0,0,cfbd
Brown,1985,0,0,0,cfbd
Brown,1986,0,0,0,cfbd
Brown,1987,0,0,0,cfbd
Brown,1988,0,0,0,cfbd
Brown,1989,0,0,0,cfbd
Brown,1990,0,0,0,cfbd
Brown,1991,0,0,0,cfbd
Brown,1992,0,0,0,cfbd
Brown,1993,0,0,0,cfbd
Brown,1994,0,0,0,cfbd
Brown,1995,0,0,0,cfbd
Brown,1996,0,0,0,cfbd
Brown,1997,0,0,0,cfbd
Brown,1998,0,0,0,cfbd
Brown,1999,0,0,0,cfbd
Brown,2000,0,0,0,cfbd
Brown,2001,0,0,0,cfbd
Brown,2002,0,0,0,cfbd
Brown,2003,5,5,0,cfbd
Brown,2004,7,4,0,cfbd
Brown,2005,9,1,0,cfbd
Brown,2006,2,8,0,cfbd
Brown,2007,5,5,0,cfbd
Brown,2008,7,3,0,cfbd
Brown,2009,6,4,0,cfbd
Brown,2010,6,4,0,cfbd
Brown,2011,7,3,0,cfbd
Brown,2012,7,3,0,cfbd
Brown,2013,6,4,0,cfbd
Brown,2014,5,5,0,cfbd
Brown,2015,5,5,0,cfbd
Brown,2016,4,6,0,cfbd
Brown,2017,2,8,0,cfbd
Brown,2018,1,9,0,cfbd
Brown,2019,2,8,0,cfbd
Brown,2021,2,8,0,cfbd
Brown,2022,3,7,0,cfbd
Brown,2023,5,5,0,cfbd
Brown,2024,3,7,0,cfbd
Brown,2025,5,5,0,cfbd
Brown,2026,0,0,0,cfbd
Bryant,1999,0,0,0,cfbd
Bryant,2000,0,0,0,cfbd
Bryant,2001,0,0,0,cfbd
Bryant,2002,0,0,0,cfbd
Bryant,2003,0,0,0,cfbd
Bryant,2004,0,0,0,cfbd
Bryant,2005,0,0,0,cfbd
Bryant,2006,0,0,0,cfbd
Bryant,2007,0,1,0,cfbd
Bryant,2008,7,4,0,cfbd
Bryant,2009,5,6,0,cfbd
Bryant,2010,7,4,0,cfbd
Bryant,2011,7,4,0,cfbd
Bryant,2012,4,7,0,cfbd
Bryant,2013,5,6,0,cfbd
Bryant,2014,8,3,0,cfbd
Bryant,2015,5,6,0,cfbd
Bryant,2016,5,6,0,cfbd
Bryant,2017,6,5,0,cfbd
Bryant,2018,6,5,0,cfbd
Bryant,2019,4,8,0,cfbd
Bryant,2020,2,2,0,cfbd
Bryant,2021,7,4,0,cfbd
Bryant,2022,4,7,0,cfbd
Bryant,2023,6,5,0,cfbd
Bryant,2024,2,10,0,cfbd
Bryant,2025,3,9,0,cfbd
Bryant,2026,0,0,0,cfbd
Bucknell,1936,4,4,1,cfbd
Bucknell,1937,3,3,2,cfbd
Bucknell,1938,5,3,0,cfbd
Bucknell,1939,3,5,0,cfbd
Bucknell,1940,0,2,1,cfbd
Bucknell,1941,1,2,0,cfbd
Bucknell,1942,0,1,1,cfbd
Bucknell,1943,1,3,0,cfbd
Bucknell,1944,7,2,1,cfbd
Bucknell,1945,2,5,0,cfbd
Bucknell,1946,3,6,0,cfbd
Bucknell,1947,0,3,0,cfbd
Bucknell,1948,0,2,0,cfbd
Bucknell,1949,1,1,0,cfbd
Bucknell,1950,2,1,0,cfbd
Bucknell,1951,2,0,0,cfbd
Bucknell,1952,1,2,0,cfbd
Bucknell,1953,0,2,0,cfbd
Bucknell,1954,0,2,0,cfbd
Bucknell,1955,0,2,1,cfbd
Bucknell,1956,0,1,0,cfbd
Bucknell,1957,0,2,0,cfbd
Bucknell,1958,0,2,0,cfbd
Bucknell,1959,1,2,0,cfbd
Bucknell,1960,1,2,0,cfbd
Bucknell,1961,0,2,0,cfbd
Bucknell,1962,1,1,0,cfbd
Bucknell,1963,2,1,0,cfbd
Bucknell,1964,2,1,0,cfbd
Bucknell,1965,2,2,0,cfbd
Bucknell,1966,1,1,0,cfbd
Bucknell,1967,1,2,0,cfbd
Bucknell,1968,1,3,0,cfbd
Bucknell,1969,0,2,0,cfbd
Bucknell,1970,1,3,0,cfbd
Bucknell,1971,1,3,0,cfbd
Bucknell,1972,1,1,0,cfbd
Bucknell,1973,0,1,1,cfbd
Bucknell,1974,0,4,0,cfbd
Bucknell,1975,1,2,0,cfbd
Bucknell,1976,0,2,0,cfbd
Bucknell,1977,0,2,0,cfbd
Bucknell,1978,1,3,0,cfbd
Bucknell,1979,1,2,0,cfbd
Bucknell,1980,2,1,0,cfbd
Bucknell,1981,0,2,0,cfbd
Bucknell,1982,0,0,0,cfbd
Bucknell,1983,0,0,0,cfbd
Bucknell,1984,0,0,0,cfbd
Bucknell,1985,0,0,0,cfbd
Bucknell,1986,0,0,0,cfbd
Bucknell,1987,0,0,0,cfbd
Bucknell,1988,0,1,0,cfbd
Bucknell,1989,0,0,0,cfbd
Bucknell,1990,0,0,0,cfbd
Bucknell,1991,0,0,0,cfbd
Bucknell,1992,0,0,0,cfbd
Bucknell,1993,0,0,0,cfbd
Bucknell,1994,0,0,0,cfbd
Bucknell,1995,0,1,0,cfbd
Bucknell,1996,0,0,0,cfbd
Bucknell,1997,0,0,0,cfbd
Bucknell,1998,0,0,0,cfbd
Bucknell,1999,0,0,0,cfbd
Bucknell,2000,0,0,0,cfbd
Bucknell,2001,0,1,0,cfbd
Bucknell,2002,0,0,0,cfbd
Bucknell,2003,6,6,0,cfbd
Bucknell,2004,7,4,0,cfbd
Bucknell,2005,1,10,0,cfbd
Bucknell,2006,6,5,0,cfbd
Bucknell,2007,3,8,0,cfbd
Bucknell,2008,5,6,0,cfbd
Bucknell,2009,4,7,0,cfbd
Bucknell,2010,1,10,0,cfbd
Bucknell,2011,6,5,0,cfbd
Bucknell,2012,3,8,0,cfbd
Bucknell,2013,6,5,0,cfbd
Bucknell,2014,8,3,0,cfbd
Bucknell,2015,4,7,0,cfbd
Bucknell,2016,4,7,0,cfbd
Bucknell,2017,5,6,0,cfbd
Bucknell,2018,1,10,0,cfbd
Bucknell,2019,3,8,0,cfbd
Bucknell,2020,2,2,0,cfbd
Bucknell,2021,1,10,0,cfbd
Bucknell,2022,3,8,0,cfbd
Bucknell,2023,4,7,0,cfbd
Bucknell,2024,6,6,0,cfbd
Bucknell,2025,5,7,0,cfbd
Bucknell,2026,0,0,0,cfbd
Buena Vista,2014,0,0,0,cfbd
Buena Vista,2015,0,0,0,cfbd
Buena Vista,2016,0,0,0,cfbd
Buena Vista,2017,0,0,0,cfbd
Buena Vista,2018,0,0,0,cfbd
Buena Vista,2019,0,0,0,cfbd
Buena Vista,2020,0,0,0,cfbd
Buena Vista,2021,0,0,0,cfbd
Buena Vista,2022,4,6,0,cfbd
Buena Vista,2023,2,8,0,cfbd
Buena Vista,2024,2,8,0,cfbd
Buena Vista,2025,3,7,0,cfbd
Buena Vista,2026,0,0,0,cfbd
Buffalo,1936,0,0,0,cfbd
Buffalo,1937,0,0,0,cfbd
Buffalo,1938,0,0,0,cfbd
Buffalo,1939,0,0,0,cfbd
Buffalo,1940,0,0,0,cfbd
Buffalo,1941,0,0,0,cfbd
Buffalo,1942,0,0,0,cfbd
Buffalo,1946,0,1,0,cfbd
Buffalo,1947,0,0,0,cfbd
Buffalo,1948,0,1,0,cfbd
Buffalo,1949,0,1,0,cfbd
Buffalo,1950,0,0,0,cfbd
Buffalo,1951,0,1,0,cfbd
Buffalo,1952,0,1,0,cfbd
Buffalo,1953,0,0,0,cfbd
Buffalo,1954,0,0,0,cfbd
Buffalo,1955,0,0,0,cfbd
Buffalo,1956,0,0,0,cfbd
Buffalo,1957,0,0,0,cfbd
Buffalo,1958,2,0,0,cfbd
Buffalo,1959,0,0,0,cfbd
Buffalo,1960,0,4,0,cfbd
Buffalo,1961,1,3,0,cfbd
Buffalo,1962,6,3,0,cfbd
Buffalo,1963,5,3,1,cfbd
Buffalo,1964,4,4,1,cfbd
Buffalo,1965,5,3,2,cfbd
Buffalo,1966,5,5,0,cfbd
Buffalo,1967,6,4,0,cfbd
Buffalo,1968,7,3,0,cfbd
Buffalo,1969,6,3,0,cfbd
Buffalo,1970,2,9,0,cfbd
Buffalo,1977,0,0,0,cfbd
Buffalo,1978,0,0,0,cfbd
Buffalo,1979,0,0,0,cfbd
Buffalo,1980,0,0,0,cfbd
Buffalo,1981,0,0,0,cfbd
Buffalo,1982,0,0,0,cfbd
Buffalo,1983,0,0,0,cfbd
Buffalo,1984,0,0,0,cfbd
Buffalo,1985,0,0,0,cfbd
Buffalo,1986,0,0,0,cfbd
Buffalo,1987,0,0,0,cfbd
Buffalo,1988,0,0,0,cfbd
Buffalo,1989,0,0,0,cfbd
Buffalo,1990,0,0,0,cfbd
Buffalo,1991,0,0,0,cfbd
Buffalo,1992,0,0,0,cfbd
Buffalo,1993,0,0,0,cfbd
Buffalo,1994,0,0,0,cfbd
Buffalo,1995,0,0,0,cfbd
Buffalo,1996,0,0,0,cfbd
Buffalo,1997,0,1,0,cfbd
Buffalo,1998,0,0,0,cfbd
Buffalo,1999,0,11,0,cfbd
Buffalo,2000,2,9,0,cfbd
Buffalo,2001,3,8,0,cfbd
Buffalo,2002,1,11,0,cfbd
Buffalo,2003,1,11,0,cfbd
Buffalo,2004,2,9,0,cfbd
Buffalo,2005,1,10,0,cfbd
Buffalo,2006,2,10,0,cfbd
Buffalo,2007,5,7,0,cfbd
Buffalo,2008,8,6,0,cfbd
Buffalo,2009,5,7,0,cfbd
Buffalo,2010,2,10,0,cfbd
Buffalo,2011,3,9,0,cfbd
Buffalo,2012,4,8,0,cfbd
Buffalo,2013,8,5,0,cfbd
Buffalo,2014,5,6,0,cfbd
Buffalo,2015,5,7,0,cfbd
Buffalo,2016,2,10,0,cfbd
Buffalo,2017,6,6,0,cfbd
Buffalo,2018,10,4,0,cfbd
Buffalo,2019,8,5,0,cfbd
Buffalo,2020,6,1,0,cfbd
Buffalo,2021,4,8,0,cfbd
Buffalo,2022,7,6,0,cfbd
Buffalo,2023,3,9,0,cfbd
Buffalo,2024,9,4,0,cfbd
Buffalo,2025,5,7,0,cfbd
Buffalo,2026,0,0,0,cfbd
Buffalo State,2014,0,0,0,cfbd
Buffalo State,2015,0,0,0,cfbd
Buffalo State,2016,0,0,0,cfbd
Buffalo State,2017,0,0,0,cfbd
Buffalo State,2018,0,0,0,cfbd
Buffalo State,2019,0,0,0,cfbd
Buffalo State,2020,0,0,0,cfbd
Buffalo State,2021,0,0,0,cfbd
Buffalo State,2022,0,10,0,cfbd
Buffalo State,2023,2,8,0,cfbd
Buffalo State,2024,3,7,0,cfbd
Buffalo State,2025,1,9,0,cfbd
Buffalo State,2026,0,0,0,cfbd
Butler,1936,0,0,1,cfbd
Butler,1937,0,1,0,cfbd
Butler,1938,0,3,0,cfbd
Butler,1939,1,0,1,cfbd
Butler,1940,0,2,0,cfbd
Butler,1941,1,0,0,cfbd
Butler,1942,0,2,0,cfbd
Butler,1945,0,0,0,cfbd
Butler,1946,0,0,0,cfbd
Butler,1947,0,0,0,cfbd
Butler,1948,0,0,0,cfbd
Butler,1949,0,0,0,cfbd
Butler,1950,0,0,0,cfbd
Butler,1951,0,0,0,cfbd
Butler,1952,0,0,0,cfbd
Butler,1953,0,0,0,cfbd
Butler,1954,0,0,0,cfbd
Butler,1955,0,0,0,cfbd
Butler,1956,0,0,0,cfbd
Butler,1957,0,0,0,cfbd
Butler,1958,0,0,0,cfbd
Butler,1959,0,0,0,cfbd
Butler,1960,0,0,0,cfbd
Butler,1961,0,0,0,cfbd
Butler,1962,0,1,0,cfbd
Butler,1963,0,0,0,cfbd
Butler,1964,0,0,0,cfbd
Butler,1965,0,0,0,cfbd
Butler,1966,0,0,0,cfbd
Butler,1967,0,0,0,cfbd
Butler,1968,0,0,0,cfbd
Butler,1969,0,0,0,cfbd
Butler,1970,0,0,0,cfbd
Butler,1971,0,0,0,cfbd
Butler,1972,0,0,0,cfbd
Butler,1973,0,0,0,cfbd
Butler,1974,0,0,0,cfbd
Butler,1975,0,0,0,cfbd
Butler,1976,0,0,0,cfbd
Butler,1977,0,0,0,cfbd
Butler,1978,0,0,0,cfbd
Butler,1979,0,0,0,cfbd
Butler,1980,0,0,0,cfbd
Butler,1981,0,0,0,cfbd
Butler,1982,0,0,0,cfbd
Butler,1983,0,0,0,cfbd
Butler,1984,0,0,0,cfbd
Butler,1985,0,0,0,cfbd
Butler,1986,0,0,0,cfbd
Butler,1987,0,0,0,cfbd
Butler,1988,0,0,0,cfbd
Butler,1989,0,0,0,cfbd
Butler,1990,0,0,0,cfbd
Butler,1991,0,0,0,cfbd
Butler,1992,0,0,0,cfbd
Butler,1993,0,0,0,cfbd
Butler,1994,0,0,0,cfbd
Butler,1995,0,0,0,cfbd
Butler,1996,0,0,0,cfbd
Butler,1997,0,0,0,cfbd
Butler,1998,0,0,0,cfbd
Butler,1999,0,0,0,cfbd
Butler,2000,0,0,0,cfbd
Butler,2001,0,0,0,cfbd
Butler,2002,0,0,0,cfbd
Butler,2003,0,1,0,cfbd
Butler,2004,0,0,0,cfbd
Butler,2005,0,11,0,cfbd
Butler,2006,3,8,0,cfbd
Butler,2007,4,7,0,cfbd
Butler,2008,6,5,0,cfbd
Butler,2009,10,1,0,cfbd
Butler,2010,3,7,0,cfbd
Butler,2011,5,6,0,cfbd
Butler,2012,8,3,0,cfbd
Butler,2013,9,4,0,cfbd
Butler,2014,4,6,0,cfbd
Butler,2015,5,5,0,cfbd
Butler,2016,4,7,0,cfbd
Butler,2017,6,5,0,cfbd
Butler,2018,4,7,0,cfbd
Butler,2019,3,9,0,cfbd
Butler,2020,0,6,0,cfbd
Butler,2021,3,8,0,cfbd
Butler,2022,7,4,0,cfbd
Butler,2023,7,4,0,cfbd
Butler,2024,9,3,0,cfbd
Butler,2025,6,6,0,cfbd
Butler,2026,0,0,0,cfbd
BYU,1936,4,5,0,cfbd
BYU,1937,6,3,0,cfbd
BYU,1938,4,3,1,cfbd
BYU,1939,5,2,2,cfbd
BYU,1940,2,4,2,cfbd
BYU,1941,4,3,2,cfbd
BYU,1942,2,5,0,cfbd
BYU,1946,5,4,1,cfbd
BYU,1947,3,7,0,cfbd
BYU,1948,5,6,0,cfbd
BYU,1949,0,11,0,cfbd
BYU,1950,4,5,1,cfbd
BYU,1951,6,3,1,cfbd
BYU,1952,4,6,0,cfbd
BYU,1953,2,7,1,cfbd
BYU,1954,1,8,0,cfbd
BYU,1955,1,9,0,cfbd
BYU,1956,2,7,1,cfbd
BYU,1957,5,3,2,cfbd
BYU,1958,6,4,0,cfbd
BYU,1959,3,7,0,cfbd
BYU,1960,3,8,0,cfbd
BYU,1961,2,8,0,cfbd
BYU,1962,4,6,0,cfbd
BYU,1963,2,8,0,cfbd
BYU,1964,3,6,1,cfbd
BYU,1965,6,4,0,cfbd
BYU,1966,8,2,0,cfbd
BYU,1967,6,4,0,cfbd
BYU,1968,2,8,0,cfbd
BYU,1969,6,4,0,cfbd
BYU,1970,3,8,0,cfbd
BYU,1971,5,6,0,cfbd
BYU,1972,7,4,0,cfbd
BYU,1973,5,6,0,cfbd
BYU,1974,7,4,1,cfbd
BYU,1975,6,5,0,cfbd
BYU,1976,9,3,0,cfbd
BYU,1977,9,2,0,cfbd
BYU,1978,9,4,0,cfbd
BYU,1979,11,1,0,cfbd
BYU,1980,12,1,0,cfbd
BYU,1981,11,2,0,cfbd
BYU,1982,8,4,0,cfbd
BYU,1983,11,1,0,cfbd
BYU,1984,13,0,0,cfbd
BYU,1985,11,3,0,cfbd
BYU,1986,8,5,0,cfbd
BYU,1987,9,4,0,cfbd
BYU,1988,9,4,0,cfbd
BYU,1989,10,3,0,cfbd
BYU,1990,10,3,0,cfbd
BYU,1991,8,3,2,cfbd
BYU,1992,8,5,0,cfbd
BYU,1993,6,6,0,cfbd
BYU,1994,10,3,0,cfbd
BYU,1995,7,4,0,cfbd
BYU,1996,14,1,0,cfbd
BYU,1997,6,5,0,cfbd
BYU,1998,9,5,0,cfbd
BYU,1999,8,4,0,cfbd
BYU,2000,6,6,0,cfbd
BYU,2001,12,2,0,cfbd
BYU,2002,5,7,0,cfbd
BYU,2003,4,8,0,cfbd
BYU,2004,5,6,0,cfbd
BYU,2005,6,6,0,cfbd
BYU,2006,11,2,0,cfbd
BYU,2007,11,2,0,cfbd
BYU,2008,10,3,0,cfbd
BYU,2009,11,2,0,cfbd
BYU,2010,7,6,0,cfbd
BYU,2011,10,3,0,cfbd
BYU,2012,8,5,0,cfbd
BYU,2013,8,5,0,cfbd
BYU,2014,8,5,0,cfbd
BYU,2015,9,4,0,cfbd
BYU,2016,9,4,0,cfbd
BYU,2017,4,9,0,cfbd
BYU,2018,7,6,0,cfbd
BYU,2019,7,6,0,cfbd
BYU,2020,11,1,0,cfbd
BYU,2021,10,3,0,cfbd
BYU,2022,8,5,0,cfbd
BYU,2023,5,7,0,cfbd
BYU,2024,11,2,0,cfbd
BYU,2025,12,2,0,cfbd
BYU,2026,0,0,0,cfbd
Cal Lutheran,2014,0,0,0,cfbd
Cal Lutheran,2015,0,0,0,cfbd
Cal Lutheran,2016,0,0,0,cfbd
Cal Lutheran,2017,0,0,0,cfbd
Cal Lutheran,2018,0,0,0,cfbd
Cal Lutheran,2019,0,0,0,cfbd
Cal Lutheran,2020,0,0,0,cfbd
Cal Lutheran,2021,0,0,0,cfbd
Cal Lutheran,2022,4,6,0,cfbd
Cal Lutheran,2023,3,7,0,cfbd
Cal Lutheran,2024,2,8,0,cfbd
Cal Lutheran,2025,6,4,0,cfbd
Cal Lutheran,2026,0,0,0,cfbd
Cal Poly,1936,0,0,0,cfbd
Cal Poly,1937,0,0,0,cfbd
Cal Poly,1938,0,1,0,cfbd
Cal Poly,1939,0,1,0,cfbd
Cal Poly,1940,0,0,0,cfbd
Cal Poly,1941,0,0,0,cfbd
Cal Poly,1942,0,0,0,cfbd
Cal Poly,1945,0,0,0,cfbd
Cal Poly,1946,0,0,0,cfbd
Cal Poly,1947,0,1,0,cfbd
Cal Poly,1948,0,0,0,cfbd
Cal Poly,1949,0,0,0,cfbd
Cal Poly,1950,0,1,0,cfbd
Cal Poly,1951,0,0,0,cfbd
Cal Poly,1952,0,0,0,cfbd
Cal Poly,1953,0,0,0,cfbd
Cal Poly,1954,0,0,0,cfbd
Cal Poly,1955,0,1,0,cfbd
Cal Poly,1956,1,1,0,cfbd
Cal Poly,1957,2,0,0,cfbd
Cal Poly,1958,1,0,0,cfbd
Cal Poly,1959,0,0,0,cfbd
Cal Poly,1960,0,1,0,cfbd
Cal Poly,1961,0,0,0,cfbd
Cal Poly,1962,0,0,0,cfbd
Cal Poly,1963,0,0,0,cfbd
Cal Poly,1964,0,0,0,cfbd
Cal Poly,1965,0,0,0,cfbd
Cal Poly,1966,0,0,0,cfbd
Cal Poly,1967,0,0,0,cfbd
Cal Poly,1968,0,0,0,cfbd
Cal Poly,1969,1,2,0,cfbd
Cal Poly,1970,1,2,0,cfbd
Cal Poly,1971,1,2,0,cfbd
Cal Poly,1972,0,0,1,cfbd
Cal Poly,1973,2,0,0,cfbd
Cal Poly,1974,1,0,0,cfbd
Cal Poly,1975,1,1,0,cfbd
Cal Poly,1976,1,0,0,cfbd
Cal Poly,1977,0,2,0,cfbd
Cal Poly,1978,2,0,0,cfbd
Cal Poly,1979,1,1,0,cfbd
Cal Poly,1980,0,2,0,cfbd
Cal Poly,1981,0,1,0,cfbd
Cal Poly,1982,0,2,0,cfbd
Cal Poly,1983,0,1,0,cfbd
Cal Poly,1984,0,1,0,cfbd
Cal Poly,1985,0,1,0,cfbd
Cal Poly,1986,0,0,0,cfbd
Cal Poly,1987,0,0,0,cfbd
Cal Poly,1988,0,0,0,cfbd
Cal Poly,1989,0,0,0,cfbd
Cal Poly,1990,0,0,0,cfbd
Cal Poly,1991,0,1,0,cfbd
Cal Poly,1992,0,0,0,cfbd
Cal Poly,1993,0,0,0,cfbd
Cal Poly,1994,0,0,0,cfbd
Cal Poly,1995,0,0,0,cfbd
Cal Poly,1996,0,1,0,cfbd
Cal Poly,1997,1,0,0,cfbd
Cal Poly,1998,0,1,0,cfbd
Cal Poly,1999,0,0,0,cfbd
Cal Poly,2000,0,0,0,cfbd
Cal Poly,2001,0,0,0,cfbd
Cal Poly,2002,0,2,0,cfbd
Cal Poly,2003,7,4,0,cfbd
Cal Poly,2004,9,2,0,cfbd
Cal Poly,2005,9,4,0,cfbd
Cal Poly,2006,4,2,0,cfbd
Cal Poly,2007,7,4,0,cfbd
Cal Poly,2008,4,3,0,cfbd
Cal Poly,2009,4,7,0,cfbd
Cal Poly,2010,6,4,0,cfbd
Cal Poly,2011,6,5,0,cfbd
Cal Poly,2012,2,1,0,cfbd
Cal Poly,2013,6,6,0,cfbd
Cal Poly,2014,7,5,0,cfbd
Cal Poly,2015,4,7,0,cfbd
Cal Poly,2016,7,5,0,cfbd
Cal Poly,2017,1,10,0,cfbd
Cal Poly,2018,5,6,0,cfbd
Cal Poly,2019,3,8,0,cfbd
Cal Poly,2020,0,3,0,cfbd
Cal Poly,2021,2,9,0,cfbd
Cal Poly,2022,2,9,0,cfbd
Cal Poly,2023,3,8,0,cfbd
Cal Poly,2024,3,8,0,cfbd
Cal Poly,2025,4,8,0,cfbd
Cal Poly,2026,1,0,0,cfbd
Cal State Fullerton,1975,2,9,0,cfbd
Cal State Fullerton,1976,3,7,1,cfbd
Cal State Fullerton,1977,4,7,0,cfbd
Cal State Fullerton,1978,5,7,0,cfbd
Cal State Fullerton,1979,3,8,0,cfbd
Cal State Fullerton,1980,4,7,0,cfbd
Cal State Fullerton,1981,3,8,0,cfbd
Cal State Fullerton,1982,3,9,0,cfbd
Cal State Fullerton,1983,7,5,0,cfbd
Cal State Fullerton,1984,11,1,0,cfbd
Cal State Fullerton,1985,6,5,0,cfbd
Cal State Fullerton,1986,3,9,0,cfbd
Cal State Fullerton,1987,6,6,0,cfbd
Cal State Fullerton,1988,5,6,0,cfbd
Cal State Fullerton,1989,6,4,1,cfbd
Cal State Fullerton,1990,1,11,0,cfbd
Cal State Fullerton,1991,2,9,0,cfbd
Cal State Fullerton,1992,2,9,0,cfbd
Cal State Los Angeles,1969,0,9,0,cfbd
Cal State Los Angeles,1970,1,9,0,cfbd
Cal State Los Angeles,1971,2,8,0,cfbd
California,1935,218,45,35,manual
California,1936,6,5,0,cfbd
California,1937,10,0,1,cfbd
California,1938,10,1,0,cfbd
California,1939,3,7,0,cfbd
California,1940,4,6,0,cfbd
California,1941,4,5,0,cfbd
California,1942,5,5,0,cfbd
California,1943,4,6,0,cfbd
California,1944,3,6,1,cfbd
California,1945,4,5,1,cfbd
California,1946,2,7,0,cfbd
California,1947,9,1,0,cfbd
California,1948,10,1,0,cfbd
California,1949,10,1,0,cfbd
California,1950,9,1,1,cfbd
California,1951,8,2,0,cfbd
California,1952,7,3,0,cfbd
California,1953,4,4,2,cfbd
California,1954,5,5,0,cfbd
California,1955,2,7,1,cfbd
California,1956,3,7,0,cfbd
California,1957,1,9,0,cfbd
California,1958,7,4,0,cfbd
California,1959,2,8,0,cfbd
California,1960,2,7,1,cfbd
California,1961,1,8,1,cfbd
California,1962,1,9,0,cfbd
California,1963,4,5,1,cfbd
California,1964,3,7,0,cfbd
California,1965,5,5,0,cfbd
California,1966,3,7,0,cfbd
California,1967,5,5,0,cfbd
California,1968,7,3,1,cfbd
California,1969,5,5,0,cfbd
California,1970,6,5,0,cfbd
California,1971,6,5,0,cfbd
California,1972,3,8,0,cfbd
California,1973,4,7,0,cfbd
California,1974,7,3,1,cfbd
California,1975,8,3,0,cfbd
California,1976,5,6,0,cfbd
California,1977,7,4,0,cfbd
California,1978,6,5,0,cfbd
California,1979,6,6,0,cfbd
California,1980,3,8,0,cfbd
California,1981,2,9,0,cfbd
California,1982,7,4,0,cfbd
California,1983,5,5,1,cfbd
California,1984,2,9,0,cfbd
California,1985,4,7,0,cfbd
California,1986,2,9,0,cfbd
California,1987,3,6,2,cfbd
California,1988,5,5,1,cfbd
California,1989,4,7,0,cfbd
California,1990,7,4,1,cfbd
California,1991,10,2,0,cfbd
California,1992,4,7,0,cfbd
California,1993,9,4,0,cfbd
California,1994,4,7,0,cfbd
California,1995,3,8,0,cfbd
California,1996,6,6,0,cfbd
California,1997,3,8,0,cfbd
California,1998,5,6,0,cfbd
California,1999,4,7,0,cfbd
California,2000,3,8,0,cfbd
California,2001,1,10,0,cfbd
California,2002,7,5,0,cfbd
California,2003,8,6,0,cfbd
California,2004,10,2,0,cfbd
California,2005,8,4,0,cfbd
California,2006,10,3,0,cfbd
California,2007,7,6,0,cfbd
California,2008,9,4,0,cfbd
California,2009,8,5,0,cfbd
California,2010,5,7,0,cfbd
California,2011,7,6,0,cfbd
California,2012,3,9,0,cfbd
California,2013,1,11,0,cfbd
California,2014,5,7,0,cfbd
California,2015,8,5,0,cfbd
California,2016,5,7,0,cfbd
California,2017,5,7,0,cfbd
California,2018,7,6,0,cfbd
California,2019,8,5,0,cfbd
California,2020,1,3,0,cfbd
California,2021,5,7,0,cfbd
California,2022,4,8,0,cfbd
California,2023,6,7,0,cfbd
California,2024,6,7,0,cfbd
California,2025,7,6,0,cfbd
California,2026,0,0,0,cfbd
California (PA),2014,0,0,0,cfbd
California (PA),2015,0,0,0,cfbd
California (PA),2016,0,0,0,cfbd
California (PA),2017,0,0,0,cfbd
California (PA),2018,0,0,0,cfbd
California (PA),2019,0,0,0,cfbd
California (PA),2020,0,0,0,cfbd
California (PA),2021,9,1,0,cfbd
California (PA),2022,6,5,0,cfbd
California (PA),2023,7,3,1,cfbd
California (PA),2024,10,3,0,cfbd
California (PA),2025,9,4,0,cfbd
California (PA),2026,0,0,0,cfbd
California-Santa Barbara,1969,6,4,0,cfbd
California-Santa Barbara,1970,2,9,0,cfbd
California-Santa Barbara,1971,3,8,0,cfbd
Calvin,2024,2,8,0,cfbd
Calvin,2025,7,3,0,cfbd
Calvin,2026,0,0,0,cfbd
Camp Grant,1943,2,6,2,cfbd
Campbell,1936,0,0,0,cfbd
Campbell,1937,0,0,0,cfbd
Campbell,1938,0,0,0,cfbd
Campbell,1939,0,0,0,cfbd
Campbell,1940,0,0,0,cfbd
Campbell,1941,0,0,0,cfbd
Campbell,1942,0,0,0,cfbd
Campbell,1943,0,0,0,cfbd
Campbell,1944,0,0,0,cfbd
Campbell,1945,0,0,0,cfbd
Campbell,1946,0,0,0,cfbd
Campbell,1947,0,0,0,cfbd
Campbell,1948,0,0,0,cfbd
Campbell,1949,0,0,0,cfbd
Campbell,1950,0,0,0,cfbd
Campbell,2008,1,10,0,cfbd
Campbell,2009,3,8,0,cfbd
Campbell,2010,3,7,0,cfbd
Campbell,2011,6,5,0,cfbd
Campbell,2012,1,9,0,cfbd
Campbell,2013,3,9,0,cfbd
Campbell,2014,4,7,0,cfbd
Campbell,2015,5,6,0,cfbd
Campbell,2016,5,5,0,cfbd
Campbell,2017,6,5,0,cfbd
Campbell,2018,6,5,0,cfbd
Campbell,2019,6,5,0,cfbd
Campbell,2020,0,4,0,cfbd
Campbell,2021,3,8,0,cfbd
Campbell,2022,5,6,0,cfbd
Campbell,2023,5,6,0,cfbd
Campbell,2024,3,9,0,cfbd
Campbell,2025,2,10,0,cfbd
Campbell,2026,0,0,0,cfbd
Capital,2014,0,0,0,cfbd
Capital,2015,0,0,0,cfbd
Capital,2016,0,0,0,cfbd
Capital,2017,0,0,0,cfbd
Capital,2018,0,0,0,cfbd
Capital,2019,0,0,0,cfbd
Capital,2020,0,4,0,cfbd
Capital,2021,0,0,0,cfbd
Capital,2022,0,10,0,cfbd
Capital,2023,1,9,0,cfbd
Capital,2024,1,9,0,cfbd
Capital,2025,3,7,0,cfbd
Capital,2026,0,0,0,cfbd
Carleton,2014,0,0,0,cfbd
Carleton,2015,0,0,0,cfbd
Carleton,2016,0,0,0,cfbd
Carleton,2017,0,0,0,cfbd
Carleton,2018,0,0,0,cfbd
Carleton,2019,0,0,0,cfbd
Carleton,2020,0,0,0,cfbd
Carleton,2021,0,0,0,cfbd
Carleton,2022,6,3,0,cfbd
Carleton,2023,7,3,0,cfbd
Carleton,2024,5,5,0,cfbd
Carleton,2025,6,4,0,cfbd
Carleton,2026,0,0,0,cfbd
Carnegie Mellon,1936,2,6,0,cfbd
Carnegie Mellon,1937,2,5,1,cfbd
Carnegie Mellon,1938,7,2,0,cfbd
Carnegie Mellon,1939,3,5,0,cfbd
Carnegie Mellon,1940,3,5,0,cfbd
Carnegie Mellon,2014,0,0,0,cfbd
Carnegie Mellon,2015,0,0,0,cfbd
Carnegie Mellon,2016,0,0,0,cfbd
Carnegie Mellon,2017,0,0,0,cfbd
Carnegie Mellon,2018,0,0,0,cfbd
Carnegie Mellon,2019,0,0,0,cfbd
Carnegie Mellon,2020,2,2,0,cfbd
Carnegie Mellon,2021,0,0,0,cfbd
Carnegie Mellon,2022,10,1,1,cfbd
Carnegie Mellon,2023,9,1,0,cfbd
Carnegie Mellon,2024,10,2,0,cfbd
Carnegie Mellon,2025,6,5,0,cfbd
Carnegie Mellon,2026,0,0,0,cfbd
Carroll (WI),2014,0,0,0,cfbd
Carroll (WI),2015,0,0,0,cfbd
Carroll (WI),2016,0,0,0,cfbd
Carroll (WI),2017,0,0,0,cfbd
Carroll (WI),2018,0,0,0,cfbd
Carroll (WI),2019,0,0,0,cfbd
Carroll (WI),2020,0,0,0,cfbd
Carroll (WI),2021,0,0,0,cfbd
Carroll (WI),2022,6,4,0,cfbd
Carroll (WI),2023,5,5,0,cfbd
Carroll (WI),2024,5,5,0,cfbd
Carroll (WI),2025,4,6,0,cfbd
Carroll (WI),2026,0,0,0,cfbd
Carson Newman,2014,0,0,0,cfbd
Carson Newman,2015,0,0,0,cfbd
Carson Newman,2016,0,0,0,cfbd
Carson Newman,2017,0,0,0,cfbd
Carson Newman,2018,0,0,0,cfbd
Carson Newman,2019,0,0,0,cfbd
Carson Newman,2020,1,0,0,cfbd
Carson Newman,2021,1,9,0,cfbd
Carson Newman,2022,6,5,0,cfbd
Carson Newman,2023,5,6,0,cfbd
Carson Newman,2024,9,3,0,cfbd
Carson Newman,2025,7,3,0,cfbd
Carson Newman,2026,0,0,0,cfbd
Carthage,2014,0,0,0,cfbd
Carthage,2015,0,0,0,cfbd
Carthage,2016,0,0,0,cfbd
Carthage,2017,0,0,0,cfbd
Carthage,2018,0,0,0,cfbd
Carthage,2019,0,0,0,cfbd
Carthage,2020,2,0,0,cfbd
Carthage,2021,0,0,0,cfbd
Carthage,2022,3,7,0,cfbd
Carthage,2023,3,7,0,cfbd
Carthage,2024,2,8,0,cfbd
Carthage,2025,4,6,0,cfbd
Carthage,2026,0,0,0,cfbd
Case Western Reserve,2014,0,0,0,cfbd
Case Western Reserve,2015,0,0,0,cfbd
Case Western Reserve,2016,0,0,0,cfbd
Case Western Reserve,2017,0,0,0,cfbd
Case Western Reserve,2018,0,0,0,cfbd
Case Western Reserve,2019,0,0,0,cfbd
Case Western Reserve,2020,0,0,0,cfbd
Case Western Reserve,2021,0,0,0,cfbd
Case Western Reserve,2022,6,4,0,cfbd
Case Western Reserve,2023,7,3,0,cfbd
Case Western Reserve,2024,6,4,0,cfbd
Case Western Reserve,2025,4,5,1,cfbd
Case Western Reserve,2026,0,0,0,cfbd
Catawba,2014,1,1,0,cfbd
Catawba,2015,1,0,0,cfbd
Catawba,2016,0,0,0,cfbd
Catawba,2017,1,0,0,cfbd
Catawba,2018,0,0,0,cfbd
Catawba,2019,0,0,0,cfbd
Catawba,2020,0,2,0,cfbd
Catawba,2021,5,4,0,cfbd
Catawba,2022,1,10,0,cfbd
Catawba,2023,5,6,0,cfbd
Catawba,2024,3,8,0,cfbd
Catawba,2025,7,4,0,cfbd
Catawba,2026,0,0,0,cfbd
Catholic,2014,0,0,0,cfbd
Catholic,2015,0,0,0,cfbd
Catholic,2016,0,0,0,cfbd
Catholic,2017,0,0,0,cfbd
Catholic,2018,0,0,0,cfbd
Catholic,2019,0,1,0,cfbd
Catholic,2020,0,0,0,cfbd
Catholic,2021,0,0,0,cfbd
Catholic,2022,6,4,0,cfbd
Catholic,2023,5,5,0,cfbd
Catholic,2024,5,5,0,cfbd
Catholic,2025,3,7,0,cfbd
Catholic,2026,0,0,0,cfbd
Centenary (LA),1936,6,4,2,cfbd
Centenary (LA),1937,6,3,3,cfbd
Centenary (LA),1938,7,4,0,cfbd
Centenary (LA),1939,2,9,1,cfbd
Centenary (LA),1940,3,7,0,cfbd
Centenary (LA),1941,0,8,2,cfbd
Centenary (LA),2024,4,6,0,cfbd
Centenary (LA),2025,1,8,0,cfbd
Centenary (LA),2026,0,0,0,cfbd
Central Arkansas,1993,0,0,0,cfbd
Central Arkansas,1994,0,0,0,cfbd
Central Arkansas,1995,0,0,0,cfbd
Central Arkansas,1996,0,1,0,cfbd
Central Arkansas,1997,0,1,0,cfbd
Central Arkansas,1998,0,0,0,cfbd
Central Arkansas,1999,0,0,0,cfbd
Central Arkansas,2000,0,0,0,cfbd
Central Arkansas,2001,0,0,0,cfbd
Central Arkansas,2002,0,0,0,cfbd
Central Arkansas,2003,0,0,0,cfbd
Central Arkansas,2004,0,0,0,cfbd
Central Arkansas,2005,0,0,0,cfbd
Central Arkansas,2006,8,3,0,cfbd
Central Arkansas,2007,6,5,0,cfbd
Central Arkansas,2008,3,1,0,cfbd
Central Arkansas,2009,5,7,0,cfbd
Central Arkansas,2010,7,3,0,cfbd
Central Arkansas,2011,9,4,0,cfbd
Central Arkansas,2012,9,3,0,cfbd
Central Arkansas,2013,7,5,0,cfbd
Central Arkansas,2014,6,6,0,cfbd
Central Arkansas,2015,6,4,0,cfbd
Central Arkansas,2016,10,3,0,cfbd
Central Arkansas,2017,10,2,0,cfbd
Central Arkansas,2018,6,5,0,cfbd
Central Arkansas,2019,9,4,0,cfbd
Central Arkansas,2020,5,4,0,cfbd
Central Arkansas,2021,5,6,0,cfbd
Central Arkansas,2022,5,6,0,cfbd
Central Arkansas,2023,7,4,0,cfbd
Central Arkansas,2024,6,6,0,cfbd
Central Arkansas,2025,3,9,0,cfbd
Central Arkansas,2026,1,0,0,cfbd
Central College,2014,0,0,0,cfbd
Central College,2015,0,0,0,cfbd
Central College,2016,0,0,0,cfbd
Central College,2017,0,0,0,cfbd
Central College,2018,0,0,0,cfbd
Central College,2019,0,0,0,cfbd
Central College,2020,2,0,0,cfbd
Central College,2021,0,0,0,cfbd
Central College,2022,7,3,0,cfbd
Central College,2023,8,2,0,cfbd
Central College,2024,8,2,0,cfbd
Central College,2025,8,2,0,cfbd
Central College,2026,0,0,0,cfbd
Central Connecticut,1936,0,0,0,cfbd
Central Connecticut,1937,0,0,0,cfbd
Central Connecticut,1938,0,0,0,cfbd
Central Connecticut,1939,0,0,0,cfbd
Central Connecticut,1940,0,0,0,cfbd
Central Connecticut,1941,0,0,0,cfbd
Central Connecticut,1946,0,0,0,cfbd
Central Connecticut,1947,0,0,0,cfbd
Central Connecticut,1948,0,0,0,cfbd
Central Connecticut,1949,0,0,0,cfbd
Central Connecticut,1950,0,0,0,cfbd
Central Connecticut,1951,0,0,0,cfbd
Central Connecticut,1952,0,0,0,cfbd
Central Connecticut,1953,0,0,0,cfbd
Central Connecticut,1954,0,0,0,cfbd
Central Connecticut,1955,0,0,0,cfbd
Central Connecticut,1956,0,0,0,cfbd
Central Connecticut,1957,0,0,0,cfbd
Central Connecticut,1958,0,0,0,cfbd
Central Connecticut,1963,0,0,0,cfbd
Central Connecticut,1964,0,0,0,cfbd
Central Connecticut,1965,0,0,0,cfbd
Central Connecticut,1966,0,0,0,cfbd
Central Connecticut,1967,0,0,0,cfbd
Central Connecticut,1968,0,0,0,cfbd
Central Connecticut,1969,0,0,0,cfbd
Central Connecticut,1970,0,0,0,cfbd
Central Connecticut,1971,0,0,0,cfbd
Central Connecticut,1972,0,0,0,cfbd
Central Connecticut,1973,0,0,0,cfbd
Central Connecticut,1974,0,0,0,cfbd
Central Connecticut,1975,0,0,0,cfbd
Central Connecticut,1976,0,0,0,cfbd
Central Connecticut,1977,0,0,0,cfbd
Central Connecticut,1978,0,0,0,cfbd
Central Connecticut,1979,0,0,0,cfbd
Central Connecticut,1980,0,0,0,cfbd
Central Connecticut,1981,0,0,0,cfbd
Central Connecticut,1982,0,0,0,cfbd
Central Connecticut,1983,0,0,0,cfbd
Central Connecticut,1984,0,0,0,cfbd
Central Connecticut,1985,0,0,0,cfbd
Central Connecticut,1986,0,0,0,cfbd
Central Connecticut,1987,0,0,0,cfbd
Central Connecticut,1988,0,0,0,cfbd
Central Connecticut,1989,0,0,0,cfbd
Central Connecticut,1990,0,0,0,cfbd
Central Connecticut,1991,0,0,0,cfbd
Central Connecticut,1992,0,0,0,cfbd
Central Connecticut,1993,0,0,0,cfbd
Central Connecticut,1994,0,0,0,cfbd
Central Connecticut,1995,0,0,0,cfbd
Central Connecticut,1996,0,0,0,cfbd
Central Connecticut,1997,0,0,0,cfbd
Central Connecticut,1998,0,0,0,cfbd
Central Connecticut,1999,0,0,0,cfbd
Central Connecticut,2000,0,0,0,cfbd
Central Connecticut,2001,0,0,0,cfbd
Central Connecticut,2002,0,0,0,cfbd
Central Connecticut,2003,3,8,0,cfbd
Central Connecticut,2004,8,3,0,cfbd
Central Connecticut,2005,7,4,0,cfbd
Central Connecticut,2006,8,3,0,cfbd
Central Connecticut,2007,6,5,0,cfbd
Central Connecticut,2008,7,4,0,cfbd
Central Connecticut,2009,9,3,0,cfbd
Central Connecticut,2010,8,3,0,cfbd
Central Connecticut,2011,4,7,0,cfbd
Central Connecticut,2012,1,8,0,cfbd
Central Connecticut,2013,4,6,0,cfbd
Central Connecticut,2014,3,9,0,cfbd
Central Connecticut,2015,4,7,0,cfbd
Central Connecticut,2016,2,9,0,cfbd
Central Connecticut,2017,8,4,0,cfbd
Central Connecticut,2018,6,5,0,cfbd
Central Connecticut,2019,11,2,0,cfbd
Central Connecticut,2021,4,7,0,cfbd
Central Connecticut,2022,2,9,0,cfbd
Central Connecticut,2023,3,8,0,cfbd
Central Connecticut,2024,7,6,0,cfbd
Central Connecticut,2025,8,5,0,cfbd
Central Connecticut,2026,0,0,0,cfbd
Central Michigan,1936,0,0,0,cfbd
Central Michigan,1937,0,0,0,cfbd
Central Michigan,1938,0,0,0,cfbd
Central Michigan,1939,0,1,0,cfbd
Central Michigan,1940,0,0,0,cfbd
Central Michigan,1941,0,1,0,cfbd
Central Michigan,1942,0,0,0,cfbd
Central Michigan,1943,0,0,0,cfbd
Central Michigan,1944,0,0,0,cfbd
Central Michigan,1945,0,0,0,cfbd
Central Michigan,1946,0,0,0,cfbd
Central Michigan,1947,0,1,0,cfbd
Central Michigan,1948,0,0,0,cfbd
Central Michigan,1949,0,0,0,cfbd
Central Michigan,1950,0,0,0,cfbd
Central Michigan,1951,0,0,0,cfbd
Central Michigan,1952,0,0,0,cfbd
Central Michigan,1953,0,0,0,cfbd
Central Michigan,1954,0,0,0,cfbd
Central Michigan,1955,0,0,0,cfbd
Central Michigan,1956,0,0,0,cfbd
Central Michigan,1957,0,0,0,cfbd
Central Michigan,1958,0,0,0,cfbd
Central Michigan,1959,0,0,0,cfbd
Central Michigan,1960,0,0,0,cfbd
Central Michigan,1961,0,0,0,cfbd
Central Michigan,1962,0,1,0,cfbd
Central Michigan,1963,1,0,0,cfbd
Central Michigan,1964,1,0,0,cfbd
Central Michigan,1965,0,1,0,cfbd
Central Michigan,1966,0,1,0,cfbd
Central Michigan,1967,0,0,0,cfbd
Central Michigan,1968,0,0,0,cfbd
Central Michigan,1969,0,1,0,cfbd
Central Michigan,1970,0,1,0,cfbd
Central Michigan,1971,0,0,0,cfbd
Central Michigan,1972,0,1,0,cfbd
Central Michigan,1973,1,3,0,cfbd
Central Michigan,1974,3,1,0,cfbd
Central Michigan,1975,8,2,1,cfbd
Central Michigan,1976,7,4,0,cfbd
Central Michigan,1977,10,1,0,cfbd
Central Michigan,1978,9,2,0,cfbd
Central Michigan,1979,10,0,1,cfbd
Central Michigan,1980,9,2,0,cfbd
Central Michigan,1981,7,4,0,cfbd
Central Michigan,1982,6,4,1,cfbd
Central Michigan,1983,8,3,0,cfbd
Central Michigan,1984,8,2,1,cfbd
Central Michigan,1985,7,3,0,cfbd
Central Michigan,1986,5,5,0,cfbd
Central Michigan,1987,5,5,1,cfbd
Central Michigan,1988,7,4,0,cfbd
Central Michigan,1989,5,5,1,cfbd
Central Michigan,1990,8,3,1,cfbd
Central Michigan,1991,6,1,4,cfbd
Central Michigan,1992,5,6,0,cfbd
Central Michigan,1993,5,6,0,cfbd
Central Michigan,1994,9,3,0,cfbd
Central Michigan,1995,4,7,0,cfbd
Central Michigan,1996,5,6,0,cfbd
Central Michigan,1997,2,9,0,cfbd
Central Michigan,1998,6,5,0,cfbd
Central Michigan,1999,4,7,0,cfbd
Central Michigan,2000,2,9,0,cfbd
Central Michigan,2001,3,8,0,cfbd
Central Michigan,2002,4,8,0,cfbd
Central Michigan,2003,3,9,0,cfbd
Central Michigan,2004,4,7,0,cfbd
Central Michigan,2005,6,5,0,cfbd
Central Michigan,2006,10,4,0,cfbd
Central Michigan,2007,8,6,0,cfbd
Central Michigan,2008,8,5,0,cfbd
Central Michigan,2009,12,2,0,cfbd
Central Michigan,2010,3,9,0,cfbd
Central Michigan,2011,3,9,0,cfbd
Central Michigan,2012,7,6,0,cfbd
Central Michigan,2013,6,6,0,cfbd
Central Michigan,2014,7,6,0,cfbd
Central Michigan,2015,7,6,0,cfbd
Central Michigan,2016,6,7,0,cfbd
Central Michigan,2017,8,5,0,cfbd
Central Michigan,2018,1,11,0,cfbd
Central Michigan,2019,8,6,0,cfbd
Central Michigan,2020,3,3,0,cfbd
Central Michigan,2021,9,4,0,cfbd
Central Michigan,2022,4,8,0,cfbd
Central Michigan,2023,5,7,0,cfbd
Central Michigan,2024,4,8,0,cfbd
Central Michigan,2025,7,6,0,cfbd
Central Michigan,2026,0,0,0,cfbd
Central Missouri,2014,0,0,0,cfbd
Central Missouri,2015,0,0,0,cfbd
Central Missouri,2016,0,0,0,cfbd
Central Missouri,2017,0,0,0,cfbd
Central Missouri,2018,0,0,0,cfbd
Central Missouri,2019,0,0,0,cfbd
Central Missouri,2020,0,0,0,cfbd
Central Missouri,2021,4,7,0,cfbd
Central Missouri,2022,4,7,0,cfbd
Central Missouri,2023,11,2,0,cfbd
Central Missouri,2024,8,3,0,cfbd
Central Missouri,2025,5,6,0,cfbd
Central Missouri,2026,0,0,0,cfbd
Central Oklahoma,2014,0,0,0,cfbd
Central Oklahoma,2015,0,0,0,cfbd
Central Oklahoma,2016,0,0,0,cfbd
Central Oklahoma,2017,0,0,0,cfbd
Central Oklahoma,2018,0,0,0,cfbd
Central Oklahoma,2019,0,0,0,cfbd
Central Oklahoma,2020,0,0,0,cfbd
Central Oklahoma,2021,4,7,0,cfbd
Central Oklahoma,2022,6,5,0,cfbd
Central Oklahoma,2023,5,6,0,cfbd
Central Oklahoma,2024,11,2,0,cfbd
Central Oklahoma,2025,6,5,0,cfbd
Central Oklahoma,2026,0,0,0,cfbd
Central State,2014,0,1,0,cfbd
Central State,2015,0,0,0,cfbd
Central State,2016,0,1,0,cfbd
Central State,2017,1,0,0,cfbd
Central State,2018,0,1,0,cfbd
Central State,2019,0,1,0,cfbd
Central State,2020,0,0,0,cfbd
Central State,2021,1,9,0,cfbd
Central State,2022,3,7,0,cfbd
Central State,2023,5,5,0,cfbd
Central State,2024,1,9,0,cfbd
Central State,2025,3,7,0,cfbd
Central State,2026,0,0,0,cfbd
Central Washington,2014,0,1,0,cfbd
Central Washington,2015,0,0,0,cfbd
Central Washington,2016,0,0,0,cfbd
Central Washington,2017,0,0,0,cfbd
Central Washington,2018,0,1,0,cfbd
Central Washington,2019,0,1,0,cfbd
Central Washington,2020,0,1,0,cfbd
Central Washington,2021,8,3,0,cfbd
Central Washington,2022,6,4,0,cfbd
Central Washington,2023,9,4,0,cfbd
Central Washington,2024,8,4,0,cfbd
Central Washington,2025,10,2,0,cfbd
Central Washington,2026,0,0,0,cfbd
Centre,2014,0,0,0,cfbd
Centre,2015,0,0,0,cfbd
Centre,2016,0,0,0,cfbd
Centre,2017,0,0,0,cfbd
Centre,2018,0,0,0,cfbd
Centre,2019,0,0,0,cfbd
Centre,2020,2,2,0,cfbd
Centre,2021,0,0,0,cfbd
Centre,2022,6,4,0,cfbd
Centre,2023,6,4,0,cfbd
Centre,2024,8,3,0,cfbd
Centre,2025,5,5,0,cfbd
Centre,2026,0,0,0,cfbd
Chadron State,2014,0,1,0,cfbd
Chadron State,2015,0,1,0,cfbd
Chadron State,2016,0,0,0,cfbd
Chadron State,2017,0,0,0,cfbd
Chadron State,2018,0,0,0,cfbd
Chadron State,2019,0,0,0,cfbd
Chadron State,2020,0,0,0,cfbd
Chadron State,2021,6,5,0,cfbd
Chadron State,2022,3,8,0,cfbd
Chadron State,2023,5,6,0,cfbd
Chadron State,2024,3,8,0,cfbd
Chadron State,2025,8,4,0,cfbd
Chadron State,2026,0,0,0,cfbd
Chapman,2014,0,0,0,cfbd
Chapman,2015,0,0,0,cfbd
Chapman,2016,0,0,0,cfbd
Chapman,2017,0,0,0,cfbd
Chapman,2018,0,0,0,cfbd
Chapman,2019,0,0,0,cfbd
Chapman,2020,0,0,0,cfbd
Chapman,2021,0,0,0,cfbd
Chapman,2022,7,3,0,cfbd
Chapman,2023,6,4,1,cfbd
Chapman,2024,7,3,0,cfbd
Chapman,2025,9,3,0,cfbd
Chapman,2026,0,0,0,cfbd
Charleston (WV),2014,0,0,0,cfbd
Charleston (WV),2015,0,0,0,cfbd
Charleston (WV),2016,0,0,0,cfbd
Charleston (WV),2017,0,0,0,cfbd
Charleston (WV),2018,0,0,0,cfbd
Charleston (WV),2019,1,0,0,cfbd
Charleston (WV),2020,3,0,0,cfbd
Charleston (WV),2021,8,2,0,cfbd
Charleston (WV),2022,6,5,0,cfbd
Charleston (WV),2023,10,2,0,cfbd
Charleston (WV),2024,11,1,0,cfbd
Charleston (WV),2025,8,3,0,cfbd
Charleston (WV),2026,0,0,0,cfbd
Charleston Southern,1991,0,0,0,cfbd
Charleston Southern,1992,0,0,0,cfbd
Charleston Southern,1993,0,0,0,cfbd
Charleston Southern,1994,0,0,0,cfbd
Charleston Southern,1995,0,0,0,cfbd
Charleston Southern,1996,0,1,0,cfbd
Charleston Southern,1997,0,0,0,cfbd
Charleston Southern,1998,0,0,0,cfbd
Charleston Southern,1999,0,0,0,cfbd
Charleston Southern,2000,0,0,0,cfbd
Charleston Southern,2001,0,0,0,cfbd
Charleston Southern,2002,0,1,0,cfbd
Charleston Southern,2003,1,11,0,cfbd
Charleston Southern,2004,5,5,0,cfbd
Charleston Southern,2005,7,4,0,cfbd
Charleston Southern,2006,9,2,0,cfbd
Charleston Southern,2007,5,6,0,cfbd
Charleston Southern,2008,7,5,0,cfbd
Charleston Southern,2009,5,5,0,cfbd
Charleston Southern,2010,3,8,0,cfbd
Charleston Southern,2011,0,10,0,cfbd
Charleston Southern,2012,0,3,0,cfbd
Charleston Southern,2013,10,3,0,cfbd
Charleston Southern,2014,8,4,0,cfbd
Charleston Southern,2015,10,3,0,cfbd
Charleston Southern,2016,7,4,0,cfbd
Charleston Southern,2017,6,5,0,cfbd
Charleston Southern,2018,5,6,0,cfbd
Charleston Southern,2019,6,6,0,cfbd
Charleston Southern,2020,2,2,0,cfbd
Charleston Southern,2021,4,6,0,cfbd
Charleston Southern,2022,2,8,0,cfbd
Charleston Southern,2023,4,7,0,cfbd
Charleston Southern,2024,1,11,0,cfbd
Charleston Southern,2025,5,7,0,cfbd
Charleston Southern,2026,0,1,0,cfbd
Charlotte,1946,0,0,0,cfbd
Charlotte,1947,0,0,0,cfbd
Charlotte,1948,0,0,0,cfbd
Charlotte,2013,5,6,0,cfbd
Charlotte,2014,5,6,0,cfbd
Charlotte,2015,2,10,0,cfbd
Charlotte,2016,4,8,0,cfbd
Charlotte,2017,1,11,0,cfbd
Charlotte,2018,5,7,0,cfbd
Charlotte,2019,7,6,0,cfbd
Charlotte,2020,2,4,0,cfbd
Charlotte,2021,5,7,0,cfbd
Charlotte,2022,3,9,0,cfbd
Charlotte,2023,3,9,0,cfbd
Charlotte,2024,5,7,0,cfbd
Charlotte,2025,1,11,0,cfbd
Charlotte,2026,0,0,0,cfbd
Chattanooga,1936,2,1,0,cfbd
Chattanooga,1937,0,0,0,cfbd
Chattanooga,1938,0,2,0,cfbd
Chattanooga,1939,1,1,0,cfbd
Chattanooga,1940,1,1,0,cfbd
Chattanooga,1941,1,1,0,cfbd
Chattanooga,1942,0,3,0,cfbd
Chattanooga,1945,5,3,0,cfbd
Chattanooga,1946,5,5,0,cfbd
Chattanooga,1947,4,6,0,cfbd
Chattanooga,1948,4,5,0,cfbd
Chattanooga,1949,1,3,0,cfbd
Chattanooga,1950,1,4,0,cfbd
Chattanooga,1951,0,3,0,cfbd
Chattanooga,1952,0,2,0,cfbd
Chattanooga,1953,0,3,0,cfbd
Chattanooga,1954,1,3,0,cfbd
Chattanooga,1955,1,3,0,cfbd
Chattanooga,1956,0,3,0,cfbd
Chattanooga,1957,1,3,0,cfbd
Chattanooga,1958,1,1,0,cfbd
Chattanooga,1959,1,3,0,cfbd
Chattanooga,1960,0,4,0,cfbd
Chattanooga,1961,0,4,0,cfbd
Chattanooga,1962,0,3,0,cfbd
Chattanooga,1963,0,4,0,cfbd
Chattanooga,1964,1,3,0,cfbd
Chattanooga,1965,1,3,0,cfbd
Chattanooga,1966,0,4,0,cfbd
Chattanooga,1967,0,3,0,cfbd
Chattanooga,1968,2,1,0,cfbd
Chattanooga,1969,1,2,0,cfbd
Chattanooga,1970,1,3,0,cfbd
Chattanooga,1971,2,9,0,cfbd
Chattanooga,1972,2,9,0,cfbd
Chattanooga,1973,4,7,0,cfbd
Chattanooga,1974,4,7,0,cfbd
Chattanooga,1975,5,5,1,cfbd
Chattanooga,1976,6,4,1,cfbd
Chattanooga,1977,9,1,1,cfbd
Chattanooga,1978,7,3,1,cfbd
Chattanooga,1979,9,2,0,cfbd
Chattanooga,1980,8,3,0,cfbd
Chattanooga,1981,7,3,1,cfbd
Chattanooga,1982,0,1,0,cfbd
Chattanooga,1983,1,0,0,cfbd
Chattanooga,1984,1,1,0,cfbd
Chattanooga,1985,0,2,0,cfbd
Chattanooga,1986,0,1,0,cfbd
Chattanooga,1987,0,0,0,cfbd
Chattanooga,1988,0,2,0,cfbd
Chattanooga,1989,0,0,0,cfbd
Chattanooga,1990,0,1,0,cfbd
Chattanooga,1991,0,1,0,cfbd
Chattanooga,1992,0,1,0,cfbd
Chattanooga,1993,0,1,0,cfbd
Chattanooga,1994,0,1,0,cfbd
Chattanooga,1995,0,1,0,cfbd
Chattanooga,1996,0,1,0,cfbd
Chattanooga,1997,0,0,0,cfbd
Chattanooga,1998,0,1,0,cfbd
Chattanooga,1999,0,1,0,cfbd
Chattanooga,2000,0,1,0,cfbd
Chattanooga,2001,0,1,0,cfbd
Chattanooga,2002,0,1,0,cfbd
Chattanooga,2003,3,9,0,cfbd
Chattanooga,2004,2,9,0,cfbd
Chattanooga,2005,6,5,0,cfbd
Chattanooga,2006,3,8,0,cfbd
Chattanooga,2007,2,9,0,cfbd
Chattanooga,2008,1,11,0,cfbd
Chattanooga,2009,6,5,0,cfbd
Chattanooga,2010,6,5,0,cfbd
Chattanooga,2011,5,6,0,cfbd
Chattanooga,2012,6,5,0,cfbd
Chattanooga,2013,8,4,0,cfbd
Chattanooga,2014,10,4,0,cfbd
Chattanooga,2015,9,4,0,cfbd
Chattanooga,2016,9,4,0,cfbd
Chattanooga,2017,3,8,0,cfbd
Chattanooga,2018,6,5,0,cfbd
Chattanooga,2019,6,6,0,cfbd
Chattanooga,2020,3,2,0,cfbd
Chattanooga,2021,6,5,0,cfbd
Chattanooga,2022,7,4,0,cfbd
Chattanooga,2023,8,5,0,cfbd
Chattanooga,2024,7,5,0,cfbd
Chattanooga,2025,5,7,0,cfbd
Chattanooga,2026,1,0,0,cfbd
Cheyney,2014,0,0,0,cfbd
Cheyney,2015,0,0,0,cfbd
Cheyney,2016,0,0,0,cfbd
Cheyney,2017,0,0,0,cfbd
Cheyney,2018,0,0,0,cfbd
Cheyney,2019,0,0,0,cfbd
Cheyney,2020,0,0,0,cfbd
Cheyney,2021,0,0,0,cfbd
Cheyney,2022,0,0,0,cfbd
Cheyney,2023,0,0,0,cfbd
Cheyney,2024,0,0,0,cfbd
Cheyney,2025,0,0,0,cfbd
Cheyney,2026,0,0,0,cfbd
Chicago,1936,2,5,1,cfbd
Chicago,1937,1,6,0,cfbd
Chicago,1938,1,6,1,cfbd
Chicago,1939,2,6,0,cfbd
Chicago,2014,0,0,0,cfbd
Chicago,2015,0,0,0,cfbd
Chicago,2016,0,0,0,cfbd
Chicago,2017,0,0,0,cfbd
Chicago,2018,0,0,0,cfbd
Chicago,2019,0,0,0,cfbd
Chicago,2020,0,0,0,cfbd
Chicago,2021,0,0,0,cfbd
Chicago,2022,7,2,0,cfbd
Chicago,2023,6,4,0,cfbd
Chicago,2024,6,4,0,cfbd
Chicago,2025,7,3,0,cfbd
Chicago,2026,0,0,0,cfbd
Chicago State,2026,0,0,0,cfbd
Chowan,2014,0,1,0,cfbd
Chowan,2015,1,1,0,cfbd
Chowan,2016,0,1,0,cfbd
Chowan,2017,0,0,0,cfbd
Chowan,2018,0,2,0,cfbd
Chowan,2019,0,0,0,cfbd
Chowan,2020,0,0,0,cfbd
Chowan,2021,7,3,0,cfbd
Chowan,2022,6,3,0,cfbd
Chowan,2023,0,10,0,cfbd
Chowan,2024,3,7,0,cfbd
Chowan,2025,4,7,0,cfbd
Chowan,2026,0,0,0,cfbd
Christopher Newport,2014,0,0,0,cfbd
Christopher Newport,2015,0,0,0,cfbd
Christopher Newport,2016,0,0,0,cfbd
Christopher Newport,2017,0,0,0,cfbd
Christopher Newport,2018,0,0,0,cfbd
Christopher Newport,2019,0,0,0,cfbd
Christopher Newport,2020,0,2,0,cfbd
Christopher Newport,2021,0,0,0,cfbd
Christopher Newport,2022,7,2,0,cfbd
Christopher Newport,2023,7,4,0,cfbd
Christopher Newport,2024,7,3,0,cfbd
Christopher Newport,2025,10,1,0,cfbd
Christopher Newport,2026,0,0,0,cfbd
Cincinnati,1936,0,3,0,cfbd
Cincinnati,1937,0,1,0,cfbd
Cincinnati,1938,0,0,0,cfbd
Cincinnati,1939,0,1,0,cfbd
Cincinnati,1940,1,1,1,cfbd
Cincinnati,1941,0,1,0,cfbd
Cincinnati,1942,0,2,0,cfbd
Cincinnati,1945,1,2,0,cfbd
Cincinnati,1946,3,2,0,cfbd
Cincinnati,1947,1,1,0,cfbd
Cincinnati,1948,0,4,1,cfbd
Cincinnati,1949,2,2,0,cfbd
Cincinnati,1950,3,3,0,cfbd
Cincinnati,1951,5,0,0,cfbd
Cincinnati,1952,2,1,1,cfbd
Cincinnati,1953,3,1,0,cfbd
Cincinnati,1954,8,2,0,cfbd
Cincinnati,1955,1,6,2,cfbd
Cincinnati,1956,4,5,0,cfbd
Cincinnati,1957,5,4,1,cfbd
Cincinnati,1958,6,2,2,cfbd
Cincinnati,1959,5,4,1,cfbd
Cincinnati,1960,4,6,0,cfbd
Cincinnati,1961,3,7,0,cfbd
Cincinnati,1962,2,8,0,cfbd
Cincinnati,1963,6,4,0,cfbd
Cincinnati,1964,8,2,0,cfbd
Cincinnati,1965,5,5,0,cfbd
Cincinnati,1966,3,7,0,cfbd
Cincinnati,1967,3,6,0,cfbd
Cincinnati,1968,5,4,1,cfbd
Cincinnati,1969,4,6,0,cfbd
Cincinnati,1970,7,4,0,cfbd
Cincinnati,1971,7,4,0,cfbd
Cincinnati,1972,2,9,0,cfbd
Cincinnati,1973,4,7,0,cfbd
Cincinnati,1974,7,4,0,cfbd
Cincinnati,1975,6,5,0,cfbd
Cincinnati,1976,8,3,0,cfbd
Cincinnati,1977,5,4,2,cfbd
Cincinnati,1978,5,6,0,cfbd
Cincinnati,1979,2,9,0,cfbd
Cincinnati,1980,2,9,0,cfbd
Cincinnati,1981,6,5,0,cfbd
Cincinnati,1982,6,5,0,cfbd
Cincinnati,1983,4,6,1,cfbd
Cincinnati,1984,2,9,0,cfbd
Cincinnati,1985,5,6,0,cfbd
Cincinnati,1986,5,6,0,cfbd
Cincinnati,1987,4,7,0,cfbd
Cincinnati,1988,3,8,0,cfbd
Cincinnati,1989,1,9,1,cfbd
Cincinnati,1990,1,10,0,cfbd
Cincinnati,1991,4,7,0,cfbd
Cincinnati,1992,3,8,0,cfbd
Cincinnati,1993,8,3,0,cfbd
Cincinnati,1994,2,8,1,cfbd
Cincinnati,1995,6,5,0,cfbd
Cincinnati,1996,6,5,0,cfbd
Cincinnati,1997,8,4,0,cfbd
Cincinnati,1998,2,9,0,cfbd
Cincinnati,1999,3,8,0,cfbd
Cincinnati,2000,7,5,0,cfbd
Cincinnati,2001,7,5,0,cfbd
Cincinnati,2002,7,7,0,cfbd
Cincinnati,2003,5,7,0,cfbd
Cincinnati,2004,7,5,0,cfbd
Cincinnati,2005,4,7,0,cfbd
Cincinnati,2006,8,5,0,cfbd
Cincinnati,2007,10,3,0,cfbd
Cincinnati,2008,11,3,0,cfbd
Cincinnati,2009,12,1,0,cfbd
Cincinnati,2010,4,8,0,cfbd
Cincinnati,2011,10,3,0,cfbd
Cincinnati,2012,10,3,0,cfbd
Cincinnati,2013,9,4,0,cfbd
Cincinnati,2014,9,4,0,cfbd
Cincinnati,2015,7,6,0,cfbd
Cincinnati,2016,4,8,0,cfbd
Cincinnati,2017,4,8,0,cfbd
Cincinnati,2018,11,2,0,cfbd
Cincinnati,2019,11,3,0,cfbd
Cincinnati,2020,9,1,0,cfbd
Cincinnati,2021,13,1,0,cfbd
Cincinnati,2022,9,4,0,cfbd
Cincinnati,2023,3,9,0,cfbd
Cincinnati,2024,5,7,0,cfbd
Cincinnati,2025,7,6,0,cfbd
Cincinnati,2026,0,0,0,cfbd
Claremont Mudd Scripps,2014,0,0,0,cfbd
Claremont Mudd Scripps,2015,0,0,0,cfbd
Claremont Mudd Scripps,2016,0,0,0,cfbd
Claremont Mudd Scripps,2017,0,0,0,cfbd
Claremont Mudd Scripps,2018,0,0,0,cfbd
Claremont Mudd Scripps,2019,0,0,0,cfbd
Claremont Mudd Scripps,2020,0,0,0,cfbd
Claremont Mudd Scripps,2021,0,0,0,cfbd
Claremont Mudd Scripps,2022,7,2,0,cfbd
Claremont Mudd Scripps,2023,8,2,0,cfbd
Claremont Mudd Scripps,2024,8,2,0,cfbd
Claremont Mudd Scripps,2025,5,5,0,cfbd
Claremont Mudd Scripps,2026,0,0,0,cfbd
Clarion,2014,0,1,0,cfbd
Clarion,2015,0,0,0,cfbd
Clarion,2016,0,0,0,cfbd
Clarion,2017,0,1,0,cfbd
Clarion,2018,0,0,0,cfbd
Clarion,2019,0,0,0,cfbd
Clarion,2020,0,0,0,cfbd
Clarion,2021,0,10,0,cfbd
Clarion,2022,3,8,0,cfbd
Clarion,2023,2,9,0,cfbd
Clarion,2024,3,8,0,cfbd
Clarion,2025,6,5,0,cfbd
Clarion,2026,0,0,0,cfbd
Clark Atlanta,2014,0,0,0,cfbd
Clark Atlanta,2015,0,1,0,cfbd
Clark Atlanta,2016,0,1,0,cfbd
Clark Atlanta,2017,0,1,0,cfbd
Clark Atlanta,2018,0,1,0,cfbd
Clark Atlanta,2019,0,0,0,cfbd
Clark Atlanta,2020,0,0,0,cfbd
Clark Atlanta,2021,2,8,0,cfbd
Clark Atlanta,2022,3,7,0,cfbd
Clark Atlanta,2023,0,10,0,cfbd
Clark Atlanta,2024,7,3,1,cfbd
Clark Atlanta,2025,3,7,0,cfbd
Clark Atlanta,2026,0,0,0,cfbd
Clemson,1935,151,135,23,manual
Clemson,1936,5,5,0,cfbd
Clemson,1937,4,4,1,cfbd
Clemson,1938,7,1,1,cfbd
Clemson,1939,9,1,0,cfbd
Clemson,1940,6,2,1,cfbd
Clemson,1941,7,2,0,cfbd
Clemson,1942,3,6,1,cfbd
Clemson,1943,2,6,0,cfbd
Clemson,1944,4,5,0,cfbd
Clemson,1945,6,3,1,cfbd
Clemson,1946,4,5,0,cfbd
Clemson,1947,4,5,0,cfbd
Clemson,1948,11,0,0,cfbd
Clemson,1949,4,4,2,cfbd
Clemson,1950,9,0,1,cfbd
Clemson,1951,7,3,0,cfbd
Clemson,1952,2,6,1,cfbd
Clemson,1953,3,5,1,cfbd
Clemson,1954,5,5,0,cfbd
Clemson,1955,7,3,0,cfbd
Clemson,1956,7,2,2,cfbd
Clemson,1957,7,3,0,cfbd
Clemson,1958,8,3,0,cfbd
Clemson,1959,9,2,0,cfbd
Clemson,1960,6,4,0,cfbd
Clemson,1961,5,5,0,cfbd
Clemson,1962,6,4,0,cfbd
Clemson,1963,5,4,1,cfbd
Clemson,1964,3,7,0,cfbd
Clemson,1965,5,5,0,cfbd
Clemson,1966,6,4,0,cfbd
Clemson,1967,6,4,0,cfbd
Clemson,1968,4,5,1,cfbd
Clemson,1969,4,6,0,cfbd
Clemson,1970,3,8,0,cfbd
Clemson,1971,5,6,0,cfbd
Clemson,1972,4,7,0,cfbd
Clemson,1973,5,6,0,cfbd
Clemson,1974,7,4,0,cfbd
Clemson,1975,2,9,0,cfbd
Clemson,1976,3,6,2,cfbd
Clemson,1977,8,3,1,cfbd
Clemson,1978,11,1,0,cfbd
Clemson,1979,8,4,0,cfbd
Clemson,1980,6,5,0,cfbd
Clemson,1981,12,0,0,cfbd
Clemson,1982,9,1,1,cfbd
Clemson,1983,9,1,1,cfbd
Clemson,1984,7,4,0,cfbd
Clemson,1985,6,6,0,cfbd
Clemson,1986,8,2,2,cfbd
Clemson,1987,10,2,0,cfbd
Clemson,1988,10,2,0,cfbd
Clemson,1989,10,2,0,cfbd
Clemson,1990,10,2,0,cfbd
Clemson,1991,9,2,1,cfbd
Clemson,1992,5,6,0,cfbd
Clemson,1993,9,3,0,cfbd
Clemson,1994,5,6,0,cfbd
Clemson,1995,8,4,0,cfbd
Clemson,1996,7,5,0,cfbd
Clemson,1997,7,5,0,cfbd
Clemson,1998,3,8,0,cfbd
Clemson,1999,6,6,0,cfbd
Clemson,2000,9,3,0,cfbd
Clemson,2001,7,5,0,cfbd
Clemson,2002,7,6,0,cfbd
Clemson,2003,9,4,0,cfbd
Clemson,2004,6,5,0,cfbd
Clemson,2005,8,4,0,cfbd
Clemson,2006,8,5,0,cfbd
Clemson,2007,9,4,0,cfbd
Clemson,2008,7,6,0,cfbd
Clemson,2009,9,5,0,cfbd
Clemson,2010,6,7,0,cfbd
Clemson,2011,10,4,0,cfbd
Clemson,2012,11,2,0,cfbd
Clemson,2013,11,2,0,cfbd
Clemson,2014,10,3,0,cfbd
Clemson,2015,14,1,0,cfbd
Clemson,2016,14,1,0,cfbd
Clemson,2017,12,2,0,cfbd
Clemson,2018,15,0,0,cfbd
Clemson,2019,14,1,0,cfbd
Clemson,2020,10,2,0,cfbd
Clemson,2021,10,3,0,cfbd
Clemson,2022,11,3,0,cfbd
Clemson,2023,9,4,0,cfbd
Clemson,2024,10,4,0,cfbd
Clemson,2025,7,6,0,cfbd
Clemson,2026,0,0,0,cfbd
Coast Guard,1944,6,3,0,cfbd
Coast Guard,1945,0,7,1,cfbd
Coast Guard,2014,0,0,0,cfbd
Coast Guard,2015,0,0,0,cfbd
Coast Guard,2016,0,0,0,cfbd
Coast Guard,2017,0,0,0,cfbd
Coast Guard,2018,0,0,0,cfbd
Coast Guard,2019,0,0,0,cfbd
Coast Guard,2020,0,0,0,cfbd
Coast Guard,2021,0,0,0,cfbd
Coast Guard,2022,3,7,0,cfbd
Coast Guard,2023,5,5,0,cfbd
Coast Guard,2024,5,5,0,cfbd
Coast Guard,2025,7,3,0,cfbd
Coast Guard,2026,0,0,0,cfbd
Coastal Carolina,2003,6,5,0,cfbd
Coastal Carolina,2004,10,1,0,cfbd
Coastal Carolina,2005,9,2,0,cfbd
Coastal Carolina,2006,9,3,0,cfbd
Coastal Carolina,2007,5,6,0,cfbd
Coastal Carolina,2008,6,6,0,cfbd
Coastal Carolina,2009,4,6,0,cfbd
Coastal Carolina,2010,6,6,0,cfbd
Coastal Carolina,2011,7,3,0,cfbd
Coastal Carolina,2012,3,4,0,cfbd
Coastal Carolina,2013,11,2,0,cfbd
Coastal Carolina,2014,12,2,0,cfbd
Coastal Carolina,2015,9,3,0,cfbd
Coastal Carolina,2016,10,2,0,cfbd
Coastal Carolina,2017,3,9,0,cfbd
Coastal Carolina,2018,5,7,0,cfbd
Coastal Carolina,2019,5,7,0,cfbd
Coastal Carolina,2020,11,1,0,cfbd
Coastal Carolina,2021,11,2,0,cfbd
Coastal Carolina,2022,9,4,0,cfbd
Coastal Carolina,2023,8,5,0,cfbd
Coastal Carolina,2024,6,7,0,cfbd
Coastal Carolina,2025,6,7,0,cfbd
Coastal Carolina,2026,0,0,0,cfbd
Coe,2014,0,0,0,cfbd
Coe,2015,0,0,0,cfbd
Coe,2016,0,0,0,cfbd
Coe,2017,0,0,0,cfbd
Coe,2018,0,0,0,cfbd
Coe,2019,0,0,0,cfbd
Coe,2020,0,1,0,cfbd
Coe,2021,0,0,0,cfbd
Coe,2022,7,3,0,cfbd
Coe,2023,9,2,0,cfbd
Coe,2024,9,2,0,cfbd
Coe,2025,9,3,0,cfbd
Coe,2026,0,0,0,cfbd
Colby,2014,0,0,0,cfbd
Colby,2015,0,0,0,cfbd
Colby,2016,0,0,0,cfbd
Colby,2017,0,0,0,cfbd
Colby,2018,0,0,0,cfbd
Colby,2019,0,0,0,cfbd
Colby,2020,0,0,0,cfbd
Colby,2021,0,0,0,cfbd
Colby,2022,4,5,0,cfbd
Colby,2023,3,6,0,cfbd
Colby,2024,4,5,0,cfbd
Colby,2025,6,3,0,cfbd
Colby,2026,0,0,0,cfbd
Colgate,1936,6,3,0,cfbd
Colgate,1937,3,5,0,cfbd
Colgate,1938,2,5,0,cfbd
Colgate,1939,2,5,1,cfbd
Colgate,1940,5,3,0,cfbd
Colgate,1941,3,3,2,cfbd
Colgate,1942,6,2,1,cfbd
Colgate,1943,5,3,1,cfbd
Colgate,1944,2,5,0,cfbd
Colgate,1945,3,4,1,cfbd
Colgate,1946,4,4,0,cfbd
Colgate,1947,1,5,2,cfbd
Colgate,1948,3,6,0,cfbd
Colgate,1949,1,8,0,cfbd
Colgate,1950,5,3,0,cfbd
Colgate,1951,4,5,0,cfbd
Colgate,1952,6,3,0,cfbd
Colgate,1953,3,4,2,cfbd
Colgate,1954,5,2,2,cfbd
Colgate,1955,6,3,0,cfbd
Colgate,1956,4,5,0,cfbd
Colgate,1957,3,6,0,cfbd
Colgate,1958,1,8,0,cfbd
Colgate,1959,2,7,0,cfbd
Colgate,1960,2,7,0,cfbd
Colgate,1961,5,4,0,cfbd
Colgate,1962,3,5,1,cfbd
Colgate,1963,3,4,1,cfbd
Colgate,1964,7,2,0,cfbd
Colgate,1965,6,3,1,cfbd
Colgate,1966,8,1,1,cfbd
Colgate,1967,2,8,0,cfbd
Colgate,1968,5,5,0,cfbd
Colgate,1969,5,3,1,cfbd
Colgate,1970,5,6,0,cfbd
Colgate,1971,6,4,0,cfbd
Colgate,1972,5,4,1,cfbd
Colgate,1973,5,5,0,cfbd
Colgate,1974,4,6,0,cfbd
Colgate,1975,6,4,0,cfbd
Colgate,1976,8,2,0,cfbd
Colgate,1977,10,1,0,cfbd
Colgate,1978,3,8,0,cfbd
Colgate,1979,5,4,1,cfbd
Colgate,1980,5,4,1,cfbd
Colgate,1981,7,3,0,cfbd
Colgate,1982,1,2,0,cfbd
Colgate,1983,2,2,0,cfbd
Colgate,1984,0,2,0,cfbd
Colgate,1985,0,2,0,cfbd
Colgate,1986,0,0,0,cfbd
Colgate,1987,1,2,0,cfbd
Colgate,1988,0,1,0,cfbd
Colgate,1989,0,1,0,cfbd
Colgate,1990,0,1,0,cfbd
Colgate,1991,0,2,0,cfbd
Colgate,1992,0,1,0,cfbd
Colgate,1993,0,3,0,cfbd
Colgate,1994,0,0,0,cfbd
Colgate,1995,0,1,0,cfbd
Colgate,1996,0,0,0,cfbd
Colgate,1997,0,2,0,cfbd
Colgate,1998,0,1,0,cfbd
Colgate,1999,0,0,0,cfbd
Colgate,2000,0,1,0,cfbd
Colgate,2001,0,0,0,cfbd
Colgate,2002,0,0,0,cfbd
Colgate,2003,12,0,0,cfbd
Colgate,2004,7,4,0,cfbd
Colgate,2005,8,4,0,cfbd
Colgate,2006,4,7,0,cfbd
Colgate,2007,7,3,0,cfbd
Colgate,2008,9,3,0,cfbd
Colgate,2009,9,2,0,cfbd
Colgate,2010,7,4,0,cfbd
Colgate,2011,5,6,0,cfbd
Colgate,2012,8,4,0,cfbd
Colgate,2013,4,8,0,cfbd
Colgate,2014,5,7,0,cfbd
Colgate,2015,9,5,0,cfbd
Colgate,2016,5,5,0,cfbd
Colgate,2017,7,4,0,cfbd
Colgate,2018,10,2,0,cfbd
Colgate,2019,4,8,0,cfbd
Colgate,2020,0,2,0,cfbd
Colgate,2021,5,6,0,cfbd
Colgate,2022,3,8,0,cfbd
Colgate,2023,6,5,0,cfbd
Colgate,2024,2,10,0,cfbd
Colgate,2025,5,7,0,cfbd
Colgate,2026,1,0,0,cfbd
Colorado,1935,208,32,18,manual
Colorado,1936,4,3,0,cfbd
Colorado,1937,8,1,0,cfbd
Colorado,1938,3,4,1,cfbd
Colorado,1939,5,3,0,cfbd
Colorado,1940,5,3,1,cfbd
Colorado,1941,3,4,1,cfbd
Colorado,1942,7,2,0,cfbd
Colorado,1943,5,2,0,cfbd
Colorado,1944,6,2,0,cfbd
Colorado,1945,5,3,0,cfbd
Colorado,1946,5,4,1,cfbd
Colorado,1947,4,5,0,cfbd
Colorado,1948,3,6,0,cfbd
Colorado,1949,3,7,0,cfbd
Colorado,1950,5,4,1,cfbd
Colorado,1951,7,3,0,cfbd
Colorado,1952,6,2,2,cfbd
Colorado,1953,6,4,0,cfbd
Colorado,1954,7,2,1,cfbd
Colorado,1955,6,4,0,cfbd
Colorado,1956,8,2,1,cfbd
Colorado,1957,6,3,1,cfbd
Colorado,1958,6,4,0,cfbd
Colorado,1959,5,5,0,cfbd
Colorado,1960,6,4,0,cfbd
Colorado,1961,9,2,0,cfbd
Colorado,1962,2,8,0,cfbd
Colorado,1963,2,8,0,cfbd
Colorado,1964,2,8,0,cfbd
Colorado,1965,6,2,2,cfbd
Colorado,1966,7,3,0,cfbd
Colorado,1967,9,2,0,cfbd
Colorado,1968,4,6,0,cfbd
Colorado,1969,8,3,0,cfbd
Colorado,1970,6,5,0,cfbd
Colorado,1971,10,2,0,cfbd
Colorado,1972,8,4,0,cfbd
Colorado,1973,5,6,0,cfbd
Colorado,1974,5,6,0,cfbd
Colorado,1975,9,3,0,cfbd
Colorado,1976,8,4,0,cfbd
Colorado,1977,7,3,1,cfbd
Colorado,1978,6,5,0,cfbd
Colorado,1979,3,8,0,cfbd
Colorado,1980,1,10,0,cfbd
Colorado,1981,3,8,0,cfbd
Colorado,1982,2,8,1,cfbd
Colorado,1983,4,7,0,cfbd
Colorado,1984,1,10,0,cfbd
Colorado,1985,7,5,0,cfbd
Colorado,1986,6,6,0,cfbd
Colorado,1987,7,4,0,cfbd
Colorado,1988,8,4,0,cfbd
Colorado,1989,11,1,0,cfbd
Colorado,1990,11,1,1,cfbd
Colorado,1991,8,3,1,cfbd
Colorado,1992,9,2,1,cfbd
Colorado,1993,8,3,1,cfbd
Colorado,1994,11,1,0,cfbd
Colorado,1995,10,2,0,cfbd
Colorado,1996,10,2,0,cfbd
Colorado,1997,5,6,0,cfbd
Colorado,1998,8,4,0,cfbd
Colorado,1999,7,5,0,cfbd
Colorado,2000,3,8,0,cfbd
Colorado,2001,10,3,0,cfbd
Colorado,2002,9,5,0,cfbd
Colorado,2003,5,7,0,cfbd
Colorado,2004,8,5,0,cfbd
Colorado,2005,7,6,0,cfbd
Colorado,2006,2,10,0,cfbd
Colorado,2007,6,7,0,cfbd
Colorado,2008,5,7,0,cfbd
Colorado,2009,3,9,0,cfbd
Colorado,2010,5,7,0,cfbd
Colorado,2011,3,10,0,cfbd
Colorado,2012,1,11,0,cfbd
Colorado,2013,4,8,0,cfbd
Colorado,2014,2,10,0,cfbd
Colorado,2015,4,9,0,cfbd
Colorado,2016,10,4,0,cfbd
Colorado,2017,5,7,0,cfbd
Colorado,2018,5,7,0,cfbd
Colorado,2019,5,7,0,cfbd
Colorado,2020,4,2,0,cfbd
Colorado,2021,4,8,0,cfbd
Colorado,2022,1,11,0,cfbd
Colorado,2023,4,8,0,cfbd
Colorado,2024,9,4,0,cfbd
Colorado,2025,3,9,0,cfbd
Colorado,2026,0,0,0,cfbd
Colorado College,1936,3,4,1,cfbd
Colorado College,1937,5,4,0,cfbd
Colorado College,1943,7,0,0,cfbd
Colorado College,1944,3,7,0,cfbd
Colorado College,1945,4,3,1,cfbd
Colorado Mesa,2014,0,0,0,cfbd
Colorado Mesa,2015,0,0,0,cfbd
Colorado Mesa,2016,0,0,0,cfbd
Colorado Mesa,2017,0,0,0,cfbd
Colorado Mesa,2018,0,0,0,cfbd
Colorado Mesa,2019,0,0,0,cfbd
Colorado Mesa,2020,0,0,0,cfbd
Colorado Mesa,2021,8,2,0,cfbd
Colorado Mesa,2022,4,6,0,cfbd
Colorado Mesa,2023,6,5,0,cfbd
Colorado Mesa,2024,7,4,0,cfbd
Colorado Mesa,2025,6,5,0,cfbd
Colorado Mesa,2026,0,0,0,cfbd
Colorado School of Mines,1936,2,6,0,cfbd
Colorado School of Mines,1937,2,5,0,cfbd
Colorado School of Mines,2014,0,0,0,cfbd
Colorado School of Mines,2015,0,0,0,cfbd
Colorado School of Mines,2016,0,0,0,cfbd
Colorado School of Mines,2017,0,0,0,cfbd
Colorado School of Mines,2018,0,0,0,cfbd
Colorado School of Mines,2019,0,0,0,cfbd
Colorado School of Mines,2020,0,0,0,cfbd
Colorado School of Mines,2021,12,2,0,cfbd
Colorado School of Mines,2022,13,3,0,cfbd
Colorado School of Mines,2023,14,1,0,cfbd
Colorado School of Mines,2024,8,3,0,cfbd
Colorado School of Mines,2025,7,4,0,cfbd
Colorado School of Mines,2026,0,0,0,cfbd
Colorado State,1936,4,4,1,cfbd
Colorado State,1937,1,7,0,cfbd
Colorado State,1938,1,5,2,cfbd
Colorado State,1939,2,7,0,cfbd
Colorado State,1940,3,4,2,cfbd
Colorado State,1941,4,2,1,cfbd
Colorado State,1942,4,3,0,cfbd
Colorado State,1945,2,5,1,cfbd
Colorado State,1946,2,7,0,cfbd
Colorado State,1947,5,4,1,cfbd
Colorado State,1948,8,3,0,cfbd
Colorado State,1949,9,1,0,cfbd
Colorado State,1950,6,3,0,cfbd
Colorado State,1951,5,4,1,cfbd
Colorado State,1952,6,4,0,cfbd
Colorado State,1953,4,5,0,cfbd
Colorado State,1954,3,7,0,cfbd
Colorado State,1955,8,2,0,cfbd
Colorado State,1956,2,7,1,cfbd
Colorado State,1957,3,7,0,cfbd
Colorado State,1958,6,4,0,cfbd
Colorado State,1959,6,4,0,cfbd
Colorado State,1960,2,8,0,cfbd
Colorado State,1961,0,10,0,cfbd
Colorado State,1962,0,10,0,cfbd
Colorado State,1963,3,7,0,cfbd
Colorado State,1964,5,6,0,cfbd
Colorado State,1965,4,6,0,cfbd
Colorado State,1966,7,3,0,cfbd
Colorado State,1967,4,5,1,cfbd
Colorado State,1968,2,8,0,cfbd
Colorado State,1969,4,6,0,cfbd
Colorado State,1970,4,7,0,cfbd
Colorado State,1971,3,8,0,cfbd
Colorado State,1972,1,10,0,cfbd
Colorado State,1973,5,6,0,cfbd
Colorado State,1974,4,6,1,cfbd
Colorado State,1975,6,5,0,cfbd
Colorado State,1976,6,5,0,cfbd
Colorado State,1977,9,2,1,cfbd
Colorado State,1978,5,6,0,cfbd
Colorado State,1979,4,7,1,cfbd
Colorado State,1980,6,4,1,cfbd
Colorado State,1981,0,12,0,cfbd
Colorado State,1982,4,7,0,cfbd
Colorado State,1983,5,7,0,cfbd
Colorado State,1984,3,8,0,cfbd
Colorado State,1985,5,7,0,cfbd
Colorado State,1986,6,5,0,cfbd
Colorado State,1987,1,11,0,cfbd
Colorado State,1988,1,10,0,cfbd
Colorado State,1989,5,5,1,cfbd
Colorado State,1990,9,4,0,cfbd
Colorado State,1991,3,8,0,cfbd
Colorado State,1992,5,7,0,cfbd
Colorado State,1993,5,6,0,cfbd
Colorado State,1994,10,2,0,cfbd
Colorado State,1995,8,4,0,cfbd
Colorado State,1996,7,5,0,cfbd
Colorado State,1997,11,2,0,cfbd
Colorado State,1998,8,4,0,cfbd
Colorado State,1999,8,4,0,cfbd
Colorado State,2000,10,2,0,cfbd
Colorado State,2001,7,5,0,cfbd
Colorado State,2002,10,4,0,cfbd
Colorado State,2003,7,6,0,cfbd
Colorado State,2004,4,7,0,cfbd
Colorado State,2005,6,6,0,cfbd
Colorado State,2006,4,8,0,cfbd
Colorado State,2007,3,9,0,cfbd
Colorado State,2008,7,6,0,cfbd
Colorado State,2009,3,9,0,cfbd
Colorado State,2010,3,9,0,cfbd
Colorado State,2011,3,9,0,cfbd
Colorado State,2012,4,8,0,cfbd
Colorado State,2013,8,6,0,cfbd
Colorado State,2014,10,3,0,cfbd
Colorado State,2015,7,6,0,cfbd
Colorado State,2016,7,6,0,cfbd
Colorado State,2017,7,6,0,cfbd
Colorado State,2018,3,9,0,cfbd
Colorado State,2019,4,8,0,cfbd
Colorado State,2020,1,3,0,cfbd
Colorado State,2021,3,9,0,cfbd
Colorado State,2022,3,9,0,cfbd
Colorado State,2023,5,7,0,cfbd
Colorado State,2024,8,5,0,cfbd
Colorado State,2025,2,10,0,cfbd
Colorado State,2026,0,0,0,cfbd
Columbia,1936,5,3,0,cfbd
Columbia,1937,2,5,2,cfbd
Columbia,1938,3,6,0,cfbd
Columbia,1939,2,4,2,cfbd
Columbia,1940,5,2,2,cfbd
Columbia,1941,3,5,0,cfbd
Columbia,1942,3,6,0,cfbd
Columbia,1943,0,8,0,cfbd
Columbia,1944,2,6,0,cfbd
Columbia,1945,8,1,0,cfbd
Columbia,1946,6,3,0,cfbd
Columbia,1947,7,2,0,cfbd
Columbia,1948,4,5,0,cfbd
Columbia,1949,2,7,0,cfbd
Columbia,1950,4,5,0,cfbd
Columbia,1951,5,3,0,cfbd
Columbia,1952,2,6,1,cfbd
Columbia,1953,4,5,0,cfbd
Columbia,1954,1,8,0,cfbd
Columbia,1955,1,8,0,cfbd
Columbia,1956,3,6,0,cfbd
Columbia,1957,1,8,0,cfbd
Columbia,1958,1,8,0,cfbd
Columbia,1959,2,7,0,cfbd
Columbia,1960,3,6,0,cfbd
Columbia,1961,6,3,0,cfbd
Columbia,1962,5,4,0,cfbd
Columbia,1963,4,4,1,cfbd
Columbia,1964,2,6,1,cfbd
Columbia,1965,2,7,0,cfbd
Columbia,1966,2,7,0,cfbd
Columbia,1967,2,7,0,cfbd
Columbia,1968,2,7,0,cfbd
Columbia,1969,1,8,0,cfbd
Columbia,1970,3,6,0,cfbd
Columbia,1971,6,3,0,cfbd
Columbia,1972,3,5,1,cfbd
Columbia,1973,1,7,1,cfbd
Columbia,1974,1,8,0,cfbd
Columbia,1975,2,7,0,cfbd
Columbia,1976,3,6,0,cfbd
Columbia,1977,2,7,0,cfbd
Columbia,1978,3,5,1,cfbd
Columbia,1979,1,8,0,cfbd
Columbia,1980,1,9,0,cfbd
Columbia,1981,1,9,0,cfbd
Columbia,1982,0,1,0,cfbd
Columbia,1983,0,0,0,cfbd
Columbia,1984,0,0,0,cfbd
Columbia,1985,0,0,0,cfbd
Columbia,1986,0,0,0,cfbd
Columbia,1987,0,0,0,cfbd
Columbia,1988,0,0,0,cfbd
Columbia,1989,0,0,0,cfbd
Columbia,1990,0,0,0,cfbd
Columbia,1991,0,0,0,cfbd
Columbia,1992,0,0,0,cfbd
Columbia,1993,0,0,0,cfbd
Columbia,1994,0,0,0,cfbd
Columbia,1995,0,0,0,cfbd
Columbia,1996,0,0,0,cfbd
Columbia,1997,0,0,0,cfbd
Columbia,1998,0,0,0,cfbd
Columbia,1999,0,0,0,cfbd
Columbia,2000,0,0,0,cfbd
Columbia,2001,0,0,0,cfbd
Columbia,2002,0,0,0,cfbd
Columbia,2003,4,6,0,cfbd
Columbia,2004,1,9,0,cfbd
Columbia,2005,2,8,0,cfbd
Columbia,2006,5,4,0,cfbd
Columbia,2007,1,9,0,cfbd
Columbia,2008,2,8,0,cfbd
Columbia,2009,4,6,0,cfbd
Columbia,2010,4,6,0,cfbd
Columbia,2011,1,9,0,cfbd
Columbia,2012,3,7,0,cfbd
Columbia,2013,0,10,0,cfbd
Columbia,2014,0,10,0,cfbd
Columbia,2015,2,8,0,cfbd
Columbia,2016,3,7,0,cfbd
Columbia,2017,8,2,0,cfbd
Columbia,2018,6,4,0,cfbd
Columbia,2019,3,7,0,cfbd
Columbia,2021,7,3,0,cfbd
Columbia,2022,6,4,0,cfbd
Columbia,2023,3,7,0,cfbd
Columbia,2024,7,3,0,cfbd
Columbia,2025,2,8,0,cfbd
Columbia,2026,0,0,0,cfbd
Concord,2014,0,0,0,cfbd
Concord,2015,0,0,0,cfbd
Concord,2016,0,0,0,cfbd
Concord,2017,0,0,0,cfbd
Concord,2018,0,0,0,cfbd
Concord,2019,0,0,0,cfbd
Concord,2020,1,0,0,cfbd
Concord,2021,4,6,0,cfbd
Concord,2022,9,2,0,cfbd
Concord,2023,1,10,0,cfbd
Concord,2024,1,10,0,cfbd
Concord,2025,4,7,0,cfbd
Concord,2026,1,0,0,cfbd
Concordia (MN),2014,0,0,0,cfbd
Concordia (MN),2015,0,0,0,cfbd
Concordia (MN),2016,0,0,0,cfbd
Concordia (MN),2017,0,0,0,cfbd
Concordia (MN),2018,0,0,0,cfbd
Concordia (MN),2019,0,0,0,cfbd
Concordia (MN),2020,0,0,0,cfbd
Concordia (MN),2021,0,0,0,cfbd
Concordia (MN),2022,4,4,0,cfbd
Concordia (MN),2023,5,5,0,cfbd
Concordia (MN),2024,7,3,0,cfbd
Concordia (MN),2025,7,3,0,cfbd
Concordia (MN),2026,0,0,0,cfbd
Concordia (WI),2014,0,0,0,cfbd
Concordia (WI),2015,0,0,0,cfbd
Concordia (WI),2016,0,0,0,cfbd
Concordia (WI),2017,0,0,0,cfbd
Concordia (WI),2018,0,0,0,cfbd
Concordia (WI),2019,0,0,0,cfbd
Concordia (WI),2020,3,2,0,cfbd
Concordia (WI),2021,0,0,0,cfbd
Concordia (WI),2022,8,2,0,cfbd
Concordia (WI),2023,7,3,0,cfbd
Concordia (WI),2024,6,3,0,cfbd
Concordia (WI),2025,9,2,0,cfbd
Concordia (WI),2026,0,0,0,cfbd
Concordia Chicago,2014,0,0,0,cfbd
Concordia Chicago,2015,0,0,0,cfbd
Concordia Chicago,2016,0,0,0,cfbd
Concordia Chicago,2017,0,0,0,cfbd
Concordia Chicago,2018,0,0,0,cfbd
Concordia Chicago,2019,0,0,0,cfbd
Concordia Chicago,2020,0,3,0,cfbd
Concordia Chicago,2021,0,0,0,cfbd
Concordia Chicago,2022,3,7,0,cfbd
Concordia Chicago,2023,1,9,0,cfbd
Concordia Chicago,2024,2,8,0,cfbd
Concordia Chicago,2025,4,6,0,cfbd
Concordia Chicago,2026,0,0,0,cfbd
Concordia St. Paul,2014,0,0,0,cfbd
Concordia St. Paul,2015,0,0,0,cfbd
Concordia St. Paul,2016,0,0,0,cfbd
Concordia St. Paul,2017,0,0,0,cfbd
Concordia St. Paul,2018,0,0,0,cfbd
Concordia St. Paul,2019,0,0,0,cfbd
Concordia St. Paul,2020,0,0,0,cfbd
Concordia St. Paul,2021,1,10,0,cfbd
Concordia St. Paul,2022,1,10,0,cfbd
Concordia St. Paul,2023,3,8,0,cfbd
Concordia St. Paul,2024,2,9,0,cfbd
Concordia St. Paul,2025,2,9,0,cfbd
Concordia St. Paul,2026,0,0,0,cfbd
Cornell,1936,3,5,0,cfbd
Cornell,1937,5,2,1,cfbd
Cornell,1938,5,1,1,cfbd
Cornell,1939,8,0,0,cfbd
Cornell,1940,6,2,0,cfbd
Cornell,1941,5,3,0,cfbd
Cornell,1942,3,5,1,cfbd
Cornell,1943,6,4,0,cfbd
Cornell,1944,5,4,0,cfbd
Cornell,1945,5,4,0,cfbd
Cornell,1946,5,3,1,cfbd
Cornell,1947,4,5,0,cfbd
Cornell,1948,8,1,0,cfbd
Cornell,1949,8,1,0,cfbd
Cornell,1950,7,2,0,cfbd
Cornell,1951,6,3,0,cfbd
Cornell,1952,2,7,0,cfbd
Cornell,1953,4,3,2,cfbd
Cornell,1954,5,4,0,cfbd
Cornell,1955,5,4,0,cfbd
Cornell,1956,1,8,0,cfbd
Cornell,1957,3,6,0,cfbd
Cornell,1958,6,3,0,cfbd
Cornell,1959,5,4,0,cfbd
Cornell,1960,2,7,0,cfbd
Cornell,1961,3,6,0,cfbd
Cornell,1962,4,5,0,cfbd
Cornell,1963,5,4,0,cfbd
Cornell,1964,3,5,1,cfbd
Cornell,1965,4,3,2,cfbd
Cornell,1966,6,3,0,cfbd
Cornell,1967,6,2,1,cfbd
Cornell,1968,3,6,0,cfbd
Cornell,1969,4,5,0,cfbd
Cornell,1970,6,3,0,cfbd
Cornell,1971,8,1,0,cfbd
Cornell,1972,6,3,0,cfbd
Cornell,1973,3,5,1,cfbd
Cornell,1974,3,5,1,cfbd
Cornell,1975,1,8,0,cfbd
Cornell,1976,2,7,0,cfbd
Cornell,1977,1,8,0,cfbd
Cornell,1978,5,3,1,cfbd
Cornell,1979,5,4,0,cfbd
Cornell,1980,5,5,0,cfbd
Cornell,1981,3,7,0,cfbd
Cornell,1982,0,0,0,cfbd
Cornell,1983,0,1,0,cfbd
Cornell,1984,0,0,0,cfbd
Cornell,1985,0,0,0,cfbd
Cornell,1986,0,0,0,cfbd
Cornell,1987,0,0,0,cfbd
Cornell,1988,0,0,0,cfbd
Cornell,1989,0,0,0,cfbd
Cornell,1990,0,0,0,cfbd
Cornell,1991,0,1,0,cfbd
Cornell,1992,0,0,0,cfbd
Cornell,1993,0,0,0,cfbd
Cornell,1994,0,0,0,cfbd
Cornell,1995,0,0,0,cfbd
Cornell,1996,0,0,0,cfbd
Cornell,1997,0,0,0,cfbd
Cornell,1998,0,0,0,cfbd
Cornell,1999,0,0,0,cfbd
Cornell,2000,0,0,0,cfbd
Cornell,2001,0,0,0,cfbd
Cornell,2002,0,0,0,cfbd
Cornell,2003,1,9,0,cfbd
Cornell,2004,4,6,0,cfbd
Cornell,2005,6,4,0,cfbd
Cornell,2006,5,4,0,cfbd
Cornell,2007,5,5,0,cfbd
Cornell,2008,4,6,0,cfbd
Cornell,2009,2,8,0,cfbd
Cornell,2010,2,8,0,cfbd
Cornell,2011,5,5,0,cfbd
Cornell,2012,4,6,0,cfbd
Cornell,2013,3,7,0,cfbd
Cornell,2014,1,9,0,cfbd
Cornell,2015,1,9,0,cfbd
Cornell,2016,4,6,0,cfbd
Cornell,2017,3,7,0,cfbd
Cornell,2018,3,7,0,cfbd
Cornell,2019,4,6,0,cfbd
Cornell,2021,2,8,0,cfbd
Cornell,2022,5,5,0,cfbd
Cornell,2023,3,7,0,cfbd
Cornell,2024,4,6,0,cfbd
Cornell,2025,4,6,0,cfbd
Cornell,2026,0,0,0,cfbd
Cornell (IA),2014,0,0,0,cfbd
Cornell (IA),2015,0,0,0,cfbd
Cornell (IA),2016,0,0,0,cfbd
Cornell (IA),2017,0,0,0,cfbd
Cornell (IA),2018,0,0,0,cfbd
Cornell (IA),2019,0,0,0,cfbd
Cornell (IA),2020,0,0,0,cfbd
Cornell (IA),2021,0,0,0,cfbd
Cornell (IA),2022,3,7,0,cfbd
Cornell (IA),2023,6,4,0,cfbd
Cornell (IA),2024,5,5,0,cfbd
Cornell (IA),2025,4,6,0,cfbd
Cornell (IA),2026,0,0,0,cfbd
Creighton,1936,4,4,0,cfbd
Creighton,1937,2,7,0,cfbd
Creighton,1938,6,1,1,cfbd
Creighton,1939,4,5,0,cfbd
Creighton,1940,6,2,2,cfbd
Creighton,1941,5,5,0,cfbd
Creighton,1942,5,4,0,cfbd
Crown,2014,0,0,0,cfbd
Crown,2015,0,0,0,cfbd
Crown,2016,0,0,0,cfbd
Crown,2017,0,0,0,cfbd
Crown,2018,0,0,0,cfbd
Crown,2019,0,0,0,cfbd
Crown,2020,0,0,0,cfbd
Crown,2021,0,0,0,cfbd
Crown,2022,4,6,0,cfbd
Crown,2023,1,8,0,cfbd
Crown,2024,1,9,0,cfbd
Crown,2025,7,4,0,cfbd
Crown,2026,0,0,0,cfbd
CSU Pueblo,2014,1,0,0,cfbd
CSU Pueblo,2015,0,0,0,cfbd
CSU Pueblo,2016,0,0,0,cfbd
CSU Pueblo,2017,0,0,0,cfbd
CSU Pueblo,2018,0,0,0,cfbd
CSU Pueblo,2019,0,0,0,cfbd
CSU Pueblo,2020,0,0,0,cfbd
CSU Pueblo,2021,6,5,0,cfbd
CSU Pueblo,2022,8,4,0,cfbd
CSU Pueblo,2023,8,3,0,cfbd
CSU Pueblo,2024,10,2,0,cfbd
CSU Pueblo,2025,10,2,0,cfbd
CSU Pueblo,2026,0,0,0,cfbd
Curry,2014,0,0,0,cfbd
Curry,2015,0,0,0,cfbd
Curry,2016,0,0,0,cfbd
Curry,2017,0,0,0,cfbd
Curry,2018,0,0,0,cfbd
Curry,2019,0,0,0,cfbd
Curry,2020,0,0,0,cfbd
Curry,2021,0,0,0,cfbd
Curry,2022,3,7,0,cfbd
Curry,2023,3,7,0,cfbd
Curry,2024,4,6,0,cfbd
Curry,2025,8,3,0,cfbd
Curry,2026,0,0,0,cfbd
Dartmouth,1936,7,1,1,cfbd
Dartmouth,1937,7,0,2,cfbd
Dartmouth,1938,7,2,0,cfbd
Dartmouth,1939,5,3,1,cfbd
Dartmouth,1940,5,4,0,cfbd
Dartmouth,1941,5,4,0,cfbd
Dartmouth,1942,5,4,0,cfbd
Dartmouth,1943,6,1,0,cfbd
Dartmouth,1944,2,5,1,cfbd
Dartmouth,1945,1,6,1,cfbd
Dartmouth,1946,3,6,0,cfbd
Dartmouth,1947,4,4,1,cfbd
Dartmouth,1948,6,2,0,cfbd
Dartmouth,1949,6,2,0,cfbd
Dartmouth,1950,3,5,1,cfbd
Dartmouth,1951,4,5,0,cfbd
Dartmouth,1952,2,7,0,cfbd
Dartmouth,1953,2,7,0,cfbd
Dartmouth,1954,3,6,0,cfbd
Dartmouth,1955,3,6,0,cfbd
Dartmouth,1956,5,3,1,cfbd
Dartmouth,1957,7,1,1,cfbd
Dartmouth,1958,7,2,0,cfbd
Dartmouth,1959,5,3,1,cfbd
Dartmouth,1960,5,4,0,cfbd
Dartmouth,1961,6,3,0,cfbd
Dartmouth,1962,9,0,0,cfbd
Dartmouth,1963,7,2,0,cfbd
Dartmouth,1964,6,3,0,cfbd
Dartmouth,1965,9,0,0,cfbd
Dartmouth,1966,7,2,0,cfbd
Dartmouth,1967,7,2,0,cfbd
Dartmouth,1968,4,5,0,cfbd
Dartmouth,1969,8,1,0,cfbd
Dartmouth,1970,9,0,0,cfbd
Dartmouth,1971,8,1,0,cfbd
Dartmouth,1972,7,1,1,cfbd
Dartmouth,1973,6,3,0,cfbd
Dartmouth,1974,3,6,0,cfbd
Dartmouth,1975,5,3,1,cfbd
Dartmouth,1976,6,3,0,cfbd
Dartmouth,1977,6,3,0,cfbd
Dartmouth,1978,6,3,0,cfbd
Dartmouth,1979,4,4,1,cfbd
Dartmouth,1980,4,6,0,cfbd
Dartmouth,1981,6,4,0,cfbd
Dartmouth,1982,0,1,0,cfbd
Dartmouth,1983,0,2,0,cfbd
Dartmouth,1984,0,0,0,cfbd
Dartmouth,1985,0,0,0,cfbd
Dartmouth,1986,0,1,0,cfbd
Dartmouth,1987,0,0,0,cfbd
Dartmouth,1988,0,0,0,cfbd
Dartmouth,1989,0,0,0,cfbd
Dartmouth,1990,0,0,0,cfbd
Dartmouth,1991,0,0,0,cfbd
Dartmouth,1992,0,0,0,cfbd
Dartmouth,1993,0,0,0,cfbd
Dartmouth,1994,0,0,0,cfbd
Dartmouth,1995,0,0,0,cfbd
Dartmouth,1996,0,0,0,cfbd
Dartmouth,1997,0,0,0,cfbd
Dartmouth,1998,0,0,0,cfbd
Dartmouth,1999,0,0,0,cfbd
Dartmouth,2000,0,0,0,cfbd
Dartmouth,2001,0,0,0,cfbd
Dartmouth,2002,0,0,0,cfbd
Dartmouth,2003,5,5,0,cfbd
Dartmouth,2004,1,9,0,cfbd
Dartmouth,2005,2,8,0,cfbd
Dartmouth,2006,1,8,0,cfbd
Dartmouth,2007,3,7,0,cfbd
Dartmouth,2008,0,10,0,cfbd
Dartmouth,2009,2,8,0,cfbd
Dartmouth,2010,6,4,0,cfbd
Dartmouth,2011,5,5,0,cfbd
Dartmouth,2012,6,4,0,cfbd
Dartmouth,2013,6,4,0,cfbd
Dartmouth,2014,8,2,0,cfbd
Dartmouth,2015,9,1,0,cfbd
Dartmouth,2016,4,6,0,cfbd
Dartmouth,2017,8,2,0,cfbd
Dartmouth,2018,9,1,0,cfbd
Dartmouth,2019,9,1,0,cfbd
Dartmouth,2021,9,1,0,cfbd
Dartmouth,2022,3,7,0,cfbd
Dartmouth,2023,6,4,0,cfbd
Dartmouth,2024,8,2,0,cfbd
Dartmouth,2025,7,3,0,cfbd
Dartmouth,2026,0,0,0,cfbd
Davenport,2014,0,0,0,cfbd
Davenport,2015,0,0,0,cfbd
Davenport,2016,0,0,0,cfbd
Davenport,2017,0,0,0,cfbd
Davenport,2018,0,0,0,cfbd
Davenport,2019,0,0,0,cfbd
Davenport,2020,2,0,0,cfbd
Davenport,2021,2,8,0,cfbd
Davenport,2022,8,3,0,cfbd
Davenport,2023,8,2,0,cfbd
Davenport,2024,7,4,0,cfbd
Davenport,2025,5,5,1,cfbd
Davenport,2026,0,0,0,cfbd
Davidson,1936,5,4,0,cfbd
Davidson,1937,2,8,0,cfbd
Davidson,1938,4,6,0,cfbd
Davidson,1939,2,7,0,cfbd
Davidson,1940,5,5,0,cfbd
Davidson,1941,1,6,3,cfbd
Davidson,1942,2,6,1,cfbd
Davidson,1943,0,3,0,cfbd
Davidson,1946,4,5,0,cfbd
Davidson,1947,6,3,1,cfbd
Davidson,1948,3,5,1,cfbd
Davidson,1949,2,8,0,cfbd
Davidson,1950,3,6,0,cfbd
Davidson,1951,1,8,0,cfbd
Davidson,1952,2,7,0,cfbd
Davidson,1953,0,9,0,cfbd
Davidson,1954,6,3,0,cfbd
Davidson,1955,5,4,0,cfbd
Davidson,1956,5,3,1,cfbd
Davidson,1957,5,3,0,cfbd
Davidson,1958,5,4,0,cfbd
Davidson,1959,1,8,0,cfbd
Davidson,1960,3,5,0,cfbd
Davidson,1961,4,4,0,cfbd
Davidson,1962,3,5,1,cfbd
Davidson,1963,1,5,2,cfbd
Davidson,1964,3,6,0,cfbd
Davidson,1965,6,4,0,cfbd
Davidson,1966,4,5,0,cfbd
Davidson,1967,4,5,0,cfbd
Davidson,1968,3,6,0,cfbd
Davidson,1969,7,4,0,cfbd
Davidson,1970,2,8,0,cfbd
Davidson,1971,1,9,0,cfbd
Davidson,1972,3,7,1,cfbd
Davidson,1973,2,8,0,cfbd
Davidson,1974,0,3,0,cfbd
Davidson,1975,0,3,0,cfbd
Davidson,1976,0,2,0,cfbd
Davidson,1977,0,1,0,cfbd
Davidson,1978,0,1,0,cfbd
Davidson,1979,0,1,0,cfbd
Davidson,1980,0,2,0,cfbd
Davidson,1981,0,2,0,cfbd
Davidson,1982,0,0,0,cfbd
Davidson,1983,0,0,0,cfbd
Davidson,1984,0,0,0,cfbd
Davidson,1985,0,0,0,cfbd
Davidson,1986,0,0,0,cfbd
Davidson,1987,0,0,0,cfbd
Davidson,1988,0,0,0,cfbd
Davidson,1989,0,0,0,cfbd
Davidson,1990,0,0,0,cfbd
Davidson,1991,0,0,0,cfbd
Davidson,1992,0,0,0,cfbd
Davidson,1993,0,0,0,cfbd
Davidson,1994,0,0,0,cfbd
Davidson,1995,0,0,0,cfbd
Davidson,1996,0,0,0,cfbd
Davidson,1997,0,0,0,cfbd
Davidson,1998,0,0,0,cfbd
Davidson,1999,0,0,0,cfbd
Davidson,2000,0,0,0,cfbd
Davidson,2001,0,0,0,cfbd
Davidson,2002,0,0,0,cfbd
Davidson,2003,0,3,0,cfbd
Davidson,2004,0,2,0,cfbd
Davidson,2005,4,6,0,cfbd
Davidson,2006,6,4,0,cfbd
Davidson,2007,6,4,0,cfbd
Davidson,2008,4,7,0,cfbd
Davidson,2009,3,6,0,cfbd
Davidson,2010,2,8,0,cfbd
Davidson,2011,4,7,0,cfbd
Davidson,2012,2,9,0,cfbd
Davidson,2013,0,11,0,cfbd
Davidson,2014,1,10,0,cfbd
Davidson,2015,2,9,0,cfbd
Davidson,2016,2,9,0,cfbd
Davidson,2017,2,9,0,cfbd
Davidson,2018,6,5,0,cfbd
Davidson,2019,8,4,0,cfbd
Davidson,2020,4,3,0,cfbd
Davidson,2021,8,3,0,cfbd
Davidson,2022,8,4,0,cfbd
Davidson,2023,7,4,0,cfbd
Davidson,2024,6,5,0,cfbd
Davidson,2025,2,10,0,cfbd
Davidson,2026,0,1,0,cfbd
Dayton,1936,0,0,0,cfbd
Dayton,1937,0,0,0,cfbd
Dayton,1938,0,0,0,cfbd
Dayton,1939,0,0,1,cfbd
Dayton,1940,0,0,0,cfbd
Dayton,1941,0,1,0,cfbd
Dayton,1942,0,1,0,cfbd
Dayton,1946,1,1,0,cfbd
Dayton,1947,0,1,0,cfbd
Dayton,1948,1,1,0,cfbd
Dayton,1949,1,0,0,cfbd
Dayton,1950,0,1,0,cfbd
Dayton,1951,0,1,0,cfbd
Dayton,1952,1,0,0,cfbd
Dayton,1953,0,0,0,cfbd
Dayton,1954,0,2,0,cfbd
Dayton,1955,2,2,0,cfbd
Dayton,1956,4,6,0,cfbd
Dayton,1957,6,3,1,cfbd
Dayton,1958,2,8,0,cfbd
Dayton,1959,3,7,0,cfbd
Dayton,1960,1,9,0,cfbd
Dayton,1961,2,8,0,cfbd
Dayton,1962,2,8,0,cfbd
Dayton,1963,1,7,2,cfbd
Dayton,1964,3,7,0,cfbd
Dayton,1965,1,8,1,cfbd
Dayton,1966,8,2,0,cfbd
Dayton,1967,6,3,1,cfbd
Dayton,1968,5,5,0,cfbd
Dayton,1969,3,7,0,cfbd
Dayton,1970,5,4,1,cfbd
Dayton,1971,5,6,0,cfbd
Dayton,1972,4,6,1,cfbd
Dayton,1973,5,5,1,cfbd
Dayton,1974,3,8,0,cfbd
Dayton,1975,5,6,0,cfbd
Dayton,1976,4,7,0,cfbd
Dayton,1977,2,2,0,cfbd
Dayton,1978,0,0,1,cfbd
Dayton,1979,0,0,0,cfbd
Dayton,1980,0,0,0,cfbd
Dayton,1981,0,0,0,cfbd
Dayton,1982,0,0,0,cfbd
Dayton,1983,0,0,0,cfbd
Dayton,1984,0,0,0,cfbd
Dayton,1985,0,0,0,cfbd
Dayton,1986,0,0,0,cfbd
Dayton,1987,0,0,0,cfbd
Dayton,1988,0,0,0,cfbd
Dayton,1989,0,0,0,cfbd
Dayton,1990,0,0,0,cfbd
Dayton,1991,0,0,0,cfbd
Dayton,1992,0,0,0,cfbd
Dayton,1993,0,0,0,cfbd
Dayton,1994,0,0,0,cfbd
Dayton,1995,0,0,0,cfbd
Dayton,1996,0,0,0,cfbd
Dayton,1997,0,0,0,cfbd
Dayton,1998,0,0,0,cfbd
Dayton,1999,0,0,0,cfbd
Dayton,2000,0,0,0,cfbd
Dayton,2001,0,0,0,cfbd
Dayton,2002,0,0,0,cfbd
Dayton,2003,1,0,0,cfbd
Dayton,2004,1,1,0,cfbd
Dayton,2005,9,1,0,cfbd
Dayton,2006,4,6,0,cfbd
Dayton,2007,11,1,0,cfbd
Dayton,2008,9,3,0,cfbd
Dayton,2009,8,2,0,cfbd
Dayton,2010,9,1,0,cfbd
Dayton,2011,6,5,0,cfbd
Dayton,2012,6,5,0,cfbd
Dayton,2013,7,4,0,cfbd
Dayton,2014,7,3,0,cfbd
Dayton,2015,10,2,0,cfbd
Dayton,2016,9,2,0,cfbd
Dayton,2017,5,6,0,cfbd
Dayton,2018,6,5,0,cfbd
Dayton,2019,8,3,0,cfbd
Dayton,2021,6,4,0,cfbd
Dayton,2022,8,3,0,cfbd
Dayton,2023,4,7,0,cfbd
Dayton,2024,6,5,0,cfbd
Dayton,2025,7,4,0,cfbd
Dayton,2026,0,0,0,cfbd
Dean,2014,0,0,0,cfbd
Dean,2015,0,0,0,cfbd
Dean,2016,0,0,0,cfbd
Dean,2017,0,0,0,cfbd
Dean,2018,0,0,0,cfbd
Dean,2019,0,0,0,cfbd
Dean,2020,0,0,0,cfbd
Dean,2021,0,0,0,cfbd
Dean,2022,1,9,0,cfbd
Dean,2023,2,8,0,cfbd
Dean,2024,0,8,0,cfbd
Dean,2025,0,10,0,cfbd
Dean,2026,0,0,0,cfbd
Defiance College,2014,0,0,0,cfbd
Defiance College,2015,0,0,0,cfbd
Defiance College,2016,0,0,0,cfbd
Defiance College,2017,0,0,0,cfbd
Defiance College,2018,0,0,0,cfbd
Defiance College,2019,0,0,0,cfbd
Defiance College,2020,2,5,0,cfbd
Defiance College,2021,0,0,0,cfbd
Defiance College,2022,3,7,0,cfbd
Defiance College,2023,4,6,0,cfbd
Del Monte Pre-Flight,1943,7,1,0,cfbd
Delaware,1936,0,1,0,cfbd
Delaware,1937,0,0,0,cfbd
Delaware,1938,0,0,0,cfbd
Delaware,1939,0,1,0,cfbd
Delaware,1940,0,1,0,cfbd
Delaware,1941,0,0,0,cfbd
Delaware,1942,0,0,0,cfbd
Delaware,1946,1,0,0,cfbd
Delaware,1947,0,2,0,cfbd
Delaware,1948,0,2,0,cfbd
Delaware,1949,3,0,0,cfbd
Delaware,1950,0,2,0,cfbd
Delaware,1951,0,1,0,cfbd
Delaware,1952,0,0,0,cfbd
Delaware,1953,0,0,0,cfbd
Delaware,1954,0,0,0,cfbd
Delaware,1955,1,0,0,cfbd
Delaware,1956,1,0,0,cfbd
Delaware,1957,1,0,0,cfbd
Delaware,1958,0,1,0,cfbd
Delaware,1959,1,0,0,cfbd
Delaware,1960,0,1,0,cfbd
Delaware,1961,0,1,0,cfbd
Delaware,1962,1,2,0,cfbd
Delaware,1963,4,0,0,cfbd
Delaware,1964,2,2,0,cfbd
Delaware,1965,2,1,0,cfbd
Delaware,1966,0,2,0,cfbd
Delaware,1967,0,3,0,cfbd
Delaware,1968,0,3,0,cfbd
Delaware,1969,1,1,0,cfbd
Delaware,1970,1,1,0,cfbd
Delaware,1971,2,1,0,cfbd
Delaware,1972,2,0,0,cfbd
Delaware,1973,0,3,0,cfbd
Delaware,1974,2,1,0,cfbd
Delaware,1975,4,1,0,cfbd
Delaware,1976,2,2,1,cfbd
Delaware,1977,2,2,0,cfbd
Delaware,1978,2,2,0,cfbd
Delaware,1979,3,1,0,cfbd
Delaware,1980,3,0,0,cfbd
Delaware,1981,3,0,0,cfbd
Delaware,1982,1,1,0,cfbd
Delaware,1983,1,1,0,cfbd
Delaware,1984,1,0,0,cfbd
Delaware,1985,2,0,0,cfbd
Delaware,1986,1,0,0,cfbd
Delaware,1987,0,1,0,cfbd
Delaware,1988,0,1,0,cfbd
Delaware,1989,1,0,0,cfbd
Delaware,1990,0,1,0,cfbd
Delaware,1991,1,0,0,cfbd
Delaware,1992,1,0,0,cfbd
Delaware,1993,0,0,0,cfbd
Delaware,1994,0,0,0,cfbd
Delaware,1995,0,1,0,cfbd
Delaware,1996,0,1,0,cfbd
Delaware,1997,0,0,0,cfbd
Delaware,1998,0,0,0,cfbd
Delaware,1999,0,0,0,cfbd
Delaware,2000,0,0,0,cfbd
Delaware,2001,0,0,0,cfbd
Delaware,2002,0,0,0,cfbd
Delaware,2003,11,1,0,cfbd
Delaware,2004,9,3,0,cfbd
Delaware,2005,6,5,0,cfbd
Delaware,2006,6,6,0,cfbd
Delaware,2007,10,3,0,cfbd
Delaware,2008,4,8,0,cfbd
Delaware,2009,6,5,0,cfbd
Delaware,2010,8,2,0,cfbd
Delaware,2011,7,4,0,cfbd
Delaware,2012,4,6,0,cfbd
Delaware,2013,7,5,0,cfbd
Delaware,2014,6,6,0,cfbd
Delaware,2015,4,7,0,cfbd
Delaware,2016,4,7,0,cfbd
Delaware,2017,7,4,0,cfbd
Delaware,2018,7,5,0,cfbd
Delaware,2019,5,7,0,cfbd
Delaware,2020,7,1,0,cfbd
Delaware,2021,5,6,0,cfbd
Delaware,2022,8,5,0,cfbd
Delaware,2023,9,4,0,cfbd
Delaware,2024,9,2,0,cfbd
Delaware,2025,7,6,0,cfbd
Delaware,2026,0,0,0,cfbd
Delaware State,1936,0,0,0,cfbd
Delaware State,1937,0,0,0,cfbd
Delaware State,1938,0,0,0,cfbd
Delaware State,1939,0,0,0,cfbd
Delaware State,1941,0,0,0,cfbd
Delaware State,1942,0,0,0,cfbd
Delaware State,1944,0,0,0,cfbd
Delaware State,1945,0,0,0,cfbd
Delaware State,1946,0,0,0,cfbd
Delaware State,1947,0,0,0,cfbd
Delaware State,1948,0,0,0,cfbd
Delaware State,1949,0,0,0,cfbd
Delaware State,1950,0,0,0,cfbd
Delaware State,1951,0,0,0,cfbd
Delaware State,1952,0,0,0,cfbd
Delaware State,1953,0,0,0,cfbd
Delaware State,1954,0,0,0,cfbd
Delaware State,1955,0,0,0,cfbd
Delaware State,1956,0,0,0,cfbd
Delaware State,1957,0,0,0,cfbd
Delaware State,1958,0,0,0,cfbd
Delaware State,1959,0,0,0,cfbd
Delaware State,1960,0,0,0,cfbd
Delaware State,1961,0,0,0,cfbd
Delaware State,1962,0,0,0,cfbd
Delaware State,1963,0,0,0,cfbd
Delaware State,1964,0,0,0,cfbd
Delaware State,1965,0,0,0,cfbd
Delaware State,1966,0,0,0,cfbd
Delaware State,1967,0,0,0,cfbd
Delaware State,1968,0,0,0,cfbd
Delaware State,1969,0,0,0,cfbd
Delaware State,1970,0,0,0,cfbd
Delaware State,1971,0,0,0,cfbd
Delaware State,1972,0,0,0,cfbd
Delaware State,1973,0,0,0,cfbd
Delaware State,1974,0,0,0,cfbd
Delaware State,1975,0,0,0,cfbd
Delaware State,1976,0,0,0,cfbd
Delaware State,1977,0,0,0,cfbd
Delaware State,1978,0,0,0,cfbd
Delaware State,1979,0,0,0,cfbd
Delaware State,1980,0,0,0,cfbd
Delaware State,1981,0,0,0,cfbd
Delaware State,1982,0,0,0,cfbd
Delaware State,1983,0,0,0,cfbd
Delaware State,1984,0,0,0,cfbd
Delaware State,1985,0,0,0,cfbd
Delaware State,1986,0,0,0,cfbd
Delaware State,1987,1,0,0,cfbd
Delaware State,1988,0,0,0,cfbd
Delaware State,1989,0,0,0,cfbd
Delaware State,1990,0,0,0,cfbd
Delaware State,1991,0,0,0,cfbd
Delaware State,1992,0,0,0,cfbd
Delaware State,1993,0,0,0,cfbd
Delaware State,1994,0,0,0,cfbd
Delaware State,1995,0,0,0,cfbd
Delaware State,1996,0,0,0,cfbd
Delaware State,1997,0,0,0,cfbd
Delaware State,1998,0,0,0,cfbd
Delaware State,1999,0,0,0,cfbd
Delaware State,2000,0,0,0,cfbd
Delaware State,2001,0,0,0,cfbd
Delaware State,2002,0,0,0,cfbd
Delaware State,2003,1,10,0,cfbd
Delaware State,2004,4,7,0,cfbd
Delaware State,2005,5,4,0,cfbd
Delaware State,2006,8,3,0,cfbd
Delaware State,2007,10,2,0,cfbd
Delaware State,2008,5,6,0,cfbd
Delaware State,2009,4,6,0,cfbd
Delaware State,2010,3,8,0,cfbd
Delaware State,2011,3,8,0,cfbd
Delaware State,2012,4,5,0,cfbd
Delaware State,2013,5,6,0,cfbd
Delaware State,2014,2,10,0,cfbd
Delaware State,2015,1,10,0,cfbd
Delaware State,2016,0,11,0,cfbd
Delaware State,2017,2,9,0,cfbd
Delaware State,2018,3,8,0,cfbd
Delaware State,2019,2,10,0,cfbd
Delaware State,2020,2,3,0,cfbd
Delaware State,2021,5,6,0,cfbd
Delaware State,2022,5,6,0,cfbd
Delaware State,2023,1,10,0,cfbd
Delaware State,2024,1,11,0,cfbd
Delaware State,2025,8,4,0,cfbd
Delaware State,2026,1,0,0,cfbd
Delaware Valley,2014,0,0,0,cfbd
Delaware Valley,2015,0,0,0,cfbd
Delaware Valley,2016,0,0,0,cfbd
Delaware Valley,2017,0,0,0,cfbd
Delaware Valley,2018,0,0,0,cfbd
Delaware Valley,2019,0,0,0,cfbd
Delaware Valley,2020,0,0,0,cfbd
Delaware Valley,2021,0,0,0,cfbd
Delaware Valley,2022,12,1,0,cfbd
Delaware Valley,2023,9,2,0,cfbd
Delaware Valley,2024,8,2,0,cfbd
Delaware Valley,2025,8,3,0,cfbd
Delaware Valley,2026,0,0,0,cfbd
Delta State,2014,0,0,0,cfbd
Delta State,2015,0,0,0,cfbd
Delta State,2016,0,0,0,cfbd
Delta State,2017,0,0,0,cfbd
Delta State,2018,0,0,0,cfbd
Delta State,2019,0,0,0,cfbd
Delta State,2020,0,0,0,cfbd
Delta State,2021,5,6,0,cfbd
Delta State,2022,11,2,0,cfbd
Delta State,2023,10,2,0,cfbd
Delta State,2024,6,4,1,cfbd
Delta State,2025,7,3,0,cfbd
Delta State,2026,0,0,0,cfbd
Denison,2014,0,0,0,cfbd
Denison,2015,0,0,0,cfbd
Denison,2016,0,0,0,cfbd
Denison,2017,0,0,0,cfbd
Denison,2018,0,0,0,cfbd
Denison,2019,0,0,0,cfbd
Denison,2020,1,0,0,cfbd
Denison,2021,0,0,0,cfbd
Denison,2022,8,2,0,cfbd
Denison,2023,7,3,0,cfbd
Denison,2024,6,4,0,cfbd
Denison,2025,6,4,0,cfbd
Denison,2026,0,0,0,cfbd
Denver,1936,7,1,1,cfbd
Denver,1937,6,3,0,cfbd
Denver,1938,4,4,1,cfbd
Denver,1939,5,3,1,cfbd
Denver,1940,6,2,1,cfbd
Denver,1941,4,3,2,cfbd
Denver,1942,6,3,1,cfbd
Denver,1943,2,5,0,cfbd
Denver,1944,4,3,2,cfbd
Denver,1945,4,5,1,cfbd
Denver,1946,5,5,1,cfbd
Denver,1947,5,4,1,cfbd
Denver,1948,4,5,1,cfbd
Denver,1949,4,6,0,cfbd
Denver,1950,3,8,1,cfbd
Denver,1951,6,4,0,cfbd
Denver,1952,3,7,0,cfbd
Denver,1953,3,5,2,cfbd
Denver,1954,9,1,0,cfbd
Denver,1955,8,2,0,cfbd
Denver,1956,6,4,0,cfbd
Denver,1957,6,4,0,cfbd
Denver,1958,2,8,0,cfbd
Denver,1959,2,8,0,cfbd
Denver,1960,3,7,0,cfbd
DePauw,2014,0,0,0,cfbd
DePauw,2015,0,0,0,cfbd
DePauw,2016,0,0,0,cfbd
DePauw,2017,0,0,0,cfbd
DePauw,2018,0,0,0,cfbd
DePauw,2019,0,0,0,cfbd
DePauw,2020,2,0,0,cfbd
DePauw,2021,0,1,0,cfbd
DePauw,2022,9,2,0,cfbd
DePauw,2023,10,1,0,cfbd
DePauw,2024,11,1,0,cfbd
DePauw,2025,10,2,0,cfbd
DePauw,2026,0,0,0,cfbd
Detroit Mercy,1936,7,3,0,cfbd
Detroit Mercy,1937,7,3,0,cfbd
Detroit Mercy,1938,6,4,0,cfbd
Detroit Mercy,1939,5,3,1,cfbd
Detroit Mercy,1940,7,2,0,cfbd
Detroit Mercy,1941,7,2,0,cfbd
Detroit Mercy,1942,5,4,0,cfbd
Detroit Mercy,1945,6,3,0,cfbd
Detroit Mercy,1946,6,4,0,cfbd
Detroit Mercy,1947,6,4,0,cfbd
Detroit Mercy,1948,6,3,0,cfbd
Detroit Mercy,1949,5,4,0,cfbd
Detroit Mercy,1950,6,3,1,cfbd
Detroit Mercy,1951,4,7,0,cfbd
Detroit Mercy,1952,3,6,0,cfbd
Detroit Mercy,1953,6,4,0,cfbd
Detroit Mercy,1954,2,7,0,cfbd
Detroit Mercy,1955,5,3,1,cfbd
Detroit Mercy,1956,2,8,0,cfbd
Detroit Mercy,1957,6,3,0,cfbd
Detroit Mercy,1958,4,4,1,cfbd
Detroit Mercy,1959,6,4,0,cfbd
Detroit Mercy,1960,7,2,0,cfbd
Detroit Mercy,1961,5,4,0,cfbd
Detroit Mercy,1962,1,8,0,cfbd
Detroit Mercy,1963,2,6,1,cfbd
Detroit Mercy,1964,3,7,0,cfbd
Dickinson,2014,0,0,0,cfbd
Dickinson,2015,0,0,0,cfbd
Dickinson,2016,0,0,0,cfbd
Dickinson,2017,0,0,0,cfbd
Dickinson,2018,0,0,0,cfbd
Dickinson,2019,0,0,0,cfbd
Dickinson,2020,0,0,0,cfbd
Dickinson,2021,0,0,0,cfbd
Dickinson,2022,3,7,0,cfbd
Dickinson,2023,6,4,0,cfbd
Dickinson,2024,5,5,0,cfbd
Dickinson,2025,5,6,0,cfbd
Dickinson,2026,0,0,0,cfbd
Drake,1936,6,4,0,cfbd
Drake,1937,8,2,0,cfbd
Drake,1938,5,4,1,cfbd
Drake,1939,5,5,0,cfbd
Drake,1940,4,5,0,cfbd
Drake,1941,4,5,1,cfbd
Drake,1942,3,7,0,cfbd
Drake,1943,0,1,0,cfbd
Drake,1944,7,2,0,cfbd
Drake,1945,5,4,1,cfbd
Drake,1946,2,6,1,cfbd
Drake,1947,1,7,1,cfbd
Drake,1948,7,3,0,cfbd
Drake,1949,6,2,1,cfbd
Drake,1950,6,2,1,cfbd
Drake,1951,7,2,0,cfbd
Drake,1952,2,7,0,cfbd
Drake,1953,4,4,0,cfbd
Drake,1954,2,7,0,cfbd
Drake,1955,4,4,0,cfbd
Drake,1956,3,6,0,cfbd
Drake,1957,7,2,0,cfbd
Drake,1958,2,7,0,cfbd
Drake,1959,0,4,0,cfbd
Drake,1960,0,4,0,cfbd
Drake,1961,0,3,0,cfbd
Drake,1962,1,1,0,cfbd
Drake,1963,0,1,0,cfbd
Drake,1964,1,1,0,cfbd
Drake,1965,0,3,0,cfbd
Drake,1966,2,1,0,cfbd
Drake,1967,0,3,0,cfbd
Drake,1968,2,0,0,cfbd
Drake,1969,1,0,1,cfbd
Drake,1970,0,2,0,cfbd
Drake,1971,7,4,0,cfbd
Drake,1972,7,5,0,cfbd
Drake,1973,2,9,0,cfbd
Drake,1974,3,7,1,cfbd
Drake,1975,3,8,0,cfbd
Drake,1976,1,10,0,cfbd
Drake,1977,2,9,0,cfbd
Drake,1978,4,7,0,cfbd
Drake,1979,3,8,0,cfbd
Drake,1980,8,3,0,cfbd
Drake,1981,10,1,0,cfbd
Drake,1982,4,7,0,cfbd
Drake,1983,1,10,0,cfbd
Drake,1984,4,7,0,cfbd
Drake,1985,4,7,0,cfbd
Drake,1987,0,0,0,cfbd
Drake,1988,0,0,0,cfbd
Drake,1989,0,0,0,cfbd
Drake,1990,0,0,0,cfbd
Drake,1991,0,0,0,cfbd
Drake,1992,0,0,0,cfbd
Drake,1993,0,0,0,cfbd
Drake,1994,0,0,0,cfbd
Drake,1995,0,0,0,cfbd
Drake,1996,0,0,0,cfbd
Drake,1997,0,0,0,cfbd
Drake,1998,0,0,0,cfbd
Drake,1999,0,0,0,cfbd
Drake,2000,0,0,0,cfbd
Drake,2001,0,0,0,cfbd
Drake,2002,0,0,0,cfbd
Drake,2003,1,1,0,cfbd
Drake,2004,0,1,0,cfbd
Drake,2005,6,4,0,cfbd
Drake,2006,9,2,0,cfbd
Drake,2007,6,5,0,cfbd
Drake,2008,6,5,0,cfbd
Drake,2009,7,3,0,cfbd
Drake,2010,7,4,0,cfbd
Drake,2011,9,2,0,cfbd
Drake,2012,8,3,0,cfbd
Drake,2013,6,5,0,cfbd
Drake,2014,6,4,0,cfbd
Drake,2015,5,6,0,cfbd
Drake,2016,7,4,0,cfbd
Drake,2017,7,4,0,cfbd
Drake,2018,7,4,0,cfbd
Drake,2019,6,5,0,cfbd
Drake,2020,2,3,0,cfbd
Drake,2021,2,9,0,cfbd
Drake,2022,3,8,0,cfbd
Drake,2023,8,4,0,cfbd
Drake,2024,8,3,1,cfbd
Drake,2025,8,4,0,cfbd
Drake,2026,0,1,0,cfbd
Dubuque,2014,0,0,0,cfbd
Dubuque,2015,0,0,0,cfbd
Dubuque,2016,0,0,0,cfbd
Dubuque,2017,0,0,0,cfbd
Dubuque,2018,0,0,0,cfbd
Dubuque,2019,0,0,0,cfbd
Dubuque,2020,1,0,0,cfbd
Dubuque,2021,0,0,0,cfbd
Dubuque,2022,6,4,0,cfbd
Dubuque,2023,5,5,0,cfbd
Dubuque,2024,5,5,0,cfbd
Dubuque,2025,4,6,0,cfbd
Dubuque,2026,0,0,0,cfbd
Duke,1935,54,78,8,manual
Duke,1936,9,1,0,cfbd
Duke,1937,7,2,1,cfbd
Duke,1938,9,1,0,cfbd
Duke,1939,8,1,0,cfbd
Duke,1940,7,2,0,cfbd
Duke,1941,9,1,0,cfbd
Duke,1942,5,4,1,cfbd
Duke,1943,8,1,0,cfbd
Duke,1944,6,4,0,cfbd
Duke,1945,6,2,0,cfbd
Duke,1946,4,5,0,cfbd
Duke,1947,4,3,2,cfbd
Duke,1948,4,3,2,cfbd
Duke,1949,6,3,0,cfbd
Duke,1950,7,3,0,cfbd
Duke,1951,5,4,1,cfbd
Duke,1952,8,2,0,cfbd
Duke,1953,7,2,1,cfbd
Duke,1954,8,2,1,cfbd
Duke,1955,7,2,1,cfbd
Duke,1956,5,4,1,cfbd
Duke,1957,6,3,2,cfbd
Duke,1958,5,5,0,cfbd
Duke,1959,4,6,0,cfbd
Duke,1960,8,3,0,cfbd
Duke,1961,7,3,0,cfbd
Duke,1962,8,2,0,cfbd
Duke,1963,5,4,1,cfbd
Duke,1964,4,5,1,cfbd
Duke,1965,6,4,0,cfbd
Duke,1966,5,5,0,cfbd
Duke,1967,4,6,0,cfbd
Duke,1968,4,6,0,cfbd
Duke,1969,3,6,1,cfbd
Duke,1970,6,5,0,cfbd
Duke,1971,6,5,0,cfbd
Duke,1972,5,6,0,cfbd
Duke,1973,2,8,1,cfbd
Duke,1974,6,5,0,cfbd
Duke,1975,4,5,2,cfbd
Duke,1976,5,5,1,cfbd
Duke,1977,5,6,0,cfbd
Duke,1978,4,7,0,cfbd
Duke,1979,2,8,1,cfbd
Duke,1980,2,9,0,cfbd
Duke,1981,6,5,0,cfbd
Duke,1982,6,5,0,cfbd
Duke,1983,3,8,0,cfbd
Duke,1984,2,9,0,cfbd
Duke,1985,4,7,0,cfbd
Duke,1986,4,7,0,cfbd
Duke,1987,5,6,0,cfbd
Duke,1988,7,3,1,cfbd
Duke,1989,8,4,0,cfbd
Duke,1990,4,7,0,cfbd
Duke,1991,4,6,1,cfbd
Duke,1992,2,9,0,cfbd
Duke,1993,3,8,0,cfbd
Duke,1994,8,4,0,cfbd
Duke,1995,3,8,0,cfbd
Duke,1996,0,11,0,cfbd
Duke,1997,2,9,0,cfbd
Duke,1998,4,7,0,cfbd
Duke,1999,3,8,0,cfbd
Duke,2000,0,11,0,cfbd
Duke,2001,0,11,0,cfbd
Duke,2002,2,10,0,cfbd
Duke,2003,4,8,0,cfbd
Duke,2004,2,9,0,cfbd
Duke,2005,1,10,0,cfbd
Duke,2006,0,12,0,cfbd
Duke,2007,1,11,0,cfbd
Duke,2008,4,8,0,cfbd
Duke,2009,5,7,0,cfbd
Duke,2010,3,9,0,cfbd
Duke,2011,3,9,0,cfbd
Duke,2012,6,7,0,cfbd
Duke,2013,10,4,0,cfbd
Duke,2014,9,4,0,cfbd
Duke,2015,8,5,0,cfbd
Duke,2016,4,8,0,cfbd
Duke,2017,7,6,0,cfbd
Duke,2018,8,5,0,cfbd
Duke,2019,5,7,0,cfbd
Duke,2020,2,9,0,cfbd
Duke,2021,3,9,0,cfbd
Duke,2022,9,4,0,cfbd
Duke,2023,8,5,0,cfbd
Duke,2024,9,4,0,cfbd
Duke,2025,9,5,0,cfbd
Duke,2026,0,0,0,cfbd
Duquesne,1936,8,2,0,cfbd
Duquesne,1937,6,4,0,cfbd
Duquesne,1938,4,6,0,cfbd
Duquesne,1939,8,0,1,cfbd
Duquesne,1940,7,1,0,cfbd
Duquesne,1941,8,0,0,cfbd
Duquesne,1942,6,3,1,cfbd
Duquesne,1947,2,8,0,cfbd
Duquesne,1948,2,7,0,cfbd
Duquesne,1949,3,6,0,cfbd
Duquesne,1950,2,6,1,cfbd
Duquesne,1979,0,0,0,cfbd
Duquesne,1980,0,0,0,cfbd
Duquesne,1981,0,0,0,cfbd
Duquesne,1982,0,0,0,cfbd
Duquesne,1983,0,0,0,cfbd
Duquesne,1984,0,0,0,cfbd
Duquesne,1985,0,0,0,cfbd
Duquesne,1986,0,0,0,cfbd
Duquesne,1987,0,0,0,cfbd
Duquesne,1988,0,0,0,cfbd
Duquesne,1989,0,0,0,cfbd
Duquesne,1990,0,0,0,cfbd
Duquesne,1991,0,0,0,cfbd
Duquesne,1992,0,0,0,cfbd
Duquesne,1993,0,0,0,cfbd
Duquesne,1994,0,0,0,cfbd
Duquesne,1995,0,0,0,cfbd
Duquesne,1996,0,0,0,cfbd
Duquesne,1997,0,0,0,cfbd
Duquesne,1998,0,0,0,cfbd
Duquesne,1999,0,0,0,cfbd
Duquesne,2000,0,0,0,cfbd
Duquesne,2001,0,0,0,cfbd
Duquesne,2002,0,0,0,cfbd
Duquesne,2003,8,3,0,cfbd
Duquesne,2004,7,3,0,cfbd
Duquesne,2005,7,3,0,cfbd
Duquesne,2006,5,3,0,cfbd
Duquesne,2007,6,4,0,cfbd
Duquesne,2008,3,7,0,cfbd
Duquesne,2009,3,8,0,cfbd
Duquesne,2010,7,4,0,cfbd
Duquesne,2011,9,2,0,cfbd
Duquesne,2012,5,5,0,cfbd
Duquesne,2013,6,3,0,cfbd
Duquesne,2014,6,6,0,cfbd
Duquesne,2015,8,4,0,cfbd
Duquesne,2016,8,3,0,cfbd
Duquesne,2017,7,4,0,cfbd
Duquesne,2018,9,4,0,cfbd
Duquesne,2019,6,5,0,cfbd
Duquesne,2020,4,0,0,cfbd
Duquesne,2021,7,3,0,cfbd
Duquesne,2022,4,7,0,cfbd
Duquesne,2023,7,5,0,cfbd
Duquesne,2024,8,3,0,cfbd
Duquesne,2025,7,5,0,cfbd
Duquesne,2026,0,0,0,cfbd
Earlham,2014,0,0,0,cfbd
Earlham,2015,0,0,0,cfbd
Earlham,2016,0,0,0,cfbd
Earlham,2017,0,0,0,cfbd
Earlham,2018,0,0,0,cfbd
East Carolina,1936,0,0,0,cfbd
East Carolina,1937,0,0,0,cfbd
East Carolina,1938,0,0,0,cfbd
East Carolina,1939,0,0,0,cfbd
East Carolina,1940,0,0,0,cfbd
East Carolina,1941,0,0,0,cfbd
East Carolina,1946,0,0,0,cfbd
East Carolina,1947,0,0,0,cfbd
East Carolina,1948,0,0,0,cfbd
East Carolina,1949,0,0,0,cfbd
East Carolina,1950,0,0,0,cfbd
East Carolina,1951,0,1,0,cfbd
East Carolina,1952,0,0,0,cfbd
East Carolina,1953,0,0,0,cfbd
East Carolina,1954,0,0,0,cfbd
East Carolina,1955,0,0,0,cfbd
East Carolina,1956,0,2,0,cfbd
East Carolina,1957,0,2,0,cfbd
East Carolina,1958,0,0,0,cfbd
East Carolina,1959,0,0,0,cfbd
East Carolina,1960,1,0,0,cfbd
East Carolina,1961,0,1,0,cfbd
East Carolina,1962,0,1,0,cfbd
East Carolina,1963,2,1,0,cfbd
East Carolina,1964,3,1,0,cfbd
East Carolina,1965,9,1,0,cfbd
East Carolina,1966,4,5,1,cfbd
East Carolina,1967,8,2,0,cfbd
East Carolina,1968,4,6,0,cfbd
East Carolina,1969,2,7,0,cfbd
East Carolina,1970,3,8,0,cfbd
East Carolina,1971,4,6,0,cfbd
East Carolina,1972,9,2,0,cfbd
East Carolina,1973,9,2,0,cfbd
East Carolina,1974,7,4,0,cfbd
East Carolina,1975,8,3,0,cfbd
East Carolina,1976,9,2,0,cfbd
East Carolina,1977,8,3,0,cfbd
East Carolina,1978,9,3,0,cfbd
East Carolina,1979,7,3,1,cfbd
East Carolina,1980,4,7,0,cfbd
East Carolina,1981,5,6,0,cfbd
East Carolina,1982,7,4,0,cfbd
East Carolina,1983,8,3,0,cfbd
East Carolina,1984,2,9,0,cfbd
East Carolina,1985,2,9,0,cfbd
East Carolina,1986,2,9,0,cfbd
East Carolina,1987,5,6,0,cfbd
East Carolina,1988,3,8,0,cfbd
East Carolina,1989,5,5,1,cfbd
East Carolina,1990,5,6,0,cfbd
East Carolina,1991,11,1,0,cfbd
East Carolina,1992,5,6,0,cfbd
East Carolina,1993,2,9,0,cfbd
East Carolina,1994,7,5,0,cfbd
East Carolina,1995,9,3,0,cfbd
East Carolina,1996,8,3,0,cfbd
East Carolina,1997,5,6,0,cfbd
East Carolina,1998,6,5,0,cfbd
East Carolina,1999,9,3,0,cfbd
East Carolina,2000,8,4,0,cfbd
East Carolina,2001,6,6,0,cfbd
East Carolina,2002,4,8,0,cfbd
East Carolina,2003,1,11,0,cfbd
East Carolina,2004,2,9,0,cfbd
East Carolina,2005,5,6,0,cfbd
East Carolina,2006,7,6,0,cfbd
East Carolina,2007,8,5,0,cfbd
East Carolina,2008,9,5,0,cfbd
East Carolina,2009,9,5,0,cfbd
East Carolina,2010,6,7,0,cfbd
East Carolina,2011,5,7,0,cfbd
East Carolina,2012,8,5,0,cfbd
East Carolina,2013,10,3,0,cfbd
East Carolina,2014,8,5,0,cfbd
East Carolina,2015,5,7,0,cfbd
East Carolina,2016,3,9,0,cfbd
East Carolina,2017,3,9,0,cfbd
East Carolina,2018,3,9,0,cfbd
East Carolina,2019,4,8,0,cfbd
East Carolina,2020,3,6,0,cfbd
East Carolina,2021,7,5,0,cfbd
East Carolina,2022,8,5,0,cfbd
East Carolina,2023,2,10,0,cfbd
East Carolina,2024,8,5,0,cfbd
East Carolina,2025,9,4,0,cfbd
East Carolina,2026,0,0,0,cfbd
East Central,2014,0,0,0,cfbd
East Central,2015,0,0,0,cfbd
East Central,2016,0,0,0,cfbd
East Central,2017,0,0,0,cfbd
East Central,2018,0,0,0,cfbd
East Central,2019,0,0,0,cfbd
East Central,2020,1,0,0,cfbd
East Central,2021,7,4,0,cfbd
East Central,2022,8,3,0,cfbd
East Central,2023,3,8,0,cfbd
East Central,2024,5,6,0,cfbd
East Central,2025,6,5,0,cfbd
East Central,2026,0,0,0,cfbd
East Stroudsburg,2014,0,0,0,cfbd
East Stroudsburg,2015,0,0,0,cfbd
East Stroudsburg,2016,0,0,0,cfbd
East Stroudsburg,2017,0,0,0,cfbd
East Stroudsburg,2018,0,0,0,cfbd
East Stroudsburg,2019,1,0,0,cfbd
East Stroudsburg,2020,0,0,0,cfbd
East Stroudsburg,2021,5,6,0,cfbd
East Stroudsburg,2022,4,7,0,cfbd
East Stroudsburg,2023,9,3,0,cfbd
East Stroudsburg,2024,10,2,0,cfbd
East Stroudsburg,2025,8,3,0,cfbd
East Stroudsburg,2026,0,0,0,cfbd
East Tennessee State,1936,0,0,0,cfbd
East Tennessee State,1937,0,0,0,cfbd
East Tennessee State,1938,0,0,0,cfbd
East Tennessee State,1939,0,0,0,cfbd
East Tennessee State,1940,0,0,0,cfbd
East Tennessee State,1941,0,0,0,cfbd
East Tennessee State,1946,0,0,0,cfbd
East Tennessee State,1947,0,0,0,cfbd
East Tennessee State,1948,0,0,0,cfbd
East Tennessee State,1949,0,0,0,cfbd
East Tennessee State,1950,0,0,0,cfbd
East Tennessee State,1951,0,0,0,cfbd
East Tennessee State,1957,0,1,0,cfbd
East Tennessee State,1958,0,0,0,cfbd
East Tennessee State,1959,0,0,0,cfbd
East Tennessee State,1960,0,0,0,cfbd
East Tennessee State,1961,0,0,0,cfbd
East Tennessee State,1962,0,0,0,cfbd
East Tennessee State,1963,0,0,0,cfbd
East Tennessee State,1964,0,0,0,cfbd
East Tennessee State,1965,0,0,0,cfbd
East Tennessee State,1966,0,1,0,cfbd
East Tennessee State,1967,0,0,0,cfbd
East Tennessee State,1968,1,0,0,cfbd
East Tennessee State,1969,1,0,0,cfbd
East Tennessee State,1970,1,0,0,cfbd
East Tennessee State,1971,0,1,0,cfbd
East Tennessee State,1972,1,1,0,cfbd
East Tennessee State,1973,1,2,0,cfbd
East Tennessee State,1974,1,2,0,cfbd
East Tennessee State,1975,0,3,0,cfbd
East Tennessee State,1976,0,2,0,cfbd
East Tennessee State,1977,1,2,0,cfbd
East Tennessee State,1978,2,1,0,cfbd
East Tennessee State,1979,7,4,0,cfbd
East Tennessee State,1980,2,9,0,cfbd
East Tennessee State,1981,6,5,0,cfbd
East Tennessee State,1982,0,1,0,cfbd
East Tennessee State,1983,0,1,0,cfbd
East Tennessee State,1984,0,1,0,cfbd
East Tennessee State,1985,0,1,0,cfbd
East Tennessee State,1986,0,1,0,cfbd
East Tennessee State,1987,1,0,0,cfbd
East Tennessee State,1988,0,1,0,cfbd
East Tennessee State,1989,0,0,0,cfbd
East Tennessee State,1990,0,0,0,cfbd
East Tennessee State,1991,0,1,0,cfbd
East Tennessee State,1992,0,1,0,cfbd
East Tennessee State,1993,0,1,0,cfbd
East Tennessee State,1994,0,1,0,cfbd
East Tennessee State,1995,0,2,0,cfbd
East Tennessee State,1996,0,1,0,cfbd
East Tennessee State,1997,0,0,0,cfbd
East Tennessee State,1998,0,2,0,cfbd
East Tennessee State,1999,0,1,0,cfbd
East Tennessee State,2000,0,1,0,cfbd
East Tennessee State,2001,0,1,0,cfbd
East Tennessee State,2002,0,1,0,cfbd
East Tennessee State,2003,5,7,0,cfbd
East Tennessee State,2015,2,9,0,cfbd
East Tennessee State,2016,5,6,0,cfbd
East Tennessee State,2017,4,7,0,cfbd
East Tennessee State,2018,8,4,0,cfbd
East Tennessee State,2019,3,9,0,cfbd
East Tennessee State,2020,4,2,0,cfbd
East Tennessee State,2021,11,2,0,cfbd
East Tennessee State,2022,3,8,0,cfbd
East Tennessee State,2023,3,8,0,cfbd
East Tennessee State,2024,7,5,0,cfbd
East Tennessee State,2025,7,5,0,cfbd
East Tennessee State,2026,0,0,0,cfbd
East Texas A&M,1982,0,0,0,cfbd
East Texas A&M,1983,0,0,0,cfbd
East Texas A&M,1984,0,0,0,cfbd
East Texas A&M,1985,0,0,0,cfbd
East Texas A&M,1986,0,0,0,cfbd
East Texas A&M,1987,0,0,0,cfbd
East Texas A&M,1988,0,0,0,cfbd
East Texas A&M,1989,0,0,0,cfbd
East Texas A&M,1990,0,0,0,cfbd
East Texas A&M,1991,0,0,0,cfbd
East Texas A&M,1992,0,0,0,cfbd
East Texas A&M,1993,0,0,0,cfbd
East Texas A&M,1994,0,0,0,cfbd
East Texas A&M,1995,0,0,0,cfbd
East Texas A&M,1996,0,0,0,cfbd
East Texas A&M,1997,0,0,0,cfbd
East Texas A&M,1998,0,0,0,cfbd
East Texas A&M,1999,0,0,0,cfbd
East Texas A&M,2000,0,0,0,cfbd
East Texas A&M,2001,0,0,0,cfbd
East Texas A&M,2002,0,0,0,cfbd
East Texas A&M,2003,0,0,0,cfbd
East Texas A&M,2004,0,0,0,cfbd
East Texas A&M,2005,0,0,0,cfbd
East Texas A&M,2006,0,0,0,cfbd
East Texas A&M,2007,0,0,0,cfbd
East Texas A&M,2008,0,1,0,cfbd
East Texas A&M,2009,0,1,0,cfbd
East Texas A&M,2010,0,0,0,cfbd
East Texas A&M,2011,0,0,0,cfbd
East Texas A&M,2012,0,1,0,cfbd
East Texas A&M,2013,1,0,0,cfbd
East Texas A&M,2014,0,0,0,cfbd
East Texas A&M,2015,0,1,0,cfbd
East Texas A&M,2016,0,0,0,cfbd
East Texas A&M,2017,1,0,0,cfbd
East Texas A&M,2018,0,0,0,cfbd
East Texas A&M,2019,0,0,0,cfbd
East Texas A&M,2021,7,4,0,cfbd
East Texas A&M,2022,5,6,0,cfbd
East Texas A&M,2023,2,9,0,cfbd
East Texas A&M,2024,3,9,0,cfbd
East Texas A&M,2025,3,9,0,cfbd
East Texas A&M,2026,0,0,0,cfbd
East Texas Baptist,2014,0,0,0,cfbd
East Texas Baptist,2015,0,0,0,cfbd
East Texas Baptist,2016,0,0,0,cfbd
East Texas Baptist,2017,0,0,0,cfbd
East Texas Baptist,2018,0,0,0,cfbd
East Texas Baptist,2019,0,0,0,cfbd
East Texas Baptist,2020,3,2,0,cfbd
East Texas Baptist,2021,0,0,0,cfbd
East Texas Baptist,2022,5,5,0,cfbd
East Texas Baptist,2023,5,5,0,cfbd
East Texas Baptist,2024,5,4,0,cfbd
East Texas Baptist,2025,4,6,0,cfbd
East Texas Baptist,2026,0,0,0,cfbd
Eastern,2023,2,8,0,cfbd
Eastern,2024,5,5,0,cfbd
Eastern,2025,10,2,0,cfbd
Eastern,2026,0,0,0,cfbd
Eastern Illinois,1936,0,0,0,cfbd
Eastern Illinois,1937,0,0,0,cfbd
Eastern Illinois,1938,0,0,0,cfbd
Eastern Illinois,1939,0,0,0,cfbd
Eastern Illinois,1940,0,0,0,cfbd
Eastern Illinois,1941,0,0,0,cfbd
Eastern Illinois,1942,0,0,0,cfbd
Eastern Illinois,1944,0,0,0,cfbd
Eastern Illinois,1945,0,0,0,cfbd
Eastern Illinois,1946,0,0,0,cfbd
Eastern Illinois,1947,0,0,0,cfbd
Eastern Illinois,1948,0,0,0,cfbd
Eastern Illinois,1949,0,0,0,cfbd
Eastern Illinois,1950,0,0,0,cfbd
Eastern Illinois,1951,0,0,0,cfbd
Eastern Illinois,1952,0,0,0,cfbd
Eastern Illinois,1953,0,0,0,cfbd
Eastern Illinois,1954,0,0,0,cfbd
Eastern Illinois,1955,0,0,0,cfbd
Eastern Illinois,1956,0,0,0,cfbd
Eastern Illinois,1957,0,0,0,cfbd
Eastern Illinois,1958,0,0,0,cfbd
Eastern Illinois,1959,0,0,0,cfbd
Eastern Illinois,1960,0,0,0,cfbd
Eastern Illinois,1961,0,0,0,cfbd
Eastern Illinois,1962,0,0,0,cfbd
Eastern Illinois,1963,0,0,0,cfbd
Eastern Illinois,1964,0,0,0,cfbd
Eastern Illinois,1965,0,0,0,cfbd
Eastern Illinois,1966,0,0,0,cfbd
Eastern Illinois,1967,0,0,0,cfbd
Eastern Illinois,1968,0,0,0,cfbd
Eastern Illinois,1969,0,0,0,cfbd
Eastern Illinois,1970,0,0,0,cfbd
Eastern Illinois,1971,0,0,0,cfbd
Eastern Illinois,1972,0,0,0,cfbd
Eastern Illinois,1973,0,0,0,cfbd
Eastern Illinois,1974,0,0,0,cfbd
Eastern Illinois,1975,0,1,0,cfbd
Eastern Illinois,1976,0,1,0,cfbd
Eastern Illinois,1977,0,1,0,cfbd
Eastern Illinois,1978,1,0,0,cfbd
Eastern Illinois,1979,2,0,0,cfbd
Eastern Illinois,1980,1,2,0,cfbd
Eastern Illinois,1981,0,2,0,cfbd
Eastern Illinois,1982,3,0,0,cfbd
Eastern Illinois,1983,1,3,0,cfbd
Eastern Illinois,1984,0,4,0,cfbd
Eastern Illinois,1985,2,2,0,cfbd
Eastern Illinois,1986,0,0,0,cfbd
Eastern Illinois,1987,0,2,0,cfbd
Eastern Illinois,1988,0,0,0,cfbd
Eastern Illinois,1989,1,0,0,cfbd
Eastern Illinois,1990,0,1,0,cfbd
Eastern Illinois,1991,0,1,0,cfbd
Eastern Illinois,1992,0,0,0,cfbd
Eastern Illinois,1993,0,1,0,cfbd
Eastern Illinois,1994,0,2,0,cfbd
Eastern Illinois,1995,0,0,0,cfbd
Eastern Illinois,1996,1,0,0,cfbd
Eastern Illinois,1997,0,0,0,cfbd
Eastern Illinois,1998,1,1,0,cfbd
Eastern Illinois,1999,0,3,0,cfbd
Eastern Illinois,2000,0,1,0,cfbd
Eastern Illinois,2001,0,1,0,cfbd
Eastern Illinois,2002,0,2,0,cfbd
Eastern Illinois,2003,4,8,0,cfbd
Eastern Illinois,2004,5,6,0,cfbd
Eastern Illinois,2005,9,3,0,cfbd
Eastern Illinois,2006,8,5,0,cfbd
Eastern Illinois,2007,7,4,0,cfbd
Eastern Illinois,2008,5,7,0,cfbd
Eastern Illinois,2009,5,4,0,cfbd
Eastern Illinois,2010,2,9,0,cfbd
Eastern Illinois,2011,2,9,0,cfbd
Eastern Illinois,2012,7,5,0,cfbd
Eastern Illinois,2013,3,1,0,cfbd
Eastern Illinois,2014,5,7,0,cfbd
Eastern Illinois,2015,7,5,0,cfbd
Eastern Illinois,2016,6,5,0,cfbd
Eastern Illinois,2017,6,5,0,cfbd
Eastern Illinois,2018,3,8,0,cfbd
Eastern Illinois,2019,1,11,0,cfbd
Eastern Illinois,2020,1,5,0,cfbd
Eastern Illinois,2021,1,10,0,cfbd
Eastern Illinois,2022,2,9,0,cfbd
Eastern Illinois,2023,8,3,0,cfbd
Eastern Illinois,2024,3,9,0,cfbd
Eastern Illinois,2025,3,9,0,cfbd
Eastern Illinois,2026,1,0,0,cfbd
Eastern Kentucky,1936,0,0,0,cfbd
Eastern Kentucky,1937,0,0,0,cfbd
Eastern Kentucky,1938,0,0,0,cfbd
Eastern Kentucky,1939,0,0,0,cfbd
Eastern Kentucky,1940,0,0,0,cfbd
Eastern Kentucky,1941,0,0,0,cfbd
Eastern Kentucky,1942,0,0,0,cfbd
Eastern Kentucky,1943,0,0,0,cfbd
Eastern Kentucky,1944,0,0,0,cfbd
Eastern Kentucky,1945,0,0,0,cfbd
Eastern Kentucky,1946,0,0,0,cfbd
Eastern Kentucky,1947,0,0,0,cfbd
Eastern Kentucky,1948,0,0,0,cfbd
Eastern Kentucky,1949,0,0,0,cfbd
Eastern Kentucky,1950,0,0,0,cfbd
Eastern Kentucky,1951,0,0,0,cfbd
Eastern Kentucky,1952,0,0,0,cfbd
Eastern Kentucky,1953,0,0,0,cfbd
Eastern Kentucky,1954,0,1,0,cfbd
Eastern Kentucky,1955,0,0,0,cfbd
Eastern Kentucky,1956,0,0,0,cfbd
Eastern Kentucky,1957,0,0,0,cfbd
Eastern Kentucky,1958,0,0,0,cfbd
Eastern Kentucky,1959,0,0,0,cfbd
Eastern Kentucky,1960,0,0,0,cfbd
Eastern Kentucky,1961,0,0,0,cfbd
Eastern Kentucky,1962,0,0,0,cfbd
Eastern Kentucky,1963,0,0,0,cfbd
Eastern Kentucky,1964,0,0,0,cfbd
Eastern Kentucky,1965,0,1,0,cfbd
Eastern Kentucky,1966,2,0,0,cfbd
Eastern Kentucky,1967,0,1,0,cfbd
Eastern Kentucky,1968,0,0,0,cfbd
Eastern Kentucky,1969,0,0,0,cfbd
Eastern Kentucky,1970,0,0,0,cfbd
Eastern Kentucky,1971,0,0,0,cfbd
Eastern Kentucky,1972,0,1,0,cfbd
Eastern Kentucky,1973,1,0,0,cfbd
Eastern Kentucky,1974,0,1,0,cfbd
Eastern Kentucky,1975,1,0,1,cfbd
Eastern Kentucky,1976,1,0,0,cfbd
Eastern Kentucky,1977,0,0,0,cfbd
Eastern Kentucky,1978,0,0,0,cfbd
Eastern Kentucky,1979,2,1,0,cfbd
Eastern Kentucky,1980,2,0,0,cfbd
Eastern Kentucky,1981,0,1,0,cfbd
Eastern Kentucky,1982,0,0,0,cfbd
Eastern Kentucky,1983,0,0,0,cfbd
Eastern Kentucky,1984,0,0,0,cfbd
Eastern Kentucky,1985,1,0,0,cfbd
Eastern Kentucky,1986,0,0,0,cfbd
Eastern Kentucky,1987,0,0,0,cfbd
Eastern Kentucky,1988,0,0,0,cfbd
Eastern Kentucky,1989,0,0,0,cfbd
Eastern Kentucky,1990,0,0,0,cfbd
Eastern Kentucky,1991,0,1,0,cfbd
Eastern Kentucky,1992,0,0,0,cfbd
Eastern Kentucky,1993,0,0,0,cfbd
Eastern Kentucky,1994,0,0,0,cfbd
Eastern Kentucky,1995,0,0,0,cfbd
Eastern Kentucky,1996,0,0,0,cfbd
Eastern Kentucky,1997,0,0,0,cfbd
Eastern Kentucky,1998,0,1,0,cfbd
Eastern Kentucky,1999,0,0,0,cfbd
Eastern Kentucky,2000,0,1,0,cfbd
Eastern Kentucky,2001,0,1,0,cfbd
Eastern Kentucky,2002,0,1,0,cfbd
Eastern Kentucky,2003,7,5,0,cfbd
Eastern Kentucky,2004,6,5,0,cfbd
Eastern Kentucky,2005,7,4,0,cfbd
Eastern Kentucky,2006,6,5,0,cfbd
Eastern Kentucky,2007,8,3,0,cfbd
Eastern Kentucky,2008,8,4,0,cfbd
Eastern Kentucky,2009,3,5,0,cfbd
Eastern Kentucky,2010,6,5,0,cfbd
Eastern Kentucky,2011,7,5,0,cfbd
Eastern Kentucky,2012,8,3,0,cfbd
Eastern Kentucky,2013,2,2,0,cfbd
Eastern Kentucky,2014,9,4,0,cfbd
Eastern Kentucky,2015,6,5,0,cfbd
Eastern Kentucky,2016,3,8,0,cfbd
Eastern Kentucky,2017,4,7,0,cfbd
Eastern Kentucky,2018,7,4,0,cfbd
Eastern Kentucky,2019,7,5,0,cfbd
Eastern Kentucky,2020,3,6,0,cfbd
Eastern Kentucky,2021,7,4,0,cfbd
Eastern Kentucky,2022,7,5,0,cfbd
Eastern Kentucky,2023,5,6,0,cfbd
Eastern Kentucky,2024,8,5,0,cfbd
Eastern Kentucky,2025,5,7,0,cfbd
Eastern Kentucky,2026,0,0,0,cfbd
Eastern Michigan,1936,0,0,0,cfbd
Eastern Michigan,1937,0,0,0,cfbd
Eastern Michigan,1938,0,0,0,cfbd
Eastern Michigan,1939,0,0,0,cfbd
Eastern Michigan,1940,0,1,0,cfbd
Eastern Michigan,1941,0,0,0,cfbd
Eastern Michigan,1942,0,0,0,cfbd
Eastern Michigan,1943,0,0,0,cfbd
Eastern Michigan,1945,0,0,0,cfbd
Eastern Michigan,1946,0,0,0,cfbd
Eastern Michigan,1947,0,0,0,cfbd
Eastern Michigan,1948,0,0,0,cfbd
Eastern Michigan,1949,0,0,0,cfbd
Eastern Michigan,1950,0,0,0,cfbd
Eastern Michigan,1951,0,0,0,cfbd
Eastern Michigan,1952,0,0,0,cfbd
Eastern Michigan,1953,0,0,0,cfbd
Eastern Michigan,1954,0,0,0,cfbd
Eastern Michigan,1955,0,0,0,cfbd
Eastern Michigan,1956,0,0,0,cfbd
Eastern Michigan,1957,0,0,0,cfbd
Eastern Michigan,1958,0,0,0,cfbd
Eastern Michigan,1959,0,0,0,cfbd
Eastern Michigan,1960,0,0,0,cfbd
Eastern Michigan,1961,0,0,0,cfbd
Eastern Michigan,1964,0,0,0,cfbd
Eastern Michigan,1965,0,0,0,cfbd
Eastern Michigan,1966,0,0,0,cfbd
Eastern Michigan,1967,0,0,0,cfbd
Eastern Michigan,1968,0,1,0,cfbd
Eastern Michigan,1969,0,0,0,cfbd
Eastern Michigan,1970,0,0,0,cfbd
Eastern Michigan,1971,0,0,0,cfbd
Eastern Michigan,1972,0,2,0,cfbd
Eastern Michigan,1973,0,2,0,cfbd
Eastern Michigan,1974,2,3,0,cfbd
Eastern Michigan,1975,4,6,0,cfbd
Eastern Michigan,1976,2,9,0,cfbd
Eastern Michigan,1977,8,3,0,cfbd
Eastern Michigan,1978,3,7,0,cfbd
Eastern Michigan,1979,2,8,1,cfbd
Eastern Michigan,1980,1,9,0,cfbd
Eastern Michigan,1981,0,11,0,cfbd
Eastern Michigan,1982,1,9,1,cfbd
Eastern Michigan,1983,1,10,0,cfbd
Eastern Michigan,1984,2,7,2,cfbd
Eastern Michigan,1985,4,7,0,cfbd
Eastern Michigan,1986,6,5,0,cfbd
Eastern Michigan,1987,10,2,0,cfbd
Eastern Michigan,1988,6,3,1,cfbd
Eastern Michigan,1989,7,3,1,cfbd
Eastern Michigan,1990,2,9,0,cfbd
Eastern Michigan,1991,3,7,1,cfbd
Eastern Michigan,1992,1,10,0,cfbd
Eastern Michigan,1993,4,7,0,cfbd
Eastern Michigan,1994,5,6,0,cfbd
Eastern Michigan,1995,6,5,0,cfbd
Eastern Michigan,1996,3,8,0,cfbd
Eastern Michigan,1997,4,7,0,cfbd
Eastern Michigan,1998,3,8,0,cfbd
Eastern Michigan,1999,4,7,0,cfbd
Eastern Michigan,2000,3,8,0,cfbd
Eastern Michigan,2001,2,9,0,cfbd
Eastern Michigan,2002,3,9,0,cfbd
Eastern Michigan,2003,3,9,0,cfbd
Eastern Michigan,2004,4,7,0,cfbd
Eastern Michigan,2005,4,7,0,cfbd
Eastern Michigan,2006,1,11,0,cfbd
Eastern Michigan,2007,4,8,0,cfbd
Eastern Michigan,2008,3,9,0,cfbd
Eastern Michigan,2009,0,12,0,cfbd
Eastern Michigan,2010,2,10,0,cfbd
Eastern Michigan,2011,6,6,0,cfbd
Eastern Michigan,2012,2,10,0,cfbd
Eastern Michigan,2013,2,10,0,cfbd
Eastern Michigan,2014,2,10,0,cfbd
Eastern Michigan,2015,1,11,0,cfbd
Eastern Michigan,2016,7,6,0,cfbd
Eastern Michigan,2017,5,7,0,cfbd
Eastern Michigan,2018,7,6,0,cfbd
Eastern Michigan,2019,6,7,0,cfbd
Eastern Michigan,2020,2,4,0,cfbd
Eastern Michigan,2021,7,6,0,cfbd
Eastern Michigan,2022,9,4,0,cfbd
Eastern Michigan,2023,6,7,0,cfbd
Eastern Michigan,2024,5,7,0,cfbd
Eastern Michigan,2025,4,8,0,cfbd
Eastern Michigan,2026,0,0,0,cfbd
Eastern New Mexico,2014,0,0,0,cfbd
Eastern New Mexico,2015,0,0,0,cfbd
Eastern New Mexico,2016,0,0,0,cfbd
Eastern New Mexico,2017,0,0,0,cfbd
Eastern New Mexico,2018,0,0,0,cfbd
Eastern New Mexico,2019,0,0,0,cfbd
Eastern New Mexico,2020,0,0,0,cfbd
Eastern New Mexico,2021,3,7,0,cfbd
Eastern New Mexico,2022,3,8,0,cfbd
Eastern New Mexico,2023,5,6,0,cfbd
Eastern New Mexico,2024,3,8,0,cfbd
Eastern New Mexico,2025,3,8,0,cfbd
Eastern New Mexico,2026,0,0,0,cfbd
Eastern Washington,1978,0,0,0,cfbd
Eastern Washington,1979,0,0,0,cfbd
Eastern Washington,1980,0,0,0,cfbd
Eastern Washington,1981,0,0,0,cfbd
Eastern Washington,1982,0,0,0,cfbd
Eastern Washington,1983,1,0,0,cfbd
Eastern Washington,1984,0,0,0,cfbd
Eastern Washington,1985,1,0,0,cfbd
Eastern Washington,1986,0,1,0,cfbd
Eastern Washington,1987,0,0,0,cfbd
Eastern Washington,1988,0,0,0,cfbd
Eastern Washington,1989,0,0,0,cfbd
Eastern Washington,1990,0,1,0,cfbd
Eastern Washington,1991,0,0,0,cfbd
Eastern Washington,1992,0,0,0,cfbd
Eastern Washington,1993,0,0,0,cfbd
Eastern Washington,1994,1,0,0,cfbd
Eastern Washington,1995,0,0,0,cfbd
Eastern Washington,1996,1,1,0,cfbd
Eastern Washington,1997,1,0,0,cfbd
Eastern Washington,1998,0,1,0,cfbd
Eastern Washington,1999,0,2,0,cfbd
Eastern Washington,2000,0,2,0,cfbd
Eastern Washington,2001,1,0,0,cfbd
Eastern Washington,2002,0,1,0,cfbd
Eastern Washington,2003,2,1,0,cfbd
Eastern Washington,2004,9,3,0,cfbd
Eastern Washington,2005,7,5,0,cfbd
Eastern Washington,2006,3,8,0,cfbd
Eastern Washington,2007,9,4,0,cfbd
Eastern Washington,2008,6,5,0,cfbd
Eastern Washington,2009,8,4,0,cfbd
Eastern Washington,2010,10,2,0,cfbd
Eastern Washington,2011,6,5,0,cfbd
Eastern Washington,2012,2,1,0,cfbd
Eastern Washington,2013,10,3,0,cfbd
Eastern Washington,2014,11,3,0,cfbd
Eastern Washington,2015,6,5,0,cfbd
Eastern Washington,2016,12,2,0,cfbd
Eastern Washington,2017,7,4,0,cfbd
Eastern Washington,2018,12,3,0,cfbd
Eastern Washington,2019,7,5,0,cfbd
Eastern Washington,2020,5,2,0,cfbd
Eastern Washington,2021,10,3,0,cfbd
Eastern Washington,2022,3,8,0,cfbd
Eastern Washington,2023,4,7,0,cfbd
Eastern Washington,2024,4,8,0,cfbd
Eastern Washington,2025,5,7,0,cfbd
Eastern Washington,2026,0,0,0,cfbd
Edinboro,2014,0,0,0,cfbd
Edinboro,2015,0,0,0,cfbd
Edinboro,2016,0,0,0,cfbd
Edinboro,2017,0,0,0,cfbd
Edinboro,2018,0,0,0,cfbd
Edinboro,2019,0,0,0,cfbd
Edinboro,2020,0,0,0,cfbd
Edinboro,2021,4,6,0,cfbd
Edinboro,2022,5,6,0,cfbd
Edinboro,2023,3,8,0,cfbd
Edinboro,2024,3,8,0,cfbd
Edinboro,2025,7,4,0,cfbd
Edinboro,2026,0,0,0,cfbd
Edward Waters,2014,0,1,0,cfbd
Edward Waters,2015,0,2,0,cfbd
Edward Waters,2016,0,1,0,cfbd
Edward Waters,2017,0,1,0,cfbd
Edward Waters,2018,0,1,0,cfbd
Edward Waters,2019,0,2,0,cfbd
Edward Waters,2020,1,2,0,cfbd
Edward Waters,2021,3,7,0,cfbd
Edward Waters,2022,5,6,0,cfbd
Edward Waters,2023,6,4,0,cfbd
Edward Waters,2024,3,7,0,cfbd
Edward Waters,2025,5,5,0,cfbd
Edward Waters,2026,0,0,0,cfbd
Elizabeth City State,2014,0,1,0,cfbd
Elizabeth City State,2015,0,0,0,cfbd
Elizabeth City State,2016,0,2,0,cfbd
Elizabeth City State,2017,0,0,0,cfbd
Elizabeth City State,2018,0,0,0,cfbd
Elizabeth City State,2019,0,2,0,cfbd
Elizabeth City State,2020,0,0,0,cfbd
Elizabeth City State,2021,3,7,0,cfbd
Elizabeth City State,2022,2,7,0,cfbd
Elizabeth City State,2023,3,7,0,cfbd
Elizabeth City State,2024,3,7,0,cfbd
Elizabeth City State,2025,4,6,0,cfbd
Elizabeth City State,2026,0,0,0,cfbd
Elmhurst,2014,0,0,0,cfbd
Elmhurst,2015,0,0,0,cfbd
Elmhurst,2016,0,0,0,cfbd
Elmhurst,2017,0,0,0,cfbd
Elmhurst,2018,0,0,0,cfbd
Elmhurst,2019,0,0,0,cfbd
Elmhurst,2020,0,0,0,cfbd
Elmhurst,2021,0,0,0,cfbd
Elmhurst,2022,0,10,0,cfbd
Elmhurst,2023,2,8,0,cfbd
Elmhurst,2024,3,7,0,cfbd
Elmhurst,2025,1,9,0,cfbd
Elmhurst,2026,0,0,0,cfbd
Elon,1936,0,3,0,cfbd
Elon,1937,1,0,0,cfbd
Elon,1938,0,1,0,cfbd
Elon,1939,0,1,0,cfbd
Elon,1940,0,1,0,cfbd
Elon,1941,0,1,0,cfbd
Elon,1942,0,0,0,cfbd
Elon,1943,0,0,0,cfbd
Elon,1944,0,0,0,cfbd
Elon,1945,0,0,0,cfbd
Elon,1946,0,0,0,cfbd
Elon,1947,0,1,0,cfbd
Elon,1948,0,1,0,cfbd
Elon,1949,0,0,0,cfbd
Elon,1950,0,0,0,cfbd
Elon,1951,0,0,0,cfbd
Elon,1952,0,0,0,cfbd
Elon,1953,0,0,0,cfbd
Elon,1954,1,1,0,cfbd
Elon,1955,0,1,0,cfbd
Elon,1956,0,0,0,cfbd
Elon,1957,0,0,0,cfbd
Elon,1958,0,0,0,cfbd
Elon,1959,0,0,0,cfbd
Elon,1960,0,0,0,cfbd
Elon,1961,0,0,0,cfbd
Elon,1962,0,0,0,cfbd
Elon,1963,0,0,0,cfbd
Elon,1964,0,0,0,cfbd
Elon,1965,0,0,0,cfbd
Elon,1966,0,0,0,cfbd
Elon,1967,0,0,0,cfbd
Elon,1968,0,0,0,cfbd
Elon,1969,0,0,0,cfbd
Elon,1970,0,0,0,cfbd
Elon,1971,0,0,0,cfbd
Elon,1972,0,0,0,cfbd
Elon,1991,0,0,0,cfbd
Elon,1992,0,0,0,cfbd
Elon,1993,0,0,0,cfbd
Elon,1994,0,0,0,cfbd
Elon,1995,0,0,0,cfbd
Elon,1996,0,0,0,cfbd
Elon,1997,0,0,0,cfbd
Elon,1998,0,0,0,cfbd
Elon,1999,0,0,0,cfbd
Elon,2000,0,0,0,cfbd
Elon,2001,0,0,0,cfbd
Elon,2002,0,0,0,cfbd
Elon,2003,2,10,0,cfbd
Elon,2004,3,8,0,cfbd
Elon,2005,3,8,0,cfbd
Elon,2006,5,6,0,cfbd
Elon,2007,7,4,0,cfbd
Elon,2008,8,4,0,cfbd
Elon,2009,9,3,0,cfbd
Elon,2010,6,5,0,cfbd
Elon,2011,5,6,0,cfbd
Elon,2012,3,8,0,cfbd
Elon,2013,2,10,0,cfbd
Elon,2014,1,11,0,cfbd
Elon,2015,4,7,0,cfbd
Elon,2016,2,9,0,cfbd
Elon,2017,8,4,0,cfbd
Elon,2018,6,5,0,cfbd
Elon,2019,5,6,0,cfbd
Elon,2020,1,5,0,cfbd
Elon,2021,6,5,0,cfbd
Elon,2022,8,4,0,cfbd
Elon,2023,6,5,0,cfbd
Elon,2024,6,6,0,cfbd
Elon,2025,6,6,0,cfbd
Elon,2026,1,0,0,cfbd
Emory & Henry,2014,0,0,0,cfbd
Emory & Henry,2015,1,0,0,cfbd
Emory & Henry,2016,0,0,0,cfbd
Emory & Henry,2017,0,0,0,cfbd
Emory & Henry,2018,0,0,0,cfbd
Emory & Henry,2019,0,0,0,cfbd
Emory & Henry,2020,3,1,0,cfbd
Emory & Henry,2021,0,0,0,cfbd
Emory & Henry,2022,5,6,0,cfbd
Emory & Henry,2023,5,6,0,cfbd
Emory & Henry,2024,9,2,0,cfbd
Emory & Henry,2025,8,3,0,cfbd
Emory & Henry,2026,0,0,0,cfbd
Emporia State,2014,0,0,0,cfbd
Emporia State,2015,0,0,0,cfbd
Emporia State,2016,0,0,0,cfbd
Emporia State,2017,0,0,0,cfbd
Emporia State,2018,0,0,0,cfbd
Emporia State,2019,0,0,0,cfbd
Emporia State,2020,0,0,0,cfbd
Emporia State,2021,6,5,0,cfbd
Emporia State,2022,8,3,0,cfbd
Emporia State,2023,8,3,0,cfbd
Emporia State,2024,7,4,0,cfbd
Emporia State,2025,5,6,0,cfbd
Emporia State,2026,0,0,0,cfbd
Endicott,2014,0,0,0,cfbd
Endicott,2015,0,0,0,cfbd
Endicott,2016,0,0,0,cfbd
Endicott,2017,0,0,0,cfbd
Endicott,2018,0,0,0,cfbd
Endicott,2019,0,0,0,cfbd
Endicott,2020,0,0,0,cfbd
Endicott,2021,0,0,0,cfbd
Endicott,2022,10,1,0,cfbd
Endicott,2023,9,2,0,cfbd
Endicott,2024,10,2,0,cfbd
Endicott,2025,9,2,0,cfbd
Endicott,2026,0,0,0,cfbd
Erskine,1936,4,5,0,cfbd
Erskine,2014,0,0,0,cfbd
Erskine,2015,0,0,0,cfbd
Erskine,2016,0,0,0,cfbd
Erskine,2017,0,0,0,cfbd
Erskine,2018,0,0,0,cfbd
Erskine,2019,0,0,0,cfbd
Erskine,2020,1,5,0,cfbd
Erskine,2021,3,8,0,cfbd
Erskine,2022,2,9,0,cfbd
Erskine,2023,0,11,0,cfbd
Erskine,2024,1,8,1,cfbd
Erskine,2025,1,10,0,cfbd
Erskine,2026,0,0,0,cfbd
Eureka,2014,0,0,0,cfbd
Eureka,2015,0,0,0,cfbd
Eureka,2016,0,0,0,cfbd
Eureka,2017,0,0,0,cfbd
Eureka,2018,0,0,0,cfbd
Eureka,2019,0,0,0,cfbd
Eureka,2020,2,3,0,cfbd
Eureka,2021,0,0,0,cfbd
Eureka,2022,2,8,0,cfbd
Eureka,2023,4,6,0,cfbd
Eureka,2024,0,10,0,cfbd
Eureka,2025,2,8,0,cfbd
Eureka,2026,0,0,0,cfbd
Fairmont State,2014,0,0,0,cfbd
Fairmont State,2015,0,0,0,cfbd
Fairmont State,2016,0,0,0,cfbd
Fairmont State,2017,0,0,0,cfbd
Fairmont State,2018,0,0,0,cfbd
Fairmont State,2019,0,0,0,cfbd
Fairmont State,2020,0,0,0,cfbd
Fairmont State,2021,5,6,0,cfbd
Fairmont State,2022,3,8,0,cfbd
Fairmont State,2023,7,3,1,cfbd
Fairmont State,2024,7,4,0,cfbd
Fairmont State,2025,6,5,0,cfbd
Fairmont State,2026,0,0,0,cfbd
Fayetteville State,2014,0,0,0,cfbd
Fayetteville State,2015,0,0,0,cfbd
Fayetteville State,2016,0,1,0,cfbd
Fayetteville State,2017,0,0,0,cfbd
Fayetteville State,2018,0,0,0,cfbd
Fayetteville State,2019,0,0,0,cfbd
Fayetteville State,2020,0,0,0,cfbd
Fayetteville State,2021,8,2,0,cfbd
Fayetteville State,2022,8,3,0,cfbd
Fayetteville State,2023,8,3,0,cfbd
Fayetteville State,2024,4,5,0,cfbd
Fayetteville State,2025,6,4,0,cfbd
Fayetteville State,2026,0,0,0,cfbd
FDU Florham,2014,0,0,0,cfbd
FDU Florham,2015,0,0,0,cfbd
FDU Florham,2016,0,0,0,cfbd
FDU Florham,2017,0,0,0,cfbd
FDU Florham,2018,0,0,0,cfbd
FDU Florham,2019,0,0,0,cfbd
FDU Florham,2020,0,0,0,cfbd
FDU Florham,2021,0,0,0,cfbd
FDU Florham,2022,6,4,0,cfbd
FDU Florham,2023,5,5,0,cfbd
FDU Florham,2024,6,4,0,cfbd
FDU Florham,2025,1,9,0,cfbd
FDU Florham,2026,0,0,0,cfbd
Ferris State,2014,0,0,0,cfbd
Ferris State,2015,0,0,0,cfbd
Ferris State,2016,0,0,0,cfbd
Ferris State,2017,0,0,0,cfbd
Ferris State,2018,0,1,0,cfbd
Ferris State,2019,0,0,0,cfbd
Ferris State,2020,0,0,0,cfbd
Ferris State,2021,14,0,0,cfbd
Ferris State,2022,14,1,0,cfbd
Ferris State,2023,8,3,0,cfbd
Ferris State,2024,14,1,0,cfbd
Ferris State,2025,16,0,0,cfbd
Ferris State,2026,0,0,0,cfbd
Ferrum,2014,0,0,0,cfbd
Ferrum,2015,0,0,0,cfbd
Ferrum,2016,0,0,0,cfbd
Ferrum,2017,0,0,0,cfbd
Ferrum,2018,0,0,0,cfbd
Ferrum,2019,0,0,0,cfbd
Ferrum,2020,2,3,0,cfbd
Ferrum,2021,0,0,0,cfbd
Ferrum,2022,1,9,0,cfbd
Ferrum,2023,3,7,0,cfbd
Ferrum,2024,5,5,0,cfbd
Ferrum,2025,4,7,0,cfbd
Ferrum,2026,0,0,0,cfbd
Findlay,2014,0,0,0,cfbd
Findlay,2015,0,0,0,cfbd
Findlay,2016,0,0,0,cfbd
Findlay,2017,0,0,0,cfbd
Findlay,2018,0,0,0,cfbd
Findlay,2019,0,0,0,cfbd
Findlay,2020,4,2,0,cfbd
Findlay,2021,8,4,0,cfbd
Findlay,2022,7,4,0,cfbd
Findlay,2023,7,4,0,cfbd
Findlay,2024,9,2,0,cfbd
Findlay,2025,10,2,0,cfbd
Findlay,2026,0,0,0,cfbd
Finlandia University,2014,0,0,0,cfbd
Finlandia University,2015,0,0,0,cfbd
Finlandia University,2016,0,0,0,cfbd
Finlandia University,2017,0,0,0,cfbd
Finlandia University,2018,0,0,0,cfbd
Finlandia University,2019,0,0,0,cfbd
Finlandia University,2020,0,0,0,cfbd
Finlandia University,2021,0,0,0,cfbd
Finlandia University,2022,0,10,0,cfbd
Finlandia University,2023,0,0,0,cfbd
Finlandia University,2024,0,0,0,cfbd
Finlandia University,2025,0,0,0,cfbd
Finlandia University,2026,0,0,0,cfbd
Fitchburg State,2014,0,0,0,cfbd
Fitchburg State,2015,0,0,0,cfbd
Fitchburg State,2016,0,0,0,cfbd
Fitchburg State,2017,0,0,0,cfbd
Fitchburg State,2018,0,0,0,cfbd
Fitchburg State,2019,0,0,0,cfbd
Fitchburg State,2020,0,0,0,cfbd
Fitchburg State,2021,0,0,0,cfbd
Fitchburg State,2022,1,9,0,cfbd
Fitchburg State,2023,0,10,0,cfbd
Fitchburg State,2024,2,8,0,cfbd
Fitchburg State,2025,3,7,0,cfbd
Fitchburg State,2026,0,0,0,cfbd
Florida,1935,138,67,18,manual
Florida,1936,4,6,0,cfbd
Florida,1937,4,7,0,cfbd
Florida,1938,4,6,1,cfbd
Florida,1939,5,5,1,cfbd
Florida,1940,5,5,0,cfbd
Florida,1941,4,6,0,cfbd
Florida,1942,3,7,0,cfbd
Florida,1944,4,3,0,cfbd
Florida,1945,4,5,1,cfbd
Florida,1946,0,9,0,cfbd
Florida,1947,4,5,1,cfbd
Florida,1948,5,5,0,cfbd
Florida,1949,4,5,1,cfbd
Florida,1950,5,5,0,cfbd
Florida,1951,5,5,0,cfbd
Florida,1952,8,3,0,cfbd
Florida,1953,3,5,2,cfbd
Florida,1954,5,5,0,cfbd
Florida,1955,4,6,0,cfbd
Florida,1956,6,3,1,cfbd
Florida,1957,6,2,1,cfbd
Florida,1958,6,4,1,cfbd
Florida,1959,5,4,1,cfbd
Florida,1960,9,2,0,cfbd
Florida,1961,4,5,1,cfbd
Florida,1962,7,4,0,cfbd
Florida,1963,6,3,1,cfbd
Florida,1964,7,3,0,cfbd
Florida,1965,7,4,0,cfbd
Florida,1966,9,2,0,cfbd
Florida,1967,6,4,0,cfbd
Florida,1968,6,3,1,cfbd
Florida,1969,9,1,1,cfbd
Florida,1970,7,4,0,cfbd
Florida,1971,4,7,0,cfbd
Florida,1972,5,5,1,cfbd
Florida,1973,7,5,0,cfbd
Florida,1974,8,4,0,cfbd
Florida,1975,9,3,0,cfbd
Florida,1976,8,4,0,cfbd
Florida,1977,6,4,1,cfbd
Florida,1978,4,7,0,cfbd
Florida,1979,0,10,1,cfbd
Florida,1980,8,4,0,cfbd
Florida,1981,7,5,0,cfbd
Florida,1982,8,4,0,cfbd
Florida,1983,9,2,1,cfbd
Florida,1984,9,1,1,cfbd
Florida,1985,9,1,1,cfbd
Florida,1986,6,5,0,cfbd
Florida,1987,6,6,0,cfbd
Florida,1988,7,5,0,cfbd
Florida,1989,7,5,0,cfbd
Florida,1990,9,2,0,cfbd
Florida,1991,10,2,0,cfbd
Florida,1992,9,4,0,cfbd
Florida,1993,11,2,0,cfbd
Florida,1994,10,2,1,cfbd
Florida,1995,12,1,0,cfbd
Florida,1996,12,1,0,cfbd
Florida,1997,10,2,0,cfbd
Florida,1998,10,2,0,cfbd
Florida,1999,9,4,0,cfbd
Florida,2000,10,3,0,cfbd
Florida,2001,10,2,0,cfbd
Florida,2002,8,5,0,cfbd
Florida,2003,8,5,0,cfbd
Florida,2004,7,5,0,cfbd
Florida,2005,9,3,0,cfbd
Florida,2006,13,1,0,cfbd
Florida,2007,9,4,0,cfbd
Florida,2008,13,1,0,cfbd
Florida,2009,13,1,0,cfbd
Florida,2010,8,5,0,cfbd
Florida,2011,7,6,0,cfbd
Florida,2012,11,2,0,cfbd
Florida,2013,4,8,0,cfbd
Florida,2014,7,5,0,cfbd
Florida,2015,10,4,0,cfbd
Florida,2016,9,4,0,cfbd
Florida,2017,4,7,0,cfbd
Florida,2018,10,3,0,cfbd
Florida,2019,11,2,0,cfbd
Florida,2020,8,4,0,cfbd
Florida,2021,6,7,0,cfbd
Florida,2022,6,7,0,cfbd
Florida,2023,5,7,0,cfbd
Florida,2024,8,5,0,cfbd
Florida,2025,4,8,0,cfbd
Florida,2026,0,0,0,cfbd
Florida A&M,1936,0,0,0,cfbd
Florida A&M,1937,0,0,0,cfbd
Florida A&M,1938,0,0,0,cfbd
Florida A&M,1939,0,0,0,cfbd
Florida A&M,1940,0,0,0,cfbd
Florida A&M,1941,0,0,0,cfbd
Florida A&M,1942,0,0,0,cfbd
Florida A&M,1943,0,0,0,cfbd
Florida A&M,1944,0,0,0,cfbd
Florida A&M,1945,0,0,0,cfbd
Florida A&M,1946,0,0,0,cfbd
Florida A&M,1947,0,0,0,cfbd
Florida A&M,1948,0,0,0,cfbd
Florida A&M,1949,0,0,0,cfbd
Florida A&M,1950,0,0,0,cfbd
Florida A&M,1951,0,0,0,cfbd
Florida A&M,1952,0,0,0,cfbd
Florida A&M,1953,0,0,0,cfbd
Florida A&M,1954,0,0,0,cfbd
Florida A&M,1955,0,0,0,cfbd
Florida A&M,1956,0,0,0,cfbd
Florida A&M,1957,0,0,0,cfbd
Florida A&M,1958,0,0,0,cfbd
Florida A&M,1959,0,0,0,cfbd
Florida A&M,1960,0,0,0,cfbd
Florida A&M,1961,0,0,0,cfbd
Florida A&M,1962,0,0,0,cfbd
Florida A&M,1963,0,0,0,cfbd
Florida A&M,1964,0,0,0,cfbd
Florida A&M,1965,0,0,0,cfbd
Florida A&M,1966,0,0,0,cfbd
Florida A&M,1967,0,0,0,cfbd
Florida A&M,1968,0,0,0,cfbd
Florida A&M,1969,0,0,0,cfbd
Florida A&M,1970,0,0,0,cfbd
Florida A&M,1971,0,1,0,cfbd
Florida A&M,1972,0,1,0,cfbd
Florida A&M,1973,0,0,0,cfbd
Florida A&M,1974,0,1,0,cfbd
Florida A&M,1975,0,0,0,cfbd
Florida A&M,1976,0,0,0,cfbd
Florida A&M,1977,3,0,0,cfbd
Florida A&M,1978,0,0,0,cfbd
Florida A&M,1979,1,0,0,cfbd
Florida A&M,1980,0,1,0,cfbd
Florida A&M,1981,0,0,0,cfbd
Florida A&M,1982,0,0,0,cfbd
Florida A&M,1983,0,0,0,cfbd
Florida A&M,1984,0,0,0,cfbd
Florida A&M,1985,0,0,0,cfbd
Florida A&M,1986,0,1,0,cfbd
Florida A&M,1987,0,0,0,cfbd
Florida A&M,1988,0,0,0,cfbd
Florida A&M,1989,0,0,0,cfbd
Florida A&M,1990,0,0,0,cfbd
Florida A&M,1991,0,0,0,cfbd
Florida A&M,1992,0,1,0,cfbd
Florida A&M,1993,0,0,0,cfbd
Florida A&M,1994,0,0,0,cfbd
Florida A&M,1995,0,1,0,cfbd
Florida A&M,1996,0,0,0,cfbd
Florida A&M,1997,0,0,0,cfbd
Florida A&M,1998,0,0,0,cfbd
Florida A&M,1999,0,1,0,cfbd
Florida A&M,2000,0,0,0,cfbd
Florida A&M,2001,0,0,0,cfbd
Florida A&M,2002,0,2,0,cfbd
Florida A&M,2003,6,6,0,cfbd
Florida A&M,2004,6,12,0,cfbd
Florida A&M,2005,6,4,0,cfbd
Florida A&M,2006,7,4,0,cfbd
Florida A&M,2007,3,8,0,cfbd
Florida A&M,2008,9,3,0,cfbd
Florida A&M,2009,8,3,0,cfbd
Florida A&M,2010,8,3,0,cfbd
Florida A&M,2011,7,4,0,cfbd
Florida A&M,2012,3,6,0,cfbd
Florida A&M,2013,3,9,0,cfbd
Florida A&M,2014,3,9,0,cfbd
Florida A&M,2015,1,10,0,cfbd
Florida A&M,2016,4,7,0,cfbd
Florida A&M,2017,3,8,0,cfbd
Florida A&M,2018,6,5,0,cfbd
Florida A&M,2019,9,2,0,cfbd
Florida A&M,2021,9,3,0,cfbd
Florida A&M,2022,9,2,0,cfbd
Florida A&M,2023,12,1,0,cfbd
Florida A&M,2024,7,5,0,cfbd
Florida A&M,2025,5,7,0,cfbd
Florida A&M,2026,0,0,0,cfbd
Florida Atlantic,2001,0,0,0,cfbd
Florida Atlantic,2002,0,3,0,cfbd
Florida Atlantic,2003,9,1,0,cfbd
Florida Atlantic,2004,14,3,0,cfbd
Florida Atlantic,2005,2,9,0,cfbd
Florida Atlantic,2006,5,7,0,cfbd
Florida Atlantic,2007,8,5,0,cfbd
Florida Atlantic,2008,7,6,0,cfbd
Florida Atlantic,2009,5,7,0,cfbd
Florida Atlantic,2010,4,8,0,cfbd
Florida Atlantic,2011,1,11,0,cfbd
Florida Atlantic,2012,3,9,0,cfbd
Florida Atlantic,2013,6,6,0,cfbd
Florida Atlantic,2014,3,9,0,cfbd
Florida Atlantic,2015,3,9,0,cfbd
Florida Atlantic,2016,3,9,0,cfbd
Florida Atlantic,2017,11,3,0,cfbd
Florida Atlantic,2018,5,7,0,cfbd
Florida Atlantic,2019,11,3,0,cfbd
Florida Atlantic,2020,5,4,0,cfbd
Florida Atlantic,2021,5,7,0,cfbd
Florida Atlantic,2022,5,7,0,cfbd
Florida Atlantic,2023,4,8,0,cfbd
Florida Atlantic,2024,3,9,0,cfbd
Florida Atlantic,2025,4,8,0,cfbd
Florida Atlantic,2026,0,0,0,cfbd
Florida International,2002,0,0,0,cfbd
Florida International,2003,2,10,0,cfbd
Florida International,2004,6,10,0,cfbd
Florida International,2005,5,6,0,cfbd
Florida International,2006,0,12,0,cfbd
Florida International,2007,1,11,0,cfbd
Florida International,2008,5,7,0,cfbd
Florida International,2009,3,9,0,cfbd
Florida International,2010,7,6,0,cfbd
Florida International,2011,8,5,0,cfbd
Florida International,2012,3,9,0,cfbd
Florida International,2013,1,11,0,cfbd
Florida International,2014,4,8,0,cfbd
Florida International,2015,5,7,0,cfbd
Florida International,2016,4,8,0,cfbd
Florida International,2017,8,5,0,cfbd
Florida International,2018,9,4,0,cfbd
Florida International,2019,6,7,0,cfbd
Florida International,2020,0,5,0,cfbd
Florida International,2021,1,11,0,cfbd
Florida International,2022,4,8,0,cfbd
Florida International,2023,4,8,0,cfbd
Florida International,2024,4,8,0,cfbd
Florida International,2025,7,6,0,cfbd
Florida International,2026,0,0,0,cfbd
Florida State,1935,23,14,1,manual
Florida State,1947,0,0,0,cfbd
Florida State,1948,0,0,0,cfbd
Florida State,1949,0,0,0,cfbd
Florida State,1950,0,0,0,cfbd
Florida State,1951,0,1,0,cfbd
Florida State,1952,0,4,0,cfbd
Florida State,1953,2,2,0,cfbd
Florida State,1954,8,4,0,cfbd
Florida State,1955,5,5,0,cfbd
Florida State,1956,5,4,1,cfbd
Florida State,1957,4,6,0,cfbd
Florida State,1958,7,4,0,cfbd
Florida State,1959,4,6,0,cfbd
Florida State,1960,3,6,1,cfbd
Florida State,1961,4,5,1,cfbd
Florida State,1962,4,3,3,cfbd
Florida State,1963,4,5,1,cfbd
Florida State,1964,9,1,1,cfbd
Florida State,1965,4,5,1,cfbd
Florida State,1966,6,5,0,cfbd
Florida State,1967,7,2,2,cfbd
Florida State,1968,8,3,0,cfbd
Florida State,1969,6,3,1,cfbd
Florida State,1970,7,4,0,cfbd
Florida State,1971,8,4,0,cfbd
Florida State,1972,7,4,0,cfbd
Florida State,1973,0,11,0,cfbd
Florida State,1974,1,10,0,cfbd
Florida State,1975,3,8,0,cfbd
Florida State,1976,5,6,0,cfbd
Florida State,1977,10,2,0,cfbd
Florida State,1978,8,3,0,cfbd
Florida State,1979,11,1,0,cfbd
Florida State,1980,10,2,0,cfbd
Florida State,1981,6,5,0,cfbd
Florida State,1982,9,3,0,cfbd
Florida State,1983,7,5,0,cfbd
Florida State,1984,7,3,2,cfbd
Florida State,1985,9,3,0,cfbd
Florida State,1986,7,4,1,cfbd
Florida State,1987,11,1,0,cfbd
Florida State,1988,11,1,0,cfbd
Florida State,1989,10,2,0,cfbd
Florida State,1990,10,2,0,cfbd
Florida State,1991,11,2,0,cfbd
Florida State,1992,11,1,0,cfbd
Florida State,1993,12,1,0,cfbd
Florida State,1994,10,1,1,cfbd
Florida State,1995,10,2,0,cfbd
Florida State,1996,11,1,0,cfbd
Florida State,1997,11,1,0,cfbd
Florida State,1998,11,2,0,cfbd
Florida State,1999,12,0,0,cfbd
Florida State,2000,11,2,0,cfbd
Florida State,2001,8,4,0,cfbd
Florida State,2002,9,5,0,cfbd
Florida State,2003,10,3,0,cfbd
Florida State,2004,9,3,0,cfbd
Florida State,2005,8,5,0,cfbd
Florida State,2006,7,6,0,cfbd
Florida State,2007,7,6,0,cfbd
Florida State,2008,9,4,0,cfbd
Florida State,2009,7,6,0,cfbd
Florida State,2010,10,4,0,cfbd
Florida State,2011,9,4,0,cfbd
Florida State,2012,12,2,0,cfbd
Florida State,2013,14,0,0,cfbd
Florida State,2014,13,1,0,cfbd
Florida State,2015,10,3,0,cfbd
Florida State,2016,10,3,0,cfbd
Florida State,2017,7,6,0,cfbd
Florida State,2018,5,7,0,cfbd
Florida State,2019,6,7,0,cfbd
Florida State,2020,3,6,0,cfbd
Florida State,2021,5,7,0,cfbd
Florida State,2022,10,3,0,cfbd
Florida State,2023,13,1,0,cfbd
Florida State,2024,2,10,0,cfbd
Florida State,2025,5,7,0,cfbd
Florida State,2026,0,0,0,cfbd
Florida Tech,2014,1,1,0,cfbd
Florida Tech,2015,0,1,0,cfbd
Florida Tech,2016,1,0,0,cfbd
Florida Tech,2017,0,0,0,cfbd
Florida Tech,2018,0,0,0,cfbd
Florida Tech,2019,0,0,0,cfbd
Fordham,1936,5,1,2,cfbd
Fordham,1937,7,0,1,cfbd
Fordham,1938,6,1,2,cfbd
Fordham,1939,6,2,0,cfbd
Fordham,1940,7,2,0,cfbd
Fordham,1941,8,1,0,cfbd
Fordham,1942,5,3,1,cfbd
Fordham,1946,0,7,0,cfbd
Fordham,1947,1,6,1,cfbd
Fordham,1948,3,6,0,cfbd
Fordham,1949,5,3,0,cfbd
Fordham,1950,8,1,0,cfbd
Fordham,1951,5,4,0,cfbd
Fordham,1952,2,5,1,cfbd
Fordham,1953,4,5,0,cfbd
Fordham,1954,1,7,1,cfbd
Fordham,1970,0,0,0,cfbd
Fordham,1971,0,0,0,cfbd
Fordham,1972,0,1,0,cfbd
Fordham,1973,0,0,0,cfbd
Fordham,1974,0,0,0,cfbd
Fordham,1975,0,0,0,cfbd
Fordham,1976,0,0,0,cfbd
Fordham,1977,0,0,0,cfbd
Fordham,1978,0,0,0,cfbd
Fordham,1979,0,0,0,cfbd
Fordham,1980,0,0,0,cfbd
Fordham,1981,0,0,0,cfbd
Fordham,1982,0,0,0,cfbd
Fordham,1983,0,0,0,cfbd
Fordham,1984,0,0,0,cfbd
Fordham,1985,0,0,0,cfbd
Fordham,1986,0,0,0,cfbd
Fordham,1987,0,0,0,cfbd
Fordham,1988,0,0,0,cfbd
Fordham,1989,0,0,0,cfbd
Fordham,1990,0,0,0,cfbd
Fordham,1991,0,0,0,cfbd
Fordham,1992,0,0,0,cfbd
Fordham,1993,0,0,0,cfbd
Fordham,1994,0,0,0,cfbd
Fordham,1995,0,0,0,cfbd
Fordham,1996,0,0,0,cfbd
Fordham,1997,0,0,0,cfbd
Fordham,1998,0,0,0,cfbd
Fordham,1999,0,0,0,cfbd
Fordham,2000,0,0,0,cfbd
Fordham,2001,0,0,0,cfbd
Fordham,2002,0,0,0,cfbd
Fordham,2003,9,3,0,cfbd
Fordham,2004,5,6,0,cfbd
Fordham,2005,2,10,0,cfbd
Fordham,2006,3,8,0,cfbd
Fordham,2007,7,4,0,cfbd
Fordham,2008,5,6,0,cfbd
Fordham,2009,5,6,0,cfbd
Fordham,2010,5,6,0,cfbd
Fordham,2011,1,10,0,cfbd
Fordham,2012,6,5,0,cfbd
Fordham,2013,12,1,0,cfbd
Fordham,2014,11,3,0,cfbd
Fordham,2015,9,3,0,cfbd
Fordham,2016,8,3,0,cfbd
Fordham,2017,4,7,0,cfbd
Fordham,2018,2,9,0,cfbd
Fordham,2019,4,8,0,cfbd
Fordham,2020,2,1,0,cfbd
Fordham,2021,6,5,0,cfbd
Fordham,2022,9,3,0,cfbd
Fordham,2023,6,5,0,cfbd
Fordham,2024,2,10,0,cfbd
Fordham,2025,1,11,0,cfbd
Fordham,2026,0,1,0,cfbd
Fort Hays,2014,0,0,0,cfbd
Fort Hays,2015,0,0,0,cfbd
Fort Hays,2016,0,0,0,cfbd
Fort Hays,2017,0,0,0,cfbd
Fort Hays,2018,0,0,0,cfbd
Fort Hays,2019,0,0,0,cfbd
Fort Hays,2020,0,0,0,cfbd
Fort Hays,2021,5,6,0,cfbd
Fort Hays,2022,3,8,0,cfbd
Fort Hays,2023,7,4,0,cfbd
Fort Hays,2024,8,3,0,cfbd
Fort Hays,2025,6,5,0,cfbd
Fort Hays,2026,0,0,0,cfbd
Fort Lewis,2014,0,1,0,cfbd
Fort Lewis,2015,0,1,0,cfbd
Fort Lewis,2016,0,0,0,cfbd
Fort Lewis,2017,0,0,0,cfbd
Fort Lewis,2018,0,0,0,cfbd
Fort Lewis,2019,0,0,0,cfbd
Fort Lewis,2020,0,2,0,cfbd
Fort Lewis,2021,0,11,0,cfbd
Fort Lewis,2022,0,10,0,cfbd
Fort Lewis,2023,0,11,0,cfbd
Fort Lewis,2024,3,8,0,cfbd
Fort Lewis,2025,2,9,0,cfbd
Fort Lewis,2026,0,0,0,cfbd
Fort Riley,1943,6,2,1,cfbd
Fort Valley State,2014,1,0,0,cfbd
Fort Valley State,2015,0,0,0,cfbd
Fort Valley State,2016,0,0,0,cfbd
Fort Valley State,2017,0,1,0,cfbd
Fort Valley State,2018,0,1,0,cfbd
Fort Valley State,2019,0,1,0,cfbd
Fort Valley State,2020,2,0,0,cfbd
Fort Valley State,2021,5,5,0,cfbd
Fort Valley State,2022,8,2,0,cfbd
Fort Valley State,2023,7,3,0,cfbd
Fort Valley State,2024,6,4,0,cfbd
Fort Valley State,2025,4,6,0,cfbd
Fort Valley State,2026,0,0,0,cfbd
Fort Warren,1944,5,5,1,cfbd
Framingham State,2014,0,0,0,cfbd
Framingham State,2015,0,0,0,cfbd
Framingham State,2016,0,0,0,cfbd
Framingham State,2017,0,0,0,cfbd
Framingham State,2018,0,0,0,cfbd
Framingham State,2019,0,0,0,cfbd
Framingham State,2020,0,0,0,cfbd
Framingham State,2021,0,0,0,cfbd
Framingham State,2022,5,5,0,cfbd
Framingham State,2023,5,4,0,cfbd
Framingham State,2024,3,7,0,cfbd
Framingham State,2025,7,4,0,cfbd
Framingham State,2026,0,0,0,cfbd
Franklin,2014,0,0,0,cfbd
Franklin,2015,0,1,0,cfbd
Franklin,2016,0,1,0,cfbd
Franklin,2017,0,1,0,cfbd
Franklin,2018,0,0,0,cfbd
Franklin,2019,0,0,0,cfbd
Franklin,2020,4,3,0,cfbd
Franklin,2021,0,0,0,cfbd
Franklin,2022,4,6,0,cfbd
Franklin,2023,4,6,0,cfbd
Franklin,2024,3,7,0,cfbd
Franklin,2025,5,5,0,cfbd
Franklin,2026,0,0,0,cfbd
Franklin & Marshall,2014,0,0,0,cfbd
Franklin & Marshall,2015,0,0,0,cfbd
Franklin & Marshall,2016,0,0,0,cfbd
Franklin & Marshall,2017,0,0,0,cfbd
Franklin & Marshall,2018,0,0,0,cfbd
Franklin & Marshall,2019,0,0,0,cfbd
Franklin & Marshall,2020,0,0,0,cfbd
Franklin & Marshall,2021,0,0,0,cfbd
Franklin & Marshall,2022,6,4,0,cfbd
Franklin & Marshall,2023,7,3,1,cfbd
Franklin & Marshall,2024,6,4,0,cfbd
Franklin & Marshall,2025,9,2,0,cfbd
Franklin & Marshall,2026,0,0,0,cfbd
Franklin Pierce,2014,0,0,0,cfbd
Franklin Pierce,2015,0,0,0,cfbd
Franklin Pierce,2016,0,0,0,cfbd
Franklin Pierce,2017,0,0,0,cfbd
Franklin Pierce,2018,0,0,0,cfbd
Franklin Pierce,2019,0,1,0,cfbd
Franklin Pierce,2020,0,0,0,cfbd
Franklin Pierce,2021,0,10,0,cfbd
Franklin Pierce,2022,2,8,0,cfbd
Franklin Pierce,2023,4,6,0,cfbd
Franklin Pierce,2024,5,5,0,cfbd
Franklin Pierce,2025,6,4,0,cfbd
Franklin Pierce,2026,0,0,0,cfbd
Fresno State,1936,1,1,0,cfbd
Fresno State,1937,0,0,0,cfbd
Fresno State,1938,0,2,0,cfbd
Fresno State,1939,2,0,0,cfbd
Fresno State,1940,1,0,0,cfbd
Fresno State,1941,0,3,0,cfbd
Fresno State,1942,1,1,0,cfbd
Fresno State,1944,0,0,0,cfbd
Fresno State,1945,0,2,0,cfbd
Fresno State,1946,2,0,0,cfbd
Fresno State,1947,0,2,0,cfbd
Fresno State,1948,1,2,0,cfbd
Fresno State,1949,0,3,0,cfbd
Fresno State,1950,0,3,0,cfbd
Fresno State,1951,0,1,0,cfbd
Fresno State,1952,1,2,0,cfbd
Fresno State,1953,0,2,1,cfbd
Fresno State,1954,1,1,0,cfbd
Fresno State,1955,1,1,0,cfbd
Fresno State,1956,2,2,0,cfbd
Fresno State,1957,2,2,0,cfbd
Fresno State,1958,0,3,0,cfbd
Fresno State,1959,1,2,0,cfbd
Fresno State,1960,2,0,0,cfbd
Fresno State,1961,2,0,0,cfbd
Fresno State,1962,2,0,0,cfbd
Fresno State,1963,1,2,0,cfbd
Fresno State,1964,1,1,0,cfbd
Fresno State,1965,2,1,0,cfbd
Fresno State,1966,2,0,0,cfbd
Fresno State,1967,0,3,0,cfbd
Fresno State,1968,1,1,0,cfbd
Fresno State,1969,6,4,0,cfbd
Fresno State,1970,8,4,0,cfbd
Fresno State,1971,6,5,0,cfbd
Fresno State,1972,6,4,1,cfbd
Fresno State,1973,2,9,0,cfbd
Fresno State,1974,5,7,0,cfbd
Fresno State,1975,3,8,0,cfbd
Fresno State,1976,5,6,0,cfbd
Fresno State,1977,9,2,0,cfbd
Fresno State,1978,3,8,0,cfbd
Fresno State,1979,4,7,0,cfbd
Fresno State,1980,5,6,0,cfbd
Fresno State,1981,5,6,0,cfbd
Fresno State,1982,11,1,0,cfbd
Fresno State,1983,6,5,0,cfbd
Fresno State,1984,6,6,0,cfbd
Fresno State,1985,11,0,1,cfbd
Fresno State,1986,9,2,0,cfbd
Fresno State,1987,6,5,0,cfbd
Fresno State,1988,10,2,0,cfbd
Fresno State,1989,11,1,0,cfbd
Fresno State,1990,8,2,1,cfbd
Fresno State,1991,10,2,0,cfbd
Fresno State,1992,9,4,0,cfbd
Fresno State,1993,8,4,0,cfbd
Fresno State,1994,5,7,1,cfbd
Fresno State,1995,5,7,0,cfbd
Fresno State,1996,4,7,0,cfbd
Fresno State,1997,6,6,0,cfbd
Fresno State,1998,5,6,0,cfbd
Fresno State,1999,8,5,0,cfbd
Fresno State,2000,7,5,0,cfbd
Fresno State,2001,11,3,0,cfbd
Fresno State,2002,9,5,0,cfbd
Fresno State,2003,9,5,0,cfbd
Fresno State,2004,9,3,0,cfbd
Fresno State,2005,8,5,0,cfbd
Fresno State,2006,4,8,0,cfbd
Fresno State,2007,9,4,0,cfbd
Fresno State,2008,7,6,0,cfbd
Fresno State,2009,8,5,0,cfbd
Fresno State,2010,8,5,0,cfbd
Fresno State,2011,4,9,0,cfbd
Fresno State,2012,9,4,0,cfbd
Fresno State,2013,11,2,0,cfbd
Fresno State,2014,6,8,0,cfbd
Fresno State,2015,3,9,0,cfbd
Fresno State,2016,1,11,0,cfbd
Fresno State,2017,10,4,0,cfbd
Fresno State,2018,12,2,0,cfbd
Fresno State,2019,4,8,0,cfbd
Fresno State,2020,3,3,0,cfbd
Fresno State,2021,10,3,0,cfbd
Fresno State,2022,10,4,0,cfbd
Fresno State,2023,9,4,0,cfbd
Fresno State,2024,6,7,0,cfbd
Fresno State,2025,9,4,0,cfbd
Fresno State,2026,0,0,0,cfbd
Frostburg State,2014,0,0,0,cfbd
Frostburg State,2015,0,0,0,cfbd
Frostburg State,2016,0,0,0,cfbd
Frostburg State,2017,0,0,0,cfbd
Frostburg State,2018,0,0,0,cfbd
Frostburg State,2019,0,0,0,cfbd
Frostburg State,2020,3,1,0,cfbd
Frostburg State,2021,10,1,0,cfbd
Frostburg State,2022,8,3,0,cfbd
Frostburg State,2023,7,3,1,cfbd
Frostburg State,2024,6,5,0,cfbd
Frostburg State,2025,11,3,0,cfbd
Frostburg State,2026,0,0,0,cfbd
Furman,1936,7,2,0,cfbd
Furman,1937,4,3,2,cfbd
Furman,1938,2,7,1,cfbd
Furman,1939,5,4,0,cfbd
Furman,1940,5,4,0,cfbd
Furman,1941,3,4,2,cfbd
Furman,1942,3,6,0,cfbd
Furman,1946,2,8,0,cfbd
Furman,1947,2,7,0,cfbd
Furman,1948,2,6,1,cfbd
Furman,1949,3,6,0,cfbd
Furman,1950,2,8,1,cfbd
Furman,1951,3,6,1,cfbd
Furman,1952,6,3,1,cfbd
Furman,1953,7,2,0,cfbd
Furman,1954,5,5,0,cfbd
Furman,1955,1,9,0,cfbd
Furman,1956,2,8,0,cfbd
Furman,1957,3,7,0,cfbd
Furman,1958,2,7,0,cfbd
Furman,1959,3,7,0,cfbd
Furman,1960,5,4,1,cfbd
Furman,1961,7,3,0,cfbd
Furman,1962,4,6,0,cfbd
Furman,1963,7,3,0,cfbd
Furman,1964,3,7,0,cfbd
Furman,1965,5,5,0,cfbd
Furman,1966,2,7,1,cfbd
Furman,1967,5,5,0,cfbd
Furman,1968,1,9,0,cfbd
Furman,1969,1,8,1,cfbd
Furman,1970,8,3,0,cfbd
Furman,1971,5,5,1,cfbd
Furman,1972,2,9,0,cfbd
Furman,1973,7,4,0,cfbd
Furman,1974,5,6,0,cfbd
Furman,1975,5,5,1,cfbd
Furman,1976,6,4,1,cfbd
Furman,1977,4,5,2,cfbd
Furman,1978,8,3,0,cfbd
Furman,1979,5,6,0,cfbd
Furman,1980,9,1,1,cfbd
Furman,1981,8,3,0,cfbd
Furman,1982,1,1,0,cfbd
Furman,1983,1,0,0,cfbd
Furman,1984,1,0,0,cfbd
Furman,1985,1,0,0,cfbd
Furman,1986,0,0,1,cfbd
Furman,1987,0,1,0,cfbd
Furman,1988,0,1,0,cfbd
Furman,1989,0,1,0,cfbd
Furman,1990,0,1,0,cfbd
Furman,1991,0,1,0,cfbd
Furman,1992,0,1,0,cfbd
Furman,1993,0,1,0,cfbd
Furman,1994,0,1,0,cfbd
Furman,1995,0,1,0,cfbd
Furman,1996,0,1,0,cfbd
Furman,1997,0,0,0,cfbd
Furman,1998,0,1,0,cfbd
Furman,1999,1,0,0,cfbd
Furman,2000,0,0,0,cfbd
Furman,2001,0,1,0,cfbd
Furman,2002,0,1,0,cfbd
Furman,2003,6,5,0,cfbd
Furman,2004,10,2,0,cfbd
Furman,2005,11,2,0,cfbd
Furman,2006,8,4,0,cfbd
Furman,2007,6,5,0,cfbd
Furman,2008,7,5,0,cfbd
Furman,2009,6,5,0,cfbd
Furman,2010,5,6,0,cfbd
Furman,2011,6,5,0,cfbd
Furman,2012,3,8,0,cfbd
Furman,2013,8,5,0,cfbd
Furman,2014,3,9,0,cfbd
Furman,2015,4,7,0,cfbd
Furman,2016,3,8,0,cfbd
Furman,2017,8,5,0,cfbd
Furman,2018,6,4,0,cfbd
Furman,2019,8,5,0,cfbd
Furman,2020,3,4,0,cfbd
Furman,2021,6,5,0,cfbd
Furman,2022,10,3,0,cfbd
Furman,2023,10,3,0,cfbd
Furman,2024,3,8,1,cfbd
Furman,2025,6,6,0,cfbd
Furman,2026,1,0,0,cfbd
Gallaudet,2014,0,0,0,cfbd
Gallaudet,2015,0,0,0,cfbd
Gallaudet,2016,0,0,0,cfbd
Gallaudet,2017,0,0,0,cfbd
Gallaudet,2018,0,0,0,cfbd
Gallaudet,2019,0,0,0,cfbd
Gallaudet,2020,0,0,0,cfbd
Gallaudet,2021,0,0,0,cfbd
Gallaudet,2022,7,3,0,cfbd
Gallaudet,2023,4,5,0,cfbd
Gallaudet,2024,3,4,0,cfbd
Gallaudet,2025,1,8,0,cfbd
Gallaudet,2026,0,0,0,cfbd
Gannon,2014,0,0,0,cfbd
Gannon,2015,0,0,0,cfbd
Gannon,2016,0,0,0,cfbd
Gannon,2017,0,0,0,cfbd
Gannon,2018,0,0,0,cfbd
Gannon,2019,0,0,0,cfbd
Gannon,2020,1,2,0,cfbd
Gannon,2021,5,6,0,cfbd
Gannon,2022,8,3,0,cfbd
Gannon,2023,5,6,0,cfbd
Gannon,2024,3,7,0,cfbd
Gannon,2025,1,10,0,cfbd
Gannon,2026,0,0,0,cfbd
Gardner-Webb,1993,0,0,0,cfbd
Gardner-Webb,1994,0,0,0,cfbd
Gardner-Webb,1995,0,0,0,cfbd
Gardner-Webb,1996,0,0,0,cfbd
Gardner-Webb,1997,0,0,0,cfbd
Gardner-Webb,1998,0,0,0,cfbd
Gardner-Webb,1999,0,0,0,cfbd
Gardner-Webb,2000,0,0,0,cfbd
Gardner-Webb,2001,0,0,0,cfbd
Gardner-Webb,2002,0,0,0,cfbd
Gardner-Webb,2003,8,4,0,cfbd
Gardner-Webb,2004,5,6,0,cfbd
Gardner-Webb,2005,5,6,0,cfbd
Gardner-Webb,2006,6,5,0,cfbd
Gardner-Webb,2007,5,6,0,cfbd
Gardner-Webb,2008,5,6,0,cfbd
Gardner-Webb,2009,6,4,0,cfbd
Gardner-Webb,2010,4,7,0,cfbd
Gardner-Webb,2011,4,6,0,cfbd
Gardner-Webb,2012,0,3,0,cfbd
Gardner-Webb,2013,7,5,0,cfbd
Gardner-Webb,2014,4,8,0,cfbd
Gardner-Webb,2015,4,7,0,cfbd
Gardner-Webb,2016,5,6,0,cfbd
Gardner-Webb,2017,1,10,0,cfbd
Gardner-Webb,2018,3,8,0,cfbd
Gardner-Webb,2019,3,9,0,cfbd
Gardner-Webb,2020,2,2,0,cfbd
Gardner-Webb,2021,4,7,0,cfbd
Gardner-Webb,2022,7,6,0,cfbd
Gardner-Webb,2023,7,5,0,cfbd
Gardner-Webb,2024,4,8,0,cfbd
Gardner-Webb,2025,7,5,0,cfbd
Gardner-Webb,2026,0,1,0,cfbd
Geneva,2014,0,0,0,cfbd
Geneva,2015,0,0,0,cfbd
Geneva,2016,0,0,0,cfbd
Geneva,2017,0,0,0,cfbd
Geneva,2018,0,0,0,cfbd
Geneva,2019,0,0,0,cfbd
Geneva,2020,2,3,0,cfbd
Geneva,2021,0,0,0,cfbd
Geneva,2022,3,7,0,cfbd
Geneva,2023,4,6,0,cfbd
Geneva,2024,5,5,0,cfbd
Geneva,2025,6,5,0,cfbd
Geneva,2026,0,0,0,cfbd
George Fox,2014,0,0,0,cfbd
George Fox,2015,0,0,0,cfbd
George Fox,2016,0,0,0,cfbd
George Fox,2017,0,0,0,cfbd
George Fox,2018,0,0,0,cfbd
George Fox,2019,0,0,0,cfbd
George Fox,2020,1,1,0,cfbd
George Fox,2021,0,0,0,cfbd
George Fox,2022,8,2,0,cfbd
George Fox,2023,4,6,0,cfbd
George Fox,2024,4,6,0,cfbd
George Fox,2025,4,6,0,cfbd
George Fox,2026,0,0,0,cfbd
George Washington,1936,7,1,1,cfbd
George Washington,1937,3,4,1,cfbd
George Washington,1938,5,4,0,cfbd
George Washington,1939,5,3,0,cfbd
George Washington,1940,5,3,1,cfbd
George Washington,1941,1,7,1,cfbd
George Washington,1942,3,6,0,cfbd
George Washington,1946,4,3,0,cfbd
George Washington,1947,1,7,1,cfbd
George Washington,1948,4,6,0,cfbd
George Washington,1949,4,5,0,cfbd
George Washington,1950,5,4,0,cfbd
George Washington,1951,2,6,1,cfbd
George Washington,1952,6,2,1,cfbd
George Washington,1953,5,4,0,cfbd
George Washington,1954,1,7,1,cfbd
George Washington,1955,5,4,0,cfbd
George Washington,1956,8,1,1,cfbd
George Washington,1957,2,7,0,cfbd
George Washington,1958,3,5,0,cfbd
George Washington,1959,1,8,0,cfbd
George Washington,1960,5,3,1,cfbd
George Washington,1961,3,6,0,cfbd
George Washington,1962,3,7,0,cfbd
George Washington,1963,2,7,0,cfbd
George Washington,1964,5,4,0,cfbd
George Washington,1965,5,5,0,cfbd
George Washington,1966,4,6,0,cfbd
Georgetown,1936,6,2,1,cfbd
Georgetown,1937,2,4,2,cfbd
Georgetown,1938,8,0,0,cfbd
Georgetown,1939,7,0,1,cfbd
Georgetown,1940,8,2,0,cfbd
Georgetown,1941,5,4,0,cfbd
Georgetown,1942,5,3,1,cfbd
Georgetown,1943,0,0,0,cfbd
Georgetown,1944,0,0,0,cfbd
Georgetown,1945,0,0,0,cfbd
Georgetown,1946,5,3,0,cfbd
Georgetown,1947,3,4,1,cfbd
Georgetown,1948,3,4,1,cfbd
Georgetown,1949,5,5,0,cfbd
Georgetown,1950,2,7,0,cfbd
Georgetown,1970,0,0,0,cfbd
Georgetown,1971,0,0,0,cfbd
Georgetown,1972,0,0,0,cfbd
Georgetown,1973,0,0,0,cfbd
Georgetown,1974,0,0,0,cfbd
Georgetown,1975,0,0,0,cfbd
Georgetown,1976,0,0,0,cfbd
Georgetown,1977,0,0,0,cfbd
Georgetown,1978,0,0,0,cfbd
Georgetown,1979,0,0,0,cfbd
Georgetown,1980,0,0,0,cfbd
Georgetown,1981,0,0,0,cfbd
Georgetown,1982,0,0,0,cfbd
Georgetown,1983,0,0,0,cfbd
Georgetown,1984,0,0,0,cfbd
Georgetown,1985,0,0,0,cfbd
Georgetown,1986,0,0,0,cfbd
Georgetown,1987,0,0,0,cfbd
Georgetown,1988,0,0,0,cfbd
Georgetown,1989,0,0,0,cfbd
Georgetown,1990,0,0,0,cfbd
Georgetown,1991,0,0,0,cfbd
Georgetown,1992,0,0,0,cfbd
Georgetown,1993,0,0,0,cfbd
Georgetown,1994,0,0,0,cfbd
Georgetown,1995,0,0,0,cfbd
Georgetown,1996,0,0,0,cfbd
Georgetown,1997,0,0,0,cfbd
Georgetown,1998,0,0,0,cfbd
Georgetown,1999,0,0,0,cfbd
Georgetown,2000,0,0,0,cfbd
Georgetown,2001,0,0,0,cfbd
Georgetown,2002,0,0,0,cfbd
Georgetown,2003,4,8,0,cfbd
Georgetown,2004,3,8,0,cfbd
Georgetown,2005,4,7,0,cfbd
Georgetown,2006,2,9,0,cfbd
Georgetown,2007,1,8,0,cfbd
Georgetown,2008,2,8,0,cfbd
Georgetown,2009,0,11,0,cfbd
Georgetown,2010,4,7,0,cfbd
Georgetown,2011,8,3,0,cfbd
Georgetown,2012,5,6,0,cfbd
Georgetown,2013,2,9,0,cfbd
Georgetown,2014,3,8,0,cfbd
Georgetown,2015,4,7,0,cfbd
Georgetown,2016,3,8,0,cfbd
Georgetown,2017,1,10,0,cfbd
Georgetown,2018,5,6,0,cfbd
Georgetown,2019,5,6,0,cfbd
Georgetown,2021,2,8,0,cfbd
Georgetown,2022,2,9,0,cfbd
Georgetown,2023,5,6,0,cfbd
Georgetown,2024,5,6,0,cfbd
Georgetown,2025,6,6,0,cfbd
Georgetown,2026,0,0,0,cfbd
Georgia,1935,173,120,26,manual
Georgia,1936,5,4,1,cfbd
Georgia,1937,6,3,2,cfbd
Georgia,1938,5,4,1,cfbd
Georgia,1939,5,6,0,cfbd
Georgia,1940,5,4,1,cfbd
Georgia,1941,9,1,1,cfbd
Georgia,1942,11,1,0,cfbd
Georgia,1943,6,4,0,cfbd
Georgia,1944,7,3,0,cfbd
Georgia,1945,9,2,0,cfbd
Georgia,1946,11,0,0,cfbd
Georgia,1947,7,4,1,cfbd
Georgia,1948,9,2,0,cfbd
Georgia,1949,4,6,1,cfbd
Georgia,1950,6,3,3,cfbd
Georgia,1951,5,5,0,cfbd
Georgia,1952,7,4,0,cfbd
Georgia,1953,3,8,0,cfbd
Georgia,1954,6,3,1,cfbd
Georgia,1955,4,6,0,cfbd
Georgia,1956,3,6,1,cfbd
Georgia,1957,3,7,0,cfbd
Georgia,1958,4,6,0,cfbd
Georgia,1959,10,1,0,cfbd
Georgia,1960,6,4,0,cfbd
Georgia,1961,3,7,0,cfbd
Georgia,1962,3,4,3,cfbd
Georgia,1963,4,5,1,cfbd
Georgia,1964,7,3,1,cfbd
Georgia,1965,6,4,0,cfbd
Georgia,1966,10,1,0,cfbd
Georgia,1967,7,4,0,cfbd
Georgia,1968,8,1,2,cfbd
Georgia,1969,5,5,1,cfbd
Georgia,1970,5,5,0,cfbd
Georgia,1971,11,1,0,cfbd
Georgia,1972,7,4,0,cfbd
Georgia,1973,7,4,1,cfbd
Georgia,1974,6,6,0,cfbd
Georgia,1975,9,3,0,cfbd
Georgia,1976,10,2,0,cfbd
Georgia,1977,5,6,0,cfbd
Georgia,1978,9,2,1,cfbd
Georgia,1979,6,5,0,cfbd
Georgia,1980,12,0,0,cfbd
Georgia,1981,10,2,0,cfbd
Georgia,1982,11,1,0,cfbd
Georgia,1983,10,1,1,cfbd
Georgia,1984,7,4,1,cfbd
Georgia,1985,7,3,2,cfbd
Georgia,1986,8,4,0,cfbd
Georgia,1987,9,3,0,cfbd
Georgia,1988,9,3,0,cfbd
Georgia,1989,6,6,0,cfbd
Georgia,1990,4,7,0,cfbd
Georgia,1991,9,3,0,cfbd
Georgia,1992,10,2,0,cfbd
Georgia,1993,5,6,0,cfbd
Georgia,1994,6,4,1,cfbd
Georgia,1995,6,6,0,cfbd
Georgia,1996,5,6,0,cfbd
Georgia,1997,10,2,0,cfbd
Georgia,1998,9,3,0,cfbd
Georgia,1999,8,4,0,cfbd
Georgia,2000,8,4,0,cfbd
Georgia,2001,8,4,0,cfbd
Georgia,2002,13,1,0,cfbd
Georgia,2003,11,3,0,cfbd
Georgia,2004,10,2,0,cfbd
Georgia,2005,10,3,0,cfbd
Georgia,2006,9,4,0,cfbd
Georgia,2007,11,2,0,cfbd
Georgia,2008,10,3,0,cfbd
Georgia,2009,8,5,0,cfbd
Georgia,2010,6,7,0,cfbd
Georgia,2011,10,4,0,cfbd
Georgia,2012,12,2,0,cfbd
Georgia,2013,8,5,0,cfbd
Georgia,2014,10,3,0,cfbd
Georgia,2015,10,3,0,cfbd
Georgia,2016,8,5,0,cfbd
Georgia,2017,13,2,0,cfbd
Georgia,2018,11,3,0,cfbd
Georgia,2019,12,2,0,cfbd
Georgia,2020,8,2,0,cfbd
Georgia,2021,14,1,0,cfbd
Georgia,2022,15,0,0,cfbd
Georgia,2023,13,1,0,cfbd
Georgia,2024,11,3,0,cfbd
Georgia,2025,12,2,0,cfbd
Georgia,2026,0,0,0,cfbd
Georgia Pre-Flight,1942,7,1,1,cfbd
Georgia Pre-Flight,1943,5,1,0,cfbd
Georgia Southern,1936,0,2,0,cfbd
Georgia Southern,1937,0,1,0,cfbd
Georgia Southern,1938,0,0,0,cfbd
Georgia Southern,1939,0,0,0,cfbd
Georgia Southern,1940,0,0,0,cfbd
Georgia Southern,1941,0,0,0,cfbd
Georgia Southern,1982,0,0,0,cfbd
Georgia Southern,1983,0,0,0,cfbd
Georgia Southern,1984,0,1,0,cfbd
Georgia Southern,1985,0,0,0,cfbd
Georgia Southern,1986,0,2,0,cfbd
Georgia Southern,1987,0,1,0,cfbd
Georgia Southern,1988,0,1,0,cfbd
Georgia Southern,1989,0,0,0,cfbd
Georgia Southern,1990,0,1,0,cfbd
Georgia Southern,1991,0,1,0,cfbd
Georgia Southern,1992,0,1,0,cfbd
Georgia Southern,1993,0,1,0,cfbd
Georgia Southern,1994,0,1,0,cfbd
Georgia Southern,1995,0,0,0,cfbd
Georgia Southern,1996,0,1,0,cfbd
Georgia Southern,1997,0,0,0,cfbd
Georgia Southern,1998,0,0,0,cfbd
Georgia Southern,1999,0,1,0,cfbd
Georgia Southern,2000,0,1,0,cfbd
Georgia Southern,2001,0,0,0,cfbd
Georgia Southern,2002,0,0,0,cfbd
Georgia Southern,2003,7,4,0,cfbd
Georgia Southern,2004,10,3,0,cfbd
Georgia Southern,2005,8,4,0,cfbd
Georgia Southern,2006,3,8,0,cfbd
Georgia Southern,2007,7,4,0,cfbd
Georgia Southern,2008,6,5,0,cfbd
Georgia Southern,2009,5,6,0,cfbd
Georgia Southern,2010,9,4,0,cfbd
Georgia Southern,2011,10,2,0,cfbd
Georgia Southern,2012,9,3,0,cfbd
Georgia Southern,2013,7,4,0,cfbd
Georgia Southern,2014,9,3,0,cfbd
Georgia Southern,2015,9,4,0,cfbd
Georgia Southern,2016,5,7,0,cfbd
Georgia Southern,2017,2,10,0,cfbd
Georgia Southern,2018,10,3,0,cfbd
Georgia Southern,2019,7,6,0,cfbd
Georgia Southern,2020,8,5,0,cfbd
Georgia Southern,2021,3,9,0,cfbd
Georgia Southern,2022,6,7,0,cfbd
Georgia Southern,2023,6,7,0,cfbd
Georgia Southern,2024,8,5,0,cfbd
Georgia Southern,2025,7,6,0,cfbd
Georgia Southern,2026,0,0,0,cfbd
Georgia State,2010,6,4,0,cfbd
Georgia State,2011,3,8,0,cfbd
Georgia State,2012,1,10,0,cfbd
Georgia State,2013,0,12,0,cfbd
Georgia State,2014,1,11,0,cfbd
Georgia State,2015,6,7,0,cfbd
Georgia State,2016,3,9,0,cfbd
Georgia State,2017,7,5,0,cfbd
Georgia State,2018,2,10,0,cfbd
Georgia State,2019,7,6,0,cfbd
Georgia State,2020,6,4,0,cfbd
Georgia State,2021,8,5,0,cfbd
Georgia State,2022,4,8,0,cfbd
Georgia State,2023,7,6,0,cfbd
Georgia State,2024,3,9,0,cfbd
Georgia State,2025,1,11,0,cfbd
Georgia State,2026,0,0,0,cfbd
Georgia Tech,1935,178,93,22,manual
Georgia Tech,1936,5,5,1,cfbd
Georgia Tech,1937,6,3,1,cfbd
Georgia Tech,1938,3,4,3,cfbd
Georgia Tech,1939,8,2,0,cfbd
Georgia Tech,1940,3,7,0,cfbd
Georgia Tech,1941,3,6,0,cfbd
Georgia Tech,1942,9,2,0,cfbd
Georgia Tech,1943,8,3,0,cfbd
Georgia Tech,1944,8,3,0,cfbd
Georgia Tech,1945,4,6,0,cfbd
Georgia Tech,1946,9,2,0,cfbd
Georgia Tech,1947,10,1,0,cfbd
Georgia Tech,1948,7,3,0,cfbd
Georgia Tech,1949,7,3,0,cfbd
Georgia Tech,1950,5,6,0,cfbd
Georgia Tech,1951,11,0,1,cfbd
Georgia Tech,1952,12,0,0,cfbd
Georgia Tech,1953,9,2,1,cfbd
Georgia Tech,1954,8,3,0,cfbd
Georgia Tech,1955,9,1,1,cfbd
Georgia Tech,1956,10,1,0,cfbd
Georgia Tech,1957,4,4,2,cfbd
Georgia Tech,1958,5,4,1,cfbd
Georgia Tech,1959,6,5,0,cfbd
Georgia Tech,1960,5,5,0,cfbd
Georgia Tech,1961,7,4,0,cfbd
Georgia Tech,1962,7,3,1,cfbd
Georgia Tech,1963,7,3,0,cfbd
Georgia Tech,1964,7,3,0,cfbd
Georgia Tech,1965,7,3,1,cfbd
Georgia Tech,1966,9,2,0,cfbd
Georgia Tech,1967,4,6,0,cfbd
Georgia Tech,1968,4,6,0,cfbd
Georgia Tech,1969,4,6,0,cfbd
Georgia Tech,1970,9,3,0,cfbd
Georgia Tech,1971,6,6,0,cfbd
Georgia Tech,1972,7,4,1,cfbd
Georgia Tech,1973,5,6,0,cfbd
Georgia Tech,1974,6,5,0,cfbd
Georgia Tech,1975,7,4,0,cfbd
Georgia Tech,1976,4,6,1,cfbd
Georgia Tech,1977,6,5,0,cfbd
Georgia Tech,1978,7,5,0,cfbd
Georgia Tech,1979,4,6,1,cfbd
Georgia Tech,1980,1,9,1,cfbd
Georgia Tech,1981,1,10,0,cfbd
Georgia Tech,1982,6,5,0,cfbd
Georgia Tech,1983,3,8,0,cfbd
Georgia Tech,1984,6,4,1,cfbd
Georgia Tech,1985,9,2,1,cfbd
Georgia Tech,1986,5,5,1,cfbd
Georgia Tech,1987,2,9,0,cfbd
Georgia Tech,1988,3,8,0,cfbd
Georgia Tech,1989,7,4,0,cfbd
Georgia Tech,1990,11,0,1,cfbd
Georgia Tech,1991,8,5,0,cfbd
Georgia Tech,1992,5,6,0,cfbd
Georgia Tech,1993,5,6,0,cfbd
Georgia Tech,1994,1,10,0,cfbd
Georgia Tech,1995,6,5,0,cfbd
Georgia Tech,1996,5,6,0,cfbd
Georgia Tech,1997,7,5,0,cfbd
Georgia Tech,1998,10,2,0,cfbd
Georgia Tech,1999,8,4,0,cfbd
Georgia Tech,2000,9,3,0,cfbd
Georgia Tech,2001,8,5,0,cfbd
Georgia Tech,2002,7,6,0,cfbd
Georgia Tech,2003,7,6,0,cfbd
Georgia Tech,2004,7,5,0,cfbd
Georgia Tech,2005,7,5,0,cfbd
Georgia Tech,2006,9,5,0,cfbd
Georgia Tech,2007,7,6,0,cfbd
Georgia Tech,2008,9,4,0,cfbd
Georgia Tech,2009,11,3,0,cfbd
Georgia Tech,2010,6,7,0,cfbd
Georgia Tech,2011,8,5,0,cfbd
Georgia Tech,2012,7,7,0,cfbd
Georgia Tech,2013,7,6,0,cfbd
Georgia Tech,2014,11,3,0,cfbd
Georgia Tech,2015,3,9,0,cfbd
Georgia Tech,2016,9,4,0,cfbd
Georgia Tech,2017,5,6,0,cfbd
Georgia Tech,2018,7,6,0,cfbd
Georgia Tech,2019,3,9,0,cfbd
Georgia Tech,2020,3,7,0,cfbd
Georgia Tech,2021,3,9,0,cfbd
Georgia Tech,2022,5,7,0,cfbd
Georgia Tech,2023,7,6,0,cfbd
Georgia Tech,2024,7,6,0,cfbd
Georgia Tech,2025,9,4,0,cfbd
Georgia Tech,2026,0,0,0,cfbd
Gettysburg,2014,0,0,0,cfbd
Gettysburg,2015,0,0,0,cfbd
Gettysburg,2016,0,0,0,cfbd
Gettysburg,2017,0,0,0,cfbd
Gettysburg,2018,0,0,0,cfbd
Gettysburg,2019,0,0,0,cfbd
Gettysburg,2020,0,0,0,cfbd
Gettysburg,2021,0,0,0,cfbd
Gettysburg,2022,1,9,0,cfbd
Gettysburg,2023,2,8,0,cfbd
Gettysburg,2024,2,8,0,cfbd
Gettysburg,2025,1,9,0,cfbd
Gettysburg,2026,0,0,0,cfbd
Glenville State,2014,0,0,0,cfbd
Glenville State,2015,0,0,0,cfbd
Glenville State,2016,0,0,0,cfbd
Glenville State,2017,0,0,0,cfbd
Glenville State,2018,0,0,0,cfbd
Glenville State,2019,0,0,0,cfbd
Glenville State,2020,0,4,0,cfbd
Glenville State,2021,3,7,0,cfbd
Glenville State,2022,7,4,0,cfbd
Glenville State,2023,6,4,1,cfbd
Glenville State,2024,7,4,0,cfbd
Glenville State,2025,6,5,0,cfbd
Glenville State,2026,0,1,0,cfbd
Gonzaga,1936,5,3,0,cfbd
Gonzaga,1937,2,6,2,cfbd
Gonzaga,1938,1,7,0,cfbd
Gonzaga,1939,6,2,0,cfbd
Gonzaga,1940,5,4,1,cfbd
Gonzaga,1941,3,7,0,cfbd
Grambling,1936,0,0,0,cfbd
Grambling,1937,0,0,0,cfbd
Grambling,1938,0,0,0,cfbd
Grambling,1939,0,0,0,cfbd
Grambling,1940,0,0,0,cfbd
Grambling,1941,0,0,0,cfbd
Grambling,1942,0,0,0,cfbd
Grambling,1943,0,0,0,cfbd
Grambling,1944,0,0,0,cfbd
Grambling,1945,0,0,0,cfbd
Grambling,1946,0,0,0,cfbd
Grambling,1947,0,0,0,cfbd
Grambling,1948,0,0,0,cfbd
Grambling,1949,0,0,0,cfbd
Grambling,1950,0,0,0,cfbd
Grambling,1951,0,0,0,cfbd
Grambling,1952,0,0,0,cfbd
Grambling,1953,0,0,0,cfbd
Grambling,1954,0,0,0,cfbd
Grambling,1955,0,0,0,cfbd
Grambling,1956,0,0,0,cfbd
Grambling,1957,0,0,0,cfbd
Grambling,1958,0,0,0,cfbd
Grambling,1959,0,0,0,cfbd
Grambling,1960,0,0,0,cfbd
Grambling,1961,0,0,0,cfbd
Grambling,1962,0,0,0,cfbd
Grambling,1963,0,0,0,cfbd
Grambling,1964,0,0,0,cfbd
Grambling,1965,0,0,0,cfbd
Grambling,1966,0,0,0,cfbd
Grambling,1967,0,0,0,cfbd
Grambling,1968,1,0,0,cfbd
Grambling,1969,0,0,0,cfbd
Grambling,1970,0,0,0,cfbd
Grambling,1971,0,0,0,cfbd
Grambling,1972,0,1,0,cfbd
Grambling,1973,1,0,0,cfbd
Grambling,1974,0,0,0,cfbd
Grambling,1975,2,0,0,cfbd
Grambling,1976,1,1,0,cfbd
Grambling,1977,10,1,0,cfbd
Grambling,1978,0,0,0,cfbd
Grambling,1979,0,0,0,cfbd
Grambling,1980,0,0,0,cfbd
Grambling,1981,0,1,0,cfbd
Grambling,1982,0,0,0,cfbd
Grambling,1983,0,1,0,cfbd
Grambling,1984,0,0,0,cfbd
Grambling,1985,1,0,0,cfbd
Grambling,1986,0,0,0,cfbd
Grambling,1987,0,0,0,cfbd
Grambling,1988,0,0,0,cfbd
Grambling,1989,0,0,0,cfbd
Grambling,1990,0,0,0,cfbd
Grambling,1991,0,0,0,cfbd
Grambling,1992,0,0,0,cfbd
Grambling,1993,0,0,0,cfbd
Grambling,1994,0,0,0,cfbd
Grambling,1995,0,0,0,cfbd
Grambling,1996,0,0,0,cfbd
Grambling,1997,0,0,0,cfbd
Grambling,1998,0,0,0,cfbd
Grambling,1999,0,0,0,cfbd
Grambling,2000,0,1,0,cfbd
Grambling,2001,0,0,0,cfbd
Grambling,2002,0,0,0,cfbd
Grambling,2003,1,2,0,cfbd
Grambling,2004,2,0,0,cfbd
Grambling,2005,0,1,0,cfbd
Grambling,2006,0,2,0,cfbd
Grambling,2007,8,3,0,cfbd
Grambling,2008,10,2,0,cfbd
Grambling,2009,7,4,0,cfbd
Grambling,2010,9,1,0,cfbd
Grambling,2011,7,4,0,cfbd
Grambling,2012,1,10,0,cfbd
Grambling,2013,1,9,0,cfbd
Grambling,2014,7,5,0,cfbd
Grambling,2015,7,3,0,cfbd
Grambling,2016,12,1,0,cfbd
Grambling,2017,11,2,0,cfbd
Grambling,2018,6,5,0,cfbd
Grambling,2019,6,5,0,cfbd
Grambling,2020,0,4,0,cfbd
Grambling,2021,4,7,0,cfbd
Grambling,2022,3,8,0,cfbd
Grambling,2023,5,6,0,cfbd
Grambling,2024,5,7,0,cfbd
Grambling,2025,7,5,0,cfbd
Grambling,2026,0,0,0,cfbd
Grand Valley State,2014,0,0,0,cfbd
Grand Valley State,2015,0,0,0,cfbd
Grand Valley State,2016,0,0,0,cfbd
Grand Valley State,2017,0,0,0,cfbd
Grand Valley State,2018,0,0,0,cfbd
Grand Valley State,2019,0,0,0,cfbd
Grand Valley State,2020,0,0,0,cfbd
Grand Valley State,2021,10,2,0,cfbd
Grand Valley State,2022,12,1,0,cfbd
Grand Valley State,2023,11,2,0,cfbd
Grand Valley State,2024,11,2,0,cfbd
Grand Valley State,2025,7,3,0,cfbd
Grand Valley State,2026,0,0,0,cfbd
Great Lakes Navy,1942,8,3,1,cfbd
Great Lakes Navy,1943,10,2,0,cfbd
Great Lakes Navy,1944,9,2,1,cfbd
Great Lakes Navy,1945,6,4,1,cfbd
Greensboro,2014,0,0,0,cfbd
Greensboro,2015,0,0,0,cfbd
Greensboro,2016,0,0,0,cfbd
Greensboro,2017,0,0,0,cfbd
Greensboro,2018,0,0,0,cfbd
Greensboro,2019,0,0,0,cfbd
Greensboro,2020,1,2,0,cfbd
Greensboro,2021,0,0,0,cfbd
Greensboro,2022,2,8,0,cfbd
Greensboro,2023,2,8,0,cfbd
Greensboro,2024,1,9,0,cfbd
Greensboro,2025,3,7,0,cfbd
Greensboro,2026,0,0,0,cfbd
Greenville,2014,0,0,0,cfbd
Greenville,2015,0,0,0,cfbd
Greenville,2016,0,0,0,cfbd
Greenville,2017,0,0,0,cfbd
Greenville,2018,0,0,0,cfbd
Greenville,2019,0,0,0,cfbd
Greenville,2020,1,3,0,cfbd
Greenville,2021,0,0,0,cfbd
Greenville,2022,7,3,0,cfbd
Greenville,2023,5,5,0,cfbd
Greenville,2024,7,3,0,cfbd
Greenville,2025,4,5,1,cfbd
Greenville,2026,0,0,0,cfbd
Grinnell,1936,2,7,0,cfbd
Grinnell,2014,0,0,0,cfbd
Grinnell,2015,0,0,0,cfbd
Grinnell,2016,0,0,0,cfbd
Grinnell,2017,0,0,0,cfbd
Grinnell,2018,0,0,0,cfbd
Grinnell,2019,0,0,0,cfbd
Grinnell,2020,0,0,0,cfbd
Grinnell,2021,0,0,0,cfbd
Grinnell,2022,2,6,0,cfbd
Grinnell,2023,2,8,0,cfbd
Grinnell,2024,2,8,0,cfbd
Grinnell,2025,2,8,0,cfbd
Grinnell,2026,0,0,0,cfbd
Grove City,2014,0,0,0,cfbd
Grove City,2015,0,0,0,cfbd
Grove City,2016,0,0,0,cfbd
Grove City,2017,0,0,0,cfbd
Grove City,2018,0,0,0,cfbd
Grove City,2019,0,0,0,cfbd
Grove City,2020,2,2,0,cfbd
Grove City,2021,0,0,0,cfbd
Grove City,2022,7,3,0,cfbd
Grove City,2023,11,1,0,cfbd
Grove City,2024,9,2,0,cfbd
Grove City,2025,8,3,0,cfbd
Grove City,2026,0,0,0,cfbd
Guilford,2014,0,0,0,cfbd
Guilford,2015,0,0,0,cfbd
Guilford,2016,0,0,0,cfbd
Guilford,2017,0,2,0,cfbd
Guilford,2018,0,1,0,cfbd
Guilford,2019,0,0,0,cfbd
Guilford,2020,0,4,0,cfbd
Guilford,2021,0,0,0,cfbd
Guilford,2022,1,9,0,cfbd
Guilford,2023,2,8,0,cfbd
Guilford,2024,3,7,0,cfbd
Guilford,2025,2,8,0,cfbd
Guilford,2026,0,0,0,cfbd
Gustavus Adolphus,2014,0,0,0,cfbd
Gustavus Adolphus,2015,0,0,0,cfbd
Gustavus Adolphus,2016,0,0,0,cfbd
Gustavus Adolphus,2017,0,0,0,cfbd
Gustavus Adolphus,2018,0,0,0,cfbd
Gustavus Adolphus,2019,0,0,0,cfbd
Gustavus Adolphus,2020,0,0,0,cfbd
Gustavus Adolphus,2021,0,0,0,cfbd
Gustavus Adolphus,2022,6,3,0,cfbd
Gustavus Adolphus,2023,6,4,0,cfbd
Gustavus Adolphus,2024,5,5,0,cfbd
Gustavus Adolphus,2025,5,5,0,cfbd
Gustavus Adolphus,2026,0,0,0,cfbd
Hamilton,2014,0,0,0,cfbd
Hamilton,2015,0,0,0,cfbd
Hamilton,2016,0,0,0,cfbd
Hamilton,2017,0,0,0,cfbd
Hamilton,2018,0,0,0,cfbd
Hamilton,2019,0,0,0,cfbd
Hamilton,2020,0,0,0,cfbd
Hamilton,2021,0,0,0,cfbd
Hamilton,2022,2,7,0,cfbd
Hamilton,2023,3,6,0,cfbd
Hamilton,2024,1,8,0,cfbd
Hamilton,2025,2,7,0,cfbd
Hamilton,2026,0,0,0,cfbd
Hamline,2014,0,0,0,cfbd
Hamline,2015,0,0,0,cfbd
Hamline,2016,0,0,0,cfbd
Hamline,2017,0,0,0,cfbd
Hamline,2018,0,0,0,cfbd
Hamline,2019,0,0,0,cfbd
Hamline,2020,0,0,0,cfbd
Hamline,2021,0,0,0,cfbd
Hamline,2022,2,7,0,cfbd
Hamline,2023,4,6,0,cfbd
Hamline,2024,3,7,0,cfbd
Hamline,2025,1,9,0,cfbd
Hamline,2026,0,0,0,cfbd
Hampden Sydney,1938,2,6,0,cfbd
Hampden Sydney,1939,4,5,0,cfbd
Hampden Sydney,1940,4,5,0,cfbd
Hampden Sydney,2014,0,0,0,cfbd
Hampden Sydney,2015,0,0,0,cfbd
Hampden Sydney,2016,0,0,0,cfbd
Hampden Sydney,2017,0,0,0,cfbd
Hampden Sydney,2018,0,0,0,cfbd
Hampden Sydney,2019,0,0,0,cfbd
Hampden Sydney,2020,4,1,0,cfbd
Hampden Sydney,2021,0,0,0,cfbd
Hampden Sydney,2022,5,5,0,cfbd
Hampden Sydney,2023,6,4,0,cfbd
Hampden Sydney,2024,5,5,0,cfbd
Hampden Sydney,2025,7,3,0,cfbd
Hampden Sydney,2026,0,0,0,cfbd
Hampton,1936,0,0,0,cfbd
Hampton,1937,0,0,0,cfbd
Hampton,1938,0,0,0,cfbd
Hampton,1939,0,0,0,cfbd
Hampton,1940,0,0,0,cfbd
Hampton,1941,0,0,0,cfbd
Hampton,1942,0,0,0,cfbd
Hampton,1943,0,0,0,cfbd
Hampton,1944,0,0,0,cfbd
Hampton,1945,0,0,0,cfbd
Hampton,1946,0,0,0,cfbd
Hampton,1947,0,0,0,cfbd
Hampton,1948,0,0,0,cfbd
Hampton,1949,0,0,0,cfbd
Hampton,1950,0,0,0,cfbd
Hampton,1951,0,0,0,cfbd
Hampton,1952,0,0,0,cfbd
Hampton,1953,0,0,0,cfbd
Hampton,1954,0,0,0,cfbd
Hampton,1955,0,0,0,cfbd
Hampton,1956,0,0,0,cfbd
Hampton,1957,0,0,0,cfbd
Hampton,1958,0,0,0,cfbd
Hampton,1959,0,0,0,cfbd
Hampton,1960,0,0,0,cfbd
Hampton,1961,0,0,0,cfbd
Hampton,1962,0,0,0,cfbd
Hampton,1963,0,0,0,cfbd
Hampton,1964,0,0,0,cfbd
Hampton,1965,0,0,0,cfbd
Hampton,1966,0,0,0,cfbd
Hampton,1967,0,0,0,cfbd
Hampton,1968,0,0,0,cfbd
Hampton,1969,0,0,0,cfbd
Hampton,1970,0,0,0,cfbd
Hampton,1971,0,0,0,cfbd
Hampton,1972,0,0,0,cfbd
Hampton,1973,0,0,0,cfbd
Hampton,1974,0,0,0,cfbd
Hampton,1975,0,0,0,cfbd
Hampton,1976,0,0,0,cfbd
Hampton,1977,0,0,0,cfbd
Hampton,1978,0,0,0,cfbd
Hampton,1979,0,0,0,cfbd
Hampton,1980,0,0,0,cfbd
Hampton,1981,0,0,0,cfbd
Hampton,1982,0,0,0,cfbd
Hampton,1983,0,0,0,cfbd
Hampton,1984,0,0,0,cfbd
Hampton,1985,0,0,0,cfbd
Hampton,1986,0,0,0,cfbd
Hampton,1987,0,0,0,cfbd
Hampton,1988,0,0,0,cfbd
Hampton,1989,0,0,0,cfbd
Hampton,1990,0,0,0,cfbd
Hampton,1991,0,0,0,cfbd
Hampton,1992,0,0,0,cfbd
Hampton,1993,0,0,0,cfbd
Hampton,1994,0,0,0,cfbd
Hampton,1995,0,0,0,cfbd
Hampton,1996,0,0,0,cfbd
Hampton,1997,0,0,0,cfbd
Hampton,1998,0,0,0,cfbd
Hampton,1999,0,0,0,cfbd
Hampton,2000,0,0,0,cfbd
Hampton,2001,0,0,0,cfbd
Hampton,2002,0,0,0,cfbd
Hampton,2003,7,4,0,cfbd
Hampton,2004,10,2,0,cfbd
Hampton,2005,9,1,0,cfbd
Hampton,2006,10,2,0,cfbd
Hampton,2007,6,5,0,cfbd
Hampton,2008,6,5,0,cfbd
Hampton,2009,5,6,0,cfbd
Hampton,2010,6,5,0,cfbd
Hampton,2011,7,4,0,cfbd
Hampton,2012,2,7,0,cfbd
Hampton,2013,4,8,0,cfbd
Hampton,2014,3,9,0,cfbd
Hampton,2015,6,5,0,cfbd
Hampton,2016,5,6,0,cfbd
Hampton,2017,6,5,0,cfbd
Hampton,2018,6,3,0,cfbd
Hampton,2019,5,7,0,cfbd
Hampton,2021,5,6,0,cfbd
Hampton,2022,4,7,0,cfbd
Hampton,2023,5,6,0,cfbd
Hampton,2024,5,7,0,cfbd
Hampton,2025,2,10,0,cfbd
Hampton,2026,0,0,0,cfbd
Hanover,2014,0,0,0,cfbd
Hanover,2015,0,0,0,cfbd
Hanover,2016,0,0,0,cfbd
Hanover,2017,0,0,0,cfbd
Hanover,2018,0,0,0,cfbd
Hanover,2019,0,0,0,cfbd
Hanover,2020,4,0,0,cfbd
Hanover,2021,0,0,0,cfbd
Hanover,2022,5,5,0,cfbd
Hanover,2023,7,3,0,cfbd
Hanover,2024,7,3,0,cfbd
Hanover,2025,9,3,0,cfbd
Hanover,2026,0,0,0,cfbd
Hardin Simmons,1939,7,1,1,cfbd
Hardin Simmons,1940,9,0,0,cfbd
Hardin Simmons,1941,7,3,1,cfbd
Hardin Simmons,1942,9,1,1,cfbd
Hardin Simmons,1946,11,0,0,cfbd
Hardin Simmons,1947,8,3,0,cfbd
Hardin Simmons,1948,6,2,3,cfbd
Hardin Simmons,1949,6,4,1,cfbd
Hardin Simmons,1950,5,5,0,cfbd
Hardin Simmons,1951,6,6,0,cfbd
Hardin Simmons,1952,5,3,2,cfbd
Hardin Simmons,1953,6,5,0,cfbd
Hardin Simmons,1954,4,6,0,cfbd
Hardin Simmons,1955,5,5,0,cfbd
Hardin Simmons,1956,4,6,0,cfbd
Hardin Simmons,1957,5,5,0,cfbd
Hardin Simmons,1958,6,5,0,cfbd
Hardin Simmons,1959,3,7,0,cfbd
Hardin Simmons,1960,0,10,0,cfbd
Hardin Simmons,1961,0,10,0,cfbd
Hardin Simmons,1962,1,9,0,cfbd
Hardin Simmons,2014,0,0,0,cfbd
Hardin Simmons,2015,0,0,0,cfbd
Hardin Simmons,2016,0,0,0,cfbd
Hardin Simmons,2017,0,0,0,cfbd
Hardin Simmons,2018,0,0,0,cfbd
Hardin Simmons,2019,0,0,0,cfbd
Hardin Simmons,2020,4,1,0,cfbd
Hardin Simmons,2021,0,0,0,cfbd
Hardin Simmons,2022,9,2,0,cfbd
Hardin Simmons,2023,9,2,0,cfbd
Hardin Simmons,2024,10,1,0,cfbd
Hardin Simmons,2025,9,2,0,cfbd
Hardin Simmons,2026,0,0,0,cfbd
Harding,2014,0,0,0,cfbd
Harding,2015,0,0,0,cfbd
Harding,2016,0,0,0,cfbd
Harding,2017,0,0,0,cfbd
Harding,2018,0,0,0,cfbd
Harding,2019,0,0,0,cfbd
Harding,2020,0,0,0,cfbd
Harding,2021,11,2,0,cfbd
Harding,2022,9,2,0,cfbd
Harding,2023,15,0,0,cfbd
Harding,2024,12,2,0,cfbd
Harding,2025,15,1,0,cfbd
Harding,2026,0,0,0,cfbd
Hartwick,2014,0,0,0,cfbd
Hartwick,2015,0,0,0,cfbd
Hartwick,2016,0,0,0,cfbd
Hartwick,2017,0,0,0,cfbd
Hartwick,2018,0,0,0,cfbd
Hartwick,2019,0,0,0,cfbd
Hartwick,2020,0,0,0,cfbd
Hartwick,2021,0,0,0,cfbd
Hartwick,2022,2,8,0,cfbd
Hartwick,2023,1,9,0,cfbd
Hartwick,2024,2,8,0,cfbd
Hartwick,2025,4,6,0,cfbd
Hartwick,2026,0,0,0,cfbd
Harvard,1936,3,4,1,cfbd
Harvard,1937,5,2,1,cfbd
Harvard,1938,4,4,0,cfbd
Harvard,1939,4,4,0,cfbd
Harvard,1940,3,2,3,cfbd
Harvard,1941,5,2,1,cfbd
Harvard,1942,2,6,1,cfbd
Harvard,1943,0,0,0,cfbd
Harvard,1944,1,0,0,cfbd
Harvard,1945,5,3,0,cfbd
Harvard,1946,7,2,0,cfbd
Harvard,1947,4,5,0,cfbd
Harvard,1948,4,4,0,cfbd
Harvard,1949,1,8,0,cfbd
Harvard,1950,1,7,0,cfbd
Harvard,1951,3,5,1,cfbd
Harvard,1952,5,4,0,cfbd
Harvard,1953,6,2,0,cfbd
Harvard,1954,4,3,1,cfbd
Harvard,1955,3,4,1,cfbd
Harvard,1956,2,6,0,cfbd
Harvard,1957,3,5,0,cfbd
Harvard,1958,4,5,0,cfbd
Harvard,1959,6,3,0,cfbd
Harvard,1960,5,4,0,cfbd
Harvard,1961,6,3,0,cfbd
Harvard,1962,6,3,0,cfbd
Harvard,1963,5,2,2,cfbd
Harvard,1964,6,3,0,cfbd
Harvard,1965,5,2,2,cfbd
Harvard,1966,8,1,0,cfbd
Harvard,1967,6,3,0,cfbd
Harvard,1968,8,0,1,cfbd
Harvard,1969,3,6,0,cfbd
Harvard,1970,7,2,0,cfbd
Harvard,1971,5,4,0,cfbd
Harvard,1972,4,4,1,cfbd
Harvard,1973,7,2,0,cfbd
Harvard,1974,7,2,0,cfbd
Harvard,1975,7,2,0,cfbd
Harvard,1976,6,3,0,cfbd
Harvard,1977,4,5,0,cfbd
Harvard,1978,4,4,1,cfbd
Harvard,1979,3,6,0,cfbd
Harvard,1980,7,3,0,cfbd
Harvard,1981,5,4,1,cfbd
Harvard,1982,0,1,0,cfbd
Harvard,1983,1,0,0,cfbd
Harvard,1984,0,1,0,cfbd
Harvard,1985,0,0,0,cfbd
Harvard,1986,0,0,0,cfbd
Harvard,1987,0,0,0,cfbd
Harvard,1988,0,0,0,cfbd
Harvard,1989,0,1,0,cfbd
Harvard,1990,0,0,0,cfbd
Harvard,1991,0,1,0,cfbd
Harvard,1992,0,0,0,cfbd
Harvard,1993,0,0,0,cfbd
Harvard,1994,0,0,0,cfbd
Harvard,1995,0,0,0,cfbd
Harvard,1996,0,0,0,cfbd
Harvard,1997,0,0,0,cfbd
Harvard,1998,0,0,0,cfbd
Harvard,1999,0,0,0,cfbd
Harvard,2000,0,0,0,cfbd
Harvard,2001,0,0,0,cfbd
Harvard,2002,0,0,0,cfbd
Harvard,2003,7,3,0,cfbd
Harvard,2004,10,0,0,cfbd
Harvard,2005,7,3,0,cfbd
Harvard,2006,7,2,0,cfbd
Harvard,2007,8,2,0,cfbd
Harvard,2008,9,1,0,cfbd
Harvard,2009,7,3,0,cfbd
Harvard,2010,7,3,0,cfbd
Harvard,2011,9,1,0,cfbd
Harvard,2012,8,2,0,cfbd
Harvard,2013,9,1,0,cfbd
Harvard,2014,10,0,0,cfbd
Harvard,2015,9,1,0,cfbd
Harvard,2016,7,3,0,cfbd
Harvard,2017,5,5,0,cfbd
Harvard,2018,6,4,0,cfbd
Harvard,2019,4,6,0,cfbd
Harvard,2021,8,2,0,cfbd
Harvard,2022,6,4,0,cfbd
Harvard,2023,8,2,0,cfbd
Harvard,2024,8,2,0,cfbd
Harvard,2025,9,2,0,cfbd
Harvard,2026,0,0,0,cfbd
Hawai'i,1936,0,0,0,cfbd
Hawai'i,1937,1,1,0,cfbd
Hawai'i,1938,0,3,0,cfbd
Hawai'i,1939,0,2,0,cfbd
Hawai'i,1940,0,1,0,cfbd
Hawai'i,1941,0,0,0,cfbd
Hawai'i,1946,1,2,0,cfbd
Hawai'i,1947,1,5,0,cfbd
Hawai'i,1948,0,4,0,cfbd
Hawai'i,1949,1,2,0,cfbd
Hawai'i,1950,2,2,0,cfbd
Hawai'i,1951,0,3,0,cfbd
Hawai'i,1952,0,3,0,cfbd
Hawai'i,1953,0,2,0,cfbd
Hawai'i,1954,0,2,0,cfbd
Hawai'i,1955,1,2,0,cfbd
Hawai'i,1956,1,1,0,cfbd
Hawai'i,1957,0,2,0,cfbd
Hawai'i,1958,1,3,0,cfbd
Hawai'i,1959,0,4,0,cfbd
Hawai'i,1960,1,4,0,cfbd
Hawai'i,1961,0,0,0,cfbd
Hawai'i,1962,0,1,0,cfbd
Hawai'i,1963,0,1,0,cfbd
Hawai'i,1964,0,2,0,cfbd
Hawai'i,1965,0,3,0,cfbd
Hawai'i,1966,0,3,0,cfbd
Hawai'i,1967,0,1,0,cfbd
Hawai'i,1968,0,1,0,cfbd
Hawai'i,1969,1,3,0,cfbd
Hawai'i,1970,4,1,0,cfbd
Hawai'i,1971,7,4,0,cfbd
Hawai'i,1972,1,2,0,cfbd
Hawai'i,1973,3,2,0,cfbd
Hawai'i,1974,6,5,0,cfbd
Hawai'i,1975,6,5,0,cfbd
Hawai'i,1976,3,8,0,cfbd
Hawai'i,1977,5,6,0,cfbd
Hawai'i,1978,6,5,0,cfbd
Hawai'i,1979,6,5,0,cfbd
Hawai'i,1980,8,3,0,cfbd
Hawai'i,1981,9,2,0,cfbd
Hawai'i,1982,6,5,0,cfbd
Hawai'i,1983,5,5,1,cfbd
Hawai'i,1984,7,4,0,cfbd
Hawai'i,1985,4,6,2,cfbd
Hawai'i,1986,7,5,0,cfbd
Hawai'i,1987,5,7,0,cfbd
Hawai'i,1988,9,3,0,cfbd
Hawai'i,1989,9,3,1,cfbd
Hawai'i,1990,7,5,0,cfbd
Hawai'i,1991,4,7,1,cfbd
Hawai'i,1992,11,2,0,cfbd
Hawai'i,1993,6,6,0,cfbd
Hawai'i,1994,3,8,1,cfbd
Hawai'i,1995,4,8,0,cfbd
Hawai'i,1996,2,10,0,cfbd
Hawai'i,1997,3,9,0,cfbd
Hawai'i,1998,0,12,0,cfbd
Hawai'i,1999,9,4,0,cfbd
Hawai'i,2000,3,9,0,cfbd
Hawai'i,2001,9,3,0,cfbd
Hawai'i,2002,10,4,0,cfbd
Hawai'i,2003,9,5,0,cfbd
Hawai'i,2004,8,5,0,cfbd
Hawai'i,2005,5,7,0,cfbd
Hawai'i,2006,11,3,0,cfbd
Hawai'i,2007,12,1,0,cfbd
Hawai'i,2008,7,7,0,cfbd
Hawai'i,2009,6,7,0,cfbd
Hawai'i,2010,10,4,0,cfbd
Hawai'i,2011,6,7,0,cfbd
Hawai'i,2012,3,9,0,cfbd
Hawai'i,2013,1,11,0,cfbd
Hawai'i,2014,4,9,0,cfbd
Hawai'i,2015,3,10,0,cfbd
Hawai'i,2016,7,7,0,cfbd
Hawai'i,2017,3,9,0,cfbd
Hawai'i,2018,8,6,0,cfbd
Hawai'i,2019,10,5,0,cfbd
Hawai'i,2020,5,4,0,cfbd
Hawai'i,2021,6,7,0,cfbd
Hawai'i,2022,3,10,0,cfbd
Hawai'i,2023,5,8,0,cfbd
Hawai'i,2024,5,7,0,cfbd
Hawai'i,2025,9,4,0,cfbd
Hawai'i,2026,0,0,0,cfbd
Heidelberg,2014,0,0,0,cfbd
Heidelberg,2015,0,0,0,cfbd
Heidelberg,2016,0,0,0,cfbd
Heidelberg,2017,0,0,0,cfbd
Heidelberg,2018,0,0,0,cfbd
Heidelberg,2019,0,0,0,cfbd
Heidelberg,2020,4,0,0,cfbd
Heidelberg,2021,0,0,0,cfbd
Heidelberg,2022,7,3,0,cfbd
Heidelberg,2023,6,4,0,cfbd
Heidelberg,2024,5,5,0,cfbd
Heidelberg,2025,6,4,0,cfbd
Heidelberg,2026,0,0,0,cfbd
Henderson State,2014,0,0,0,cfbd
Henderson State,2015,0,0,0,cfbd
Henderson State,2016,0,0,0,cfbd
Henderson State,2017,0,0,0,cfbd
Henderson State,2018,0,0,0,cfbd
Henderson State,2019,0,0,0,cfbd
Henderson State,2020,0,0,0,cfbd
Henderson State,2021,9,2,0,cfbd
Henderson State,2022,8,3,0,cfbd
Henderson State,2023,9,3,0,cfbd
Henderson State,2024,8,3,0,cfbd
Henderson State,2025,8,3,0,cfbd
Henderson State,2026,0,0,0,cfbd
Hendrix,2014,0,0,0,cfbd
Hendrix,2015,0,0,0,cfbd
Hendrix,2016,0,0,0,cfbd
Hendrix,2017,0,0,0,cfbd
Hendrix,2018,0,0,0,cfbd
Hendrix,2019,0,0,0,cfbd
Hendrix,2020,3,1,0,cfbd
Hendrix,2021,0,0,0,cfbd
Hendrix,2022,3,7,0,cfbd
Hendrix,2023,3,7,0,cfbd
Hendrix,2024,4,6,0,cfbd
Hendrix,2025,6,4,0,cfbd
Hendrix,2026,0,0,0,cfbd
Hilbert,2022,0,7,0,cfbd
Hilbert,2023,0,8,0,cfbd
Hilbert,2024,0,10,0,cfbd
Hilbert,2025,0,10,0,cfbd
Hilbert,2026,0,0,0,cfbd
Hillsdale,2014,0,0,0,cfbd
Hillsdale,2015,0,0,0,cfbd
Hillsdale,2016,0,0,0,cfbd
Hillsdale,2017,0,0,0,cfbd
Hillsdale,2018,0,0,0,cfbd
Hillsdale,2019,0,0,0,cfbd
Hillsdale,2020,2,2,0,cfbd
Hillsdale,2021,6,5,0,cfbd
Hillsdale,2022,5,6,0,cfbd
Hillsdale,2023,6,5,0,cfbd
Hillsdale,2024,6,5,0,cfbd
Hillsdale,2025,6,6,0,cfbd
Hillsdale,2026,0,0,0,cfbd
Hiram,2014,0,0,0,cfbd
Hiram,2015,0,0,0,cfbd
Hiram,2016,0,0,0,cfbd
Hiram,2017,0,0,0,cfbd
Hiram,2018,0,0,0,cfbd
Hiram,2019,0,0,0,cfbd
Hiram,2020,0,0,0,cfbd
Hiram,2021,0,0,0,cfbd
Hiram,2022,3,7,0,cfbd
Hiram,2023,1,9,0,cfbd
Hiram,2024,0,9,1,cfbd
Hiram,2025,3,7,0,cfbd
Hiram,2026,0,0,0,cfbd
Hobart,2014,0,0,0,cfbd
Hobart,2015,0,0,0,cfbd
Hobart,2016,0,0,0,cfbd
Hobart,2017,0,0,0,cfbd
Hobart,2018,0,0,0,cfbd
Hobart,2019,0,0,0,cfbd
Hobart,2020,0,0,0,cfbd
Hobart,2021,0,0,0,cfbd
Hobart,2022,7,3,0,cfbd
Hobart,2023,8,2,0,cfbd
Hobart,2024,9,2,0,cfbd
Hobart,2025,6,5,0,cfbd
Hobart,2026,0,0,0,cfbd
Hofstra,2003,2,10,0,cfbd
Hofstra,2004,5,6,0,cfbd
Hofstra,2005,8,4,0,cfbd
Hofstra,2006,2,9,0,cfbd
Hofstra,2007,8,4,0,cfbd
Hofstra,2008,4,8,0,cfbd
Hofstra,2009,5,6,0,cfbd
Holy Cross,1936,7,2,1,cfbd
Holy Cross,1937,8,0,2,cfbd
Holy Cross,1938,8,1,0,cfbd
Holy Cross,1939,7,2,0,cfbd
Holy Cross,1940,4,5,1,cfbd
Holy Cross,1941,4,4,2,cfbd
Holy Cross,1942,5,4,1,cfbd
Holy Cross,1943,6,2,0,cfbd
Holy Cross,1944,5,2,2,cfbd
Holy Cross,1945,8,2,0,cfbd
Holy Cross,1946,5,4,0,cfbd
Holy Cross,1947,4,4,2,cfbd
Holy Cross,1948,5,5,0,cfbd
Holy Cross,1949,1,9,0,cfbd
Holy Cross,1950,4,5,1,cfbd
Holy Cross,1951,8,2,0,cfbd
Holy Cross,1952,8,2,0,cfbd
Holy Cross,1953,5,5,0,cfbd
Holy Cross,1954,3,7,0,cfbd
Holy Cross,1955,6,4,0,cfbd
Holy Cross,1956,5,3,1,cfbd
Holy Cross,1957,5,3,1,cfbd
Holy Cross,1958,6,3,0,cfbd
Holy Cross,1959,6,4,0,cfbd
Holy Cross,1960,6,4,0,cfbd
Holy Cross,1961,7,3,0,cfbd
Holy Cross,1962,6,4,0,cfbd
Holy Cross,1963,2,6,1,cfbd
Holy Cross,1964,5,5,0,cfbd
Holy Cross,1965,2,7,1,cfbd
Holy Cross,1966,6,3,1,cfbd
Holy Cross,1967,5,5,0,cfbd
Holy Cross,1968,3,6,1,cfbd
Holy Cross,1969,0,2,0,cfbd
Holy Cross,1970,0,10,1,cfbd
Holy Cross,1971,4,6,0,cfbd
Holy Cross,1972,5,4,1,cfbd
Holy Cross,1973,5,6,0,cfbd
Holy Cross,1974,5,5,1,cfbd
Holy Cross,1975,1,10,0,cfbd
Holy Cross,1976,3,8,0,cfbd
Holy Cross,1977,2,9,0,cfbd
Holy Cross,1978,7,4,0,cfbd
Holy Cross,1979,5,6,0,cfbd
Holy Cross,1980,3,8,0,cfbd
Holy Cross,1981,6,5,0,cfbd
Holy Cross,1982,0,1,0,cfbd
Holy Cross,1983,0,1,0,cfbd
Holy Cross,1984,0,1,0,cfbd
Holy Cross,1985,0,2,0,cfbd
Holy Cross,1986,1,1,0,cfbd
Holy Cross,1987,1,0,0,cfbd
Holy Cross,1988,0,1,0,cfbd
Holy Cross,1989,0,1,0,cfbd
Holy Cross,1990,0,1,0,cfbd
Holy Cross,1991,0,0,0,cfbd
Holy Cross,1992,0,1,0,cfbd
Holy Cross,1993,0,0,0,cfbd
Holy Cross,1994,0,1,0,cfbd
Holy Cross,1995,0,0,0,cfbd
Holy Cross,1996,0,0,0,cfbd
Holy Cross,1997,0,0,0,cfbd
Holy Cross,1998,0,0,0,cfbd
Holy Cross,1999,0,0,0,cfbd
Holy Cross,2000,0,0,0,cfbd
Holy Cross,2001,0,0,0,cfbd
Holy Cross,2002,1,0,0,cfbd
Holy Cross,2003,1,11,0,cfbd
Holy Cross,2004,3,8,0,cfbd
Holy Cross,2005,6,5,0,cfbd
Holy Cross,2006,7,4,0,cfbd
Holy Cross,2007,6,4,0,cfbd
Holy Cross,2008,7,4,0,cfbd
Holy Cross,2009,9,3,0,cfbd
Holy Cross,2010,6,5,0,cfbd
Holy Cross,2011,6,5,0,cfbd
Holy Cross,2012,2,9,0,cfbd
Holy Cross,2013,3,9,0,cfbd
Holy Cross,2014,4,8,0,cfbd
Holy Cross,2015,6,5,0,cfbd
Holy Cross,2016,4,7,0,cfbd
Holy Cross,2017,4,7,0,cfbd
Holy Cross,2018,5,6,0,cfbd
Holy Cross,2019,7,6,0,cfbd
Holy Cross,2020,3,1,0,cfbd
Holy Cross,2021,10,3,0,cfbd
Holy Cross,2022,12,1,0,cfbd
Holy Cross,2023,7,4,0,cfbd
Holy Cross,2024,6,6,0,cfbd
Holy Cross,2025,3,9,0,cfbd
Holy Cross,2026,0,0,0,cfbd
Hope,2014,0,0,0,cfbd
Hope,2015,0,0,0,cfbd
Hope,2016,0,0,0,cfbd
Hope,2017,0,0,0,cfbd
Hope,2018,0,0,0,cfbd
Hope,2019,0,0,0,cfbd
Hope,2020,0,0,0,cfbd
Hope,2021,0,0,0,cfbd
Hope,2022,6,4,0,cfbd
Hope,2023,8,2,0,cfbd
Hope,2024,11,1,0,cfbd
Hope,2025,9,2,0,cfbd
Hope,2026,0,0,0,cfbd
Houston,1946,1,1,0,cfbd
Houston,1947,0,1,0,cfbd
Houston,1948,0,2,0,cfbd
Houston,1949,5,4,1,cfbd
Houston,1950,4,6,0,cfbd
Houston,1951,6,5,0,cfbd
Houston,1952,8,2,0,cfbd
Houston,1953,4,4,1,cfbd
Houston,1954,5,5,0,cfbd
Houston,1955,6,4,0,cfbd
Houston,1956,7,2,1,cfbd
Houston,1957,5,4,1,cfbd
Houston,1958,5,4,0,cfbd
Houston,1959,3,7,0,cfbd
Houston,1960,6,4,0,cfbd
Houston,1961,5,4,1,cfbd
Houston,1962,7,4,0,cfbd
Houston,1963,2,8,0,cfbd
Houston,1964,2,6,1,cfbd
Houston,1965,4,5,1,cfbd
Houston,1966,8,2,0,cfbd
Houston,1967,7,3,0,cfbd
Houston,1968,6,2,2,cfbd
Houston,1969,9,2,0,cfbd
Houston,1970,8,3,0,cfbd
Houston,1971,9,3,0,cfbd
Houston,1972,6,4,1,cfbd
Houston,1973,11,1,0,cfbd
Houston,1974,8,3,1,cfbd
Houston,1975,2,8,0,cfbd
Houston,1976,10,2,0,cfbd
Houston,1977,6,5,0,cfbd
Houston,1978,9,3,0,cfbd
Houston,1979,11,1,0,cfbd
Houston,1980,7,5,0,cfbd
Houston,1981,7,4,1,cfbd
Houston,1982,5,5,1,cfbd
Houston,1983,4,7,0,cfbd
Houston,1984,7,5,0,cfbd
Houston,1985,4,7,0,cfbd
Houston,1986,1,10,0,cfbd
Houston,1987,4,6,1,cfbd
Houston,1988,9,3,0,cfbd
Houston,1989,9,2,0,cfbd
Houston,1990,10,1,0,cfbd
Houston,1991,4,7,0,cfbd
Houston,1992,4,7,0,cfbd
Houston,1993,1,9,1,cfbd
Houston,1994,1,10,0,cfbd
Houston,1995,2,9,0,cfbd
Houston,1996,7,5,0,cfbd
Houston,1997,3,8,0,cfbd
Houston,1998,3,8,0,cfbd
Houston,1999,7,4,0,cfbd
Houston,2000,3,8,0,cfbd
Houston,2001,0,11,0,cfbd
Houston,2002,5,7,0,cfbd
Houston,2003,7,6,0,cfbd
Houston,2004,3,8,0,cfbd
Houston,2005,6,6,0,cfbd
Houston,2006,10,4,0,cfbd
Houston,2007,8,5,0,cfbd
Houston,2008,8,5,0,cfbd
Houston,2009,10,4,0,cfbd
Houston,2010,5,7,0,cfbd
Houston,2011,13,1,0,cfbd
Houston,2012,5,7,0,cfbd
Houston,2013,8,5,0,cfbd
Houston,2014,8,5,0,cfbd
Houston,2015,13,1,0,cfbd
Houston,2016,9,4,0,cfbd
Houston,2017,7,5,0,cfbd
Houston,2018,8,5,0,cfbd
Houston,2019,4,8,0,cfbd
Houston,2020,3,5,0,cfbd
Houston,2021,12,2,0,cfbd
Houston,2022,8,5,0,cfbd
Houston,2023,4,8,0,cfbd
Houston,2024,4,8,0,cfbd
Houston,2025,10,3,0,cfbd
Houston,2026,0,0,0,cfbd
Houston Christian,2013,3,4,0,cfbd
Houston Christian,2014,1,9,0,cfbd
Houston Christian,2015,1,9,0,cfbd
Houston Christian,2016,4,7,0,cfbd
Houston Christian,2017,1,10,0,cfbd
Houston Christian,2018,1,10,0,cfbd
Houston Christian,2019,5,7,0,cfbd
Houston Christian,2020,1,3,0,cfbd
Houston Christian,2021,0,11,0,cfbd
Houston Christian,2022,2,9,0,cfbd
Houston Christian,2023,6,5,0,cfbd
Houston Christian,2024,5,7,0,cfbd
Houston Christian,2025,2,10,0,cfbd
Houston Christian,2026,1,0,0,cfbd
Howard,1936,0,0,0,cfbd
Howard,1937,0,0,0,cfbd
Howard,1938,0,0,0,cfbd
Howard,1939,0,0,0,cfbd
Howard,1940,0,0,0,cfbd
Howard,1941,0,0,0,cfbd
Howard,1942,0,0,0,cfbd
Howard,1944,0,0,0,cfbd
Howard,1945,0,0,0,cfbd
Howard,1946,0,0,0,cfbd
Howard,1947,0,0,0,cfbd
Howard,1948,0,0,0,cfbd
Howard,1949,0,0,0,cfbd
Howard,1950,0,0,0,cfbd
Howard,1951,0,0,0,cfbd
Howard,1952,0,0,0,cfbd
Howard,1953,0,0,0,cfbd
Howard,1954,0,0,0,cfbd
Howard,1955,0,0,0,cfbd
Howard,1956,0,0,0,cfbd
Howard,1957,0,0,0,cfbd
Howard,1958,0,0,0,cfbd
Howard,1959,0,0,0,cfbd
Howard,1960,0,0,0,cfbd
Howard,1961,0,0,0,cfbd
Howard,1962,0,0,0,cfbd
Howard,1963,0,0,0,cfbd
Howard,1964,0,0,0,cfbd
Howard,1965,0,0,0,cfbd
Howard,1966,0,0,0,cfbd
Howard,1967,0,0,0,cfbd
Howard,1968,0,0,0,cfbd
Howard,1969,0,0,0,cfbd
Howard,1970,0,0,0,cfbd
Howard,1971,0,0,0,cfbd
Howard,1972,0,0,0,cfbd
Howard,1973,0,0,0,cfbd
Howard,1974,0,0,0,cfbd
Howard,1975,0,0,0,cfbd
Howard,1976,0,0,0,cfbd
Howard,1977,1,0,0,cfbd
Howard,1978,0,0,0,cfbd
Howard,1979,0,0,0,cfbd
Howard,1980,0,0,0,cfbd
Howard,1981,0,0,0,cfbd
Howard,1982,0,0,0,cfbd
Howard,1983,0,0,0,cfbd
Howard,1984,0,0,0,cfbd
Howard,1985,0,0,0,cfbd
Howard,1986,0,0,0,cfbd
Howard,1987,0,0,0,cfbd
Howard,1988,0,0,0,cfbd
Howard,1989,0,0,0,cfbd
Howard,1990,0,0,0,cfbd
Howard,1991,0,1,0,cfbd
Howard,1992,0,0,0,cfbd
Howard,1993,0,0,0,cfbd
Howard,1994,0,0,0,cfbd
Howard,1995,0,0,0,cfbd
Howard,1996,0,0,0,cfbd
Howard,1997,0,0,0,cfbd
Howard,1998,0,0,0,cfbd
Howard,1999,0,0,0,cfbd
Howard,2000,0,0,0,cfbd
Howard,2001,0,0,0,cfbd
Howard,2002,0,0,0,cfbd
Howard,2003,4,7,0,cfbd
Howard,2004,6,5,0,cfbd
Howard,2005,3,6,0,cfbd
Howard,2006,5,6,0,cfbd
Howard,2007,4,7,0,cfbd
Howard,2008,1,10,0,cfbd
Howard,2009,2,9,0,cfbd
Howard,2010,1,10,0,cfbd
Howard,2011,5,6,0,cfbd
Howard,2012,6,3,0,cfbd
Howard,2013,6,6,0,cfbd
Howard,2014,5,7,0,cfbd
Howard,2015,1,10,0,cfbd
Howard,2016,2,9,0,cfbd
Howard,2017,7,4,0,cfbd
Howard,2018,4,6,0,cfbd
Howard,2019,2,10,0,cfbd
Howard,2020,0,2,0,cfbd
Howard,2021,3,8,0,cfbd
Howard,2022,5,6,0,cfbd
Howard,2023,6,6,0,cfbd
Howard,2024,4,8,0,cfbd
Howard,2025,5,7,0,cfbd
Howard,2026,0,0,0,cfbd
Howard Payne,2014,0,0,0,cfbd
Howard Payne,2015,0,0,0,cfbd
Howard Payne,2016,0,0,0,cfbd
Howard Payne,2017,0,0,0,cfbd
Howard Payne,2018,0,0,0,cfbd
Howard Payne,2019,0,0,0,cfbd
Howard Payne,2020,2,3,0,cfbd
Howard Payne,2021,0,0,0,cfbd
Howard Payne,2022,7,3,0,cfbd
Howard Payne,2023,6,4,0,cfbd
Howard Payne,2024,1,8,0,cfbd
Howard Payne,2025,4,6,0,cfbd
Howard Payne,2026,0,0,0,cfbd
Humboldt State,2014,0,0,0,cfbd
Humboldt State,2015,0,0,0,cfbd
Humboldt State,2016,0,0,0,cfbd
Humboldt State,2017,0,0,0,cfbd
Humboldt State,2018,0,0,0,cfbd
Huntingdon,2014,0,0,0,cfbd
Huntingdon,2015,0,0,0,cfbd
Huntingdon,2016,0,0,0,cfbd
Huntingdon,2017,0,0,0,cfbd
Huntingdon,2018,0,0,0,cfbd
Huntingdon,2019,0,0,0,cfbd
Huntingdon,2020,2,1,0,cfbd
Huntingdon,2021,0,0,0,cfbd
Huntingdon,2022,9,2,0,cfbd
Huntingdon,2023,8,2,0,cfbd
Huntingdon,2024,5,5,0,cfbd
Huntingdon,2025,6,4,0,cfbd
Huntingdon,2026,0,0,0,cfbd
Husson,2014,0,0,0,cfbd
Husson,2015,0,0,0,cfbd
Husson,2016,0,0,0,cfbd
Husson,2017,0,0,0,cfbd
Husson,2018,0,0,0,cfbd
Husson,2019,0,0,0,cfbd
Husson,2020,0,0,0,cfbd
Husson,2021,0,0,0,cfbd
Husson,2022,5,5,0,cfbd
Husson,2023,7,3,0,cfbd
Husson,2024,6,4,0,cfbd
Husson,2025,4,6,0,cfbd
Husson,2026,0,0,0,cfbd
Idaho,1936,3,7,0,cfbd
Idaho,1937,4,3,1,cfbd
Idaho,1938,6,3,1,cfbd
Idaho,1939,2,6,0,cfbd
Idaho,1940,1,7,1,cfbd
Idaho,1941,4,5,0,cfbd
Idaho,1942,3,7,0,cfbd
Idaho,1945,1,7,0,cfbd
Idaho,1946,1,8,0,cfbd
Idaho,1947,4,4,0,cfbd
Idaho,1948,3,6,0,cfbd
Idaho,1949,3,5,0,cfbd
Idaho,1950,3,5,1,cfbd
Idaho,1951,2,7,0,cfbd
Idaho,1952,4,4,1,cfbd
Idaho,1953,1,8,0,cfbd
Idaho,1954,4,5,0,cfbd
Idaho,1955,2,7,0,cfbd
Idaho,1956,4,5,0,cfbd
Idaho,1957,4,4,1,cfbd
Idaho,1958,4,5,0,cfbd
Idaho,1959,1,9,0,cfbd
Idaho,1960,1,9,0,cfbd
Idaho,1961,2,7,0,cfbd
Idaho,1962,2,6,1,cfbd
Idaho,1963,5,4,0,cfbd
Idaho,1964,4,6,0,cfbd
Idaho,1965,5,5,0,cfbd
Idaho,1966,4,6,0,cfbd
Idaho,1967,4,6,0,cfbd
Idaho,1968,5,5,0,cfbd
Idaho,1969,2,8,0,cfbd
Idaho,1970,4,7,0,cfbd
Idaho,1971,8,3,0,cfbd
Idaho,1972,4,7,0,cfbd
Idaho,1973,4,7,0,cfbd
Idaho,1974,2,8,1,cfbd
Idaho,1975,1,3,0,cfbd
Idaho,1976,2,3,0,cfbd
Idaho,1977,1,4,0,cfbd
Idaho,1978,0,5,0,cfbd
Idaho,1979,1,1,0,cfbd
Idaho,1980,0,2,0,cfbd
Idaho,1981,0,1,0,cfbd
Idaho,1982,1,1,0,cfbd
Idaho,1983,1,0,0,cfbd
Idaho,1984,1,1,0,cfbd
Idaho,1985,0,1,0,cfbd
Idaho,1986,1,1,0,cfbd
Idaho,1987,0,1,0,cfbd
Idaho,1988,1,0,0,cfbd
Idaho,1989,0,1,0,cfbd
Idaho,1990,0,1,0,cfbd
Idaho,1991,0,0,0,cfbd
Idaho,1992,1,0,0,cfbd
Idaho,1993,1,0,0,cfbd
Idaho,1994,1,0,0,cfbd
Idaho,1995,0,1,0,cfbd
Idaho,1996,6,5,0,cfbd
Idaho,1997,5,6,0,cfbd
Idaho,1998,9,3,0,cfbd
Idaho,1999,7,4,0,cfbd
Idaho,2000,5,6,0,cfbd
Idaho,2001,1,10,0,cfbd
Idaho,2002,2,10,0,cfbd
Idaho,2003,3,9,0,cfbd
Idaho,2004,3,9,0,cfbd
Idaho,2005,2,9,0,cfbd
Idaho,2006,4,8,0,cfbd
Idaho,2007,1,11,0,cfbd
Idaho,2008,2,10,0,cfbd
Idaho,2009,8,5,0,cfbd
Idaho,2010,6,7,0,cfbd
Idaho,2011,2,10,0,cfbd
Idaho,2012,1,11,0,cfbd
Idaho,2013,1,11,0,cfbd
Idaho,2014,1,10,0,cfbd
Idaho,2015,4,8,0,cfbd
Idaho,2016,9,4,0,cfbd
Idaho,2017,4,8,0,cfbd
Idaho,2018,4,7,0,cfbd
Idaho,2019,5,7,0,cfbd
Idaho,2020,2,4,0,cfbd
Idaho,2021,4,7,0,cfbd
Idaho,2022,7,5,0,cfbd
Idaho,2023,9,4,0,cfbd
Idaho,2024,10,4,0,cfbd
Idaho,2025,4,8,0,cfbd
Idaho,2026,0,1,0,cfbd
Idaho State,1936,1,2,0,cfbd
Idaho State,1937,0,2,0,cfbd
Idaho State,1938,0,0,0,cfbd
Idaho State,1939,0,0,0,cfbd
Idaho State,1940,0,0,0,cfbd
Idaho State,1941,0,0,0,cfbd
Idaho State,1942,0,0,0,cfbd
Idaho State,1944,4,5,0,cfbd
Idaho State,1946,0,1,0,cfbd
Idaho State,1947,0,1,0,cfbd
Idaho State,1948,0,1,0,cfbd
Idaho State,1949,0,1,0,cfbd
Idaho State,1950,0,1,0,cfbd
Idaho State,1951,1,1,0,cfbd
Idaho State,1952,0,0,0,cfbd
Idaho State,1953,0,0,0,cfbd
Idaho State,1954,0,0,0,cfbd
Idaho State,1955,0,0,0,cfbd
Idaho State,1956,0,0,0,cfbd
Idaho State,1957,0,0,0,cfbd
Idaho State,1958,0,0,0,cfbd
Idaho State,1959,0,0,0,cfbd
Idaho State,1960,0,0,0,cfbd
Idaho State,1961,0,0,0,cfbd
Idaho State,1962,0,2,0,cfbd
Idaho State,1963,0,1,0,cfbd
Idaho State,1964,0,0,0,cfbd
Idaho State,1965,0,1,0,cfbd
Idaho State,1966,0,1,0,cfbd
Idaho State,1967,0,3,0,cfbd
Idaho State,1968,0,1,0,cfbd
Idaho State,1969,1,0,0,cfbd
Idaho State,1970,1,1,0,cfbd
Idaho State,1971,1,1,0,cfbd
Idaho State,1972,2,1,0,cfbd
Idaho State,1973,0,1,0,cfbd
Idaho State,1974,0,1,0,cfbd
Idaho State,1975,1,0,0,cfbd
Idaho State,1976,0,0,0,cfbd
Idaho State,1977,0,2,0,cfbd
Idaho State,1978,0,2,0,cfbd
Idaho State,1979,0,2,0,cfbd
Idaho State,1980,0,1,0,cfbd
Idaho State,1981,1,0,0,cfbd
Idaho State,1982,1,1,0,cfbd
Idaho State,1983,2,0,0,cfbd
Idaho State,1984,0,2,0,cfbd
Idaho State,1985,0,1,0,cfbd
Idaho State,1986,0,1,0,cfbd
Idaho State,1987,0,1,0,cfbd
Idaho State,1988,0,2,0,cfbd
Idaho State,1989,0,0,0,cfbd
Idaho State,1990,0,0,0,cfbd
Idaho State,1991,0,1,0,cfbd
Idaho State,1992,0,0,0,cfbd
Idaho State,1993,0,1,0,cfbd
Idaho State,1994,0,1,0,cfbd
Idaho State,1995,0,1,0,cfbd
Idaho State,1996,0,1,0,cfbd
Idaho State,1997,0,2,0,cfbd
Idaho State,1998,0,2,0,cfbd
Idaho State,1999,0,0,0,cfbd
Idaho State,2000,1,0,0,cfbd
Idaho State,2001,0,1,0,cfbd
Idaho State,2002,0,1,0,cfbd
Idaho State,2003,3,1,0,cfbd
Idaho State,2004,3,8,0,cfbd
Idaho State,2005,5,6,0,cfbd
Idaho State,2006,2,9,0,cfbd
Idaho State,2007,3,8,0,cfbd
Idaho State,2008,1,11,0,cfbd
Idaho State,2009,1,10,0,cfbd
Idaho State,2010,1,10,0,cfbd
Idaho State,2011,2,9,0,cfbd
Idaho State,2012,0,2,0,cfbd
Idaho State,2013,3,9,0,cfbd
Idaho State,2014,8,4,0,cfbd
Idaho State,2015,2,9,0,cfbd
Idaho State,2016,1,9,0,cfbd
Idaho State,2017,4,7,0,cfbd
Idaho State,2018,6,5,0,cfbd
Idaho State,2019,3,9,0,cfbd
Idaho State,2020,2,4,0,cfbd
Idaho State,2021,1,10,0,cfbd
Idaho State,2022,1,10,0,cfbd
Idaho State,2023,3,8,0,cfbd
Idaho State,2024,5,7,0,cfbd
Idaho State,2025,6,6,0,cfbd
Idaho State,2026,0,0,0,cfbd
Illinois,1935,227,103,24,manual
Illinois,1936,4,3,1,cfbd
Illinois,1937,3,3,2,cfbd
Illinois,1938,3,5,0,cfbd
Illinois,1939,3,4,1,cfbd
Illinois,1940,1,7,0,cfbd
Illinois,1941,2,6,0,cfbd
Illinois,1942,6,4,0,cfbd
Illinois,1943,3,7,0,cfbd
Illinois,1944,5,4,1,cfbd
Illinois,1945,2,6,1,cfbd
Illinois,1946,8,2,0,cfbd
Illinois,1947,5,3,1,cfbd
Illinois,1948,3,6,0,cfbd
Illinois,1949,3,4,2,cfbd
Illinois,1950,7,2,0,cfbd
Illinois,1951,9,0,1,cfbd
Illinois,1952,4,5,0,cfbd
Illinois,1953,7,1,1,cfbd
Illinois,1954,1,8,0,cfbd
Illinois,1955,5,3,1,cfbd
Illinois,1956,2,5,2,cfbd
Illinois,1957,4,5,0,cfbd
Illinois,1958,4,5,0,cfbd
Illinois,1959,5,3,1,cfbd
Illinois,1960,5,4,0,cfbd
Illinois,1961,0,9,0,cfbd
Illinois,1962,2,7,0,cfbd
Illinois,1963,8,1,1,cfbd
Illinois,1964,6,3,0,cfbd
Illinois,1965,6,4,0,cfbd
Illinois,1966,4,6,0,cfbd
Illinois,1967,4,6,0,cfbd
Illinois,1968,1,9,0,cfbd
Illinois,1969,0,10,0,cfbd
Illinois,1970,3,7,0,cfbd
Illinois,1971,5,6,0,cfbd
Illinois,1972,3,8,0,cfbd
Illinois,1973,5,6,0,cfbd
Illinois,1974,6,4,1,cfbd
Illinois,1975,5,6,0,cfbd
Illinois,1976,5,6,0,cfbd
Illinois,1977,3,8,0,cfbd
Illinois,1978,1,8,2,cfbd
Illinois,1979,2,8,1,cfbd
Illinois,1980,3,7,1,cfbd
Illinois,1981,7,4,0,cfbd
Illinois,1982,7,5,0,cfbd
Illinois,1983,10,2,0,cfbd
Illinois,1984,7,4,0,cfbd
Illinois,1985,6,5,1,cfbd
Illinois,1986,4,7,0,cfbd
Illinois,1987,3,7,1,cfbd
Illinois,1988,6,5,1,cfbd
Illinois,1989,10,2,0,cfbd
Illinois,1990,8,4,0,cfbd
Illinois,1991,6,6,0,cfbd
Illinois,1992,6,5,1,cfbd
Illinois,1993,5,6,0,cfbd
Illinois,1994,7,5,0,cfbd
Illinois,1995,5,5,1,cfbd
Illinois,1996,2,9,0,cfbd
Illinois,1997,0,11,0,cfbd
Illinois,1998,3,8,0,cfbd
Illinois,1999,8,4,0,cfbd
Illinois,2000,5,6,0,cfbd
Illinois,2001,10,2,0,cfbd
Illinois,2002,5,7,0,cfbd
Illinois,2003,1,11,0,cfbd
Illinois,2004,3,8,0,cfbd
Illinois,2005,2,9,0,cfbd
Illinois,2006,2,10,0,cfbd
Illinois,2007,9,4,0,cfbd
Illinois,2008,5,7,0,cfbd
Illinois,2009,3,9,0,cfbd
Illinois,2010,7,6,0,cfbd
Illinois,2011,7,6,0,cfbd
Illinois,2012,2,10,0,cfbd
Illinois,2013,4,8,0,cfbd
Illinois,2014,6,7,0,cfbd
Illinois,2015,5,7,0,cfbd
Illinois,2016,3,9,0,cfbd
Illinois,2017,2,10,0,cfbd
Illinois,2018,4,8,0,cfbd
Illinois,2019,6,7,0,cfbd
Illinois,2020,2,6,0,cfbd
Illinois,2021,5,7,0,cfbd
Illinois,2022,8,5,0,cfbd
Illinois,2023,5,7,0,cfbd
Illinois,2024,10,3,0,cfbd
Illinois,2025,9,4,0,cfbd
Illinois,2026,0,0,0,cfbd
Illinois College,2014,0,0,0,cfbd
Illinois College,2015,0,0,0,cfbd
Illinois College,2016,0,0,0,cfbd
Illinois College,2017,0,0,0,cfbd
Illinois College,2018,0,0,0,cfbd
Illinois College,2019,0,0,0,cfbd
Illinois College,2020,0,1,0,cfbd
Illinois College,2021,0,0,0,cfbd
Illinois College,2022,5,4,0,cfbd
Illinois College,2023,9,2,0,cfbd
Illinois College,2024,8,2,0,cfbd
Illinois College,2025,8,3,0,cfbd
Illinois College,2026,0,0,0,cfbd
Illinois State,1936,0,0,0,cfbd
Illinois State,1937,0,0,0,cfbd
Illinois State,1938,0,0,0,cfbd
Illinois State,1939,0,0,0,cfbd
Illinois State,1940,0,0,0,cfbd
Illinois State,1941,0,0,0,cfbd
Illinois State,1942,0,0,0,cfbd
Illinois State,1943,0,0,0,cfbd
Illinois State,1944,0,1,0,cfbd
Illinois State,1945,0,0,0,cfbd
Illinois State,1946,0,0,0,cfbd
Illinois State,1947,0,0,0,cfbd
Illinois State,1948,0,0,0,cfbd
Illinois State,1949,0,0,0,cfbd
Illinois State,1950,0,0,0,cfbd
Illinois State,1951,0,0,0,cfbd
Illinois State,1952,0,0,0,cfbd
Illinois State,1953,0,0,0,cfbd
Illinois State,1954,0,0,0,cfbd
Illinois State,1955,0,0,0,cfbd
Illinois State,1956,0,0,0,cfbd
Illinois State,1957,0,0,0,cfbd
Illinois State,1958,0,0,0,cfbd
Illinois State,1959,0,0,0,cfbd
Illinois State,1960,0,0,0,cfbd
Illinois State,1961,0,0,0,cfbd
Illinois State,1962,0,0,0,cfbd
Illinois State,1963,0,0,0,cfbd
Illinois State,1964,0,0,0,cfbd
Illinois State,1965,0,0,0,cfbd
Illinois State,1966,0,0,0,cfbd
Illinois State,1967,0,0,0,cfbd
Illinois State,1968,0,0,0,cfbd
Illinois State,1969,0,0,0,cfbd
Illinois State,1970,0,0,0,cfbd
Illinois State,1971,0,2,0,cfbd
Illinois State,1972,1,1,0,cfbd
Illinois State,1973,2,1,0,cfbd
Illinois State,1974,2,1,0,cfbd
Illinois State,1975,2,7,1,cfbd
Illinois State,1976,5,6,0,cfbd
Illinois State,1977,3,7,1,cfbd
Illinois State,1978,2,9,0,cfbd
Illinois State,1979,3,8,0,cfbd
Illinois State,1980,4,7,0,cfbd
Illinois State,1981,3,7,0,cfbd
Illinois State,1982,2,9,0,cfbd
Illinois State,1983,6,4,1,cfbd
Illinois State,1984,5,6,0,cfbd
Illinois State,1985,6,3,2,cfbd
Illinois State,1986,1,1,0,cfbd
Illinois State,1987,1,0,0,cfbd
Illinois State,1988,0,2,0,cfbd
Illinois State,1989,0,1,0,cfbd
Illinois State,1990,0,2,0,cfbd
Illinois State,1991,1,1,0,cfbd
Illinois State,1992,0,1,0,cfbd
Illinois State,1993,0,1,0,cfbd
Illinois State,1994,0,0,0,cfbd
Illinois State,1995,0,1,0,cfbd
Illinois State,1996,0,2,0,cfbd
Illinois State,1997,0,1,0,cfbd
Illinois State,1998,0,1,0,cfbd
Illinois State,1999,0,1,0,cfbd
Illinois State,2000,0,1,0,cfbd
Illinois State,2001,0,1,0,cfbd
Illinois State,2002,0,1,0,cfbd
Illinois State,2003,6,6,0,cfbd
Illinois State,2004,4,8,0,cfbd
Illinois State,2005,7,4,0,cfbd
Illinois State,2006,9,4,0,cfbd
Illinois State,2007,4,7,0,cfbd
Illinois State,2008,3,8,0,cfbd
Illinois State,2009,6,5,0,cfbd
Illinois State,2010,6,5,0,cfbd
Illinois State,2011,7,4,0,cfbd
Illinois State,2012,9,3,0,cfbd
Illinois State,2013,5,6,0,cfbd
Illinois State,2014,13,2,0,cfbd
Illinois State,2015,10,3,0,cfbd
Illinois State,2016,6,6,0,cfbd
Illinois State,2017,6,5,0,cfbd
Illinois State,2018,6,5,0,cfbd
Illinois State,2019,10,5,0,cfbd
Illinois State,2020,1,3,0,cfbd
Illinois State,2021,4,7,0,cfbd
Illinois State,2022,6,5,0,cfbd
Illinois State,2023,6,5,0,cfbd
Illinois State,2024,10,4,0,cfbd
Illinois State,2025,12,5,0,cfbd
Illinois State,2026,0,0,0,cfbd
Illinois Wesleyan,2014,0,0,0,cfbd
Illinois Wesleyan,2015,0,0,0,cfbd
Illinois Wesleyan,2016,0,0,0,cfbd
Illinois Wesleyan,2017,0,0,0,cfbd
Illinois Wesleyan,2018,0,0,0,cfbd
Illinois Wesleyan,2019,0,0,0,cfbd
Illinois Wesleyan,2020,2,1,0,cfbd
Illinois Wesleyan,2021,0,0,0,cfbd
Illinois Wesleyan,2022,5,4,1,cfbd
Illinois Wesleyan,2023,3,7,0,cfbd
Illinois Wesleyan,2024,5,5,0,cfbd
Illinois Wesleyan,2025,4,6,0,cfbd
Illinois Wesleyan,2026,0,0,0,cfbd
Incarnate Word,2009,0,0,0,cfbd
Incarnate Word,2010,0,0,0,cfbd
Incarnate Word,2011,0,1,0,cfbd
Incarnate Word,2012,0,1,0,cfbd
Incarnate Word,2013,6,5,0,cfbd
Incarnate Word,2014,2,8,0,cfbd
Incarnate Word,2015,5,5,0,cfbd
Incarnate Word,2016,3,8,0,cfbd
Incarnate Word,2017,1,10,0,cfbd
Incarnate Word,2018,6,5,0,cfbd
Incarnate Word,2019,5,7,0,cfbd
Incarnate Word,2020,3,3,0,cfbd
Incarnate Word,2021,10,3,0,cfbd
Incarnate Word,2022,12,2,0,cfbd
Incarnate Word,2023,9,2,0,cfbd
Incarnate Word,2024,11,3,0,cfbd
Incarnate Word,2025,5,7,0,cfbd
Incarnate Word,2026,0,0,0,cfbd
Indiana,1935,136,48,28,manual
Indiana,1936,5,2,1,cfbd
Indiana,1937,5,3,0,cfbd
Indiana,1938,1,6,1,cfbd
Indiana,1939,2,4,2,cfbd
Indiana,1940,3,5,0,cfbd
Indiana,1941,2,6,0,cfbd
Indiana,1942,7,3,0,cfbd
Indiana,1943,4,4,2,cfbd
Indiana,1944,7,3,0,cfbd
Indiana,1945,9,0,1,cfbd
Indiana,1946,6,3,0,cfbd
Indiana,1947,5,3,1,cfbd
Indiana,1948,2,7,0,cfbd
Indiana,1949,1,8,0,cfbd
Indiana,1950,3,5,1,cfbd
Indiana,1951,2,7,0,cfbd
Indiana,1952,2,7,0,cfbd
Indiana,1953,2,7,0,cfbd
Indiana,1954,3,6,0,cfbd
Indiana,1955,3,6,0,cfbd
Indiana,1956,3,6,0,cfbd
Indiana,1957,1,8,0,cfbd
Indiana,1958,5,3,1,cfbd
Indiana,1959,4,4,1,cfbd
Indiana,1960,1,8,0,cfbd
Indiana,1961,2,7,0,cfbd
Indiana,1962,3,6,0,cfbd
Indiana,1963,3,6,0,cfbd
Indiana,1964,2,7,0,cfbd
Indiana,1965,2,8,0,cfbd
Indiana,1966,1,8,1,cfbd
Indiana,1967,9,2,0,cfbd
Indiana,1968,6,4,0,cfbd
Indiana,1969,4,6,0,cfbd
Indiana,1970,1,9,0,cfbd
Indiana,1971,3,8,0,cfbd
Indiana,1972,5,6,0,cfbd
Indiana,1973,2,9,0,cfbd
Indiana,1974,1,10,0,cfbd
Indiana,1975,2,8,1,cfbd
Indiana,1976,5,6,0,cfbd
Indiana,1977,5,5,1,cfbd
Indiana,1978,4,7,0,cfbd
Indiana,1979,8,4,0,cfbd
Indiana,1980,6,5,0,cfbd
Indiana,1981,3,8,0,cfbd
Indiana,1982,5,6,0,cfbd
Indiana,1983,3,8,0,cfbd
Indiana,1984,0,11,0,cfbd
Indiana,1985,4,7,0,cfbd
Indiana,1986,6,6,0,cfbd
Indiana,1987,8,4,0,cfbd
Indiana,1988,8,3,1,cfbd
Indiana,1989,5,6,0,cfbd
Indiana,1990,6,5,1,cfbd
Indiana,1991,7,4,1,cfbd
Indiana,1992,5,6,0,cfbd
Indiana,1993,8,4,0,cfbd
Indiana,1994,6,5,0,cfbd
Indiana,1995,2,9,0,cfbd
Indiana,1996,3,8,0,cfbd
Indiana,1997,2,9,0,cfbd
Indiana,1998,4,7,0,cfbd
Indiana,1999,4,7,0,cfbd
Indiana,2000,3,8,0,cfbd
Indiana,2001,5,6,0,cfbd
Indiana,2002,3,9,0,cfbd
Indiana,2003,2,10,0,cfbd
Indiana,2004,3,8,0,cfbd
Indiana,2005,4,7,0,cfbd
Indiana,2006,5,7,0,cfbd
Indiana,2007,7,6,0,cfbd
Indiana,2008,3,9,0,cfbd
Indiana,2009,4,8,0,cfbd
Indiana,2010,5,7,0,cfbd
Indiana,2011,1,11,0,cfbd
Indiana,2012,4,8,0,cfbd
Indiana,2013,5,7,0,cfbd
Indiana,2014,4,8,0,cfbd
Indiana,2015,6,7,0,cfbd
Indiana,2016,6,7,0,cfbd
Indiana,2017,5,7,0,cfbd
Indiana,2018,5,7,0,cfbd
Indiana,2019,8,5,0,cfbd
Indiana,2020,6,2,0,cfbd
Indiana,2021,2,10,0,cfbd
Indiana,2022,4,8,0,cfbd
Indiana,2023,3,9,0,cfbd
Indiana,2024,11,2,0,cfbd
Indiana,2025,16,0,0,cfbd
Indiana,2026,0,0,0,cfbd
Indiana State,1936,0,0,0,cfbd
Indiana State,1937,0,0,0,cfbd
Indiana State,1938,0,0,0,cfbd
Indiana State,1939,0,0,0,cfbd
Indiana State,1940,0,0,0,cfbd
Indiana State,1941,0,0,0,cfbd
Indiana State,1942,0,0,0,cfbd
Indiana State,1943,0,0,0,cfbd
Indiana State,1944,0,0,0,cfbd
Indiana State,1945,0,0,0,cfbd
Indiana State,1946,0,0,0,cfbd
Indiana State,1947,0,0,0,cfbd
Indiana State,1948,0,0,0,cfbd
Indiana State,1949,0,0,0,cfbd
Indiana State,1950,0,0,0,cfbd
Indiana State,1951,0,0,0,cfbd
Indiana State,1952,0,0,0,cfbd
Indiana State,1953,0,0,0,cfbd
Indiana State,1954,0,0,0,cfbd
Indiana State,1955,0,0,0,cfbd
Indiana State,1956,0,0,0,cfbd
Indiana State,1957,0,0,0,cfbd
Indiana State,1958,0,0,0,cfbd
Indiana State,1959,0,0,0,cfbd
Indiana State,1960,0,0,0,cfbd
Indiana State,1961,0,0,0,cfbd
Indiana State,1962,0,0,0,cfbd
Indiana State,1963,0,0,0,cfbd
Indiana State,1964,0,0,0,cfbd
Indiana State,1965,0,0,0,cfbd
Indiana State,1966,0,0,0,cfbd
Indiana State,1967,1,0,0,cfbd
Indiana State,1968,1,0,0,cfbd
Indiana State,1969,0,0,0,cfbd
Indiana State,1970,0,0,0,cfbd
Indiana State,1971,0,1,0,cfbd
Indiana State,1972,1,1,0,cfbd
Indiana State,1973,1,1,0,cfbd
Indiana State,1974,2,0,0,cfbd
Indiana State,1975,5,5,0,cfbd
Indiana State,1976,3,7,0,cfbd
Indiana State,1977,3,7,0,cfbd
Indiana State,1978,3,8,0,cfbd
Indiana State,1979,8,3,0,cfbd
Indiana State,1980,6,5,0,cfbd
Indiana State,1981,5,5,1,cfbd
Indiana State,1982,5,6,0,cfbd
Indiana State,1983,9,4,0,cfbd
Indiana State,1984,9,3,0,cfbd
Indiana State,1985,4,6,0,cfbd
Indiana State,1986,0,4,0,cfbd
Indiana State,1987,2,1,0,cfbd
Indiana State,1988,0,3,0,cfbd
Indiana State,1989,0,2,0,cfbd
Indiana State,1990,0,2,0,cfbd
Indiana State,1991,0,2,0,cfbd
Indiana State,1992,0,1,0,cfbd
Indiana State,1993,0,2,0,cfbd
Indiana State,1994,0,1,0,cfbd
Indiana State,1995,0,1,0,cfbd
Indiana State,1996,0,1,0,cfbd
Indiana State,1997,0,1,0,cfbd
Indiana State,1998,0,1,0,cfbd
Indiana State,1999,0,2,0,cfbd
Indiana State,2000,0,1,0,cfbd
Indiana State,2001,1,1,0,cfbd
Indiana State,2002,0,2,0,cfbd
Indiana State,2003,3,9,0,cfbd
Indiana State,2004,4,7,0,cfbd
Indiana State,2005,0,11,0,cfbd
Indiana State,2006,1,10,0,cfbd
Indiana State,2007,0,11,0,cfbd
Indiana State,2008,0,12,0,cfbd
Indiana State,2009,1,10,0,cfbd
Indiana State,2010,6,5,0,cfbd
Indiana State,2011,6,5,0,cfbd
Indiana State,2012,7,4,0,cfbd
Indiana State,2013,1,11,0,cfbd
Indiana State,2014,8,6,0,cfbd
Indiana State,2015,5,6,0,cfbd
Indiana State,2016,4,7,0,cfbd
Indiana State,2017,0,11,0,cfbd
Indiana State,2018,7,4,0,cfbd
Indiana State,2019,5,7,0,cfbd
Indiana State,2021,5,6,0,cfbd
Indiana State,2022,2,9,0,cfbd
Indiana State,2023,1,10,0,cfbd
Indiana State,2024,4,8,0,cfbd
Indiana State,2025,3,9,0,cfbd
Indiana State,2026,0,0,0,cfbd
Indianapolis,2014,0,0,0,cfbd
Indianapolis,2015,0,0,0,cfbd
Indianapolis,2016,0,0,0,cfbd
Indianapolis,2017,0,0,0,cfbd
Indianapolis,2018,0,0,0,cfbd
Indianapolis,2019,0,0,0,cfbd
Indianapolis,2020,2,0,0,cfbd
Indianapolis,2021,7,4,0,cfbd
Indianapolis,2022,9,2,0,cfbd
Indianapolis,2023,9,2,0,cfbd
Indianapolis,2024,10,2,0,cfbd
Indianapolis,2025,11,2,0,cfbd
Indianapolis,2026,0,0,0,cfbd
Iona,2003,6,5,0,cfbd
Iona,2004,2,8,0,cfbd
Iona,2005,2,7,0,cfbd
Iona,2006,2,7,0,cfbd
Iona,2007,7,4,0,cfbd
Iona,2008,3,8,0,cfbd
Iowa,1935,199,0,16,manual
Iowa,1936,3,4,1,cfbd
Iowa,1937,1,7,0,cfbd
Iowa,1938,1,6,1,cfbd
Iowa,1939,6,1,1,cfbd
Iowa,1940,4,4,0,cfbd
Iowa,1941,3,5,0,cfbd
Iowa,1942,6,4,0,cfbd
Iowa,1943,1,6,1,cfbd
Iowa,1944,1,7,0,cfbd
Iowa,1945,2,7,0,cfbd
Iowa,1946,5,4,0,cfbd
Iowa,1947,3,5,1,cfbd
Iowa,1948,4,5,0,cfbd
Iowa,1949,4,5,0,cfbd
Iowa,1950,3,5,1,cfbd
Iowa,1951,2,5,2,cfbd
Iowa,1952,2,7,0,cfbd
Iowa,1953,5,3,1,cfbd
Iowa,1954,5,4,0,cfbd
Iowa,1955,3,5,1,cfbd
Iowa,1956,9,1,0,cfbd
Iowa,1957,7,1,1,cfbd
Iowa,1958,8,1,1,cfbd
Iowa,1959,5,4,0,cfbd
Iowa,1960,8,1,0,cfbd
Iowa,1961,5,4,0,cfbd
Iowa,1962,4,5,0,cfbd
Iowa,1963,3,3,2,cfbd
Iowa,1964,3,6,0,cfbd
Iowa,1965,1,9,0,cfbd
Iowa,1966,2,8,0,cfbd
Iowa,1967,1,8,1,cfbd
Iowa,1968,5,5,0,cfbd
Iowa,1969,5,5,0,cfbd
Iowa,1970,3,6,1,cfbd
Iowa,1971,1,10,0,cfbd
Iowa,1972,3,7,1,cfbd
Iowa,1973,0,11,0,cfbd
Iowa,1974,3,8,0,cfbd
Iowa,1975,3,8,0,cfbd
Iowa,1976,5,6,0,cfbd
Iowa,1977,4,7,0,cfbd
Iowa,1978,2,9,0,cfbd
Iowa,1979,5,6,0,cfbd
Iowa,1980,4,7,0,cfbd
Iowa,1981,8,4,0,cfbd
Iowa,1982,8,4,0,cfbd
Iowa,1983,9,3,0,cfbd
Iowa,1984,8,4,1,cfbd
Iowa,1985,10,2,0,cfbd
Iowa,1986,9,3,0,cfbd
Iowa,1987,10,3,0,cfbd
Iowa,1988,6,4,3,cfbd
Iowa,1989,5,6,0,cfbd
Iowa,1990,8,4,0,cfbd
Iowa,1991,10,1,1,cfbd
Iowa,1992,5,7,0,cfbd
Iowa,1993,6,6,0,cfbd
Iowa,1994,5,5,1,cfbd
Iowa,1995,8,4,0,cfbd
Iowa,1996,9,3,0,cfbd
Iowa,1997,7,5,0,cfbd
Iowa,1998,3,8,0,cfbd
Iowa,1999,1,10,0,cfbd
Iowa,2000,3,9,0,cfbd
Iowa,2001,7,5,0,cfbd
Iowa,2002,11,2,0,cfbd
Iowa,2003,10,3,0,cfbd
Iowa,2004,10,2,0,cfbd
Iowa,2005,7,5,0,cfbd
Iowa,2006,6,7,0,cfbd
Iowa,2007,6,6,0,cfbd
Iowa,2008,9,4,0,cfbd
Iowa,2009,11,2,0,cfbd
Iowa,2010,8,5,0,cfbd
Iowa,2011,7,6,0,cfbd
Iowa,2012,4,8,0,cfbd
Iowa,2013,8,5,0,cfbd
Iowa,2014,7,6,0,cfbd
Iowa,2015,12,2,0,cfbd
Iowa,2016,8,5,0,cfbd
Iowa,2017,8,5,0,cfbd
Iowa,2018,9,4,0,cfbd
Iowa,2019,10,3,0,cfbd
Iowa,2020,6,2,0,cfbd
Iowa,2021,10,4,0,cfbd
Iowa,2022,8,5,0,cfbd
Iowa,2023,10,4,0,cfbd
Iowa,2024,8,5,0,cfbd
Iowa,2025,9,4,0,cfbd
Iowa,2026,0,0,0,cfbd
Iowa Pre-Flight,1942,7,3,0,cfbd
Iowa Pre-Flight,1943,9,1,0,cfbd
Iowa Pre-Flight,1944,10,1,0,cfbd
Iowa State,1935,174,117,22,manual
Iowa State,1936,3,3,2,cfbd
Iowa State,1937,3,6,0,cfbd
Iowa State,1938,7,1,1,cfbd
Iowa State,1939,2,7,0,cfbd
Iowa State,1940,4,5,0,cfbd
Iowa State,1941,2,6,1,cfbd
Iowa State,1942,3,6,0,cfbd
Iowa State,1943,4,4,0,cfbd
Iowa State,1944,6,1,1,cfbd
Iowa State,1945,4,3,1,cfbd
Iowa State,1946,2,6,1,cfbd
Iowa State,1947,3,6,0,cfbd
Iowa State,1948,4,6,0,cfbd
Iowa State,1949,5,3,1,cfbd
Iowa State,1950,3,6,1,cfbd
Iowa State,1951,4,4,1,cfbd
Iowa State,1952,3,6,0,cfbd
Iowa State,1953,2,7,0,cfbd
Iowa State,1954,3,6,0,cfbd
Iowa State,1955,1,7,1,cfbd
Iowa State,1956,2,8,0,cfbd
Iowa State,1957,4,5,1,cfbd
Iowa State,1958,4,6,0,cfbd
Iowa State,1959,7,3,0,cfbd
Iowa State,1960,7,3,0,cfbd
Iowa State,1961,5,5,0,cfbd
Iowa State,1962,5,5,0,cfbd
Iowa State,1963,4,5,0,cfbd
Iowa State,1964,1,8,1,cfbd
Iowa State,1965,5,4,1,cfbd
Iowa State,1966,2,6,2,cfbd
Iowa State,1967,2,8,0,cfbd
Iowa State,1968,3,7,0,cfbd
Iowa State,1969,3,7,0,cfbd
Iowa State,1970,5,6,0,cfbd
Iowa State,1971,8,4,0,cfbd
Iowa State,1972,5,6,1,cfbd
Iowa State,1973,4,7,0,cfbd
Iowa State,1974,4,7,0,cfbd
Iowa State,1975,4,7,0,cfbd
Iowa State,1976,8,3,0,cfbd
Iowa State,1977,8,4,0,cfbd
Iowa State,1978,8,4,0,cfbd
Iowa State,1979,3,8,0,cfbd
Iowa State,1980,6,5,0,cfbd
Iowa State,1981,5,5,1,cfbd
Iowa State,1982,4,6,1,cfbd
Iowa State,1983,4,7,0,cfbd
Iowa State,1984,2,7,2,cfbd
Iowa State,1985,5,6,0,cfbd
Iowa State,1986,6,5,0,cfbd
Iowa State,1987,3,8,0,cfbd
Iowa State,1988,5,6,0,cfbd
Iowa State,1989,6,5,0,cfbd
Iowa State,1990,4,6,1,cfbd
Iowa State,1991,3,7,1,cfbd
Iowa State,1992,4,7,0,cfbd
Iowa State,1993,3,8,0,cfbd
Iowa State,1994,0,10,1,cfbd
Iowa State,1995,3,8,0,cfbd
Iowa State,1996,2,9,0,cfbd
Iowa State,1997,1,10,0,cfbd
Iowa State,1998,3,8,0,cfbd
Iowa State,1999,4,7,0,cfbd
Iowa State,2000,9,3,0,cfbd
Iowa State,2001,7,5,0,cfbd
Iowa State,2002,7,7,0,cfbd
Iowa State,2003,2,10,0,cfbd
Iowa State,2004,7,5,0,cfbd
Iowa State,2005,7,5,0,cfbd
Iowa State,2006,4,8,0,cfbd
Iowa State,2007,3,9,0,cfbd
Iowa State,2008,2,10,0,cfbd
Iowa State,2009,7,6,0,cfbd
Iowa State,2010,5,7,0,cfbd
Iowa State,2011,6,7,0,cfbd
Iowa State,2012,6,7,0,cfbd
Iowa State,2013,3,9,0,cfbd
Iowa State,2014,2,10,0,cfbd
Iowa State,2015,3,9,0,cfbd
Iowa State,2016,3,9,0,cfbd
Iowa State,2017,8,5,0,cfbd
Iowa State,2018,8,5,0,cfbd
Iowa State,2019,7,6,0,cfbd
Iowa State,2020,9,3,0,cfbd
Iowa State,2021,7,6,0,cfbd
Iowa State,2022,4,8,0,cfbd
Iowa State,2023,7,6,0,cfbd
Iowa State,2024,11,3,0,cfbd
Iowa State,2025,8,4,0,cfbd
Iowa State,2026,0,0,0,cfbd
Iowa Wesleyan,2014,0,0,0,cfbd
Iowa Wesleyan,2015,0,0,0,cfbd
Iowa Wesleyan,2016,0,0,0,cfbd
Iowa Wesleyan,2017,0,0,0,cfbd
Iowa Wesleyan,2018,0,0,0,cfbd
Iowa Wesleyan,2019,0,0,0,cfbd
Ithaca,2014,0,0,0,cfbd
Ithaca,2015,0,0,0,cfbd
Ithaca,2016,0,0,0,cfbd
Ithaca,2017,0,0,0,cfbd
Ithaca,2018,0,0,0,cfbd
Ithaca,2019,0,0,0,cfbd
Ithaca,2020,0,0,0,cfbd
Ithaca,2021,0,0,0,cfbd
Ithaca,2022,12,1,0,cfbd
Ithaca,2023,9,3,0,cfbd
Ithaca,2024,6,4,0,cfbd
Ithaca,2025,8,2,0,cfbd
Ithaca,2026,0,0,0,cfbd
IU Pennsylvania,2014,0,0,0,cfbd
IU Pennsylvania,2015,0,0,0,cfbd
IU Pennsylvania,2016,0,0,0,cfbd
IU Pennsylvania,2017,0,0,0,cfbd
IU Pennsylvania,2018,0,0,0,cfbd
IU Pennsylvania,2019,0,0,0,cfbd
IU Pennsylvania,2020,0,0,0,cfbd
IU Pennsylvania,2021,7,3,0,cfbd
IU Pennsylvania,2022,10,2,0,cfbd
IU Pennsylvania,2023,6,5,0,cfbd
IU Pennsylvania,2024,7,3,0,cfbd
IU Pennsylvania,2025,7,4,0,cfbd
IU Pennsylvania,2026,0,0,0,cfbd
Jackson State,1946,0,0,0,cfbd
Jackson State,1947,0,0,0,cfbd
Jackson State,1948,0,0,0,cfbd
Jackson State,1949,0,0,0,cfbd
Jackson State,1950,0,0,0,cfbd
Jackson State,1951,0,0,0,cfbd
Jackson State,1952,0,0,0,cfbd
Jackson State,1953,0,0,0,cfbd
Jackson State,1954,0,0,0,cfbd
Jackson State,1955,0,0,0,cfbd
Jackson State,1956,0,0,0,cfbd
Jackson State,1957,0,0,0,cfbd
Jackson State,1958,0,0,0,cfbd
Jackson State,1959,0,0,0,cfbd
Jackson State,1960,0,0,0,cfbd
Jackson State,1961,0,0,0,cfbd
Jackson State,1962,0,0,0,cfbd
Jackson State,1963,0,0,0,cfbd
Jackson State,1964,0,0,0,cfbd
Jackson State,1965,0,0,0,cfbd
Jackson State,1966,0,0,0,cfbd
Jackson State,1967,0,0,0,cfbd
Jackson State,1968,0,0,0,cfbd
Jackson State,1969,0,0,0,cfbd
Jackson State,1970,0,0,0,cfbd
Jackson State,1971,0,0,0,cfbd
Jackson State,1972,0,0,0,cfbd
Jackson State,1973,0,0,0,cfbd
Jackson State,1974,0,0,0,cfbd
Jackson State,1975,0,0,0,cfbd
Jackson State,1976,0,0,0,cfbd
Jackson State,1977,8,3,0,cfbd
Jackson State,1978,0,0,0,cfbd
Jackson State,1979,0,0,0,cfbd
Jackson State,1980,0,0,0,cfbd
Jackson State,1981,0,0,0,cfbd
Jackson State,1982,0,0,0,cfbd
Jackson State,1983,0,0,0,cfbd
Jackson State,1984,0,0,0,cfbd
Jackson State,1985,0,0,0,cfbd
Jackson State,1986,0,0,0,cfbd
Jackson State,1987,0,1,0,cfbd
Jackson State,1988,0,0,0,cfbd
Jackson State,1989,0,0,0,cfbd
Jackson State,1990,0,0,0,cfbd
Jackson State,1991,0,0,0,cfbd
Jackson State,1992,0,0,0,cfbd
Jackson State,1993,0,0,0,cfbd
Jackson State,1994,0,0,0,cfbd
Jackson State,1995,0,0,0,cfbd
Jackson State,1996,0,0,0,cfbd
Jackson State,1997,0,0,0,cfbd
Jackson State,1998,0,0,0,cfbd
Jackson State,1999,0,0,0,cfbd
Jackson State,2000,0,0,0,cfbd
Jackson State,2001,0,0,0,cfbd
Jackson State,2002,0,1,0,cfbd
Jackson State,2003,0,4,0,cfbd
Jackson State,2004,0,3,0,cfbd
Jackson State,2005,0,1,0,cfbd
Jackson State,2006,0,1,0,cfbd
Jackson State,2007,7,4,0,cfbd
Jackson State,2008,7,4,0,cfbd
Jackson State,2009,3,7,0,cfbd
Jackson State,2010,7,3,0,cfbd
Jackson State,2011,9,2,0,cfbd
Jackson State,2012,7,4,0,cfbd
Jackson State,2013,7,3,0,cfbd
Jackson State,2014,5,7,0,cfbd
Jackson State,2015,2,8,0,cfbd
Jackson State,2016,3,8,0,cfbd
Jackson State,2017,3,8,0,cfbd
Jackson State,2018,5,5,0,cfbd
Jackson State,2019,4,8,0,cfbd
Jackson State,2020,4,3,0,cfbd
Jackson State,2021,11,2,0,cfbd
Jackson State,2022,12,1,0,cfbd
Jackson State,2023,7,4,0,cfbd
Jackson State,2024,12,2,0,cfbd
Jackson State,2025,9,3,0,cfbd
Jackson State,2026,0,0,0,cfbd
Jacksonville,2003,1,2,0,cfbd
Jacksonville,2004,0,3,0,cfbd
Jacksonville,2005,4,4,0,cfbd
Jacksonville,2006,4,6,0,cfbd
Jacksonville,2007,3,8,0,cfbd
Jacksonville,2008,9,3,0,cfbd
Jacksonville,2009,6,4,0,cfbd
Jacksonville,2010,9,1,0,cfbd
Jacksonville,2011,7,4,0,cfbd
Jacksonville,2012,6,4,0,cfbd
Jacksonville,2013,5,6,0,cfbd
Jacksonville,2014,8,2,0,cfbd
Jacksonville,2015,9,2,0,cfbd
Jacksonville,2016,5,5,0,cfbd
Jacksonville,2017,7,4,0,cfbd
Jacksonville,2018,2,8,0,cfbd
Jacksonville,2019,3,9,0,cfbd
Jacksonville Naval Air Station,1942,9,3,0,cfbd
Jacksonville State,1936,0,0,0,cfbd
Jacksonville State,1937,0,0,0,cfbd
Jacksonville State,1938,0,0,0,cfbd
Jacksonville State,1939,0,0,0,cfbd
Jacksonville State,1940,0,0,0,cfbd
Jacksonville State,1970,0,0,0,cfbd
Jacksonville State,1971,0,0,0,cfbd
Jacksonville State,1972,0,0,0,cfbd
Jacksonville State,1973,0,0,0,cfbd
Jacksonville State,1974,0,1,0,cfbd
Jacksonville State,1975,1,0,0,cfbd
Jacksonville State,1976,0,1,0,cfbd
Jacksonville State,1977,1,1,0,cfbd
Jacksonville State,1978,0,1,0,cfbd
Jacksonville State,1979,0,0,0,cfbd
Jacksonville State,1980,0,1,0,cfbd
Jacksonville State,1981,0,1,0,cfbd
Jacksonville State,1982,0,0,0,cfbd
Jacksonville State,1983,0,0,0,cfbd
Jacksonville State,1984,0,0,0,cfbd
Jacksonville State,1985,0,0,0,cfbd
Jacksonville State,1986,0,0,0,cfbd
Jacksonville State,1987,0,0,0,cfbd
Jacksonville State,1988,0,0,0,cfbd
Jacksonville State,1989,0,0,0,cfbd
Jacksonville State,1990,0,0,0,cfbd
Jacksonville State,1991,0,0,0,cfbd
Jacksonville State,1992,0,0,0,cfbd
Jacksonville State,1993,0,0,0,cfbd
Jacksonville State,1994,1,0,0,cfbd
Jacksonville State,1995,0,1,0,cfbd
Jacksonville State,1996,0,2,0,cfbd
Jacksonville State,1997,0,1,0,cfbd
Jacksonville State,1998,0,0,0,cfbd
Jacksonville State,1999,0,0,0,cfbd
Jacksonville State,2000,1,1,0,cfbd
Jacksonville State,2001,1,1,0,cfbd
Jacksonville State,2002,0,1,0,cfbd
Jacksonville State,2003,8,3,0,cfbd
Jacksonville State,2004,9,2,0,cfbd
Jacksonville State,2005,6,5,0,cfbd
Jacksonville State,2006,6,5,0,cfbd
Jacksonville State,2007,5,5,0,cfbd
Jacksonville State,2008,8,3,0,cfbd
Jacksonville State,2009,6,2,0,cfbd
Jacksonville State,2010,9,3,0,cfbd
Jacksonville State,2011,7,4,0,cfbd
Jacksonville State,2012,6,5,0,cfbd
Jacksonville State,2013,3,0,0,cfbd
Jacksonville State,2014,10,2,0,cfbd
Jacksonville State,2015,13,2,0,cfbd
Jacksonville State,2016,10,2,0,cfbd
Jacksonville State,2017,10,2,0,cfbd
Jacksonville State,2018,9,4,0,cfbd
Jacksonville State,2019,6,6,0,cfbd
Jacksonville State,2020,10,3,0,cfbd
Jacksonville State,2021,5,6,0,cfbd
Jacksonville State,2022,9,2,0,cfbd
Jacksonville State,2023,9,4,0,cfbd
Jacksonville State,2024,9,5,0,cfbd
Jacksonville State,2025,9,5,0,cfbd
Jacksonville State,2026,0,0,0,cfbd
James Madison,1972,0,0,0,cfbd
James Madison,1973,0,0,0,cfbd
James Madison,1974,0,0,0,cfbd
James Madison,1975,0,0,0,cfbd
James Madison,1976,0,0,0,cfbd
James Madison,1977,0,0,0,cfbd
James Madison,1978,0,1,0,cfbd
James Madison,1979,0,3,0,cfbd
James Madison,1980,0,3,0,cfbd
James Madison,1981,1,4,0,cfbd
James Madison,1982,2,0,0,cfbd
James Madison,1983,0,3,0,cfbd
James Madison,1984,0,0,0,cfbd
James Madison,1985,0,0,0,cfbd
James Madison,1986,0,0,0,cfbd
James Madison,1987,0,0,0,cfbd
James Madison,1988,0,2,0,cfbd
James Madison,1989,1,0,0,cfbd
James Madison,1990,1,0,0,cfbd
James Madison,1991,0,1,0,cfbd
James Madison,1992,0,1,0,cfbd
James Madison,1993,0,0,0,cfbd
James Madison,1994,0,0,0,cfbd
James Madison,1995,0,0,0,cfbd
James Madison,1996,0,0,0,cfbd
James Madison,1997,0,1,0,cfbd
James Madison,1998,0,1,0,cfbd
James Madison,1999,0,1,0,cfbd
James Madison,2000,0,1,0,cfbd
James Madison,2001,0,0,0,cfbd
James Madison,2002,0,0,0,cfbd
James Madison,2003,6,6,0,cfbd
James Madison,2004,10,2,0,cfbd
James Madison,2005,7,4,0,cfbd
James Madison,2006,9,3,0,cfbd
James Madison,2007,9,4,0,cfbd
James Madison,2008,11,1,0,cfbd
James Madison,2009,6,5,0,cfbd
James Madison,2010,5,5,0,cfbd
James Madison,2011,8,5,0,cfbd
James Madison,2012,7,4,0,cfbd
James Madison,2013,6,6,0,cfbd
James Madison,2014,9,4,0,cfbd
James Madison,2015,9,3,0,cfbd
James Madison,2016,14,1,0,cfbd
James Madison,2017,14,1,0,cfbd
James Madison,2018,9,4,0,cfbd
James Madison,2019,14,2,0,cfbd
James Madison,2020,7,1,0,cfbd
James Madison,2021,12,2,0,cfbd
James Madison,2022,8,3,0,cfbd
James Madison,2023,11,2,0,cfbd
James Madison,2024,9,4,0,cfbd
James Madison,2025,12,2,0,cfbd
James Madison,2026,0,0,0,cfbd
Jamestown,2025,1,9,0,cfbd
Jamestown,2026,0,0,0,cfbd
John Carroll,2014,0,0,0,cfbd
John Carroll,2015,0,0,0,cfbd
John Carroll,2016,0,0,0,cfbd
John Carroll,2017,0,0,0,cfbd
John Carroll,2018,0,0,0,cfbd
John Carroll,2019,0,0,0,cfbd
John Carroll,2020,2,1,0,cfbd
John Carroll,2021,0,0,0,cfbd
John Carroll,2022,8,2,0,cfbd
John Carroll,2023,8,2,0,cfbd
John Carroll,2024,9,3,0,cfbd
John Carroll,2025,12,2,0,cfbd
John Carroll,2026,0,0,0,cfbd
Johns Hopkins,2014,0,0,0,cfbd
Johns Hopkins,2015,0,0,0,cfbd
Johns Hopkins,2016,0,0,0,cfbd
Johns Hopkins,2017,0,0,0,cfbd
Johns Hopkins,2018,0,0,0,cfbd
Johns Hopkins,2019,0,0,0,cfbd
Johns Hopkins,2020,0,0,0,cfbd
Johns Hopkins,2021,0,0,0,cfbd
Johns Hopkins,2022,9,1,0,cfbd
Johns Hopkins,2023,12,1,0,cfbd
Johns Hopkins,2024,12,2,0,cfbd
Johns Hopkins,2025,12,2,0,cfbd
Johns Hopkins,2026,0,0,0,cfbd
Johnson C. Smith,2014,0,1,0,cfbd
Johnson C. Smith,2015,0,0,0,cfbd
Johnson C. Smith,2016,0,1,0,cfbd
Johnson C. Smith,2017,0,1,0,cfbd
Johnson C. Smith,2018,0,0,0,cfbd
Johnson C. Smith,2019,0,0,0,cfbd
Johnson C. Smith,2020,0,0,0,cfbd
Johnson C. Smith,2021,1,7,0,cfbd
Johnson C. Smith,2022,2,7,1,cfbd
Johnson C. Smith,2023,7,3,0,cfbd
Johnson C. Smith,2024,8,2,0,cfbd
Johnson C. Smith,2025,10,2,0,cfbd
Johnson C. Smith,2026,0,0,0,cfbd
Juniata,2014,0,0,0,cfbd
Juniata,2015,0,0,0,cfbd
Juniata,2016,0,0,0,cfbd
Juniata,2017,0,0,0,cfbd
Juniata,2018,0,0,0,cfbd
Juniata,2019,0,0,0,cfbd
Juniata,2020,0,0,0,cfbd
Juniata,2021,0,0,0,cfbd
Juniata,2022,0,10,0,cfbd
Juniata,2023,1,9,0,cfbd
Juniata,2024,2,8,0,cfbd
Juniata,2025,2,8,0,cfbd
Juniata,2026,0,0,0,cfbd
Kalamazoo,2014,0,0,0,cfbd
Kalamazoo,2015,0,0,0,cfbd
Kalamazoo,2016,0,0,0,cfbd
Kalamazoo,2017,0,0,0,cfbd
Kalamazoo,2018,0,0,0,cfbd
Kalamazoo,2019,0,0,0,cfbd
Kalamazoo,2020,0,2,0,cfbd
Kalamazoo,2021,0,0,0,cfbd
Kalamazoo,2022,3,7,0,cfbd
Kalamazoo,2023,5,5,0,cfbd
Kalamazoo,2024,4,6,0,cfbd
Kalamazoo,2025,4,6,0,cfbd
Kalamazoo,2026,0,0,0,cfbd
Kansas,1935,203,120,32,manual
Kansas,1936,1,6,1,cfbd
Kansas,1937,3,4,2,cfbd
Kansas,1938,3,6,0,cfbd
Kansas,1939,2,6,0,cfbd
Kansas,1940,2,7,0,cfbd
Kansas,1941,3,6,0,cfbd
Kansas,1942,2,8,0,cfbd
Kansas,1943,4,5,1,cfbd
Kansas,1944,3,6,1,cfbd
Kansas,1945,4,5,1,cfbd
Kansas,1946,7,2,1,cfbd
Kansas,1947,8,1,2,cfbd
Kansas,1948,7,3,0,cfbd
Kansas,1949,5,5,0,cfbd
Kansas,1950,6,4,0,cfbd
Kansas,1951,8,2,0,cfbd
Kansas,1952,7,3,0,cfbd
Kansas,1953,2,8,0,cfbd
Kansas,1954,0,10,0,cfbd
Kansas,1955,3,6,1,cfbd
Kansas,1956,3,6,1,cfbd
Kansas,1957,5,4,1,cfbd
Kansas,1958,4,5,1,cfbd
Kansas,1959,5,5,0,cfbd
Kansas,1960,7,2,1,cfbd
Kansas,1961,7,3,1,cfbd
Kansas,1962,6,3,1,cfbd
Kansas,1963,5,5,0,cfbd
Kansas,1964,6,4,0,cfbd
Kansas,1965,2,8,0,cfbd
Kansas,1966,2,7,1,cfbd
Kansas,1967,5,5,0,cfbd
Kansas,1968,9,2,0,cfbd
Kansas,1969,1,9,0,cfbd
Kansas,1970,5,6,0,cfbd
Kansas,1971,4,7,0,cfbd
Kansas,1972,4,7,0,cfbd
Kansas,1973,7,4,1,cfbd
Kansas,1974,4,7,0,cfbd
Kansas,1975,7,5,0,cfbd
Kansas,1976,6,5,0,cfbd
Kansas,1977,3,7,1,cfbd
Kansas,1978,1,10,0,cfbd
Kansas,1979,3,8,0,cfbd
Kansas,1980,4,5,2,cfbd
Kansas,1981,8,4,0,cfbd
Kansas,1982,2,7,2,cfbd
Kansas,1983,4,6,1,cfbd
Kansas,1984,5,6,0,cfbd
Kansas,1985,6,6,0,cfbd
Kansas,1986,3,8,0,cfbd
Kansas,1987,1,9,1,cfbd
Kansas,1988,1,10,0,cfbd
Kansas,1989,4,7,0,cfbd
Kansas,1990,3,7,1,cfbd
Kansas,1991,6,5,0,cfbd
Kansas,1992,8,4,0,cfbd
Kansas,1993,5,7,0,cfbd
Kansas,1994,6,5,0,cfbd
Kansas,1995,10,2,0,cfbd
Kansas,1996,4,7,0,cfbd
Kansas,1997,5,6,0,cfbd
Kansas,1998,4,7,0,cfbd
Kansas,1999,5,7,0,cfbd
Kansas,2000,4,7,0,cfbd
Kansas,2001,3,8,0,cfbd
Kansas,2002,2,10,0,cfbd
Kansas,2003,6,7,0,cfbd
Kansas,2004,4,7,0,cfbd
Kansas,2005,7,5,0,cfbd
Kansas,2006,6,6,0,cfbd
Kansas,2007,12,1,0,cfbd
Kansas,2008,8,5,0,cfbd
Kansas,2009,5,7,0,cfbd
Kansas,2010,3,9,0,cfbd
Kansas,2011,2,10,0,cfbd
Kansas,2012,1,11,0,cfbd
Kansas,2013,3,9,0,cfbd
Kansas,2014,3,9,0,cfbd
Kansas,2015,0,12,0,cfbd
Kansas,2016,2,10,0,cfbd
Kansas,2017,1,11,0,cfbd
Kansas,2018,3,9,0,cfbd
Kansas,2019,3,9,0,cfbd
Kansas,2020,0,9,0,cfbd
Kansas,2021,2,10,0,cfbd
Kansas,2022,6,7,0,cfbd
Kansas,2023,9,4,0,cfbd
Kansas,2024,5,7,0,cfbd
Kansas,2025,5,7,0,cfbd
Kansas,2026,0,0,0,cfbd
Kansas State,1935,156,86,37,manual
Kansas State,1936,4,3,2,cfbd
Kansas State,1937,4,5,0,cfbd
Kansas State,1938,4,4,1,cfbd
Kansas State,1939,4,5,0,cfbd
Kansas State,1940,2,7,0,cfbd
Kansas State,1941,2,5,2,cfbd
Kansas State,1942,3,8,0,cfbd
Kansas State,1943,1,7,0,cfbd
Kansas State,1944,2,5,2,cfbd
Kansas State,1945,1,7,0,cfbd
Kansas State,1946,0,9,0,cfbd
Kansas State,1947,0,10,0,cfbd
Kansas State,1948,1,9,0,cfbd
Kansas State,1949,2,8,0,cfbd
Kansas State,1950,1,9,1,cfbd
Kansas State,1951,1,7,1,cfbd
Kansas State,1952,1,9,0,cfbd
Kansas State,1953,6,3,1,cfbd
Kansas State,1954,7,3,0,cfbd
Kansas State,1955,4,6,0,cfbd
Kansas State,1956,3,7,0,cfbd
Kansas State,1957,3,6,1,cfbd
Kansas State,1958,3,7,0,cfbd
Kansas State,1959,2,8,0,cfbd
Kansas State,1960,1,9,0,cfbd
Kansas State,1961,2,8,0,cfbd
Kansas State,1962,0,10,0,cfbd
Kansas State,1963,2,7,0,cfbd
Kansas State,1964,3,7,0,cfbd
Kansas State,1965,0,10,0,cfbd
Kansas State,1966,0,9,1,cfbd
Kansas State,1967,1,9,0,cfbd
Kansas State,1968,4,6,0,cfbd
Kansas State,1969,5,5,0,cfbd
Kansas State,1970,6,5,0,cfbd
Kansas State,1971,5,6,0,cfbd
Kansas State,1972,3,8,0,cfbd
Kansas State,1973,5,6,0,cfbd
Kansas State,1974,4,7,0,cfbd
Kansas State,1975,3,8,0,cfbd
Kansas State,1976,1,10,0,cfbd
Kansas State,1977,1,10,0,cfbd
Kansas State,1978,4,7,0,cfbd
Kansas State,1979,3,8,0,cfbd
Kansas State,1980,3,8,0,cfbd
Kansas State,1981,2,9,0,cfbd
Kansas State,1982,6,5,1,cfbd
Kansas State,1983,3,8,0,cfbd
Kansas State,1984,3,7,1,cfbd
Kansas State,1985,1,10,0,cfbd
Kansas State,1986,2,9,0,cfbd
Kansas State,1987,0,10,1,cfbd
Kansas State,1988,0,11,0,cfbd
Kansas State,1989,1,10,0,cfbd
Kansas State,1990,5,6,0,cfbd
Kansas State,1991,7,4,0,cfbd
Kansas State,1992,5,6,0,cfbd
Kansas State,1993,9,2,1,cfbd
Kansas State,1994,9,3,0,cfbd
Kansas State,1995,10,2,0,cfbd
Kansas State,1996,9,3,0,cfbd
Kansas State,1997,11,1,0,cfbd
Kansas State,1998,11,2,0,cfbd
Kansas State,1999,11,1,0,cfbd
Kansas State,2000,11,3,0,cfbd
Kansas State,2001,6,6,0,cfbd
Kansas State,2002,11,2,0,cfbd
Kansas State,2003,11,4,0,cfbd
Kansas State,2004,4,7,0,cfbd
Kansas State,2005,5,6,0,cfbd
Kansas State,2006,7,6,0,cfbd
Kansas State,2007,5,7,0,cfbd
Kansas State,2008,5,7,0,cfbd
Kansas State,2009,6,6,0,cfbd
Kansas State,2010,7,6,0,cfbd
Kansas State,2011,10,3,0,cfbd
Kansas State,2012,11,2,0,cfbd
Kansas State,2013,8,5,0,cfbd
Kansas State,2014,9,4,0,cfbd
Kansas State,2015,6,7,0,cfbd
Kansas State,2016,9,4,0,cfbd
Kansas State,2017,8,5,0,cfbd
Kansas State,2018,5,7,0,cfbd
Kansas State,2019,8,5,0,cfbd
Kansas State,2020,4,6,0,cfbd
Kansas State,2021,8,5,0,cfbd
Kansas State,2022,10,4,0,cfbd
Kansas State,2023,9,4,0,cfbd
Kansas State,2024,9,4,0,cfbd
Kansas State,2025,6,6,0,cfbd
Kansas State,2026,0,0,0,cfbd
Kean,2014,0,0,0,cfbd
Kean,2015,0,0,0,cfbd
Kean,2016,0,0,0,cfbd
Kean,2017,0,0,0,cfbd
Kean,2018,0,0,0,cfbd
Kean,2019,0,0,0,cfbd
Kean,2020,0,1,0,cfbd
Kean,2021,0,0,0,cfbd
Kean,2022,3,7,0,cfbd
Kean,2023,0,10,0,cfbd
Kean,2024,2,8,0,cfbd
Kean,2025,3,7,0,cfbd
Kean,2026,0,0,0,cfbd
Kennesaw State,2015,6,5,0,cfbd
Kennesaw State,2016,8,3,0,cfbd
Kennesaw State,2017,12,2,0,cfbd
Kennesaw State,2018,11,2,0,cfbd
Kennesaw State,2019,11,3,0,cfbd
Kennesaw State,2020,4,1,0,cfbd
Kennesaw State,2021,11,2,0,cfbd
Kennesaw State,2022,5,6,0,cfbd
Kennesaw State,2023,3,6,0,cfbd
Kennesaw State,2024,2,10,0,cfbd
Kennesaw State,2025,10,4,0,cfbd
Kennesaw State,2026,0,0,0,cfbd
Kent State,1936,0,0,0,cfbd
Kent State,1937,0,0,0,cfbd
Kent State,1938,0,0,0,cfbd
Kent State,1939,0,0,0,cfbd
Kent State,1940,0,0,0,cfbd
Kent State,1941,0,0,0,cfbd
Kent State,1942,0,0,0,cfbd
Kent State,1946,0,0,0,cfbd
Kent State,1947,0,0,0,cfbd
Kent State,1948,0,0,0,cfbd
Kent State,1949,0,0,0,cfbd
Kent State,1950,0,0,0,cfbd
Kent State,1951,0,0,0,cfbd
Kent State,1952,0,0,0,cfbd
Kent State,1953,0,0,0,cfbd
Kent State,1954,0,0,0,cfbd
Kent State,1955,0,0,0,cfbd
Kent State,1956,0,0,0,cfbd
Kent State,1957,0,0,0,cfbd
Kent State,1958,0,0,0,cfbd
Kent State,1959,0,0,0,cfbd
Kent State,1960,1,0,0,cfbd
Kent State,1961,1,1,0,cfbd
Kent State,1962,3,6,0,cfbd
Kent State,1963,3,5,1,cfbd
Kent State,1964,3,5,1,cfbd
Kent State,1965,5,4,1,cfbd
Kent State,1966,4,6,0,cfbd
Kent State,1967,5,5,0,cfbd
Kent State,1968,1,9,0,cfbd
Kent State,1969,5,5,0,cfbd
Kent State,1970,3,7,0,cfbd
Kent State,1971,3,8,0,cfbd
Kent State,1972,6,5,1,cfbd
Kent State,1973,9,2,0,cfbd
Kent State,1974,7,4,0,cfbd
Kent State,1975,4,7,0,cfbd
Kent State,1976,8,4,0,cfbd
Kent State,1977,6,5,0,cfbd
Kent State,1978,4,7,0,cfbd
Kent State,1979,1,10,0,cfbd
Kent State,1980,3,8,0,cfbd
Kent State,1981,4,7,0,cfbd
Kent State,1982,0,11,0,cfbd
Kent State,1983,1,10,0,cfbd
Kent State,1984,4,7,0,cfbd
Kent State,1985,3,8,0,cfbd
Kent State,1986,5,6,0,cfbd
Kent State,1987,7,4,0,cfbd
Kent State,1988,5,6,0,cfbd
Kent State,1989,0,11,0,cfbd
Kent State,1990,2,9,0,cfbd
Kent State,1991,1,10,0,cfbd
Kent State,1992,2,9,0,cfbd
Kent State,1993,0,11,0,cfbd
Kent State,1994,2,9,0,cfbd
Kent State,1995,1,9,1,cfbd
Kent State,1996,2,9,0,cfbd
Kent State,1997,3,8,0,cfbd
Kent State,1998,0,11,0,cfbd
Kent State,1999,2,9,0,cfbd
Kent State,2000,1,10,0,cfbd
Kent State,2001,6,5,0,cfbd
Kent State,2002,3,9,0,cfbd
Kent State,2003,5,7,0,cfbd
Kent State,2004,5,6,0,cfbd
Kent State,2005,1,10,0,cfbd
Kent State,2006,6,6,0,cfbd
Kent State,2007,3,9,0,cfbd
Kent State,2008,4,8,0,cfbd
Kent State,2009,5,7,0,cfbd
Kent State,2010,5,7,0,cfbd
Kent State,2011,5,7,0,cfbd
Kent State,2012,11,3,0,cfbd
Kent State,2013,4,8,0,cfbd
Kent State,2014,2,9,0,cfbd
Kent State,2015,3,9,0,cfbd
Kent State,2016,3,9,0,cfbd
Kent State,2017,2,10,0,cfbd
Kent State,2018,2,10,0,cfbd
Kent State,2019,7,6,0,cfbd
Kent State,2020,3,1,0,cfbd
Kent State,2021,7,7,0,cfbd
Kent State,2022,5,7,0,cfbd
Kent State,2023,1,11,0,cfbd
Kent State,2024,0,12,0,cfbd
Kent State,2025,5,7,0,cfbd
Kent State,2026,0,0,0,cfbd
Kentucky,1935,197,141,23,manual
Kentucky,1936,6,4,0,cfbd
Kentucky,1937,4,6,0,cfbd
Kentucky,1938,2,7,0,cfbd
Kentucky,1939,6,2,1,cfbd
Kentucky,1940,5,3,2,cfbd
Kentucky,1941,5,4,0,cfbd
Kentucky,1942,3,6,1,cfbd
Kentucky,1944,3,6,0,cfbd
Kentucky,1945,2,8,0,cfbd
Kentucky,1946,7,3,0,cfbd
Kentucky,1947,8,3,0,cfbd
Kentucky,1948,5,3,2,cfbd
Kentucky,1949,9,3,0,cfbd
Kentucky,1950,11,1,0,cfbd
Kentucky,1951,8,4,0,cfbd
Kentucky,1952,5,4,2,cfbd
Kentucky,1953,7,2,1,cfbd
Kentucky,1954,7,3,0,cfbd
Kentucky,1955,6,3,1,cfbd
Kentucky,1956,6,4,0,cfbd
Kentucky,1957,3,7,0,cfbd
Kentucky,1958,5,4,1,cfbd
Kentucky,1959,4,6,0,cfbd
Kentucky,1960,5,4,1,cfbd
Kentucky,1961,5,5,0,cfbd
Kentucky,1962,3,5,2,cfbd
Kentucky,1963,3,6,1,cfbd
Kentucky,1964,5,5,0,cfbd
Kentucky,1965,6,4,0,cfbd
Kentucky,1966,3,6,1,cfbd
Kentucky,1967,2,8,0,cfbd
Kentucky,1968,3,7,0,cfbd
Kentucky,1969,2,8,0,cfbd
Kentucky,1970,2,9,0,cfbd
Kentucky,1971,3,8,0,cfbd
Kentucky,1972,3,8,0,cfbd
Kentucky,1973,5,6,0,cfbd
Kentucky,1974,6,5,0,cfbd
Kentucky,1975,2,8,1,cfbd
Kentucky,1976,8,4,0,cfbd
Kentucky,1977,10,1,0,cfbd
Kentucky,1978,4,6,1,cfbd
Kentucky,1979,5,6,0,cfbd
Kentucky,1980,3,8,0,cfbd
Kentucky,1981,3,8,0,cfbd
Kentucky,1982,0,10,1,cfbd
Kentucky,1983,6,5,1,cfbd
Kentucky,1984,9,3,0,cfbd
Kentucky,1985,5,6,0,cfbd
Kentucky,1986,5,5,1,cfbd
Kentucky,1987,5,6,0,cfbd
Kentucky,1988,5,6,0,cfbd
Kentucky,1989,6,5,0,cfbd
Kentucky,1990,4,7,0,cfbd
Kentucky,1991,3,8,0,cfbd
Kentucky,1992,4,7,0,cfbd
Kentucky,1993,6,6,0,cfbd
Kentucky,1994,1,10,0,cfbd
Kentucky,1995,4,7,0,cfbd
Kentucky,1996,4,7,0,cfbd
Kentucky,1997,5,6,0,cfbd
Kentucky,1998,7,5,0,cfbd
Kentucky,1999,6,6,0,cfbd
Kentucky,2000,2,9,0,cfbd
Kentucky,2001,2,9,0,cfbd
Kentucky,2002,7,5,0,cfbd
Kentucky,2003,4,8,0,cfbd
Kentucky,2004,2,9,0,cfbd
Kentucky,2005,3,8,0,cfbd
Kentucky,2006,8,5,0,cfbd
Kentucky,2007,8,5,0,cfbd
Kentucky,2008,7,6,0,cfbd
Kentucky,2009,7,6,0,cfbd
Kentucky,2010,6,7,0,cfbd
Kentucky,2011,5,7,0,cfbd
Kentucky,2012,2,10,0,cfbd
Kentucky,2013,2,10,0,cfbd
Kentucky,2014,5,7,0,cfbd
Kentucky,2015,5,7,0,cfbd
Kentucky,2016,7,6,0,cfbd
Kentucky,2017,7,6,0,cfbd
Kentucky,2018,10,3,0,cfbd
Kentucky,2019,8,5,0,cfbd
Kentucky,2020,5,6,0,cfbd
Kentucky,2021,10,3,0,cfbd
Kentucky,2022,7,6,0,cfbd
Kentucky,2023,7,6,0,cfbd
Kentucky,2024,4,8,0,cfbd
Kentucky,2025,5,7,0,cfbd
Kentucky,2026,0,0,0,cfbd
Kentucky State,2014,0,0,0,cfbd
Kentucky State,2015,0,1,0,cfbd
Kentucky State,2016,0,1,0,cfbd
Kentucky State,2017,0,1,0,cfbd
Kentucky State,2018,0,0,0,cfbd
Kentucky State,2019,2,0,0,cfbd
Kentucky State,2020,0,0,0,cfbd
Kentucky State,2021,7,4,0,cfbd
Kentucky State,2022,4,6,0,cfbd
Kentucky State,2023,3,7,0,cfbd
Kentucky State,2024,4,6,0,cfbd
Kentucky State,2025,9,3,0,cfbd
Kentucky State,2026,0,0,0,cfbd
Kentucky Wesleyan,2014,0,1,0,cfbd
Kentucky Wesleyan,2015,0,3,0,cfbd
Kentucky Wesleyan,2016,0,2,0,cfbd
Kentucky Wesleyan,2017,0,1,0,cfbd
Kentucky Wesleyan,2018,0,0,0,cfbd
Kentucky Wesleyan,2019,0,0,0,cfbd
Kentucky Wesleyan,2020,1,4,0,cfbd
Kentucky Wesleyan,2021,3,8,0,cfbd
Kentucky Wesleyan,2022,2,9,0,cfbd
Kentucky Wesleyan,2023,4,7,0,cfbd
Kentucky Wesleyan,2024,2,9,0,cfbd
Kentucky Wesleyan,2025,0,11,0,cfbd
Kentucky Wesleyan,2026,0,0,0,cfbd
Kenyon,2014,0,0,0,cfbd
Kenyon,2015,0,0,0,cfbd
Kenyon,2016,0,0,0,cfbd
Kenyon,2017,0,0,0,cfbd
Kenyon,2018,0,0,0,cfbd
Kenyon,2019,0,0,0,cfbd
Kenyon,2020,0,0,0,cfbd
Kenyon,2021,0,0,0,cfbd
Kenyon,2022,2,7,0,cfbd
Kenyon,2023,2,8,0,cfbd
Kenyon,2024,5,5,0,cfbd
Kenyon,2025,1,9,0,cfbd
Kenyon,2026,0,0,0,cfbd
Keystone,2014,0,0,0,cfbd
Keystone,2015,0,0,0,cfbd
Keystone,2016,0,0,0,cfbd
Keystone,2017,0,0,0,cfbd
Keystone,2018,0,0,0,cfbd
Keystone,2019,0,0,0,cfbd
Keystone,2020,0,0,0,cfbd
Keystone,2021,0,0,0,cfbd
Keystone,2022,3,7,0,cfbd
Keystone,2023,2,8,0,cfbd
Keystone,2024,1,9,0,cfbd
Keystone,2025,1,1,0,cfbd
Keystone,2026,0,0,0,cfbd
King's,2014,0,0,0,cfbd
King's,2015,0,0,0,cfbd
King's,2016,0,0,0,cfbd
King's,2017,0,0,0,cfbd
King's,2018,0,0,0,cfbd
King's,2019,0,0,0,cfbd
King's,2020,0,0,0,cfbd
King's,2021,0,0,0,cfbd
King's,2022,8,2,0,cfbd
King's,2023,8,2,0,cfbd
King's,2024,10,2,0,cfbd
King's,2025,5,5,0,cfbd
King's,2026,0,0,0,cfbd
Knox,2014,0,0,0,cfbd
Knox,2015,0,0,0,cfbd
Knox,2016,0,0,0,cfbd
Knox,2017,0,0,0,cfbd
Knox,2018,0,0,0,cfbd
Knox,2019,0,0,0,cfbd
Knox,2020,0,0,0,cfbd
Knox,2021,0,0,0,cfbd
Knox,2022,5,5,0,cfbd
Knox,2023,3,7,0,cfbd
Knox,2024,3,7,0,cfbd
Knox,2025,2,7,1,cfbd
Knox,2026,0,0,0,cfbd
Kutztown,2014,0,0,0,cfbd
Kutztown,2015,0,0,0,cfbd
Kutztown,2016,0,0,0,cfbd
Kutztown,2017,0,0,0,cfbd
Kutztown,2018,0,0,0,cfbd
Kutztown,2019,0,0,0,cfbd
Kutztown,2020,0,0,0,cfbd
Kutztown,2021,11,2,0,cfbd
Kutztown,2022,8,3,0,cfbd
Kutztown,2023,12,3,0,cfbd
Kutztown,2024,11,1,0,cfbd
Kutztown,2025,14,1,0,cfbd
Kutztown,2026,0,0,0,cfbd
La Salle,2003,3,8,0,cfbd
La Salle,2004,3,7,0,cfbd
La Salle,2005,4,7,0,cfbd
La Salle,2006,2,6,0,cfbd
La Salle,2007,0,10,0,cfbd
La Verne,2014,0,0,0,cfbd
La Verne,2015,0,0,0,cfbd
La Verne,2016,0,0,0,cfbd
La Verne,2017,0,0,0,cfbd
La Verne,2018,0,0,0,cfbd
La Verne,2019,0,0,0,cfbd
La Verne,2020,0,0,0,cfbd
La Verne,2021,0,0,0,cfbd
La Verne,2022,2,8,0,cfbd
La Verne,2023,2,8,0,cfbd
La Verne,2024,0,10,0,cfbd
La Verne,2025,1,8,0,cfbd
La Verne,2026,0,0,0,cfbd
Lafayette,1936,0,3,0,cfbd
Lafayette,1937,2,0,0,cfbd
Lafayette,1938,2,2,0,cfbd
Lafayette,1939,0,3,0,cfbd
Lafayette,1940,2,0,0,cfbd
Lafayette,1941,0,4,0,cfbd
Lafayette,1942,1,3,0,cfbd
Lafayette,1943,0,0,0,cfbd
Lafayette,1944,1,1,0,cfbd
Lafayette,1945,1,7,1,cfbd
Lafayette,1946,2,7,0,cfbd
Lafayette,1947,2,2,0,cfbd
Lafayette,1948,2,2,0,cfbd
Lafayette,1949,0,4,0,cfbd
Lafayette,1950,0,4,0,cfbd
Lafayette,1951,0,3,0,cfbd
Lafayette,1952,0,4,0,cfbd
Lafayette,1953,0,2,0,cfbd
Lafayette,1954,0,1,0,cfbd
Lafayette,1955,2,0,0,cfbd
Lafayette,1956,0,1,0,cfbd
Lafayette,1957,0,1,0,cfbd
Lafayette,1958,0,2,0,cfbd
Lafayette,1959,0,2,0,cfbd
Lafayette,1960,0,2,0,cfbd
Lafayette,1961,0,2,0,cfbd
Lafayette,1962,0,2,0,cfbd
Lafayette,1963,0,3,0,cfbd
Lafayette,1964,0,3,1,cfbd
Lafayette,1965,2,3,0,cfbd
Lafayette,1966,0,3,0,cfbd
Lafayette,1967,0,2,0,cfbd
Lafayette,1968,2,1,0,cfbd
Lafayette,1969,1,2,0,cfbd
Lafayette,1970,1,3,0,cfbd
Lafayette,1971,3,1,0,cfbd
Lafayette,1972,0,3,0,cfbd
Lafayette,1973,1,2,0,cfbd
Lafayette,1974,1,4,0,cfbd
Lafayette,1975,1,3,0,cfbd
Lafayette,1976,0,4,0,cfbd
Lafayette,1977,0,4,0,cfbd
Lafayette,1978,1,3,0,cfbd
Lafayette,1979,2,0,1,cfbd
Lafayette,1980,1,2,0,cfbd
Lafayette,1981,1,1,0,cfbd
Lafayette,1982,0,1,0,cfbd
Lafayette,1983,0,0,0,cfbd
Lafayette,1984,0,0,0,cfbd
Lafayette,1985,0,1,0,cfbd
Lafayette,1986,0,1,0,cfbd
Lafayette,1987,0,1,0,cfbd
Lafayette,1988,0,1,0,cfbd
Lafayette,1989,0,1,0,cfbd
Lafayette,1990,0,1,0,cfbd
Lafayette,1991,0,0,0,cfbd
Lafayette,1992,0,1,0,cfbd
Lafayette,1993,0,1,0,cfbd
Lafayette,1994,0,1,0,cfbd
Lafayette,1995,0,0,0,cfbd
Lafayette,1996,0,1,0,cfbd
Lafayette,1997,0,1,0,cfbd
Lafayette,1998,0,0,0,cfbd
Lafayette,1999,0,0,0,cfbd
Lafayette,2000,0,0,0,cfbd
Lafayette,2001,0,0,0,cfbd
Lafayette,2002,0,0,0,cfbd
Lafayette,2003,5,6,0,cfbd
Lafayette,2004,8,4,0,cfbd
Lafayette,2005,8,4,0,cfbd
Lafayette,2006,6,6,0,cfbd
Lafayette,2007,6,4,0,cfbd
Lafayette,2008,7,4,0,cfbd
Lafayette,2009,8,3,0,cfbd
Lafayette,2010,2,9,0,cfbd
Lafayette,2011,4,7,0,cfbd
Lafayette,2012,5,6,0,cfbd
Lafayette,2013,5,7,0,cfbd
Lafayette,2014,5,6,0,cfbd
Lafayette,2015,1,10,0,cfbd
Lafayette,2016,2,9,0,cfbd
Lafayette,2017,3,8,0,cfbd
Lafayette,2018,3,8,0,cfbd
Lafayette,2019,4,8,0,cfbd
Lafayette,2020,2,1,0,cfbd
Lafayette,2021,3,8,0,cfbd
Lafayette,2022,4,7,0,cfbd
Lafayette,2023,9,3,0,cfbd
Lafayette,2024,6,6,0,cfbd
Lafayette,2025,8,4,0,cfbd
Lafayette,2026,0,0,0,cfbd
LaGrange,2014,0,0,0,cfbd
LaGrange,2015,0,0,0,cfbd
LaGrange,2016,0,0,0,cfbd
LaGrange,2017,0,0,0,cfbd
LaGrange,2018,0,0,0,cfbd
LaGrange,2019,0,0,0,cfbd
LaGrange,2020,0,0,0,cfbd
LaGrange,2021,0,0,0,cfbd
LaGrange,2022,1,8,0,cfbd
LaGrange,2023,0,9,0,cfbd
LaGrange,2024,6,4,0,cfbd
LaGrange,2025,10,2,0,cfbd
LaGrange,2026,0,0,0,cfbd
Lake Erie,2014,0,0,0,cfbd
Lake Erie,2015,0,0,0,cfbd
Lake Erie,2016,0,0,0,cfbd
Lake Erie,2017,0,0,0,cfbd
Lake Erie,2018,0,0,0,cfbd
Lake Erie,2019,0,0,0,cfbd
Lake Erie,2020,0,3,0,cfbd
Lake Erie,2021,5,6,0,cfbd
Lake Erie,2022,2,9,0,cfbd
Lake Erie,2023,1,10,0,cfbd
Lake Erie,2024,2,9,0,cfbd
Lake Erie,2025,2,9,0,cfbd
Lake Erie,2026,0,0,0,cfbd
Lake Forest,2014,0,0,0,cfbd
Lake Forest,2015,0,0,0,cfbd
Lake Forest,2016,0,0,0,cfbd
Lake Forest,2017,0,0,0,cfbd
Lake Forest,2018,0,0,0,cfbd
Lake Forest,2019,0,0,0,cfbd
Lake Forest,2020,3,0,0,cfbd
Lake Forest,2021,0,0,0,cfbd
Lake Forest,2022,8,2,0,cfbd
Lake Forest,2023,7,3,0,cfbd
Lake Forest,2024,10,1,0,cfbd
Lake Forest,2025,7,3,0,cfbd
Lake Forest,2026,0,0,0,cfbd
Lakeland,2014,0,0,0,cfbd
Lakeland,2015,0,0,0,cfbd
Lakeland,2016,0,0,0,cfbd
Lakeland,2017,0,0,0,cfbd
Lakeland,2018,0,0,0,cfbd
Lakeland,2019,0,0,0,cfbd
Lakeland,2020,3,0,0,cfbd
Lakeland,2021,0,0,0,cfbd
Lakeland,2022,3,7,0,cfbd
Lakeland,2023,4,6,0,cfbd
Lakeland,2024,4,5,0,cfbd
Lakeland,2025,4,6,0,cfbd
Lakeland,2026,0,0,0,cfbd
Lamar,1963,0,0,0,cfbd
Lamar,1964,1,0,0,cfbd
Lamar,1965,1,1,0,cfbd
Lamar,1966,0,1,0,cfbd
Lamar,1967,0,1,0,cfbd
Lamar,1968,0,2,0,cfbd
Lamar,1969,1,0,0,cfbd
Lamar,1970,1,1,0,cfbd
Lamar,1971,1,2,0,cfbd
Lamar,1972,3,2,0,cfbd
Lamar,1973,5,5,0,cfbd
Lamar,1974,8,2,0,cfbd
Lamar,1975,1,10,0,cfbd
Lamar,1976,2,9,0,cfbd
Lamar,1977,2,9,0,cfbd
Lamar,1978,2,8,1,cfbd
Lamar,1979,6,3,2,cfbd
Lamar,1980,3,8,0,cfbd
Lamar,1981,4,6,1,cfbd
Lamar,1982,0,2,0,cfbd
Lamar,1983,0,2,0,cfbd
Lamar,1984,0,1,0,cfbd
Lamar,1985,0,1,0,cfbd
Lamar,1986,0,1,0,cfbd
Lamar,1987,1,3,0,cfbd
Lamar,1988,0,2,0,cfbd
Lamar,1989,1,1,0,cfbd
Lamar,2010,4,5,0,cfbd
Lamar,2011,4,7,0,cfbd
Lamar,2012,4,8,0,cfbd
Lamar,2013,5,7,0,cfbd
Lamar,2014,6,4,0,cfbd
Lamar,2015,5,6,0,cfbd
Lamar,2016,3,8,0,cfbd
Lamar,2017,1,9,0,cfbd
Lamar,2018,7,5,0,cfbd
Lamar,2019,4,8,0,cfbd
Lamar,2020,2,4,0,cfbd
Lamar,2021,1,9,0,cfbd
Lamar,2022,1,10,0,cfbd
Lamar,2023,6,5,0,cfbd
Lamar,2024,7,5,0,cfbd
Lamar,2025,8,5,0,cfbd
Lamar,2026,0,0,0,cfbd
Lane College,2014,0,0,0,cfbd
Lane College,2015,0,1,0,cfbd
Lane College,2016,0,0,0,cfbd
Lane College,2017,0,0,0,cfbd
Lane College,2018,0,1,0,cfbd
Lane College,2019,0,2,0,cfbd
Lane College,2020,0,0,0,cfbd
Lane College,2021,6,4,0,cfbd
Lane College,2022,5,5,0,cfbd
Lane College,2023,2,8,0,cfbd
Lane College,2024,4,6,0,cfbd
Lane College,2025,0,10,0,cfbd
Lane College,2026,0,0,0,cfbd
Lawrence,2014,0,0,0,cfbd
Lawrence,2015,0,0,0,cfbd
Lawrence,2016,0,0,0,cfbd
Lawrence,2017,0,0,0,cfbd
Lawrence,2018,0,0,0,cfbd
Lawrence,2019,0,0,0,cfbd
Lawrence,2020,0,0,0,cfbd
Lawrence,2021,0,0,0,cfbd
Lawrence,2022,0,10,0,cfbd
Lawrence,2023,0,10,0,cfbd
Lawrence,2024,1,9,0,cfbd
Lawrence,2025,0,9,1,cfbd
Lawrence,2026,0,0,0,cfbd
Lebanon Valley,2014,0,0,0,cfbd
Lebanon Valley,2015,0,0,0,cfbd
Lebanon Valley,2016,0,0,0,cfbd
Lebanon Valley,2017,0,0,0,cfbd
Lebanon Valley,2018,0,0,0,cfbd
Lebanon Valley,2019,0,0,0,cfbd
Lebanon Valley,2020,2,0,0,cfbd
Lebanon Valley,2021,0,0,0,cfbd
Lebanon Valley,2022,5,5,0,cfbd
Lebanon Valley,2023,6,4,0,cfbd
Lebanon Valley,2024,5,5,0,cfbd
Lebanon Valley,2025,6,5,0,cfbd
Lebanon Valley,2026,0,0,0,cfbd
Lehigh,1936,1,0,0,cfbd
Lehigh,1937,0,2,0,cfbd
Lehigh,1938,0,2,0,cfbd
Lehigh,1939,0,1,0,cfbd
Lehigh,1940,1,2,0,cfbd
Lehigh,1941,0,2,0,cfbd
Lehigh,1942,0,2,0,cfbd
Lehigh,1943,0,1,0,cfbd
Lehigh,1944,0,1,0,cfbd
Lehigh,1945,0,2,0,cfbd
Lehigh,1946,1,3,0,cfbd
Lehigh,1947,1,2,0,cfbd
Lehigh,1948,0,2,0,cfbd
Lehigh,1949,1,2,0,cfbd
Lehigh,1950,2,0,0,cfbd
Lehigh,1951,2,0,0,cfbd
Lehigh,1952,0,2,0,cfbd
Lehigh,1953,0,2,0,cfbd
Lehigh,1954,1,2,0,cfbd
Lehigh,1955,2,1,0,cfbd
Lehigh,1956,2,1,0,cfbd
Lehigh,1957,2,1,0,cfbd
Lehigh,1958,0,2,1,cfbd
Lehigh,1959,1,3,0,cfbd
Lehigh,1960,1,3,0,cfbd
Lehigh,1961,3,1,0,cfbd
Lehigh,1962,0,4,0,cfbd
Lehigh,1963,1,8,0,cfbd
Lehigh,1964,1,7,1,cfbd
Lehigh,1965,1,8,0,cfbd
Lehigh,1966,0,4,0,cfbd
Lehigh,1967,0,4,0,cfbd
Lehigh,1968,0,4,0,cfbd
Lehigh,1969,1,2,1,cfbd
Lehigh,1970,1,3,0,cfbd
Lehigh,1971,1,2,0,cfbd
Lehigh,1972,0,4,0,cfbd
Lehigh,1973,1,2,1,cfbd
Lehigh,1974,1,2,0,cfbd
Lehigh,1975,3,1,0,cfbd
Lehigh,1976,1,3,0,cfbd
Lehigh,1977,2,1,0,cfbd
Lehigh,1978,2,1,0,cfbd
Lehigh,1979,1,1,0,cfbd
Lehigh,1980,1,0,2,cfbd
Lehigh,1981,1,1,0,cfbd
Lehigh,1982,0,0,0,cfbd
Lehigh,1983,1,1,0,cfbd
Lehigh,1984,0,1,0,cfbd
Lehigh,1985,0,0,0,cfbd
Lehigh,1986,0,1,0,cfbd
Lehigh,1987,1,0,0,cfbd
Lehigh,1988,0,0,0,cfbd
Lehigh,1989,0,0,0,cfbd
Lehigh,1990,0,0,0,cfbd
Lehigh,1991,0,0,0,cfbd
Lehigh,1992,0,0,0,cfbd
Lehigh,1993,0,0,0,cfbd
Lehigh,1994,0,0,0,cfbd
Lehigh,1995,0,1,0,cfbd
Lehigh,1996,0,0,0,cfbd
Lehigh,1997,0,0,0,cfbd
Lehigh,1998,0,0,0,cfbd
Lehigh,1999,0,0,0,cfbd
Lehigh,2000,0,0,0,cfbd
Lehigh,2001,0,0,0,cfbd
Lehigh,2002,1,0,0,cfbd
Lehigh,2003,8,3,0,cfbd
Lehigh,2004,9,3,0,cfbd
Lehigh,2005,8,3,0,cfbd
Lehigh,2006,6,5,0,cfbd
Lehigh,2007,5,6,0,cfbd
Lehigh,2008,5,6,0,cfbd
Lehigh,2009,4,7,0,cfbd
Lehigh,2010,10,3,0,cfbd
Lehigh,2011,11,1,0,cfbd
Lehigh,2012,10,1,0,cfbd
Lehigh,2013,8,3,0,cfbd
Lehigh,2014,3,8,0,cfbd
Lehigh,2015,6,5,0,cfbd
Lehigh,2016,9,3,0,cfbd
Lehigh,2017,5,7,0,cfbd
Lehigh,2018,3,8,0,cfbd
Lehigh,2019,4,7,0,cfbd
Lehigh,2020,0,3,0,cfbd
Lehigh,2021,3,8,0,cfbd
Lehigh,2022,2,9,0,cfbd
Lehigh,2023,2,9,0,cfbd
Lehigh,2024,9,4,0,cfbd
Lehigh,2025,12,1,0,cfbd
Lehigh,2026,0,0,0,cfbd
Lenoir Rhyne,2014,0,0,0,cfbd
Lenoir Rhyne,2015,0,0,0,cfbd
Lenoir Rhyne,2016,0,0,0,cfbd
Lenoir Rhyne,2017,0,0,0,cfbd
Lenoir Rhyne,2018,0,0,0,cfbd
Lenoir Rhyne,2019,0,0,0,cfbd
Lenoir Rhyne,2020,3,1,0,cfbd
Lenoir Rhyne,2021,8,3,0,cfbd
Lenoir Rhyne,2022,8,3,0,cfbd
Lenoir Rhyne,2023,13,2,0,cfbd
Lenoir Rhyne,2024,10,3,0,cfbd
Lenoir Rhyne,2025,6,5,0,cfbd
Lenoir Rhyne,2026,0,0,0,cfbd
Lewis & Clark,2014,0,0,0,cfbd
Lewis & Clark,2015,0,0,0,cfbd
Lewis & Clark,2016,0,0,0,cfbd
Lewis & Clark,2017,0,0,0,cfbd
Lewis & Clark,2018,0,0,0,cfbd
Lewis & Clark,2019,0,0,0,cfbd
Lewis & Clark,2020,0,0,0,cfbd
Lewis & Clark,2021,0,0,0,cfbd
Lewis & Clark,2022,4,5,0,cfbd
Lewis & Clark,2023,5,5,0,cfbd
Lewis & Clark,2024,5,5,0,cfbd
Lewis & Clark,2025,6,4,0,cfbd
Lewis & Clark,2026,0,0,0,cfbd
Liberty,1984,0,0,0,cfbd
Liberty,1985,0,0,0,cfbd
Liberty,1986,0,0,0,cfbd
Liberty,1987,0,0,0,cfbd
Liberty,1988,0,0,0,cfbd
Liberty,1989,1,0,0,cfbd
Liberty,1990,0,0,0,cfbd
Liberty,1991,0,0,0,cfbd
Liberty,1992,0,1,0,cfbd
Liberty,1993,0,0,0,cfbd
Liberty,1994,0,1,0,cfbd
Liberty,1995,0,0,0,cfbd
Liberty,1996,0,0,0,cfbd
Liberty,1997,0,0,0,cfbd
Liberty,1998,0,0,0,cfbd
Liberty,1999,0,1,0,cfbd
Liberty,2000,0,1,0,cfbd
Liberty,2001,0,2,0,cfbd
Liberty,2002,0,2,0,cfbd
Liberty,2003,6,6,0,cfbd
Liberty,2004,6,5,0,cfbd
Liberty,2005,1,10,0,cfbd
Liberty,2006,6,5,0,cfbd
Liberty,2007,6,3,0,cfbd
Liberty,2008,9,2,0,cfbd
Liberty,2009,7,3,0,cfbd
Liberty,2010,8,3,0,cfbd
Liberty,2011,6,4,0,cfbd
Liberty,2012,0,3,0,cfbd
Liberty,2013,8,4,0,cfbd
Liberty,2014,9,5,0,cfbd
Liberty,2015,6,5,0,cfbd
Liberty,2016,6,5,0,cfbd
Liberty,2017,6,5,0,cfbd
Liberty,2018,6,6,0,cfbd
Liberty,2019,8,5,0,cfbd
Liberty,2020,10,1,0,cfbd
Liberty,2021,8,5,0,cfbd
Liberty,2022,8,5,0,cfbd
Liberty,2023,13,1,0,cfbd
Liberty,2024,8,4,0,cfbd
Liberty,2025,4,8,0,cfbd
Liberty,2026,0,0,0,cfbd
Limestone,2014,0,1,0,cfbd
Limestone,2015,0,0,0,cfbd
Limestone,2016,0,0,0,cfbd
Limestone,2017,0,1,0,cfbd
Limestone,2018,0,1,0,cfbd
Limestone,2019,0,0,0,cfbd
Limestone,2020,1,3,0,cfbd
Limestone,2021,0,9,0,cfbd
Limestone,2022,8,4,0,cfbd
Limestone,2023,8,4,0,cfbd
Limestone,2024,8,3,0,cfbd
Limestone,2025,0,0,0,cfbd
Limestone,2026,0,0,0,cfbd
Lincoln (CA),2024,0,11,0,cfbd
Lincoln (CA),2025,0,8,3,cfbd
Lincoln (CA),2026,0,0,0,cfbd
Lincoln (MO),2014,0,0,0,cfbd
Lincoln (MO),2015,0,0,0,cfbd
Lincoln (MO),2016,0,0,0,cfbd
Lincoln (MO),2017,0,0,0,cfbd
Lincoln (MO),2018,0,1,0,cfbd
Lincoln (MO),2019,0,0,0,cfbd
Lincoln (MO),2020,0,1,0,cfbd
Lincoln (MO),2021,0,9,0,cfbd
Lincoln (MO),2022,0,11,0,cfbd
Lincoln (MO),2023,0,11,0,cfbd
Lincoln (MO),2024,1,10,0,cfbd
Lincoln (MO),2025,2,9,0,cfbd
Lincoln (MO),2026,0,0,0,cfbd
Lincoln (PA),2014,0,0,0,cfbd
Lincoln (PA),2015,0,0,0,cfbd
Lincoln (PA),2016,0,1,0,cfbd
Lincoln (PA),2017,0,0,0,cfbd
Lincoln (PA),2018,0,1,0,cfbd
Lincoln (PA),2019,0,1,0,cfbd
Lincoln (PA),2020,0,0,0,cfbd
Lincoln (PA),2021,1,9,0,cfbd
Lincoln (PA),2022,2,7,1,cfbd
Lincoln (PA),2023,4,6,0,cfbd
Lincoln (PA),2024,2,8,0,cfbd
Lincoln (PA),2025,0,10,0,cfbd
Lincoln (PA),2026,0,0,0,cfbd
Lindenwood,2011,1,1,0,cfbd
Lindenwood,2012,0,0,0,cfbd
Lindenwood,2013,0,0,0,cfbd
Lindenwood,2014,0,0,0,cfbd
Lindenwood,2015,0,0,0,cfbd
Lindenwood,2016,0,0,0,cfbd
Lindenwood,2017,0,0,0,cfbd
Lindenwood,2018,0,0,0,cfbd
Lindenwood,2019,0,1,0,cfbd
Lindenwood,2021,9,3,0,cfbd
Lindenwood,2022,7,3,0,cfbd
Lindenwood,2023,3,7,0,cfbd
Lindenwood,2024,5,7,0,cfbd
Lindenwood,2025,6,6,0,cfbd
Lindenwood,2026,1,0,0,cfbd
Linfield,2014,0,0,0,cfbd
Linfield,2015,0,0,0,cfbd
Linfield,2016,0,0,0,cfbd
Linfield,2017,0,0,0,cfbd
Linfield,2018,0,0,0,cfbd
Linfield,2019,0,0,0,cfbd
Linfield,2020,0,0,0,cfbd
Linfield,2021,1,0,0,cfbd
Linfield,2022,10,1,0,cfbd
Linfield,2023,8,1,0,cfbd
Linfield,2024,10,2,0,cfbd
Linfield,2025,7,2,0,cfbd
Linfield,2026,0,0,0,cfbd
LIU Post,2014,0,0,0,cfbd
LIU Post,2015,0,0,0,cfbd
LIU Post,2016,0,0,0,cfbd
LIU Post,2017,0,0,0,cfbd
LIU Post,2018,0,0,0,cfbd
Livingstone,2014,0,0,0,cfbd
Livingstone,2015,0,0,0,cfbd
Livingstone,2016,0,1,0,cfbd
Livingstone,2017,0,1,0,cfbd
Livingstone,2018,0,0,0,cfbd
Livingstone,2019,0,0,0,cfbd
Livingstone,2020,0,0,0,cfbd
Livingstone,2021,1,8,0,cfbd
Livingstone,2022,4,6,0,cfbd
Livingstone,2023,4,6,0,cfbd
Livingstone,2024,6,4,0,cfbd
Livingstone,2025,5,5,0,cfbd
Livingstone,2026,0,0,0,cfbd
Lock Haven,2014,0,0,0,cfbd
Lock Haven,2015,0,0,0,cfbd
Lock Haven,2016,0,0,0,cfbd
Lock Haven,2017,0,1,0,cfbd
Lock Haven,2018,0,1,0,cfbd
Lock Haven,2019,0,0,0,cfbd
Lock Haven,2020,0,0,0,cfbd
Lock Haven,2021,1,10,0,cfbd
Lock Haven,2022,1,10,0,cfbd
Lock Haven,2023,5,6,0,cfbd
Lock Haven,2024,5,6,0,cfbd
Lock Haven,2025,6,5,0,cfbd
Lock Haven,2026,0,0,0,cfbd
Long Beach State,1969,8,3,0,cfbd
Long Beach State,1970,9,2,1,cfbd
Long Beach State,1971,8,4,0,cfbd
Long Beach State,1972,5,6,0,cfbd
Long Beach State,1973,1,9,1,cfbd
Long Beach State,1974,6,5,0,cfbd
Long Beach State,1975,9,2,0,cfbd
Long Beach State,1976,8,3,0,cfbd
Long Beach State,1977,4,6,0,cfbd
Long Beach State,1978,5,6,0,cfbd
Long Beach State,1979,7,4,0,cfbd
Long Beach State,1980,8,3,0,cfbd
Long Beach State,1981,2,8,0,cfbd
Long Beach State,1982,6,5,0,cfbd
Long Beach State,1983,8,4,0,cfbd
Long Beach State,1984,4,7,0,cfbd
Long Beach State,1985,6,6,0,cfbd
Long Beach State,1986,6,5,0,cfbd
Long Beach State,1987,4,7,0,cfbd
Long Beach State,1988,3,9,0,cfbd
Long Beach State,1989,4,8,0,cfbd
Long Beach State,1990,6,5,0,cfbd
Long Beach State,1991,2,9,0,cfbd
Long Island University,1957,0,0,0,cfbd
Long Island University,1958,0,0,0,cfbd
Long Island University,1959,0,0,0,cfbd
Long Island University,1960,0,0,0,cfbd
Long Island University,1961,0,0,0,cfbd
Long Island University,1962,0,0,0,cfbd
Long Island University,1963,0,0,0,cfbd
Long Island University,1964,0,0,0,cfbd
Long Island University,1965,0,0,0,cfbd
Long Island University,1966,0,0,0,cfbd
Long Island University,1967,0,0,0,cfbd
Long Island University,1968,0,0,0,cfbd
Long Island University,1969,0,0,0,cfbd
Long Island University,1970,0,0,0,cfbd
Long Island University,1971,0,0,0,cfbd
Long Island University,1972,0,0,0,cfbd
Long Island University,1973,0,0,0,cfbd
Long Island University,1974,0,0,0,cfbd
Long Island University,1975,0,0,0,cfbd
Long Island University,1976,0,0,0,cfbd
Long Island University,1977,0,0,0,cfbd
Long Island University,1978,0,0,0,cfbd
Long Island University,1979,0,0,0,cfbd
Long Island University,1980,0,0,0,cfbd
Long Island University,1981,0,0,0,cfbd
Long Island University,1982,0,0,0,cfbd
Long Island University,1983,0,0,0,cfbd
Long Island University,1984,0,0,0,cfbd
Long Island University,1985,0,0,0,cfbd
Long Island University,1986,0,0,0,cfbd
Long Island University,1987,0,0,0,cfbd
Long Island University,1988,0,0,0,cfbd
Long Island University,1989,0,0,0,cfbd
Long Island University,1990,0,0,0,cfbd
Long Island University,1991,0,0,0,cfbd
Long Island University,1992,0,0,0,cfbd
Long Island University,1993,0,0,0,cfbd
Long Island University,1994,0,0,0,cfbd
Long Island University,1995,0,0,0,cfbd
Long Island University,1996,0,0,0,cfbd
Long Island University,1997,0,0,0,cfbd
Long Island University,1998,0,0,0,cfbd
Long Island University,1999,0,0,0,cfbd
Long Island University,2000,0,0,0,cfbd
Long Island University,2001,0,0,0,cfbd
Long Island University,2002,0,0,0,cfbd
Long Island University,2003,0,0,0,cfbd
Long Island University,2004,0,0,0,cfbd
Long Island University,2005,0,0,0,cfbd
Long Island University,2006,0,0,0,cfbd
Long Island University,2007,0,0,0,cfbd
Long Island University,2008,0,0,0,cfbd
Long Island University,2009,0,0,0,cfbd
Long Island University,2010,0,0,0,cfbd
Long Island University,2011,0,0,0,cfbd
Long Island University,2012,0,0,0,cfbd
Long Island University,2013,0,0,0,cfbd
Long Island University,2014,0,0,0,cfbd
Long Island University,2015,0,0,0,cfbd
Long Island University,2016,0,0,0,cfbd
Long Island University,2017,0,0,0,cfbd
Long Island University,2018,0,0,0,cfbd
Long Island University,2019,0,10,0,cfbd
Long Island University,2020,2,2,0,cfbd
Long Island University,2021,2,8,0,cfbd
Long Island University,2022,4,7,0,cfbd
Long Island University,2023,4,7,0,cfbd
Long Island University,2024,4,8,0,cfbd
Long Island University,2025,6,6,0,cfbd
Long Island University,2026,0,1,0,cfbd
Loras,2014,0,0,0,cfbd
Loras,2015,0,0,0,cfbd
Loras,2016,0,0,0,cfbd
Loras,2017,0,0,0,cfbd
Loras,2018,0,0,0,cfbd
Loras,2019,0,0,0,cfbd
Loras,2020,2,0,0,cfbd
Loras,2021,0,0,0,cfbd
Loras,2022,5,5,0,cfbd
Loras,2023,5,5,0,cfbd
Loras,2024,2,8,0,cfbd
Loras,2025,3,7,0,cfbd
Loras,2026,0,0,0,cfbd
Louisiana,1936,0,1,0,cfbd
Louisiana,1937,0,0,0,cfbd
Louisiana,1938,0,1,0,cfbd
Louisiana,1939,0,0,0,cfbd
Louisiana,1940,0,1,0,cfbd
Louisiana,1941,0,1,0,cfbd
Louisiana,1942,0,1,0,cfbd
Louisiana,1943,0,0,0,cfbd
Louisiana,1944,0,0,0,cfbd
Louisiana,1945,0,3,0,cfbd
Louisiana,1946,0,1,0,cfbd
Louisiana,1947,0,0,0,cfbd
Louisiana,1948,0,0,0,cfbd
Louisiana,1949,0,1,0,cfbd
Louisiana,1950,0,0,0,cfbd
Louisiana,1951,0,0,0,cfbd
Louisiana,1952,0,0,0,cfbd
Louisiana,1953,0,1,0,cfbd
Louisiana,1954,0,0,0,cfbd
Louisiana,1955,0,0,0,cfbd
Louisiana,1956,0,0,0,cfbd
Louisiana,1957,0,0,0,cfbd
Louisiana,1958,0,0,0,cfbd
Louisiana,1959,0,0,0,cfbd
Louisiana,1960,0,0,0,cfbd
Louisiana,1961,0,0,0,cfbd
Louisiana,1962,0,0,0,cfbd
Louisiana,1963,0,1,0,cfbd
Louisiana,1964,0,1,0,cfbd
Louisiana,1965,0,0,0,cfbd
Louisiana,1966,0,0,0,cfbd
Louisiana,1967,0,1,0,cfbd
Louisiana,1968,0,0,0,cfbd
Louisiana,1969,0,1,0,cfbd
Louisiana,1970,0,1,0,cfbd
Louisiana,1971,1,0,0,cfbd
Louisiana,1972,1,1,0,cfbd
Louisiana,1973,0,10,0,cfbd
Louisiana,1974,2,9,0,cfbd
Louisiana,1975,6,5,0,cfbd
Louisiana,1976,9,2,0,cfbd
Louisiana,1977,6,4,2,cfbd
Louisiana,1978,3,8,0,cfbd
Louisiana,1979,4,7,0,cfbd
Louisiana,1980,7,4,0,cfbd
Louisiana,1981,1,9,1,cfbd
Louisiana,1982,7,3,1,cfbd
Louisiana,1983,4,6,0,cfbd
Louisiana,1984,6,5,0,cfbd
Louisiana,1985,4,7,0,cfbd
Louisiana,1986,6,5,0,cfbd
Louisiana,1987,6,5,0,cfbd
Louisiana,1988,6,5,0,cfbd
Louisiana,1989,7,4,0,cfbd
Louisiana,1990,5,6,0,cfbd
Louisiana,1991,2,8,1,cfbd
Louisiana,1992,2,9,0,cfbd
Louisiana,1993,8,3,0,cfbd
Louisiana,1994,6,5,0,cfbd
Louisiana,1995,6,5,0,cfbd
Louisiana,1996,5,6,0,cfbd
Louisiana,1997,1,10,0,cfbd
Louisiana,1998,2,9,0,cfbd
Louisiana,1999,2,9,0,cfbd
Louisiana,2000,1,10,0,cfbd
Louisiana,2001,3,8,0,cfbd
Louisiana,2002,3,9,0,cfbd
Louisiana,2003,4,8,0,cfbd
Louisiana,2004,4,7,0,cfbd
Louisiana,2005,6,5,0,cfbd
Louisiana,2006,6,6,0,cfbd
Louisiana,2007,3,9,0,cfbd
Louisiana,2008,6,6,0,cfbd
Louisiana,2009,6,6,0,cfbd
Louisiana,2010,3,9,0,cfbd
Louisiana,2011,9,4,0,cfbd
Louisiana,2012,9,4,0,cfbd
Louisiana,2013,9,4,0,cfbd
Louisiana,2014,9,4,0,cfbd
Louisiana,2015,4,8,0,cfbd
Louisiana,2016,6,7,0,cfbd
Louisiana,2017,5,7,0,cfbd
Louisiana,2018,7,7,0,cfbd
Louisiana,2019,11,3,0,cfbd
Louisiana,2020,10,1,0,cfbd
Louisiana,2021,13,1,0,cfbd
Louisiana,2022,6,7,0,cfbd
Louisiana,2023,6,7,0,cfbd
Louisiana,2024,10,4,0,cfbd
Louisiana,2025,6,7,0,cfbd
Louisiana,2026,0,0,0,cfbd
Louisiana Christian,2014,0,1,0,cfbd
Louisiana Christian,2015,0,0,0,cfbd
Louisiana Christian,2016,0,0,0,cfbd
Louisiana Christian,2017,0,0,0,cfbd
Louisiana Christian,2018,0,1,0,cfbd
Louisiana Christian,2019,0,1,0,cfbd
Louisiana Tech,1936,0,1,0,cfbd
Louisiana Tech,1937,0,1,1,cfbd
Louisiana Tech,1938,0,3,0,cfbd
Louisiana Tech,1939,0,2,0,cfbd
Louisiana Tech,1940,2,1,0,cfbd
Louisiana Tech,1941,1,3,1,cfbd
Louisiana Tech,1942,1,1,0,cfbd
Louisiana Tech,1944,0,0,0,cfbd
Louisiana Tech,1945,0,2,0,cfbd
Louisiana Tech,1946,1,0,0,cfbd
Louisiana Tech,1947,0,1,0,cfbd
Louisiana Tech,1948,0,0,1,cfbd
Louisiana Tech,1949,0,1,0,cfbd
Louisiana Tech,1950,0,0,0,cfbd
Louisiana Tech,1951,0,0,0,cfbd
Louisiana Tech,1952,0,0,0,cfbd
Louisiana Tech,1953,0,0,0,cfbd
Louisiana Tech,1954,0,0,0,cfbd
Louisiana Tech,1955,0,0,0,cfbd
Louisiana Tech,1956,0,0,0,cfbd
Louisiana Tech,1957,0,0,0,cfbd
Louisiana Tech,1958,0,0,0,cfbd
Louisiana Tech,1959,0,0,0,cfbd
Louisiana Tech,1960,0,0,0,cfbd
Louisiana Tech,1961,0,0,0,cfbd
Louisiana Tech,1962,0,0,0,cfbd
Louisiana Tech,1963,1,0,0,cfbd
Louisiana Tech,1964,0,1,0,cfbd
Louisiana Tech,1965,0,2,0,cfbd
Louisiana Tech,1966,0,2,0,cfbd
Louisiana Tech,1967,0,2,0,cfbd
Louisiana Tech,1968,4,0,0,cfbd
Louisiana Tech,1969,1,1,0,cfbd
Louisiana Tech,1970,1,0,0,cfbd
Louisiana Tech,1971,2,1,0,cfbd
Louisiana Tech,1972,2,0,0,cfbd
Louisiana Tech,1973,3,0,0,cfbd
Louisiana Tech,1974,5,0,0,cfbd
Louisiana Tech,1975,8,2,0,cfbd
Louisiana Tech,1976,6,5,0,cfbd
Louisiana Tech,1977,9,1,2,cfbd
Louisiana Tech,1978,6,5,0,cfbd
Louisiana Tech,1979,2,9,0,cfbd
Louisiana Tech,1980,5,6,0,cfbd
Louisiana Tech,1981,4,6,1,cfbd
Louisiana Tech,1982,3,2,0,cfbd
Louisiana Tech,1983,0,3,0,cfbd
Louisiana Tech,1984,0,3,0,cfbd
Louisiana Tech,1985,2,1,0,cfbd
Louisiana Tech,1986,2,2,0,cfbd
Louisiana Tech,1987,1,3,0,cfbd
Louisiana Tech,1988,4,7,0,cfbd
Louisiana Tech,1989,5,4,1,cfbd
Louisiana Tech,1990,8,3,1,cfbd
Louisiana Tech,1991,8,1,2,cfbd
Louisiana Tech,1992,5,6,0,cfbd
Louisiana Tech,1993,2,9,0,cfbd
Louisiana Tech,1994,3,8,0,cfbd
Louisiana Tech,1995,5,6,0,cfbd
Louisiana Tech,1996,6,5,0,cfbd
Louisiana Tech,1997,9,2,0,cfbd
Louisiana Tech,1998,6,6,0,cfbd
Louisiana Tech,1999,8,3,0,cfbd
Louisiana Tech,2000,3,9,0,cfbd
Louisiana Tech,2001,7,5,0,cfbd
Louisiana Tech,2002,4,8,0,cfbd
Louisiana Tech,2003,5,7,0,cfbd
Louisiana Tech,2004,6,6,0,cfbd
Louisiana Tech,2005,7,4,0,cfbd
Louisiana Tech,2006,3,10,0,cfbd
Louisiana Tech,2007,5,7,0,cfbd
Louisiana Tech,2008,8,5,0,cfbd
Louisiana Tech,2009,4,8,0,cfbd
Louisiana Tech,2010,5,7,0,cfbd
Louisiana Tech,2011,8,5,0,cfbd
Louisiana Tech,2012,9,3,0,cfbd
Louisiana Tech,2013,4,8,0,cfbd
Louisiana Tech,2014,9,5,0,cfbd
Louisiana Tech,2015,9,4,0,cfbd
Louisiana Tech,2016,9,5,0,cfbd
Louisiana Tech,2017,7,6,0,cfbd
Louisiana Tech,2018,8,5,0,cfbd
Louisiana Tech,2019,10,3,0,cfbd
Louisiana Tech,2020,5,5,0,cfbd
Louisiana Tech,2021,3,9,0,cfbd
Louisiana Tech,2022,3,9,0,cfbd
Louisiana Tech,2023,3,9,0,cfbd
Louisiana Tech,2024,5,8,0,cfbd
Louisiana Tech,2025,8,5,0,cfbd
Louisiana Tech,2026,0,0,0,cfbd
Louisville,1936,0,0,0,cfbd
Louisville,1937,0,0,0,cfbd
Louisville,1938,0,0,0,cfbd
Louisville,1939,0,0,0,cfbd
Louisville,1940,0,0,0,cfbd
Louisville,1941,0,1,0,cfbd
Louisville,1942,0,0,0,cfbd
Louisville,1946,0,0,0,cfbd
Louisville,1947,0,0,0,cfbd
Louisville,1948,0,0,0,cfbd
Louisville,1949,1,1,0,cfbd
Louisville,1950,0,3,1,cfbd
Louisville,1951,3,1,0,cfbd
Louisville,1952,0,0,0,cfbd
Louisville,1953,0,1,0,cfbd
Louisville,1954,0,1,0,cfbd
Louisville,1955,0,0,0,cfbd
Louisville,1956,0,1,0,cfbd
Louisville,1957,2,0,0,cfbd
Louisville,1958,0,2,0,cfbd
Louisville,1959,1,2,0,cfbd
Louisville,1960,1,1,0,cfbd
Louisville,1961,1,3,0,cfbd
Louisville,1962,6,4,0,cfbd
Louisville,1963,3,7,0,cfbd
Louisville,1964,1,9,0,cfbd
Louisville,1965,6,4,0,cfbd
Louisville,1966,6,4,0,cfbd
Louisville,1967,5,5,0,cfbd
Louisville,1968,5,5,0,cfbd
Louisville,1969,5,4,1,cfbd
Louisville,1970,8,3,1,cfbd
Louisville,1971,6,3,1,cfbd
Louisville,1972,9,1,0,cfbd
Louisville,1973,5,6,0,cfbd
Louisville,1974,4,7,0,cfbd
Louisville,1975,1,10,0,cfbd
Louisville,1976,4,7,0,cfbd
Louisville,1977,7,4,1,cfbd
Louisville,1978,7,4,0,cfbd
Louisville,1979,4,6,1,cfbd
Louisville,1980,5,6,0,cfbd
Louisville,1981,5,6,0,cfbd
Louisville,1982,5,6,0,cfbd
Louisville,1983,3,8,0,cfbd
Louisville,1984,2,9,0,cfbd
Louisville,1985,2,9,0,cfbd
Louisville,1986,3,8,0,cfbd
Louisville,1987,3,7,1,cfbd
Louisville,1988,8,3,0,cfbd
Louisville,1989,6,5,0,cfbd
Louisville,1990,10,1,1,cfbd
Louisville,1991,2,9,0,cfbd
Louisville,1992,5,6,0,cfbd
Louisville,1993,9,3,0,cfbd
Louisville,1994,6,5,0,cfbd
Louisville,1995,7,4,0,cfbd
Louisville,1996,5,6,0,cfbd
Louisville,1997,1,10,0,cfbd
Louisville,1998,7,5,0,cfbd
Louisville,1999,7,5,0,cfbd
Louisville,2000,9,3,0,cfbd
Louisville,2001,11,2,0,cfbd
Louisville,2002,7,6,0,cfbd
Louisville,2003,9,4,0,cfbd
Louisville,2004,11,1,0,cfbd
Louisville,2005,9,3,0,cfbd
Louisville,2006,12,1,0,cfbd
Louisville,2007,6,6,0,cfbd
Louisville,2008,5,7,0,cfbd
Louisville,2009,4,8,0,cfbd
Louisville,2010,7,6,0,cfbd
Louisville,2011,7,6,0,cfbd
Louisville,2012,11,2,0,cfbd
Louisville,2013,12,1,0,cfbd
Louisville,2014,9,4,0,cfbd
Louisville,2015,8,5,0,cfbd
Louisville,2016,9,4,0,cfbd
Louisville,2017,8,5,0,cfbd
Louisville,2018,2,10,0,cfbd
Louisville,2019,8,5,0,cfbd
Louisville,2020,4,7,0,cfbd
Louisville,2021,6,7,0,cfbd
Louisville,2022,8,5,0,cfbd
Louisville,2023,10,4,0,cfbd
Louisville,2024,9,4,0,cfbd
Louisville,2025,9,4,0,cfbd
Louisville,2026,0,0,0,cfbd
Loyola (LA),1936,4,6,0,cfbd
Loyola Marymount,1936,6,3,0,cfbd
Loyola Marymount,1937,4,7,0,cfbd
Loyola Marymount,1938,4,5,0,cfbd
Loyola Marymount,1939,2,6,1,cfbd
Loyola Marymount,1940,3,7,0,cfbd
Loyola Marymount,1941,5,5,0,cfbd
Loyola Marymount,1942,5,4,1,cfbd
Loyola Marymount,1949,6,4,0,cfbd
Loyola Marymount,1950,8,1,0,cfbd
Loyola Marymount,1951,3,6,0,cfbd
LSU,1935,181,100,19,manual
LSU,1936,9,1,1,cfbd
LSU,1937,9,2,0,cfbd
LSU,1938,6,4,0,cfbd
LSU,1939,4,5,0,cfbd
LSU,1940,6,4,0,cfbd
LSU,1941,4,4,2,cfbd
LSU,1942,7,3,0,cfbd
LSU,1943,6,3,0,cfbd
LSU,1944,2,5,1,cfbd
LSU,1945,7,2,0,cfbd
LSU,1946,9,1,1,cfbd
LSU,1947,5,3,1,cfbd
LSU,1948,3,7,0,cfbd
LSU,1949,8,3,0,cfbd
LSU,1950,4,5,2,cfbd
LSU,1951,7,3,1,cfbd
LSU,1952,3,7,0,cfbd
LSU,1953,5,3,3,cfbd
LSU,1954,5,6,0,cfbd
LSU,1955,3,5,2,cfbd
LSU,1956,3,7,0,cfbd
LSU,1957,5,5,0,cfbd
LSU,1958,11,0,0,cfbd
LSU,1959,9,2,0,cfbd
LSU,1960,5,4,1,cfbd
LSU,1961,10,1,0,cfbd
LSU,1962,9,1,1,cfbd
LSU,1963,7,4,0,cfbd
LSU,1964,8,2,1,cfbd
LSU,1965,8,3,0,cfbd
LSU,1966,5,4,1,cfbd
LSU,1967,7,3,1,cfbd
LSU,1968,8,3,0,cfbd
LSU,1969,9,1,0,cfbd
LSU,1970,9,3,0,cfbd
LSU,1971,9,3,0,cfbd
LSU,1972,9,2,1,cfbd
LSU,1973,9,3,0,cfbd
LSU,1974,5,5,1,cfbd
LSU,1975,4,7,0,cfbd
LSU,1976,6,4,1,cfbd
LSU,1977,8,4,0,cfbd
LSU,1978,8,4,0,cfbd
LSU,1979,7,5,0,cfbd
LSU,1980,7,4,0,cfbd
LSU,1981,3,7,1,cfbd
LSU,1982,8,3,1,cfbd
LSU,1983,4,7,0,cfbd
LSU,1984,8,3,1,cfbd
LSU,1985,9,2,1,cfbd
LSU,1986,9,3,0,cfbd
LSU,1987,10,1,1,cfbd
LSU,1988,8,4,0,cfbd
LSU,1989,4,7,0,cfbd
LSU,1990,5,6,0,cfbd
LSU,1991,5,6,0,cfbd
LSU,1992,2,9,0,cfbd
LSU,1993,5,6,0,cfbd
LSU,1994,4,7,0,cfbd
LSU,1995,7,4,1,cfbd
LSU,1996,10,2,0,cfbd
LSU,1997,9,3,0,cfbd
LSU,1998,4,7,0,cfbd
LSU,1999,3,8,0,cfbd
LSU,2000,8,4,0,cfbd
LSU,2001,10,3,0,cfbd
LSU,2002,8,5,0,cfbd
LSU,2003,13,1,0,cfbd
LSU,2004,9,3,0,cfbd
LSU,2005,11,2,0,cfbd
LSU,2006,11,2,0,cfbd
LSU,2007,12,2,0,cfbd
LSU,2008,9,5,0,cfbd
LSU,2009,9,4,0,cfbd
LSU,2010,11,2,0,cfbd
LSU,2011,13,1,0,cfbd
LSU,2012,10,3,0,cfbd
LSU,2013,10,3,0,cfbd
LSU,2014,8,5,0,cfbd
LSU,2015,9,3,0,cfbd
LSU,2016,8,4,0,cfbd
LSU,2017,9,4,0,cfbd
LSU,2018,10,3,0,cfbd
LSU,2019,15,0,0,cfbd
LSU,2020,5,5,0,cfbd
LSU,2021,6,7,0,cfbd
LSU,2022,10,4,0,cfbd
LSU,2023,10,3,0,cfbd
LSU,2024,9,4,0,cfbd
LSU,2025,7,6,0,cfbd
LSU,2026,0,0,0,cfbd
Lubbock Field,1944,5,4,0,cfbd
Luther,2014,0,0,0,cfbd
Luther,2015,0,0,0,cfbd
Luther,2016,0,0,0,cfbd
Luther,2017,0,0,0,cfbd
Luther,2018,0,0,0,cfbd
Luther,2019,0,0,0,cfbd
Luther,2020,0,1,0,cfbd
Luther,2021,0,0,0,cfbd
Luther,2022,2,8,0,cfbd
Luther,2023,0,10,0,cfbd
Luther,2024,1,9,0,cfbd
Luther,2025,0,10,0,cfbd
Luther,2026,0,0,0,cfbd
Lycoming,2014,0,0,0,cfbd
Lycoming,2015,0,0,0,cfbd
Lycoming,2016,0,0,0,cfbd
Lycoming,2017,0,0,0,cfbd
Lycoming,2018,0,0,0,cfbd
Lycoming,2019,0,0,0,cfbd
Lycoming,2020,1,0,0,cfbd
Lycoming,2021,0,0,0,cfbd
Lycoming,2022,4,6,0,cfbd
Lycoming,2023,4,6,0,cfbd
Lycoming,2024,4,6,0,cfbd
Lycoming,2025,5,6,0,cfbd
Lycoming,2026,0,0,0,cfbd
Lyon,2024,1,9,0,cfbd
Lyon,2025,2,7,1,cfbd
Lyon,2026,0,0,0,cfbd
Macalester,2014,0,0,0,cfbd
Macalester,2015,0,0,0,cfbd
Macalester,2016,0,0,0,cfbd
Macalester,2017,0,0,0,cfbd
Macalester,2018,0,0,0,cfbd
Macalester,2019,0,0,0,cfbd
Macalester,2020,0,0,0,cfbd
Macalester,2021,0,0,0,cfbd
Macalester,2022,4,5,0,cfbd
Macalester,2023,3,7,0,cfbd
Macalester,2024,0,10,0,cfbd
Macalester,2025,3,7,0,cfbd
Macalester,2026,0,0,0,cfbd
MacMurray College,2014,0,0,0,cfbd
MacMurray College,2015,0,0,0,cfbd
MacMurray College,2016,0,0,0,cfbd
MacMurray College,2017,0,0,0,cfbd
MacMurray College,2018,0,0,0,cfbd
MacMurray College,2019,0,0,0,cfbd
Maine,1936,0,1,0,cfbd
Maine,1937,0,1,0,cfbd
Maine,1938,0,1,0,cfbd
Maine,1939,0,0,0,cfbd
Maine,1940,0,1,0,cfbd
Maine,1941,0,0,0,cfbd
Maine,1942,0,1,0,cfbd
Maine,1943,0,0,0,cfbd
Maine,1944,0,0,0,cfbd
Maine,1945,0,0,0,cfbd
Maine,1946,0,0,0,cfbd
Maine,1947,0,0,0,cfbd
Maine,1948,0,0,0,cfbd
Maine,1949,0,0,0,cfbd
Maine,1950,0,0,0,cfbd
Maine,1951,0,0,0,cfbd
Maine,1952,0,0,0,cfbd
Maine,1953,0,0,0,cfbd
Maine,1954,0,0,0,cfbd
Maine,1955,0,0,0,cfbd
Maine,1956,0,0,0,cfbd
Maine,1957,0,0,0,cfbd
Maine,1958,0,0,0,cfbd
Maine,1959,0,0,0,cfbd
Maine,1960,0,0,0,cfbd
Maine,1961,0,0,0,cfbd
Maine,1962,0,0,0,cfbd
Maine,1963,0,0,0,cfbd
Maine,1964,0,0,0,cfbd
Maine,1965,0,1,0,cfbd
Maine,1966,0,0,0,cfbd
Maine,1967,0,2,0,cfbd
Maine,1968,0,0,0,cfbd
Maine,1969,0,1,0,cfbd
Maine,1970,0,0,0,cfbd
Maine,1971,0,0,0,cfbd
Maine,1972,0,0,0,cfbd
Maine,1973,0,0,0,cfbd
Maine,1974,0,0,0,cfbd
Maine,1975,0,0,0,cfbd
Maine,1976,0,0,0,cfbd
Maine,1977,0,1,0,cfbd
Maine,1978,0,0,0,cfbd
Maine,1979,0,1,0,cfbd
Maine,1980,0,1,0,cfbd
Maine,1981,1,0,0,cfbd
Maine,1982,0,0,0,cfbd
Maine,1983,0,0,0,cfbd
Maine,1984,0,0,0,cfbd
Maine,1985,0,0,0,cfbd
Maine,1986,0,0,0,cfbd
Maine,1987,0,0,0,cfbd
Maine,1988,0,0,0,cfbd
Maine,1989,0,0,0,cfbd
Maine,1990,0,1,0,cfbd
Maine,1991,0,1,0,cfbd
Maine,1992,0,0,0,cfbd
Maine,1993,0,0,0,cfbd
Maine,1994,0,0,0,cfbd
Maine,1995,0,0,0,cfbd
Maine,1996,0,0,0,cfbd
Maine,1997,0,0,0,cfbd
Maine,1998,0,0,0,cfbd
Maine,1999,0,0,0,cfbd
Maine,2000,0,0,0,cfbd
Maine,2001,0,0,0,cfbd
Maine,2002,0,0,0,cfbd
Maine,2003,6,5,0,cfbd
Maine,2004,6,6,0,cfbd
Maine,2005,5,6,0,cfbd
Maine,2006,6,6,0,cfbd
Maine,2007,4,7,0,cfbd
Maine,2008,9,5,0,cfbd
Maine,2009,5,6,0,cfbd
Maine,2010,4,5,0,cfbd
Maine,2011,9,3,0,cfbd
Maine,2012,5,6,0,cfbd
Maine,2013,10,2,0,cfbd
Maine,2014,5,6,0,cfbd
Maine,2015,3,8,0,cfbd
Maine,2016,6,5,0,cfbd
Maine,2017,4,6,0,cfbd
Maine,2018,10,4,0,cfbd
Maine,2019,6,6,0,cfbd
Maine,2020,2,2,0,cfbd
Maine,2021,6,5,0,cfbd
Maine,2022,2,9,0,cfbd
Maine,2023,2,9,0,cfbd
Maine,2024,5,7,0,cfbd
Maine,2025,6,6,0,cfbd
Maine,2026,1,0,0,cfbd
Maine Maritime,2014,0,0,0,cfbd
Maine Maritime,2015,0,0,0,cfbd
Maine Maritime,2016,0,0,0,cfbd
Maine Maritime,2017,0,0,0,cfbd
Maine Maritime,2018,0,0,0,cfbd
Maine Maritime,2019,0,0,0,cfbd
Maine Maritime,2024,0,3,0,cfbd
Maine Maritime,2025,0,10,0,cfbd
Maine Maritime,2026,0,0,0,cfbd
Malone,2014,0,0,0,cfbd
Malone,2015,0,0,0,cfbd
Malone,2016,0,2,0,cfbd
Malone,2017,0,0,0,cfbd
Malone,2018,0,0,0,cfbd
Manchester,2014,0,0,0,cfbd
Manchester,2015,0,0,0,cfbd
Manchester,2016,0,0,0,cfbd
Manchester,2017,0,0,0,cfbd
Manchester,2018,0,0,0,cfbd
Manchester,2019,0,0,0,cfbd
Manchester,2020,0,5,0,cfbd
Manchester,2021,0,0,0,cfbd
Manchester,2022,1,9,0,cfbd
Manchester,2023,1,9,0,cfbd
Manchester,2024,0,10,0,cfbd
Manchester,2025,0,10,0,cfbd
Manchester,2026,0,0,0,cfbd
Manhattan,1936,6,4,0,cfbd
Manhattan,1937,6,3,1,cfbd
Manhattan,1938,5,4,0,cfbd
Manhattan,1939,4,4,0,cfbd
Manhattan,1940,3,6,0,cfbd
Manhattan,1941,4,4,1,cfbd
Manhattan,1942,2,6,0,cfbd
Maranatha Baptist College,2014,0,0,0,cfbd
Maranatha Baptist College,2015,0,0,0,cfbd
Maranatha Baptist College,2016,0,0,0,cfbd
March Field,1943,9,1,0,cfbd
March Field,1944,7,2,3,cfbd
Marietta,2014,0,0,0,cfbd
Marietta,2015,0,0,0,cfbd
Marietta,2016,0,0,0,cfbd
Marietta,2017,0,0,0,cfbd
Marietta,2018,0,0,0,cfbd
Marietta,2019,0,0,0,cfbd
Marietta,2020,2,2,0,cfbd
Marietta,2021,0,0,0,cfbd
Marietta,2022,6,4,0,cfbd
Marietta,2023,8,2,0,cfbd
Marietta,2024,8,2,0,cfbd
Marietta,2025,5,5,0,cfbd
Marietta,2026,0,0,0,cfbd
Marist,1978,0,0,0,cfbd
Marist,1979,0,0,0,cfbd
Marist,1980,0,0,0,cfbd
Marist,1981,0,0,0,cfbd
Marist,1982,0,0,0,cfbd
Marist,1983,0,0,0,cfbd
Marist,1984,0,0,0,cfbd
Marist,1985,0,0,0,cfbd
Marist,1986,0,0,0,cfbd
Marist,1987,0,0,0,cfbd
Marist,1988,0,0,0,cfbd
Marist,1989,0,0,0,cfbd
Marist,1990,0,0,0,cfbd
Marist,1991,0,0,0,cfbd
Marist,1992,0,0,0,cfbd
Marist,1993,0,0,0,cfbd
Marist,1994,0,0,0,cfbd
Marist,1995,0,0,0,cfbd
Marist,1996,0,0,0,cfbd
Marist,1997,0,0,0,cfbd
Marist,1998,0,0,0,cfbd
Marist,1999,0,0,0,cfbd
Marist,2000,0,0,0,cfbd
Marist,2001,0,0,0,cfbd
Marist,2002,0,0,0,cfbd
Marist,2003,4,6,0,cfbd
Marist,2004,3,6,0,cfbd
Marist,2005,7,4,0,cfbd
Marist,2006,4,6,0,cfbd
Marist,2007,3,8,0,cfbd
Marist,2008,4,7,0,cfbd
Marist,2009,7,4,0,cfbd
Marist,2010,3,8,0,cfbd
Marist,2011,4,7,0,cfbd
Marist,2012,4,7,0,cfbd
Marist,2013,8,3,0,cfbd
Marist,2014,4,6,0,cfbd
Marist,2015,5,6,0,cfbd
Marist,2016,5,6,0,cfbd
Marist,2017,4,7,0,cfbd
Marist,2018,5,6,0,cfbd
Marist,2019,4,7,0,cfbd
Marist,2021,5,5,0,cfbd
Marist,2022,4,7,0,cfbd
Marist,2023,4,7,0,cfbd
Marist,2024,1,10,0,cfbd
Marist,2025,5,7,0,cfbd
Marist,2026,0,1,0,cfbd
Marquette,1936,7,2,0,cfbd
Marquette,1937,3,6,0,cfbd
Marquette,1938,1,7,0,cfbd
Marquette,1939,4,4,0,cfbd
Marquette,1940,2,6,1,cfbd
Marquette,1941,4,5,0,cfbd
Marquette,1942,7,2,0,cfbd
Marquette,1943,3,4,1,cfbd
Marquette,1944,1,7,0,cfbd
Marquette,1945,5,4,1,cfbd
Marquette,1946,4,5,0,cfbd
Marquette,1947,4,5,0,cfbd
Marquette,1948,2,8,0,cfbd
Marquette,1949,4,5,0,cfbd
Marquette,1950,5,3,1,cfbd
Marquette,1951,4,6,1,cfbd
Marquette,1952,3,5,1,cfbd
Marquette,1953,6,3,1,cfbd
Marquette,1954,3,5,1,cfbd
Marquette,1955,2,6,1,cfbd
Marquette,1956,0,9,0,cfbd
Marquette,1957,0,10,0,cfbd
Marquette,1958,2,7,1,cfbd
Marquette,1959,3,7,0,cfbd
Marquette,1960,3,6,0,cfbd
Mars Hill,2014,0,0,0,cfbd
Mars Hill,2015,0,2,0,cfbd
Mars Hill,2016,0,1,0,cfbd
Mars Hill,2017,0,1,0,cfbd
Mars Hill,2018,0,1,0,cfbd
Mars Hill,2019,0,1,0,cfbd
Mars Hill,2020,1,2,0,cfbd
Mars Hill,2021,8,3,0,cfbd
Mars Hill,2022,7,3,0,cfbd
Mars Hill,2023,8,2,0,cfbd
Mars Hill,2024,5,4,1,cfbd
Mars Hill,2025,5,6,0,cfbd
Mars Hill,2026,0,0,0,cfbd
Marshall,1936,0,0,0,cfbd
Marshall,1937,0,0,0,cfbd
Marshall,1938,0,1,0,cfbd
Marshall,1939,1,1,0,cfbd
Marshall,1940,1,1,0,cfbd
Marshall,1941,1,0,0,cfbd
Marshall,1942,0,0,0,cfbd
Marshall,1946,0,0,0,cfbd
Marshall,1947,0,1,0,cfbd
Marshall,1948,0,1,0,cfbd
Marshall,1949,0,1,0,cfbd
Marshall,1950,0,0,0,cfbd
Marshall,1951,0,1,0,cfbd
Marshall,1952,0,1,0,cfbd
Marshall,1953,0,1,0,cfbd
Marshall,1954,0,0,0,cfbd
Marshall,1955,0,0,0,cfbd
Marshall,1956,0,0,0,cfbd
Marshall,1957,0,0,0,cfbd
Marshall,1958,0,0,0,cfbd
Marshall,1959,0,1,0,cfbd
Marshall,1960,0,1,0,cfbd
Marshall,1961,0,2,0,cfbd
Marshall,1962,4,6,0,cfbd
Marshall,1963,5,4,1,cfbd
Marshall,1964,7,3,0,cfbd
Marshall,1965,5,5,0,cfbd
Marshall,1966,2,8,0,cfbd
Marshall,1967,0,10,0,cfbd
Marshall,1968,0,9,1,cfbd
Marshall,1969,3,7,0,cfbd
Marshall,1970,3,6,0,cfbd
Marshall,1971,2,8,0,cfbd
Marshall,1972,2,8,0,cfbd
Marshall,1973,4,7,0,cfbd
Marshall,1974,1,10,0,cfbd
Marshall,1975,2,9,0,cfbd
Marshall,1976,4,7,0,cfbd
Marshall,1977,2,9,0,cfbd
Marshall,1978,1,10,0,cfbd
Marshall,1979,1,10,0,cfbd
Marshall,1980,2,8,1,cfbd
Marshall,1981,2,9,0,cfbd
Marshall,1982,1,2,0,cfbd
Marshall,1983,0,3,0,cfbd
Marshall,1984,2,1,0,cfbd
Marshall,1985,1,0,0,cfbd
Marshall,1986,1,0,0,cfbd
Marshall,1987,1,1,0,cfbd
Marshall,1988,1,0,0,cfbd
Marshall,1989,0,0,0,cfbd
Marshall,1990,0,0,0,cfbd
Marshall,1991,0,1,0,cfbd
Marshall,1992,0,1,0,cfbd
Marshall,1993,0,1,0,cfbd
Marshall,1994,0,0,0,cfbd
Marshall,1995,0,1,0,cfbd
Marshall,1996,0,0,0,cfbd
Marshall,1997,10,3,0,cfbd
Marshall,1998,12,1,0,cfbd
Marshall,1999,13,0,0,cfbd
Marshall,2000,8,5,0,cfbd
Marshall,2001,11,2,0,cfbd
Marshall,2002,11,2,0,cfbd
Marshall,2003,8,4,0,cfbd
Marshall,2004,6,6,0,cfbd
Marshall,2005,4,7,0,cfbd
Marshall,2006,5,7,0,cfbd
Marshall,2007,3,9,0,cfbd
Marshall,2008,4,8,0,cfbd
Marshall,2009,7,6,0,cfbd
Marshall,2010,5,7,0,cfbd
Marshall,2011,7,6,0,cfbd
Marshall,2012,5,7,0,cfbd
Marshall,2013,10,4,0,cfbd
Marshall,2014,13,1,0,cfbd
Marshall,2015,10,3,0,cfbd
Marshall,2016,3,9,0,cfbd
Marshall,2017,8,5,0,cfbd
Marshall,2018,9,4,0,cfbd
Marshall,2019,8,5,0,cfbd
Marshall,2020,7,3,0,cfbd
Marshall,2021,7,6,0,cfbd
Marshall,2022,9,4,0,cfbd
Marshall,2023,6,7,0,cfbd
Marshall,2024,10,3,0,cfbd
Marshall,2025,5,7,0,cfbd
Marshall,2026,0,0,0,cfbd
Martin Luther,2014,0,0,0,cfbd
Martin Luther,2015,0,0,0,cfbd
Martin Luther,2016,0,0,0,cfbd
Martin Luther,2017,0,0,0,cfbd
Martin Luther,2018,0,0,0,cfbd
Martin Luther,2019,0,0,0,cfbd
Martin Luther,2020,3,1,0,cfbd
Martin Luther,2021,0,0,0,cfbd
Martin Luther,2022,2,8,0,cfbd
Martin Luther,2023,2,8,0,cfbd
Martin Luther,2024,6,4,0,cfbd
Martin Luther,2025,5,5,0,cfbd
Martin Luther,2026,0,0,0,cfbd
Mary Hardin Baylor,2014,0,0,0,cfbd
Mary Hardin Baylor,2015,0,0,0,cfbd
Mary Hardin Baylor,2016,1,0,0,cfbd
Mary Hardin Baylor,2017,0,1,0,cfbd
Mary Hardin Baylor,2018,1,0,0,cfbd
Mary Hardin Baylor,2019,0,0,0,cfbd
Mary Hardin Baylor,2020,5,0,0,cfbd
Mary Hardin Baylor,2021,1,0,0,cfbd
Mary Hardin Baylor,2022,12,2,0,cfbd
Mary Hardin Baylor,2023,6,4,0,cfbd
Mary Hardin Baylor,2024,8,4,0,cfbd
Mary Hardin Baylor,2025,7,3,0,cfbd
Mary Hardin Baylor,2026,0,0,0,cfbd
Maryland,1935,167,150,28,manual
Maryland,1936,6,5,0,cfbd
Maryland,1937,8,2,0,cfbd
Maryland,1938,2,7,0,cfbd
Maryland,1939,2,7,0,cfbd
Maryland,1940,2,6,1,cfbd
Maryland,1941,3,5,1,cfbd
Maryland,1942,7,2,0,cfbd
Maryland,1943,4,5,0,cfbd
Maryland,1944,1,7,1,cfbd
Maryland,1945,6,2,1,cfbd
Maryland,1946,3,6,0,cfbd
Maryland,1947,7,2,2,cfbd
Maryland,1948,6,4,0,cfbd
Maryland,1949,9,1,0,cfbd
Maryland,1950,7,2,1,cfbd
Maryland,1951,10,0,0,cfbd
Maryland,1952,7,2,0,cfbd
Maryland,1953,10,1,0,cfbd
Maryland,1954,7,2,1,cfbd
Maryland,1955,10,1,0,cfbd
Maryland,1956,2,7,1,cfbd
Maryland,1957,5,5,0,cfbd
Maryland,1958,4,6,0,cfbd
Maryland,1959,5,5,0,cfbd
Maryland,1960,6,4,0,cfbd
Maryland,1961,7,3,0,cfbd
Maryland,1962,6,4,0,cfbd
Maryland,1963,3,7,0,cfbd
Maryland,1964,5,5,0,cfbd
Maryland,1965,4,6,0,cfbd
Maryland,1966,4,6,0,cfbd
Maryland,1967,0,9,0,cfbd
Maryland,1968,2,8,0,cfbd
Maryland,1969,3,7,0,cfbd
Maryland,1970,2,9,0,cfbd
Maryland,1971,2,9,0,cfbd
Maryland,1972,5,5,1,cfbd
Maryland,1973,8,4,0,cfbd
Maryland,1974,8,4,0,cfbd
Maryland,1975,9,2,1,cfbd
Maryland,1976,11,1,0,cfbd
Maryland,1977,8,4,0,cfbd
Maryland,1978,9,3,0,cfbd
Maryland,1979,7,4,0,cfbd
Maryland,1980,8,4,0,cfbd
Maryland,1981,4,6,1,cfbd
Maryland,1982,8,4,0,cfbd
Maryland,1983,8,4,0,cfbd
Maryland,1984,9,3,0,cfbd
Maryland,1985,9,3,0,cfbd
Maryland,1986,5,5,1,cfbd
Maryland,1987,4,7,0,cfbd
Maryland,1988,5,6,0,cfbd
Maryland,1989,3,7,1,cfbd
Maryland,1990,6,5,1,cfbd
Maryland,1991,2,9,0,cfbd
Maryland,1992,3,8,0,cfbd
Maryland,1993,2,9,0,cfbd
Maryland,1994,4,7,0,cfbd
Maryland,1995,6,5,0,cfbd
Maryland,1996,5,6,0,cfbd
Maryland,1997,2,9,0,cfbd
Maryland,1998,3,8,0,cfbd
Maryland,1999,5,6,0,cfbd
Maryland,2000,5,6,0,cfbd
Maryland,2001,10,2,0,cfbd
Maryland,2002,11,3,0,cfbd
Maryland,2003,10,3,0,cfbd
Maryland,2004,5,6,0,cfbd
Maryland,2005,5,6,0,cfbd
Maryland,2006,9,4,0,cfbd
Maryland,2007,6,7,0,cfbd
Maryland,2008,8,5,0,cfbd
Maryland,2009,2,10,0,cfbd
Maryland,2010,9,4,0,cfbd
Maryland,2011,2,10,0,cfbd
Maryland,2012,4,8,0,cfbd
Maryland,2013,7,6,0,cfbd
Maryland,2014,7,6,0,cfbd
Maryland,2015,3,9,0,cfbd
Maryland,2016,6,7,0,cfbd
Maryland,2017,4,8,0,cfbd
Maryland,2018,5,7,0,cfbd
Maryland,2019,3,9,0,cfbd
Maryland,2020,2,3,0,cfbd
Maryland,2021,7,6,0,cfbd
Maryland,2022,8,5,0,cfbd
Maryland,2023,8,5,0,cfbd
Maryland,2024,4,8,0,cfbd
Maryland,2025,4,8,0,cfbd
Maryland,2026,0,0,0,cfbd
Maryville (TN),2014,0,0,0,cfbd
Maryville (TN),2015,1,0,0,cfbd
Maryville (TN),2016,0,0,0,cfbd
Maryville (TN),2017,0,0,0,cfbd
Maryville (TN),2018,0,0,0,cfbd
Maryville (TN),2019,0,0,0,cfbd
Maryville (TN),2020,0,2,0,cfbd
Maryville (TN),2021,0,0,0,cfbd
Maryville (TN),2022,5,5,0,cfbd
Maryville (TN),2023,8,2,0,cfbd
Maryville (TN),2024,9,2,1,cfbd
Maryville (TN),2025,7,3,0,cfbd
Maryville (TN),2026,0,0,0,cfbd
Mass Maritime,2014,0,0,0,cfbd
Mass Maritime,2015,0,0,0,cfbd
Mass Maritime,2016,0,0,0,cfbd
Mass Maritime,2017,0,0,0,cfbd
Mass Maritime,2018,0,0,0,cfbd
Mass Maritime,2019,0,0,0,cfbd
Mass Maritime,2020,0,0,0,cfbd
Mass Maritime,2021,0,0,0,cfbd
Mass Maritime,2022,3,7,0,cfbd
Mass Maritime,2023,2,8,0,cfbd
Mass Maritime,2024,5,5,0,cfbd
Mass Maritime,2025,5,5,0,cfbd
Mass Maritime,2026,0,0,0,cfbd
Massachusetts,1936,0,0,0,cfbd
Massachusetts,1937,0,0,0,cfbd
Massachusetts,1938,0,0,0,cfbd
Massachusetts,1939,0,0,0,cfbd
Massachusetts,1940,0,0,0,cfbd
Massachusetts,1941,0,0,0,cfbd
Massachusetts,1942,0,0,0,cfbd
Massachusetts,1945,0,0,0,cfbd
Massachusetts,1946,0,0,0,cfbd
Massachusetts,1947,0,0,0,cfbd
Massachusetts,1948,0,0,0,cfbd
Massachusetts,1949,0,0,0,cfbd
Massachusetts,1950,0,0,0,cfbd
Massachusetts,1951,0,0,0,cfbd
Massachusetts,1952,0,0,0,cfbd
Massachusetts,1953,0,0,0,cfbd
Massachusetts,1954,1,0,0,cfbd
Massachusetts,1955,0,1,0,cfbd
Massachusetts,1956,0,1,0,cfbd
Massachusetts,1957,0,1,0,cfbd
Massachusetts,1958,0,1,0,cfbd
Massachusetts,1959,0,2,0,cfbd
Massachusetts,1960,1,1,0,cfbd
Massachusetts,1961,0,3,0,cfbd
Massachusetts,1962,1,2,0,cfbd
Massachusetts,1963,1,0,1,cfbd
Massachusetts,1964,3,2,0,cfbd
Massachusetts,1965,1,1,0,cfbd
Massachusetts,1966,0,3,0,cfbd
Massachusetts,1967,1,2,0,cfbd
Massachusetts,1968,0,3,0,cfbd
Massachusetts,1969,0,2,0,cfbd
Massachusetts,1970,1,3,0,cfbd
Massachusetts,1971,1,2,0,cfbd
Massachusetts,1972,2,1,0,cfbd
Massachusetts,1973,2,3,0,cfbd
Massachusetts,1974,1,4,0,cfbd
Massachusetts,1975,2,1,0,cfbd
Massachusetts,1976,2,3,0,cfbd
Massachusetts,1977,2,2,0,cfbd
Massachusetts,1978,2,3,0,cfbd
Massachusetts,1979,1,4,0,cfbd
Massachusetts,1980,2,1,0,cfbd
Massachusetts,1981,2,1,0,cfbd
Massachusetts,1982,0,1,0,cfbd
Massachusetts,1983,0,1,0,cfbd
Massachusetts,1984,1,0,0,cfbd
Massachusetts,1985,0,0,0,cfbd
Massachusetts,1986,0,0,0,cfbd
Massachusetts,1987,0,0,0,cfbd
Massachusetts,1988,0,1,0,cfbd
Massachusetts,1989,0,0,0,cfbd
Massachusetts,1990,0,0,0,cfbd
Massachusetts,1991,0,0,0,cfbd
Massachusetts,1992,0,0,0,cfbd
Massachusetts,1993,0,0,0,cfbd
Massachusetts,1994,0,0,0,cfbd
Massachusetts,1995,0,0,0,cfbd
Massachusetts,1996,0,0,0,cfbd
Massachusetts,1997,0,0,0,cfbd
Massachusetts,1998,0,0,0,cfbd
Massachusetts,1999,0,1,0,cfbd
Massachusetts,2000,0,0,0,cfbd
Massachusetts,2001,0,1,0,cfbd
Massachusetts,2002,0,1,0,cfbd
Massachusetts,2003,10,2,0,cfbd
Massachusetts,2004,6,6,0,cfbd
Massachusetts,2005,6,4,0,cfbd
Massachusetts,2006,12,1,0,cfbd
Massachusetts,2007,10,3,0,cfbd
Massachusetts,2008,7,5,0,cfbd
Massachusetts,2009,5,6,0,cfbd
Massachusetts,2010,6,5,0,cfbd
Massachusetts,2011,5,6,0,cfbd
Massachusetts,2012,1,11,0,cfbd
Massachusetts,2013,1,11,0,cfbd
Massachusetts,2014,3,9,0,cfbd
Massachusetts,2015,3,9,0,cfbd
Massachusetts,2016,2,10,0,cfbd
Massachusetts,2017,4,8,0,cfbd
Massachusetts,2018,4,8,0,cfbd
Massachusetts,2019,1,11,0,cfbd
Massachusetts,2020,0,4,0,cfbd
Massachusetts,2021,1,11,0,cfbd
Massachusetts,2022,1,11,0,cfbd
Massachusetts,2023,3,9,0,cfbd
Massachusetts,2024,2,10,0,cfbd
Massachusetts,2025,0,12,0,cfbd
Massachusetts,2026,0,0,0,cfbd
McDaniel,2014,0,0,0,cfbd
McDaniel,2015,0,0,0,cfbd
McDaniel,2016,0,0,0,cfbd
McDaniel,2017,0,0,0,cfbd
McDaniel,2018,0,0,0,cfbd
McDaniel,2019,0,0,0,cfbd
McDaniel,2020,0,0,0,cfbd
McDaniel,2021,0,0,0,cfbd
McDaniel,2022,3,7,0,cfbd
McDaniel,2023,0,10,0,cfbd
McDaniel,2024,1,9,0,cfbd
McDaniel,2025,1,9,0,cfbd
McDaniel,2026,0,0,0,cfbd
McKendree,2014,0,0,0,cfbd
McKendree,2015,0,0,0,cfbd
McKendree,2016,0,1,0,cfbd
McKendree,2017,0,0,0,cfbd
McKendree,2018,0,0,0,cfbd
McKendree,2019,0,0,0,cfbd
McKendree,2020,1,1,0,cfbd
McKendree,2021,2,7,0,cfbd
McKendree,2022,5,6,0,cfbd
McKendree,2023,5,5,0,cfbd
McKendree,2024,5,6,0,cfbd
McKendree,2025,4,6,0,cfbd
McKendree,2026,0,0,0,cfbd
McMurry,2014,1,0,0,cfbd
McMurry,2015,0,0,0,cfbd
McMurry,2016,0,0,0,cfbd
McMurry,2017,0,0,0,cfbd
McMurry,2018,0,0,0,cfbd
McMurry,2019,0,0,0,cfbd
McMurry,2020,2,3,0,cfbd
McMurry,2021,0,0,0,cfbd
McMurry,2022,1,9,0,cfbd
McMurry,2023,6,4,0,cfbd
McMurry,2024,7,3,0,cfbd
McMurry,2025,6,4,0,cfbd
McMurry,2026,0,0,0,cfbd
McNeese,1951,0,0,0,cfbd
McNeese,1952,0,0,0,cfbd
McNeese,1953,0,0,0,cfbd
McNeese,1954,0,0,0,cfbd
McNeese,1955,0,0,0,cfbd
McNeese,1956,0,0,0,cfbd
McNeese,1957,0,0,0,cfbd
McNeese,1958,0,0,0,cfbd
McNeese,1959,0,0,0,cfbd
McNeese,1960,0,0,0,cfbd
McNeese,1961,0,0,0,cfbd
McNeese,1962,0,0,0,cfbd
McNeese,1963,0,0,0,cfbd
McNeese,1964,0,1,0,cfbd
McNeese,1965,0,1,0,cfbd
McNeese,1966,0,0,0,cfbd
McNeese,1967,0,0,0,cfbd
McNeese,1968,0,0,0,cfbd
McNeese,1969,0,0,0,cfbd
McNeese,1970,0,0,0,cfbd
McNeese,1971,0,0,0,cfbd
McNeese,1972,0,0,0,cfbd
McNeese,1973,2,1,0,cfbd
McNeese,1974,3,2,0,cfbd
McNeese,1975,7,4,0,cfbd
McNeese,1976,10,2,0,cfbd
McNeese,1977,5,5,1,cfbd
McNeese,1978,7,4,0,cfbd
McNeese,1979,11,1,0,cfbd
McNeese,1980,10,2,0,cfbd
McNeese,1981,7,3,1,cfbd
McNeese,1982,0,2,1,cfbd
McNeese,1983,1,1,0,cfbd
McNeese,1984,2,0,0,cfbd
McNeese,1985,1,0,0,cfbd
McNeese,1986,0,1,0,cfbd
McNeese,1987,0,1,0,cfbd
McNeese,1988,1,1,0,cfbd
McNeese,1989,0,0,0,cfbd
McNeese,1990,0,1,0,cfbd
McNeese,1991,0,0,0,cfbd
McNeese,1992,0,1,0,cfbd
McNeese,1993,0,0,0,cfbd
McNeese,1994,0,0,0,cfbd
McNeese,1995,0,0,0,cfbd
McNeese,1996,0,0,0,cfbd
McNeese,1997,0,0,0,cfbd
McNeese,1998,0,0,0,cfbd
McNeese,1999,0,0,0,cfbd
McNeese,2000,0,1,0,cfbd
McNeese,2001,0,1,0,cfbd
McNeese,2002,1,1,0,cfbd
McNeese,2003,10,1,0,cfbd
McNeese,2004,5,7,0,cfbd
McNeese,2005,5,4,0,cfbd
McNeese,2006,7,5,0,cfbd
McNeese,2007,10,1,0,cfbd
McNeese,2008,2,1,0,cfbd
McNeese,2009,9,3,0,cfbd
McNeese,2010,6,5,0,cfbd
McNeese,2011,6,5,0,cfbd
McNeese,2012,7,4,0,cfbd
McNeese,2013,10,2,0,cfbd
McNeese,2014,6,5,0,cfbd
McNeese,2015,9,1,0,cfbd
McNeese,2016,6,5,0,cfbd
McNeese,2017,8,2,0,cfbd
McNeese,2018,6,5,0,cfbd
McNeese,2019,7,5,0,cfbd
McNeese,2020,3,4,0,cfbd
McNeese,2021,4,7,0,cfbd
McNeese,2022,4,7,0,cfbd
McNeese,2023,1,10,0,cfbd
McNeese,2024,6,6,0,cfbd
McNeese,2025,5,7,0,cfbd
McNeese,2026,0,0,0,cfbd
Memphis,1936,0,0,0,cfbd
Memphis,1937,0,0,0,cfbd
Memphis,1938,0,0,0,cfbd
Memphis,1939,0,2,0,cfbd
Memphis,1940,0,1,0,cfbd
Memphis,1941,0,0,0,cfbd
Memphis,1942,0,1,0,cfbd
Memphis,1947,0,0,0,cfbd
Memphis,1948,0,0,0,cfbd
Memphis,1949,1,1,0,cfbd
Memphis,1950,0,2,0,cfbd
Memphis,1951,0,3,0,cfbd
Memphis,1952,0,1,0,cfbd
Memphis,1953,1,3,0,cfbd
Memphis,1954,0,3,1,cfbd
Memphis,1955,0,3,0,cfbd
Memphis,1956,0,1,0,cfbd
Memphis,1957,0,2,0,cfbd
Memphis,1958,0,4,0,cfbd
Memphis,1959,1,3,0,cfbd
Memphis,1960,8,2,0,cfbd
Memphis,1961,8,2,0,cfbd
Memphis,1962,8,1,0,cfbd
Memphis,1963,9,0,1,cfbd
Memphis,1964,5,4,0,cfbd
Memphis,1965,5,5,0,cfbd
Memphis,1966,7,2,0,cfbd
Memphis,1967,6,3,0,cfbd
Memphis,1968,6,4,0,cfbd
Memphis,1969,8,2,0,cfbd
Memphis,1970,6,4,0,cfbd
Memphis,1971,5,6,0,cfbd
Memphis,1972,5,5,1,cfbd
Memphis,1973,8,3,0,cfbd
Memphis,1974,7,4,0,cfbd
Memphis,1975,7,4,0,cfbd
Memphis,1976,7,4,0,cfbd
Memphis,1977,6,5,0,cfbd
Memphis,1978,4,7,0,cfbd
Memphis,1979,5,6,0,cfbd
Memphis,1980,2,9,0,cfbd
Memphis,1981,1,10,0,cfbd
Memphis,1982,1,10,0,cfbd
Memphis,1983,6,4,1,cfbd
Memphis,1984,5,5,1,cfbd
Memphis,1985,2,7,2,cfbd
Memphis,1986,1,10,0,cfbd
Memphis,1987,5,5,1,cfbd
Memphis,1988,6,5,0,cfbd
Memphis,1989,2,9,0,cfbd
Memphis,1990,4,6,1,cfbd
Memphis,1991,5,6,0,cfbd
Memphis,1992,6,5,0,cfbd
Memphis,1993,6,5,0,cfbd
Memphis,1994,6,5,0,cfbd
Memphis,1995,3,8,0,cfbd
Memphis,1996,4,7,0,cfbd
Memphis,1997,4,7,0,cfbd
Memphis,1998,2,9,0,cfbd
Memphis,1999,5,6,0,cfbd
Memphis,2000,4,7,0,cfbd
Memphis,2001,5,6,0,cfbd
Memphis,2002,3,9,0,cfbd
Memphis,2003,9,4,0,cfbd
Memphis,2004,8,4,0,cfbd
Memphis,2005,7,5,0,cfbd
Memphis,2006,2,10,0,cfbd
Memphis,2007,7,6,0,cfbd
Memphis,2008,6,7,0,cfbd
Memphis,2009,2,10,0,cfbd
Memphis,2010,1,11,0,cfbd
Memphis,2011,2,10,0,cfbd
Memphis,2012,4,8,0,cfbd
Memphis,2013,3,9,0,cfbd
Memphis,2014,10,3,0,cfbd
Memphis,2015,9,4,0,cfbd
Memphis,2016,8,5,0,cfbd
Memphis,2017,10,3,0,cfbd
Memphis,2018,8,6,0,cfbd
Memphis,2019,12,2,0,cfbd
Memphis,2020,8,3,0,cfbd
Memphis,2021,6,6,0,cfbd
Memphis,2022,7,6,0,cfbd
Memphis,2023,10,3,0,cfbd
Memphis,2024,11,2,0,cfbd
Memphis,2025,8,5,0,cfbd
Memphis,2026,0,0,0,cfbd
Mercer,1936,3,6,1,cfbd
Mercer,1937,0,2,0,cfbd
Mercer,1938,0,3,0,cfbd
Mercer,1939,0,3,0,cfbd
Mercer,1940,0,3,0,cfbd
Mercer,1941,0,1,0,cfbd
Mercer,2013,10,2,0,cfbd
Mercer,2014,6,5,0,cfbd
Mercer,2015,5,6,0,cfbd
Mercer,2016,6,5,0,cfbd
Mercer,2017,5,6,0,cfbd
Mercer,2018,5,6,0,cfbd
Mercer,2019,4,8,0,cfbd
Mercer,2020,5,6,0,cfbd
Mercer,2021,7,3,0,cfbd
Mercer,2022,7,4,0,cfbd
Mercer,2023,9,4,0,cfbd
Mercer,2024,11,3,0,cfbd
Mercer,2025,9,3,0,cfbd
Mercer,2026,0,0,0,cfbd
Merchant Marine,1945,5,3,0,cfbd
Merchant Marine,1946,4,7,0,cfbd
Merchant Marine,1947,2,9,0,cfbd
Merchant Marine,2014,0,0,0,cfbd
Merchant Marine,2015,0,0,0,cfbd
Merchant Marine,2016,0,0,0,cfbd
Merchant Marine,2017,0,0,0,cfbd
Merchant Marine,2018,0,0,0,cfbd
Merchant Marine,2019,0,0,0,cfbd
Merchant Marine,2020,0,0,0,cfbd
Merchant Marine,2021,0,0,0,cfbd
Merchant Marine,2022,6,3,0,cfbd
Merchant Marine,2023,7,2,0,cfbd
Merchant Marine,2024,5,4,0,cfbd
Merchant Marine,2025,8,2,0,cfbd
Merchant Marine,2026,0,0,0,cfbd
Mercyhurst,1981,0,0,0,cfbd
Mercyhurst,1982,0,0,0,cfbd
Mercyhurst,1983,0,0,0,cfbd
Mercyhurst,1984,0,0,0,cfbd
Mercyhurst,1985,0,0,0,cfbd
Mercyhurst,1986,0,0,0,cfbd
Mercyhurst,1987,0,0,0,cfbd
Mercyhurst,1988,0,0,0,cfbd
Mercyhurst,1989,0,0,0,cfbd
Mercyhurst,1990,0,0,0,cfbd
Mercyhurst,1991,0,0,0,cfbd
Mercyhurst,1992,0,0,0,cfbd
Mercyhurst,1993,0,0,0,cfbd
Mercyhurst,1994,0,0,0,cfbd
Mercyhurst,1995,0,0,0,cfbd
Mercyhurst,1996,0,0,0,cfbd
Mercyhurst,1997,0,0,0,cfbd
Mercyhurst,1998,0,0,0,cfbd
Mercyhurst,1999,0,0,0,cfbd
Mercyhurst,2000,0,0,0,cfbd
Mercyhurst,2001,0,0,0,cfbd
Mercyhurst,2002,0,0,0,cfbd
Mercyhurst,2003,0,0,0,cfbd
Mercyhurst,2004,0,1,0,cfbd
Mercyhurst,2005,0,0,0,cfbd
Mercyhurst,2006,0,0,0,cfbd
Mercyhurst,2007,0,0,0,cfbd
Mercyhurst,2008,0,0,0,cfbd
Mercyhurst,2009,0,0,0,cfbd
Mercyhurst,2010,0,0,0,cfbd
Mercyhurst,2011,0,0,0,cfbd
Mercyhurst,2012,0,0,0,cfbd
Mercyhurst,2013,0,0,0,cfbd
Mercyhurst,2014,0,0,0,cfbd
Mercyhurst,2015,0,0,0,cfbd
Mercyhurst,2016,0,0,0,cfbd
Mercyhurst,2017,0,0,0,cfbd
Mercyhurst,2018,0,0,0,cfbd
Mercyhurst,2019,0,0,0,cfbd
Mercyhurst,2020,0,2,0,cfbd
Mercyhurst,2021,4,7,0,cfbd
Mercyhurst,2022,2,9,0,cfbd
Mercyhurst,2023,2,9,0,cfbd
Mercyhurst,2024,4,7,0,cfbd
Mercyhurst,2025,5,7,0,cfbd
Mercyhurst,2026,0,1,0,cfbd
Merrimack,1985,0,0,0,cfbd
Merrimack,1986,0,0,0,cfbd
Merrimack,1987,0,0,0,cfbd
Merrimack,1988,0,0,0,cfbd
Merrimack,1989,0,0,0,cfbd
Merrimack,1990,0,0,0,cfbd
Merrimack,1991,0,0,0,cfbd
Merrimack,1992,0,0,0,cfbd
Merrimack,1993,0,0,0,cfbd
Merrimack,1994,0,0,0,cfbd
Merrimack,1995,0,0,0,cfbd
Merrimack,1996,0,0,0,cfbd
Merrimack,1997,0,0,0,cfbd
Merrimack,1998,0,0,0,cfbd
Merrimack,1999,0,0,0,cfbd
Merrimack,2000,0,0,0,cfbd
Merrimack,2001,0,0,0,cfbd
Merrimack,2002,0,0,0,cfbd
Merrimack,2003,0,0,0,cfbd
Merrimack,2004,0,0,0,cfbd
Merrimack,2005,0,0,0,cfbd
Merrimack,2006,0,1,0,cfbd
Merrimack,2007,0,1,0,cfbd
Merrimack,2008,0,1,0,cfbd
Merrimack,2009,0,0,0,cfbd
Merrimack,2010,0,1,0,cfbd
Merrimack,2011,0,0,0,cfbd
Merrimack,2012,0,0,0,cfbd
Merrimack,2013,1,0,0,cfbd
Merrimack,2014,0,1,0,cfbd
Merrimack,2015,0,0,0,cfbd
Merrimack,2016,0,1,0,cfbd
Merrimack,2017,0,1,0,cfbd
Merrimack,2018,0,0,0,cfbd
Merrimack,2019,6,5,0,cfbd
Merrimack,2020,0,3,0,cfbd
Merrimack,2021,5,6,0,cfbd
Merrimack,2022,8,3,0,cfbd
Merrimack,2023,5,6,0,cfbd
Merrimack,2024,5,6,0,cfbd
Merrimack,2025,4,8,0,cfbd
Merrimack,2026,0,1,0,cfbd
Methodist,2014,0,0,0,cfbd
Methodist,2015,0,0,0,cfbd
Methodist,2016,0,0,0,cfbd
Methodist,2017,0,1,0,cfbd
Methodist,2018,0,0,0,cfbd
Methodist,2019,0,0,0,cfbd
Methodist,2020,4,0,0,cfbd
Methodist,2021,0,0,0,cfbd
Methodist,2022,5,5,0,cfbd
Methodist,2023,2,8,0,cfbd
Methodist,2024,1,9,0,cfbd
Methodist,2025,1,9,0,cfbd
Methodist,2026,0,0,0,cfbd
Miami,1936,6,2,2,cfbd
Miami,1937,4,4,1,cfbd
Miami,1938,8,2,0,cfbd
Miami,1939,5,5,0,cfbd
Miami,1940,3,7,0,cfbd
Miami,1941,8,2,0,cfbd
Miami,1942,7,2,0,cfbd
Miami,1943,0,0,0,cfbd
Miami,1944,1,7,1,cfbd
Miami,1945,9,1,1,cfbd
Miami,1946,8,2,0,cfbd
Miami,1947,2,7,1,cfbd
Miami,1948,4,6,0,cfbd
Miami,1949,6,3,0,cfbd
Miami,1950,9,1,1,cfbd
Miami,1951,8,3,0,cfbd
Miami,1952,4,7,0,cfbd
Miami,1953,4,5,0,cfbd
Miami,1954,8,1,0,cfbd
Miami,1955,6,3,0,cfbd
Miami,1956,8,1,1,cfbd
Miami,1957,5,4,1,cfbd
Miami,1958,2,8,0,cfbd
Miami,1959,6,4,0,cfbd
Miami,1960,6,4,0,cfbd
Miami,1961,7,4,0,cfbd
Miami,1962,7,4,0,cfbd
Miami,1963,3,7,0,cfbd
Miami,1964,4,5,1,cfbd
Miami,1965,5,4,1,cfbd
Miami,1966,8,2,1,cfbd
Miami,1967,7,4,0,cfbd
Miami,1968,5,5,0,cfbd
Miami,1969,4,6,0,cfbd
Miami,1970,3,8,0,cfbd
Miami,1971,4,7,0,cfbd
Miami,1972,5,6,0,cfbd
Miami,1973,5,6,0,cfbd
Miami,1974,6,5,0,cfbd
Miami,1975,2,8,0,cfbd
Miami,1976,3,8,0,cfbd
Miami,1977,3,8,0,cfbd
Miami,1978,6,5,0,cfbd
Miami,1979,5,6,0,cfbd
Miami,1980,9,3,0,cfbd
Miami,1981,9,2,0,cfbd
Miami,1982,7,4,0,cfbd
Miami,1983,11,1,0,cfbd
Miami,1984,8,5,0,cfbd
Miami,1985,10,2,0,cfbd
Miami,1986,11,1,0,cfbd
Miami,1987,12,0,0,cfbd
Miami,1988,11,1,0,cfbd
Miami,1989,11,1,0,cfbd
Miami,1990,10,2,0,cfbd
Miami,1991,12,0,0,cfbd
Miami,1992,11,1,0,cfbd
Miami,1993,9,3,0,cfbd
Miami,1994,10,2,0,cfbd
Miami,1995,8,3,0,cfbd
Miami,1996,9,3,0,cfbd
Miami,1997,5,6,0,cfbd
Miami,1998,9,3,0,cfbd
Miami,1999,9,4,0,cfbd
Miami,2000,11,1,0,cfbd
Miami,2001,12,0,0,cfbd
Miami,2002,12,1,0,cfbd
Miami,2003,11,2,0,cfbd
Miami,2004,9,3,0,cfbd
Miami,2005,9,3,0,cfbd
Miami,2006,7,6,0,cfbd
Miami,2007,5,7,0,cfbd
Miami,2008,7,6,0,cfbd
Miami,2009,9,4,0,cfbd
Miami,2010,7,6,0,cfbd
Miami,2011,6,6,0,cfbd
Miami,2012,7,5,0,cfbd
Miami,2013,9,4,0,cfbd
Miami,2014,6,7,0,cfbd
Miami,2015,8,5,0,cfbd
Miami,2016,9,4,0,cfbd
Miami,2017,10,3,0,cfbd
Miami,2018,7,6,0,cfbd
Miami,2019,6,7,0,cfbd
Miami,2020,8,3,0,cfbd
Miami,2021,7,5,0,cfbd
Miami,2022,5,7,0,cfbd
Miami,2023,7,6,0,cfbd
Miami,2024,10,3,0,cfbd
Miami,2025,13,3,0,cfbd
Miami,2026,0,0,0,cfbd
Miami (FL),1935,665,392,19,manual
Miami (OH),1936,0,0,0,cfbd
Miami (OH),1937,0,0,0,cfbd
Miami (OH),1938,0,0,0,cfbd
Miami (OH),1939,0,0,0,cfbd
Miami (OH),1940,0,0,0,cfbd
Miami (OH),1941,0,1,0,cfbd
Miami (OH),1942,0,1,0,cfbd
Miami (OH),1943,0,0,1,cfbd
Miami (OH),1944,0,0,0,cfbd
Miami (OH),1945,0,2,0,cfbd
Miami (OH),1946,0,2,0,cfbd
Miami (OH),1947,2,0,0,cfbd
Miami (OH),1948,1,0,1,cfbd
Miami (OH),1949,1,2,0,cfbd
Miami (OH),1950,2,0,0,cfbd
Miami (OH),1951,1,1,0,cfbd
Miami (OH),1952,2,0,0,cfbd
Miami (OH),1953,0,0,0,cfbd
Miami (OH),1954,3,0,0,cfbd
Miami (OH),1955,2,0,0,cfbd
Miami (OH),1956,2,1,0,cfbd
Miami (OH),1957,1,2,0,cfbd
Miami (OH),1958,1,2,0,cfbd
Miami (OH),1959,2,2,0,cfbd
Miami (OH),1960,3,2,0,cfbd
Miami (OH),1961,3,2,0,cfbd
Miami (OH),1962,8,2,1,cfbd
Miami (OH),1963,5,3,2,cfbd
Miami (OH),1964,6,3,1,cfbd
Miami (OH),1965,7,3,0,cfbd
Miami (OH),1966,9,1,0,cfbd
Miami (OH),1967,6,4,0,cfbd
Miami (OH),1968,7,3,0,cfbd
Miami (OH),1969,7,3,0,cfbd
Miami (OH),1970,7,3,0,cfbd
Miami (OH),1971,7,3,0,cfbd
Miami (OH),1972,7,3,0,cfbd
Miami (OH),1973,11,0,0,cfbd
Miami (OH),1974,10,0,1,cfbd
Miami (OH),1975,11,1,0,cfbd
Miami (OH),1976,3,8,0,cfbd
Miami (OH),1977,10,1,0,cfbd
Miami (OH),1978,8,2,1,cfbd
Miami (OH),1979,6,5,0,cfbd
Miami (OH),1980,5,6,0,cfbd
Miami (OH),1981,8,2,1,cfbd
Miami (OH),1982,7,4,0,cfbd
Miami (OH),1983,4,7,0,cfbd
Miami (OH),1984,4,7,0,cfbd
Miami (OH),1985,8,2,1,cfbd
Miami (OH),1986,8,4,0,cfbd
Miami (OH),1987,5,6,0,cfbd
Miami (OH),1988,0,10,1,cfbd
Miami (OH),1989,2,8,1,cfbd
Miami (OH),1990,5,5,1,cfbd
Miami (OH),1991,6,4,1,cfbd
Miami (OH),1992,6,4,1,cfbd
Miami (OH),1993,4,7,0,cfbd
Miami (OH),1994,5,5,1,cfbd
Miami (OH),1995,8,2,1,cfbd
Miami (OH),1996,6,5,0,cfbd
Miami (OH),1997,8,3,0,cfbd
Miami (OH),1998,10,1,0,cfbd
Miami (OH),1999,7,4,0,cfbd
Miami (OH),2000,6,5,0,cfbd
Miami (OH),2001,7,5,0,cfbd
Miami (OH),2002,7,5,0,cfbd
Miami (OH),2003,13,1,0,cfbd
Miami (OH),2004,8,5,0,cfbd
Miami (OH),2005,7,4,0,cfbd
Miami (OH),2006,2,10,0,cfbd
Miami (OH),2007,6,7,0,cfbd
Miami (OH),2008,2,10,0,cfbd
Miami (OH),2009,1,11,0,cfbd
Miami (OH),2010,10,4,0,cfbd
Miami (OH),2011,4,8,0,cfbd
Miami (OH),2012,4,8,0,cfbd
Miami (OH),2013,0,12,0,cfbd
Miami (OH),2014,2,10,0,cfbd
Miami (OH),2015,3,9,0,cfbd
Miami (OH),2016,6,7,0,cfbd
Miami (OH),2017,5,7,0,cfbd
Miami (OH),2018,6,6,0,cfbd
Miami (OH),2019,8,6,0,cfbd
Miami (OH),2020,2,1,0,cfbd
Miami (OH),2021,7,6,0,cfbd
Miami (OH),2022,6,7,0,cfbd
Miami (OH),2023,11,3,0,cfbd
Miami (OH),2024,9,5,0,cfbd
Miami (OH),2025,7,7,0,cfbd
Miami (OH),2026,0,0,0,cfbd
Michigan,1935,311,68,19,manual
Michigan,1936,1,7,0,cfbd
Michigan,1937,4,4,0,cfbd
Michigan,1938,6,1,1,cfbd
Michigan,1939,6,2,0,cfbd
Michigan,1940,7,1,0,cfbd
Michigan,1941,6,1,1,cfbd
Michigan,1942,7,3,0,cfbd
Michigan,1943,8,1,0,cfbd
Michigan,1944,8,2,0,cfbd
Michigan,1945,7,3,0,cfbd
Michigan,1946,6,2,1,cfbd
Michigan,1947,10,0,0,cfbd
Michigan,1948,9,0,0,cfbd
Michigan,1949,6,2,1,cfbd
Michigan,1950,6,3,1,cfbd
Michigan,1951,4,5,0,cfbd
Michigan,1952,5,4,0,cfbd
Michigan,1953,6,3,0,cfbd
Michigan,1954,6,3,0,cfbd
Michigan,1955,7,2,0,cfbd
Michigan,1956,7,2,0,cfbd
Michigan,1957,5,3,1,cfbd
Michigan,1958,2,6,1,cfbd
Michigan,1959,4,5,0,cfbd
Michigan,1960,5,4,0,cfbd
Michigan,1961,6,3,0,cfbd
Michigan,1962,2,7,0,cfbd
Michigan,1963,3,4,2,cfbd
Michigan,1964,9,1,0,cfbd
Michigan,1965,4,6,0,cfbd
Michigan,1966,6,4,0,cfbd
Michigan,1967,4,6,0,cfbd
Michigan,1968,8,2,0,cfbd
Michigan,1969,8,3,0,cfbd
Michigan,1970,9,1,0,cfbd
Michigan,1971,11,1,0,cfbd
Michigan,1972,10,1,0,cfbd
Michigan,1973,10,0,1,cfbd
Michigan,1974,10,1,0,cfbd
Michigan,1975,8,2,2,cfbd
Michigan,1976,10,2,0,cfbd
Michigan,1977,10,2,0,cfbd
Michigan,1978,10,2,0,cfbd
Michigan,1979,8,4,0,cfbd
Michigan,1980,10,2,0,cfbd
Michigan,1981,9,3,0,cfbd
Michigan,1982,8,4,0,cfbd
Michigan,1983,9,3,0,cfbd
Michigan,1984,6,6,0,cfbd
Michigan,1985,10,1,1,cfbd
Michigan,1986,11,2,0,cfbd
Michigan,1987,8,4,0,cfbd
Michigan,1988,9,2,1,cfbd
Michigan,1989,10,2,0,cfbd
Michigan,1990,9,3,0,cfbd
Michigan,1991,10,2,0,cfbd
Michigan,1992,9,0,3,cfbd
Michigan,1993,8,4,0,cfbd
Michigan,1994,8,4,0,cfbd
Michigan,1995,9,4,0,cfbd
Michigan,1996,8,4,0,cfbd
Michigan,1997,12,0,0,cfbd
Michigan,1998,10,3,0,cfbd
Michigan,1999,10,2,0,cfbd
Michigan,2000,9,3,0,cfbd
Michigan,2001,8,4,0,cfbd
Michigan,2002,10,3,0,cfbd
Michigan,2003,10,3,0,cfbd
Michigan,2004,9,3,0,cfbd
Michigan,2005,7,5,0,cfbd
Michigan,2006,11,2,0,cfbd
Michigan,2007,9,4,0,cfbd
Michigan,2008,3,9,0,cfbd
Michigan,2009,5,7,0,cfbd
Michigan,2010,7,6,0,cfbd
Michigan,2011,11,2,0,cfbd
Michigan,2012,8,5,0,cfbd
Michigan,2013,7,6,0,cfbd
Michigan,2014,5,7,0,cfbd
Michigan,2015,10,3,0,cfbd
Michigan,2016,10,3,0,cfbd
Michigan,2017,8,5,0,cfbd
Michigan,2018,10,3,0,cfbd
Michigan,2019,9,4,0,cfbd
Michigan,2020,2,4,0,cfbd
Michigan,2021,12,2,0,cfbd
Michigan,2022,13,1,0,cfbd
Michigan,2023,15,0,0,cfbd
Michigan,2024,8,5,0,cfbd
Michigan,2025,9,4,0,cfbd
Michigan,2026,0,0,0,cfbd
Michigan State,1935,176,101,21,manual
Michigan State,1936,6,1,2,cfbd
Michigan State,1937,8,2,0,cfbd
Michigan State,1938,6,3,0,cfbd
Michigan State,1939,4,4,1,cfbd
Michigan State,1940,3,4,1,cfbd
Michigan State,1941,5,3,1,cfbd
Michigan State,1942,4,3,2,cfbd
Michigan State,1944,6,1,0,cfbd
Michigan State,1945,5,3,1,cfbd
Michigan State,1946,5,5,0,cfbd
Michigan State,1947,7,2,0,cfbd
Michigan State,1948,6,2,2,cfbd
Michigan State,1949,6,3,0,cfbd
Michigan State,1950,8,1,0,cfbd
Michigan State,1951,9,0,0,cfbd
Michigan State,1952,9,0,0,cfbd
Michigan State,1953,9,1,0,cfbd
Michigan State,1954,3,6,0,cfbd
Michigan State,1955,9,1,0,cfbd
Michigan State,1956,7,2,0,cfbd
Michigan State,1957,8,1,0,cfbd
Michigan State,1958,3,5,1,cfbd
Michigan State,1959,5,4,0,cfbd
Michigan State,1960,6,2,1,cfbd
Michigan State,1961,7,2,0,cfbd
Michigan State,1962,5,4,0,cfbd
Michigan State,1963,6,2,1,cfbd
Michigan State,1964,4,5,0,cfbd
Michigan State,1965,10,1,0,cfbd
Michigan State,1966,9,0,1,cfbd
Michigan State,1967,3,7,0,cfbd
Michigan State,1968,5,5,0,cfbd
Michigan State,1969,4,6,0,cfbd
Michigan State,1970,4,6,0,cfbd
Michigan State,1971,6,5,0,cfbd
Michigan State,1972,5,5,1,cfbd
Michigan State,1973,5,6,0,cfbd
Michigan State,1974,7,3,1,cfbd
Michigan State,1975,7,4,0,cfbd
Michigan State,1976,4,6,1,cfbd
Michigan State,1977,7,3,1,cfbd
Michigan State,1978,8,3,0,cfbd
Michigan State,1979,5,6,0,cfbd
Michigan State,1980,3,8,0,cfbd
Michigan State,1981,5,6,0,cfbd
Michigan State,1982,2,9,0,cfbd
Michigan State,1983,4,6,1,cfbd
Michigan State,1984,6,6,0,cfbd
Michigan State,1985,7,5,0,cfbd
Michigan State,1986,6,5,0,cfbd
Michigan State,1987,9,2,1,cfbd
Michigan State,1988,6,5,1,cfbd
Michigan State,1989,8,4,0,cfbd
Michigan State,1990,8,3,1,cfbd
Michigan State,1991,3,8,0,cfbd
Michigan State,1992,5,6,0,cfbd
Michigan State,1993,6,6,0,cfbd
Michigan State,1994,5,6,0,cfbd
Michigan State,1995,6,5,1,cfbd
Michigan State,1996,6,6,0,cfbd
Michigan State,1997,7,5,0,cfbd
Michigan State,1998,6,6,0,cfbd
Michigan State,1999,10,2,0,cfbd
Michigan State,2000,5,6,0,cfbd
Michigan State,2001,7,5,0,cfbd
Michigan State,2002,4,8,0,cfbd
Michigan State,2003,8,5,0,cfbd
Michigan State,2004,5,7,0,cfbd
Michigan State,2005,5,6,0,cfbd
Michigan State,2006,4,8,0,cfbd
Michigan State,2007,7,6,0,cfbd
Michigan State,2008,9,4,0,cfbd
Michigan State,2009,6,7,0,cfbd
Michigan State,2010,11,2,0,cfbd
Michigan State,2011,11,3,0,cfbd
Michigan State,2012,7,6,0,cfbd
Michigan State,2013,13,1,0,cfbd
Michigan State,2014,11,2,0,cfbd
Michigan State,2015,12,2,0,cfbd
Michigan State,2016,3,9,0,cfbd
Michigan State,2017,10,3,0,cfbd
Michigan State,2018,7,6,0,cfbd
Michigan State,2019,7,6,0,cfbd
Michigan State,2020,2,5,0,cfbd
Michigan State,2021,11,2,0,cfbd
Michigan State,2022,5,7,0,cfbd
Michigan State,2023,4,8,0,cfbd
Michigan State,2024,5,7,0,cfbd
Michigan State,2025,4,8,0,cfbd
Michigan State,2026,0,0,0,cfbd
Michigan Tech,2014,0,0,0,cfbd
Michigan Tech,2015,0,0,0,cfbd
Michigan Tech,2016,0,0,0,cfbd
Michigan Tech,2017,0,0,0,cfbd
Michigan Tech,2018,0,0,0,cfbd
Michigan Tech,2019,0,0,0,cfbd
Michigan Tech,2020,0,0,0,cfbd
Michigan Tech,2021,6,4,0,cfbd
Michigan Tech,2022,4,7,0,cfbd
Michigan Tech,2023,5,5,0,cfbd
Michigan Tech,2024,7,4,0,cfbd
Michigan Tech,2025,7,4,0,cfbd
Michigan Tech,2026,0,0,0,cfbd
Middle Tennessee,1936,0,1,0,cfbd
Middle Tennessee,1937,0,0,0,cfbd
Middle Tennessee,1938,0,0,0,cfbd
Middle Tennessee,1939,0,0,0,cfbd
Middle Tennessee,1940,0,0,0,cfbd
Middle Tennessee,1941,0,0,0,cfbd
Middle Tennessee,1942,0,0,0,cfbd
Middle Tennessee,1946,0,0,0,cfbd
Middle Tennessee,1947,0,0,0,cfbd
Middle Tennessee,1948,0,0,0,cfbd
Middle Tennessee,1949,0,0,0,cfbd
Middle Tennessee,1950,0,1,0,cfbd
Middle Tennessee,1951,0,1,0,cfbd
Middle Tennessee,1952,0,0,0,cfbd
Middle Tennessee,1953,0,1,0,cfbd
Middle Tennessee,1954,0,0,0,cfbd
Middle Tennessee,1955,0,1,0,cfbd
Middle Tennessee,1956,0,1,0,cfbd
Middle Tennessee,1957,0,0,0,cfbd
Middle Tennessee,1958,0,0,0,cfbd
Middle Tennessee,1959,1,0,0,cfbd
Middle Tennessee,1960,0,0,0,cfbd
Middle Tennessee,1961,0,1,0,cfbd
Middle Tennessee,1962,0,0,0,cfbd
Middle Tennessee,1963,0,0,0,cfbd
Middle Tennessee,1964,0,0,0,cfbd
Middle Tennessee,1965,0,0,0,cfbd
Middle Tennessee,1966,0,0,0,cfbd
Middle Tennessee,1967,0,0,0,cfbd
Middle Tennessee,1968,0,0,0,cfbd
Middle Tennessee,1969,0,0,0,cfbd
Middle Tennessee,1970,0,0,0,cfbd
Middle Tennessee,1971,1,0,0,cfbd
Middle Tennessee,1972,1,0,0,cfbd
Middle Tennessee,1973,0,0,0,cfbd
Middle Tennessee,1974,0,2,0,cfbd
Middle Tennessee,1975,0,1,0,cfbd
Middle Tennessee,1976,1,0,0,cfbd
Middle Tennessee,1977,0,2,0,cfbd
Middle Tennessee,1978,0,0,1,cfbd
Middle Tennessee,1979,0,2,0,cfbd
Middle Tennessee,1980,0,2,0,cfbd
Middle Tennessee,1981,1,1,0,cfbd
Middle Tennessee,1982,0,0,0,cfbd
Middle Tennessee,1983,0,0,0,cfbd
Middle Tennessee,1984,1,0,0,cfbd
Middle Tennessee,1985,0,0,0,cfbd
Middle Tennessee,1986,0,0,0,cfbd
Middle Tennessee,1987,0,0,0,cfbd
Middle Tennessee,1988,0,1,0,cfbd
Middle Tennessee,1989,0,1,0,cfbd
Middle Tennessee,1990,0,0,0,cfbd
Middle Tennessee,1991,0,2,0,cfbd
Middle Tennessee,1992,1,1,0,cfbd
Middle Tennessee,1993,0,2,0,cfbd
Middle Tennessee,1994,0,0,0,cfbd
Middle Tennessee,1995,0,1,0,cfbd
Middle Tennessee,1996,0,1,0,cfbd
Middle Tennessee,1997,0,0,0,cfbd
Middle Tennessee,1998,0,2,0,cfbd
Middle Tennessee,1999,3,8,0,cfbd
Middle Tennessee,2000,6,5,0,cfbd
Middle Tennessee,2001,8,3,0,cfbd
Middle Tennessee,2002,4,8,0,cfbd
Middle Tennessee,2003,4,8,0,cfbd
Middle Tennessee,2004,5,6,0,cfbd
Middle Tennessee,2005,4,7,0,cfbd
Middle Tennessee,2006,7,6,0,cfbd
Middle Tennessee,2007,5,7,0,cfbd
Middle Tennessee,2008,5,7,0,cfbd
Middle Tennessee,2009,10,3,0,cfbd
Middle Tennessee,2010,6,7,0,cfbd
Middle Tennessee,2011,2,10,0,cfbd
Middle Tennessee,2012,8,4,0,cfbd
Middle Tennessee,2013,8,5,0,cfbd
Middle Tennessee,2014,6,6,0,cfbd
Middle Tennessee,2015,7,6,0,cfbd
Middle Tennessee,2016,8,5,0,cfbd
Middle Tennessee,2017,7,6,0,cfbd
Middle Tennessee,2018,8,6,0,cfbd
Middle Tennessee,2019,4,8,0,cfbd
Middle Tennessee,2020,3,6,0,cfbd
Middle Tennessee,2021,7,6,0,cfbd
Middle Tennessee,2022,8,5,0,cfbd
Middle Tennessee,2023,4,8,0,cfbd
Middle Tennessee,2024,3,9,0,cfbd
Middle Tennessee,2025,3,9,0,cfbd
Middle Tennessee,2026,0,0,0,cfbd
Middlebury,2014,0,0,0,cfbd
Middlebury,2015,0,0,0,cfbd
Middlebury,2016,0,0,0,cfbd
Middlebury,2017,0,0,0,cfbd
Middlebury,2018,0,0,0,cfbd
Middlebury,2019,0,0,0,cfbd
Middlebury,2020,0,0,0,cfbd
Middlebury,2021,0,0,0,cfbd
Middlebury,2022,7,2,0,cfbd
Middlebury,2023,8,1,0,cfbd
Middlebury,2024,6,3,0,cfbd
Middlebury,2025,5,4,0,cfbd
Middlebury,2026,0,0,0,cfbd
Midwestern State,2014,0,0,0,cfbd
Midwestern State,2015,0,0,0,cfbd
Midwestern State,2016,0,0,0,cfbd
Midwestern State,2017,0,0,0,cfbd
Midwestern State,2018,0,0,0,cfbd
Midwestern State,2019,1,0,0,cfbd
Midwestern State,2020,0,1,0,cfbd
Midwestern State,2021,7,3,0,cfbd
Midwestern State,2022,6,5,0,cfbd
Midwestern State,2023,4,6,0,cfbd
Midwestern State,2024,4,7,0,cfbd
Midwestern State,2025,3,8,0,cfbd
Midwestern State,2026,0,0,0,cfbd
Miles,2014,0,1,0,cfbd
Miles,2015,0,1,0,cfbd
Miles,2016,0,1,0,cfbd
Miles,2017,0,1,0,cfbd
Miles,2018,0,0,0,cfbd
Miles,2019,0,0,0,cfbd
Miles,2020,0,0,0,cfbd
Miles,2021,6,4,0,cfbd
Miles,2022,1,9,0,cfbd
Miles,2023,7,3,0,cfbd
Miles,2024,10,3,0,cfbd
Miles,2025,3,8,0,cfbd
Miles,2026,0,0,0,cfbd
Millersville,2014,0,0,0,cfbd
Millersville,2015,0,0,0,cfbd
Millersville,2016,0,0,0,cfbd
Millersville,2017,0,0,0,cfbd
Millersville,2018,0,0,0,cfbd
Millersville,2019,0,0,0,cfbd
Millersville,2020,0,0,0,cfbd
Millersville,2021,2,9,0,cfbd
Millersville,2022,5,6,0,cfbd
Millersville,2023,3,8,0,cfbd
Millersville,2024,1,10,0,cfbd
Millersville,2025,0,11,0,cfbd
Millersville,2026,0,0,0,cfbd
Millikin,2014,0,0,0,cfbd
Millikin,2015,0,0,0,cfbd
Millikin,2016,0,0,0,cfbd
Millikin,2017,0,0,0,cfbd
Millikin,2018,0,0,0,cfbd
Millikin,2019,0,0,0,cfbd
Millikin,2020,2,1,0,cfbd
Millikin,2021,0,0,0,cfbd
Millikin,2022,4,6,0,cfbd
Millikin,2023,0,10,0,cfbd
Millikin,2024,0,10,0,cfbd
Millikin,2025,3,7,0,cfbd
Millikin,2026,0,0,0,cfbd
Millsaps,2014,0,0,0,cfbd
Millsaps,2015,0,0,0,cfbd
Millsaps,2016,0,0,0,cfbd
Millsaps,2017,0,0,0,cfbd
Millsaps,2018,0,0,0,cfbd
Millsaps,2019,0,0,0,cfbd
Millsaps,2020,1,3,0,cfbd
Millsaps,2021,0,0,0,cfbd
Millsaps,2022,3,7,0,cfbd
Millsaps,2023,1,9,0,cfbd
Millsaps,2024,4,5,0,cfbd
Millsaps,2025,6,4,0,cfbd
Millsaps,2026,0,0,0,cfbd
Minnesota,1935,253,21,27,manual
Minnesota,1936,7,1,0,cfbd
Minnesota,1937,6,2,0,cfbd
Minnesota,1938,6,2,0,cfbd
Minnesota,1939,3,4,1,cfbd
Minnesota,1940,8,0,0,cfbd
Minnesota,1941,8,0,0,cfbd
Minnesota,1942,5,4,0,cfbd
Minnesota,1943,5,4,0,cfbd
Minnesota,1944,5,3,1,cfbd
Minnesota,1945,4,5,0,cfbd
Minnesota,1946,5,4,0,cfbd
Minnesota,1947,6,3,0,cfbd
Minnesota,1948,7,2,0,cfbd
Minnesota,1949,7,2,0,cfbd
Minnesota,1950,1,7,1,cfbd
Minnesota,1951,2,6,1,cfbd
Minnesota,1952,4,3,2,cfbd
Minnesota,1953,4,4,1,cfbd
Minnesota,1954,7,2,0,cfbd
Minnesota,1955,3,6,0,cfbd
Minnesota,1956,6,1,2,cfbd
Minnesota,1957,4,5,0,cfbd
Minnesota,1958,1,8,0,cfbd
Minnesota,1959,2,7,0,cfbd
Minnesota,1960,8,2,0,cfbd
Minnesota,1961,8,2,0,cfbd
Minnesota,1962,6,2,1,cfbd
Minnesota,1963,3,6,0,cfbd
Minnesota,1964,5,4,0,cfbd
Minnesota,1965,5,4,1,cfbd
Minnesota,1966,4,5,1,cfbd
Minnesota,1967,8,2,0,cfbd
Minnesota,1968,6,4,0,cfbd
Minnesota,1969,4,5,1,cfbd
Minnesota,1970,3,6,1,cfbd
Minnesota,1971,4,7,0,cfbd
Minnesota,1972,4,7,0,cfbd
Minnesota,1973,7,4,0,cfbd
Minnesota,1974,4,7,0,cfbd
Minnesota,1975,6,5,0,cfbd
Minnesota,1976,6,5,0,cfbd
Minnesota,1977,7,5,0,cfbd
Minnesota,1978,5,6,0,cfbd
Minnesota,1979,4,6,1,cfbd
Minnesota,1980,5,6,0,cfbd
Minnesota,1981,6,5,0,cfbd
Minnesota,1982,3,8,0,cfbd
Minnesota,1983,1,10,0,cfbd
Minnesota,1984,4,7,0,cfbd
Minnesota,1985,7,5,0,cfbd
Minnesota,1986,6,6,0,cfbd
Minnesota,1987,6,5,0,cfbd
Minnesota,1988,2,7,2,cfbd
Minnesota,1989,6,5,0,cfbd
Minnesota,1990,6,5,0,cfbd
Minnesota,1991,2,9,0,cfbd
Minnesota,1992,2,9,0,cfbd
Minnesota,1993,4,7,0,cfbd
Minnesota,1994,3,8,0,cfbd
Minnesota,1995,3,8,0,cfbd
Minnesota,1996,4,7,0,cfbd
Minnesota,1997,3,9,0,cfbd
Minnesota,1998,5,6,0,cfbd
Minnesota,1999,8,4,0,cfbd
Minnesota,2000,6,6,0,cfbd
Minnesota,2001,4,7,0,cfbd
Minnesota,2002,8,5,0,cfbd
Minnesota,2003,10,3,0,cfbd
Minnesota,2004,7,5,0,cfbd
Minnesota,2005,7,5,0,cfbd
Minnesota,2006,6,7,0,cfbd
Minnesota,2007,1,11,0,cfbd
Minnesota,2008,7,6,0,cfbd
Minnesota,2009,6,7,0,cfbd
Minnesota,2010,3,9,0,cfbd
Minnesota,2011,3,9,0,cfbd
Minnesota,2012,6,7,0,cfbd
Minnesota,2013,8,5,0,cfbd
Minnesota,2014,8,5,0,cfbd
Minnesota,2015,6,7,0,cfbd
Minnesota,2016,9,4,0,cfbd
Minnesota,2017,5,7,0,cfbd
Minnesota,2018,7,6,0,cfbd
Minnesota,2019,11,2,0,cfbd
Minnesota,2020,3,4,0,cfbd
Minnesota,2021,9,4,0,cfbd
Minnesota,2022,9,4,0,cfbd
Minnesota,2023,6,7,0,cfbd
Minnesota,2024,8,5,0,cfbd
Minnesota,2025,8,5,0,cfbd
Minnesota,2026,0,0,0,cfbd
Minnesota Duluth,2014,0,0,0,cfbd
Minnesota Duluth,2015,0,0,0,cfbd
Minnesota Duluth,2016,0,0,0,cfbd
Minnesota Duluth,2017,0,0,0,cfbd
Minnesota Duluth,2018,0,0,0,cfbd
Minnesota Duluth,2019,0,0,0,cfbd
Minnesota Duluth,2020,0,0,0,cfbd
Minnesota Duluth,2021,9,3,0,cfbd
Minnesota Duluth,2022,8,3,0,cfbd
Minnesota Duluth,2023,9,2,0,cfbd
Minnesota Duluth,2024,7,4,0,cfbd
Minnesota Duluth,2025,10,2,0,cfbd
Minnesota Duluth,2026,0,0,0,cfbd
Minnesota Morris,2014,0,0,0,cfbd
Minnesota Morris,2015,0,0,0,cfbd
Minnesota Morris,2016,0,0,0,cfbd
Minnesota Morris,2017,0,0,0,cfbd
Minnesota Morris,2018,0,0,0,cfbd
Minnesota Morris,2019,0,0,0,cfbd
Minnesota Morris,2020,0,2,0,cfbd
Minnesota Morris,2021,0,0,0,cfbd
Minnesota Morris,2022,4,6,0,cfbd
Minnesota Morris,2023,7,4,0,cfbd
Minnesota Morris,2024,5,5,0,cfbd
Minnesota Morris,2025,3,7,0,cfbd
Minnesota Morris,2026,0,0,0,cfbd
Minnesota St Moorhead,2014,0,0,0,cfbd
Minnesota St Moorhead,2015,0,0,0,cfbd
Minnesota St Moorhead,2016,0,0,0,cfbd
Minnesota St Moorhead,2017,0,0,0,cfbd
Minnesota St Moorhead,2018,0,0,0,cfbd
Minnesota St Moorhead,2019,0,0,0,cfbd
Minnesota St Moorhead,2020,0,0,0,cfbd
Minnesota St Moorhead,2021,5,6,0,cfbd
Minnesota St Moorhead,2022,4,7,0,cfbd
Minnesota St Moorhead,2023,7,4,0,cfbd
Minnesota St Moorhead,2024,6,5,0,cfbd
Minnesota St Moorhead,2025,8,3,0,cfbd
Minnesota St Moorhead,2026,0,0,0,cfbd
Minnesota State,2014,0,1,0,cfbd
Minnesota State,2015,0,0,0,cfbd
Minnesota State,2016,0,0,0,cfbd
Minnesota State,2017,0,0,0,cfbd
Minnesota State,2018,0,0,0,cfbd
Minnesota State,2019,0,1,0,cfbd
Minnesota State,2020,0,0,0,cfbd
Minnesota State,2021,6,5,0,cfbd
Minnesota State,2022,10,3,0,cfbd
Minnesota State,2023,9,3,0,cfbd
Minnesota State,2024,11,4,0,cfbd
Minnesota State,2025,10,4,0,cfbd
Minnesota State,2026,0,0,0,cfbd
Minnesota-Crookston,2014,0,0,0,cfbd
Minnesota-Crookston,2015,0,0,0,cfbd
Minnesota-Crookston,2016,0,0,0,cfbd
Minnesota-Crookston,2017,0,0,0,cfbd
Minnesota-Crookston,2018,0,0,0,cfbd
Minnesota-Crookston,2019,0,0,0,cfbd
Minot State,2014,0,0,0,cfbd
Minot State,2015,0,0,0,cfbd
Minot State,2016,0,0,0,cfbd
Minot State,2017,0,0,0,cfbd
Minot State,2018,0,0,0,cfbd
Minot State,2019,0,0,0,cfbd
Minot State,2020,0,0,0,cfbd
Minot State,2021,2,8,0,cfbd
Minot State,2022,1,10,0,cfbd
Minot State,2023,1,10,0,cfbd
Minot State,2024,5,6,0,cfbd
Minot State,2025,3,8,0,cfbd
Minot State,2026,0,0,0,cfbd
Misericordia,2014,0,0,0,cfbd
Misericordia,2015,0,0,0,cfbd
Misericordia,2016,0,0,0,cfbd
Misericordia,2017,0,0,0,cfbd
Misericordia,2018,0,0,0,cfbd
Misericordia,2019,0,0,0,cfbd
Misericordia,2020,0,1,0,cfbd
Misericordia,2021,0,0,0,cfbd
Misericordia,2022,3,7,0,cfbd
Misericordia,2023,4,6,0,cfbd
Misericordia,2024,3,7,0,cfbd
Misericordia,2025,7,4,0,cfbd
Misericordia,2026,0,0,0,cfbd
Mississippi College,2014,0,0,0,cfbd
Mississippi College,2015,0,1,0,cfbd
Mississippi College,2016,0,0,0,cfbd
Mississippi College,2017,0,0,0,cfbd
Mississippi College,2018,0,1,0,cfbd
Mississippi College,2019,0,1,0,cfbd
Mississippi College,2020,0,1,0,cfbd
Mississippi College,2021,4,6,0,cfbd
Mississippi College,2022,4,7,0,cfbd
Mississippi College,2023,3,7,0,cfbd
Mississippi College,2024,2,8,0,cfbd
Mississippi College,2025,0,0,0,cfbd
Mississippi College,2026,0,0,0,cfbd
Mississippi State,1935,98,84,19,manual
Mississippi State,1936,7,3,1,cfbd
Mississippi State,1937,5,4,1,cfbd
Mississippi State,1938,4,6,0,cfbd
Mississippi State,1939,8,2,0,cfbd
Mississippi State,1940,10,0,1,cfbd
Mississippi State,1941,8,1,1,cfbd
Mississippi State,1942,8,2,0,cfbd
Mississippi State,1944,6,2,0,cfbd
Mississippi State,1945,6,3,0,cfbd
Mississippi State,1946,8,2,0,cfbd
Mississippi State,1947,7,3,0,cfbd
Mississippi State,1948,4,4,1,cfbd
Mississippi State,1949,0,8,1,cfbd
Mississippi State,1950,4,5,0,cfbd
Mississippi State,1951,4,5,0,cfbd
Mississippi State,1952,5,4,0,cfbd
Mississippi State,1953,5,2,3,cfbd
Mississippi State,1954,6,4,0,cfbd
Mississippi State,1955,6,4,0,cfbd
Mississippi State,1956,4,6,0,cfbd
Mississippi State,1957,6,2,1,cfbd
Mississippi State,1958,3,6,0,cfbd
Mississippi State,1959,2,7,0,cfbd
Mississippi State,1960,2,6,1,cfbd
Mississippi State,1961,5,5,0,cfbd
Mississippi State,1962,3,6,0,cfbd
Mississippi State,1963,7,2,2,cfbd
Mississippi State,1964,4,6,0,cfbd
Mississippi State,1965,4,6,0,cfbd
Mississippi State,1966,2,8,0,cfbd
Mississippi State,1967,1,9,0,cfbd
Mississippi State,1968,0,8,2,cfbd
Mississippi State,1969,3,7,0,cfbd
Mississippi State,1970,6,5,0,cfbd
Mississippi State,1971,2,9,0,cfbd
Mississippi State,1972,4,7,0,cfbd
Mississippi State,1973,4,5,2,cfbd
Mississippi State,1974,9,3,0,cfbd
Mississippi State,1975,6,4,1,cfbd
Mississippi State,1976,9,2,0,cfbd
Mississippi State,1977,5,6,0,cfbd
Mississippi State,1978,6,5,0,cfbd
Mississippi State,1979,3,8,0,cfbd
Mississippi State,1980,9,3,0,cfbd
Mississippi State,1981,8,4,0,cfbd
Mississippi State,1982,5,6,0,cfbd
Mississippi State,1983,3,8,0,cfbd
Mississippi State,1984,4,7,0,cfbd
Mississippi State,1985,5,6,0,cfbd
Mississippi State,1986,6,5,0,cfbd
Mississippi State,1987,4,7,0,cfbd
Mississippi State,1988,1,10,0,cfbd
Mississippi State,1989,5,6,0,cfbd
Mississippi State,1990,5,6,0,cfbd
Mississippi State,1991,7,5,0,cfbd
Mississippi State,1992,7,5,0,cfbd
Mississippi State,1993,3,6,2,cfbd
Mississippi State,1994,8,4,0,cfbd
Mississippi State,1995,3,8,0,cfbd
Mississippi State,1996,5,6,0,cfbd
Mississippi State,1997,7,4,0,cfbd
Mississippi State,1998,8,5,0,cfbd
Mississippi State,1999,10,2,0,cfbd
Mississippi State,2000,8,4,0,cfbd
Mississippi State,2001,3,8,0,cfbd
Mississippi State,2002,3,9,0,cfbd
Mississippi State,2003,2,10,0,cfbd
Mississippi State,2004,3,8,0,cfbd
Mississippi State,2005,3,8,0,cfbd
Mississippi State,2006,3,9,0,cfbd
Mississippi State,2007,8,5,0,cfbd
Mississippi State,2008,4,8,0,cfbd
Mississippi State,2009,5,7,0,cfbd
Mississippi State,2010,9,4,0,cfbd
Mississippi State,2011,7,6,0,cfbd
Mississippi State,2012,8,5,0,cfbd
Mississippi State,2013,7,6,0,cfbd
Mississippi State,2014,10,3,0,cfbd
Mississippi State,2015,9,4,0,cfbd
Mississippi State,2016,6,7,0,cfbd
Mississippi State,2017,9,4,0,cfbd
Mississippi State,2018,8,5,0,cfbd
Mississippi State,2019,6,7,0,cfbd
Mississippi State,2020,4,7,0,cfbd
Mississippi State,2021,7,6,0,cfbd
Mississippi State,2022,9,4,0,cfbd
Mississippi State,2023,5,7,0,cfbd
Mississippi State,2024,2,10,0,cfbd
Mississippi State,2025,5,8,0,cfbd
Mississippi State,2026,0,0,0,cfbd
Mississippi Valley State,1953,0,0,0,cfbd
Mississippi Valley State,1954,0,0,0,cfbd
Mississippi Valley State,1955,0,0,0,cfbd
Mississippi Valley State,1956,0,0,0,cfbd
Mississippi Valley State,1957,0,0,0,cfbd
Mississippi Valley State,1958,0,0,0,cfbd
Mississippi Valley State,1959,0,0,0,cfbd
Mississippi Valley State,1960,0,0,0,cfbd
Mississippi Valley State,1961,0,0,0,cfbd
Mississippi Valley State,1962,0,0,0,cfbd
Mississippi Valley State,1963,0,0,0,cfbd
Mississippi Valley State,1964,0,0,0,cfbd
Mississippi Valley State,1965,0,0,0,cfbd
Mississippi Valley State,1966,0,0,0,cfbd
Mississippi Valley State,1967,0,0,0,cfbd
Mississippi Valley State,1968,0,0,0,cfbd
Mississippi Valley State,1969,0,0,0,cfbd
Mississippi Valley State,1970,0,0,0,cfbd
Mississippi Valley State,1971,0,0,0,cfbd
Mississippi Valley State,1972,0,0,0,cfbd
Mississippi Valley State,1973,0,0,0,cfbd
Mississippi Valley State,1974,0,0,0,cfbd
Mississippi Valley State,1975,0,0,0,cfbd
Mississippi Valley State,1976,0,0,0,cfbd
Mississippi Valley State,1977,5,5,0,cfbd
Mississippi Valley State,1978,0,0,0,cfbd
Mississippi Valley State,1979,0,0,0,cfbd
Mississippi Valley State,1980,0,0,0,cfbd
Mississippi Valley State,1981,0,0,0,cfbd
Mississippi Valley State,1982,0,0,0,cfbd
Mississippi Valley State,1983,0,0,0,cfbd
Mississippi Valley State,1984,0,0,0,cfbd
Mississippi Valley State,1985,0,0,0,cfbd
Mississippi Valley State,1986,0,0,0,cfbd
Mississippi Valley State,1987,0,0,0,cfbd
Mississippi Valley State,1988,0,0,0,cfbd
Mississippi Valley State,1989,0,0,0,cfbd
Mississippi Valley State,1990,0,0,0,cfbd
Mississippi Valley State,1991,0,0,0,cfbd
Mississippi Valley State,1992,0,0,0,cfbd
Mississippi Valley State,1993,0,0,0,cfbd
Mississippi Valley State,1994,0,0,0,cfbd
Mississippi Valley State,1995,0,1,0,cfbd
Mississippi Valley State,1996,0,0,0,cfbd
Mississippi Valley State,1997,0,0,0,cfbd
Mississippi Valley State,1998,0,0,0,cfbd
Mississippi Valley State,1999,0,0,0,cfbd
Mississippi Valley State,2000,0,1,0,cfbd
Mississippi Valley State,2001,0,0,0,cfbd
Mississippi Valley State,2002,0,0,0,cfbd
Mississippi Valley State,2003,0,0,0,cfbd
Mississippi Valley State,2004,0,1,0,cfbd
Mississippi Valley State,2005,0,1,0,cfbd
Mississippi Valley State,2006,0,0,0,cfbd
Mississippi Valley State,2007,3,8,0,cfbd
Mississippi Valley State,2008,3,8,0,cfbd
Mississippi Valley State,2009,3,8,0,cfbd
Mississippi Valley State,2010,0,9,0,cfbd
Mississippi Valley State,2011,1,10,0,cfbd
Mississippi Valley State,2012,5,6,0,cfbd
Mississippi Valley State,2013,2,9,0,cfbd
Mississippi Valley State,2014,2,9,0,cfbd
Mississippi Valley State,2015,0,9,0,cfbd
Mississippi Valley State,2016,1,10,0,cfbd
Mississippi Valley State,2017,2,9,0,cfbd
Mississippi Valley State,2018,1,10,0,cfbd
Mississippi Valley State,2019,2,9,0,cfbd
Mississippi Valley State,2020,1,3,0,cfbd
Mississippi Valley State,2021,4,7,0,cfbd
Mississippi Valley State,2022,2,9,0,cfbd
Mississippi Valley State,2023,1,10,0,cfbd
Mississippi Valley State,2024,1,11,0,cfbd
Mississippi Valley State,2025,2,10,0,cfbd
Mississippi Valley State,2026,0,1,0,cfbd
Missouri,1935,192,4,28,manual
Missouri,1936,6,2,1,cfbd
Missouri,1937,3,6,1,cfbd
Missouri,1938,6,3,0,cfbd
Missouri,1939,8,2,0,cfbd
Missouri,1940,6,3,0,cfbd
Missouri,1941,8,2,0,cfbd
Missouri,1942,8,3,1,cfbd
Missouri,1943,3,5,0,cfbd
Missouri,1944,3,5,2,cfbd
Missouri,1945,6,4,0,cfbd
Missouri,1946,5,4,1,cfbd
Missouri,1947,6,4,0,cfbd
Missouri,1948,8,3,0,cfbd
Missouri,1949,7,4,0,cfbd
Missouri,1950,4,5,1,cfbd
Missouri,1951,2,8,0,cfbd
Missouri,1952,5,5,0,cfbd
Missouri,1953,6,4,0,cfbd
Missouri,1954,4,5,1,cfbd
Missouri,1955,1,9,0,cfbd
Missouri,1956,4,5,1,cfbd
Missouri,1957,5,4,1,cfbd
Missouri,1958,5,4,1,cfbd
Missouri,1959,6,5,0,cfbd
Missouri,1960,10,1,0,cfbd
Missouri,1961,7,2,1,cfbd
Missouri,1962,8,1,2,cfbd
Missouri,1963,7,3,0,cfbd
Missouri,1964,6,3,1,cfbd
Missouri,1965,8,2,1,cfbd
Missouri,1966,6,3,1,cfbd
Missouri,1967,7,3,0,cfbd
Missouri,1968,8,3,0,cfbd
Missouri,1969,9,2,0,cfbd
Missouri,1970,5,6,0,cfbd
Missouri,1971,1,10,0,cfbd
Missouri,1972,6,6,0,cfbd
Missouri,1973,8,4,0,cfbd
Missouri,1974,7,4,0,cfbd
Missouri,1975,6,5,0,cfbd
Missouri,1976,6,5,0,cfbd
Missouri,1977,4,7,0,cfbd
Missouri,1978,8,4,0,cfbd
Missouri,1979,7,5,0,cfbd
Missouri,1980,8,4,0,cfbd
Missouri,1981,8,4,0,cfbd
Missouri,1982,5,4,2,cfbd
Missouri,1983,7,5,0,cfbd
Missouri,1984,3,7,1,cfbd
Missouri,1985,1,10,0,cfbd
Missouri,1986,3,8,0,cfbd
Missouri,1987,5,6,0,cfbd
Missouri,1988,3,7,1,cfbd
Missouri,1989,2,9,0,cfbd
Missouri,1990,4,7,0,cfbd
Missouri,1991,3,7,1,cfbd
Missouri,1992,3,8,0,cfbd
Missouri,1993,3,7,1,cfbd
Missouri,1994,3,8,1,cfbd
Missouri,1995,3,8,0,cfbd
Missouri,1996,5,6,0,cfbd
Missouri,1997,7,5,0,cfbd
Missouri,1998,8,4,0,cfbd
Missouri,1999,4,7,0,cfbd
Missouri,2000,3,8,0,cfbd
Missouri,2001,4,7,0,cfbd
Missouri,2002,5,7,0,cfbd
Missouri,2003,8,5,0,cfbd
Missouri,2004,5,6,0,cfbd
Missouri,2005,7,5,0,cfbd
Missouri,2006,8,5,0,cfbd
Missouri,2007,12,2,0,cfbd
Missouri,2008,10,4,0,cfbd
Missouri,2009,8,5,0,cfbd
Missouri,2010,10,3,0,cfbd
Missouri,2011,8,5,0,cfbd
Missouri,2012,5,7,0,cfbd
Missouri,2013,12,2,0,cfbd
Missouri,2014,11,3,0,cfbd
Missouri,2015,5,7,0,cfbd
Missouri,2016,4,8,0,cfbd
Missouri,2017,7,6,0,cfbd
Missouri,2018,8,5,0,cfbd
Missouri,2019,6,6,0,cfbd
Missouri,2020,5,5,0,cfbd
Missouri,2021,6,7,0,cfbd
Missouri,2022,6,7,0,cfbd
Missouri,2023,11,2,0,cfbd
Missouri,2024,10,3,0,cfbd
Missouri,2025,8,5,0,cfbd
Missouri,2026,0,0,0,cfbd
Missouri S&T,2014,0,0,0,cfbd
Missouri S&T,2015,0,0,0,cfbd
Missouri S&T,2016,0,1,0,cfbd
Missouri S&T,2017,0,0,0,cfbd
Missouri S&T,2018,0,1,0,cfbd
Missouri S&T,2019,1,0,0,cfbd
Missouri S&T,2020,2,1,0,cfbd
Missouri S&T,2021,6,5,0,cfbd
Missouri S&T,2022,3,7,0,cfbd
Missouri S&T,2023,4,7,0,cfbd
Missouri S&T,2024,4,7,0,cfbd
Missouri S&T,2025,5,5,0,cfbd
Missouri S&T,2026,0,0,0,cfbd
Missouri Southern State,2014,0,0,0,cfbd
Missouri Southern State,2015,0,0,0,cfbd
Missouri Southern State,2016,0,0,0,cfbd
Missouri Southern State,2017,0,0,0,cfbd
Missouri Southern State,2018,0,0,0,cfbd
Missouri Southern State,2019,0,0,0,cfbd
Missouri Southern State,2020,0,0,0,cfbd
Missouri Southern State,2021,3,8,0,cfbd
Missouri Southern State,2022,4,7,0,cfbd
Missouri Southern State,2023,5,6,0,cfbd
Missouri Southern State,2024,2,9,0,cfbd
Missouri Southern State,2025,3,8,0,cfbd
Missouri Southern State,2026,0,0,0,cfbd
Missouri State,1936,0,0,0,cfbd
Missouri State,1937,0,0,0,cfbd
Missouri State,1938,0,0,0,cfbd
Missouri State,1939,0,0,0,cfbd
Missouri State,1940,0,0,0,cfbd
Missouri State,1941,0,0,0,cfbd
Missouri State,1942,0,0,0,cfbd
Missouri State,1945,0,0,0,cfbd
Missouri State,1946,0,0,0,cfbd
Missouri State,1947,0,0,0,cfbd
Missouri State,1948,0,0,0,cfbd
Missouri State,1949,0,0,0,cfbd
Missouri State,1950,0,0,0,cfbd
Missouri State,1951,0,0,0,cfbd
Missouri State,1952,0,0,0,cfbd
Missouri State,1953,0,0,0,cfbd
Missouri State,1954,0,0,0,cfbd
Missouri State,1955,0,0,0,cfbd
Missouri State,1956,0,0,0,cfbd
Missouri State,1957,0,0,0,cfbd
Missouri State,1958,0,0,0,cfbd
Missouri State,1959,0,0,0,cfbd
Missouri State,1960,0,0,0,cfbd
Missouri State,1961,0,0,0,cfbd
Missouri State,1962,0,0,0,cfbd
Missouri State,1963,0,0,0,cfbd
Missouri State,1964,0,0,0,cfbd
Missouri State,1965,0,0,0,cfbd
Missouri State,1966,0,0,0,cfbd
Missouri State,1967,0,0,0,cfbd
Missouri State,1968,0,0,0,cfbd
Missouri State,1969,0,0,0,cfbd
Missouri State,1970,0,0,0,cfbd
Missouri State,1971,0,0,0,cfbd
Missouri State,1972,0,0,0,cfbd
Missouri State,1973,0,0,0,cfbd
Missouri State,1974,0,0,0,cfbd
Missouri State,1975,0,0,0,cfbd
Missouri State,1976,0,0,0,cfbd
Missouri State,1977,0,0,0,cfbd
Missouri State,1978,0,0,0,cfbd
Missouri State,1979,0,0,0,cfbd
Missouri State,1980,0,0,0,cfbd
Missouri State,1981,0,0,0,cfbd
Missouri State,1982,0,1,0,cfbd
Missouri State,1983,1,2,0,cfbd
Missouri State,1984,2,0,0,cfbd
Missouri State,1985,2,0,1,cfbd
Missouri State,1986,0,0,0,cfbd
Missouri State,1987,0,1,0,cfbd
Missouri State,1988,0,1,0,cfbd
Missouri State,1989,0,0,0,cfbd
Missouri State,1990,1,1,0,cfbd
Missouri State,1991,1,1,0,cfbd
Missouri State,1992,0,2,0,cfbd
Missouri State,1993,0,1,0,cfbd
Missouri State,1994,0,1,0,cfbd
Missouri State,1995,0,1,0,cfbd
Missouri State,1996,0,1,0,cfbd
Missouri State,1997,0,1,0,cfbd
Missouri State,1998,0,2,0,cfbd
Missouri State,1999,0,1,0,cfbd
Missouri State,2000,0,1,0,cfbd
Missouri State,2001,0,1,0,cfbd
Missouri State,2002,0,1,0,cfbd
Missouri State,2003,4,7,0,cfbd
Missouri State,2004,6,5,0,cfbd
Missouri State,2005,4,6,0,cfbd
Missouri State,2006,2,9,0,cfbd
Missouri State,2007,6,5,0,cfbd
Missouri State,2008,4,7,0,cfbd
Missouri State,2009,6,5,0,cfbd
Missouri State,2010,5,6,0,cfbd
Missouri State,2011,2,9,0,cfbd
Missouri State,2012,3,8,0,cfbd
Missouri State,2013,5,7,0,cfbd
Missouri State,2014,4,8,0,cfbd
Missouri State,2015,1,10,0,cfbd
Missouri State,2016,4,7,0,cfbd
Missouri State,2017,3,8,0,cfbd
Missouri State,2018,4,7,0,cfbd
Missouri State,2019,1,10,0,cfbd
Missouri State,2020,5,5,0,cfbd
Missouri State,2021,8,4,0,cfbd
Missouri State,2022,5,6,0,cfbd
Missouri State,2023,4,7,0,cfbd
Missouri State,2024,8,4,0,cfbd
Missouri State,2025,7,6,0,cfbd
Missouri State,2026,0,0,0,cfbd
Missouri Western,2014,0,0,0,cfbd
Missouri Western,2015,0,0,0,cfbd
Missouri Western,2016,0,0,0,cfbd
Missouri Western,2017,0,0,0,cfbd
Missouri Western,2018,0,0,0,cfbd
Missouri Western,2019,0,0,0,cfbd
Missouri Western,2020,0,1,0,cfbd
Missouri Western,2021,6,5,0,cfbd
Missouri Western,2022,5,6,0,cfbd
Missouri Western,2023,8,3,0,cfbd
Missouri Western,2024,4,7,0,cfbd
Missouri Western,2025,3,8,0,cfbd
Missouri Western,2026,0,0,0,cfbd
MIT,2014,0,0,0,cfbd
MIT,2015,0,0,0,cfbd
MIT,2016,0,0,0,cfbd
MIT,2017,0,0,0,cfbd
MIT,2018,0,0,0,cfbd
MIT,2019,0,0,0,cfbd
MIT,2020,0,0,0,cfbd
MIT,2021,0,0,0,cfbd
MIT,2022,3,6,0,cfbd
MIT,2023,4,5,0,cfbd
MIT,2024,3,6,0,cfbd
MIT,2025,6,3,0,cfbd
MIT,2026,0,0,0,cfbd
Monmouth,1993,0,0,0,cfbd
Monmouth,1994,0,0,0,cfbd
Monmouth,1995,0,0,0,cfbd
Monmouth,1996,0,0,0,cfbd
Monmouth,1997,0,0,0,cfbd
Monmouth,1998,0,0,0,cfbd
Monmouth,1999,0,0,0,cfbd
Monmouth,2000,0,0,0,cfbd
Monmouth,2001,0,0,0,cfbd
Monmouth,2002,0,0,0,cfbd
Monmouth,2003,10,2,0,cfbd
Monmouth,2004,10,1,0,cfbd
Monmouth,2005,6,4,0,cfbd
Monmouth,2006,10,2,0,cfbd
Monmouth,2007,4,6,0,cfbd
Monmouth,2008,7,5,0,cfbd
Monmouth,2009,5,6,0,cfbd
Monmouth,2010,3,8,0,cfbd
Monmouth,2011,5,6,0,cfbd
Monmouth,2012,4,5,0,cfbd
Monmouth,2013,6,6,0,cfbd
Monmouth,2014,6,5,0,cfbd
Monmouth,2015,5,6,0,cfbd
Monmouth,2016,4,7,0,cfbd
Monmouth,2017,9,3,0,cfbd
Monmouth,2018,8,3,0,cfbd
Monmouth,2019,11,3,0,cfbd
Monmouth,2020,3,1,0,cfbd
Monmouth,2021,7,4,0,cfbd
Monmouth,2022,5,6,0,cfbd
Monmouth,2023,4,7,0,cfbd
Monmouth,2024,6,6,0,cfbd
Monmouth,2025,9,3,0,cfbd
Monmouth,2026,0,0,0,cfbd
Monmouth (IL),2014,0,0,0,cfbd
Monmouth (IL),2015,0,0,0,cfbd
Monmouth (IL),2016,0,0,0,cfbd
Monmouth (IL),2017,0,0,0,cfbd
Monmouth (IL),2018,0,0,0,cfbd
Monmouth (IL),2019,0,0,0,cfbd
Monmouth (IL),2020,0,0,0,cfbd
Monmouth (IL),2021,0,0,0,cfbd
Monmouth (IL),2022,8,2,0,cfbd
Monmouth (IL),2023,8,2,0,cfbd
Monmouth (IL),2024,8,2,0,cfbd
Monmouth (IL),2025,9,2,0,cfbd
Monmouth (IL),2026,0,0,0,cfbd
Montana,1936,6,3,0,cfbd
Montana,1937,7,1,0,cfbd
Montana,1938,5,3,1,cfbd
Montana,1939,3,6,0,cfbd
Montana,1940,4,4,1,cfbd
Montana,1941,6,3,0,cfbd
Montana,1942,0,8,0,cfbd
Montana,1945,0,2,0,cfbd
Montana,1946,4,4,0,cfbd
Montana,1947,7,4,0,cfbd
Montana,1948,3,7,0,cfbd
Montana,1949,5,4,0,cfbd
Montana,1950,5,5,0,cfbd
Montana,1951,2,7,0,cfbd
Montana,1952,2,7,1,cfbd
Montana,1953,3,5,0,cfbd
Montana,1954,3,6,0,cfbd
Montana,1955,3,7,0,cfbd
Montana,1956,1,9,0,cfbd
Montana,1957,2,7,0,cfbd
Montana,1958,0,10,0,cfbd
Montana,1959,1,8,0,cfbd
Montana,1960,5,5,0,cfbd
Montana,1961,2,6,0,cfbd
Montana,1962,5,5,0,cfbd
Montana,1963,0,5,0,cfbd
Montana,1964,0,3,0,cfbd
Montana,1965,1,4,0,cfbd
Montana,1966,0,2,0,cfbd
Montana,1967,1,2,0,cfbd
Montana,1968,0,2,0,cfbd
Montana,1969,1,0,0,cfbd
Montana,1970,2,0,0,cfbd
Montana,1971,0,3,0,cfbd
Montana,1972,0,3,0,cfbd
Montana,1973,0,2,0,cfbd
Montana,1974,0,0,1,cfbd
Montana,1975,0,0,0,cfbd
Montana,1976,0,0,0,cfbd
Montana,1977,0,0,0,cfbd
Montana,1978,0,2,0,cfbd
Montana,1979,0,1,0,cfbd
Montana,1980,0,0,0,cfbd
Montana,1981,0,0,0,cfbd
Montana,1982,0,2,0,cfbd
Montana,1983,0,1,0,cfbd
Montana,1984,0,1,0,cfbd
Montana,1985,1,1,0,cfbd
Montana,1986,0,0,0,cfbd
Montana,1987,0,1,0,cfbd
Montana,1988,0,0,0,cfbd
Montana,1989,0,1,0,cfbd
Montana,1990,1,0,0,cfbd
Montana,1991,0,1,0,cfbd
Montana,1992,0,2,0,cfbd
Montana,1993,0,1,0,cfbd
Montana,1994,0,0,0,cfbd
Montana,1995,0,1,0,cfbd
Montana,1996,1,0,0,cfbd
Montana,1997,0,1,0,cfbd
Montana,1998,0,0,0,cfbd
Montana,1999,0,1,0,cfbd
Montana,2000,1,0,0,cfbd
Montana,2001,1,1,0,cfbd
Montana,2002,1,0,0,cfbd
Montana,2003,4,0,0,cfbd
Montana,2004,10,2,0,cfbd
Montana,2005,8,4,0,cfbd
Montana,2006,12,1,0,cfbd
Montana,2007,11,1,0,cfbd
Montana,2008,12,1,0,cfbd
Montana,2009,13,0,0,cfbd
Montana,2010,7,4,0,cfbd
Montana,2011,10,2,0,cfbd
Montana,2012,1,1,0,cfbd
Montana,2013,10,2,0,cfbd
Montana,2014,9,5,0,cfbd
Montana,2015,8,5,0,cfbd
Montana,2016,6,5,0,cfbd
Montana,2017,7,4,0,cfbd
Montana,2018,6,5,0,cfbd
Montana,2019,10,4,0,cfbd
Montana,2020,2,0,0,cfbd
Montana,2021,10,3,0,cfbd
Montana,2022,8,5,0,cfbd
Montana,2023,13,2,0,cfbd
Montana,2024,9,5,0,cfbd
Montana,2025,13,2,0,cfbd
Montana,2026,0,0,0,cfbd
Montana State,1936,3,5,0,cfbd
Montana State,1937,3,4,1,cfbd
Montana State,1938,0,4,0,cfbd
Montana State,1939,0,2,0,cfbd
Montana State,1940,0,2,0,cfbd
Montana State,1941,0,2,0,cfbd
Montana State,1946,5,3,2,cfbd
Montana State,1947,4,5,0,cfbd
Montana State,1948,0,4,0,cfbd
Montana State,1949,0,3,0,cfbd
Montana State,1950,0,3,0,cfbd
Montana State,1951,0,2,0,cfbd
Montana State,1952,0,1,0,cfbd
Montana State,1953,0,1,0,cfbd
Montana State,1954,0,1,0,cfbd
Montana State,1955,0,1,0,cfbd
Montana State,1956,1,0,0,cfbd
Montana State,1957,1,1,0,cfbd
Montana State,1958,1,0,0,cfbd
Montana State,1959,1,2,0,cfbd
Montana State,1960,0,2,0,cfbd
Montana State,1961,1,0,0,cfbd
Montana State,1962,1,3,0,cfbd
Montana State,1963,0,1,0,cfbd
Montana State,1964,0,2,0,cfbd
Montana State,1965,1,2,0,cfbd
Montana State,1966,1,1,0,cfbd
Montana State,1967,1,1,0,cfbd
Montana State,1968,1,1,0,cfbd
Montana State,1969,0,2,0,cfbd
Montana State,1970,1,2,0,cfbd
Montana State,1971,1,1,0,cfbd
Montana State,1972,2,0,0,cfbd
Montana State,1973,2,0,0,cfbd
Montana State,1974,2,0,0,cfbd
Montana State,1975,0,1,0,cfbd
Montana State,1976,1,1,0,cfbd
Montana State,1977,1,0,0,cfbd
Montana State,1978,1,0,0,cfbd
Montana State,1979,0,1,0,cfbd
Montana State,1980,0,1,0,cfbd
Montana State,1981,1,1,0,cfbd
Montana State,1982,0,2,0,cfbd
Montana State,1983,0,2,0,cfbd
Montana State,1984,1,0,0,cfbd
Montana State,1985,0,1,0,cfbd
Montana State,1986,0,1,0,cfbd
Montana State,1987,0,1,0,cfbd
Montana State,1988,0,2,0,cfbd
Montana State,1989,0,1,0,cfbd
Montana State,1990,0,2,0,cfbd
Montana State,1991,0,0,0,cfbd
Montana State,1992,0,1,0,cfbd
Montana State,1993,0,1,0,cfbd
Montana State,1994,0,0,0,cfbd
Montana State,1995,0,1,0,cfbd
Montana State,1996,0,1,0,cfbd
Montana State,1997,0,0,0,cfbd
Montana State,1998,0,1,0,cfbd
Montana State,1999,0,0,0,cfbd
Montana State,2000,0,1,0,cfbd
Montana State,2001,0,2,0,cfbd
Montana State,2002,0,1,0,cfbd
Montana State,2003,2,3,0,cfbd
Montana State,2004,6,5,0,cfbd
Montana State,2005,7,4,0,cfbd
Montana State,2006,8,5,0,cfbd
Montana State,2007,6,5,0,cfbd
Montana State,2008,7,5,0,cfbd
Montana State,2009,7,4,0,cfbd
Montana State,2010,9,3,0,cfbd
Montana State,2011,10,2,0,cfbd
Montana State,2012,2,0,0,cfbd
Montana State,2013,7,5,0,cfbd
Montana State,2014,8,5,0,cfbd
Montana State,2015,5,6,0,cfbd
Montana State,2016,4,7,0,cfbd
Montana State,2017,5,6,0,cfbd
Montana State,2018,8,5,0,cfbd
Montana State,2019,11,4,0,cfbd
Montana State,2021,12,3,0,cfbd
Montana State,2022,12,2,0,cfbd
Montana State,2023,8,4,0,cfbd
Montana State,2024,15,1,0,cfbd
Montana State,2025,14,2,0,cfbd
Montana State,2026,0,0,0,cfbd
Montclair State,2014,0,0,0,cfbd
Montclair State,2015,0,0,0,cfbd
Montclair State,2016,0,0,0,cfbd
Montclair State,2017,0,0,0,cfbd
Montclair State,2018,0,0,0,cfbd
Montclair State,2019,0,0,0,cfbd
Montclair State,2020,2,1,0,cfbd
Montclair State,2021,0,0,0,cfbd
Montclair State,2022,2,8,0,cfbd
Montclair State,2023,5,5,0,cfbd
Montclair State,2024,3,7,0,cfbd
Montclair State,2025,5,5,0,cfbd
Montclair State,2026,0,0,0,cfbd
Moravian,2014,0,0,0,cfbd
Moravian,2015,0,0,0,cfbd
Moravian,2016,0,0,0,cfbd
Moravian,2017,0,0,0,cfbd
Moravian,2018,0,0,0,cfbd
Moravian,2019,0,0,0,cfbd
Moravian,2020,0,0,0,cfbd
Moravian,2021,0,0,0,cfbd
Moravian,2022,3,7,0,cfbd
Moravian,2023,4,6,0,cfbd
Moravian,2024,6,4,0,cfbd
Moravian,2025,2,8,0,cfbd
Moravian,2026,0,0,0,cfbd
Morehead State,1936,0,0,0,cfbd
Morehead State,1937,0,0,0,cfbd
Morehead State,1938,0,0,0,cfbd
Morehead State,1939,0,0,0,cfbd
Morehead State,1940,0,0,0,cfbd
Morehead State,1941,0,0,0,cfbd
Morehead State,1942,0,0,0,cfbd
Morehead State,1946,0,0,0,cfbd
Morehead State,1947,0,0,0,cfbd
Morehead State,1948,0,0,0,cfbd
Morehead State,1949,0,0,0,cfbd
Morehead State,1950,0,0,0,cfbd
Morehead State,1951,0,0,0,cfbd
Morehead State,1952,0,0,0,cfbd
Morehead State,1953,0,0,0,cfbd
Morehead State,1954,0,0,0,cfbd
Morehead State,1955,0,0,0,cfbd
Morehead State,1956,0,0,0,cfbd
Morehead State,1957,0,0,0,cfbd
Morehead State,1958,0,1,0,cfbd
Morehead State,1959,0,0,0,cfbd
Morehead State,1960,0,0,0,cfbd
Morehead State,1961,0,0,0,cfbd
Morehead State,1962,0,1,0,cfbd
Morehead State,1963,1,0,0,cfbd
Morehead State,1964,1,0,0,cfbd
Morehead State,1965,0,1,0,cfbd
Morehead State,1966,0,1,0,cfbd
Morehead State,1967,1,0,0,cfbd
Morehead State,1968,0,0,1,cfbd
Morehead State,1969,1,0,0,cfbd
Morehead State,1970,0,1,0,cfbd
Morehead State,1971,1,0,0,cfbd
Morehead State,1972,0,1,0,cfbd
Morehead State,1973,0,1,0,cfbd
Morehead State,1974,1,1,0,cfbd
Morehead State,1975,2,0,0,cfbd
Morehead State,1976,1,0,0,cfbd
Morehead State,1977,0,1,0,cfbd
Morehead State,1978,0,0,0,cfbd
Morehead State,1979,0,0,0,cfbd
Morehead State,1980,0,1,0,cfbd
Morehead State,1981,0,1,0,cfbd
Morehead State,1982,0,0,0,cfbd
Morehead State,1983,0,0,0,cfbd
Morehead State,1984,0,0,0,cfbd
Morehead State,1985,0,0,0,cfbd
Morehead State,1986,1,0,0,cfbd
Morehead State,1987,0,0,0,cfbd
Morehead State,1988,0,0,0,cfbd
Morehead State,1989,1,0,0,cfbd
Morehead State,1990,0,0,0,cfbd
Morehead State,1991,0,0,0,cfbd
Morehead State,1992,0,0,0,cfbd
Morehead State,1993,0,0,0,cfbd
Morehead State,1994,0,0,0,cfbd
Morehead State,1995,0,0,0,cfbd
Morehead State,1996,0,0,0,cfbd
Morehead State,1997,0,0,0,cfbd
Morehead State,1998,0,0,0,cfbd
Morehead State,1999,0,0,0,cfbd
Morehead State,2000,0,0,0,cfbd
Morehead State,2001,0,0,0,cfbd
Morehead State,2002,0,0,0,cfbd
Morehead State,2003,2,1,0,cfbd
Morehead State,2004,1,2,0,cfbd
Morehead State,2005,8,4,0,cfbd
Morehead State,2006,2,9,0,cfbd
Morehead State,2007,7,4,0,cfbd
Morehead State,2008,6,6,0,cfbd
Morehead State,2009,3,7,0,cfbd
Morehead State,2010,5,5,0,cfbd
Morehead State,2011,3,8,0,cfbd
Morehead State,2012,4,7,0,cfbd
Morehead State,2013,3,9,0,cfbd
Morehead State,2014,4,7,0,cfbd
Morehead State,2015,6,4,0,cfbd
Morehead State,2016,4,7,0,cfbd
Morehead State,2017,4,7,0,cfbd
Morehead State,2018,3,8,0,cfbd
Morehead State,2019,5,7,0,cfbd
Morehead State,2020,4,3,0,cfbd
Morehead State,2021,7,4,0,cfbd
Morehead State,2022,2,9,0,cfbd
Morehead State,2023,4,7,0,cfbd
Morehead State,2024,7,5,0,cfbd
Morehead State,2025,6,6,0,cfbd
Morehead State,2026,0,1,0,cfbd
Morehouse,2014,0,1,0,cfbd
Morehouse,2015,0,1,0,cfbd
Morehouse,2016,0,0,0,cfbd
Morehouse,2017,0,1,0,cfbd
Morehouse,2018,0,0,0,cfbd
Morehouse,2019,0,1,0,cfbd
Morehouse,2020,0,0,0,cfbd
Morehouse,2021,4,6,0,cfbd
Morehouse,2022,1,9,0,cfbd
Morehouse,2023,1,9,0,cfbd
Morehouse,2024,1,9,0,cfbd
Morehouse,2025,3,7,0,cfbd
Morehouse,2026,0,0,0,cfbd
Morgan State,1936,0,0,0,cfbd
Morgan State,1937,0,0,0,cfbd
Morgan State,1938,0,0,0,cfbd
Morgan State,1939,0,0,0,cfbd
Morgan State,1940,0,0,0,cfbd
Morgan State,1941,0,0,0,cfbd
Morgan State,1942,0,0,0,cfbd
Morgan State,1943,0,0,0,cfbd
Morgan State,1944,0,0,0,cfbd
Morgan State,1945,0,0,0,cfbd
Morgan State,1946,0,0,0,cfbd
Morgan State,1947,0,0,0,cfbd
Morgan State,1948,0,0,0,cfbd
Morgan State,1949,0,0,0,cfbd
Morgan State,1950,0,0,0,cfbd
Morgan State,1951,0,0,0,cfbd
Morgan State,1952,0,0,0,cfbd
Morgan State,1953,0,0,0,cfbd
Morgan State,1954,0,0,0,cfbd
Morgan State,1955,0,0,0,cfbd
Morgan State,1956,0,0,0,cfbd
Morgan State,1957,0,0,0,cfbd
Morgan State,1958,0,0,0,cfbd
Morgan State,1959,0,0,0,cfbd
Morgan State,1960,0,0,0,cfbd
Morgan State,1961,0,0,0,cfbd
Morgan State,1962,0,0,0,cfbd
Morgan State,1963,0,0,0,cfbd
Morgan State,1964,0,0,0,cfbd
Morgan State,1965,0,0,0,cfbd
Morgan State,1966,1,0,0,cfbd
Morgan State,1967,0,0,0,cfbd
Morgan State,1968,0,0,0,cfbd
Morgan State,1969,0,0,0,cfbd
Morgan State,1970,0,0,0,cfbd
Morgan State,1971,0,1,0,cfbd
Morgan State,1972,0,1,0,cfbd
Morgan State,1973,0,0,0,cfbd
Morgan State,1974,0,0,0,cfbd
Morgan State,1975,0,0,0,cfbd
Morgan State,1976,0,0,0,cfbd
Morgan State,1977,0,2,0,cfbd
Morgan State,1978,0,0,0,cfbd
Morgan State,1979,0,0,0,cfbd
Morgan State,1980,0,0,0,cfbd
Morgan State,1981,0,0,0,cfbd
Morgan State,1982,0,1,0,cfbd
Morgan State,1983,0,1,0,cfbd
Morgan State,1984,0,0,0,cfbd
Morgan State,1985,0,0,0,cfbd
Morgan State,1986,0,0,0,cfbd
Morgan State,1987,0,0,0,cfbd
Morgan State,1988,0,0,0,cfbd
Morgan State,1989,0,0,0,cfbd
Morgan State,1990,0,0,0,cfbd
Morgan State,1991,0,0,0,cfbd
Morgan State,1992,0,0,0,cfbd
Morgan State,1993,0,0,0,cfbd
Morgan State,1994,0,0,0,cfbd
Morgan State,1995,0,0,0,cfbd
Morgan State,1996,0,0,0,cfbd
Morgan State,1997,0,0,0,cfbd
Morgan State,1998,0,0,0,cfbd
Morgan State,1999,0,0,0,cfbd
Morgan State,2000,0,0,0,cfbd
Morgan State,2001,0,0,0,cfbd
Morgan State,2002,0,0,0,cfbd
Morgan State,2003,6,5,0,cfbd
Morgan State,2004,5,6,0,cfbd
Morgan State,2005,2,8,0,cfbd
Morgan State,2006,5,6,0,cfbd
Morgan State,2007,5,6,0,cfbd
Morgan State,2008,6,6,0,cfbd
Morgan State,2009,6,5,0,cfbd
Morgan State,2010,4,7,0,cfbd
Morgan State,2011,5,6,0,cfbd
Morgan State,2012,2,7,0,cfbd
Morgan State,2013,5,7,0,cfbd
Morgan State,2014,7,6,0,cfbd
Morgan State,2015,4,6,0,cfbd
Morgan State,2016,3,8,0,cfbd
Morgan State,2017,1,10,0,cfbd
Morgan State,2018,4,7,0,cfbd
Morgan State,2019,3,9,0,cfbd
Morgan State,2021,2,9,0,cfbd
Morgan State,2022,4,7,0,cfbd
Morgan State,2023,4,6,1,cfbd
Morgan State,2024,6,6,0,cfbd
Morgan State,2025,4,8,0,cfbd
Morgan State,2026,0,0,0,cfbd
Mount Ida College,2014,0,0,0,cfbd
Mount Ida College,2015,0,0,0,cfbd
Mount Ida College,2016,0,0,0,cfbd
Mount Ida College,2017,0,0,0,cfbd
Mount Ida College,2018,0,0,0,cfbd
Mount Ida College,2019,0,0,0,cfbd
Mount Ida College,2020,0,0,0,cfbd
Mount Ida College,2021,0,0,0,cfbd
Mount Ida College,2022,0,0,0,cfbd
Mount Ida College,2023,0,0,0,cfbd
Mount Ida College,2024,0,0,0,cfbd
Mount Ida College,2025,0,0,0,cfbd
Mount Ida College,2026,0,0,0,cfbd
Mount St Joseph,2014,0,0,0,cfbd
Mount St Joseph,2015,0,0,0,cfbd
Mount St Joseph,2016,0,0,0,cfbd
Mount St Joseph,2017,0,0,0,cfbd
Mount St Joseph,2018,0,1,0,cfbd
Mount St Joseph,2019,0,0,0,cfbd
Mount St Joseph,2020,5,1,0,cfbd
Mount St Joseph,2021,0,0,0,cfbd
Mount St Joseph,2022,10,1,0,cfbd
Mount St Joseph,2023,9,2,0,cfbd
Mount St Joseph,2024,8,3,0,cfbd
Mount St Joseph,2025,6,5,0,cfbd
Mount St Joseph,2026,0,0,0,cfbd
Mount Union,2014,0,1,0,cfbd
Mount Union,2015,1,0,0,cfbd
Mount Union,2016,0,0,0,cfbd
Mount Union,2017,1,0,0,cfbd
Mount Union,2018,0,1,0,cfbd
Mount Union,2019,0,0,0,cfbd
Mount Union,2020,3,0,0,cfbd
Mount Union,2021,0,0,0,cfbd
Mount Union,2022,14,1,0,cfbd
Mount Union,2023,11,1,0,cfbd
Mount Union,2024,14,1,0,cfbd
Mount Union,2025,11,1,0,cfbd
Mount Union,2026,0,0,0,cfbd
Muhlenberg,2014,0,0,0,cfbd
Muhlenberg,2015,0,0,0,cfbd
Muhlenberg,2016,0,0,0,cfbd
Muhlenberg,2017,0,0,0,cfbd
Muhlenberg,2018,0,0,0,cfbd
Muhlenberg,2019,0,0,0,cfbd
Muhlenberg,2020,0,0,0,cfbd
Muhlenberg,2021,0,0,0,cfbd
Muhlenberg,2022,6,4,0,cfbd
Muhlenberg,2023,9,1,0,cfbd
Muhlenberg,2024,7,3,0,cfbd
Muhlenberg,2025,9,3,0,cfbd
Muhlenberg,2026,0,0,0,cfbd
Murray State,1936,0,0,0,cfbd
Murray State,1937,0,0,0,cfbd
Murray State,1938,0,0,0,cfbd
Murray State,1939,0,0,0,cfbd
Murray State,1940,0,0,0,cfbd
Murray State,1941,0,0,0,cfbd
Murray State,1942,0,0,0,cfbd
Murray State,1944,0,0,0,cfbd
Murray State,1945,0,2,0,cfbd
Murray State,1946,0,2,0,cfbd
Murray State,1947,0,0,0,cfbd
Murray State,1948,0,0,1,cfbd
Murray State,1949,0,0,0,cfbd
Murray State,1950,0,0,0,cfbd
Murray State,1951,0,0,0,cfbd
Murray State,1952,0,0,0,cfbd
Murray State,1953,0,0,0,cfbd
Murray State,1954,0,0,0,cfbd
Murray State,1955,0,0,0,cfbd
Murray State,1956,0,0,0,cfbd
Murray State,1957,0,0,0,cfbd
Murray State,1958,0,0,0,cfbd
Murray State,1959,0,0,0,cfbd
Murray State,1960,0,0,0,cfbd
Murray State,1961,0,0,0,cfbd
Murray State,1962,0,0,0,cfbd
Murray State,1963,0,0,0,cfbd
Murray State,1964,0,0,0,cfbd
Murray State,1965,0,0,0,cfbd
Murray State,1966,0,0,0,cfbd
Murray State,1967,0,0,0,cfbd
Murray State,1968,0,0,0,cfbd
Murray State,1969,0,0,0,cfbd
Murray State,1970,0,0,0,cfbd
Murray State,1971,0,0,0,cfbd
Murray State,1972,0,0,0,cfbd
Murray State,1973,0,0,0,cfbd
Murray State,1974,0,0,0,cfbd
Murray State,1975,0,0,0,cfbd
Murray State,1976,0,0,0,cfbd
Murray State,1977,0,0,0,cfbd
Murray State,1978,0,0,0,cfbd
Murray State,1979,0,0,0,cfbd
Murray State,1980,1,0,0,cfbd
Murray State,1981,0,0,0,cfbd
Murray State,1982,0,0,0,cfbd
Murray State,1983,0,1,0,cfbd
Murray State,1984,1,0,0,cfbd
Murray State,1985,0,0,1,cfbd
Murray State,1986,0,0,0,cfbd
Murray State,1987,0,1,0,cfbd
Murray State,1988,0,0,0,cfbd
Murray State,1989,0,0,1,cfbd
Murray State,1990,0,2,0,cfbd
Murray State,1991,0,0,0,cfbd
Murray State,1992,0,0,0,cfbd
Murray State,1993,0,0,0,cfbd
Murray State,1994,0,0,0,cfbd
Murray State,1995,0,0,0,cfbd
Murray State,1996,0,0,0,cfbd
Murray State,1997,0,0,0,cfbd
Murray State,1998,0,1,0,cfbd
Murray State,1999,0,1,0,cfbd
Murray State,2000,0,1,0,cfbd
Murray State,2001,0,2,0,cfbd
Murray State,2002,0,1,0,cfbd
Murray State,2003,4,8,0,cfbd
Murray State,2004,7,4,0,cfbd
Murray State,2005,2,9,0,cfbd
Murray State,2006,1,10,0,cfbd
Murray State,2007,2,8,0,cfbd
Murray State,2008,5,7,0,cfbd
Murray State,2009,1,6,0,cfbd
Murray State,2010,6,5,0,cfbd
Murray State,2011,7,4,0,cfbd
Murray State,2012,5,6,0,cfbd
Murray State,2013,1,2,0,cfbd
Murray State,2014,3,9,0,cfbd
Murray State,2015,3,8,0,cfbd
Murray State,2016,4,7,0,cfbd
Murray State,2017,3,8,0,cfbd
Murray State,2018,5,6,0,cfbd
Murray State,2019,4,8,0,cfbd
Murray State,2020,5,2,0,cfbd
Murray State,2021,6,5,0,cfbd
Murray State,2022,2,9,0,cfbd
Murray State,2023,2,9,0,cfbd
Murray State,2024,1,11,0,cfbd
Murray State,2025,1,11,0,cfbd
Murray State,2026,0,1,0,cfbd
Muskingum,2014,0,0,0,cfbd
Muskingum,2015,0,0,0,cfbd
Muskingum,2016,0,0,0,cfbd
Muskingum,2017,0,0,0,cfbd
Muskingum,2018,0,0,0,cfbd
Muskingum,2019,0,0,0,cfbd
Muskingum,2020,0,2,0,cfbd
Muskingum,2021,0,0,0,cfbd
Muskingum,2022,5,5,0,cfbd
Muskingum,2023,4,6,0,cfbd
Muskingum,2024,5,5,0,cfbd
Muskingum,2025,4,6,0,cfbd
Muskingum,2026,0,0,0,cfbd
Navy,1935,280,116,33,manual
Navy,1936,6,3,0,cfbd
Navy,1937,4,4,1,cfbd
Navy,1938,4,3,2,cfbd
Navy,1939,3,5,1,cfbd
Navy,1940,6,2,1,cfbd
Navy,1941,7,1,1,cfbd
Navy,1942,5,4,0,cfbd
Navy,1943,8,1,0,cfbd
Navy,1944,6,3,0,cfbd
Navy,1945,7,1,1,cfbd
Navy,1946,1,8,0,cfbd
Navy,1947,1,7,1,cfbd
Navy,1948,0,8,1,cfbd
Navy,1949,3,5,1,cfbd
Navy,1950,3,6,0,cfbd
Navy,1951,2,6,1,cfbd
Navy,1952,6,2,1,cfbd
Navy,1953,4,3,2,cfbd
Navy,1954,8,2,0,cfbd
Navy,1955,6,2,1,cfbd
Navy,1956,6,1,2,cfbd
Navy,1957,9,1,1,cfbd
Navy,1958,6,3,0,cfbd
Navy,1959,5,4,1,cfbd
Navy,1960,9,2,0,cfbd
Navy,1961,7,3,0,cfbd
Navy,1962,5,5,0,cfbd
Navy,1963,9,2,0,cfbd
Navy,1964,3,6,1,cfbd
Navy,1965,4,4,2,cfbd
Navy,1966,4,6,0,cfbd
Navy,1967,5,4,1,cfbd
Navy,1968,2,8,0,cfbd
Navy,1969,1,9,0,cfbd
Navy,1970,2,9,0,cfbd
Navy,1971,3,8,0,cfbd
Navy,1972,4,7,0,cfbd
Navy,1973,4,7,0,cfbd
Navy,1974,4,7,0,cfbd
Navy,1975,7,4,0,cfbd
Navy,1976,4,7,0,cfbd
Navy,1977,5,6,0,cfbd
Navy,1978,9,3,0,cfbd
Navy,1979,7,4,0,cfbd
Navy,1980,8,4,0,cfbd
Navy,1981,7,4,1,cfbd
Navy,1982,6,5,0,cfbd
Navy,1983,3,8,0,cfbd
Navy,1984,4,6,1,cfbd
Navy,1985,4,7,0,cfbd
Navy,1986,3,8,0,cfbd
Navy,1987,2,9,0,cfbd
Navy,1988,3,8,0,cfbd
Navy,1989,3,8,0,cfbd
Navy,1990,5,6,0,cfbd
Navy,1991,1,10,0,cfbd
Navy,1992,1,10,0,cfbd
Navy,1993,4,7,0,cfbd
Navy,1994,3,8,0,cfbd
Navy,1995,5,6,0,cfbd
Navy,1996,9,3,0,cfbd
Navy,1997,7,4,0,cfbd
Navy,1998,3,8,0,cfbd
Navy,1999,5,7,0,cfbd
Navy,2000,1,10,0,cfbd
Navy,2001,0,10,0,cfbd
Navy,2002,2,10,0,cfbd
Navy,2003,8,5,0,cfbd
Navy,2004,10,2,0,cfbd
Navy,2005,8,4,0,cfbd
Navy,2006,9,4,0,cfbd
Navy,2007,8,5,0,cfbd
Navy,2008,8,5,0,cfbd
Navy,2009,10,4,0,cfbd
Navy,2010,9,4,0,cfbd
Navy,2011,5,7,0,cfbd
Navy,2012,8,5,0,cfbd
Navy,2013,9,4,0,cfbd
Navy,2014,8,5,0,cfbd
Navy,2015,11,2,0,cfbd
Navy,2016,9,5,0,cfbd
Navy,2017,7,6,0,cfbd
Navy,2018,3,10,0,cfbd
Navy,2019,11,2,0,cfbd
Navy,2020,3,7,0,cfbd
Navy,2021,4,8,0,cfbd
Navy,2022,4,8,0,cfbd
Navy,2023,5,7,0,cfbd
Navy,2024,10,3,0,cfbd
Navy,2025,11,2,0,cfbd
Navy,2026,0,0,0,cfbd
NC State,1936,3,7,0,cfbd
NC State,1937,5,3,1,cfbd
NC State,1938,3,7,1,cfbd
NC State,1939,2,8,0,cfbd
NC State,1940,3,6,0,cfbd
NC State,1941,4,5,2,cfbd
NC State,1942,4,4,2,cfbd
NC State,1943,3,6,0,cfbd
NC State,1944,7,2,0,cfbd
NC State,1945,3,6,0,cfbd
NC State,1946,8,3,0,cfbd
NC State,1947,5,3,1,cfbd
NC State,1948,3,6,1,cfbd
NC State,1949,3,7,0,cfbd
NC State,1950,5,4,1,cfbd
NC State,1951,3,7,0,cfbd
NC State,1952,3,7,0,cfbd
NC State,1953,1,9,0,cfbd
NC State,1954,2,8,0,cfbd
NC State,1955,4,5,1,cfbd
NC State,1956,3,7,0,cfbd
NC State,1957,7,1,2,cfbd
NC State,1958,2,7,1,cfbd
NC State,1959,1,9,0,cfbd
NC State,1960,6,3,1,cfbd
NC State,1961,4,6,0,cfbd
NC State,1962,3,6,1,cfbd
NC State,1963,8,3,0,cfbd
NC State,1964,5,5,0,cfbd
NC State,1965,6,4,0,cfbd
NC State,1966,5,5,0,cfbd
NC State,1967,9,2,0,cfbd
NC State,1968,6,4,0,cfbd
NC State,1969,3,6,1,cfbd
NC State,1970,3,7,1,cfbd
NC State,1971,3,8,0,cfbd
NC State,1972,8,3,1,cfbd
NC State,1973,9,3,0,cfbd
NC State,1974,9,2,1,cfbd
NC State,1975,7,4,1,cfbd
NC State,1976,3,7,1,cfbd
NC State,1977,8,4,0,cfbd
NC State,1978,9,3,0,cfbd
NC State,1979,7,4,0,cfbd
NC State,1980,6,5,0,cfbd
NC State,1981,4,7,0,cfbd
NC State,1982,6,5,0,cfbd
NC State,1983,3,8,0,cfbd
NC State,1984,3,8,0,cfbd
NC State,1985,3,8,0,cfbd
NC State,1986,8,3,1,cfbd
NC State,1987,4,7,0,cfbd
NC State,1988,8,3,1,cfbd
NC State,1989,7,5,0,cfbd
NC State,1990,7,5,0,cfbd
NC State,1991,9,3,0,cfbd
NC State,1992,9,3,1,cfbd
NC State,1993,7,5,0,cfbd
NC State,1994,9,3,0,cfbd
NC State,1995,3,8,0,cfbd
NC State,1996,3,8,0,cfbd
NC State,1997,6,5,0,cfbd
NC State,1998,7,5,0,cfbd
NC State,1999,6,6,0,cfbd
NC State,2000,8,4,0,cfbd
NC State,2001,7,5,0,cfbd
NC State,2002,11,3,0,cfbd
NC State,2003,8,5,0,cfbd
NC State,2004,5,6,0,cfbd
NC State,2005,7,5,0,cfbd
NC State,2006,3,9,0,cfbd
NC State,2007,5,7,0,cfbd
NC State,2008,6,7,0,cfbd
NC State,2009,5,7,0,cfbd
NC State,2010,9,4,0,cfbd
NC State,2011,8,5,0,cfbd
NC State,2012,7,6,0,cfbd
NC State,2013,3,9,0,cfbd
NC State,2014,8,5,0,cfbd
NC State,2015,7,6,0,cfbd
NC State,2016,7,6,0,cfbd
NC State,2017,9,4,0,cfbd
NC State,2018,9,4,0,cfbd
NC State,2019,4,8,0,cfbd
NC State,2020,8,4,0,cfbd
NC State,2021,9,3,0,cfbd
NC State,2022,8,5,0,cfbd
NC State,2023,9,4,0,cfbd
NC State,2024,6,7,0,cfbd
NC State,2025,8,5,0,cfbd
NC State,2026,0,0,0,cfbd
Nebraska,1935,258,88,26,manual
Nebraska,1936,7,2,0,cfbd
Nebraska,1937,6,1,2,cfbd
Nebraska,1938,3,5,1,cfbd
Nebraska,1939,7,1,1,cfbd
Nebraska,1940,8,2,0,cfbd
Nebraska,1941,4,5,0,cfbd
Nebraska,1942,3,7,0,cfbd
Nebraska,1943,2,6,0,cfbd
Nebraska,1944,2,6,0,cfbd
Nebraska,1945,4,5,0,cfbd
Nebraska,1946,3,6,0,cfbd
Nebraska,1947,2,7,0,cfbd
Nebraska,1948,2,8,0,cfbd
Nebraska,1949,4,5,0,cfbd
Nebraska,1950,6,2,1,cfbd
Nebraska,1951,1,8,1,cfbd
Nebraska,1952,5,4,1,cfbd
Nebraska,1953,3,6,1,cfbd
Nebraska,1954,6,5,0,cfbd
Nebraska,1955,5,5,0,cfbd
Nebraska,1956,4,6,0,cfbd
Nebraska,1957,1,9,0,cfbd
Nebraska,1958,3,7,0,cfbd
Nebraska,1959,4,6,0,cfbd
Nebraska,1960,4,6,0,cfbd
Nebraska,1961,3,6,1,cfbd
Nebraska,1962,9,2,0,cfbd
Nebraska,1963,10,1,0,cfbd
Nebraska,1964,9,2,0,cfbd
Nebraska,1965,10,1,0,cfbd
Nebraska,1966,9,2,0,cfbd
Nebraska,1967,6,4,0,cfbd
Nebraska,1968,6,4,0,cfbd
Nebraska,1969,9,2,0,cfbd
Nebraska,1970,11,0,1,cfbd
Nebraska,1971,13,0,0,cfbd
Nebraska,1972,9,2,1,cfbd
Nebraska,1973,9,2,1,cfbd
Nebraska,1974,9,3,0,cfbd
Nebraska,1975,10,2,0,cfbd
Nebraska,1976,9,3,1,cfbd
Nebraska,1977,9,3,0,cfbd
Nebraska,1978,9,3,0,cfbd
Nebraska,1979,10,2,0,cfbd
Nebraska,1980,10,2,0,cfbd
Nebraska,1981,9,3,0,cfbd
Nebraska,1982,12,1,0,cfbd
Nebraska,1983,12,1,0,cfbd
Nebraska,1984,10,2,0,cfbd
Nebraska,1985,9,3,0,cfbd
Nebraska,1986,10,2,0,cfbd
Nebraska,1987,10,2,0,cfbd
Nebraska,1988,11,2,0,cfbd
Nebraska,1989,10,2,0,cfbd
Nebraska,1990,9,3,0,cfbd
Nebraska,1991,9,2,1,cfbd
Nebraska,1992,9,3,0,cfbd
Nebraska,1993,11,1,0,cfbd
Nebraska,1994,13,0,0,cfbd
Nebraska,1995,12,0,0,cfbd
Nebraska,1996,11,2,0,cfbd
Nebraska,1997,13,0,0,cfbd
Nebraska,1998,9,4,0,cfbd
Nebraska,1999,12,1,0,cfbd
Nebraska,2000,10,2,0,cfbd
Nebraska,2001,11,2,0,cfbd
Nebraska,2002,7,7,0,cfbd
Nebraska,2003,10,3,0,cfbd
Nebraska,2004,5,6,0,cfbd
Nebraska,2005,8,4,0,cfbd
Nebraska,2006,9,5,0,cfbd
Nebraska,2007,5,7,0,cfbd
Nebraska,2008,9,4,0,cfbd
Nebraska,2009,10,4,0,cfbd
Nebraska,2010,10,4,0,cfbd
Nebraska,2011,9,4,0,cfbd
Nebraska,2012,10,4,0,cfbd
Nebraska,2013,9,4,0,cfbd
Nebraska,2014,9,4,0,cfbd
Nebraska,2015,6,7,0,cfbd
Nebraska,2016,9,4,0,cfbd
Nebraska,2017,4,8,0,cfbd
Nebraska,2018,4,8,0,cfbd
Nebraska,2019,5,7,0,cfbd
Nebraska,2020,3,5,0,cfbd
Nebraska,2021,3,9,0,cfbd
Nebraska,2022,4,8,0,cfbd
Nebraska,2023,5,7,0,cfbd
Nebraska,2024,7,6,0,cfbd
Nebraska,2025,7,6,0,cfbd
Nebraska,2026,0,0,0,cfbd
Nebraska Kearney,2014,0,0,0,cfbd
Nebraska Kearney,2015,0,0,0,cfbd
Nebraska Kearney,2016,0,0,0,cfbd
Nebraska Kearney,2017,0,0,0,cfbd
Nebraska Kearney,2018,0,0,0,cfbd
Nebraska Kearney,2019,0,0,0,cfbd
Nebraska Kearney,2020,0,0,0,cfbd
Nebraska Kearney,2021,9,3,0,cfbd
Nebraska Kearney,2022,8,3,0,cfbd
Nebraska Kearney,2023,3,8,0,cfbd
Nebraska Kearney,2024,5,6,0,cfbd
Nebraska Kearney,2025,6,5,0,cfbd
Nebraska Kearney,2026,0,0,0,cfbd
Nebraska Wesleyan,2014,0,0,0,cfbd
Nebraska Wesleyan,2015,0,0,0,cfbd
Nebraska Wesleyan,2016,0,0,0,cfbd
Nebraska Wesleyan,2017,0,0,0,cfbd
Nebraska Wesleyan,2018,0,0,0,cfbd
Nebraska Wesleyan,2019,0,0,0,cfbd
Nebraska Wesleyan,2020,0,1,0,cfbd
Nebraska Wesleyan,2021,0,0,0,cfbd
Nebraska Wesleyan,2022,1,9,0,cfbd
Nebraska Wesleyan,2023,4,6,0,cfbd
Nebraska Wesleyan,2024,3,7,0,cfbd
Nebraska Wesleyan,2025,1,9,0,cfbd
Nebraska Wesleyan,2026,0,0,0,cfbd
Nevada,1936,1,0,0,cfbd
Nevada,1937,1,1,0,cfbd
Nevada,1938,0,0,1,cfbd
Nevada,1939,0,2,0,cfbd
Nevada,1940,0,1,1,cfbd
Nevada,1941,0,4,0,cfbd
Nevada,1942,0,2,1,cfbd
Nevada,1943,1,1,0,cfbd
Nevada,1944,1,2,0,cfbd
Nevada,1945,1,3,0,cfbd
Nevada,1946,7,2,0,cfbd
Nevada,1947,9,2,0,cfbd
Nevada,1948,9,2,0,cfbd
Nevada,1949,5,5,0,cfbd
Nevada,1950,1,9,0,cfbd
Nevada,1951,0,0,0,cfbd
Nevada,1952,0,0,0,cfbd
Nevada,1953,0,0,0,cfbd
Nevada,1954,0,0,0,cfbd
Nevada,1955,0,0,0,cfbd
Nevada,1956,0,0,0,cfbd
Nevada,1957,0,0,0,cfbd
Nevada,1958,0,0,0,cfbd
Nevada,1959,0,0,0,cfbd
Nevada,1960,0,0,0,cfbd
Nevada,1961,0,0,0,cfbd
Nevada,1962,0,0,0,cfbd
Nevada,1963,0,0,0,cfbd
Nevada,1964,0,0,0,cfbd
Nevada,1965,0,0,0,cfbd
Nevada,1966,0,0,0,cfbd
Nevada,1967,0,0,0,cfbd
Nevada,1968,0,0,0,cfbd
Nevada,1969,0,1,0,cfbd
Nevada,1970,0,0,0,cfbd
Nevada,1971,0,0,0,cfbd
Nevada,1972,0,0,0,cfbd
Nevada,1973,0,0,0,cfbd
Nevada,1974,0,1,0,cfbd
Nevada,1975,0,0,0,cfbd
Nevada,1976,0,0,0,cfbd
Nevada,1977,0,0,0,cfbd
Nevada,1978,2,0,0,cfbd
Nevada,1979,0,1,0,cfbd
Nevada,1980,0,1,0,cfbd
Nevada,1981,1,0,0,cfbd
Nevada,1982,2,0,0,cfbd
Nevada,1983,1,4,0,cfbd
Nevada,1984,0,2,0,cfbd
Nevada,1985,2,0,0,cfbd
Nevada,1986,1,0,0,cfbd
Nevada,1987,0,1,0,cfbd
Nevada,1988,0,0,0,cfbd
Nevada,1989,1,0,0,cfbd
Nevada,1990,1,0,0,cfbd
Nevada,1991,1,0,0,cfbd
Nevada,1992,7,5,0,cfbd
Nevada,1993,7,4,0,cfbd
Nevada,1994,9,2,0,cfbd
Nevada,1995,9,3,0,cfbd
Nevada,1996,9,3,0,cfbd
Nevada,1997,5,6,0,cfbd
Nevada,1998,6,5,0,cfbd
Nevada,1999,3,8,0,cfbd
Nevada,2000,2,10,0,cfbd
Nevada,2001,3,8,0,cfbd
Nevada,2002,5,7,0,cfbd
Nevada,2003,6,6,0,cfbd
Nevada,2004,5,7,0,cfbd
Nevada,2005,9,3,0,cfbd
Nevada,2006,8,5,0,cfbd
Nevada,2007,6,7,0,cfbd
Nevada,2008,7,6,0,cfbd
Nevada,2009,8,5,0,cfbd
Nevada,2010,13,1,0,cfbd
Nevada,2011,7,6,0,cfbd
Nevada,2012,7,6,0,cfbd
Nevada,2013,4,8,0,cfbd
Nevada,2014,7,6,0,cfbd
Nevada,2015,7,6,0,cfbd
Nevada,2016,5,7,0,cfbd
Nevada,2017,3,9,0,cfbd
Nevada,2018,8,5,0,cfbd
Nevada,2019,7,6,0,cfbd
Nevada,2020,7,2,0,cfbd
Nevada,2021,8,5,0,cfbd
Nevada,2022,2,10,0,cfbd
Nevada,2023,2,10,0,cfbd
Nevada,2024,3,10,0,cfbd
Nevada,2025,3,9,0,cfbd
Nevada,2026,0,0,0,cfbd
New England,2014,0,0,0,cfbd
New England,2015,0,0,0,cfbd
New England,2016,0,0,0,cfbd
New England,2017,0,0,0,cfbd
New England,2018,0,0,0,cfbd
New England,2019,0,0,0,cfbd
New England,2020,0,0,0,cfbd
New England,2021,0,0,0,cfbd
New England,2022,5,5,0,cfbd
New England,2023,6,4,0,cfbd
New England,2024,4,6,0,cfbd
New England,2025,8,2,0,cfbd
New England,2026,0,0,0,cfbd
New Hampshire,1936,0,0,0,cfbd
New Hampshire,1937,0,0,0,cfbd
New Hampshire,1938,0,0,0,cfbd
New Hampshire,1939,0,1,0,cfbd
New Hampshire,1940,0,0,0,cfbd
New Hampshire,1941,0,0,0,cfbd
New Hampshire,1942,0,0,0,cfbd
New Hampshire,1946,0,0,0,cfbd
New Hampshire,1947,0,0,0,cfbd
New Hampshire,1948,0,0,0,cfbd
New Hampshire,1949,0,0,0,cfbd
New Hampshire,1950,0,0,0,cfbd
New Hampshire,1951,0,0,0,cfbd
New Hampshire,1952,0,0,0,cfbd
New Hampshire,1953,0,0,0,cfbd
New Hampshire,1954,0,0,0,cfbd
New Hampshire,1955,0,0,0,cfbd
New Hampshire,1956,0,1,0,cfbd
New Hampshire,1957,0,1,0,cfbd
New Hampshire,1958,0,0,0,cfbd
New Hampshire,1959,0,0,0,cfbd
New Hampshire,1960,0,1,0,cfbd
New Hampshire,1961,0,1,0,cfbd
New Hampshire,1962,0,0,0,cfbd
New Hampshire,1963,0,0,0,cfbd
New Hampshire,1964,0,1,0,cfbd
New Hampshire,1965,0,1,0,cfbd
New Hampshire,1966,0,0,0,cfbd
New Hampshire,1967,0,0,0,cfbd
New Hampshire,1968,0,1,0,cfbd
New Hampshire,1969,0,1,0,cfbd
New Hampshire,1970,0,0,0,cfbd
New Hampshire,1971,0,0,0,cfbd
New Hampshire,1972,0,1,0,cfbd
New Hampshire,1973,1,1,0,cfbd
New Hampshire,1974,0,0,0,cfbd
New Hampshire,1975,0,0,0,cfbd
New Hampshire,1976,1,1,0,cfbd
New Hampshire,1977,1,0,0,cfbd
New Hampshire,1978,0,1,0,cfbd
New Hampshire,1979,1,0,2,cfbd
New Hampshire,1980,1,0,0,cfbd
New Hampshire,1981,0,0,0,cfbd
New Hampshire,1982,0,0,0,cfbd
New Hampshire,1983,0,0,0,cfbd
New Hampshire,1984,0,0,0,cfbd
New Hampshire,1985,0,0,0,cfbd
New Hampshire,1986,0,0,0,cfbd
New Hampshire,1987,0,0,0,cfbd
New Hampshire,1988,0,0,0,cfbd
New Hampshire,1989,0,0,0,cfbd
New Hampshire,1990,0,0,0,cfbd
New Hampshire,1991,0,0,0,cfbd
New Hampshire,1992,0,0,0,cfbd
New Hampshire,1993,0,0,0,cfbd
New Hampshire,1994,0,0,0,cfbd
New Hampshire,1995,0,0,0,cfbd
New Hampshire,1996,0,0,0,cfbd
New Hampshire,1997,0,0,0,cfbd
New Hampshire,1998,0,0,0,cfbd
New Hampshire,1999,0,0,0,cfbd
New Hampshire,2000,0,0,0,cfbd
New Hampshire,2001,0,0,0,cfbd
New Hampshire,2002,0,1,0,cfbd
New Hampshire,2003,5,7,0,cfbd
New Hampshire,2004,11,2,0,cfbd
New Hampshire,2005,11,2,0,cfbd
New Hampshire,2006,10,4,0,cfbd
New Hampshire,2007,7,5,0,cfbd
New Hampshire,2008,11,2,0,cfbd
New Hampshire,2009,10,3,0,cfbd
New Hampshire,2010,7,3,0,cfbd
New Hampshire,2011,8,4,0,cfbd
New Hampshire,2012,8,4,0,cfbd
New Hampshire,2013,8,5,0,cfbd
New Hampshire,2014,12,2,0,cfbd
New Hampshire,2015,7,5,0,cfbd
New Hampshire,2016,8,5,0,cfbd
New Hampshire,2017,9,5,0,cfbd
New Hampshire,2018,4,7,0,cfbd
New Hampshire,2019,6,5,0,cfbd
New Hampshire,2020,0,1,0,cfbd
New Hampshire,2021,3,8,0,cfbd
New Hampshire,2022,9,4,0,cfbd
New Hampshire,2023,6,5,0,cfbd
New Hampshire,2024,8,5,0,cfbd
New Hampshire,2025,8,5,0,cfbd
New Hampshire,2026,0,1,0,cfbd
New Haven,1973,0,0,0,cfbd
New Haven,1974,0,0,0,cfbd
New Haven,1975,0,0,0,cfbd
New Haven,1976,0,0,0,cfbd
New Haven,1977,0,0,0,cfbd
New Haven,1978,0,0,0,cfbd
New Haven,1979,0,0,0,cfbd
New Haven,1980,0,0,0,cfbd
New Haven,1981,0,0,0,cfbd
New Haven,1982,0,0,0,cfbd
New Haven,1983,0,0,0,cfbd
New Haven,1984,0,0,0,cfbd
New Haven,1985,0,0,0,cfbd
New Haven,1986,0,0,0,cfbd
New Haven,1987,0,0,0,cfbd
New Haven,1988,0,0,0,cfbd
New Haven,1989,0,0,0,cfbd
New Haven,1990,0,0,0,cfbd
New Haven,1991,0,0,0,cfbd
New Haven,1992,0,0,0,cfbd
New Haven,1993,0,0,0,cfbd
New Haven,1994,0,0,0,cfbd
New Haven,1995,0,0,0,cfbd
New Haven,1996,0,0,0,cfbd
New Haven,1997,0,0,0,cfbd
New Haven,1998,0,0,0,cfbd
New Haven,1999,0,0,0,cfbd
New Haven,2000,0,0,0,cfbd
New Haven,2001,0,0,0,cfbd
New Haven,2002,0,0,0,cfbd
New Haven,2003,0,1,0,cfbd
New Haven,2009,0,0,0,cfbd
New Haven,2010,0,0,0,cfbd
New Haven,2011,0,1,0,cfbd
New Haven,2012,0,0,0,cfbd
New Haven,2013,0,0,0,cfbd
New Haven,2014,0,0,0,cfbd
New Haven,2015,0,0,0,cfbd
New Haven,2016,0,0,0,cfbd
New Haven,2017,0,0,0,cfbd
New Haven,2018,0,1,0,cfbd
New Haven,2019,0,0,0,cfbd
New Haven,2021,10,2,0,cfbd
New Haven,2022,8,3,0,cfbd
New Haven,2023,8,3,0,cfbd
New Haven,2024,8,3,0,cfbd
New Haven,2025,5,5,0,cfbd
New Haven,2026,1,0,0,cfbd
New Mexico,1936,2,7,0,cfbd
New Mexico,1937,4,4,1,cfbd
New Mexico,1938,8,3,0,cfbd
New Mexico,1939,8,2,0,cfbd
New Mexico,1940,5,4,0,cfbd
New Mexico,1941,5,4,1,cfbd
New Mexico,1942,4,5,2,cfbd
New Mexico,1943,1,2,0,cfbd
New Mexico,1944,1,7,0,cfbd
New Mexico,1945,6,1,1,cfbd
New Mexico,1946,5,5,2,cfbd
New Mexico,1947,4,5,1,cfbd
New Mexico,1948,2,9,0,cfbd
New Mexico,1949,2,8,0,cfbd
New Mexico,1950,2,8,0,cfbd
New Mexico,1951,4,7,0,cfbd
New Mexico,1952,7,2,0,cfbd
New Mexico,1953,5,3,1,cfbd
New Mexico,1954,5,5,0,cfbd
New Mexico,1955,2,8,0,cfbd
New Mexico,1956,4,6,0,cfbd
New Mexico,1957,4,6,0,cfbd
New Mexico,1958,7,3,0,cfbd
New Mexico,1959,7,3,0,cfbd
New Mexico,1960,5,5,0,cfbd
New Mexico,1961,7,4,0,cfbd
New Mexico,1962,7,2,1,cfbd
New Mexico,1963,6,4,0,cfbd
New Mexico,1964,9,2,0,cfbd
New Mexico,1965,3,7,0,cfbd
New Mexico,1966,2,8,0,cfbd
New Mexico,1967,1,9,0,cfbd
New Mexico,1968,0,10,0,cfbd
New Mexico,1969,4,6,0,cfbd
New Mexico,1970,7,3,0,cfbd
New Mexico,1971,6,3,2,cfbd
New Mexico,1972,3,8,0,cfbd
New Mexico,1973,4,7,0,cfbd
New Mexico,1974,4,6,1,cfbd
New Mexico,1975,6,5,0,cfbd
New Mexico,1976,4,7,0,cfbd
New Mexico,1977,5,7,0,cfbd
New Mexico,1978,7,5,0,cfbd
New Mexico,1979,6,6,0,cfbd
New Mexico,1980,4,7,0,cfbd
New Mexico,1981,4,7,1,cfbd
New Mexico,1982,10,1,0,cfbd
New Mexico,1983,6,6,0,cfbd
New Mexico,1984,4,8,0,cfbd
New Mexico,1985,3,8,0,cfbd
New Mexico,1986,4,8,0,cfbd
New Mexico,1987,0,11,0,cfbd
New Mexico,1988,2,10,0,cfbd
New Mexico,1989,2,10,0,cfbd
New Mexico,1990,2,10,0,cfbd
New Mexico,1991,3,9,0,cfbd
New Mexico,1992,3,8,0,cfbd
New Mexico,1993,6,5,0,cfbd
New Mexico,1994,5,7,0,cfbd
New Mexico,1995,4,7,0,cfbd
New Mexico,1996,6,5,0,cfbd
New Mexico,1997,9,4,0,cfbd
New Mexico,1998,3,9,0,cfbd
New Mexico,1999,4,7,0,cfbd
New Mexico,2000,5,7,0,cfbd
New Mexico,2001,6,5,0,cfbd
New Mexico,2002,7,7,0,cfbd
New Mexico,2003,8,5,0,cfbd
New Mexico,2004,7,5,0,cfbd
New Mexico,2005,6,5,0,cfbd
New Mexico,2006,6,7,0,cfbd
New Mexico,2007,9,4,0,cfbd
New Mexico,2008,4,8,0,cfbd
New Mexico,2009,1,11,0,cfbd
New Mexico,2010,1,11,0,cfbd
New Mexico,2011,1,11,0,cfbd
New Mexico,2012,4,9,0,cfbd
New Mexico,2013,3,9,0,cfbd
New Mexico,2014,4,8,0,cfbd
New Mexico,2015,7,6,0,cfbd
New Mexico,2016,9,4,0,cfbd
New Mexico,2017,3,9,0,cfbd
New Mexico,2018,3,9,0,cfbd
New Mexico,2019,2,10,0,cfbd
New Mexico,2020,2,5,0,cfbd
New Mexico,2021,3,9,0,cfbd
New Mexico,2022,2,10,0,cfbd
New Mexico,2023,4,8,0,cfbd
New Mexico,2024,5,7,0,cfbd
New Mexico,2025,9,4,0,cfbd
New Mexico,2026,0,0,0,cfbd
New Mexico Highlands,2014,0,1,0,cfbd
New Mexico Highlands,2015,0,1,0,cfbd
New Mexico Highlands,2016,0,1,0,cfbd
New Mexico Highlands,2017,0,0,0,cfbd
New Mexico Highlands,2018,0,0,0,cfbd
New Mexico Highlands,2019,0,0,0,cfbd
New Mexico Highlands,2020,1,0,0,cfbd
New Mexico Highlands,2021,5,6,0,cfbd
New Mexico Highlands,2022,3,7,0,cfbd
New Mexico Highlands,2023,2,9,0,cfbd
New Mexico Highlands,2024,2,9,0,cfbd
New Mexico Highlands,2025,6,5,0,cfbd
New Mexico Highlands,2026,0,0,0,cfbd
New Mexico State,1936,6,4,1,cfbd
New Mexico State,1937,7,2,0,cfbd
New Mexico State,1938,7,2,0,cfbd
New Mexico State,1939,3,6,0,cfbd
New Mexico State,1940,3,6,0,cfbd
New Mexico State,1941,2,7,0,cfbd
New Mexico State,1942,1,8,0,cfbd
New Mexico State,1943,0,0,0,cfbd
New Mexico State,1946,5,5,0,cfbd
New Mexico State,1947,3,6,0,cfbd
New Mexico State,1948,3,7,0,cfbd
New Mexico State,1949,4,6,0,cfbd
New Mexico State,1950,2,7,0,cfbd
New Mexico State,1951,1,9,0,cfbd
New Mexico State,1952,2,6,1,cfbd
New Mexico State,1953,2,7,0,cfbd
New Mexico State,1954,0,9,0,cfbd
New Mexico State,1955,3,7,0,cfbd
New Mexico State,1956,1,9,0,cfbd
New Mexico State,1957,3,7,0,cfbd
New Mexico State,1958,4,6,0,cfbd
New Mexico State,1959,8,3,0,cfbd
New Mexico State,1960,11,0,0,cfbd
New Mexico State,1961,5,4,1,cfbd
New Mexico State,1962,4,6,0,cfbd
New Mexico State,1963,3,6,1,cfbd
New Mexico State,1964,6,4,0,cfbd
New Mexico State,1965,8,2,0,cfbd
New Mexico State,1966,7,3,0,cfbd
New Mexico State,1967,7,2,1,cfbd
New Mexico State,1968,5,5,0,cfbd
New Mexico State,1969,5,5,0,cfbd
New Mexico State,1970,4,6,0,cfbd
New Mexico State,1971,5,5,1,cfbd
New Mexico State,1972,2,9,0,cfbd
New Mexico State,1973,5,6,0,cfbd
New Mexico State,1974,5,6,0,cfbd
New Mexico State,1975,5,6,0,cfbd
New Mexico State,1976,4,6,1,cfbd
New Mexico State,1977,4,7,0,cfbd
New Mexico State,1978,6,5,0,cfbd
New Mexico State,1979,2,9,0,cfbd
New Mexico State,1980,3,7,1,cfbd
New Mexico State,1981,3,8,0,cfbd
New Mexico State,1982,3,8,0,cfbd
New Mexico State,1983,5,6,0,cfbd
New Mexico State,1984,2,9,0,cfbd
New Mexico State,1985,1,10,0,cfbd
New Mexico State,1986,1,10,0,cfbd
New Mexico State,1987,2,9,0,cfbd
New Mexico State,1988,1,10,0,cfbd
New Mexico State,1989,0,11,0,cfbd
New Mexico State,1990,1,10,0,cfbd
New Mexico State,1991,2,9,0,cfbd
New Mexico State,1992,6,5,0,cfbd
New Mexico State,1993,5,6,0,cfbd
New Mexico State,1994,3,8,0,cfbd
New Mexico State,1995,4,7,0,cfbd
New Mexico State,1996,1,10,0,cfbd
New Mexico State,1997,2,9,0,cfbd
New Mexico State,1998,3,8,0,cfbd
New Mexico State,1999,6,5,0,cfbd
New Mexico State,2000,3,8,0,cfbd
New Mexico State,2001,5,7,0,cfbd
New Mexico State,2002,7,5,0,cfbd
New Mexico State,2003,3,9,0,cfbd
New Mexico State,2004,5,6,0,cfbd
New Mexico State,2005,0,12,0,cfbd
New Mexico State,2006,4,8,0,cfbd
New Mexico State,2007,4,9,0,cfbd
New Mexico State,2008,3,9,0,cfbd
New Mexico State,2009,3,10,0,cfbd
New Mexico State,2010,2,10,0,cfbd
New Mexico State,2011,4,9,0,cfbd
New Mexico State,2012,1,11,0,cfbd
New Mexico State,2013,2,10,0,cfbd
New Mexico State,2014,2,10,0,cfbd
New Mexico State,2015,3,9,0,cfbd
New Mexico State,2016,3,9,0,cfbd
New Mexico State,2017,7,6,0,cfbd
New Mexico State,2018,3,9,0,cfbd
New Mexico State,2019,2,10,0,cfbd
New Mexico State,2020,1,1,0,cfbd
New Mexico State,2021,2,10,0,cfbd
New Mexico State,2022,7,6,0,cfbd
New Mexico State,2023,10,5,0,cfbd
New Mexico State,2024,3,9,0,cfbd
New Mexico State,2025,4,8,0,cfbd
New Mexico State,2026,0,0,0,cfbd
New York University,1936,5,3,1,cfbd
New York University,1937,5,4,0,cfbd
New York University,1938,4,4,0,cfbd
New York University,1939,5,4,0,cfbd
New York University,1940,2,7,0,cfbd
New York University,1941,2,7,0,cfbd
New York University,1944,2,5,0,cfbd
New York University,1945,3,4,0,cfbd
New York University,1946,5,3,0,cfbd
New York University,1947,2,5,1,cfbd
New York University,1948,3,6,0,cfbd
New York University,1949,3,6,0,cfbd
New York University,1950,1,5,1,cfbd
New York University,1951,1,7,0,cfbd
New York University,1952,2,5,1,cfbd
Newberry,2014,0,1,0,cfbd
Newberry,2015,0,1,0,cfbd
Newberry,2016,0,0,0,cfbd
Newberry,2017,0,1,0,cfbd
Newberry,2018,0,1,0,cfbd
Newberry,2019,0,0,0,cfbd
Newberry,2020,5,1,0,cfbd
Newberry,2021,10,3,0,cfbd
Newberry,2022,9,2,0,cfbd
Newberry,2023,4,7,0,cfbd
Newberry,2024,3,7,1,cfbd
Newberry,2025,12,2,0,cfbd
Newberry,2026,0,0,0,cfbd
Nicholls,1972,0,0,0,cfbd
Nicholls,1973,0,0,0,cfbd
Nicholls,1974,0,0,0,cfbd
Nicholls,1975,0,0,0,cfbd
Nicholls,1976,0,1,0,cfbd
Nicholls,1977,2,1,0,cfbd
Nicholls,1978,0,3,0,cfbd
Nicholls,1979,2,0,0,cfbd
Nicholls,1980,0,3,0,cfbd
Nicholls,1981,0,2,0,cfbd
Nicholls,1982,0,0,0,cfbd
Nicholls,1983,0,1,0,cfbd
Nicholls,1984,0,0,0,cfbd
Nicholls,1985,0,0,0,cfbd
Nicholls,1986,0,0,0,cfbd
Nicholls,1987,0,1,0,cfbd
Nicholls,1988,0,1,0,cfbd
Nicholls,1989,0,0,0,cfbd
Nicholls,1990,0,1,0,cfbd
Nicholls,1991,0,0,0,cfbd
Nicholls,1992,0,0,0,cfbd
Nicholls,1993,0,0,0,cfbd
Nicholls,1994,0,0,0,cfbd
Nicholls,1995,0,1,0,cfbd
Nicholls,1996,0,1,0,cfbd
Nicholls,1997,0,1,0,cfbd
Nicholls,1998,0,2,0,cfbd
Nicholls,1999,0,2,0,cfbd
Nicholls,2000,0,1,0,cfbd
Nicholls,2001,1,2,0,cfbd
Nicholls,2002,0,1,0,cfbd
Nicholls,2003,5,6,0,cfbd
Nicholls,2004,6,5,0,cfbd
Nicholls,2005,6,4,0,cfbd
Nicholls,2006,4,7,0,cfbd
Nicholls,2007,6,4,0,cfbd
Nicholls,2008,0,2,0,cfbd
Nicholls,2009,3,8,0,cfbd
Nicholls,2010,3,6,0,cfbd
Nicholls,2011,1,10,0,cfbd
Nicholls,2012,1,10,0,cfbd
Nicholls,2013,4,8,0,cfbd
Nicholls,2014,0,11,0,cfbd
Nicholls,2015,3,7,0,cfbd
Nicholls,2016,5,6,0,cfbd
Nicholls,2017,8,4,0,cfbd
Nicholls,2018,9,4,0,cfbd
Nicholls,2019,9,5,0,cfbd
Nicholls,2020,4,3,0,cfbd
Nicholls,2021,6,5,0,cfbd
Nicholls,2022,3,8,0,cfbd
Nicholls,2023,7,5,0,cfbd
Nicholls,2024,4,8,0,cfbd
Nicholls,2025,4,8,0,cfbd
Nicholls,2026,1,0,0,cfbd
Nichols,2014,0,0,0,cfbd
Nichols,2015,0,0,0,cfbd
Nichols,2016,0,0,0,cfbd
Nichols,2017,0,0,0,cfbd
Nichols,2018,0,0,0,cfbd
Nichols,2019,0,0,0,cfbd
Nichols,2020,0,0,0,cfbd
Nichols,2021,0,0,0,cfbd
Nichols,2022,4,6,0,cfbd
Nichols,2023,3,7,0,cfbd
Nichols,2024,3,7,0,cfbd
Nichols,2025,2,8,0,cfbd
Nichols,2026,0,0,0,cfbd
Norfolk State,1938,0,0,0,cfbd
Norfolk State,1939,0,0,0,cfbd
Norfolk State,1940,0,0,0,cfbd
Norfolk State,1941,0,0,0,cfbd
Norfolk State,1945,0,0,0,cfbd
Norfolk State,1946,0,0,1,cfbd
Norfolk State,1947,0,0,0,cfbd
Norfolk State,1948,0,0,0,cfbd
Norfolk State,1949,0,0,0,cfbd
Norfolk State,1950,0,0,0,cfbd
Norfolk State,1951,0,0,0,cfbd
Norfolk State,1952,0,0,0,cfbd
Norfolk State,1953,0,0,0,cfbd
Norfolk State,1954,0,0,0,cfbd
Norfolk State,1955,0,0,0,cfbd
Norfolk State,1956,0,0,0,cfbd
Norfolk State,1957,0,0,0,cfbd
Norfolk State,1958,0,0,0,cfbd
Norfolk State,1959,0,0,0,cfbd
Norfolk State,1960,0,0,0,cfbd
Norfolk State,1961,0,0,0,cfbd
Norfolk State,1962,0,0,0,cfbd
Norfolk State,1963,0,0,0,cfbd
Norfolk State,1964,0,0,0,cfbd
Norfolk State,1965,0,0,0,cfbd
Norfolk State,1966,0,0,0,cfbd
Norfolk State,1967,0,0,0,cfbd
Norfolk State,1968,0,0,0,cfbd
Norfolk State,1969,0,0,0,cfbd
Norfolk State,1970,0,0,0,cfbd
Norfolk State,1971,0,0,0,cfbd
Norfolk State,1972,0,0,0,cfbd
Norfolk State,1973,0,0,0,cfbd
Norfolk State,1974,0,0,0,cfbd
Norfolk State,1975,0,0,0,cfbd
Norfolk State,1976,0,0,0,cfbd
Norfolk State,1977,0,2,0,cfbd
Norfolk State,1978,0,0,0,cfbd
Norfolk State,1979,0,0,0,cfbd
Norfolk State,1980,0,0,0,cfbd
Norfolk State,1981,0,0,0,cfbd
Norfolk State,1982,0,0,0,cfbd
Norfolk State,1983,0,0,0,cfbd
Norfolk State,1984,0,0,0,cfbd
Norfolk State,1985,0,0,0,cfbd
Norfolk State,1986,0,0,0,cfbd
Norfolk State,1987,0,0,0,cfbd
Norfolk State,1988,0,0,0,cfbd
Norfolk State,1989,0,0,0,cfbd
Norfolk State,1990,0,0,0,cfbd
Norfolk State,1991,0,0,0,cfbd
Norfolk State,1992,0,0,0,cfbd
Norfolk State,1993,0,0,0,cfbd
Norfolk State,1994,0,0,0,cfbd
Norfolk State,1995,0,0,0,cfbd
Norfolk State,1996,0,0,0,cfbd
Norfolk State,1997,0,0,0,cfbd
Norfolk State,1998,0,0,0,cfbd
Norfolk State,1999,0,0,0,cfbd
Norfolk State,2000,0,0,0,cfbd
Norfolk State,2001,0,0,0,cfbd
Norfolk State,2002,0,0,0,cfbd
Norfolk State,2003,1,11,0,cfbd
Norfolk State,2004,1,8,0,cfbd
Norfolk State,2005,4,5,0,cfbd
Norfolk State,2006,4,7,0,cfbd
Norfolk State,2007,8,3,0,cfbd
Norfolk State,2008,5,7,0,cfbd
Norfolk State,2009,7,4,0,cfbd
Norfolk State,2010,6,5,0,cfbd
Norfolk State,2011,9,3,0,cfbd
Norfolk State,2012,4,5,0,cfbd
Norfolk State,2013,3,9,0,cfbd
Norfolk State,2014,4,8,0,cfbd
Norfolk State,2015,4,7,0,cfbd
Norfolk State,2016,4,7,0,cfbd
Norfolk State,2017,4,7,0,cfbd
Norfolk State,2018,4,7,0,cfbd
Norfolk State,2019,5,7,0,cfbd
Norfolk State,2021,6,5,0,cfbd
Norfolk State,2022,2,9,0,cfbd
Norfolk State,2023,3,8,0,cfbd
Norfolk State,2024,4,8,0,cfbd
Norfolk State,2025,1,11,0,cfbd
Norfolk State,2026,0,0,0,cfbd
Norman Naval Air Station,1944,6,0,0,cfbd
North Alabama,1972,0,1,0,cfbd
North Alabama,1973,1,0,0,cfbd
North Alabama,1974,0,0,0,cfbd
North Alabama,1975,0,0,0,cfbd
North Alabama,1976,0,0,0,cfbd
North Alabama,1977,0,0,0,cfbd
North Alabama,1978,0,0,0,cfbd
North Alabama,1979,0,1,0,cfbd
North Alabama,1980,0,0,0,cfbd
North Alabama,1981,0,0,0,cfbd
North Alabama,1982,0,0,0,cfbd
North Alabama,1983,0,0,0,cfbd
North Alabama,1984,0,0,0,cfbd
North Alabama,1985,0,0,0,cfbd
North Alabama,1986,0,0,0,cfbd
North Alabama,1987,0,0,0,cfbd
North Alabama,1988,0,0,0,cfbd
North Alabama,1989,0,0,0,cfbd
North Alabama,1990,0,0,0,cfbd
North Alabama,1991,0,0,0,cfbd
North Alabama,1992,0,0,0,cfbd
North Alabama,1993,0,0,0,cfbd
North Alabama,1994,0,0,0,cfbd
North Alabama,1995,0,0,0,cfbd
North Alabama,1996,0,0,0,cfbd
North Alabama,1997,1,0,0,cfbd
North Alabama,1998,0,0,0,cfbd
North Alabama,1999,0,0,0,cfbd
North Alabama,2000,0,0,0,cfbd
North Alabama,2001,0,0,0,cfbd
North Alabama,2002,0,0,0,cfbd
North Alabama,2003,1,0,0,cfbd
North Alabama,2004,0,0,0,cfbd
North Alabama,2005,0,0,0,cfbd
North Alabama,2006,0,0,0,cfbd
North Alabama,2007,0,0,0,cfbd
North Alabama,2008,0,0,0,cfbd
North Alabama,2009,0,0,0,cfbd
North Alabama,2010,0,0,0,cfbd
North Alabama,2011,0,0,0,cfbd
North Alabama,2012,0,0,0,cfbd
North Alabama,2013,0,0,0,cfbd
North Alabama,2014,0,0,0,cfbd
North Alabama,2015,0,0,0,cfbd
North Alabama,2016,0,2,0,cfbd
North Alabama,2017,0,0,0,cfbd
North Alabama,2018,7,3,0,cfbd
North Alabama,2019,4,7,0,cfbd
North Alabama,2020,0,4,0,cfbd
North Alabama,2021,3,8,0,cfbd
North Alabama,2022,1,10,0,cfbd
North Alabama,2023,3,8,0,cfbd
North Alabama,2024,3,9,0,cfbd
North Alabama,2025,2,10,0,cfbd
North Alabama,2026,0,0,0,cfbd
North Carolina,1935,187,124,36,manual
North Carolina,1936,8,2,0,cfbd
North Carolina,1937,7,1,1,cfbd
North Carolina,1938,6,2,1,cfbd
North Carolina,1939,8,1,1,cfbd
North Carolina,1940,6,4,0,cfbd
North Carolina,1941,3,7,0,cfbd
North Carolina,1942,5,2,2,cfbd
North Carolina,1943,6,3,0,cfbd
North Carolina,1944,1,7,1,cfbd
North Carolina,1945,5,5,0,cfbd
North Carolina,1946,8,2,1,cfbd
North Carolina,1947,8,2,0,cfbd
North Carolina,1948,9,1,1,cfbd
North Carolina,1949,7,4,0,cfbd
North Carolina,1950,3,5,2,cfbd
North Carolina,1951,2,8,0,cfbd
North Carolina,1952,2,6,0,cfbd
North Carolina,1953,4,6,0,cfbd
North Carolina,1954,4,5,1,cfbd
North Carolina,1955,3,7,0,cfbd
North Carolina,1956,2,7,1,cfbd
North Carolina,1957,6,4,0,cfbd
North Carolina,1958,6,4,0,cfbd
North Carolina,1959,5,5,0,cfbd
North Carolina,1960,3,7,0,cfbd
North Carolina,1961,5,5,0,cfbd
North Carolina,1962,3,7,0,cfbd
North Carolina,1963,9,2,0,cfbd
North Carolina,1964,5,5,0,cfbd
North Carolina,1965,4,6,0,cfbd
North Carolina,1966,2,8,0,cfbd
North Carolina,1967,2,8,0,cfbd
North Carolina,1968,3,7,0,cfbd
North Carolina,1969,5,5,0,cfbd
North Carolina,1970,8,4,0,cfbd
North Carolina,1971,9,3,0,cfbd
North Carolina,1972,11,1,0,cfbd
North Carolina,1973,4,7,0,cfbd
North Carolina,1974,7,5,0,cfbd
North Carolina,1975,3,7,1,cfbd
North Carolina,1976,9,3,0,cfbd
North Carolina,1977,8,3,1,cfbd
North Carolina,1978,5,6,0,cfbd
North Carolina,1979,8,3,1,cfbd
North Carolina,1980,11,1,0,cfbd
North Carolina,1981,10,2,0,cfbd
North Carolina,1982,8,4,0,cfbd
North Carolina,1983,8,4,0,cfbd
North Carolina,1984,5,5,1,cfbd
North Carolina,1985,5,6,0,cfbd
North Carolina,1986,7,4,1,cfbd
North Carolina,1987,5,6,0,cfbd
North Carolina,1988,1,10,0,cfbd
North Carolina,1989,1,10,0,cfbd
North Carolina,1990,6,4,1,cfbd
North Carolina,1991,7,4,0,cfbd
North Carolina,1992,9,3,0,cfbd
North Carolina,1993,10,3,0,cfbd
North Carolina,1994,8,4,0,cfbd
North Carolina,1995,7,5,0,cfbd
North Carolina,1996,10,2,0,cfbd
North Carolina,1997,11,1,0,cfbd
North Carolina,1998,7,5,0,cfbd
North Carolina,1999,3,8,0,cfbd
North Carolina,2000,6,5,0,cfbd
North Carolina,2001,8,5,0,cfbd
North Carolina,2002,3,9,0,cfbd
North Carolina,2003,2,10,0,cfbd
North Carolina,2004,6,6,0,cfbd
North Carolina,2005,5,6,0,cfbd
North Carolina,2006,3,9,0,cfbd
North Carolina,2007,4,8,0,cfbd
North Carolina,2008,8,5,0,cfbd
North Carolina,2009,8,5,0,cfbd
North Carolina,2010,8,5,0,cfbd
North Carolina,2011,7,6,0,cfbd
North Carolina,2012,8,4,0,cfbd
North Carolina,2013,7,6,0,cfbd
North Carolina,2014,6,7,0,cfbd
North Carolina,2015,11,3,0,cfbd
North Carolina,2016,8,5,0,cfbd
North Carolina,2017,3,9,0,cfbd
North Carolina,2018,2,9,0,cfbd
North Carolina,2019,7,6,0,cfbd
North Carolina,2020,8,4,0,cfbd
North Carolina,2021,6,7,0,cfbd
North Carolina,2022,9,5,0,cfbd
North Carolina,2023,8,5,0,cfbd
North Carolina,2024,6,7,0,cfbd
North Carolina,2025,4,8,0,cfbd
North Carolina,2026,0,0,0,cfbd
North Carolina A&T,1936,0,0,0,cfbd
North Carolina A&T,1937,0,0,0,cfbd
North Carolina A&T,1938,0,0,0,cfbd
North Carolina A&T,1939,0,0,0,cfbd
North Carolina A&T,1940,0,0,0,cfbd
North Carolina A&T,1941,0,0,0,cfbd
North Carolina A&T,1942,0,0,0,cfbd
North Carolina A&T,1943,0,0,0,cfbd
North Carolina A&T,1944,0,0,0,cfbd
North Carolina A&T,1945,0,0,0,cfbd
North Carolina A&T,1946,0,0,0,cfbd
North Carolina A&T,1947,0,0,0,cfbd
North Carolina A&T,1948,0,0,0,cfbd
North Carolina A&T,1949,0,0,0,cfbd
North Carolina A&T,1950,0,0,0,cfbd
North Carolina A&T,1951,0,0,0,cfbd
North Carolina A&T,1952,0,0,0,cfbd
North Carolina A&T,1953,0,0,0,cfbd
North Carolina A&T,1954,0,0,0,cfbd
North Carolina A&T,1955,0,0,0,cfbd
North Carolina A&T,1956,0,0,0,cfbd
North Carolina A&T,1957,0,0,0,cfbd
North Carolina A&T,1958,0,0,0,cfbd
North Carolina A&T,1959,0,0,0,cfbd
North Carolina A&T,1960,0,0,0,cfbd
North Carolina A&T,1961,0,0,0,cfbd
North Carolina A&T,1962,0,0,0,cfbd
North Carolina A&T,1963,0,0,0,cfbd
North Carolina A&T,1964,0,0,0,cfbd
North Carolina A&T,1965,0,0,0,cfbd
North Carolina A&T,1966,0,0,0,cfbd
North Carolina A&T,1967,0,0,0,cfbd
North Carolina A&T,1968,0,0,0,cfbd
North Carolina A&T,1969,0,0,0,cfbd
North Carolina A&T,1970,0,0,0,cfbd
North Carolina A&T,1971,0,0,0,cfbd
North Carolina A&T,1972,0,0,0,cfbd
North Carolina A&T,1973,0,0,0,cfbd
North Carolina A&T,1974,0,0,0,cfbd
North Carolina A&T,1975,0,0,0,cfbd
North Carolina A&T,1976,0,0,0,cfbd
North Carolina A&T,1977,0,1,0,cfbd
North Carolina A&T,1978,0,0,0,cfbd
North Carolina A&T,1979,0,0,0,cfbd
North Carolina A&T,1980,0,0,0,cfbd
North Carolina A&T,1981,0,0,0,cfbd
North Carolina A&T,1982,0,0,0,cfbd
North Carolina A&T,1983,0,0,0,cfbd
North Carolina A&T,1984,0,0,0,cfbd
North Carolina A&T,1985,0,0,0,cfbd
North Carolina A&T,1986,0,0,0,cfbd
North Carolina A&T,1987,0,0,0,cfbd
North Carolina A&T,1988,0,0,0,cfbd
North Carolina A&T,1989,0,0,0,cfbd
North Carolina A&T,1990,0,0,0,cfbd
North Carolina A&T,1991,0,0,0,cfbd
North Carolina A&T,1992,0,0,0,cfbd
North Carolina A&T,1993,0,0,0,cfbd
North Carolina A&T,1994,0,0,0,cfbd
North Carolina A&T,1995,0,0,0,cfbd
North Carolina A&T,1996,0,0,0,cfbd
North Carolina A&T,1997,0,0,0,cfbd
North Carolina A&T,1998,0,0,0,cfbd
North Carolina A&T,1999,0,0,0,cfbd
North Carolina A&T,2000,0,0,0,cfbd
North Carolina A&T,2001,0,0,0,cfbd
North Carolina A&T,2002,0,0,0,cfbd
North Carolina A&T,2003,10,2,0,cfbd
North Carolina A&T,2004,3,8,0,cfbd
North Carolina A&T,2005,2,7,0,cfbd
North Carolina A&T,2006,0,11,0,cfbd
North Carolina A&T,2007,0,11,0,cfbd
North Carolina A&T,2008,3,9,0,cfbd
North Carolina A&T,2009,4,6,0,cfbd
North Carolina A&T,2010,1,10,0,cfbd
North Carolina A&T,2011,5,6,0,cfbd
North Carolina A&T,2012,6,3,0,cfbd
North Carolina A&T,2013,7,4,0,cfbd
North Carolina A&T,2014,9,3,0,cfbd
North Carolina A&T,2015,10,2,0,cfbd
North Carolina A&T,2016,9,3,0,cfbd
North Carolina A&T,2017,12,0,0,cfbd
North Carolina A&T,2018,10,2,0,cfbd
North Carolina A&T,2019,9,3,0,cfbd
North Carolina A&T,2021,5,6,0,cfbd
North Carolina A&T,2022,7,4,0,cfbd
North Carolina A&T,2023,1,10,0,cfbd
North Carolina A&T,2024,1,11,0,cfbd
North Carolina A&T,2025,2,10,0,cfbd
North Carolina A&T,2026,0,0,0,cfbd
North Carolina Central,1936,0,0,0,cfbd
North Carolina Central,1937,0,0,0,cfbd
North Carolina Central,1938,0,0,0,cfbd
North Carolina Central,1939,0,0,0,cfbd
North Carolina Central,1940,0,0,0,cfbd
North Carolina Central,1941,0,0,0,cfbd
North Carolina Central,1942,0,0,0,cfbd
North Carolina Central,1945,0,0,0,cfbd
North Carolina Central,1946,0,0,0,cfbd
North Carolina Central,1947,0,0,0,cfbd
North Carolina Central,1948,0,0,0,cfbd
North Carolina Central,1949,0,0,0,cfbd
North Carolina Central,1950,0,0,0,cfbd
North Carolina Central,1951,0,0,0,cfbd
North Carolina Central,1952,0,0,0,cfbd
North Carolina Central,1953,0,0,0,cfbd
North Carolina Central,1954,0,0,0,cfbd
North Carolina Central,1955,0,0,0,cfbd
North Carolina Central,1956,0,0,0,cfbd
North Carolina Central,1957,0,0,0,cfbd
North Carolina Central,1958,0,0,0,cfbd
North Carolina Central,1959,0,0,0,cfbd
North Carolina Central,1960,0,0,0,cfbd
North Carolina Central,1961,0,0,0,cfbd
North Carolina Central,1962,0,0,0,cfbd
North Carolina Central,1963,0,0,0,cfbd
North Carolina Central,1964,0,0,0,cfbd
North Carolina Central,1965,0,0,0,cfbd
North Carolina Central,1966,0,0,0,cfbd
North Carolina Central,1967,0,0,0,cfbd
North Carolina Central,1968,0,0,0,cfbd
North Carolina Central,1969,0,0,0,cfbd
North Carolina Central,1970,0,0,0,cfbd
North Carolina Central,1971,0,0,0,cfbd
North Carolina Central,1972,0,0,0,cfbd
North Carolina Central,1973,0,0,0,cfbd
North Carolina Central,1974,0,0,0,cfbd
North Carolina Central,1975,0,0,0,cfbd
North Carolina Central,1976,0,0,0,cfbd
North Carolina Central,1977,0,0,0,cfbd
North Carolina Central,1978,0,0,0,cfbd
North Carolina Central,1979,0,0,0,cfbd
North Carolina Central,1980,0,0,0,cfbd
North Carolina Central,1981,0,0,0,cfbd
North Carolina Central,1982,0,0,0,cfbd
North Carolina Central,1983,0,0,0,cfbd
North Carolina Central,1984,0,0,0,cfbd
North Carolina Central,1985,0,0,0,cfbd
North Carolina Central,1986,0,0,0,cfbd
North Carolina Central,1987,0,0,0,cfbd
North Carolina Central,1988,0,0,0,cfbd
North Carolina Central,1989,0,0,0,cfbd
North Carolina Central,1990,0,0,0,cfbd
North Carolina Central,1991,0,0,0,cfbd
North Carolina Central,1992,0,0,0,cfbd
North Carolina Central,1993,0,0,0,cfbd
North Carolina Central,1994,0,0,0,cfbd
North Carolina Central,1995,0,0,0,cfbd
North Carolina Central,1996,0,0,0,cfbd
North Carolina Central,1997,0,0,0,cfbd
North Carolina Central,1998,0,0,0,cfbd
North Carolina Central,1999,0,0,0,cfbd
North Carolina Central,2000,0,0,0,cfbd
North Carolina Central,2001,0,0,0,cfbd
North Carolina Central,2002,0,0,0,cfbd
North Carolina Central,2003,1,1,0,cfbd
North Carolina Central,2004,1,1,0,cfbd
North Carolina Central,2005,0,0,0,cfbd
North Carolina Central,2006,0,0,0,cfbd
North Carolina Central,2007,6,4,0,cfbd
North Carolina Central,2008,4,7,0,cfbd
North Carolina Central,2009,4,7,0,cfbd
North Carolina Central,2010,3,8,0,cfbd
North Carolina Central,2011,2,9,0,cfbd
North Carolina Central,2012,4,5,0,cfbd
North Carolina Central,2013,5,7,0,cfbd
North Carolina Central,2014,7,5,0,cfbd
North Carolina Central,2015,8,3,0,cfbd
North Carolina Central,2016,9,3,0,cfbd
North Carolina Central,2017,7,4,0,cfbd
North Carolina Central,2018,5,6,0,cfbd
North Carolina Central,2019,4,8,0,cfbd
North Carolina Central,2021,6,5,0,cfbd
North Carolina Central,2022,10,2,0,cfbd
North Carolina Central,2023,9,3,0,cfbd
North Carolina Central,2024,8,3,0,cfbd
North Carolina Central,2025,8,4,0,cfbd
North Carolina Central,2026,0,0,0,cfbd
North Carolina Pre-Flight,1942,8,2,1,cfbd
North Carolina Pre-Flight,1943,2,4,1,cfbd
North Carolina Wesleyan,2014,0,0,0,cfbd
North Carolina Wesleyan,2015,0,0,0,cfbd
North Carolina Wesleyan,2016,0,0,0,cfbd
North Carolina Wesleyan,2017,0,0,0,cfbd
North Carolina Wesleyan,2018,0,0,0,cfbd
North Carolina Wesleyan,2019,0,1,0,cfbd
North Carolina Wesleyan,2020,0,3,0,cfbd
North Carolina Wesleyan,2021,0,0,0,cfbd
North Carolina Wesleyan,2022,3,7,0,cfbd
North Carolina Wesleyan,2023,4,6,0,cfbd
North Carolina Wesleyan,2024,4,6,0,cfbd
North Carolina Wesleyan,2025,4,6,0,cfbd
North Carolina Wesleyan,2026,0,0,0,cfbd
North Central College,2014,0,0,0,cfbd
North Central College,2015,0,0,0,cfbd
North Central College,2016,0,0,0,cfbd
North Central College,2017,0,0,0,cfbd
North Central College,2018,0,0,0,cfbd
North Central College,2019,1,0,0,cfbd
North Central College,2020,0,0,0,cfbd
North Central College,2021,0,1,0,cfbd
North Central College,2022,15,0,0,cfbd
North Central College,2023,14,1,0,cfbd
North Central College,2024,15,0,0,cfbd
North Central College,2025,14,1,0,cfbd
North Central College,2026,0,0,0,cfbd
North Dakota,1936,2,1,0,cfbd
North Dakota,1937,0,2,0,cfbd
North Dakota,1938,1,1,0,cfbd
North Dakota,1939,0,0,0,cfbd
North Dakota,1940,0,2,0,cfbd
North Dakota,1941,0,1,0,cfbd
North Dakota,1942,0,0,0,cfbd
North Dakota,1945,0,0,0,cfbd
North Dakota,1946,0,0,0,cfbd
North Dakota,1947,0,0,0,cfbd
North Dakota,1948,0,1,0,cfbd
North Dakota,1949,0,0,0,cfbd
North Dakota,1950,0,1,0,cfbd
North Dakota,1951,0,0,0,cfbd
North Dakota,1952,0,0,0,cfbd
North Dakota,1953,0,0,0,cfbd
North Dakota,1954,0,1,0,cfbd
North Dakota,1955,0,0,0,cfbd
North Dakota,1956,0,0,0,cfbd
North Dakota,1957,0,0,0,cfbd
North Dakota,1958,0,0,0,cfbd
North Dakota,1959,1,0,0,cfbd
North Dakota,1960,0,1,0,cfbd
North Dakota,1961,0,1,0,cfbd
North Dakota,1962,1,0,0,cfbd
North Dakota,1963,0,0,0,cfbd
North Dakota,1964,0,0,0,cfbd
North Dakota,1965,0,0,0,cfbd
North Dakota,1966,0,0,0,cfbd
North Dakota,1967,0,0,0,cfbd
North Dakota,1968,0,0,0,cfbd
North Dakota,1969,0,0,0,cfbd
North Dakota,1970,0,0,0,cfbd
North Dakota,1971,0,0,0,cfbd
North Dakota,1972,0,0,0,cfbd
North Dakota,1973,0,1,0,cfbd
North Dakota,1974,0,1,0,cfbd
North Dakota,1975,0,0,0,cfbd
North Dakota,1976,0,1,0,cfbd
North Dakota,1977,0,0,0,cfbd
North Dakota,1978,0,0,0,cfbd
North Dakota,1979,1,0,0,cfbd
North Dakota,1980,0,0,0,cfbd
North Dakota,1981,0,0,0,cfbd
North Dakota,1982,0,0,0,cfbd
North Dakota,1983,0,0,0,cfbd
North Dakota,1984,0,0,0,cfbd
North Dakota,1985,0,0,0,cfbd
North Dakota,1986,0,0,0,cfbd
North Dakota,1987,0,0,0,cfbd
North Dakota,1988,0,0,0,cfbd
North Dakota,1989,0,0,0,cfbd
North Dakota,1990,0,0,0,cfbd
North Dakota,1991,0,0,0,cfbd
North Dakota,1992,0,0,0,cfbd
North Dakota,1993,0,0,0,cfbd
North Dakota,1994,0,0,0,cfbd
North Dakota,1995,0,0,0,cfbd
North Dakota,1996,0,0,0,cfbd
North Dakota,1997,0,0,0,cfbd
North Dakota,1998,0,0,0,cfbd
North Dakota,1999,0,0,0,cfbd
North Dakota,2000,0,0,0,cfbd
North Dakota,2001,0,0,0,cfbd
North Dakota,2002,0,0,0,cfbd
North Dakota,2003,0,0,0,cfbd
North Dakota,2004,0,0,0,cfbd
North Dakota,2005,0,0,0,cfbd
North Dakota,2006,1,0,0,cfbd
North Dakota,2007,1,0,0,cfbd
North Dakota,2008,3,1,0,cfbd
North Dakota,2009,6,5,0,cfbd
North Dakota,2010,3,7,0,cfbd
North Dakota,2011,8,3,0,cfbd
North Dakota,2012,0,1,0,cfbd
North Dakota,2013,3,8,0,cfbd
North Dakota,2014,5,7,0,cfbd
North Dakota,2015,7,4,0,cfbd
North Dakota,2016,9,3,0,cfbd
North Dakota,2017,3,8,0,cfbd
North Dakota,2018,6,5,0,cfbd
North Dakota,2019,7,5,0,cfbd
North Dakota,2020,5,2,0,cfbd
North Dakota,2021,5,6,0,cfbd
North Dakota,2022,7,5,0,cfbd
North Dakota,2023,7,5,0,cfbd
North Dakota,2024,5,7,0,cfbd
North Dakota,2025,8,6,0,cfbd
North Dakota,2026,1,0,0,cfbd
North Dakota State,1936,0,2,0,cfbd
North Dakota State,1937,1,2,0,cfbd
North Dakota State,1938,0,2,0,cfbd
North Dakota State,1939,0,0,0,cfbd
North Dakota State,1940,0,0,0,cfbd
North Dakota State,1941,0,2,0,cfbd
North Dakota State,1942,0,0,0,cfbd
North Dakota State,1945,0,0,0,cfbd
North Dakota State,1946,0,2,0,cfbd
North Dakota State,1947,0,1,0,cfbd
North Dakota State,1948,0,0,0,cfbd
North Dakota State,1949,0,1,0,cfbd
North Dakota State,1950,0,1,0,cfbd
North Dakota State,1951,0,0,0,cfbd
North Dakota State,1952,0,1,0,cfbd
North Dakota State,1953,0,1,0,cfbd
North Dakota State,1954,0,1,0,cfbd
North Dakota State,1955,0,1,0,cfbd
North Dakota State,1956,0,1,0,cfbd
North Dakota State,1957,0,1,0,cfbd
North Dakota State,1958,0,0,0,cfbd
North Dakota State,1959,0,1,0,cfbd
North Dakota State,1960,0,0,0,cfbd
North Dakota State,1961,0,0,0,cfbd
North Dakota State,1962,0,0,0,cfbd
North Dakota State,1963,0,0,0,cfbd
North Dakota State,1964,0,0,0,cfbd
North Dakota State,1965,0,0,0,cfbd
North Dakota State,1966,0,0,0,cfbd
North Dakota State,1967,0,0,0,cfbd
North Dakota State,1968,1,0,0,cfbd
North Dakota State,1969,1,0,0,cfbd
North Dakota State,1970,0,0,0,cfbd
North Dakota State,1971,0,0,0,cfbd
North Dakota State,1972,0,0,0,cfbd
North Dakota State,1973,0,0,0,cfbd
North Dakota State,1974,0,0,0,cfbd
North Dakota State,1975,0,0,0,cfbd
North Dakota State,1976,0,0,0,cfbd
North Dakota State,1977,0,0,0,cfbd
North Dakota State,1978,0,0,0,cfbd
North Dakota State,1979,0,0,0,cfbd
North Dakota State,1980,0,0,0,cfbd
North Dakota State,1981,0,0,0,cfbd
North Dakota State,1982,0,0,0,cfbd
North Dakota State,1983,0,0,0,cfbd
North Dakota State,1984,0,0,0,cfbd
North Dakota State,1985,0,0,0,cfbd
North Dakota State,1986,0,0,0,cfbd
North Dakota State,1987,0,0,0,cfbd
North Dakota State,1988,0,0,0,cfbd
North Dakota State,1989,0,0,0,cfbd
North Dakota State,1990,0,0,0,cfbd
North Dakota State,1991,0,0,0,cfbd
North Dakota State,1992,0,0,0,cfbd
North Dakota State,1993,0,0,0,cfbd
North Dakota State,1994,0,0,0,cfbd
North Dakota State,1995,0,0,0,cfbd
North Dakota State,1996,0,0,0,cfbd
North Dakota State,1997,0,0,0,cfbd
North Dakota State,1998,0,0,0,cfbd
North Dakota State,1999,0,0,0,cfbd
North Dakota State,2000,0,0,0,cfbd
North Dakota State,2001,0,0,0,cfbd
North Dakota State,2002,0,0,0,cfbd
North Dakota State,2003,0,0,0,cfbd
North Dakota State,2004,4,2,0,cfbd
North Dakota State,2005,7,4,0,cfbd
North Dakota State,2006,4,1,0,cfbd
North Dakota State,2007,10,1,0,cfbd
North Dakota State,2008,6,5,0,cfbd
North Dakota State,2009,3,8,0,cfbd
North Dakota State,2010,9,4,0,cfbd
North Dakota State,2011,11,1,0,cfbd
North Dakota State,2012,11,1,0,cfbd
North Dakota State,2013,13,0,0,cfbd
North Dakota State,2014,15,1,0,cfbd
North Dakota State,2015,13,2,0,cfbd
North Dakota State,2016,12,2,0,cfbd
North Dakota State,2017,14,1,0,cfbd
North Dakota State,2018,15,0,0,cfbd
North Dakota State,2019,16,0,0,cfbd
North Dakota State,2020,7,3,0,cfbd
North Dakota State,2021,14,1,0,cfbd
North Dakota State,2022,12,3,0,cfbd
North Dakota State,2023,11,4,0,cfbd
North Dakota State,2024,14,2,0,cfbd
North Dakota State,2025,12,1,0,cfbd
North Dakota State,2026,0,0,0,cfbd
North Greenville,2014,0,1,0,cfbd
North Greenville,2015,0,1,0,cfbd
North Greenville,2016,0,1,0,cfbd
North Greenville,2017,0,1,0,cfbd
North Greenville,2018,0,1,0,cfbd
North Greenville,2019,0,1,0,cfbd
North Greenville,2020,0,0,0,cfbd
North Greenville,2021,5,6,0,cfbd
North Greenville,2022,3,8,0,cfbd
North Greenville,2023,5,5,0,cfbd
North Greenville,2024,5,5,1,cfbd
North Greenville,2025,7,5,0,cfbd
North Greenville,2026,0,0,0,cfbd
North Park,2014,0,0,0,cfbd
North Park,2015,0,0,0,cfbd
North Park,2016,0,0,0,cfbd
North Park,2017,0,0,0,cfbd
North Park,2018,0,0,0,cfbd
North Park,2019,0,0,0,cfbd
North Park,2020,0,3,0,cfbd
North Park,2021,0,0,0,cfbd
North Park,2022,1,8,1,cfbd
North Park,2023,5,5,0,cfbd
North Park,2024,5,5,0,cfbd
North Park,2025,3,7,0,cfbd
North Park,2026,0,0,0,cfbd
North Texas,1936,0,1,0,cfbd
North Texas,1937,0,1,0,cfbd
North Texas,1938,0,1,0,cfbd
North Texas,1939,0,1,0,cfbd
North Texas,1940,0,2,0,cfbd
North Texas,1941,1,1,0,cfbd
North Texas,1942,0,2,0,cfbd
North Texas,1946,0,1,0,cfbd
North Texas,1947,2,2,0,cfbd
North Texas,1948,1,1,0,cfbd
North Texas,1949,1,3,0,cfbd
North Texas,1950,2,2,0,cfbd
North Texas,1951,2,2,0,cfbd
North Texas,1952,2,2,0,cfbd
North Texas,1953,3,6,1,cfbd
North Texas,1954,4,6,0,cfbd
North Texas,1955,5,4,1,cfbd
North Texas,1956,7,2,1,cfbd
North Texas,1957,5,5,0,cfbd
North Texas,1958,7,2,1,cfbd
North Texas,1959,9,2,0,cfbd
North Texas,1960,2,6,1,cfbd
North Texas,1961,5,4,1,cfbd
North Texas,1962,6,4,0,cfbd
North Texas,1963,3,6,0,cfbd
North Texas,1964,2,7,1,cfbd
North Texas,1965,3,7,0,cfbd
North Texas,1966,8,2,0,cfbd
North Texas,1967,7,1,1,cfbd
North Texas,1968,8,2,0,cfbd
North Texas,1969,7,3,0,cfbd
North Texas,1970,3,8,0,cfbd
North Texas,1971,3,8,0,cfbd
North Texas,1972,1,10,0,cfbd
North Texas,1973,5,5,1,cfbd
North Texas,1974,2,7,2,cfbd
North Texas,1975,7,4,0,cfbd
North Texas,1976,6,5,0,cfbd
North Texas,1977,9,2,0,cfbd
North Texas,1978,9,2,0,cfbd
North Texas,1979,5,6,0,cfbd
North Texas,1980,6,5,0,cfbd
North Texas,1981,2,9,0,cfbd
North Texas,1982,2,9,0,cfbd
North Texas,1983,3,2,0,cfbd
North Texas,1984,0,3,0,cfbd
North Texas,1985,1,3,0,cfbd
North Texas,1986,1,2,0,cfbd
North Texas,1987,0,2,0,cfbd
North Texas,1988,2,1,0,cfbd
North Texas,1989,0,2,0,cfbd
North Texas,1990,2,1,0,cfbd
North Texas,1991,0,1,0,cfbd
North Texas,1992,0,2,0,cfbd
North Texas,1993,0,1,0,cfbd
North Texas,1994,0,2,0,cfbd
North Texas,1995,2,9,0,cfbd
North Texas,1996,5,6,0,cfbd
North Texas,1997,4,7,0,cfbd
North Texas,1998,3,8,0,cfbd
North Texas,1999,2,9,0,cfbd
North Texas,2000,3,8,0,cfbd
North Texas,2001,5,7,0,cfbd
North Texas,2002,8,5,0,cfbd
North Texas,2003,9,4,0,cfbd
North Texas,2004,7,5,0,cfbd
North Texas,2005,2,9,0,cfbd
North Texas,2006,3,9,0,cfbd
North Texas,2007,2,10,0,cfbd
North Texas,2008,1,11,0,cfbd
North Texas,2009,2,10,0,cfbd
North Texas,2010,3,9,0,cfbd
North Texas,2011,5,7,0,cfbd
North Texas,2012,4,8,0,cfbd
North Texas,2013,9,4,0,cfbd
North Texas,2014,4,8,0,cfbd
North Texas,2015,1,11,0,cfbd
North Texas,2016,5,8,0,cfbd
North Texas,2017,9,5,0,cfbd
North Texas,2018,9,4,0,cfbd
North Texas,2019,4,8,0,cfbd
North Texas,2020,4,6,0,cfbd
North Texas,2021,6,7,0,cfbd
North Texas,2022,7,7,0,cfbd
North Texas,2023,5,7,0,cfbd
North Texas,2024,6,7,0,cfbd
North Texas,2025,12,2,0,cfbd
North Texas,2026,0,0,0,cfbd
Northeastern,2003,8,4,0,cfbd
Northeastern,2004,5,6,0,cfbd
Northeastern,2005,2,9,0,cfbd
Northeastern,2006,5,6,0,cfbd
Northeastern,2007,3,9,0,cfbd
Northeastern,2008,2,10,0,cfbd
Northeastern,2009,3,8,0,cfbd
Northeastern State,2014,0,0,0,cfbd
Northeastern State,2015,0,0,0,cfbd
Northeastern State,2016,0,0,0,cfbd
Northeastern State,2017,0,0,0,cfbd
Northeastern State,2018,0,0,0,cfbd
Northeastern State,2019,0,0,0,cfbd
Northeastern State,2020,0,1,0,cfbd
Northeastern State,2021,2,9,0,cfbd
Northeastern State,2022,1,10,0,cfbd
Northeastern State,2023,1,10,0,cfbd
Northeastern State,2024,2,9,0,cfbd
Northeastern State,2025,7,3,0,cfbd
Northeastern State,2026,0,0,0,cfbd
Northern Arizona,1936,3,4,1,cfbd
Northern Arizona,1937,5,5,0,cfbd
Northern Arizona,1938,2,6,1,cfbd
Northern Arizona,1939,1,6,1,cfbd
Northern Arizona,1940,2,6,0,cfbd
Northern Arizona,1941,3,5,0,cfbd
Northern Arizona,1942,1,5,0,cfbd
Northern Arizona,1943,0,0,0,cfbd
Northern Arizona,1944,0,1,0,cfbd
Northern Arizona,1945,0,0,0,cfbd
Northern Arizona,1946,5,2,2,cfbd
Northern Arizona,1947,1,7,0,cfbd
Northern Arizona,1948,4,5,0,cfbd
Northern Arizona,1949,1,6,1,cfbd
Northern Arizona,1950,2,7,0,cfbd
Northern Arizona,1951,1,7,0,cfbd
Northern Arizona,1952,3,4,0,cfbd
Northern Arizona,1969,2,2,0,cfbd
Northern Arizona,1970,1,2,0,cfbd
Northern Arizona,1971,0,1,0,cfbd
Northern Arizona,1972,0,0,0,cfbd
Northern Arizona,1973,0,0,0,cfbd
Northern Arizona,1974,0,1,0,cfbd
Northern Arizona,1975,0,0,0,cfbd
Northern Arizona,1976,1,0,0,cfbd
Northern Arizona,1977,1,0,0,cfbd
Northern Arizona,1978,0,0,0,cfbd
Northern Arizona,1979,0,0,0,cfbd
Northern Arizona,1980,0,1,0,cfbd
Northern Arizona,1981,0,0,0,cfbd
Northern Arizona,1982,0,2,0,cfbd
Northern Arizona,1983,0,2,0,cfbd
Northern Arizona,1984,0,1,0,cfbd
Northern Arizona,1985,0,1,0,cfbd
Northern Arizona,1986,0,0,0,cfbd
Northern Arizona,1987,1,0,0,cfbd
Northern Arizona,1988,0,0,0,cfbd
Northern Arizona,1989,0,1,0,cfbd
Northern Arizona,1990,0,0,0,cfbd
Northern Arizona,1991,0,1,0,cfbd
Northern Arizona,1992,0,1,0,cfbd
Northern Arizona,1993,0,0,0,cfbd
Northern Arizona,1994,0,1,0,cfbd
Northern Arizona,1995,0,1,0,cfbd
Northern Arizona,1996,0,1,0,cfbd
Northern Arizona,1997,0,1,0,cfbd
Northern Arizona,1998,0,0,0,cfbd
Northern Arizona,1999,0,1,0,cfbd
Northern Arizona,2000,0,1,0,cfbd
Northern Arizona,2001,0,1,0,cfbd
Northern Arizona,2002,0,1,0,cfbd
Northern Arizona,2003,3,1,0,cfbd
Northern Arizona,2004,4,7,0,cfbd
Northern Arizona,2005,3,8,0,cfbd
Northern Arizona,2006,6,5,0,cfbd
Northern Arizona,2007,6,5,0,cfbd
Northern Arizona,2008,6,5,0,cfbd
Northern Arizona,2009,5,6,0,cfbd
Northern Arizona,2010,6,5,0,cfbd
Northern Arizona,2011,4,7,0,cfbd
Northern Arizona,2012,1,1,0,cfbd
Northern Arizona,2013,9,3,0,cfbd
Northern Arizona,2014,7,5,0,cfbd
Northern Arizona,2015,7,4,0,cfbd
Northern Arizona,2016,5,6,0,cfbd
Northern Arizona,2017,7,5,0,cfbd
Northern Arizona,2018,4,6,0,cfbd
Northern Arizona,2019,4,8,0,cfbd
Northern Arizona,2020,3,2,0,cfbd
Northern Arizona,2021,5,6,0,cfbd
Northern Arizona,2022,3,8,0,cfbd
Northern Arizona,2023,5,6,0,cfbd
Northern Arizona,2024,8,5,0,cfbd
Northern Arizona,2025,7,5,0,cfbd
Northern Arizona,2026,0,0,0,cfbd
Northern Colorado,1936,5,4,0,cfbd
Northern Colorado,1937,2,6,0,cfbd
Northern Colorado,1938,0,1,0,cfbd
Northern Colorado,1939,0,0,0,cfbd
Northern Colorado,1940,0,1,0,cfbd
Northern Colorado,1941,0,2,0,cfbd
Northern Colorado,1942,0,2,0,cfbd
Northern Colorado,1943,0,0,0,cfbd
Northern Colorado,1944,0,0,0,cfbd
Northern Colorado,1945,0,3,0,cfbd
Northern Colorado,1946,0,3,0,cfbd
Northern Colorado,1947,1,2,0,cfbd
Northern Colorado,1948,0,1,0,cfbd
Northern Colorado,1949,0,2,0,cfbd
Northern Colorado,1950,0,0,0,cfbd
Northern Colorado,1951,0,0,0,cfbd
Northern Colorado,1952,0,0,0,cfbd
Northern Colorado,1953,0,0,0,cfbd
Northern Colorado,1954,0,0,0,cfbd
Northern Colorado,1955,0,0,0,cfbd
Northern Colorado,1956,0,0,0,cfbd
Northern Colorado,1957,0,0,0,cfbd
Northern Colorado,1958,0,0,0,cfbd
Northern Colorado,1959,0,0,0,cfbd
Northern Colorado,1960,0,0,0,cfbd
Northern Colorado,1961,0,0,0,cfbd
Northern Colorado,1962,0,0,0,cfbd
Northern Colorado,1963,0,0,0,cfbd
Northern Colorado,1964,0,0,0,cfbd
Northern Colorado,1965,0,0,0,cfbd
Northern Colorado,1966,0,0,0,cfbd
Northern Colorado,1967,0,0,0,cfbd
Northern Colorado,1968,0,0,0,cfbd
Northern Colorado,1969,0,0,0,cfbd
Northern Colorado,1970,0,0,0,cfbd
Northern Colorado,1971,0,0,0,cfbd
Northern Colorado,1972,0,0,0,cfbd
Northern Colorado,1973,0,0,0,cfbd
Northern Colorado,1974,0,0,0,cfbd
Northern Colorado,1975,0,0,0,cfbd
Northern Colorado,1976,0,0,0,cfbd
Northern Colorado,1977,0,1,0,cfbd
Northern Colorado,1978,0,0,0,cfbd
Northern Colorado,1979,0,1,0,cfbd
Northern Colorado,1980,0,0,0,cfbd
Northern Colorado,1981,0,0,0,cfbd
Northern Colorado,1982,0,0,0,cfbd
Northern Colorado,1983,0,1,0,cfbd
Northern Colorado,1984,0,1,0,cfbd
Northern Colorado,1985,0,0,0,cfbd
Northern Colorado,1986,0,1,0,cfbd
Northern Colorado,1987,0,0,0,cfbd
Northern Colorado,1988,0,0,0,cfbd
Northern Colorado,1989,0,0,0,cfbd
Northern Colorado,1990,0,0,0,cfbd
Northern Colorado,1991,0,0,0,cfbd
Northern Colorado,1992,0,0,0,cfbd
Northern Colorado,1993,0,0,0,cfbd
Northern Colorado,1994,0,0,0,cfbd
Northern Colorado,1995,0,0,0,cfbd
Northern Colorado,1996,0,0,0,cfbd
Northern Colorado,1997,0,0,0,cfbd
Northern Colorado,1998,0,0,0,cfbd
Northern Colorado,1999,0,0,0,cfbd
Northern Colorado,2000,0,0,0,cfbd
Northern Colorado,2001,0,0,0,cfbd
Northern Colorado,2002,0,0,0,cfbd
Northern Colorado,2003,8,2,0,cfbd
Northern Colorado,2004,2,10,0,cfbd
Northern Colorado,2005,4,7,0,cfbd
Northern Colorado,2006,1,10,0,cfbd
Northern Colorado,2007,1,11,0,cfbd
Northern Colorado,2008,1,10,0,cfbd
Northern Colorado,2009,3,8,0,cfbd
Northern Colorado,2010,3,8,0,cfbd
Northern Colorado,2011,0,11,0,cfbd
Northern Colorado,2012,0,1,0,cfbd
Northern Colorado,2013,1,11,0,cfbd
Northern Colorado,2014,3,8,0,cfbd
Northern Colorado,2015,6,5,0,cfbd
Northern Colorado,2016,5,5,0,cfbd
Northern Colorado,2017,3,7,0,cfbd
Northern Colorado,2018,2,9,0,cfbd
Northern Colorado,2019,2,10,0,cfbd
Northern Colorado,2021,3,8,0,cfbd
Northern Colorado,2022,3,8,0,cfbd
Northern Colorado,2023,0,11,0,cfbd
Northern Colorado,2024,1,11,0,cfbd
Northern Colorado,2025,4,8,0,cfbd
Northern Colorado,2026,0,1,0,cfbd
Northern Illinois,1936,0,0,0,cfbd
Northern Illinois,1937,0,0,0,cfbd
Northern Illinois,1938,0,0,0,cfbd
Northern Illinois,1939,0,0,0,cfbd
Northern Illinois,1940,0,0,0,cfbd
Northern Illinois,1941,0,0,0,cfbd
Northern Illinois,1942,0,0,0,cfbd
Northern Illinois,1943,0,0,0,cfbd
Northern Illinois,1944,0,0,0,cfbd
Northern Illinois,1945,0,0,0,cfbd
Northern Illinois,1946,0,0,0,cfbd
Northern Illinois,1947,0,0,0,cfbd
Northern Illinois,1948,0,0,0,cfbd
Northern Illinois,1949,0,0,0,cfbd
Northern Illinois,1950,0,0,0,cfbd
Northern Illinois,1951,0,0,0,cfbd
Northern Illinois,1952,0,0,0,cfbd
Northern Illinois,1953,0,0,0,cfbd
Northern Illinois,1954,0,0,0,cfbd
Northern Illinois,1955,0,0,0,cfbd
Northern Illinois,1956,0,0,0,cfbd
Northern Illinois,1957,0,0,0,cfbd
Northern Illinois,1958,0,0,0,cfbd
Northern Illinois,1959,0,0,0,cfbd
Northern Illinois,1960,0,0,0,cfbd
Northern Illinois,1961,0,0,0,cfbd
Northern Illinois,1962,0,0,0,cfbd
Northern Illinois,1963,0,0,0,cfbd
Northern Illinois,1964,0,0,0,cfbd
Northern Illinois,1965,0,0,0,cfbd
Northern Illinois,1966,0,1,0,cfbd
Northern Illinois,1967,0,4,0,cfbd
Northern Illinois,1968,2,8,0,cfbd
Northern Illinois,1969,3,7,0,cfbd
Northern Illinois,1970,3,7,0,cfbd
Northern Illinois,1971,5,5,1,cfbd
Northern Illinois,1972,7,4,0,cfbd
Northern Illinois,1973,6,5,0,cfbd
Northern Illinois,1974,4,7,0,cfbd
Northern Illinois,1975,3,8,0,cfbd
Northern Illinois,1976,1,10,0,cfbd
Northern Illinois,1977,3,8,0,cfbd
Northern Illinois,1978,5,6,0,cfbd
Northern Illinois,1979,5,5,1,cfbd
Northern Illinois,1980,7,4,0,cfbd
Northern Illinois,1981,3,8,0,cfbd
Northern Illinois,1982,5,5,0,cfbd
Northern Illinois,1983,10,2,0,cfbd
Northern Illinois,1984,4,6,1,cfbd
Northern Illinois,1985,4,7,0,cfbd
Northern Illinois,1986,2,9,0,cfbd
Northern Illinois,1987,5,5,1,cfbd
Northern Illinois,1988,7,4,0,cfbd
Northern Illinois,1989,9,2,0,cfbd
Northern Illinois,1990,6,5,0,cfbd
Northern Illinois,1991,2,9,0,cfbd
Northern Illinois,1992,5,6,0,cfbd
Northern Illinois,1993,4,7,0,cfbd
Northern Illinois,1994,4,7,0,cfbd
Northern Illinois,1995,3,8,0,cfbd
Northern Illinois,1996,1,10,0,cfbd
Northern Illinois,1997,0,11,0,cfbd
Northern Illinois,1998,2,9,0,cfbd
Northern Illinois,1999,5,6,0,cfbd
Northern Illinois,2000,6,5,0,cfbd
Northern Illinois,2001,6,5,0,cfbd
Northern Illinois,2002,8,4,0,cfbd
Northern Illinois,2003,10,2,0,cfbd
Northern Illinois,2004,9,3,0,cfbd
Northern Illinois,2005,7,5,0,cfbd
Northern Illinois,2006,7,6,0,cfbd
Northern Illinois,2007,2,10,0,cfbd
Northern Illinois,2008,6,7,0,cfbd
Northern Illinois,2009,7,6,0,cfbd
Northern Illinois,2010,11,3,0,cfbd
Northern Illinois,2011,11,3,0,cfbd
Northern Illinois,2012,12,2,0,cfbd
Northern Illinois,2013,12,2,0,cfbd
Northern Illinois,2014,11,3,0,cfbd
Northern Illinois,2015,8,6,0,cfbd
Northern Illinois,2016,5,7,0,cfbd
Northern Illinois,2017,8,5,0,cfbd
Northern Illinois,2018,8,6,0,cfbd
Northern Illinois,2019,5,7,0,cfbd
Northern Illinois,2020,0,6,0,cfbd
Northern Illinois,2021,9,5,0,cfbd
Northern Illinois,2022,3,9,0,cfbd
Northern Illinois,2023,7,6,0,cfbd
Northern Illinois,2024,8,5,0,cfbd
Northern Illinois,2025,3,9,0,cfbd
Northern Illinois,2026,0,0,0,cfbd
Northern Iowa,1936,1,0,1,cfbd
Northern Iowa,1937,0,1,0,cfbd
Northern Iowa,1938,0,0,0,cfbd
Northern Iowa,1939,0,1,0,cfbd
Northern Iowa,1940,0,1,0,cfbd
Northern Iowa,1941,0,1,0,cfbd
Northern Iowa,1942,1,0,0,cfbd
Northern Iowa,1945,0,2,0,cfbd
Northern Iowa,1946,1,1,0,cfbd
Northern Iowa,1947,0,1,1,cfbd
Northern Iowa,1948,1,1,0,cfbd
Northern Iowa,1949,0,0,0,cfbd
Northern Iowa,1950,0,2,0,cfbd
Northern Iowa,1951,0,1,0,cfbd
Northern Iowa,1952,0,1,0,cfbd
Northern Iowa,1953,0,1,0,cfbd
Northern Iowa,1954,0,1,0,cfbd
Northern Iowa,1955,1,0,0,cfbd
Northern Iowa,1956,1,0,0,cfbd
Northern Iowa,1957,0,1,0,cfbd
Northern Iowa,1958,1,0,0,cfbd
Northern Iowa,1959,0,0,0,cfbd
Northern Iowa,1960,0,0,0,cfbd
Northern Iowa,1961,0,0,0,cfbd
Northern Iowa,1962,0,0,0,cfbd
Northern Iowa,1963,0,0,0,cfbd
Northern Iowa,1964,0,0,0,cfbd
Northern Iowa,1965,0,0,0,cfbd
Northern Iowa,1966,0,0,0,cfbd
Northern Iowa,1967,0,0,0,cfbd
Northern Iowa,1968,0,0,0,cfbd
Northern Iowa,1969,0,0,0,cfbd
Northern Iowa,1970,0,0,0,cfbd
Northern Iowa,1971,0,1,0,cfbd
Northern Iowa,1972,0,1,0,cfbd
Northern Iowa,1973,1,0,0,cfbd
Northern Iowa,1974,1,0,0,cfbd
Northern Iowa,1975,1,0,0,cfbd
Northern Iowa,1976,0,0,0,cfbd
Northern Iowa,1977,0,0,0,cfbd
Northern Iowa,1978,0,0,0,cfbd
Northern Iowa,1979,0,0,0,cfbd
Northern Iowa,1980,0,0,0,cfbd
Northern Iowa,1981,0,1,0,cfbd
Northern Iowa,1982,0,1,0,cfbd
Northern Iowa,1983,1,2,0,cfbd
Northern Iowa,1984,1,1,0,cfbd
Northern Iowa,1985,3,1,0,cfbd
Northern Iowa,1986,1,0,0,cfbd
Northern Iowa,1987,0,2,0,cfbd
Northern Iowa,1988,0,2,0,cfbd
Northern Iowa,1989,1,0,0,cfbd
Northern Iowa,1990,0,2,0,cfbd
Northern Iowa,1991,0,0,0,cfbd
Northern Iowa,1992,1,0,0,cfbd
Northern Iowa,1993,0,1,0,cfbd
Northern Iowa,1994,1,0,0,cfbd
Northern Iowa,1995,0,1,0,cfbd
Northern Iowa,1996,0,1,0,cfbd
Northern Iowa,1997,0,1,0,cfbd
Northern Iowa,1998,1,0,0,cfbd
Northern Iowa,1999,1,0,0,cfbd
Northern Iowa,2000,0,1,0,cfbd
Northern Iowa,2001,1,1,0,cfbd
Northern Iowa,2002,0,1,0,cfbd
Northern Iowa,2003,9,2,0,cfbd
Northern Iowa,2004,7,4,0,cfbd
Northern Iowa,2005,10,3,0,cfbd
Northern Iowa,2006,7,4,0,cfbd
Northern Iowa,2007,12,1,0,cfbd
Northern Iowa,2008,11,2,0,cfbd
Northern Iowa,2009,7,4,0,cfbd
Northern Iowa,2010,7,5,0,cfbd
Northern Iowa,2011,10,2,0,cfbd
Northern Iowa,2012,5,6,0,cfbd
Northern Iowa,2013,7,5,0,cfbd
Northern Iowa,2014,9,5,0,cfbd
Northern Iowa,2015,9,5,0,cfbd
Northern Iowa,2016,5,6,0,cfbd
Northern Iowa,2017,8,5,0,cfbd
Northern Iowa,2018,7,6,0,cfbd
Northern Iowa,2019,10,5,0,cfbd
Northern Iowa,2020,3,4,0,cfbd
Northern Iowa,2021,6,6,0,cfbd
Northern Iowa,2022,6,5,0,cfbd
Northern Iowa,2023,6,5,0,cfbd
Northern Iowa,2024,3,9,0,cfbd
Northern Iowa,2025,3,9,0,cfbd
Northern Iowa,2026,0,0,0,cfbd
Northern Michigan,2014,0,0,0,cfbd
Northern Michigan,2015,0,0,0,cfbd
Northern Michigan,2016,0,0,0,cfbd
Northern Michigan,2017,0,0,0,cfbd
Northern Michigan,2018,0,0,0,cfbd
Northern Michigan,2019,0,0,0,cfbd
Northern Michigan,2020,0,0,0,cfbd
Northern Michigan,2021,4,7,0,cfbd
Northern Michigan,2022,4,7,0,cfbd
Northern Michigan,2023,0,11,0,cfbd
Northern Michigan,2024,0,11,0,cfbd
Northern Michigan,2025,3,8,0,cfbd
Northern Michigan,2026,0,0,0,cfbd
Northern State,2014,0,0,0,cfbd
Northern State,2015,0,0,0,cfbd
Northern State,2016,0,0,0,cfbd
Northern State,2017,0,0,0,cfbd
Northern State,2018,0,0,0,cfbd
Northern State,2019,0,0,0,cfbd
Northern State,2020,0,0,0,cfbd
Northern State,2021,7,4,0,cfbd
Northern State,2022,6,5,0,cfbd
Northern State,2023,5,6,0,cfbd
Northern State,2024,6,5,0,cfbd
Northern State,2025,7,4,0,cfbd
Northern State,2026,0,0,0,cfbd
Northwest Missouri State,2014,0,0,0,cfbd
Northwest Missouri State,2015,1,0,0,cfbd
Northwest Missouri State,2016,1,0,0,cfbd
Northwest Missouri State,2017,0,0,0,cfbd
Northwest Missouri State,2018,0,0,0,cfbd
Northwest Missouri State,2019,0,0,0,cfbd
Northwest Missouri State,2020,0,0,0,cfbd
Northwest Missouri State,2021,11,2,0,cfbd
Northwest Missouri State,2022,10,3,0,cfbd
Northwest Missouri State,2023,7,4,0,cfbd
Northwest Missouri State,2024,6,5,0,cfbd
Northwest Missouri State,2025,9,3,0,cfbd
Northwest Missouri State,2026,0,0,0,cfbd
Northwestern,1935,177,98,30,manual
Northwestern,1936,7,1,0,cfbd
Northwestern,1937,4,4,0,cfbd
Northwestern,1938,4,2,2,cfbd
Northwestern,1939,3,4,1,cfbd
Northwestern,1940,6,2,0,cfbd
Northwestern,1941,5,3,0,cfbd
Northwestern,1942,1,9,0,cfbd
Northwestern,1943,6,2,0,cfbd
Northwestern,1944,1,7,1,cfbd
Northwestern,1945,4,4,1,cfbd
Northwestern,1946,4,4,1,cfbd
Northwestern,1947,3,6,0,cfbd
Northwestern,1948,8,2,0,cfbd
Northwestern,1949,4,5,0,cfbd
Northwestern,1950,6,3,0,cfbd
Northwestern,1951,5,4,0,cfbd
Northwestern,1952,2,6,1,cfbd
Northwestern,1953,3,6,0,cfbd
Northwestern,1954,2,7,0,cfbd
Northwestern,1955,0,8,1,cfbd
Northwestern,1956,4,4,1,cfbd
Northwestern,1957,0,9,0,cfbd
Northwestern,1958,5,4,0,cfbd
Northwestern,1959,6,3,0,cfbd
Northwestern,1960,5,4,0,cfbd
Northwestern,1961,4,5,0,cfbd
Northwestern,1962,7,2,0,cfbd
Northwestern,1963,5,4,0,cfbd
Northwestern,1964,3,6,0,cfbd
Northwestern,1965,4,6,0,cfbd
Northwestern,1966,3,6,1,cfbd
Northwestern,1967,3,7,0,cfbd
Northwestern,1968,1,9,0,cfbd
Northwestern,1969,3,7,0,cfbd
Northwestern,1970,6,4,0,cfbd
Northwestern,1971,7,4,0,cfbd
Northwestern,1972,2,9,0,cfbd
Northwestern,1973,4,7,0,cfbd
Northwestern,1974,3,8,0,cfbd
Northwestern,1975,3,8,0,cfbd
Northwestern,1976,1,10,0,cfbd
Northwestern,1977,1,10,0,cfbd
Northwestern,1978,0,10,1,cfbd
Northwestern,1979,1,10,0,cfbd
Northwestern,1980,0,11,0,cfbd
Northwestern,1981,0,11,0,cfbd
Northwestern,1982,3,8,0,cfbd
Northwestern,1983,2,9,0,cfbd
Northwestern,1984,2,9,0,cfbd
Northwestern,1985,3,8,0,cfbd
Northwestern,1986,4,7,0,cfbd
Northwestern,1987,2,8,1,cfbd
Northwestern,1988,2,8,1,cfbd
Northwestern,1989,0,11,0,cfbd
Northwestern,1990,2,9,0,cfbd
Northwestern,1991,3,8,0,cfbd
Northwestern,1992,3,8,0,cfbd
Northwestern,1993,2,9,0,cfbd
Northwestern,1994,3,7,1,cfbd
Northwestern,1995,10,2,0,cfbd
Northwestern,1996,9,3,0,cfbd
Northwestern,1997,5,7,0,cfbd
Northwestern,1998,3,9,0,cfbd
Northwestern,1999,3,8,0,cfbd
Northwestern,2000,8,4,0,cfbd
Northwestern,2001,4,7,0,cfbd
Northwestern,2002,3,9,0,cfbd
Northwestern,2003,6,7,0,cfbd
Northwestern,2004,6,6,0,cfbd
Northwestern,2005,7,5,0,cfbd
Northwestern,2006,4,8,0,cfbd
Northwestern,2007,6,6,0,cfbd
Northwestern,2008,9,4,0,cfbd
Northwestern,2009,8,5,0,cfbd
Northwestern,2010,7,6,0,cfbd
Northwestern,2011,6,7,0,cfbd
Northwestern,2012,10,3,0,cfbd
Northwestern,2013,5,7,0,cfbd
Northwestern,2014,5,7,0,cfbd
Northwestern,2015,10,3,0,cfbd
Northwestern,2016,7,6,0,cfbd
Northwestern,2017,10,3,0,cfbd
Northwestern,2018,9,5,0,cfbd
Northwestern,2019,3,9,0,cfbd
Northwestern,2020,7,2,0,cfbd
Northwestern,2021,3,9,0,cfbd
Northwestern,2022,1,11,0,cfbd
Northwestern,2023,8,5,0,cfbd
Northwestern,2024,4,8,0,cfbd
Northwestern,2025,7,6,0,cfbd
Northwestern,2026,0,0,0,cfbd
Northwestern (MN),2014,0,0,0,cfbd
Northwestern (MN),2015,0,0,0,cfbd
Northwestern (MN),2016,0,0,0,cfbd
Northwestern (MN),2017,0,0,0,cfbd
Northwestern (MN),2018,0,0,0,cfbd
Northwestern (MN),2019,0,0,0,cfbd
Northwestern (MN),2020,1,1,0,cfbd
Northwestern (MN),2021,0,0,0,cfbd
Northwestern (MN),2022,6,5,0,cfbd
Northwestern (MN),2023,6,4,0,cfbd
Northwestern (MN),2024,7,4,0,cfbd
Northwestern (MN),2025,4,6,0,cfbd
Northwestern (MN),2026,0,0,0,cfbd
Northwestern (OK),2014,0,0,0,cfbd
Northwestern (OK),2015,0,0,0,cfbd
Northwestern (OK),2016,0,0,0,cfbd
Northwestern (OK),2017,0,0,0,cfbd
Northwestern (OK),2018,0,0,0,cfbd
Northwestern (OK),2019,0,0,0,cfbd
Northwestern (OK),2020,0,0,0,cfbd
Northwestern (OK),2021,1,9,0,cfbd
Northwestern (OK),2022,1,10,0,cfbd
Northwestern (OK),2023,1,10,0,cfbd
Northwestern (OK),2024,2,9,0,cfbd
Northwestern (OK),2025,2,9,0,cfbd
Northwestern (OK),2026,0,0,0,cfbd
Northwestern State,1936,0,1,0,cfbd
Northwestern State,1937,0,1,1,cfbd
Northwestern State,1938,0,1,0,cfbd
Northwestern State,1939,1,0,0,cfbd
Northwestern State,1940,1,1,0,cfbd
Northwestern State,1941,0,0,1,cfbd
Northwestern State,1942,0,1,0,cfbd
Northwestern State,1944,0,0,0,cfbd
Northwestern State,1945,0,1,0,cfbd
Northwestern State,1946,0,2,0,cfbd
Northwestern State,1947,0,1,0,cfbd
Northwestern State,1948,0,0,0,cfbd
Northwestern State,1949,0,0,0,cfbd
Northwestern State,1950,0,0,0,cfbd
Northwestern State,1951,0,0,0,cfbd
Northwestern State,1952,0,0,0,cfbd
Northwestern State,1953,0,0,0,cfbd
Northwestern State,1954,0,0,0,cfbd
Northwestern State,1955,0,0,0,cfbd
Northwestern State,1956,0,0,0,cfbd
Northwestern State,1957,0,0,0,cfbd
Northwestern State,1958,0,0,0,cfbd
Northwestern State,1959,0,0,0,cfbd
Northwestern State,1960,0,0,0,cfbd
Northwestern State,1961,0,1,0,cfbd
Northwestern State,1962,0,0,0,cfbd
Northwestern State,1963,0,0,0,cfbd
Northwestern State,1964,0,0,0,cfbd
Northwestern State,1965,0,0,0,cfbd
Northwestern State,1966,0,0,0,cfbd
Northwestern State,1967,0,0,0,cfbd
Northwestern State,1968,0,0,0,cfbd
Northwestern State,1969,0,0,0,cfbd
Northwestern State,1970,0,0,0,cfbd
Northwestern State,1971,0,0,0,cfbd
Northwestern State,1972,0,0,0,cfbd
Northwestern State,1973,1,0,0,cfbd
Northwestern State,1974,0,1,0,cfbd
Northwestern State,1975,0,5,0,cfbd
Northwestern State,1976,5,5,0,cfbd
Northwestern State,1977,6,5,0,cfbd
Northwestern State,1978,5,6,0,cfbd
Northwestern State,1979,3,6,0,cfbd
Northwestern State,1980,2,3,0,cfbd
Northwestern State,1981,1,2,0,cfbd
Northwestern State,1982,0,0,0,cfbd
Northwestern State,1983,0,1,0,cfbd
Northwestern State,1984,1,0,0,cfbd
Northwestern State,1985,0,1,0,cfbd
Northwestern State,1986,0,0,0,cfbd
Northwestern State,1987,0,1,0,cfbd
Northwestern State,1988,0,0,0,cfbd
Northwestern State,1989,0,0,0,cfbd
Northwestern State,1990,0,1,0,cfbd
Northwestern State,1991,1,1,0,cfbd
Northwestern State,1992,1,0,0,cfbd
Northwestern State,1993,0,0,0,cfbd
Northwestern State,1994,0,1,0,cfbd
Northwestern State,1995,1,0,0,cfbd
Northwestern State,1996,1,1,0,cfbd
Northwestern State,1997,0,1,0,cfbd
Northwestern State,1998,1,1,0,cfbd
Northwestern State,1999,0,2,0,cfbd
Northwestern State,2000,1,1,0,cfbd
Northwestern State,2001,1,1,0,cfbd
Northwestern State,2002,0,1,0,cfbd
Northwestern State,2003,6,6,0,cfbd
Northwestern State,2004,8,4,0,cfbd
Northwestern State,2005,5,5,0,cfbd
Northwestern State,2006,4,7,0,cfbd
Northwestern State,2007,4,7,0,cfbd
Northwestern State,2008,2,1,0,cfbd
Northwestern State,2009,0,11,0,cfbd
Northwestern State,2010,4,6,0,cfbd
Northwestern State,2011,5,6,0,cfbd
Northwestern State,2012,4,7,0,cfbd
Northwestern State,2013,6,6,0,cfbd
Northwestern State,2014,6,6,0,cfbd
Northwestern State,2015,4,6,0,cfbd
Northwestern State,2016,1,10,0,cfbd
Northwestern State,2017,4,7,0,cfbd
Northwestern State,2018,5,6,0,cfbd
Northwestern State,2019,3,9,0,cfbd
Northwestern State,2020,1,5,0,cfbd
Northwestern State,2021,3,8,0,cfbd
Northwestern State,2022,4,7,0,cfbd
Northwestern State,2023,0,11,0,cfbd
Northwestern State,2024,0,12,0,cfbd
Northwestern State,2025,1,11,0,cfbd
Northwestern State,2026,0,1,0,cfbd
Northwood,2014,0,0,0,cfbd
Northwood,2015,0,0,0,cfbd
Northwood,2016,0,0,0,cfbd
Northwood,2017,0,0,0,cfbd
Northwood,2018,0,0,0,cfbd
Northwood,2019,0,0,0,cfbd
Northwood,2020,0,0,0,cfbd
Northwood,2021,1,9,0,cfbd
Northwood,2022,4,7,0,cfbd
Northwood,2023,5,6,0,cfbd
Northwood,2024,6,5,0,cfbd
Northwood,2025,9,3,0,cfbd
Northwood,2026,0,0,0,cfbd
Norwich,2014,0,0,0,cfbd
Norwich,2015,0,0,0,cfbd
Norwich,2016,0,0,0,cfbd
Norwich,2017,0,0,0,cfbd
Norwich,2018,0,0,0,cfbd
Norwich,2019,0,0,0,cfbd
Norwich,2020,0,0,0,cfbd
Norwich,2021,0,0,0,cfbd
Norwich,2022,3,7,0,cfbd
Norwich,2023,1,9,0,cfbd
Norwich,2024,0,10,0,cfbd
Norwich,2025,1,9,0,cfbd
Norwich,2026,0,0,0,cfbd
Notre Dame,1935,240,62,22,manual
Notre Dame,1936,6,2,1,cfbd
Notre Dame,1937,6,2,1,cfbd
Notre Dame,1938,8,1,0,cfbd
Notre Dame,1939,7,2,0,cfbd
Notre Dame,1940,7,2,0,cfbd
Notre Dame,1941,8,0,1,cfbd
Notre Dame,1942,7,2,2,cfbd
Notre Dame,1943,9,1,0,cfbd
Notre Dame,1944,8,2,0,cfbd
Notre Dame,1945,7,2,1,cfbd
Notre Dame,1946,8,0,1,cfbd
Notre Dame,1947,9,0,0,cfbd
Notre Dame,1948,9,0,1,cfbd
Notre Dame,1949,10,0,0,cfbd
Notre Dame,1950,4,4,1,cfbd
Notre Dame,1951,7,2,1,cfbd
Notre Dame,1952,7,2,1,cfbd
Notre Dame,1953,9,0,1,cfbd
Notre Dame,1954,9,1,0,cfbd
Notre Dame,1955,8,2,0,cfbd
Notre Dame,1956,2,8,0,cfbd
Notre Dame,1957,7,3,0,cfbd
Notre Dame,1958,6,4,0,cfbd
Notre Dame,1959,5,5,0,cfbd
Notre Dame,1960,2,8,0,cfbd
Notre Dame,1961,5,5,0,cfbd
Notre Dame,1962,5,5,0,cfbd
Notre Dame,1963,2,7,0,cfbd
Notre Dame,1964,9,1,0,cfbd
Notre Dame,1965,7,2,1,cfbd
Notre Dame,1966,9,0,1,cfbd
Notre Dame,1967,8,2,0,cfbd
Notre Dame,1968,7,2,1,cfbd
Notre Dame,1969,8,2,1,cfbd
Notre Dame,1970,10,1,0,cfbd
Notre Dame,1971,8,2,0,cfbd
Notre Dame,1972,8,3,0,cfbd
Notre Dame,1973,11,0,0,cfbd
Notre Dame,1974,10,2,0,cfbd
Notre Dame,1975,8,3,0,cfbd
Notre Dame,1976,9,3,0,cfbd
Notre Dame,1977,11,1,0,cfbd
Notre Dame,1978,9,3,0,cfbd
Notre Dame,1979,7,4,0,cfbd
Notre Dame,1980,9,2,1,cfbd
Notre Dame,1981,5,6,0,cfbd
Notre Dame,1982,6,4,1,cfbd
Notre Dame,1983,7,5,0,cfbd
Notre Dame,1984,7,5,0,cfbd
Notre Dame,1985,5,6,0,cfbd
Notre Dame,1986,5,6,0,cfbd
Notre Dame,1987,8,4,0,cfbd
Notre Dame,1988,12,0,0,cfbd
Notre Dame,1989,12,1,0,cfbd
Notre Dame,1990,9,3,0,cfbd
Notre Dame,1991,10,3,0,cfbd
Notre Dame,1992,10,1,1,cfbd
Notre Dame,1993,11,1,0,cfbd
Notre Dame,1994,6,5,1,cfbd
Notre Dame,1995,9,3,0,cfbd
Notre Dame,1996,8,3,0,cfbd
Notre Dame,1997,7,6,0,cfbd
Notre Dame,1998,9,3,0,cfbd
Notre Dame,1999,5,7,0,cfbd
Notre Dame,2000,9,3,0,cfbd
Notre Dame,2001,5,6,0,cfbd
Notre Dame,2002,10,3,0,cfbd
Notre Dame,2003,5,7,0,cfbd
Notre Dame,2004,6,6,0,cfbd
Notre Dame,2005,9,3,0,cfbd
Notre Dame,2006,10,3,0,cfbd
Notre Dame,2007,3,9,0,cfbd
Notre Dame,2008,7,6,0,cfbd
Notre Dame,2009,6,6,0,cfbd
Notre Dame,2010,8,5,0,cfbd
Notre Dame,2011,8,5,0,cfbd
Notre Dame,2012,12,1,0,cfbd
Notre Dame,2013,9,4,0,cfbd
Notre Dame,2014,8,5,0,cfbd
Notre Dame,2015,10,3,0,cfbd
Notre Dame,2016,4,8,0,cfbd
Notre Dame,2017,10,3,0,cfbd
Notre Dame,2018,12,1,0,cfbd
Notre Dame,2019,11,2,0,cfbd
Notre Dame,2020,10,2,0,cfbd
Notre Dame,2021,11,2,0,cfbd
Notre Dame,2022,9,4,0,cfbd
Notre Dame,2023,10,3,0,cfbd
Notre Dame,2024,14,2,0,cfbd
Notre Dame,2025,10,2,0,cfbd
Notre Dame,2026,0,0,0,cfbd
Notre Dame College,2014,0,0,0,cfbd
Notre Dame College,2015,0,1,0,cfbd
Notre Dame College,2016,0,0,0,cfbd
Notre Dame College,2017,0,0,0,cfbd
Notre Dame College,2018,0,0,0,cfbd
Notre Dame College,2019,0,0,0,cfbd
Notre Dame College,2020,3,0,0,cfbd
Notre Dame College,2021,11,2,0,cfbd
Notre Dame College,2022,9,3,0,cfbd
Notre Dame College,2023,7,3,0,cfbd
Notre Dame College,2024,0,0,0,cfbd
Notre Dame College,2025,0,0,0,cfbd
Notre Dame College,2026,0,0,0,cfbd
Oberlin,2014,0,0,0,cfbd
Oberlin,2015,0,0,0,cfbd
Oberlin,2016,0,0,0,cfbd
Oberlin,2017,0,0,0,cfbd
Oberlin,2018,0,0,0,cfbd
Oberlin,2019,0,0,0,cfbd
Oberlin,2020,0,0,0,cfbd
Oberlin,2021,0,0,0,cfbd
Oberlin,2022,0,10,0,cfbd
Oberlin,2023,1,9,0,cfbd
Oberlin,2024,1,9,0,cfbd
Oberlin,2025,0,10,0,cfbd
Oberlin,2026,0,0,0,cfbd
Occidental,2014,0,0,0,cfbd
Occidental,2015,0,0,0,cfbd
Occidental,2016,0,0,0,cfbd
Occidental,2017,0,0,0,cfbd
Occidental,2018,0,0,0,cfbd
Occidental,2019,0,0,0,cfbd
Occidental,2020,0,0,0,cfbd
Occidental,2021,0,0,0,cfbd
Occidental,2022,0,0,0,cfbd
Occidental,2023,0,0,0,cfbd
Occidental,2024,0,0,0,cfbd
Occidental,2025,0,0,0,cfbd
Occidental,2026,0,0,0,cfbd
Ohio,1936,0,1,0,cfbd
Ohio,1937,0,1,0,cfbd
Ohio,1938,1,0,0,cfbd
Ohio,1939,0,0,0,cfbd
Ohio,1940,1,0,0,cfbd
Ohio,1941,0,0,0,cfbd
Ohio,1942,0,0,0,cfbd
Ohio,1945,1,0,0,cfbd
Ohio,1946,0,0,0,cfbd
Ohio,1947,0,0,0,cfbd
Ohio,1948,1,2,0,cfbd
Ohio,1949,1,0,0,cfbd
Ohio,1950,0,1,0,cfbd
Ohio,1951,0,0,0,cfbd
Ohio,1952,0,0,0,cfbd
Ohio,1953,0,1,0,cfbd
Ohio,1954,0,1,0,cfbd
Ohio,1955,0,1,0,cfbd
Ohio,1956,0,1,0,cfbd
Ohio,1957,0,1,0,cfbd
Ohio,1958,1,0,0,cfbd
Ohio,1959,1,0,0,cfbd
Ohio,1960,3,0,0,cfbd
Ohio,1961,1,1,0,cfbd
Ohio,1962,8,3,0,cfbd
Ohio,1963,6,4,0,cfbd
Ohio,1964,5,4,1,cfbd
Ohio,1965,0,10,0,cfbd
Ohio,1966,5,5,0,cfbd
Ohio,1967,5,5,0,cfbd
Ohio,1968,10,1,0,cfbd
Ohio,1969,5,4,1,cfbd
Ohio,1970,4,5,0,cfbd
Ohio,1971,5,5,0,cfbd
Ohio,1972,3,8,0,cfbd
Ohio,1973,5,5,0,cfbd
Ohio,1974,6,5,0,cfbd
Ohio,1975,5,5,1,cfbd
Ohio,1976,7,4,0,cfbd
Ohio,1977,1,10,0,cfbd
Ohio,1978,3,8,0,cfbd
Ohio,1979,6,5,0,cfbd
Ohio,1980,6,5,0,cfbd
Ohio,1981,5,6,0,cfbd
Ohio,1982,6,5,0,cfbd
Ohio,1983,4,7,0,cfbd
Ohio,1984,4,6,1,cfbd
Ohio,1985,2,9,0,cfbd
Ohio,1986,1,10,0,cfbd
Ohio,1987,1,10,0,cfbd
Ohio,1988,4,6,1,cfbd
Ohio,1989,1,9,1,cfbd
Ohio,1990,1,9,1,cfbd
Ohio,1991,2,8,1,cfbd
Ohio,1992,1,10,0,cfbd
Ohio,1993,4,7,0,cfbd
Ohio,1994,0,11,0,cfbd
Ohio,1995,2,8,1,cfbd
Ohio,1996,6,6,0,cfbd
Ohio,1997,8,3,0,cfbd
Ohio,1998,5,6,0,cfbd
Ohio,1999,5,6,0,cfbd
Ohio,2000,7,4,0,cfbd
Ohio,2001,1,10,0,cfbd
Ohio,2002,4,8,0,cfbd
Ohio,2003,2,10,0,cfbd
Ohio,2004,4,7,0,cfbd
Ohio,2005,4,7,0,cfbd
Ohio,2006,9,5,0,cfbd
Ohio,2007,6,6,0,cfbd
Ohio,2008,4,8,0,cfbd
Ohio,2009,9,5,0,cfbd
Ohio,2010,8,5,0,cfbd
Ohio,2011,10,4,0,cfbd
Ohio,2012,9,4,0,cfbd
Ohio,2013,7,6,0,cfbd
Ohio,2014,6,6,0,cfbd
Ohio,2015,8,5,0,cfbd
Ohio,2016,8,6,0,cfbd
Ohio,2017,9,4,0,cfbd
Ohio,2018,9,4,0,cfbd
Ohio,2019,7,6,0,cfbd
Ohio,2020,2,1,0,cfbd
Ohio,2021,3,9,0,cfbd
Ohio,2022,10,4,0,cfbd
Ohio,2023,10,3,0,cfbd
Ohio,2024,11,3,0,cfbd
Ohio,2025,9,4,0,cfbd
Ohio,2026,0,0,0,cfbd
Ohio Dominican,2014,0,0,0,cfbd
Ohio Dominican,2015,0,0,0,cfbd
Ohio Dominican,2016,0,0,0,cfbd
Ohio Dominican,2017,0,0,0,cfbd
Ohio Dominican,2018,0,0,0,cfbd
Ohio Dominican,2019,0,0,0,cfbd
Ohio Dominican,2020,4,2,0,cfbd
Ohio Dominican,2021,7,4,0,cfbd
Ohio Dominican,2022,7,3,0,cfbd
Ohio Dominican,2023,4,7,0,cfbd
Ohio Dominican,2024,4,7,0,cfbd
Ohio Dominican,2025,5,5,0,cfbd
Ohio Dominican,2026,1,0,0,cfbd
Ohio Northern,2014,0,0,0,cfbd
Ohio Northern,2015,0,0,0,cfbd
Ohio Northern,2016,0,0,0,cfbd
Ohio Northern,2017,0,0,0,cfbd
Ohio Northern,2018,0,0,0,cfbd
Ohio Northern,2019,0,0,0,cfbd
Ohio Northern,2020,3,1,0,cfbd
Ohio Northern,2021,0,0,0,cfbd
Ohio Northern,2022,3,7,0,cfbd
Ohio Northern,2023,4,6,0,cfbd
Ohio Northern,2024,5,5,0,cfbd
Ohio Northern,2025,8,3,0,cfbd
Ohio Northern,2026,0,0,0,cfbd
Ohio State,1935,216,119,31,manual
Ohio State,1936,5,3,0,cfbd
Ohio State,1937,6,2,0,cfbd
Ohio State,1938,4,3,1,cfbd
Ohio State,1939,6,2,0,cfbd
Ohio State,1940,4,4,0,cfbd
Ohio State,1941,6,1,1,cfbd
Ohio State,1942,9,1,0,cfbd
Ohio State,1943,3,6,0,cfbd
Ohio State,1944,9,0,0,cfbd
Ohio State,1945,7,2,0,cfbd
Ohio State,1946,4,3,2,cfbd
Ohio State,1947,2,6,1,cfbd
Ohio State,1948,6,3,0,cfbd
Ohio State,1949,7,1,2,cfbd
Ohio State,1950,6,3,0,cfbd
Ohio State,1951,4,3,2,cfbd
Ohio State,1952,6,3,0,cfbd
Ohio State,1953,6,3,0,cfbd
Ohio State,1954,10,0,0,cfbd
Ohio State,1955,7,2,0,cfbd
Ohio State,1956,6,3,0,cfbd
Ohio State,1957,9,1,0,cfbd
Ohio State,1958,6,1,2,cfbd
Ohio State,1959,3,5,1,cfbd
Ohio State,1960,7,2,0,cfbd
Ohio State,1961,8,0,1,cfbd
Ohio State,1962,6,3,0,cfbd
Ohio State,1963,5,3,1,cfbd
Ohio State,1964,7,2,0,cfbd
Ohio State,1965,7,2,0,cfbd
Ohio State,1966,4,5,0,cfbd
Ohio State,1967,6,3,0,cfbd
Ohio State,1968,10,0,0,cfbd
Ohio State,1969,8,1,0,cfbd
Ohio State,1970,9,1,0,cfbd
Ohio State,1971,6,4,0,cfbd
Ohio State,1972,9,2,0,cfbd
Ohio State,1973,10,0,1,cfbd
Ohio State,1974,10,2,0,cfbd
Ohio State,1975,11,1,0,cfbd
Ohio State,1976,9,2,1,cfbd
Ohio State,1977,9,3,0,cfbd
Ohio State,1978,7,4,1,cfbd
Ohio State,1979,11,1,0,cfbd
Ohio State,1980,9,3,0,cfbd
Ohio State,1981,9,3,0,cfbd
Ohio State,1982,9,3,0,cfbd
Ohio State,1983,9,3,0,cfbd
Ohio State,1984,9,3,0,cfbd
Ohio State,1985,9,3,0,cfbd
Ohio State,1986,10,3,0,cfbd
Ohio State,1987,6,4,1,cfbd
Ohio State,1988,4,6,1,cfbd
Ohio State,1989,8,4,0,cfbd
Ohio State,1990,7,4,1,cfbd
Ohio State,1991,8,4,0,cfbd
Ohio State,1992,8,3,1,cfbd
Ohio State,1993,10,1,1,cfbd
Ohio State,1994,9,4,0,cfbd
Ohio State,1995,11,2,0,cfbd
Ohio State,1996,11,1,0,cfbd
Ohio State,1997,10,3,0,cfbd
Ohio State,1998,11,1,0,cfbd
Ohio State,1999,6,6,0,cfbd
Ohio State,2000,8,4,0,cfbd
Ohio State,2001,7,5,0,cfbd
Ohio State,2002,14,0,0,cfbd
Ohio State,2003,11,2,0,cfbd
Ohio State,2004,8,4,0,cfbd
Ohio State,2005,10,2,0,cfbd
Ohio State,2006,12,1,0,cfbd
Ohio State,2007,11,2,0,cfbd
Ohio State,2008,10,3,0,cfbd
Ohio State,2009,11,2,0,cfbd
Ohio State,2010,12,1,0,cfbd
Ohio State,2011,6,7,0,cfbd
Ohio State,2012,12,0,0,cfbd
Ohio State,2013,12,2,0,cfbd
Ohio State,2014,14,1,0,cfbd
Ohio State,2015,12,1,0,cfbd
Ohio State,2016,11,2,0,cfbd
Ohio State,2017,12,2,0,cfbd
Ohio State,2018,13,1,0,cfbd
Ohio State,2019,13,1,0,cfbd
Ohio State,2020,7,1,0,cfbd
Ohio State,2021,11,2,0,cfbd
Ohio State,2022,11,2,0,cfbd
Ohio State,2023,11,2,0,cfbd
Ohio State,2024,14,2,0,cfbd
Ohio State,2025,12,2,0,cfbd
Ohio State,2026,0,0,0,cfbd
Ohio Wesleyan,2014,0,0,0,cfbd
Ohio Wesleyan,2015,0,0,0,cfbd
Ohio Wesleyan,2016,0,0,0,cfbd
Ohio Wesleyan,2017,0,0,0,cfbd
Ohio Wesleyan,2018,0,0,0,cfbd
Ohio Wesleyan,2019,0,0,0,cfbd
Ohio Wesleyan,2020,1,2,0,cfbd
Ohio Wesleyan,2021,0,0,0,cfbd
Ohio Wesleyan,2022,6,4,0,cfbd
Ohio Wesleyan,2023,5,5,0,cfbd
Ohio Wesleyan,2024,4,6,0,cfbd
Ohio Wesleyan,2025,3,7,0,cfbd
Ohio Wesleyan,2026,0,0,0,cfbd
Oklahoma,1935,190,89,31,manual
Oklahoma,1936,3,3,3,cfbd
Oklahoma,1937,5,2,2,cfbd
Oklahoma,1938,10,1,0,cfbd
Oklahoma,1939,6,2,1,cfbd
Oklahoma,1940,6,3,0,cfbd
Oklahoma,1941,6,3,0,cfbd
Oklahoma,1942,3,5,2,cfbd
Oklahoma,1943,7,2,0,cfbd
Oklahoma,1944,6,3,1,cfbd
Oklahoma,1945,5,5,0,cfbd
Oklahoma,1946,8,3,0,cfbd
Oklahoma,1947,7,2,1,cfbd
Oklahoma,1948,10,1,0,cfbd
Oklahoma,1949,11,0,0,cfbd
Oklahoma,1950,10,1,0,cfbd
Oklahoma,1951,8,2,0,cfbd
Oklahoma,1952,8,1,1,cfbd
Oklahoma,1953,9,1,1,cfbd
Oklahoma,1954,10,0,0,cfbd
Oklahoma,1955,11,0,0,cfbd
Oklahoma,1956,10,0,0,cfbd
Oklahoma,1957,10,1,0,cfbd
Oklahoma,1958,10,1,0,cfbd
Oklahoma,1959,7,3,0,cfbd
Oklahoma,1960,3,6,1,cfbd
Oklahoma,1961,5,5,0,cfbd
Oklahoma,1962,8,3,0,cfbd
Oklahoma,1963,8,2,0,cfbd
Oklahoma,1964,6,4,1,cfbd
Oklahoma,1965,3,7,0,cfbd
Oklahoma,1966,6,4,0,cfbd
Oklahoma,1967,10,1,0,cfbd
Oklahoma,1968,7,4,0,cfbd
Oklahoma,1969,6,4,0,cfbd
Oklahoma,1970,7,4,1,cfbd
Oklahoma,1971,11,1,0,cfbd
Oklahoma,1972,11,1,0,cfbd
Oklahoma,1973,10,0,1,cfbd
Oklahoma,1974,11,0,0,cfbd
Oklahoma,1975,11,1,0,cfbd
Oklahoma,1976,9,2,1,cfbd
Oklahoma,1977,10,2,0,cfbd
Oklahoma,1978,11,1,0,cfbd
Oklahoma,1979,11,1,0,cfbd
Oklahoma,1980,10,2,0,cfbd
Oklahoma,1981,7,4,1,cfbd
Oklahoma,1982,8,4,0,cfbd
Oklahoma,1983,8,4,0,cfbd
Oklahoma,1984,9,2,1,cfbd
Oklahoma,1985,11,1,0,cfbd
Oklahoma,1986,11,1,0,cfbd
Oklahoma,1987,11,1,0,cfbd
Oklahoma,1988,9,3,0,cfbd
Oklahoma,1989,7,4,0,cfbd
Oklahoma,1990,8,3,0,cfbd
Oklahoma,1991,9,3,0,cfbd
Oklahoma,1992,5,4,2,cfbd
Oklahoma,1993,9,3,0,cfbd
Oklahoma,1994,6,6,0,cfbd
Oklahoma,1995,5,5,1,cfbd
Oklahoma,1996,3,8,0,cfbd
Oklahoma,1997,4,8,0,cfbd
Oklahoma,1998,5,6,0,cfbd
Oklahoma,1999,7,5,0,cfbd
Oklahoma,2000,13,0,0,cfbd
Oklahoma,2001,11,2,0,cfbd
Oklahoma,2002,12,2,0,cfbd
Oklahoma,2003,12,2,0,cfbd
Oklahoma,2004,12,1,0,cfbd
Oklahoma,2005,8,4,0,cfbd
Oklahoma,2006,11,3,0,cfbd
Oklahoma,2007,11,3,0,cfbd
Oklahoma,2008,12,2,0,cfbd
Oklahoma,2009,8,5,0,cfbd
Oklahoma,2010,12,2,0,cfbd
Oklahoma,2011,10,3,0,cfbd
Oklahoma,2012,10,3,0,cfbd
Oklahoma,2013,11,2,0,cfbd
Oklahoma,2014,8,5,0,cfbd
Oklahoma,2015,11,2,0,cfbd
Oklahoma,2016,11,2,0,cfbd
Oklahoma,2017,12,2,0,cfbd
Oklahoma,2018,12,2,0,cfbd
Oklahoma,2019,12,2,0,cfbd
Oklahoma,2020,9,2,0,cfbd
Oklahoma,2021,11,2,0,cfbd
Oklahoma,2022,6,7,0,cfbd
Oklahoma,2023,10,3,0,cfbd
Oklahoma,2024,6,7,0,cfbd
Oklahoma,2025,10,3,0,cfbd
Oklahoma,2026,0,0,0,cfbd
Oklahoma Baptist,2014,0,0,0,cfbd
Oklahoma Baptist,2015,0,0,0,cfbd
Oklahoma Baptist,2016,0,0,0,cfbd
Oklahoma Baptist,2017,0,0,0,cfbd
Oklahoma Baptist,2018,0,0,0,cfbd
Oklahoma Baptist,2019,0,0,0,cfbd
Oklahoma Baptist,2020,0,0,0,cfbd
Oklahoma Baptist,2021,7,4,0,cfbd
Oklahoma Baptist,2022,1,10,0,cfbd
Oklahoma Baptist,2023,6,5,0,cfbd
Oklahoma Baptist,2024,2,9,0,cfbd
Oklahoma Baptist,2025,2,9,0,cfbd
Oklahoma Baptist,2026,0,0,0,cfbd
Oklahoma Panhandle,2014,0,0,0,cfbd
Oklahoma Panhandle,2015,0,0,0,cfbd
Oklahoma Panhandle,2016,1,1,0,cfbd
Oklahoma Panhandle,2017,0,0,0,cfbd
Oklahoma Panhandle,2018,0,1,0,cfbd
Oklahoma Panhandle,2019,0,1,0,cfbd
Oklahoma Panhandle,2020,0,0,0,cfbd
Oklahoma Panhandle,2021,0,0,0,cfbd
Oklahoma Panhandle,2022,0,0,0,cfbd
Oklahoma Panhandle,2023,0,1,0,cfbd
Oklahoma Panhandle,2024,0,1,0,cfbd
Oklahoma Panhandle,2025,0,1,0,cfbd
Oklahoma Panhandle,2026,0,0,0,cfbd
Oklahoma State,1935,106,103,26,manual
Oklahoma State,1936,1,9,0,cfbd
Oklahoma State,1937,4,6,0,cfbd
Oklahoma State,1938,2,8,0,cfbd
Oklahoma State,1939,5,4,1,cfbd
Oklahoma State,1940,6,3,1,cfbd
Oklahoma State,1941,5,4,0,cfbd
Oklahoma State,1942,6,3,1,cfbd
Oklahoma State,1943,3,4,0,cfbd
Oklahoma State,1944,8,1,0,cfbd
Oklahoma State,1945,9,0,0,cfbd
Oklahoma State,1946,3,7,1,cfbd
Oklahoma State,1947,3,7,0,cfbd
Oklahoma State,1948,6,4,0,cfbd
Oklahoma State,1949,4,4,2,cfbd
Oklahoma State,1950,4,6,1,cfbd
Oklahoma State,1951,3,7,0,cfbd
Oklahoma State,1952,3,7,0,cfbd
Oklahoma State,1953,7,3,0,cfbd
Oklahoma State,1954,5,4,1,cfbd
Oklahoma State,1955,2,8,0,cfbd
Oklahoma State,1956,3,5,2,cfbd
Oklahoma State,1957,6,3,1,cfbd
Oklahoma State,1958,8,3,0,cfbd
Oklahoma State,1959,6,4,0,cfbd
Oklahoma State,1960,3,7,0,cfbd
Oklahoma State,1961,4,6,0,cfbd
Oklahoma State,1962,4,6,0,cfbd
Oklahoma State,1963,1,8,0,cfbd
Oklahoma State,1964,4,6,0,cfbd
Oklahoma State,1965,3,7,0,cfbd
Oklahoma State,1966,4,5,1,cfbd
Oklahoma State,1967,4,5,1,cfbd
Oklahoma State,1968,3,7,0,cfbd
Oklahoma State,1969,5,5,0,cfbd
Oklahoma State,1970,4,7,0,cfbd
Oklahoma State,1971,4,6,1,cfbd
Oklahoma State,1972,6,5,0,cfbd
Oklahoma State,1973,5,4,2,cfbd
Oklahoma State,1974,7,5,0,cfbd
Oklahoma State,1975,7,4,0,cfbd
Oklahoma State,1976,9,3,0,cfbd
Oklahoma State,1977,4,7,0,cfbd
Oklahoma State,1978,3,8,0,cfbd
Oklahoma State,1979,7,4,0,cfbd
Oklahoma State,1980,3,7,1,cfbd
Oklahoma State,1981,7,5,0,cfbd
Oklahoma State,1982,4,5,2,cfbd
Oklahoma State,1983,8,4,0,cfbd
Oklahoma State,1984,10,2,0,cfbd
Oklahoma State,1985,8,4,0,cfbd
Oklahoma State,1986,6,5,0,cfbd
Oklahoma State,1987,10,2,0,cfbd
Oklahoma State,1988,10,2,0,cfbd
Oklahoma State,1989,4,7,0,cfbd
Oklahoma State,1990,4,7,0,cfbd
Oklahoma State,1991,0,10,1,cfbd
Oklahoma State,1992,4,6,1,cfbd
Oklahoma State,1993,3,8,0,cfbd
Oklahoma State,1994,3,7,1,cfbd
Oklahoma State,1995,4,8,0,cfbd
Oklahoma State,1996,5,6,0,cfbd
Oklahoma State,1997,8,4,0,cfbd
Oklahoma State,1998,5,6,0,cfbd
Oklahoma State,1999,5,6,0,cfbd
Oklahoma State,2000,3,8,0,cfbd
Oklahoma State,2001,4,7,0,cfbd
Oklahoma State,2002,8,5,0,cfbd
Oklahoma State,2003,9,4,0,cfbd
Oklahoma State,2004,7,5,0,cfbd
Oklahoma State,2005,4,7,0,cfbd
Oklahoma State,2006,7,6,0,cfbd
Oklahoma State,2007,7,6,0,cfbd
Oklahoma State,2008,9,4,0,cfbd
Oklahoma State,2009,9,4,0,cfbd
Oklahoma State,2010,11,2,0,cfbd
Oklahoma State,2011,12,1,0,cfbd
Oklahoma State,2012,8,5,0,cfbd
Oklahoma State,2013,10,3,0,cfbd
Oklahoma State,2014,7,6,0,cfbd
Oklahoma State,2015,10,3,0,cfbd
Oklahoma State,2016,10,3,0,cfbd
Oklahoma State,2017,10,3,0,cfbd
Oklahoma State,2018,7,6,0,cfbd
Oklahoma State,2019,8,5,0,cfbd
Oklahoma State,2020,8,3,0,cfbd
Oklahoma State,2021,12,2,0,cfbd
Oklahoma State,2022,7,6,0,cfbd
Oklahoma State,2023,10,4,0,cfbd
Oklahoma State,2024,3,9,0,cfbd
Oklahoma State,2025,1,11,0,cfbd
Oklahoma State,2026,0,0,0,cfbd
Old Dominion,1936,0,0,0,cfbd
Old Dominion,1937,0,0,0,cfbd
Old Dominion,1938,0,0,0,cfbd
Old Dominion,1939,0,0,0,cfbd
Old Dominion,1940,0,0,0,cfbd
Old Dominion,2009,9,2,0,cfbd
Old Dominion,2010,8,3,0,cfbd
Old Dominion,2011,10,3,0,cfbd
Old Dominion,2012,10,1,0,cfbd
Old Dominion,2013,8,4,0,cfbd
Old Dominion,2014,6,6,0,cfbd
Old Dominion,2015,5,7,0,cfbd
Old Dominion,2016,10,3,0,cfbd
Old Dominion,2017,5,7,0,cfbd
Old Dominion,2018,4,8,0,cfbd
Old Dominion,2019,1,11,0,cfbd
Old Dominion,2021,6,7,0,cfbd
Old Dominion,2022,3,9,0,cfbd
Old Dominion,2023,6,7,0,cfbd
Old Dominion,2024,5,7,0,cfbd
Old Dominion,2025,10,3,0,cfbd
Old Dominion,2026,0,0,0,cfbd
Ole Miss,1935,114,146,15,manual
Ole Miss,1936,5,5,2,cfbd
Ole Miss,1937,4,5,1,cfbd
Ole Miss,1938,9,2,0,cfbd
Ole Miss,1939,7,2,0,cfbd
Ole Miss,1940,9,2,0,cfbd
Ole Miss,1941,6,2,1,cfbd
Ole Miss,1942,2,7,0,cfbd
Ole Miss,1944,2,6,0,cfbd
Ole Miss,1945,4,5,0,cfbd
Ole Miss,1946,2,7,0,cfbd
Ole Miss,1947,9,2,0,cfbd
Ole Miss,1948,8,1,0,cfbd
Ole Miss,1949,4,5,1,cfbd
Ole Miss,1950,5,5,0,cfbd
Ole Miss,1951,6,3,1,cfbd
Ole Miss,1952,8,1,2,cfbd
Ole Miss,1953,7,2,1,cfbd
Ole Miss,1954,9,2,0,cfbd
Ole Miss,1955,10,1,0,cfbd
Ole Miss,1956,7,3,0,cfbd
Ole Miss,1957,9,1,1,cfbd
Ole Miss,1958,9,2,0,cfbd
Ole Miss,1959,10,1,0,cfbd
Ole Miss,1960,10,0,1,cfbd
Ole Miss,1961,9,2,0,cfbd
Ole Miss,1962,10,0,0,cfbd
Ole Miss,1963,7,1,2,cfbd
Ole Miss,1964,5,5,1,cfbd
Ole Miss,1965,7,4,0,cfbd
Ole Miss,1966,8,3,0,cfbd
Ole Miss,1967,6,4,1,cfbd
Ole Miss,1968,7,3,1,cfbd
Ole Miss,1969,8,3,0,cfbd
Ole Miss,1970,7,4,0,cfbd
Ole Miss,1971,10,2,0,cfbd
Ole Miss,1972,5,5,0,cfbd
Ole Miss,1973,6,5,0,cfbd
Ole Miss,1974,3,8,0,cfbd
Ole Miss,1975,6,5,0,cfbd
Ole Miss,1976,5,6,0,cfbd
Ole Miss,1977,5,6,0,cfbd
Ole Miss,1978,5,6,0,cfbd
Ole Miss,1979,4,7,0,cfbd
Ole Miss,1980,3,8,0,cfbd
Ole Miss,1981,4,6,1,cfbd
Ole Miss,1982,4,7,0,cfbd
Ole Miss,1983,6,6,0,cfbd
Ole Miss,1984,4,6,1,cfbd
Ole Miss,1985,4,6,1,cfbd
Ole Miss,1986,8,3,1,cfbd
Ole Miss,1987,3,8,0,cfbd
Ole Miss,1988,5,6,0,cfbd
Ole Miss,1989,8,4,0,cfbd
Ole Miss,1990,9,3,0,cfbd
Ole Miss,1991,5,6,0,cfbd
Ole Miss,1992,9,3,0,cfbd
Ole Miss,1993,5,6,0,cfbd
Ole Miss,1994,4,7,0,cfbd
Ole Miss,1995,6,5,0,cfbd
Ole Miss,1996,5,6,0,cfbd
Ole Miss,1997,8,4,0,cfbd
Ole Miss,1998,7,5,0,cfbd
Ole Miss,1999,8,4,0,cfbd
Ole Miss,2000,7,5,0,cfbd
Ole Miss,2001,7,4,0,cfbd
Ole Miss,2002,7,6,0,cfbd
Ole Miss,2003,10,3,0,cfbd
Ole Miss,2004,4,7,0,cfbd
Ole Miss,2005,3,8,0,cfbd
Ole Miss,2006,4,8,0,cfbd
Ole Miss,2007,3,9,0,cfbd
Ole Miss,2008,9,4,0,cfbd
Ole Miss,2009,9,4,0,cfbd
Ole Miss,2010,4,8,0,cfbd
Ole Miss,2011,2,10,0,cfbd
Ole Miss,2012,7,6,0,cfbd
Ole Miss,2013,8,5,0,cfbd
Ole Miss,2014,9,4,0,cfbd
Ole Miss,2015,10,3,0,cfbd
Ole Miss,2016,5,7,0,cfbd
Ole Miss,2017,6,6,0,cfbd
Ole Miss,2018,5,7,0,cfbd
Ole Miss,2019,4,8,0,cfbd
Ole Miss,2020,5,5,0,cfbd
Ole Miss,2021,10,3,0,cfbd
Ole Miss,2022,8,5,0,cfbd
Ole Miss,2023,11,2,0,cfbd
Ole Miss,2024,10,3,0,cfbd
Ole Miss,2025,13,2,0,cfbd
Ole Miss,2026,0,0,0,cfbd
Olivet,2014,0,0,0,cfbd
Olivet,2015,0,0,0,cfbd
Olivet,2016,0,0,0,cfbd
Olivet,2017,0,0,0,cfbd
Olivet,2018,0,0,0,cfbd
Olivet,2019,0,0,0,cfbd
Olivet,2020,1,3,0,cfbd
Olivet,2021,0,0,0,cfbd
Olivet,2022,5,5,0,cfbd
Olivet,2023,4,6,0,cfbd
Olivet,2024,3,7,0,cfbd
Olivet,2025,1,9,0,cfbd
Olivet,2026,0,0,0,cfbd
Oregon,1935,152,89,28,manual
Oregon,1936,2,6,1,cfbd
Oregon,1937,4,6,0,cfbd
Oregon,1938,4,5,0,cfbd
Oregon,1939,3,4,1,cfbd
Oregon,1940,4,4,1,cfbd
Oregon,1941,5,5,0,cfbd
Oregon,1942,2,6,0,cfbd
Oregon,1945,3,6,0,cfbd
Oregon,1946,4,4,1,cfbd
Oregon,1947,7,3,0,cfbd
Oregon,1948,9,2,0,cfbd
Oregon,1949,4,6,0,cfbd
Oregon,1950,1,9,0,cfbd
Oregon,1951,2,8,0,cfbd
Oregon,1952,2,7,1,cfbd
Oregon,1953,4,5,1,cfbd
Oregon,1954,6,4,0,cfbd
Oregon,1955,6,4,0,cfbd
Oregon,1956,4,4,2,cfbd
Oregon,1957,7,4,0,cfbd
Oregon,1958,4,6,0,cfbd
Oregon,1959,8,2,0,cfbd
Oregon,1960,7,3,1,cfbd
Oregon,1961,4,6,0,cfbd
Oregon,1962,6,3,1,cfbd
Oregon,1963,8,3,0,cfbd
Oregon,1964,7,2,1,cfbd
Oregon,1965,4,5,1,cfbd
Oregon,1966,3,7,0,cfbd
Oregon,1967,2,8,0,cfbd
Oregon,1968,4,6,0,cfbd
Oregon,1969,5,5,1,cfbd
Oregon,1970,6,4,1,cfbd
Oregon,1971,5,6,0,cfbd
Oregon,1972,4,7,0,cfbd
Oregon,1973,2,9,0,cfbd
Oregon,1974,2,9,0,cfbd
Oregon,1975,3,8,0,cfbd
Oregon,1976,4,7,0,cfbd
Oregon,1977,2,9,0,cfbd
Oregon,1978,2,9,0,cfbd
Oregon,1979,6,5,0,cfbd
Oregon,1980,6,3,2,cfbd
Oregon,1981,2,9,0,cfbd
Oregon,1982,2,8,1,cfbd
Oregon,1983,4,6,1,cfbd
Oregon,1984,6,5,0,cfbd
Oregon,1985,5,6,0,cfbd
Oregon,1986,5,6,0,cfbd
Oregon,1987,6,5,0,cfbd
Oregon,1988,6,6,0,cfbd
Oregon,1989,8,4,0,cfbd
Oregon,1990,8,4,0,cfbd
Oregon,1991,3,8,0,cfbd
Oregon,1992,6,6,0,cfbd
Oregon,1993,5,6,0,cfbd
Oregon,1994,9,4,0,cfbd
Oregon,1995,9,3,0,cfbd
Oregon,1996,6,5,0,cfbd
Oregon,1997,7,5,0,cfbd
Oregon,1998,8,4,0,cfbd
Oregon,1999,9,3,0,cfbd
Oregon,2000,10,2,0,cfbd
Oregon,2001,11,1,0,cfbd
Oregon,2002,7,6,0,cfbd
Oregon,2003,8,5,0,cfbd
Oregon,2004,5,6,0,cfbd
Oregon,2005,10,2,0,cfbd
Oregon,2006,7,6,0,cfbd
Oregon,2007,9,4,0,cfbd
Oregon,2008,10,3,0,cfbd
Oregon,2009,10,3,0,cfbd
Oregon,2010,12,1,0,cfbd
Oregon,2011,12,2,0,cfbd
Oregon,2012,12,1,0,cfbd
Oregon,2013,11,2,0,cfbd
Oregon,2014,13,2,0,cfbd
Oregon,2015,9,4,0,cfbd
Oregon,2016,4,8,0,cfbd
Oregon,2017,7,6,0,cfbd
Oregon,2018,9,4,0,cfbd
Oregon,2019,12,2,0,cfbd
Oregon,2020,4,3,0,cfbd
Oregon,2021,10,4,0,cfbd
Oregon,2022,10,3,0,cfbd
Oregon,2023,12,2,0,cfbd
Oregon,2024,13,1,0,cfbd
Oregon,2025,13,2,0,cfbd
Oregon,2026,0,0,0,cfbd
Oregon State,1935,163,59,28,manual
Oregon State,1936,4,6,0,cfbd
Oregon State,1937,3,3,3,cfbd
Oregon State,1938,5,3,1,cfbd
Oregon State,1939,9,1,1,cfbd
Oregon State,1940,5,3,1,cfbd
Oregon State,1941,8,2,0,cfbd
Oregon State,1942,4,5,1,cfbd
Oregon State,1945,4,4,1,cfbd
Oregon State,1946,7,1,1,cfbd
Oregon State,1947,5,5,0,cfbd
Oregon State,1948,5,4,3,cfbd
Oregon State,1949,7,3,0,cfbd
Oregon State,1950,3,6,0,cfbd
Oregon State,1951,4,6,0,cfbd
Oregon State,1952,2,7,0,cfbd
Oregon State,1953,3,6,0,cfbd
Oregon State,1954,1,8,0,cfbd
Oregon State,1955,6,3,0,cfbd
Oregon State,1956,7,3,1,cfbd
Oregon State,1957,8,2,0,cfbd
Oregon State,1958,6,4,0,cfbd
Oregon State,1959,3,7,0,cfbd
Oregon State,1960,6,3,1,cfbd
Oregon State,1961,5,5,0,cfbd
Oregon State,1962,9,2,0,cfbd
Oregon State,1963,5,5,0,cfbd
Oregon State,1964,8,3,0,cfbd
Oregon State,1965,5,5,0,cfbd
Oregon State,1966,7,3,0,cfbd
Oregon State,1967,7,2,1,cfbd
Oregon State,1968,7,3,0,cfbd
Oregon State,1969,6,4,0,cfbd
Oregon State,1970,6,5,0,cfbd
Oregon State,1971,5,6,0,cfbd
Oregon State,1972,2,9,0,cfbd
Oregon State,1973,2,9,0,cfbd
Oregon State,1974,3,8,0,cfbd
Oregon State,1975,1,10,0,cfbd
Oregon State,1976,2,10,0,cfbd
Oregon State,1977,2,9,0,cfbd
Oregon State,1978,3,7,1,cfbd
Oregon State,1979,1,10,0,cfbd
Oregon State,1980,0,11,0,cfbd
Oregon State,1981,1,10,0,cfbd
Oregon State,1982,1,9,1,cfbd
Oregon State,1983,2,8,1,cfbd
Oregon State,1984,2,9,0,cfbd
Oregon State,1985,3,8,0,cfbd
Oregon State,1986,3,8,0,cfbd
Oregon State,1987,2,9,0,cfbd
Oregon State,1988,4,6,1,cfbd
Oregon State,1989,4,7,1,cfbd
Oregon State,1990,1,10,0,cfbd
Oregon State,1991,1,10,0,cfbd
Oregon State,1992,1,9,1,cfbd
Oregon State,1993,4,7,0,cfbd
Oregon State,1994,4,7,0,cfbd
Oregon State,1995,1,10,0,cfbd
Oregon State,1996,2,9,0,cfbd
Oregon State,1997,3,8,0,cfbd
Oregon State,1998,5,6,0,cfbd
Oregon State,1999,7,5,0,cfbd
Oregon State,2000,11,1,0,cfbd
Oregon State,2001,5,6,0,cfbd
Oregon State,2002,8,5,0,cfbd
Oregon State,2003,8,5,0,cfbd
Oregon State,2004,7,5,0,cfbd
Oregon State,2005,5,6,0,cfbd
Oregon State,2006,10,4,0,cfbd
Oregon State,2007,9,4,0,cfbd
Oregon State,2008,9,4,0,cfbd
Oregon State,2009,8,5,0,cfbd
Oregon State,2010,5,7,0,cfbd
Oregon State,2011,3,9,0,cfbd
Oregon State,2012,9,4,0,cfbd
Oregon State,2013,7,6,0,cfbd
Oregon State,2014,5,7,0,cfbd
Oregon State,2015,2,10,0,cfbd
Oregon State,2016,4,8,0,cfbd
Oregon State,2017,1,11,0,cfbd
Oregon State,2018,2,10,0,cfbd
Oregon State,2019,5,7,0,cfbd
Oregon State,2020,2,5,0,cfbd
Oregon State,2021,7,6,0,cfbd
Oregon State,2022,10,3,0,cfbd
Oregon State,2023,8,5,0,cfbd
Oregon State,2024,5,7,0,cfbd
Oregon State,2025,2,10,0,cfbd
Oregon State,2026,0,0,0,cfbd
Otterbein,2014,0,0,0,cfbd
Otterbein,2015,0,0,0,cfbd
Otterbein,2016,0,0,0,cfbd
Otterbein,2017,0,0,0,cfbd
Otterbein,2018,0,0,0,cfbd
Otterbein,2019,0,0,0,cfbd
Otterbein,2020,1,3,0,cfbd
Otterbein,2021,0,0,0,cfbd
Otterbein,2022,2,8,0,cfbd
Otterbein,2023,0,10,0,cfbd
Otterbein,2024,1,9,0,cfbd
Otterbein,2025,1,9,0,cfbd
Otterbein,2026,0,0,0,cfbd
Ouachita Baptist,2014,0,0,0,cfbd
Ouachita Baptist,2015,0,0,0,cfbd
Ouachita Baptist,2016,0,0,0,cfbd
Ouachita Baptist,2017,0,0,0,cfbd
Ouachita Baptist,2018,0,0,0,cfbd
Ouachita Baptist,2019,0,0,0,cfbd
Ouachita Baptist,2020,0,0,0,cfbd
Ouachita Baptist,2021,9,2,0,cfbd
Ouachita Baptist,2022,11,1,0,cfbd
Ouachita Baptist,2023,9,2,0,cfbd
Ouachita Baptist,2024,10,2,0,cfbd
Ouachita Baptist,2025,7,4,0,cfbd
Ouachita Baptist,2026,0,0,0,cfbd
Pace,2014,0,0,0,cfbd
Pace,2015,0,0,0,cfbd
Pace,2016,0,0,0,cfbd
Pace,2017,0,0,0,cfbd
Pace,2018,0,0,0,cfbd
Pace,2019,0,0,0,cfbd
Pace,2020,0,0,0,cfbd
Pace,2021,2,8,0,cfbd
Pace,2022,6,4,0,cfbd
Pace,2023,3,7,0,cfbd
Pace,2024,2,8,0,cfbd
Pace,2025,0,11,0,cfbd
Pace,2026,0,0,0,cfbd
Pacific,1943,7,2,0,cfbd
Pacific,1950,7,3,1,cfbd
Pacific,1951,6,5,0,cfbd
Pacific,1952,7,3,1,cfbd
Pacific,1953,4,4,2,cfbd
Pacific,1954,4,5,0,cfbd
Pacific,1955,5,4,0,cfbd
Pacific,1956,6,3,1,cfbd
Pacific,1957,5,3,2,cfbd
Pacific,1958,6,4,0,cfbd
Pacific,1959,5,4,0,cfbd
Pacific,1960,4,6,0,cfbd
Pacific,1961,5,4,0,cfbd
Pacific,1962,5,5,0,cfbd
Pacific,1963,2,8,0,cfbd
Pacific,1964,1,9,0,cfbd
Pacific,1965,1,8,0,cfbd
Pacific,1966,4,7,0,cfbd
Pacific,1967,4,5,0,cfbd
Pacific,1968,6,4,0,cfbd
Pacific,1969,7,3,0,cfbd
Pacific,1970,5,6,0,cfbd
Pacific,1971,3,8,0,cfbd
Pacific,1972,8,3,0,cfbd
Pacific,1973,7,2,1,cfbd
Pacific,1974,6,5,0,cfbd
Pacific,1975,5,6,1,cfbd
Pacific,1976,2,9,0,cfbd
Pacific,1977,6,5,0,cfbd
Pacific,1978,4,8,0,cfbd
Pacific,1979,3,7,0,cfbd
Pacific,1980,4,8,0,cfbd
Pacific,1981,5,6,0,cfbd
Pacific,1982,2,9,0,cfbd
Pacific,1983,3,9,0,cfbd
Pacific,1984,4,7,0,cfbd
Pacific,1985,5,7,0,cfbd
Pacific,1986,4,7,0,cfbd
Pacific,1987,4,7,0,cfbd
Pacific,1988,2,9,0,cfbd
Pacific,1989,2,10,0,cfbd
Pacific,1990,4,7,0,cfbd
Pacific,1991,5,7,0,cfbd
Pacific,1992,3,8,0,cfbd
Pacific,1993,3,8,0,cfbd
Pacific,1994,6,5,0,cfbd
Pacific,1995,3,8,0,cfbd
Pacific (OR),2014,0,0,0,cfbd
Pacific (OR),2015,0,0,0,cfbd
Pacific (OR),2016,0,0,0,cfbd
Pacific (OR),2017,0,0,0,cfbd
Pacific (OR),2018,0,0,0,cfbd
Pacific (OR),2019,0,0,0,cfbd
Pacific (OR),2020,1,1,0,cfbd
Pacific (OR),2021,0,0,0,cfbd
Pacific (OR),2022,5,4,0,cfbd
Pacific (OR),2023,2,7,1,cfbd
Pacific (OR),2024,5,5,0,cfbd
Pacific (OR),2025,3,7,0,cfbd
Pacific (OR),2026,0,0,0,cfbd
Pacific Lutheran,2014,0,0,0,cfbd
Pacific Lutheran,2015,0,0,0,cfbd
Pacific Lutheran,2016,0,0,0,cfbd
Pacific Lutheran,2017,0,0,0,cfbd
Pacific Lutheran,2018,0,0,0,cfbd
Pacific Lutheran,2019,0,0,0,cfbd
Pacific Lutheran,2020,0,4,0,cfbd
Pacific Lutheran,2021,0,0,0,cfbd
Pacific Lutheran,2022,6,4,0,cfbd
Pacific Lutheran,2023,5,5,0,cfbd
Pacific Lutheran,2024,7,3,0,cfbd
Pacific Lutheran,2025,6,4,0,cfbd
Pacific Lutheran,2026,0,0,0,cfbd
Paine,2014,0,0,0,cfbd
Penn State,1935,216,139,27,manual
Penn State,1936,3,5,0,cfbd
Penn State,1937,5,3,0,cfbd
Penn State,1938,3,4,1,cfbd
Penn State,1939,5,1,2,cfbd
Penn State,1940,6,1,1,cfbd
Penn State,1941,7,2,0,cfbd
Penn State,1942,6,1,1,cfbd
Penn State,1943,5,3,1,cfbd
Penn State,1944,6,3,0,cfbd
Penn State,1945,5,3,0,cfbd
Penn State,1946,6,2,0,cfbd
Penn State,1947,9,0,1,cfbd
Penn State,1948,7,1,1,cfbd
Penn State,1949,5,4,0,cfbd
Penn State,1950,5,3,1,cfbd
Penn State,1951,5,4,0,cfbd
Penn State,1952,7,2,1,cfbd
Penn State,1953,6,3,0,cfbd
Penn State,1954,7,2,0,cfbd
Penn State,1955,5,4,0,cfbd
Penn State,1956,6,2,1,cfbd
Penn State,1957,6,3,0,cfbd
Penn State,1958,6,3,1,cfbd
Penn State,1959,9,2,0,cfbd
Penn State,1960,7,3,0,cfbd
Penn State,1961,8,3,0,cfbd
Penn State,1962,9,2,0,cfbd
Penn State,1963,7,3,0,cfbd
Penn State,1964,6,4,0,cfbd
Penn State,1965,5,5,0,cfbd
Penn State,1966,5,5,0,cfbd
Penn State,1967,8,2,1,cfbd
Penn State,1968,11,0,0,cfbd
Penn State,1969,11,0,0,cfbd
Penn State,1970,7,3,0,cfbd
Penn State,1971,11,1,0,cfbd
Penn State,1972,10,2,0,cfbd
Penn State,1973,12,0,0,cfbd
Penn State,1974,10,2,0,cfbd
Penn State,1975,9,3,0,cfbd
Penn State,1976,7,5,0,cfbd
Penn State,1977,11,1,0,cfbd
Penn State,1978,11,1,0,cfbd
Penn State,1979,8,4,0,cfbd
Penn State,1980,10,2,0,cfbd
Penn State,1981,10,2,0,cfbd
Penn State,1982,11,1,0,cfbd
Penn State,1983,8,4,1,cfbd
Penn State,1984,6,5,0,cfbd
Penn State,1985,11,1,0,cfbd
Penn State,1986,12,0,0,cfbd
Penn State,1987,8,4,0,cfbd
Penn State,1988,5,6,0,cfbd
Penn State,1989,8,3,1,cfbd
Penn State,1990,9,3,0,cfbd
Penn State,1991,11,2,0,cfbd
Penn State,1992,7,5,0,cfbd
Penn State,1993,10,2,0,cfbd
Penn State,1994,12,0,0,cfbd
Penn State,1995,9,3,0,cfbd
Penn State,1996,11,2,0,cfbd
Penn State,1997,9,3,0,cfbd
Penn State,1998,9,3,0,cfbd
Penn State,1999,10,3,0,cfbd
Penn State,2000,5,7,0,cfbd
Penn State,2001,5,6,0,cfbd
Penn State,2002,9,4,0,cfbd
Penn State,2003,3,9,0,cfbd
Penn State,2004,4,7,0,cfbd
Penn State,2005,11,1,0,cfbd
Penn State,2006,9,4,0,cfbd
Penn State,2007,9,4,0,cfbd
Penn State,2008,11,2,0,cfbd
Penn State,2009,11,2,0,cfbd
Penn State,2010,7,6,0,cfbd
Penn State,2011,9,4,0,cfbd
Penn State,2012,8,4,0,cfbd
Penn State,2013,7,5,0,cfbd
Penn State,2014,7,6,0,cfbd
Penn State,2015,7,6,0,cfbd
Penn State,2016,11,3,0,cfbd
Penn State,2017,11,2,0,cfbd
Penn State,2018,9,4,0,cfbd
Penn State,2019,11,2,0,cfbd
Penn State,2020,4,5,0,cfbd
Penn State,2021,7,6,0,cfbd
Penn State,2022,11,2,0,cfbd
Penn State,2023,10,3,0,cfbd
Penn State,2024,13,3,0,cfbd
Penn State,2025,7,6,0,cfbd
Penn State,2026,0,0,0,cfbd
Pennsylvania,1936,7,1,0,cfbd
Pennsylvania,1937,2,5,1,cfbd
Pennsylvania,1938,3,2,3,cfbd
Pennsylvania,1939,4,4,0,cfbd
Pennsylvania,1940,6,1,1,cfbd
Pennsylvania,1941,7,1,0,cfbd
Pennsylvania,1942,5,3,1,cfbd
Pennsylvania,1943,6,2,1,cfbd
Pennsylvania,1944,5,3,0,cfbd
Pennsylvania,1945,6,2,0,cfbd
Pennsylvania,1946,6,2,0,cfbd
Pennsylvania,1947,7,0,1,cfbd
Pennsylvania,1948,5,3,0,cfbd
Pennsylvania,1949,4,4,0,cfbd
Pennsylvania,1950,6,3,0,cfbd
Pennsylvania,1951,5,4,0,cfbd
Pennsylvania,1952,4,3,2,cfbd
Pennsylvania,1953,3,5,1,cfbd
Pennsylvania,1954,0,9,0,cfbd
Pennsylvania,1955,0,9,0,cfbd
Pennsylvania,1956,4,5,0,cfbd
Pennsylvania,1957,3,6,0,cfbd
Pennsylvania,1958,4,5,0,cfbd
Pennsylvania,1959,7,1,1,cfbd
Pennsylvania,1960,3,6,0,cfbd
Pennsylvania,1961,2,7,0,cfbd
Pennsylvania,1962,3,6,0,cfbd
Pennsylvania,1963,3,6,0,cfbd
Pennsylvania,1964,1,8,0,cfbd
Pennsylvania,1965,4,4,1,cfbd
Pennsylvania,1966,2,7,0,cfbd
Pennsylvania,1967,3,6,0,cfbd
Pennsylvania,1968,7,2,0,cfbd
Pennsylvania,1969,4,5,0,cfbd
Pennsylvania,1970,4,5,0,cfbd
Pennsylvania,1971,2,7,0,cfbd
Pennsylvania,1972,6,3,0,cfbd
Pennsylvania,1973,6,3,0,cfbd
Pennsylvania,1974,6,2,1,cfbd
Pennsylvania,1975,3,6,0,cfbd
Pennsylvania,1976,3,6,0,cfbd
Pennsylvania,1977,5,4,0,cfbd
Pennsylvania,1978,2,6,1,cfbd
Pennsylvania,1979,0,9,0,cfbd
Pennsylvania,1980,1,9,0,cfbd
Pennsylvania,1981,1,9,0,cfbd
Pennsylvania,1982,0,0,0,cfbd
Pennsylvania,1983,0,0,0,cfbd
Pennsylvania,1984,0,1,0,cfbd
Pennsylvania,1985,0,1,0,cfbd
Pennsylvania,1986,1,0,0,cfbd
Pennsylvania,1987,0,1,0,cfbd
Pennsylvania,1988,0,0,0,cfbd
Pennsylvania,1989,0,0,0,cfbd
Pennsylvania,1990,0,0,0,cfbd
Pennsylvania,1991,0,0,0,cfbd
Pennsylvania,1992,0,0,0,cfbd
Pennsylvania,1993,0,0,0,cfbd
Pennsylvania,1994,0,0,0,cfbd
Pennsylvania,1995,0,0,0,cfbd
Pennsylvania,1996,0,0,0,cfbd
Pennsylvania,1997,0,0,0,cfbd
Pennsylvania,1998,0,0,0,cfbd
Pennsylvania,1999,0,0,0,cfbd
Pennsylvania,2000,0,0,0,cfbd
Pennsylvania,2001,0,0,0,cfbd
Pennsylvania,2002,0,0,0,cfbd
Pennsylvania,2003,10,0,0,cfbd
Pennsylvania,2004,8,2,0,cfbd
Pennsylvania,2005,5,5,0,cfbd
Pennsylvania,2006,5,4,0,cfbd
Pennsylvania,2007,4,6,0,cfbd
Pennsylvania,2008,6,4,0,cfbd
Pennsylvania,2009,8,2,0,cfbd
Pennsylvania,2010,9,1,0,cfbd
Pennsylvania,2011,5,5,0,cfbd
Pennsylvania,2012,6,4,0,cfbd
Pennsylvania,2013,4,6,0,cfbd
Pennsylvania,2014,2,8,0,cfbd
Pennsylvania,2015,7,3,0,cfbd
Pennsylvania,2016,7,3,0,cfbd
Pennsylvania,2017,5,4,0,cfbd
Pennsylvania,2018,6,4,0,cfbd
Pennsylvania,2019,5,5,0,cfbd
Pennsylvania,2021,3,7,0,cfbd
Pennsylvania,2022,8,2,0,cfbd
Pennsylvania,2023,6,4,0,cfbd
Pennsylvania,2024,4,6,0,cfbd
Pennsylvania,2025,6,4,0,cfbd
Pennsylvania,2026,0,0,0,cfbd
Pittsburg State,2014,0,0,0,cfbd
Pittsburg State,2015,0,0,0,cfbd
Pittsburg State,2016,0,0,0,cfbd
Pittsburg State,2017,0,0,0,cfbd
Pittsburg State,2018,0,0,0,cfbd
Pittsburg State,2019,0,0,0,cfbd
Pittsburg State,2020,0,1,0,cfbd
Pittsburg State,2021,8,3,0,cfbd
Pittsburg State,2022,12,1,0,cfbd
Pittsburg State,2023,11,2,0,cfbd
Pittsburg State,2024,8,3,0,cfbd
Pittsburg State,2025,10,3,0,cfbd
Pittsburg State,2026,0,0,0,cfbd
Pittsburgh,1935,243,0,22,manual
Pittsburgh,1936,8,1,1,cfbd
Pittsburgh,1937,9,0,1,cfbd
Pittsburgh,1938,8,2,0,cfbd
Pittsburgh,1939,5,4,0,cfbd
Pittsburgh,1940,3,4,1,cfbd
Pittsburgh,1941,3,6,0,cfbd
Pittsburgh,1942,3,6,0,cfbd
Pittsburgh,1943,3,5,0,cfbd
Pittsburgh,1944,4,5,0,cfbd
Pittsburgh,1945,3,7,0,cfbd
Pittsburgh,1946,3,5,1,cfbd
Pittsburgh,1947,1,8,0,cfbd
Pittsburgh,1948,6,3,0,cfbd
Pittsburgh,1949,6,3,0,cfbd
Pittsburgh,1950,1,8,0,cfbd
Pittsburgh,1951,3,7,0,cfbd
Pittsburgh,1952,6,3,0,cfbd
Pittsburgh,1953,3,5,1,cfbd
Pittsburgh,1954,4,5,0,cfbd
Pittsburgh,1955,7,4,0,cfbd
Pittsburgh,1956,7,3,1,cfbd
Pittsburgh,1957,4,6,0,cfbd
Pittsburgh,1958,5,4,1,cfbd
Pittsburgh,1959,6,4,0,cfbd
Pittsburgh,1960,4,3,3,cfbd
Pittsburgh,1961,3,7,0,cfbd
Pittsburgh,1962,5,5,0,cfbd
Pittsburgh,1963,9,1,0,cfbd
Pittsburgh,1964,3,5,2,cfbd
Pittsburgh,1965,3,7,0,cfbd
Pittsburgh,1966,1,9,0,cfbd
Pittsburgh,1967,1,9,0,cfbd
Pittsburgh,1968,1,9,0,cfbd
Pittsburgh,1969,4,6,0,cfbd
Pittsburgh,1970,5,5,0,cfbd
Pittsburgh,1971,3,8,0,cfbd
Pittsburgh,1972,1,10,0,cfbd
Pittsburgh,1973,6,5,1,cfbd
Pittsburgh,1974,7,4,0,cfbd
Pittsburgh,1975,8,4,0,cfbd
Pittsburgh,1976,12,0,0,cfbd
Pittsburgh,1977,9,2,1,cfbd
Pittsburgh,1978,8,4,0,cfbd
Pittsburgh,1979,11,1,0,cfbd
Pittsburgh,1980,11,1,0,cfbd
Pittsburgh,1981,11,1,0,cfbd
Pittsburgh,1982,9,3,0,cfbd
Pittsburgh,1983,8,3,1,cfbd
Pittsburgh,1984,3,7,1,cfbd
Pittsburgh,1985,5,5,1,cfbd
Pittsburgh,1986,5,5,1,cfbd
Pittsburgh,1987,8,4,0,cfbd
Pittsburgh,1988,6,5,0,cfbd
Pittsburgh,1989,8,3,1,cfbd
Pittsburgh,1990,3,7,1,cfbd
Pittsburgh,1991,6,5,0,cfbd
Pittsburgh,1992,3,9,0,cfbd
Pittsburgh,1993,3,8,0,cfbd
Pittsburgh,1994,3,8,0,cfbd
Pittsburgh,1995,2,9,0,cfbd
Pittsburgh,1996,4,7,0,cfbd
Pittsburgh,1997,6,6,0,cfbd
Pittsburgh,1998,2,9,0,cfbd
Pittsburgh,1999,5,6,0,cfbd
Pittsburgh,2000,7,5,0,cfbd
Pittsburgh,2001,7,5,0,cfbd
Pittsburgh,2002,9,4,0,cfbd
Pittsburgh,2003,8,5,0,cfbd
Pittsburgh,2004,8,4,0,cfbd
Pittsburgh,2005,5,6,0,cfbd
Pittsburgh,2006,6,6,0,cfbd
Pittsburgh,2007,5,7,0,cfbd
Pittsburgh,2008,9,4,0,cfbd
Pittsburgh,2009,10,3,0,cfbd
Pittsburgh,2010,8,5,0,cfbd
Pittsburgh,2011,6,7,0,cfbd
Pittsburgh,2012,6,7,0,cfbd
Pittsburgh,2013,7,6,0,cfbd
Pittsburgh,2014,6,7,0,cfbd
Pittsburgh,2015,8,5,0,cfbd
Pittsburgh,2016,8,5,0,cfbd
Pittsburgh,2017,5,7,0,cfbd
Pittsburgh,2018,7,7,0,cfbd
Pittsburgh,2019,8,5,0,cfbd
Pittsburgh,2020,6,5,0,cfbd
Pittsburgh,2021,11,3,0,cfbd
Pittsburgh,2022,9,4,0,cfbd
Pittsburgh,2023,3,9,0,cfbd
Pittsburgh,2024,7,6,0,cfbd
Pittsburgh,2025,8,5,0,cfbd
Pittsburgh,2026,0,0,0,cfbd
Plymouth State,2014,0,0,0,cfbd
Plymouth State,2015,0,0,0,cfbd
Plymouth State,2016,0,0,0,cfbd
Plymouth State,2017,0,0,0,cfbd
Plymouth State,2018,0,0,0,cfbd
Plymouth State,2019,0,0,0,cfbd
Plymouth State,2020,0,0,0,cfbd
Plymouth State,2021,0,0,0,cfbd
Plymouth State,2022,8,2,0,cfbd
Plymouth State,2023,4,6,0,cfbd
Plymouth State,2024,5,4,0,cfbd
Plymouth State,2025,8,2,0,cfbd
Plymouth State,2026,0,0,0,cfbd
Pomona Pitzer,2014,0,0,0,cfbd
Pomona Pitzer,2015,0,0,0,cfbd
Pomona Pitzer,2016,0,0,0,cfbd
Pomona Pitzer,2017,0,0,0,cfbd
Pomona Pitzer,2018,0,0,0,cfbd
Pomona Pitzer,2019,0,0,0,cfbd
Pomona Pitzer,2020,0,0,0,cfbd
Pomona Pitzer,2021,0,0,0,cfbd
Pomona Pitzer,2022,8,3,0,cfbd
Pomona Pitzer,2023,6,4,0,cfbd
Pomona Pitzer,2024,8,3,0,cfbd
Pomona Pitzer,2025,5,5,0,cfbd
Pomona Pitzer,2026,0,0,0,cfbd
Portland,1946,2,7,1,cfbd
Portland,1947,1,8,0,cfbd
Portland State,1955,0,0,0,cfbd
Portland State,1956,0,0,0,cfbd
Portland State,1957,0,0,0,cfbd
Portland State,1958,0,0,0,cfbd
Portland State,1959,0,0,0,cfbd
Portland State,1960,0,0,0,cfbd
Portland State,1961,0,0,0,cfbd
Portland State,1962,0,0,0,cfbd
Portland State,1963,0,0,0,cfbd
Portland State,1964,0,0,0,cfbd
Portland State,1965,0,0,0,cfbd
Portland State,1966,0,0,0,cfbd
Portland State,1967,0,0,0,cfbd
Portland State,1968,0,0,0,cfbd
Portland State,1969,0,1,0,cfbd
Portland State,1970,0,1,0,cfbd
Portland State,1971,0,0,0,cfbd
Portland State,1972,0,0,0,cfbd
Portland State,1973,0,0,0,cfbd
Portland State,1974,0,0,0,cfbd
Portland State,1975,0,1,0,cfbd
Portland State,1976,0,1,0,cfbd
Portland State,1977,0,1,0,cfbd
Portland State,1978,0,0,0,cfbd
Portland State,1979,0,0,0,cfbd
Portland State,1980,0,0,0,cfbd
Portland State,1981,0,1,0,cfbd
Portland State,1982,0,0,0,cfbd
Portland State,1983,0,1,0,cfbd
Portland State,1984,0,0,0,cfbd
Portland State,1985,0,0,0,cfbd
Portland State,1986,0,1,0,cfbd
Portland State,1987,0,0,0,cfbd
Portland State,1988,0,0,0,cfbd
Portland State,1989,0,0,0,cfbd
Portland State,1990,0,1,0,cfbd
Portland State,1991,0,0,0,cfbd
Portland State,1992,0,0,0,cfbd
Portland State,1993,0,0,0,cfbd
Portland State,1994,0,1,0,cfbd
Portland State,1995,0,0,0,cfbd
Portland State,1996,0,1,0,cfbd
Portland State,1997,0,2,0,cfbd
Portland State,1998,0,2,0,cfbd
Portland State,1999,0,1,0,cfbd
Portland State,2000,1,0,0,cfbd
Portland State,2001,0,0,0,cfbd
Portland State,2002,0,1,0,cfbd
Portland State,2003,2,1,0,cfbd
Portland State,2004,7,4,0,cfbd
Portland State,2005,6,5,0,cfbd
Portland State,2006,7,4,0,cfbd
Portland State,2007,3,8,0,cfbd
Portland State,2008,4,7,0,cfbd
Portland State,2009,2,9,0,cfbd
Portland State,2010,2,9,0,cfbd
Portland State,2011,7,4,0,cfbd
Portland State,2012,0,1,0,cfbd
Portland State,2013,6,6,0,cfbd
Portland State,2014,3,9,0,cfbd
Portland State,2015,9,3,0,cfbd
Portland State,2016,2,8,0,cfbd
Portland State,2017,0,11,0,cfbd
Portland State,2018,4,7,0,cfbd
Portland State,2019,5,7,0,cfbd
Portland State,2020,0,1,0,cfbd
Portland State,2021,5,6,0,cfbd
Portland State,2022,4,7,0,cfbd
Portland State,2023,5,6,0,cfbd
Portland State,2024,3,8,1,cfbd
Portland State,2025,1,11,0,cfbd
Portland State,2026,0,0,0,cfbd
Post,2022,0,9,0,cfbd
Post,2023,1,8,0,cfbd
Post,2024,1,9,0,cfbd
Post,2025,4,6,0,cfbd
Post,2026,0,0,0,cfbd
Prairie View A&M,1936,0,0,0,cfbd
Prairie View A&M,1937,0,0,0,cfbd
Prairie View A&M,1938,0,0,0,cfbd
Prairie View A&M,1939,0,0,0,cfbd
Prairie View A&M,1940,0,0,0,cfbd
Prairie View A&M,1941,0,0,0,cfbd
Prairie View A&M,1942,0,0,0,cfbd
Prairie View A&M,1943,0,0,0,cfbd
Prairie View A&M,1944,0,0,0,cfbd
Prairie View A&M,1945,0,0,0,cfbd
Prairie View A&M,1946,0,0,0,cfbd
Prairie View A&M,1947,0,0,0,cfbd
Prairie View A&M,1948,0,0,0,cfbd
Prairie View A&M,1949,0,0,0,cfbd
Prairie View A&M,1950,0,0,0,cfbd
Prairie View A&M,1951,0,0,0,cfbd
Prairie View A&M,1952,0,0,0,cfbd
Prairie View A&M,1953,0,0,0,cfbd
Prairie View A&M,1954,0,0,0,cfbd
Prairie View A&M,1955,0,0,0,cfbd
Prairie View A&M,1956,0,0,0,cfbd
Prairie View A&M,1957,0,0,0,cfbd
Prairie View A&M,1958,0,0,0,cfbd
Prairie View A&M,1959,0,0,0,cfbd
Prairie View A&M,1960,0,0,0,cfbd
Prairie View A&M,1961,0,0,0,cfbd
Prairie View A&M,1962,0,0,0,cfbd
Prairie View A&M,1963,0,0,0,cfbd
Prairie View A&M,1964,0,0,0,cfbd
Prairie View A&M,1965,0,0,0,cfbd
Prairie View A&M,1966,0,0,0,cfbd
Prairie View A&M,1967,0,0,0,cfbd
Prairie View A&M,1968,0,0,0,cfbd
Prairie View A&M,1969,0,0,0,cfbd
Prairie View A&M,1970,0,0,0,cfbd
Prairie View A&M,1971,0,0,0,cfbd
Prairie View A&M,1972,0,0,0,cfbd
Prairie View A&M,1973,0,0,0,cfbd
Prairie View A&M,1974,0,0,0,cfbd
Prairie View A&M,1975,0,0,0,cfbd
Prairie View A&M,1976,0,0,0,cfbd
Prairie View A&M,1977,3,8,0,cfbd
Prairie View A&M,1978,0,0,0,cfbd
Prairie View A&M,1979,0,1,0,cfbd
Prairie View A&M,1980,0,0,0,cfbd
Prairie View A&M,1981,0,0,0,cfbd
Prairie View A&M,1982,0,0,0,cfbd
Prairie View A&M,1983,0,0,0,cfbd
Prairie View A&M,1984,0,0,0,cfbd
Prairie View A&M,1985,0,0,0,cfbd
Prairie View A&M,1986,0,0,0,cfbd
Prairie View A&M,1987,0,0,0,cfbd
Prairie View A&M,1988,0,0,0,cfbd
Prairie View A&M,1989,0,0,0,cfbd
Prairie View A&M,1991,0,0,0,cfbd
Prairie View A&M,1992,0,0,0,cfbd
Prairie View A&M,1993,0,0,0,cfbd
Prairie View A&M,1994,0,0,0,cfbd
Prairie View A&M,1995,0,0,0,cfbd
Prairie View A&M,1996,0,0,0,cfbd
Prairie View A&M,1997,0,0,0,cfbd
Prairie View A&M,1998,0,0,0,cfbd
Prairie View A&M,1999,0,0,0,cfbd
Prairie View A&M,2000,0,0,0,cfbd
Prairie View A&M,2001,0,0,0,cfbd
Prairie View A&M,2002,0,0,0,cfbd
Prairie View A&M,2003,0,1,0,cfbd
Prairie View A&M,2004,0,0,0,cfbd
Prairie View A&M,2005,0,0,0,cfbd
Prairie View A&M,2006,0,0,0,cfbd
Prairie View A&M,2007,7,3,0,cfbd
Prairie View A&M,2008,9,1,0,cfbd
Prairie View A&M,2009,8,1,0,cfbd
Prairie View A&M,2010,6,4,0,cfbd
Prairie View A&M,2011,5,6,0,cfbd
Prairie View A&M,2012,3,8,0,cfbd
Prairie View A&M,2013,5,6,0,cfbd
Prairie View A&M,2014,5,5,0,cfbd
Prairie View A&M,2015,7,1,0,cfbd
Prairie View A&M,2016,7,4,0,cfbd
Prairie View A&M,2017,6,5,0,cfbd
Prairie View A&M,2018,5,6,0,cfbd
Prairie View A&M,2019,6,5,0,cfbd
Prairie View A&M,2020,2,1,0,cfbd
Prairie View A&M,2021,7,5,0,cfbd
Prairie View A&M,2022,6,5,0,cfbd
Prairie View A&M,2023,6,6,0,cfbd
Prairie View A&M,2024,5,7,0,cfbd
Prairie View A&M,2025,10,4,0,cfbd
Prairie View A&M,2026,0,0,0,cfbd
Presbyterian,1936,3,6,0,cfbd
Presbyterian,1937,0,5,0,cfbd
Presbyterian,1938,0,2,0,cfbd
Presbyterian,1939,0,2,0,cfbd
Presbyterian,1940,1,1,0,cfbd
Presbyterian,1941,0,2,0,cfbd
Presbyterian,1942,0,2,0,cfbd
Presbyterian,1943,1,3,0,cfbd
Presbyterian,1944,3,6,0,cfbd
Presbyterian,1945,1,6,0,cfbd
Presbyterian,1946,0,2,0,cfbd
Presbyterian,1947,0,2,0,cfbd
Presbyterian,1948,1,2,0,cfbd
Presbyterian,1949,2,2,0,cfbd
Presbyterian,1950,1,3,0,cfbd
Presbyterian,1993,0,0,0,cfbd
Presbyterian,1994,0,0,0,cfbd
Presbyterian,1995,0,0,0,cfbd
Presbyterian,1996,0,0,0,cfbd
Presbyterian,1997,0,0,0,cfbd
Presbyterian,1998,0,0,0,cfbd
Presbyterian,1999,0,0,0,cfbd
Presbyterian,2000,0,0,0,cfbd
Presbyterian,2001,0,0,0,cfbd
Presbyterian,2002,0,0,0,cfbd
Presbyterian,2003,1,0,0,cfbd
Presbyterian,2004,1,1,0,cfbd
Presbyterian,2005,1,1,0,cfbd
Presbyterian,2006,0,2,0,cfbd
Presbyterian,2007,6,5,0,cfbd
Presbyterian,2008,4,8,0,cfbd
Presbyterian,2009,0,10,0,cfbd
Presbyterian,2010,2,9,0,cfbd
Presbyterian,2011,3,7,0,cfbd
Presbyterian,2012,1,3,0,cfbd
Presbyterian,2013,3,8,0,cfbd
Presbyterian,2014,6,5,0,cfbd
Presbyterian,2015,2,9,0,cfbd
Presbyterian,2016,2,9,0,cfbd
Presbyterian,2017,4,7,0,cfbd
Presbyterian,2018,2,8,0,cfbd
Presbyterian,2019,1,10,0,cfbd
Presbyterian,2020,4,3,0,cfbd
Presbyterian,2021,2,9,0,cfbd
Presbyterian,2022,1,10,0,cfbd
Presbyterian,2023,4,7,0,cfbd
Presbyterian,2024,6,6,0,cfbd
Presbyterian,2025,10,2,0,cfbd
Presbyterian,2026,1,0,0,cfbd
Princeton,1936,4,2,2,cfbd
Princeton,1937,4,4,0,cfbd
Princeton,1938,3,4,1,cfbd
Princeton,1939,7,1,0,cfbd
Princeton,1940,5,2,1,cfbd
Princeton,1941,2,6,0,cfbd
Princeton,1942,3,5,1,cfbd
Princeton,1943,1,6,0,cfbd
Princeton,1944,0,0,0,cfbd
Princeton,1945,2,3,2,cfbd
Princeton,1946,3,5,0,cfbd
Princeton,1947,5,3,0,cfbd
Princeton,1948,4,4,0,cfbd
Princeton,1949,6,3,0,cfbd
Princeton,1950,9,0,0,cfbd
Princeton,1951,9,0,0,cfbd
Princeton,1952,8,1,0,cfbd
Princeton,1953,5,4,0,cfbd
Princeton,1954,5,3,1,cfbd
Princeton,1955,7,2,0,cfbd
Princeton,1956,7,2,0,cfbd
Princeton,1957,7,2,0,cfbd
Princeton,1958,6,3,0,cfbd
Princeton,1959,4,5,0,cfbd
Princeton,1960,7,2,0,cfbd
Princeton,1961,5,4,0,cfbd
Princeton,1962,5,4,0,cfbd
Princeton,1963,7,2,0,cfbd
Princeton,1964,9,0,0,cfbd
Princeton,1965,8,1,0,cfbd
Princeton,1966,7,2,0,cfbd
Princeton,1967,6,3,0,cfbd
Princeton,1968,4,5,0,cfbd
Princeton,1969,6,3,0,cfbd
Princeton,1970,5,4,0,cfbd
Princeton,1971,4,5,0,cfbd
Princeton,1972,3,5,1,cfbd
Princeton,1973,1,8,0,cfbd
Princeton,1974,4,4,1,cfbd
Princeton,1975,4,5,0,cfbd
Princeton,1976,2,7,0,cfbd
Princeton,1977,3,6,0,cfbd
Princeton,1978,2,5,2,cfbd
Princeton,1979,5,4,0,cfbd
Princeton,1980,6,4,0,cfbd
Princeton,1981,5,4,1,cfbd
Princeton,1982,0,1,0,cfbd
Princeton,1983,0,1,0,cfbd
Princeton,1984,0,1,0,cfbd
Princeton,1985,0,0,0,cfbd
Princeton,1986,0,1,0,cfbd
Princeton,1987,0,0,0,cfbd
Princeton,1988,0,0,0,cfbd
Princeton,1989,0,0,0,cfbd
Princeton,1990,0,0,0,cfbd
Princeton,1991,0,0,0,cfbd
Princeton,1992,0,0,0,cfbd
Princeton,1993,0,0,0,cfbd
Princeton,1994,0,0,0,cfbd
Princeton,1995,0,0,0,cfbd
Princeton,1996,0,0,0,cfbd
Princeton,1997,0,0,0,cfbd
Princeton,1998,0,0,0,cfbd
Princeton,1999,0,0,0,cfbd
Princeton,2000,0,0,0,cfbd
Princeton,2001,0,0,0,cfbd
Princeton,2002,0,0,0,cfbd
Princeton,2003,2,8,0,cfbd
Princeton,2004,5,5,0,cfbd
Princeton,2005,7,3,0,cfbd
Princeton,2006,8,1,0,cfbd
Princeton,2007,4,6,0,cfbd
Princeton,2008,4,6,0,cfbd
Princeton,2009,4,6,0,cfbd
Princeton,2010,1,9,0,cfbd
Princeton,2011,1,9,0,cfbd
Princeton,2012,5,5,0,cfbd
Princeton,2013,8,2,0,cfbd
Princeton,2014,5,5,0,cfbd
Princeton,2015,5,5,0,cfbd
Princeton,2016,8,2,0,cfbd
Princeton,2017,5,5,0,cfbd
Princeton,2018,10,0,0,cfbd
Princeton,2019,8,2,0,cfbd
Princeton,2021,9,1,0,cfbd
Princeton,2022,8,2,0,cfbd
Princeton,2023,5,5,0,cfbd
Princeton,2024,3,7,0,cfbd
Princeton,2025,3,7,0,cfbd
Princeton,2026,0,0,0,cfbd
Puget Sound,2014,0,0,0,cfbd
Puget Sound,2015,0,0,0,cfbd
Puget Sound,2016,0,0,0,cfbd
Puget Sound,2017,0,0,0,cfbd
Puget Sound,2018,0,0,0,cfbd
Puget Sound,2019,0,0,0,cfbd
Puget Sound,2020,2,2,0,cfbd
Puget Sound,2021,0,0,0,cfbd
Puget Sound,2022,1,8,0,cfbd
Puget Sound,2023,3,6,0,cfbd
Puget Sound,2024,2,8,0,cfbd
Puget Sound,2025,1,9,0,cfbd
Puget Sound,2026,0,0,0,cfbd
Purdue,1935,195,132,20,manual
Purdue,1936,5,2,1,cfbd
Purdue,1937,4,3,1,cfbd
Purdue,1938,5,1,2,cfbd
Purdue,1939,3,3,2,cfbd
Purdue,1940,2,6,0,cfbd
Purdue,1941,2,5,1,cfbd
Purdue,1942,1,8,0,cfbd
Purdue,1943,9,0,0,cfbd
Purdue,1944,5,5,0,cfbd
Purdue,1945,7,3,0,cfbd
Purdue,1946,2,6,1,cfbd
Purdue,1947,5,4,0,cfbd
Purdue,1948,3,6,0,cfbd
Purdue,1949,4,5,0,cfbd
Purdue,1950,2,7,0,cfbd
Purdue,1951,5,4,0,cfbd
Purdue,1952,4,3,2,cfbd
Purdue,1953,2,7,0,cfbd
Purdue,1954,5,3,1,cfbd
Purdue,1955,5,3,1,cfbd
Purdue,1956,3,4,2,cfbd
Purdue,1957,5,4,0,cfbd
Purdue,1958,6,1,2,cfbd
Purdue,1959,5,2,2,cfbd
Purdue,1960,4,4,1,cfbd
Purdue,1961,6,3,0,cfbd
Purdue,1962,4,4,1,cfbd
Purdue,1963,5,4,0,cfbd
Purdue,1964,6,3,0,cfbd
Purdue,1965,7,2,1,cfbd
Purdue,1966,9,2,0,cfbd
Purdue,1967,8,2,0,cfbd
Purdue,1968,8,2,0,cfbd
Purdue,1969,8,2,0,cfbd
Purdue,1970,4,6,0,cfbd
Purdue,1971,3,7,0,cfbd
Purdue,1972,6,5,0,cfbd
Purdue,1973,5,6,0,cfbd
Purdue,1974,4,6,1,cfbd
Purdue,1975,4,7,0,cfbd
Purdue,1976,5,6,0,cfbd
Purdue,1977,5,6,0,cfbd
Purdue,1978,9,2,1,cfbd
Purdue,1979,10,2,0,cfbd
Purdue,1980,9,3,0,cfbd
Purdue,1981,5,6,0,cfbd
Purdue,1982,3,8,0,cfbd
Purdue,1983,3,7,1,cfbd
Purdue,1984,7,5,0,cfbd
Purdue,1985,5,6,0,cfbd
Purdue,1986,3,8,0,cfbd
Purdue,1987,3,7,1,cfbd
Purdue,1988,4,7,0,cfbd
Purdue,1989,3,8,0,cfbd
Purdue,1990,2,9,0,cfbd
Purdue,1991,4,7,0,cfbd
Purdue,1992,4,7,0,cfbd
Purdue,1993,1,10,0,cfbd
Purdue,1994,4,5,2,cfbd
Purdue,1995,4,6,1,cfbd
Purdue,1996,3,8,0,cfbd
Purdue,1997,9,3,0,cfbd
Purdue,1998,9,4,0,cfbd
Purdue,1999,7,5,0,cfbd
Purdue,2000,8,4,0,cfbd
Purdue,2001,6,6,0,cfbd
Purdue,2002,7,6,0,cfbd
Purdue,2003,9,4,0,cfbd
Purdue,2004,7,5,0,cfbd
Purdue,2005,5,6,0,cfbd
Purdue,2006,8,6,0,cfbd
Purdue,2007,8,5,0,cfbd
Purdue,2008,4,8,0,cfbd
Purdue,2009,5,7,0,cfbd
Purdue,2010,4,8,0,cfbd
Purdue,2011,7,6,0,cfbd
Purdue,2012,6,7,0,cfbd
Purdue,2013,1,11,0,cfbd
Purdue,2014,3,9,0,cfbd
Purdue,2015,2,10,0,cfbd
Purdue,2016,3,9,0,cfbd
Purdue,2017,7,6,0,cfbd
Purdue,2018,6,7,0,cfbd
Purdue,2019,4,8,0,cfbd
Purdue,2020,2,4,0,cfbd
Purdue,2021,9,4,0,cfbd
Purdue,2022,8,6,0,cfbd
Purdue,2023,4,8,0,cfbd
Purdue,2024,1,11,0,cfbd
Purdue,2025,2,10,0,cfbd
Purdue,2026,0,0,0,cfbd
Quantico Marines,1965,6,4,0,cfbd
Quincy,2014,0,0,0,cfbd
Quincy,2015,0,0,0,cfbd
Quincy,2016,1,0,0,cfbd
Quincy,2017,0,0,0,cfbd
Quincy,2018,0,1,0,cfbd
Quincy,2019,0,0,0,cfbd
Quincy,2020,0,2,0,cfbd
Quincy,2021,4,7,0,cfbd
Quincy,2022,4,7,0,cfbd
Quincy,2023,6,5,0,cfbd
Quincy,2024,5,4,1,cfbd
Quincy,2025,6,5,0,cfbd
Quincy,2026,0,0,0,cfbd
Randolph Field,1944,12,0,0,cfbd
Randolph Macon,2014,0,0,0,cfbd
Randolph Macon,2015,0,0,0,cfbd
Randolph Macon,2016,0,0,0,cfbd
Randolph Macon,2017,0,0,0,cfbd
Randolph Macon,2018,0,0,0,cfbd
Randolph Macon,2019,0,0,0,cfbd
Randolph Macon,2020,5,0,0,cfbd
Randolph Macon,2021,0,0,0,cfbd
Randolph Macon,2022,11,1,0,cfbd
Randolph Macon,2023,13,1,0,cfbd
Randolph Macon,2024,10,2,0,cfbd
Randolph Macon,2025,9,2,0,cfbd
Randolph Macon,2026,0,0,0,cfbd
Redlands,2014,0,0,0,cfbd
Redlands,2015,0,0,0,cfbd
Redlands,2016,0,0,0,cfbd
Redlands,2017,0,0,0,cfbd
Redlands,2018,0,0,0,cfbd
Redlands,2019,0,0,0,cfbd
Redlands,2020,0,0,0,cfbd
Redlands,2021,0,0,0,cfbd
Redlands,2022,4,6,0,cfbd
Redlands,2023,5,5,0,cfbd
Redlands,2024,3,7,0,cfbd
Redlands,2025,6,4,0,cfbd
Redlands,2026,0,0,0,cfbd
Rensselaer,2014,0,0,0,cfbd
Rensselaer,2015,0,0,0,cfbd
Rensselaer,2016,0,0,0,cfbd
Rensselaer,2017,0,0,0,cfbd
Rensselaer,2018,0,0,0,cfbd
Rensselaer,2019,0,0,0,cfbd
Rensselaer,2020,0,0,0,cfbd
Rensselaer,2021,0,0,0,cfbd
Rensselaer,2022,7,3,0,cfbd
Rensselaer,2023,7,3,0,cfbd
Rensselaer,2024,5,5,0,cfbd
Rensselaer,2025,8,3,0,cfbd
Rensselaer,2026,0,0,0,cfbd
Rhode Island,1936,0,1,0,cfbd
Rhode Island,1937,0,1,0,cfbd
Rhode Island,1938,0,2,0,cfbd
Rhode Island,1939,0,1,0,cfbd
Rhode Island,1940,0,1,0,cfbd
Rhode Island,1941,0,1,0,cfbd
Rhode Island,1942,0,1,0,cfbd
Rhode Island,1945,0,0,0,cfbd
Rhode Island,1946,0,1,0,cfbd
Rhode Island,1947,0,1,0,cfbd
Rhode Island,1948,0,1,0,cfbd
Rhode Island,1949,0,2,0,cfbd
Rhode Island,1950,0,1,0,cfbd
Rhode Island,1951,0,1,0,cfbd
Rhode Island,1952,1,0,0,cfbd
Rhode Island,1953,1,0,0,cfbd
Rhode Island,1954,0,1,0,cfbd
Rhode Island,1955,1,0,0,cfbd
Rhode Island,1956,0,1,0,cfbd
Rhode Island,1957,0,1,0,cfbd
Rhode Island,1958,0,1,0,cfbd
Rhode Island,1959,0,1,0,cfbd
Rhode Island,1960,0,1,0,cfbd
Rhode Island,1961,1,0,0,cfbd
Rhode Island,1962,0,0,1,cfbd
Rhode Island,1963,0,1,0,cfbd
Rhode Island,1964,0,2,0,cfbd
Rhode Island,1965,1,0,0,cfbd
Rhode Island,1966,0,1,0,cfbd
Rhode Island,1967,1,0,0,cfbd
Rhode Island,1968,0,1,0,cfbd
Rhode Island,1969,0,1,0,cfbd
Rhode Island,1970,0,1,0,cfbd
Rhode Island,1971,1,1,0,cfbd
Rhode Island,1972,1,1,0,cfbd
Rhode Island,1973,0,1,1,cfbd
Rhode Island,1974,0,2,0,cfbd
Rhode Island,1975,0,2,0,cfbd
Rhode Island,1976,0,2,0,cfbd
Rhode Island,1977,1,2,0,cfbd
Rhode Island,1978,1,0,0,cfbd
Rhode Island,1979,0,3,0,cfbd
Rhode Island,1980,0,3,0,cfbd
Rhode Island,1981,0,1,0,cfbd
Rhode Island,1982,0,0,0,cfbd
Rhode Island,1983,0,1,0,cfbd
Rhode Island,1984,0,0,0,cfbd
Rhode Island,1985,0,0,0,cfbd
Rhode Island,1986,0,0,0,cfbd
Rhode Island,1987,0,0,0,cfbd
Rhode Island,1988,0,0,0,cfbd
Rhode Island,1989,0,0,0,cfbd
Rhode Island,1990,0,0,0,cfbd
Rhode Island,1991,0,0,0,cfbd
Rhode Island,1992,0,0,0,cfbd
Rhode Island,1993,0,0,0,cfbd
Rhode Island,1994,0,0,0,cfbd
Rhode Island,1995,0,0,0,cfbd
Rhode Island,1996,0,0,0,cfbd
Rhode Island,1997,0,0,0,cfbd
Rhode Island,1998,0,0,0,cfbd
Rhode Island,1999,0,0,0,cfbd
Rhode Island,2000,1,0,0,cfbd
Rhode Island,2001,0,0,0,cfbd
Rhode Island,2002,0,1,0,cfbd
Rhode Island,2003,4,8,0,cfbd
Rhode Island,2004,4,7,0,cfbd
Rhode Island,2005,4,6,0,cfbd
Rhode Island,2006,4,7,0,cfbd
Rhode Island,2007,3,8,0,cfbd
Rhode Island,2008,3,9,0,cfbd
Rhode Island,2009,1,10,0,cfbd
Rhode Island,2010,4,5,0,cfbd
Rhode Island,2011,3,8,0,cfbd
Rhode Island,2012,0,10,0,cfbd
Rhode Island,2013,3,9,0,cfbd
Rhode Island,2014,1,11,0,cfbd
Rhode Island,2015,1,10,0,cfbd
Rhode Island,2016,2,9,0,cfbd
Rhode Island,2017,3,8,0,cfbd
Rhode Island,2018,6,5,0,cfbd
Rhode Island,2019,2,10,0,cfbd
Rhode Island,2020,2,1,0,cfbd
Rhode Island,2021,7,4,0,cfbd
Rhode Island,2022,7,4,0,cfbd
Rhode Island,2023,6,5,0,cfbd
Rhode Island,2024,11,3,0,cfbd
Rhode Island,2025,11,3,0,cfbd
Rhode Island,2026,1,0,0,cfbd
Rhodes,1939,3,5,1,cfbd
Rhodes,2014,0,0,0,cfbd
Rhodes,2015,0,0,0,cfbd
Rhodes,2016,0,0,0,cfbd
Rhodes,2017,0,0,0,cfbd
Rhodes,2018,0,0,0,cfbd
Rhodes,2019,0,0,0,cfbd
Rhodes,2020,0,4,0,cfbd
Rhodes,2021,0,0,0,cfbd
Rhodes,2022,5,5,0,cfbd
Rhodes,2023,6,4,0,cfbd
Rhodes,2024,3,7,0,cfbd
Rhodes,2025,1,9,0,cfbd
Rhodes,2026,0,0,0,cfbd
Rice,1936,5,7,0,cfbd
Rice,1937,6,3,2,cfbd
Rice,1938,4,6,0,cfbd
Rice,1939,1,9,1,cfbd
Rice,1940,7,3,0,cfbd
Rice,1941,6,3,1,cfbd
Rice,1942,7,2,1,cfbd
Rice,1943,3,7,0,cfbd
Rice,1944,5,6,0,cfbd
Rice,1945,5,6,0,cfbd
Rice,1946,9,2,0,cfbd
Rice,1947,6,3,1,cfbd
Rice,1948,5,4,1,cfbd
Rice,1949,10,1,0,cfbd
Rice,1950,6,4,0,cfbd
Rice,1951,5,5,0,cfbd
Rice,1952,5,5,0,cfbd
Rice,1953,9,2,0,cfbd
Rice,1954,7,3,0,cfbd
Rice,1955,2,7,1,cfbd
Rice,1956,4,6,0,cfbd
Rice,1957,7,4,0,cfbd
Rice,1958,5,5,0,cfbd
Rice,1959,1,7,2,cfbd
Rice,1960,7,4,0,cfbd
Rice,1961,7,4,0,cfbd
Rice,1962,2,6,2,cfbd
Rice,1963,6,4,0,cfbd
Rice,1964,4,5,1,cfbd
Rice,1965,2,8,0,cfbd
Rice,1966,2,8,0,cfbd
Rice,1967,4,6,0,cfbd
Rice,1968,0,9,1,cfbd
Rice,1969,3,7,0,cfbd
Rice,1970,5,5,0,cfbd
Rice,1971,3,7,1,cfbd
Rice,1972,5,5,1,cfbd
Rice,1973,5,6,0,cfbd
Rice,1974,2,8,1,cfbd
Rice,1975,2,9,0,cfbd
Rice,1976,3,8,0,cfbd
Rice,1977,1,10,0,cfbd
Rice,1978,2,9,0,cfbd
Rice,1979,1,10,0,cfbd
Rice,1980,5,6,0,cfbd
Rice,1981,4,7,0,cfbd
Rice,1982,0,11,0,cfbd
Rice,1983,1,10,0,cfbd
Rice,1984,1,10,0,cfbd
Rice,1985,3,8,0,cfbd
Rice,1986,4,7,0,cfbd
Rice,1987,2,9,0,cfbd
Rice,1988,0,11,0,cfbd
Rice,1989,2,8,1,cfbd
Rice,1990,5,6,0,cfbd
Rice,1991,4,7,0,cfbd
Rice,1992,6,5,0,cfbd
Rice,1993,6,5,0,cfbd
Rice,1994,5,6,0,cfbd
Rice,1995,2,8,1,cfbd
Rice,1996,7,4,0,cfbd
Rice,1997,7,4,0,cfbd
Rice,1998,5,6,0,cfbd
Rice,1999,5,6,0,cfbd
Rice,2000,3,8,0,cfbd
Rice,2001,8,4,0,cfbd
Rice,2002,4,7,0,cfbd
Rice,2003,5,7,0,cfbd
Rice,2004,3,8,0,cfbd
Rice,2005,1,10,0,cfbd
Rice,2006,7,6,0,cfbd
Rice,2007,3,9,0,cfbd
Rice,2008,10,3,0,cfbd
Rice,2009,2,10,0,cfbd
Rice,2010,4,8,0,cfbd
Rice,2011,4,8,0,cfbd
Rice,2012,7,6,0,cfbd
Rice,2013,10,4,0,cfbd
Rice,2014,8,5,0,cfbd
Rice,2015,5,7,0,cfbd
Rice,2016,3,9,0,cfbd
Rice,2017,1,11,0,cfbd
Rice,2018,2,11,0,cfbd
Rice,2019,3,9,0,cfbd
Rice,2020,2,3,0,cfbd
Rice,2021,4,8,0,cfbd
Rice,2022,5,8,0,cfbd
Rice,2023,6,7,0,cfbd
Rice,2024,4,8,0,cfbd
Rice,2025,5,8,0,cfbd
Rice,2026,0,0,0,cfbd
Richmond,1936,4,4,2,cfbd
Richmond,1937,5,4,1,cfbd
Richmond,1938,6,3,1,cfbd
Richmond,1939,7,1,2,cfbd
Richmond,1940,6,3,0,cfbd
Richmond,1941,2,7,0,cfbd
Richmond,1942,3,6,1,cfbd
Richmond,1943,6,1,0,cfbd
Richmond,1944,2,6,0,cfbd
Richmond,1945,2,6,0,cfbd
Richmond,1946,6,2,3,cfbd
Richmond,1947,3,7,0,cfbd
Richmond,1948,5,3,2,cfbd
Richmond,1949,3,7,0,cfbd
Richmond,1950,2,8,0,cfbd
Richmond,1951,3,8,0,cfbd
Richmond,1952,1,9,0,cfbd
Richmond,1953,5,3,1,cfbd
Richmond,1954,5,4,0,cfbd
Richmond,1955,4,3,2,cfbd
Richmond,1956,4,5,0,cfbd
Richmond,1957,4,6,0,cfbd
Richmond,1958,3,7,0,cfbd
Richmond,1959,4,5,1,cfbd
Richmond,1960,3,6,1,cfbd
Richmond,1961,5,5,0,cfbd
Richmond,1962,6,3,0,cfbd
Richmond,1963,3,6,1,cfbd
Richmond,1964,3,7,0,cfbd
Richmond,1965,0,10,0,cfbd
Richmond,1966,2,8,0,cfbd
Richmond,1967,5,5,0,cfbd
Richmond,1968,8,3,0,cfbd
Richmond,1969,6,4,0,cfbd
Richmond,1970,4,6,0,cfbd
Richmond,1971,5,6,0,cfbd
Richmond,1972,6,4,0,cfbd
Richmond,1973,8,2,0,cfbd
Richmond,1974,5,5,0,cfbd
Richmond,1975,5,6,0,cfbd
Richmond,1976,5,6,0,cfbd
Richmond,1977,3,8,0,cfbd
Richmond,1978,3,8,0,cfbd
Richmond,1979,0,11,0,cfbd
Richmond,1980,5,6,0,cfbd
Richmond,1981,4,7,0,cfbd
Richmond,1982,0,10,0,cfbd
Richmond,1983,3,8,0,cfbd
Richmond,1984,0,3,0,cfbd
Richmond,1985,1,1,0,cfbd
Richmond,1986,0,2,0,cfbd
Richmond,1987,0,1,0,cfbd
Richmond,1988,0,0,0,cfbd
Richmond,1989,0,0,0,cfbd
Richmond,1990,0,1,0,cfbd
Richmond,1991,0,0,0,cfbd
Richmond,1992,0,0,0,cfbd
Richmond,1993,0,0,0,cfbd
Richmond,1994,0,0,0,cfbd
Richmond,1995,0,0,0,cfbd
Richmond,1996,0,0,0,cfbd
Richmond,1997,0,1,0,cfbd
Richmond,1998,0,1,0,cfbd
Richmond,1999,0,0,0,cfbd
Richmond,2000,1,1,0,cfbd
Richmond,2001,0,2,0,cfbd
Richmond,2002,0,1,0,cfbd
Richmond,2003,2,9,0,cfbd
Richmond,2004,3,8,0,cfbd
Richmond,2005,9,4,0,cfbd
Richmond,2006,7,5,0,cfbd
Richmond,2007,11,2,0,cfbd
Richmond,2008,10,3,0,cfbd
Richmond,2009,11,2,0,cfbd
Richmond,2010,6,3,0,cfbd
Richmond,2011,3,8,0,cfbd
Richmond,2012,6,3,0,cfbd
Richmond,2013,6,6,0,cfbd
Richmond,2014,9,5,0,cfbd
Richmond,2015,10,4,0,cfbd
Richmond,2016,10,4,0,cfbd
Richmond,2017,6,5,0,cfbd
Richmond,2018,4,7,0,cfbd
Richmond,2019,5,7,0,cfbd
Richmond,2020,3,1,0,cfbd
Richmond,2021,6,5,0,cfbd
Richmond,2022,9,4,0,cfbd
Richmond,2023,9,4,0,cfbd
Richmond,2024,10,3,0,cfbd
Richmond,2025,7,5,0,cfbd
Richmond,2026,0,0,0,cfbd
Ripon,2014,0,0,0,cfbd
Ripon,2015,0,0,0,cfbd
Ripon,2016,0,0,0,cfbd
Ripon,2017,0,0,0,cfbd
Ripon,2018,0,0,0,cfbd
Ripon,2019,0,0,0,cfbd
Ripon,2020,0,3,0,cfbd
Ripon,2021,0,0,0,cfbd
Ripon,2022,9,1,0,cfbd
Ripon,2023,5,5,0,cfbd
Ripon,2024,4,6,0,cfbd
Ripon,2025,5,5,0,cfbd
Ripon,2026,0,0,0,cfbd
Robert Morris,1994,0,0,0,cfbd
Robert Morris,1995,0,0,0,cfbd
Robert Morris,1996,0,0,0,cfbd
Robert Morris,1997,0,0,0,cfbd
Robert Morris,1998,0,0,0,cfbd
Robert Morris,1999,0,0,0,cfbd
Robert Morris,2000,0,0,0,cfbd
Robert Morris,2001,0,0,0,cfbd
Robert Morris,2002,0,0,0,cfbd
Robert Morris,2003,6,4,0,cfbd
Robert Morris,2004,6,5,0,cfbd
Robert Morris,2005,2,8,0,cfbd
Robert Morris,2006,7,4,0,cfbd
Robert Morris,2007,4,6,0,cfbd
Robert Morris,2008,5,6,0,cfbd
Robert Morris,2009,5,6,0,cfbd
Robert Morris,2010,8,3,0,cfbd
Robert Morris,2011,2,9,0,cfbd
Robert Morris,2012,4,6,0,cfbd
Robert Morris,2013,4,5,0,cfbd
Robert Morris,2014,1,10,0,cfbd
Robert Morris,2015,4,7,0,cfbd
Robert Morris,2016,2,9,0,cfbd
Robert Morris,2017,2,9,0,cfbd
Robert Morris,2018,2,9,0,cfbd
Robert Morris,2019,7,5,0,cfbd
Robert Morris,2020,0,3,0,cfbd
Robert Morris,2021,4,6,0,cfbd
Robert Morris,2022,0,11,0,cfbd
Robert Morris,2023,4,7,0,cfbd
Robert Morris,2024,7,5,0,cfbd
Robert Morris,2025,3,9,0,cfbd
Robert Morris,2026,0,0,0,cfbd
Rochester (NY),2014,0,0,0,cfbd
Rochester (NY),2015,0,0,0,cfbd
Rochester (NY),2016,0,0,0,cfbd
Rochester (NY),2017,0,0,0,cfbd
Rochester (NY),2018,0,0,0,cfbd
Rochester (NY),2019,0,0,0,cfbd
Rochester (NY),2020,0,0,0,cfbd
Rochester (NY),2021,0,0,0,cfbd
Rochester (NY),2022,3,7,0,cfbd
Rochester (NY),2023,5,5,0,cfbd
Rochester (NY),2024,6,4,0,cfbd
Rochester (NY),2025,5,5,0,cfbd
Rochester (NY),2026,0,0,0,cfbd
Rockford,2014,0,0,0,cfbd
Rockford,2015,0,0,0,cfbd
Rockford,2016,0,0,0,cfbd
Rockford,2017,0,0,0,cfbd
Rockford,2018,0,0,0,cfbd
Rockford,2019,0,0,0,cfbd
Rockford,2020,1,3,0,cfbd
Rockford,2021,0,0,0,cfbd
Rockford,2022,1,9,0,cfbd
Rockford,2023,2,8,0,cfbd
Rockford,2024,4,6,0,cfbd
Rockford,2025,1,9,0,cfbd
Rockford,2026,0,0,0,cfbd
Roosevelt,2024,1,9,0,cfbd
Roosevelt,2025,2,8,0,cfbd
Roosevelt,2026,0,0,0,cfbd
Rose Hulman,2014,0,0,0,cfbd
Rose Hulman,2015,0,0,0,cfbd
Rose Hulman,2016,0,0,0,cfbd
Rose Hulman,2017,0,0,0,cfbd
Rose Hulman,2018,0,0,0,cfbd
Rose Hulman,2019,0,0,0,cfbd
Rose Hulman,2020,4,1,0,cfbd
Rose Hulman,2021,0,0,0,cfbd
Rose Hulman,2022,6,4,0,cfbd
Rose Hulman,2023,7,3,0,cfbd
Rose Hulman,2024,5,5,0,cfbd
Rose Hulman,2025,3,7,0,cfbd
Rose Hulman,2026,0,0,0,cfbd
Rowan,2014,0,0,0,cfbd
Rowan,2015,0,0,0,cfbd
Rowan,2016,0,0,0,cfbd
Rowan,2017,0,0,0,cfbd
Rowan,2018,0,0,0,cfbd
Rowan,2019,0,0,0,cfbd
Rowan,2020,0,0,0,cfbd
Rowan,2021,0,0,0,cfbd
Rowan,2022,7,3,0,cfbd
Rowan,2023,5,5,0,cfbd
Rowan,2024,6,4,0,cfbd
Rowan,2025,8,2,1,cfbd
Rowan,2026,0,0,0,cfbd
Rutgers,1935,235,223,34,manual
Rutgers,1936,0,3,0,cfbd
Rutgers,1937,0,2,0,cfbd
Rutgers,1938,2,1,0,cfbd
Rutgers,1939,1,1,1,cfbd
Rutgers,1940,0,2,0,cfbd
Rutgers,1941,2,1,0,cfbd
Rutgers,1942,0,2,0,cfbd
Rutgers,1943,0,0,0,cfbd
Rutgers,1944,0,0,0,cfbd
Rutgers,1945,2,1,0,cfbd
Rutgers,1946,7,2,0,cfbd
Rutgers,1947,8,1,0,cfbd
Rutgers,1948,7,2,0,cfbd
Rutgers,1949,6,3,0,cfbd
Rutgers,1950,4,4,0,cfbd
Rutgers,1951,4,4,0,cfbd
Rutgers,1952,4,4,1,cfbd
Rutgers,1953,2,6,0,cfbd
Rutgers,1954,3,6,0,cfbd
Rutgers,1955,3,5,0,cfbd
Rutgers,1956,3,7,0,cfbd
Rutgers,1957,5,4,0,cfbd
Rutgers,1958,8,1,0,cfbd
Rutgers,1959,6,3,0,cfbd
Rutgers,1960,8,1,0,cfbd
Rutgers,1961,9,0,0,cfbd
Rutgers,1962,5,5,0,cfbd
Rutgers,1963,3,6,0,cfbd
Rutgers,1964,6,3,0,cfbd
Rutgers,1965,3,6,0,cfbd
Rutgers,1966,5,4,0,cfbd
Rutgers,1967,4,5,0,cfbd
Rutgers,1968,8,2,0,cfbd
Rutgers,1969,6,3,0,cfbd
Rutgers,1970,5,5,0,cfbd
Rutgers,1971,4,7,0,cfbd
Rutgers,1972,7,4,0,cfbd
Rutgers,1973,6,5,0,cfbd
Rutgers,1974,7,3,1,cfbd
Rutgers,1975,9,2,0,cfbd
Rutgers,1976,11,0,0,cfbd
Rutgers,1977,8,3,0,cfbd
Rutgers,1978,9,3,0,cfbd
Rutgers,1979,8,3,0,cfbd
Rutgers,1980,7,4,0,cfbd
Rutgers,1981,5,6,0,cfbd
Rutgers,1982,5,6,0,cfbd
Rutgers,1983,3,8,0,cfbd
Rutgers,1984,7,3,0,cfbd
Rutgers,1985,2,8,1,cfbd
Rutgers,1986,5,5,1,cfbd
Rutgers,1987,6,5,0,cfbd
Rutgers,1988,5,6,0,cfbd
Rutgers,1989,2,7,2,cfbd
Rutgers,1990,3,8,0,cfbd
Rutgers,1991,6,5,0,cfbd
Rutgers,1992,7,4,0,cfbd
Rutgers,1993,4,7,0,cfbd
Rutgers,1994,5,5,1,cfbd
Rutgers,1995,4,7,0,cfbd
Rutgers,1996,2,9,0,cfbd
Rutgers,1997,0,11,0,cfbd
Rutgers,1998,5,6,0,cfbd
Rutgers,1999,1,10,0,cfbd
Rutgers,2000,3,8,0,cfbd
Rutgers,2001,2,9,0,cfbd
Rutgers,2002,1,11,0,cfbd
Rutgers,2003,5,7,0,cfbd
Rutgers,2004,4,7,0,cfbd
Rutgers,2005,7,5,0,cfbd
Rutgers,2006,11,2,0,cfbd
Rutgers,2007,8,5,0,cfbd
Rutgers,2008,8,5,0,cfbd
Rutgers,2009,9,4,0,cfbd
Rutgers,2010,4,8,0,cfbd
Rutgers,2011,9,4,0,cfbd
Rutgers,2012,9,4,0,cfbd
Rutgers,2013,6,7,0,cfbd
Rutgers,2014,8,5,0,cfbd
Rutgers,2015,4,8,0,cfbd
Rutgers,2016,2,10,0,cfbd
Rutgers,2017,4,8,0,cfbd
Rutgers,2018,1,11,0,cfbd
Rutgers,2019,2,10,0,cfbd
Rutgers,2020,3,6,0,cfbd
Rutgers,2021,5,8,0,cfbd
Rutgers,2022,4,8,0,cfbd
Rutgers,2023,7,6,0,cfbd
Rutgers,2024,7,6,0,cfbd
Rutgers,2025,5,7,0,cfbd
Rutgers,2026,0,0,0,cfbd
Sacramento State,1954,0,0,0,cfbd
Sacramento State,1955,0,0,0,cfbd
Sacramento State,1956,0,0,0,cfbd
Sacramento State,1957,0,0,0,cfbd
Sacramento State,1958,0,0,0,cfbd
Sacramento State,1959,0,0,0,cfbd
Sacramento State,1960,0,0,0,cfbd
Sacramento State,1961,0,0,0,cfbd
Sacramento State,1962,0,0,0,cfbd
Sacramento State,1963,0,0,0,cfbd
Sacramento State,1964,0,0,0,cfbd
Sacramento State,1965,0,0,0,cfbd
Sacramento State,1966,0,0,0,cfbd
Sacramento State,1967,0,0,0,cfbd
Sacramento State,1968,0,1,0,cfbd
Sacramento State,1969,0,0,0,cfbd
Sacramento State,1970,0,0,0,cfbd
Sacramento State,1971,0,0,0,cfbd
Sacramento State,1972,0,1,0,cfbd
Sacramento State,1973,0,1,0,cfbd
Sacramento State,1974,0,1,0,cfbd
Sacramento State,1975,0,0,0,cfbd
Sacramento State,1976,0,0,0,cfbd
Sacramento State,1977,0,1,0,cfbd
Sacramento State,1978,0,0,0,cfbd
Sacramento State,1979,0,0,0,cfbd
Sacramento State,1980,0,0,0,cfbd
Sacramento State,1981,0,0,0,cfbd
Sacramento State,1982,0,0,0,cfbd
Sacramento State,1983,0,0,0,cfbd
Sacramento State,1984,0,0,0,cfbd
Sacramento State,1985,0,1,0,cfbd
Sacramento State,1986,0,1,0,cfbd
Sacramento State,1987,0,1,0,cfbd
Sacramento State,1988,1,0,0,cfbd
Sacramento State,1989,0,0,0,cfbd
Sacramento State,1990,0,1,0,cfbd
Sacramento State,1991,1,0,0,cfbd
Sacramento State,1992,1,0,0,cfbd
Sacramento State,1993,0,1,0,cfbd
Sacramento State,1994,0,0,0,cfbd
Sacramento State,1995,0,0,0,cfbd
Sacramento State,1996,0,0,0,cfbd
Sacramento State,1997,0,0,0,cfbd
Sacramento State,1998,0,0,0,cfbd
Sacramento State,1999,0,0,0,cfbd
Sacramento State,2000,0,0,0,cfbd
Sacramento State,2001,0,0,0,cfbd
Sacramento State,2002,0,1,0,cfbd
Sacramento State,2003,0,2,0,cfbd
Sacramento State,2004,3,8,0,cfbd
Sacramento State,2005,2,9,0,cfbd
Sacramento State,2006,4,7,0,cfbd
Sacramento State,2007,3,8,0,cfbd
Sacramento State,2008,6,6,0,cfbd
Sacramento State,2009,5,6,0,cfbd
Sacramento State,2010,6,5,0,cfbd
Sacramento State,2011,4,7,0,cfbd
Sacramento State,2012,1,1,0,cfbd
Sacramento State,2013,5,7,0,cfbd
Sacramento State,2014,7,5,0,cfbd
Sacramento State,2015,2,9,0,cfbd
Sacramento State,2016,2,8,0,cfbd
Sacramento State,2017,7,4,0,cfbd
Sacramento State,2018,2,8,0,cfbd
Sacramento State,2019,9,4,0,cfbd
Sacramento State,2021,9,3,0,cfbd
Sacramento State,2022,12,1,0,cfbd
Sacramento State,2023,8,5,0,cfbd
Sacramento State,2024,3,9,0,cfbd
Sacramento State,2025,7,5,0,cfbd
Sacramento State,2026,0,0,0,cfbd
Sacred Heart,1991,0,0,0,cfbd
Sacred Heart,1992,0,0,0,cfbd
Sacred Heart,1993,0,0,0,cfbd
Sacred Heart,1994,0,0,0,cfbd
Sacred Heart,1995,0,0,0,cfbd
Sacred Heart,1996,0,0,0,cfbd
Sacred Heart,1997,0,0,0,cfbd
Sacred Heart,1998,0,0,0,cfbd
Sacred Heart,1999,0,0,0,cfbd
Sacred Heart,2000,0,0,0,cfbd
Sacred Heart,2001,0,0,0,cfbd
Sacred Heart,2002,0,0,0,cfbd
Sacred Heart,2003,6,5,0,cfbd
Sacred Heart,2004,6,4,0,cfbd
Sacred Heart,2005,4,6,0,cfbd
Sacred Heart,2006,2,9,0,cfbd
Sacred Heart,2007,3,8,0,cfbd
Sacred Heart,2008,8,3,0,cfbd
Sacred Heart,2009,2,8,0,cfbd
Sacred Heart,2010,4,7,0,cfbd
Sacred Heart,2011,5,6,0,cfbd
Sacred Heart,2012,2,8,0,cfbd
Sacred Heart,2013,8,3,0,cfbd
Sacred Heart,2014,9,3,0,cfbd
Sacred Heart,2015,6,5,0,cfbd
Sacred Heart,2016,6,5,0,cfbd
Sacred Heart,2017,4,7,0,cfbd
Sacred Heart,2018,7,4,0,cfbd
Sacred Heart,2019,7,5,0,cfbd
Sacred Heart,2020,2,2,0,cfbd
Sacred Heart,2021,8,4,0,cfbd
Sacred Heart,2022,5,6,0,cfbd
Sacred Heart,2023,2,9,0,cfbd
Sacred Heart,2024,5,6,0,cfbd
Sacred Heart,2025,8,4,0,cfbd
Sacred Heart,2026,0,0,0,cfbd
Saginaw Valley State,2014,0,0,0,cfbd
Saginaw Valley State,2015,0,0,0,cfbd
Saginaw Valley State,2016,0,0,0,cfbd
Saginaw Valley State,2017,0,0,0,cfbd
Saginaw Valley State,2018,0,0,0,cfbd
Saginaw Valley State,2019,0,0,0,cfbd
Saginaw Valley State,2020,0,0,0,cfbd
Saginaw Valley State,2021,7,4,0,cfbd
Saginaw Valley State,2022,8,3,0,cfbd
Saginaw Valley State,2023,6,5,0,cfbd
Saginaw Valley State,2024,7,4,0,cfbd
Saginaw Valley State,2025,6,5,0,cfbd
Saginaw Valley State,2026,0,0,0,cfbd
Saint Anselm,2014,0,0,0,cfbd
Saint Anselm,2015,0,1,0,cfbd
Saint Anselm,2016,0,1,0,cfbd
Saint Anselm,2017,0,1,0,cfbd
Saint Anselm,2018,0,0,0,cfbd
Saint Anselm,2019,0,0,0,cfbd
Saint Anselm,2020,0,0,0,cfbd
Saint Anselm,2021,3,6,0,cfbd
Saint Anselm,2022,6,4,0,cfbd
Saint Anselm,2023,6,4,0,cfbd
Saint Anselm,2024,5,5,0,cfbd
Saint Anselm,2025,5,5,0,cfbd
Saint Anselm,2026,0,0,0,cfbd
Saint Francis,2003,1,9,0,cfbd
Saint Francis,2004,3,8,0,cfbd
Saint Francis,2005,3,8,0,cfbd
Saint Francis,2006,3,8,0,cfbd
Saint Francis,2007,3,7,0,cfbd
Saint Francis,2008,0,11,0,cfbd
Saint Francis,2009,2,9,0,cfbd
Saint Francis,2010,1,10,0,cfbd
Saint Francis,2011,2,9,0,cfbd
Saint Francis,2012,5,5,0,cfbd
Saint Francis,2013,4,5,0,cfbd
Saint Francis,2014,4,6,0,cfbd
Saint Francis,2015,6,4,0,cfbd
Saint Francis,2016,7,5,0,cfbd
Saint Francis,2017,5,6,0,cfbd
Saint Francis,2018,4,7,0,cfbd
Saint Francis,2019,6,6,0,cfbd
Saint Francis,2020,0,0,0,cfbd
Saint Francis,2021,5,6,0,cfbd
Saint Francis,2022,9,3,0,cfbd
Saint Francis,2023,4,6,0,cfbd
Saint Francis,2024,4,7,0,cfbd
Saint Francis,2025,0,11,0,cfbd
Saint Francis,2026,0,0,0,cfbd
Saint John's (MN),2014,0,0,0,cfbd
Saint John's (MN),2015,0,0,0,cfbd
Saint John's (MN),2016,0,0,0,cfbd
Saint John's (MN),2017,0,0,0,cfbd
Saint John's (MN),2018,0,0,0,cfbd
Saint John's (MN),2019,0,0,0,cfbd
Saint John's (MN),2020,0,0,0,cfbd
Saint John's (MN),2021,0,0,0,cfbd
Saint John's (MN),2022,9,2,0,cfbd
Saint John's (MN),2023,8,2,0,cfbd
Saint John's (MN),2024,11,1,0,cfbd
Saint John's (MN),2025,10,2,0,cfbd
Saint John's (MN),2026,0,0,0,cfbd
Saint Louis,1936,5,4,1,cfbd
Saint Louis,1937,7,2,1,cfbd
Saint Louis,1938,3,5,2,cfbd
Saint Louis,1939,5,3,2,cfbd
Saint Louis,1940,3,6,1,cfbd
Saint Louis,1941,4,5,1,cfbd
Saint Louis,1942,4,5,0,cfbd
Saint Louis,1945,5,4,0,cfbd
Saint Louis,1946,4,6,0,cfbd
Saint Louis,1947,4,6,0,cfbd
Saint Louis,1948,4,7,0,cfbd
Saint Louis,1949,2,6,1,cfbd
Saint Mary's (CA),1936,6,3,1,cfbd
Saint Mary's (CA),1937,4,3,2,cfbd
Saint Mary's (CA),1938,6,2,0,cfbd
Saint Mary's (CA),1939,3,4,1,cfbd
Saint Mary's (CA),1940,5,3,0,cfbd
Saint Mary's (CA),1941,5,4,0,cfbd
Saint Mary's (CA),1942,6,3,1,cfbd
Saint Mary's (CA),1943,2,5,0,cfbd
Saint Mary's (CA),1945,6,2,0,cfbd
Saint Mary's (CA),1946,6,3,0,cfbd
Saint Mary's (CA),1947,3,7,0,cfbd
Saint Mary's (CA),1948,4,6,0,cfbd
Saint Mary's (CA),1949,3,6,1,cfbd
Saint Mary's (CA),1950,2,7,1,cfbd
Saint Mary's (CA) Pre-Flight,1942,6,3,1,cfbd
Saint Mary's (CA) Pre-Flight,1943,3,4,1,cfbd
Saint Mary's (CA) Pre-Flight,1944,4,4,0,cfbd
Saint Vincent,2014,0,0,0,cfbd
Saint Vincent,2015,0,0,0,cfbd
Saint Vincent,2016,0,0,0,cfbd
Saint Vincent,2017,0,0,0,cfbd
Saint Vincent,2018,0,0,0,cfbd
Saint Vincent,2019,0,0,0,cfbd
Saint Vincent,2020,2,2,0,cfbd
Saint Vincent,2021,0,0,0,cfbd
Saint Vincent,2022,5,5,0,cfbd
Saint Vincent,2023,3,7,0,cfbd
Saint Vincent,2024,1,9,0,cfbd
Saint Vincent,2025,2,8,0,cfbd
Saint Vincent,2026,0,0,0,cfbd
Salisbury,2014,0,0,0,cfbd
Salisbury,2015,0,0,0,cfbd
Salisbury,2016,0,0,0,cfbd
Salisbury,2017,0,0,0,cfbd
Salisbury,2018,0,0,0,cfbd
Salisbury,2019,0,0,0,cfbd
Salisbury,2020,2,0,0,cfbd
Salisbury,2021,0,0,0,cfbd
Salisbury,2022,9,2,0,cfbd
Salisbury,2023,6,4,0,cfbd
Salisbury,2024,12,1,0,cfbd
Salisbury,2025,10,2,0,cfbd
Salisbury,2026,0,0,0,cfbd
Salve Regina,2014,0,0,0,cfbd
Salve Regina,2015,0,0,0,cfbd
Salve Regina,2016,0,0,0,cfbd
Salve Regina,2017,0,0,0,cfbd
Salve Regina,2018,0,0,0,cfbd
Salve Regina,2019,0,0,0,cfbd
Salve Regina,2020,0,0,0,cfbd
Salve Regina,2021,0,0,0,cfbd
Salve Regina,2022,6,4,0,cfbd
Salve Regina,2023,8,2,0,cfbd
Salve Regina,2024,6,4,0,cfbd
Salve Regina,2025,6,4,0,cfbd
Salve Regina,2026,0,0,0,cfbd
Sam Houston,1982,0,0,0,cfbd
Sam Houston,1983,0,0,0,cfbd
Sam Houston,1984,0,0,0,cfbd
Sam Houston,1985,0,0,0,cfbd
Sam Houston,1986,0,0,0,cfbd
Sam Houston,1987,0,1,0,cfbd
Sam Houston,1988,0,1,0,cfbd
Sam Houston,1989,0,0,0,cfbd
Sam Houston,1990,0,2,0,cfbd
Sam Houston,1991,0,0,0,cfbd
Sam Houston,1992,0,1,0,cfbd
Sam Houston,1993,0,1,0,cfbd
Sam Houston,1994,0,0,0,cfbd
Sam Houston,1995,0,0,0,cfbd
Sam Houston,1996,0,2,0,cfbd
Sam Houston,1997,0,1,0,cfbd
Sam Houston,1998,0,1,0,cfbd
Sam Houston,1999,0,2,0,cfbd
Sam Houston,2000,1,0,0,cfbd
Sam Houston,2001,1,1,0,cfbd
Sam Houston,2002,0,1,0,cfbd
Sam Houston,2003,2,9,0,cfbd
Sam Houston,2004,10,2,0,cfbd
Sam Houston,2005,3,7,0,cfbd
Sam Houston,2006,6,5,0,cfbd
Sam Houston,2007,6,4,0,cfbd
Sam Houston,2008,2,1,0,cfbd
Sam Houston,2009,5,6,0,cfbd
Sam Houston,2010,5,5,0,cfbd
Sam Houston,2011,12,0,0,cfbd
Sam Houston,2012,9,3,0,cfbd
Sam Houston,2013,9,4,0,cfbd
Sam Houston,2014,11,4,0,cfbd
Sam Houston,2015,10,4,0,cfbd
Sam Houston,2016,12,1,0,cfbd
Sam Houston,2017,12,2,0,cfbd
Sam Houston,2018,6,5,0,cfbd
Sam Houston,2019,7,5,0,cfbd
Sam Houston,2020,10,0,0,cfbd
Sam Houston,2021,11,1,0,cfbd
Sam Houston,2022,5,4,0,cfbd
Sam Houston,2023,3,9,0,cfbd
Sam Houston,2024,10,3,0,cfbd
Sam Houston,2025,2,10,0,cfbd
Sam Houston,2026,0,0,0,cfbd
Samford,1936,1,2,1,cfbd
Samford,1937,0,2,0,cfbd
Samford,1938,0,2,0,cfbd
Samford,1939,0,4,0,cfbd
Samford,1940,0,4,0,cfbd
Samford,1941,0,4,0,cfbd
Samford,1943,0,1,0,cfbd
Samford,1944,0,2,0,cfbd
Samford,1945,0,3,0,cfbd
Samford,1948,0,0,0,cfbd
Samford,1949,0,0,0,cfbd
Samford,1950,0,0,0,cfbd
Samford,1951,0,0,0,cfbd
Samford,1952,0,0,0,cfbd
Samford,1953,0,0,0,cfbd
Samford,1954,0,0,0,cfbd
Samford,1955,0,0,0,cfbd
Samford,1956,0,0,0,cfbd
Samford,1957,0,0,0,cfbd
Samford,1958,0,0,0,cfbd
Samford,1959,0,0,0,cfbd
Samford,1960,0,0,0,cfbd
Samford,1961,0,1,0,cfbd
Samford,1962,1,0,0,cfbd
Samford,1963,0,1,0,cfbd
Samford,1964,0,0,0,cfbd
Samford,1965,0,1,0,cfbd
Samford,1966,1,0,0,cfbd
Samford,1967,1,0,0,cfbd
Samford,1968,1,0,0,cfbd
Samford,1969,1,0,0,cfbd
Samford,1970,0,0,0,cfbd
Samford,1971,0,0,0,cfbd
Samford,1972,0,0,0,cfbd
Samford,1973,0,0,0,cfbd
Samford,1984,0,0,0,cfbd
Samford,1985,0,0,0,cfbd
Samford,1986,0,0,0,cfbd
Samford,1987,0,0,0,cfbd
Samford,1988,0,0,0,cfbd
Samford,1989,0,0,0,cfbd
Samford,1990,0,0,0,cfbd
Samford,1991,0,0,0,cfbd
Samford,1992,0,1,0,cfbd
Samford,1993,0,1,0,cfbd
Samford,1994,0,1,0,cfbd
Samford,1995,0,0,0,cfbd
Samford,1996,0,1,0,cfbd
Samford,1997,0,1,0,cfbd
Samford,1998,0,0,0,cfbd
Samford,1999,0,0,0,cfbd
Samford,2000,0,1,0,cfbd
Samford,2001,0,0,0,cfbd
Samford,2002,0,1,0,cfbd
Samford,2003,7,4,0,cfbd
Samford,2004,4,7,0,cfbd
Samford,2005,4,6,0,cfbd
Samford,2006,3,8,0,cfbd
Samford,2007,4,6,0,cfbd
Samford,2008,6,5,0,cfbd
Samford,2009,5,6,0,cfbd
Samford,2010,4,7,0,cfbd
Samford,2011,6,5,0,cfbd
Samford,2012,7,4,0,cfbd
Samford,2013,8,5,0,cfbd
Samford,2014,6,4,0,cfbd
Samford,2015,6,5,0,cfbd
Samford,2016,7,5,0,cfbd
Samford,2017,8,4,0,cfbd
Samford,2018,6,5,0,cfbd
Samford,2019,5,7,0,cfbd
Samford,2020,4,3,0,cfbd
Samford,2021,4,7,0,cfbd
Samford,2022,11,2,0,cfbd
Samford,2023,6,5,0,cfbd
Samford,2024,4,7,1,cfbd
Samford,2025,1,11,0,cfbd
Samford,2026,0,0,0,cfbd
San Diego,1960,0,0,0,cfbd
San Diego,1961,0,1,0,cfbd
San Diego,1969,0,0,0,cfbd
San Diego,1970,0,0,0,cfbd
San Diego,1971,0,0,0,cfbd
San Diego,1972,0,0,0,cfbd
San Diego,1973,0,0,0,cfbd
San Diego,1974,0,0,0,cfbd
San Diego,1975,0,0,0,cfbd
San Diego,1976,0,0,0,cfbd
San Diego,1977,0,0,0,cfbd
San Diego,1978,0,0,0,cfbd
San Diego,1979,0,0,0,cfbd
San Diego,1980,0,0,0,cfbd
San Diego,1981,0,0,0,cfbd
San Diego,1982,0,0,0,cfbd
San Diego,1983,0,0,0,cfbd
San Diego,1984,0,0,0,cfbd
San Diego,1985,0,0,0,cfbd
San Diego,1986,0,0,0,cfbd
San Diego,1987,0,0,0,cfbd
San Diego,1988,0,0,0,cfbd
San Diego,1989,0,0,0,cfbd
San Diego,1990,0,0,0,cfbd
San Diego,1991,0,0,0,cfbd
San Diego,1992,0,0,0,cfbd
San Diego,1993,0,0,0,cfbd
San Diego,1994,0,0,0,cfbd
San Diego,1995,0,0,0,cfbd
San Diego,1996,0,0,0,cfbd
San Diego,1997,0,0,0,cfbd
San Diego,1998,0,0,0,cfbd
San Diego,1999,0,0,0,cfbd
San Diego,2000,0,0,0,cfbd
San Diego,2001,0,0,0,cfbd
San Diego,2002,0,0,0,cfbd
San Diego,2003,2,0,0,cfbd
San Diego,2004,2,2,0,cfbd
San Diego,2005,11,1,0,cfbd
San Diego,2006,11,1,0,cfbd
San Diego,2007,9,2,0,cfbd
San Diego,2008,9,2,0,cfbd
San Diego,2009,4,6,0,cfbd
San Diego,2010,5,6,0,cfbd
San Diego,2011,9,2,0,cfbd
San Diego,2012,8,3,0,cfbd
San Diego,2013,8,3,0,cfbd
San Diego,2014,8,3,0,cfbd
San Diego,2015,9,2,0,cfbd
San Diego,2016,10,2,0,cfbd
San Diego,2017,10,3,0,cfbd
San Diego,2018,9,3,0,cfbd
San Diego,2019,9,3,0,cfbd
San Diego,2020,4,2,0,cfbd
San Diego,2021,7,4,0,cfbd
San Diego,2022,5,5,1,cfbd
San Diego,2023,4,7,0,cfbd
San Diego,2024,8,3,0,cfbd
San Diego,2025,8,4,0,cfbd
San Diego,2026,0,0,0,cfbd
San Diego State,1936,0,0,1,cfbd
San Diego State,1937,1,0,0,cfbd
San Diego State,1938,0,0,0,cfbd
San Diego State,1939,0,1,0,cfbd
San Diego State,1940,0,0,0,cfbd
San Diego State,1941,0,0,0,cfbd
San Diego State,1942,0,0,0,cfbd
San Diego State,1945,0,0,0,cfbd
San Diego State,1946,0,1,0,cfbd
San Diego State,1947,2,1,0,cfbd
San Diego State,1948,1,2,0,cfbd
San Diego State,1949,1,1,0,cfbd
San Diego State,1950,0,2,0,cfbd
San Diego State,1951,0,0,1,cfbd
San Diego State,1952,0,1,0,cfbd
San Diego State,1953,0,1,0,cfbd
San Diego State,1954,0,1,0,cfbd
San Diego State,1955,0,2,0,cfbd
San Diego State,1956,0,2,1,cfbd
San Diego State,1957,0,3,0,cfbd
San Diego State,1958,0,1,0,cfbd
San Diego State,1959,0,0,0,cfbd
San Diego State,1960,0,0,0,cfbd
San Diego State,1961,0,0,0,cfbd
San Diego State,1962,1,0,0,cfbd
San Diego State,1963,1,0,0,cfbd
San Diego State,1964,0,1,0,cfbd
San Diego State,1965,1,0,0,cfbd
San Diego State,1966,1,0,0,cfbd
San Diego State,1967,0,1,0,cfbd
San Diego State,1968,4,0,0,cfbd
San Diego State,1969,11,0,0,cfbd
San Diego State,1970,9,2,0,cfbd
San Diego State,1971,6,5,0,cfbd
San Diego State,1972,10,1,0,cfbd
San Diego State,1973,9,1,1,cfbd
San Diego State,1974,8,2,1,cfbd
San Diego State,1975,8,3,0,cfbd
San Diego State,1976,10,1,0,cfbd
San Diego State,1977,10,1,0,cfbd
San Diego State,1978,4,7,0,cfbd
San Diego State,1979,8,3,0,cfbd
San Diego State,1980,4,8,0,cfbd
San Diego State,1981,6,5,0,cfbd
San Diego State,1982,7,5,0,cfbd
San Diego State,1983,2,9,1,cfbd
San Diego State,1984,4,7,1,cfbd
San Diego State,1985,5,6,1,cfbd
San Diego State,1986,8,4,0,cfbd
San Diego State,1987,5,7,0,cfbd
San Diego State,1988,3,8,0,cfbd
San Diego State,1989,6,5,1,cfbd
San Diego State,1990,6,5,0,cfbd
San Diego State,1991,8,4,1,cfbd
San Diego State,1992,5,5,1,cfbd
San Diego State,1993,6,6,0,cfbd
San Diego State,1994,4,7,0,cfbd
San Diego State,1995,8,4,0,cfbd
San Diego State,1996,8,3,0,cfbd
San Diego State,1997,5,7,0,cfbd
San Diego State,1998,7,5,0,cfbd
San Diego State,1999,5,6,0,cfbd
San Diego State,2000,3,8,0,cfbd
San Diego State,2001,3,8,0,cfbd
San Diego State,2002,4,9,0,cfbd
San Diego State,2003,6,6,0,cfbd
San Diego State,2004,4,7,0,cfbd
San Diego State,2005,5,7,0,cfbd
San Diego State,2006,3,9,0,cfbd
San Diego State,2007,4,8,0,cfbd
San Diego State,2008,2,10,0,cfbd
San Diego State,2009,4,8,0,cfbd
San Diego State,2010,9,4,0,cfbd
San Diego State,2011,8,5,0,cfbd
San Diego State,2012,9,4,0,cfbd
San Diego State,2013,8,5,0,cfbd
San Diego State,2014,7,6,0,cfbd
San Diego State,2015,11,3,0,cfbd
San Diego State,2016,11,3,0,cfbd
San Diego State,2017,10,3,0,cfbd
San Diego State,2018,7,6,0,cfbd
San Diego State,2019,10,3,0,cfbd
San Diego State,2020,4,4,0,cfbd
San Diego State,2021,12,2,0,cfbd
San Diego State,2022,7,6,0,cfbd
San Diego State,2023,4,8,0,cfbd
San Diego State,2024,3,9,0,cfbd
San Diego State,2025,9,4,0,cfbd
San Diego State,2026,0,0,0,cfbd
San Francisco,1936,4,4,2,cfbd
San Francisco,1937,4,5,1,cfbd
San Francisco,1938,5,2,1,cfbd
San Francisco,1939,4,3,3,cfbd
San Francisco,1940,1,6,1,cfbd
San Francisco,1941,6,4,0,cfbd
San Francisco,1942,6,4,0,cfbd
San Francisco,1943,1,7,0,cfbd
San Francisco,1946,3,6,0,cfbd
San Francisco,1947,7,3,0,cfbd
San Francisco,1948,2,7,0,cfbd
San Francisco,1949,7,3,0,cfbd
San Francisco,1950,7,4,0,cfbd
San Francisco,1951,9,0,0,cfbd
San José State,1936,1,2,0,cfbd
San José State,1937,2,1,0,cfbd
San José State,1938,2,0,0,cfbd
San José State,1939,3,0,0,cfbd
San José State,1940,3,0,0,cfbd
San José State,1941,1,1,1,cfbd
San José State,1942,0,1,0,cfbd
San José State,1946,4,1,0,cfbd
San José State,1947,2,1,0,cfbd
San José State,1948,1,3,0,cfbd
San José State,1949,3,3,0,cfbd
San José State,1950,6,3,1,cfbd
San José State,1951,2,7,1,cfbd
San José State,1952,6,3,0,cfbd
San José State,1953,4,4,1,cfbd
San José State,1954,7,3,0,cfbd
San José State,1955,5,3,1,cfbd
San José State,1956,2,7,1,cfbd
San José State,1957,3,7,0,cfbd
San José State,1958,4,5,0,cfbd
San José State,1959,4,6,0,cfbd
San José State,1960,5,4,0,cfbd
San José State,1961,6,4,0,cfbd
San José State,1962,2,8,1,cfbd
San José State,1963,5,5,0,cfbd
San José State,1964,4,6,0,cfbd
San José State,1965,5,5,0,cfbd
San José State,1966,3,7,0,cfbd
San José State,1967,2,7,0,cfbd
San José State,1968,3,7,0,cfbd
San José State,1969,2,8,0,cfbd
San José State,1970,2,9,0,cfbd
San José State,1971,5,6,1,cfbd
San José State,1972,4,7,0,cfbd
San José State,1973,5,4,2,cfbd
San José State,1974,8,3,1,cfbd
San José State,1975,9,2,0,cfbd
San José State,1976,7,4,0,cfbd
San José State,1977,4,7,0,cfbd
San José State,1978,7,5,0,cfbd
San José State,1979,6,4,1,cfbd
San José State,1980,7,4,0,cfbd
San José State,1981,9,3,0,cfbd
San José State,1982,8,3,0,cfbd
San José State,1983,5,6,0,cfbd
San José State,1984,6,5,0,cfbd
San José State,1985,2,8,1,cfbd
San José State,1986,10,2,0,cfbd
San José State,1987,10,2,0,cfbd
San José State,1988,4,8,0,cfbd
San José State,1989,6,5,0,cfbd
San José State,1990,9,2,1,cfbd
San José State,1991,6,4,1,cfbd
San José State,1992,7,4,0,cfbd
San José State,1993,2,9,0,cfbd
San José State,1994,3,8,0,cfbd
San José State,1995,3,8,0,cfbd
San José State,1996,3,9,0,cfbd
San José State,1997,4,7,0,cfbd
San José State,1998,4,8,0,cfbd
San José State,1999,3,7,0,cfbd
San José State,2000,7,5,0,cfbd
San José State,2001,3,9,0,cfbd
San José State,2002,6,7,0,cfbd
San José State,2003,3,8,0,cfbd
San José State,2004,2,9,0,cfbd
San José State,2005,3,8,0,cfbd
San José State,2006,9,4,0,cfbd
San José State,2007,5,7,0,cfbd
San José State,2008,6,6,0,cfbd
San José State,2009,2,10,0,cfbd
San José State,2010,1,12,0,cfbd
San José State,2011,5,7,0,cfbd
San José State,2012,11,2,0,cfbd
San José State,2013,6,6,0,cfbd
San José State,2014,3,9,0,cfbd
San José State,2015,6,7,0,cfbd
San José State,2016,4,8,0,cfbd
San José State,2017,2,11,0,cfbd
San José State,2018,1,11,0,cfbd
San José State,2019,5,7,0,cfbd
San José State,2020,7,1,0,cfbd
San José State,2021,5,7,0,cfbd
San José State,2022,7,5,0,cfbd
San José State,2023,7,6,0,cfbd
San José State,2024,7,6,0,cfbd
San José State,2025,3,9,0,cfbd
San José State,2026,0,0,0,cfbd
Santa Clara,1936,8,1,0,cfbd
Santa Clara,1937,9,0,0,cfbd
Santa Clara,1938,6,2,0,cfbd
Santa Clara,1939,5,1,3,cfbd
Santa Clara,1940,6,1,1,cfbd
Santa Clara,1941,6,3,0,cfbd
Santa Clara,1942,7,2,0,cfbd
Santa Clara,1946,2,5,1,cfbd
Santa Clara,1947,4,4,0,cfbd
Santa Clara,1948,7,2,1,cfbd
Santa Clara,1949,8,2,1,cfbd
Santa Clara,1950,3,7,0,cfbd
Santa Clara,1951,3,5,1,cfbd
Santa Clara,1952,2,6,1,cfbd
Savannah State,2003,0,12,0,cfbd
Savannah State,2004,2,9,0,cfbd
Savannah State,2005,0,11,0,cfbd
Savannah State,2006,2,9,0,cfbd
Savannah State,2007,1,9,0,cfbd
Savannah State,2008,5,7,0,cfbd
Savannah State,2009,2,8,0,cfbd
Savannah State,2010,1,10,0,cfbd
Savannah State,2011,1,10,0,cfbd
Savannah State,2012,1,8,0,cfbd
Savannah State,2013,1,11,0,cfbd
Savannah State,2014,0,12,0,cfbd
Savannah State,2015,1,9,0,cfbd
Savannah State,2016,3,7,0,cfbd
Savannah State,2017,3,8,0,cfbd
Savannah State,2018,2,8,0,cfbd
Savannah State,2019,0,2,0,cfbd
Savannah State,2020,0,1,0,cfbd
Savannah State,2021,8,2,0,cfbd
Savannah State,2022,5,4,0,cfbd
Savannah State,2023,2,8,0,cfbd
Savannah State,2024,5,5,0,cfbd
Savannah State,2025,4,6,0,cfbd
Savannah State,2026,0,0,0,cfbd
Schreiner,2026,0,0,0,cfbd
SE Louisiana,1936,0,0,0,cfbd
SE Louisiana,1937,0,0,0,cfbd
SE Louisiana,1938,0,0,0,cfbd
SE Louisiana,1939,0,0,0,cfbd
SE Louisiana,1940,0,0,0,cfbd
SE Louisiana,1941,0,0,0,cfbd
SE Louisiana,1942,0,0,0,cfbd
SE Louisiana,1946,0,0,0,cfbd
SE Louisiana,1947,0,0,0,cfbd
SE Louisiana,1948,0,0,0,cfbd
SE Louisiana,1949,0,2,0,cfbd
SE Louisiana,1950,1,0,0,cfbd
SE Louisiana,1951,0,1,0,cfbd
SE Louisiana,1952,0,0,0,cfbd
SE Louisiana,1953,0,1,0,cfbd
SE Louisiana,1954,0,0,0,cfbd
SE Louisiana,1955,0,0,0,cfbd
SE Louisiana,1956,0,0,0,cfbd
SE Louisiana,1957,0,0,0,cfbd
SE Louisiana,1958,0,0,0,cfbd
SE Louisiana,1959,0,0,0,cfbd
SE Louisiana,1960,0,0,0,cfbd
SE Louisiana,1961,0,0,0,cfbd
SE Louisiana,1962,0,0,0,cfbd
SE Louisiana,1963,0,0,0,cfbd
SE Louisiana,1964,0,0,0,cfbd
SE Louisiana,1965,0,1,0,cfbd
SE Louisiana,1966,0,1,0,cfbd
SE Louisiana,1967,0,1,0,cfbd
SE Louisiana,1968,0,1,0,cfbd
SE Louisiana,1969,0,1,0,cfbd
SE Louisiana,1970,0,0,0,cfbd
SE Louisiana,1971,0,0,0,cfbd
SE Louisiana,1972,0,0,0,cfbd
SE Louisiana,1973,0,0,0,cfbd
SE Louisiana,1974,0,0,0,cfbd
SE Louisiana,1975,1,1,0,cfbd
SE Louisiana,1976,2,0,0,cfbd
SE Louisiana,1977,1,1,0,cfbd
SE Louisiana,1978,1,1,0,cfbd
SE Louisiana,1979,2,3,0,cfbd
SE Louisiana,1980,3,0,0,cfbd
SE Louisiana,1981,2,0,0,cfbd
SE Louisiana,1982,0,0,0,cfbd
SE Louisiana,1983,0,0,0,cfbd
SE Louisiana,1984,0,0,0,cfbd
SE Louisiana,1985,0,0,0,cfbd
SE Louisiana,2003,4,7,0,cfbd
SE Louisiana,2004,7,4,0,cfbd
SE Louisiana,2005,4,6,0,cfbd
SE Louisiana,2006,2,9,0,cfbd
SE Louisiana,2007,3,7,0,cfbd
SE Louisiana,2008,1,2,0,cfbd
SE Louisiana,2009,6,5,0,cfbd
SE Louisiana,2010,2,7,0,cfbd
SE Louisiana,2011,3,8,0,cfbd
SE Louisiana,2012,5,6,0,cfbd
SE Louisiana,2013,10,2,0,cfbd
SE Louisiana,2014,9,4,0,cfbd
SE Louisiana,2015,4,7,0,cfbd
SE Louisiana,2016,7,4,0,cfbd
SE Louisiana,2017,6,5,0,cfbd
SE Louisiana,2018,4,7,0,cfbd
SE Louisiana,2019,8,5,0,cfbd
SE Louisiana,2020,4,3,0,cfbd
SE Louisiana,2021,9,4,0,cfbd
SE Louisiana,2022,9,4,0,cfbd
SE Louisiana,2023,3,8,0,cfbd
SE Louisiana,2024,7,5,0,cfbd
SE Louisiana,2025,9,4,0,cfbd
SE Louisiana,2026,0,1,0,cfbd
Second Air Force,1944,6,1,1,cfbd
Seton Hill,2014,0,0,0,cfbd
Seton Hill,2015,0,0,0,cfbd
Seton Hill,2016,0,0,0,cfbd
Seton Hill,2017,0,0,0,cfbd
Seton Hill,2018,0,0,0,cfbd
Seton Hill,2019,0,0,0,cfbd
Seton Hill,2020,0,0,0,cfbd
Seton Hill,2021,5,6,0,cfbd
Seton Hill,2022,2,9,0,cfbd
Seton Hill,2023,6,5,0,cfbd
Seton Hill,2024,3,8,0,cfbd
Seton Hill,2025,4,7,0,cfbd
Seton Hill,2026,0,0,0,cfbd
Sewanee,1936,0,6,1,cfbd
Sewanee,1937,2,7,0,cfbd
Sewanee,1938,1,8,0,cfbd
Sewanee,1939,3,5,0,cfbd
Sewanee,1940,3,5,0,cfbd
Sewanee,1941,2,5,0,cfbd
Sewanee,2014,0,0,0,cfbd
Sewanee,2015,0,0,0,cfbd
Sewanee,2016,0,0,0,cfbd
Sewanee,2017,0,0,0,cfbd
Sewanee,2018,0,0,0,cfbd
Sewanee,2019,0,0,0,cfbd
Sewanee,2020,0,1,0,cfbd
Sewanee,2021,0,0,0,cfbd
Sewanee,2022,2,8,0,cfbd
Sewanee,2023,3,7,0,cfbd
Sewanee,2024,2,8,0,cfbd
Sewanee,2025,3,7,0,cfbd
Sewanee,2026,0,0,0,cfbd
Shaw,2014,0,0,0,cfbd
Shaw,2015,0,1,0,cfbd
Shaw,2016,0,0,0,cfbd
Shaw,2017,0,1,0,cfbd
Shaw,2018,0,2,0,cfbd
Shaw,2019,0,1,0,cfbd
Shaw,2020,0,0,0,cfbd
Shaw,2021,6,4,0,cfbd
Shaw,2022,3,6,0,cfbd
Shaw,2023,3,7,0,cfbd
Shaw,2024,6,4,0,cfbd
Shaw,2025,2,8,0,cfbd
Shaw,2026,0,0,0,cfbd
Shenandoah,2014,0,0,0,cfbd
Shenandoah,2015,0,0,0,cfbd
Shenandoah,2016,0,0,0,cfbd
Shenandoah,2017,0,0,0,cfbd
Shenandoah,2018,0,0,0,cfbd
Shenandoah,2019,0,0,0,cfbd
Shenandoah,2020,1,3,0,cfbd
Shenandoah,2021,0,0,0,cfbd
Shenandoah,2022,8,2,0,cfbd
Shenandoah,2023,5,5,0,cfbd
Shenandoah,2024,8,2,0,cfbd
Shenandoah,2025,8,3,0,cfbd
Shenandoah,2026,0,0,0,cfbd
Shepherd,2014,0,0,0,cfbd
Shepherd,2015,0,1,0,cfbd
Shepherd,2016,0,0,0,cfbd
Shepherd,2017,0,0,0,cfbd
Shepherd,2018,0,0,0,cfbd
Shepherd,2019,0,0,0,cfbd
Shepherd,2020,1,0,0,cfbd
Shepherd,2021,13,2,0,cfbd
Shepherd,2022,14,1,0,cfbd
Shepherd,2023,9,3,0,cfbd
Shepherd,2024,6,5,0,cfbd
Shepherd,2025,7,4,0,cfbd
Shepherd,2026,0,0,0,cfbd
Shippensburg,2014,0,0,0,cfbd
Shippensburg,2015,0,0,0,cfbd
Shippensburg,2016,0,0,0,cfbd
Shippensburg,2017,0,0,0,cfbd
Shippensburg,2018,0,0,0,cfbd
Shippensburg,2019,0,0,0,cfbd
Shippensburg,2020,0,0,0,cfbd
Shippensburg,2021,9,2,0,cfbd
Shippensburg,2022,5,6,0,cfbd
Shippensburg,2023,3,8,0,cfbd
Shippensburg,2024,2,9,0,cfbd
Shippensburg,2025,3,8,0,cfbd
Shippensburg,2026,0,0,0,cfbd
Shorter,2014,0,0,0,cfbd
Shorter,2015,1,1,0,cfbd
Shorter,2016,0,1,0,cfbd
Shorter,2017,0,1,0,cfbd
Shorter,2018,0,2,0,cfbd
Shorter,2019,0,1,0,cfbd
Shorter,2020,2,2,0,cfbd
Shorter,2021,3,7,0,cfbd
Shorter,2022,3,8,0,cfbd
Shorter,2023,3,8,0,cfbd
Shorter,2024,3,5,2,cfbd
Shorter,2025,2,9,0,cfbd
Shorter,2026,0,0,0,cfbd
Siena,2003,0,11,0,cfbd
Simon Fraser,2014,0,1,0,cfbd
Simon Fraser,2015,0,0,0,cfbd
Simon Fraser,2016,0,0,0,cfbd
Simon Fraser,2017,0,0,0,cfbd
Simon Fraser,2018,0,0,0,cfbd
Simon Fraser,2019,0,1,0,cfbd
Simon Fraser,2020,0,0,0,cfbd
Simon Fraser,2021,1,7,0,cfbd
Simon Fraser,2022,1,8,0,cfbd
Simon Fraser,2023,0,0,0,cfbd
Simon Fraser,2024,0,0,0,cfbd
Simon Fraser,2025,0,0,0,cfbd
Simon Fraser,2026,0,0,0,cfbd
Simpson (IA),2014,0,0,0,cfbd
Simpson (IA),2015,0,0,0,cfbd
Simpson (IA),2016,0,0,0,cfbd
Simpson (IA),2017,0,0,0,cfbd
Simpson (IA),2018,0,0,0,cfbd
Simpson (IA),2019,0,0,0,cfbd
Simpson (IA),2020,0,1,0,cfbd
Simpson (IA),2021,0,0,0,cfbd
Simpson (IA),2022,1,8,0,cfbd
Simpson (IA),2023,3,7,0,cfbd
Simpson (IA),2024,5,5,0,cfbd
Simpson (IA),2025,6,4,0,cfbd
Simpson (IA),2026,0,0,0,cfbd
Sioux Falls,2014,0,0,0,cfbd
Sioux Falls,2015,0,0,0,cfbd
Sioux Falls,2016,0,0,0,cfbd
Sioux Falls,2017,0,0,0,cfbd
Sioux Falls,2018,0,0,0,cfbd
Sioux Falls,2019,0,0,0,cfbd
Sioux Falls,2020,0,0,0,cfbd
Sioux Falls,2021,7,3,0,cfbd
Sioux Falls,2022,8,3,0,cfbd
Sioux Falls,2023,3,8,0,cfbd
Sioux Falls,2024,8,3,0,cfbd
Sioux Falls,2025,7,4,0,cfbd
Sioux Falls,2026,0,0,0,cfbd
Slippery Rock,2014,0,0,0,cfbd
Slippery Rock,2015,0,0,0,cfbd
Slippery Rock,2016,0,0,0,cfbd
Slippery Rock,2017,0,0,0,cfbd
Slippery Rock,2018,0,0,0,cfbd
Slippery Rock,2019,0,0,0,cfbd
Slippery Rock,2020,0,0,0,cfbd
Slippery Rock,2021,9,3,0,cfbd
Slippery Rock,2022,10,3,0,cfbd
Slippery Rock,2023,12,2,0,cfbd
Slippery Rock,2024,12,2,0,cfbd
Slippery Rock,2025,6,4,0,cfbd
Slippery Rock,2026,0,0,0,cfbd
SMU,1936,5,4,1,cfbd
SMU,1937,5,6,0,cfbd
SMU,1938,6,4,0,cfbd
SMU,1939,6,3,1,cfbd
SMU,1940,8,1,1,cfbd
SMU,1941,5,5,0,cfbd
SMU,1942,3,6,2,cfbd
SMU,1943,2,7,0,cfbd
SMU,1944,5,5,0,cfbd
SMU,1945,5,6,0,cfbd
SMU,1946,4,5,1,cfbd
SMU,1947,9,0,2,cfbd
SMU,1948,9,1,1,cfbd
SMU,1949,5,4,1,cfbd
SMU,1950,6,4,0,cfbd
SMU,1951,3,6,1,cfbd
SMU,1952,4,5,1,cfbd
SMU,1953,5,5,0,cfbd
SMU,1954,6,3,1,cfbd
SMU,1955,4,6,0,cfbd
SMU,1956,4,6,0,cfbd
SMU,1957,4,5,1,cfbd
SMU,1958,6,4,0,cfbd
SMU,1959,5,4,1,cfbd
SMU,1960,0,9,1,cfbd
SMU,1961,2,7,1,cfbd
SMU,1962,2,8,0,cfbd
SMU,1963,4,7,0,cfbd
SMU,1964,1,9,0,cfbd
SMU,1965,4,5,1,cfbd
SMU,1966,8,3,0,cfbd
SMU,1967,3,7,0,cfbd
SMU,1968,8,3,0,cfbd
SMU,1969,3,7,0,cfbd
SMU,1970,5,6,0,cfbd
SMU,1971,4,7,0,cfbd
SMU,1972,7,4,0,cfbd
SMU,1973,6,4,1,cfbd
SMU,1974,6,4,1,cfbd
SMU,1975,4,7,0,cfbd
SMU,1976,3,8,0,cfbd
SMU,1977,4,7,0,cfbd
SMU,1978,4,6,1,cfbd
SMU,1979,5,6,0,cfbd
SMU,1980,8,4,0,cfbd
SMU,1981,10,1,0,cfbd
SMU,1982,11,0,1,cfbd
SMU,1983,10,2,0,cfbd
SMU,1984,10,2,0,cfbd
SMU,1985,6,5,0,cfbd
SMU,1986,6,5,0,cfbd
SMU,1989,2,9,0,cfbd
SMU,1990,1,10,0,cfbd
SMU,1991,1,10,0,cfbd
SMU,1992,5,6,0,cfbd
SMU,1993,2,7,2,cfbd
SMU,1994,1,9,1,cfbd
SMU,1995,1,10,0,cfbd
SMU,1996,5,6,0,cfbd
SMU,1997,6,5,0,cfbd
SMU,1998,5,7,0,cfbd
SMU,1999,4,6,0,cfbd
SMU,2000,3,9,0,cfbd
SMU,2001,4,7,0,cfbd
SMU,2002,3,9,0,cfbd
SMU,2003,0,12,0,cfbd
SMU,2004,3,8,0,cfbd
SMU,2005,5,6,0,cfbd
SMU,2006,6,6,0,cfbd
SMU,2007,1,11,0,cfbd
SMU,2008,1,11,0,cfbd
SMU,2009,8,5,0,cfbd
SMU,2010,7,7,0,cfbd
SMU,2011,8,5,0,cfbd
SMU,2012,7,6,0,cfbd
SMU,2013,5,7,0,cfbd
SMU,2014,1,11,0,cfbd
SMU,2015,2,10,0,cfbd
SMU,2016,5,7,0,cfbd
SMU,2017,7,6,0,cfbd
SMU,2018,5,7,0,cfbd
SMU,2019,10,3,0,cfbd
SMU,2020,7,3,0,cfbd
SMU,2021,8,4,0,cfbd
SMU,2022,7,6,0,cfbd
SMU,2023,11,3,0,cfbd
SMU,2024,11,3,0,cfbd
SMU,2025,9,4,0,cfbd
SMU,2026,0,0,0,cfbd
South Alabama,2011,4,4,0,cfbd
South Alabama,2012,2,11,0,cfbd
South Alabama,2013,6,6,0,cfbd
South Alabama,2014,6,7,0,cfbd
South Alabama,2015,5,7,0,cfbd
South Alabama,2016,6,7,0,cfbd
South Alabama,2017,4,8,0,cfbd
South Alabama,2018,3,9,0,cfbd
South Alabama,2019,2,10,0,cfbd
South Alabama,2020,4,7,0,cfbd
South Alabama,2021,5,7,0,cfbd
South Alabama,2022,10,3,0,cfbd
South Alabama,2023,7,6,0,cfbd
South Alabama,2024,7,6,0,cfbd
South Alabama,2025,4,8,0,cfbd
South Alabama,2026,0,0,0,cfbd
South Carolina,1935,157,119,18,manual
South Carolina,1936,5,7,0,cfbd
South Carolina,1937,5,6,1,cfbd
South Carolina,1938,6,4,1,cfbd
South Carolina,1939,3,6,1,cfbd
South Carolina,1940,3,6,0,cfbd
South Carolina,1941,4,4,1,cfbd
South Carolina,1942,1,7,1,cfbd
South Carolina,1943,5,2,0,cfbd
South Carolina,1944,3,4,2,cfbd
South Carolina,1945,2,4,3,cfbd
South Carolina,1946,5,3,0,cfbd
South Carolina,1947,6,2,1,cfbd
South Carolina,1948,3,5,0,cfbd
South Carolina,1949,4,6,0,cfbd
South Carolina,1950,3,4,2,cfbd
South Carolina,1951,5,4,0,cfbd
South Carolina,1952,5,5,0,cfbd
South Carolina,1953,7,3,0,cfbd
South Carolina,1954,6,4,0,cfbd
South Carolina,1955,3,6,0,cfbd
South Carolina,1956,7,3,0,cfbd
South Carolina,1957,5,5,0,cfbd
South Carolina,1958,7,3,0,cfbd
South Carolina,1959,6,4,0,cfbd
South Carolina,1960,3,6,1,cfbd
South Carolina,1961,4,6,0,cfbd
South Carolina,1962,4,5,1,cfbd
South Carolina,1963,1,8,1,cfbd
South Carolina,1964,3,5,2,cfbd
South Carolina,1965,5,5,0,cfbd
South Carolina,1966,1,9,0,cfbd
South Carolina,1967,5,5,0,cfbd
South Carolina,1968,4,6,0,cfbd
South Carolina,1969,7,4,0,cfbd
South Carolina,1970,4,6,1,cfbd
South Carolina,1971,6,5,0,cfbd
South Carolina,1972,4,7,0,cfbd
South Carolina,1973,7,4,0,cfbd
South Carolina,1974,4,7,0,cfbd
South Carolina,1975,7,5,0,cfbd
South Carolina,1976,6,5,0,cfbd
South Carolina,1977,5,7,0,cfbd
South Carolina,1978,5,5,1,cfbd
South Carolina,1979,8,4,0,cfbd
South Carolina,1980,8,4,0,cfbd
South Carolina,1981,6,6,0,cfbd
South Carolina,1982,4,7,0,cfbd
South Carolina,1983,5,6,0,cfbd
South Carolina,1984,10,2,0,cfbd
South Carolina,1985,5,6,0,cfbd
South Carolina,1986,3,6,2,cfbd
South Carolina,1987,8,4,0,cfbd
South Carolina,1988,8,4,0,cfbd
South Carolina,1989,6,4,1,cfbd
South Carolina,1990,6,5,0,cfbd
South Carolina,1991,3,6,2,cfbd
South Carolina,1992,5,6,0,cfbd
South Carolina,1993,4,7,0,cfbd
South Carolina,1994,7,5,0,cfbd
South Carolina,1995,4,6,1,cfbd
South Carolina,1996,6,5,0,cfbd
South Carolina,1997,5,6,0,cfbd
South Carolina,1998,1,10,0,cfbd
South Carolina,1999,0,11,0,cfbd
South Carolina,2000,8,4,0,cfbd
South Carolina,2001,9,3,0,cfbd
South Carolina,2002,5,7,0,cfbd
South Carolina,2003,5,7,0,cfbd
South Carolina,2004,6,5,0,cfbd
South Carolina,2005,7,5,0,cfbd
South Carolina,2006,8,5,0,cfbd
South Carolina,2007,6,6,0,cfbd
South Carolina,2008,7,6,0,cfbd
South Carolina,2009,7,6,0,cfbd
South Carolina,2010,9,5,0,cfbd
South Carolina,2011,11,2,0,cfbd
South Carolina,2012,11,2,0,cfbd
South Carolina,2013,11,2,0,cfbd
South Carolina,2014,7,6,0,cfbd
South Carolina,2015,3,9,0,cfbd
South Carolina,2016,6,7,0,cfbd
South Carolina,2017,9,4,0,cfbd
South Carolina,2018,7,6,0,cfbd
South Carolina,2019,4,8,0,cfbd
South Carolina,2020,2,8,0,cfbd
South Carolina,2021,7,6,0,cfbd
South Carolina,2022,8,5,0,cfbd
South Carolina,2023,5,7,0,cfbd
South Carolina,2024,9,4,0,cfbd
South Carolina,2025,4,8,0,cfbd
South Carolina,2026,0,0,0,cfbd
South Carolina State,1936,0,0,0,cfbd
South Carolina State,1937,0,0,0,cfbd
South Carolina State,1938,0,0,0,cfbd
South Carolina State,1939,0,0,0,cfbd
South Carolina State,1940,0,0,0,cfbd
South Carolina State,1941,0,0,0,cfbd
South Carolina State,1942,0,0,0,cfbd
South Carolina State,1946,0,0,0,cfbd
South Carolina State,1947,0,0,0,cfbd
South Carolina State,1948,0,0,0,cfbd
South Carolina State,1949,0,0,0,cfbd
South Carolina State,1950,0,0,0,cfbd
South Carolina State,1951,0,0,0,cfbd
South Carolina State,1952,0,0,0,cfbd
South Carolina State,1953,0,0,0,cfbd
South Carolina State,1954,0,0,0,cfbd
South Carolina State,1955,0,0,0,cfbd
South Carolina State,1956,0,0,0,cfbd
South Carolina State,1957,0,0,0,cfbd
South Carolina State,1958,0,0,0,cfbd
South Carolina State,1959,0,0,0,cfbd
South Carolina State,1960,0,0,0,cfbd
South Carolina State,1961,0,0,0,cfbd
South Carolina State,1962,0,0,0,cfbd
South Carolina State,1963,0,0,0,cfbd
South Carolina State,1964,0,0,0,cfbd
South Carolina State,1965,0,0,0,cfbd
South Carolina State,1966,0,0,0,cfbd
South Carolina State,1967,0,0,0,cfbd
South Carolina State,1968,0,0,0,cfbd
South Carolina State,1969,0,0,0,cfbd
South Carolina State,1970,0,0,0,cfbd
South Carolina State,1971,0,0,0,cfbd
South Carolina State,1972,0,0,0,cfbd
South Carolina State,1973,0,0,0,cfbd
South Carolina State,1974,0,0,0,cfbd
South Carolina State,1975,0,0,0,cfbd
South Carolina State,1976,0,0,0,cfbd
South Carolina State,1977,1,0,0,cfbd
South Carolina State,1978,0,0,0,cfbd
South Carolina State,1979,0,0,0,cfbd
South Carolina State,1980,0,0,0,cfbd
South Carolina State,1981,0,0,0,cfbd
South Carolina State,1982,0,0,0,cfbd
South Carolina State,1983,0,0,0,cfbd
South Carolina State,1984,0,0,0,cfbd
South Carolina State,1985,0,0,0,cfbd
South Carolina State,1986,0,0,0,cfbd
South Carolina State,1987,0,0,0,cfbd
South Carolina State,1988,0,0,0,cfbd
South Carolina State,1989,0,0,0,cfbd
South Carolina State,1990,0,0,0,cfbd
South Carolina State,1991,0,0,0,cfbd
South Carolina State,1992,0,0,0,cfbd
South Carolina State,1993,0,0,0,cfbd
South Carolina State,1994,0,0,0,cfbd
South Carolina State,1995,0,0,0,cfbd
South Carolina State,1996,0,0,0,cfbd
South Carolina State,1997,0,0,0,cfbd
South Carolina State,1998,0,0,0,cfbd
South Carolina State,1999,0,0,0,cfbd
South Carolina State,2000,0,0,0,cfbd
South Carolina State,2001,0,0,0,cfbd
South Carolina State,2002,0,0,0,cfbd
South Carolina State,2003,8,4,0,cfbd
South Carolina State,2004,9,2,0,cfbd
South Carolina State,2005,7,2,0,cfbd
South Carolina State,2006,7,4,0,cfbd
South Carolina State,2007,7,4,0,cfbd
South Carolina State,2008,10,3,0,cfbd
South Carolina State,2009,10,2,0,cfbd
South Carolina State,2010,9,3,0,cfbd
South Carolina State,2011,7,4,0,cfbd
South Carolina State,2012,5,4,0,cfbd
South Carolina State,2013,9,4,0,cfbd
South Carolina State,2014,8,4,0,cfbd
South Carolina State,2015,7,4,0,cfbd
South Carolina State,2016,5,6,0,cfbd
South Carolina State,2017,3,7,0,cfbd
South Carolina State,2018,5,6,0,cfbd
South Carolina State,2019,8,3,0,cfbd
South Carolina State,2020,3,1,0,cfbd
South Carolina State,2021,7,5,0,cfbd
South Carolina State,2022,3,8,0,cfbd
South Carolina State,2023,5,6,0,cfbd
South Carolina State,2024,9,3,0,cfbd
South Carolina State,2025,10,3,0,cfbd
South Carolina State,2026,0,0,0,cfbd
South Dakota,1936,0,2,1,cfbd
South Dakota,1937,0,2,0,cfbd
South Dakota,1938,0,1,0,cfbd
South Dakota,1939,0,2,0,cfbd
South Dakota,1940,0,2,0,cfbd
South Dakota,1941,0,1,0,cfbd
South Dakota,1942,0,1,0,cfbd
South Dakota,1945,0,1,0,cfbd
South Dakota,1946,0,1,0,cfbd
South Dakota,1947,0,1,0,cfbd
South Dakota,1948,0,1,0,cfbd
South Dakota,1949,0,3,0,cfbd
South Dakota,1950,0,1,0,cfbd
South Dakota,1951,0,1,0,cfbd
South Dakota,1952,0,1,0,cfbd
South Dakota,1953,0,2,0,cfbd
South Dakota,1954,1,0,0,cfbd
South Dakota,1955,0,0,0,cfbd
South Dakota,1956,0,1,0,cfbd
South Dakota,1957,0,1,0,cfbd
South Dakota,1958,0,1,0,cfbd
South Dakota,1959,0,1,0,cfbd
South Dakota,1960,0,0,0,cfbd
South Dakota,1961,0,0,0,cfbd
South Dakota,1962,1,1,0,cfbd
South Dakota,1963,0,0,0,cfbd
South Dakota,1964,0,1,0,cfbd
South Dakota,1965,0,1,0,cfbd
South Dakota,1966,0,0,0,cfbd
South Dakota,1967,0,0,0,cfbd
South Dakota,1968,0,0,0,cfbd
South Dakota,1969,0,0,0,cfbd
South Dakota,1970,0,0,0,cfbd
South Dakota,1971,0,2,0,cfbd
South Dakota,1972,1,0,0,cfbd
South Dakota,1973,0,0,0,cfbd
South Dakota,1974,0,0,0,cfbd
South Dakota,1975,0,1,0,cfbd
South Dakota,1976,0,1,0,cfbd
South Dakota,1977,0,0,0,cfbd
South Dakota,1978,0,1,0,cfbd
South Dakota,1979,0,0,0,cfbd
South Dakota,1980,0,1,0,cfbd
South Dakota,1981,0,1,0,cfbd
South Dakota,1982,0,1,0,cfbd
South Dakota,1983,0,1,0,cfbd
South Dakota,1984,0,1,0,cfbd
South Dakota,1985,0,0,0,cfbd
South Dakota,1986,0,0,0,cfbd
South Dakota,1987,0,0,0,cfbd
South Dakota,1988,0,0,0,cfbd
South Dakota,1989,0,0,0,cfbd
South Dakota,1990,0,0,0,cfbd
South Dakota,1991,0,0,0,cfbd
South Dakota,1992,0,0,0,cfbd
South Dakota,1993,0,0,0,cfbd
South Dakota,1994,0,0,0,cfbd
South Dakota,1995,0,0,0,cfbd
South Dakota,1996,0,0,0,cfbd
South Dakota,1997,0,0,0,cfbd
South Dakota,1998,0,0,0,cfbd
South Dakota,1999,0,0,0,cfbd
South Dakota,2000,0,0,0,cfbd
South Dakota,2001,0,0,0,cfbd
South Dakota,2002,0,0,0,cfbd
South Dakota,2003,0,0,0,cfbd
South Dakota,2004,0,0,0,cfbd
South Dakota,2005,0,0,0,cfbd
South Dakota,2006,0,1,0,cfbd
South Dakota,2007,0,1,0,cfbd
South Dakota,2008,1,2,0,cfbd
South Dakota,2009,5,5,0,cfbd
South Dakota,2010,4,6,0,cfbd
South Dakota,2011,6,5,0,cfbd
South Dakota,2012,1,10,0,cfbd
South Dakota,2013,4,8,0,cfbd
South Dakota,2014,2,10,0,cfbd
South Dakota,2015,5,6,0,cfbd
South Dakota,2016,4,7,0,cfbd
South Dakota,2017,8,5,0,cfbd
South Dakota,2018,4,7,0,cfbd
South Dakota,2019,5,7,0,cfbd
South Dakota,2020,1,3,0,cfbd
South Dakota,2021,7,5,0,cfbd
South Dakota,2022,3,8,0,cfbd
South Dakota,2023,10,3,0,cfbd
South Dakota,2024,11,3,1,cfbd
South Dakota,2025,10,5,0,cfbd
South Dakota,2026,0,0,0,cfbd
South Dakota Mines,2014,0,0,0,cfbd
South Dakota Mines,2015,0,0,0,cfbd
South Dakota Mines,2016,0,0,0,cfbd
South Dakota Mines,2017,0,0,0,cfbd
South Dakota Mines,2018,0,0,0,cfbd
South Dakota Mines,2019,0,0,0,cfbd
South Dakota Mines,2020,0,0,0,cfbd
South Dakota Mines,2021,6,5,0,cfbd
South Dakota Mines,2022,7,4,0,cfbd
South Dakota Mines,2023,5,6,0,cfbd
South Dakota Mines,2024,6,5,0,cfbd
South Dakota Mines,2025,3,8,0,cfbd
South Dakota Mines,2026,1,0,0,cfbd
South Dakota State,1936,0,1,0,cfbd
South Dakota State,1937,0,1,0,cfbd
South Dakota State,1938,0,0,0,cfbd
South Dakota State,1939,0,0,0,cfbd
South Dakota State,1940,0,0,0,cfbd
South Dakota State,1941,0,0,0,cfbd
South Dakota State,1942,0,0,0,cfbd
South Dakota State,1944,0,0,0,cfbd
South Dakota State,1945,0,1,0,cfbd
South Dakota State,1946,0,0,0,cfbd
South Dakota State,1947,0,1,0,cfbd
South Dakota State,1948,0,1,0,cfbd
South Dakota State,1949,0,2,0,cfbd
South Dakota State,1950,0,0,0,cfbd
South Dakota State,1951,0,0,0,cfbd
South Dakota State,1952,0,1,0,cfbd
South Dakota State,1953,0,2,0,cfbd
South Dakota State,1954,0,1,0,cfbd
South Dakota State,1955,0,1,0,cfbd
South Dakota State,1956,0,1,0,cfbd
South Dakota State,1957,0,1,0,cfbd
South Dakota State,1958,1,1,0,cfbd
South Dakota State,1959,0,1,0,cfbd
South Dakota State,1960,0,1,0,cfbd
South Dakota State,1961,0,0,0,cfbd
South Dakota State,1962,0,0,0,cfbd
South Dakota State,1963,0,1,0,cfbd
South Dakota State,1964,0,0,0,cfbd
South Dakota State,1965,0,1,0,cfbd
South Dakota State,1966,0,1,0,cfbd
South Dakota State,1967,1,0,0,cfbd
South Dakota State,1968,0,0,0,cfbd
South Dakota State,1969,0,0,0,cfbd
South Dakota State,1970,0,0,0,cfbd
South Dakota State,1971,0,0,0,cfbd
South Dakota State,1972,0,0,0,cfbd
South Dakota State,1973,0,0,0,cfbd
South Dakota State,1974,0,0,0,cfbd
South Dakota State,1975,0,0,0,cfbd
South Dakota State,1976,0,0,0,cfbd
South Dakota State,1977,0,0,0,cfbd
South Dakota State,1978,0,1,0,cfbd
South Dakota State,1979,0,0,0,cfbd
South Dakota State,1980,0,0,0,cfbd
South Dakota State,1981,0,0,0,cfbd
South Dakota State,1982,0,0,0,cfbd
South Dakota State,1983,1,0,0,cfbd
South Dakota State,1984,0,1,0,cfbd
South Dakota State,1985,0,0,0,cfbd
South Dakota State,1986,0,0,0,cfbd
South Dakota State,1987,0,0,0,cfbd
South Dakota State,1988,0,0,0,cfbd
South Dakota State,1989,0,0,0,cfbd
South Dakota State,1990,0,0,0,cfbd
South Dakota State,1991,0,0,0,cfbd
South Dakota State,1992,0,0,0,cfbd
South Dakota State,1993,0,0,0,cfbd
South Dakota State,1994,0,0,0,cfbd
South Dakota State,1995,0,0,0,cfbd
South Dakota State,1996,0,0,0,cfbd
South Dakota State,1997,0,0,0,cfbd
South Dakota State,1998,0,0,0,cfbd
South Dakota State,1999,0,0,0,cfbd
South Dakota State,2000,0,0,0,cfbd
South Dakota State,2001,0,0,0,cfbd
South Dakota State,2002,0,0,0,cfbd
South Dakota State,2003,0,0,0,cfbd
South Dakota State,2004,1,4,0,cfbd
South Dakota State,2005,6,5,0,cfbd
South Dakota State,2006,3,2,0,cfbd
South Dakota State,2007,7,4,0,cfbd
South Dakota State,2008,7,5,0,cfbd
South Dakota State,2009,8,4,0,cfbd
South Dakota State,2010,5,6,0,cfbd
South Dakota State,2011,5,6,0,cfbd
South Dakota State,2012,9,4,0,cfbd
South Dakota State,2013,9,4,0,cfbd
South Dakota State,2014,9,5,0,cfbd
South Dakota State,2015,8,4,0,cfbd
South Dakota State,2016,9,4,0,cfbd
South Dakota State,2017,11,3,0,cfbd
South Dakota State,2018,10,3,0,cfbd
South Dakota State,2019,8,5,0,cfbd
South Dakota State,2020,8,2,0,cfbd
South Dakota State,2021,11,4,0,cfbd
South Dakota State,2022,14,1,0,cfbd
South Dakota State,2023,15,0,0,cfbd
South Dakota State,2024,12,3,0,cfbd
South Dakota State,2025,9,5,0,cfbd
South Dakota State,2026,0,0,0,cfbd
South Florida,1997,0,0,0,cfbd
South Florida,1998,0,0,0,cfbd
South Florida,1999,0,1,0,cfbd
South Florida,2000,7,4,0,cfbd
South Florida,2001,8,3,0,cfbd
South Florida,2002,9,2,0,cfbd
South Florida,2003,7,4,0,cfbd
South Florida,2004,4,7,0,cfbd
South Florida,2005,6,6,0,cfbd
South Florida,2006,9,4,0,cfbd
South Florida,2007,9,4,0,cfbd
South Florida,2008,8,5,0,cfbd
South Florida,2009,8,5,0,cfbd
South Florida,2010,8,5,0,cfbd
South Florida,2011,5,7,0,cfbd
South Florida,2012,3,9,0,cfbd
South Florida,2013,2,10,0,cfbd
South Florida,2014,4,8,0,cfbd
South Florida,2015,8,5,0,cfbd
South Florida,2016,11,2,0,cfbd
South Florida,2017,10,2,0,cfbd
South Florida,2018,7,6,0,cfbd
South Florida,2019,4,8,0,cfbd
South Florida,2020,1,8,0,cfbd
South Florida,2021,2,10,0,cfbd
South Florida,2022,1,11,0,cfbd
South Florida,2023,7,6,0,cfbd
South Florida,2024,7,6,0,cfbd
South Florida,2025,9,4,0,cfbd
South Florida,2026,0,0,0,cfbd
Southeast Missouri State,1936,0,1,0,cfbd
Southeast Missouri State,1937,0,0,0,cfbd
Southeast Missouri State,1938,0,0,0,cfbd
Southeast Missouri State,1939,0,0,0,cfbd
Southeast Missouri State,1940,0,0,0,cfbd
Southeast Missouri State,1941,0,0,0,cfbd
Southeast Missouri State,1942,0,1,0,cfbd
Southeast Missouri State,1943,0,0,0,cfbd
Southeast Missouri State,1944,0,0,0,cfbd
Southeast Missouri State,1946,0,0,0,cfbd
Southeast Missouri State,1947,0,0,0,cfbd
Southeast Missouri State,1948,0,0,0,cfbd
Southeast Missouri State,1949,0,0,0,cfbd
Southeast Missouri State,1950,0,0,0,cfbd
Southeast Missouri State,1951,0,0,0,cfbd
Southeast Missouri State,1958,0,0,0,cfbd
Southeast Missouri State,1959,0,0,0,cfbd
Southeast Missouri State,1960,0,0,0,cfbd
Southeast Missouri State,1961,0,0,0,cfbd
Southeast Missouri State,1962,0,0,0,cfbd
Southeast Missouri State,1963,0,0,0,cfbd
Southeast Missouri State,1964,0,0,0,cfbd
Southeast Missouri State,1965,0,0,0,cfbd
Southeast Missouri State,1966,0,0,0,cfbd
Southeast Missouri State,1967,0,0,0,cfbd
Southeast Missouri State,1968,0,0,0,cfbd
Southeast Missouri State,1969,0,0,0,cfbd
Southeast Missouri State,1970,0,0,0,cfbd
Southeast Missouri State,1971,0,0,0,cfbd
Southeast Missouri State,1972,0,0,0,cfbd
Southeast Missouri State,1973,0,0,0,cfbd
Southeast Missouri State,1974,0,0,0,cfbd
Southeast Missouri State,1975,0,0,0,cfbd
Southeast Missouri State,1976,0,0,0,cfbd
Southeast Missouri State,1977,0,0,0,cfbd
Southeast Missouri State,1978,0,0,0,cfbd
Southeast Missouri State,1979,0,0,0,cfbd
Southeast Missouri State,1980,0,0,0,cfbd
Southeast Missouri State,1981,0,0,0,cfbd
Southeast Missouri State,1982,0,0,0,cfbd
Southeast Missouri State,1983,0,1,0,cfbd
Southeast Missouri State,1984,0,1,0,cfbd
Southeast Missouri State,1985,0,1,0,cfbd
Southeast Missouri State,1986,0,0,0,cfbd
Southeast Missouri State,1987,0,0,0,cfbd
Southeast Missouri State,1988,0,0,0,cfbd
Southeast Missouri State,1989,0,0,0,cfbd
Southeast Missouri State,1990,0,0,0,cfbd
Southeast Missouri State,1991,0,0,0,cfbd
Southeast Missouri State,1992,0,0,0,cfbd
Southeast Missouri State,1993,0,0,0,cfbd
Southeast Missouri State,1994,0,1,0,cfbd
Southeast Missouri State,1995,0,0,0,cfbd
Southeast Missouri State,1996,0,1,0,cfbd
Southeast Missouri State,1997,0,0,0,cfbd
Southeast Missouri State,1998,0,0,0,cfbd
Southeast Missouri State,1999,0,0,0,cfbd
Southeast Missouri State,2000,0,1,0,cfbd
Southeast Missouri State,2001,0,1,0,cfbd
Southeast Missouri State,2002,1,1,0,cfbd
Southeast Missouri State,2003,5,7,0,cfbd
Southeast Missouri State,2004,3,8,0,cfbd
Southeast Missouri State,2005,2,9,0,cfbd
Southeast Missouri State,2006,4,7,0,cfbd
Southeast Missouri State,2007,3,7,0,cfbd
Southeast Missouri State,2008,4,8,0,cfbd
Southeast Missouri State,2009,2,6,0,cfbd
Southeast Missouri State,2010,9,3,0,cfbd
Southeast Missouri State,2011,3,8,0,cfbd
Southeast Missouri State,2012,3,8,0,cfbd
Southeast Missouri State,2013,0,3,0,cfbd
Southeast Missouri State,2014,5,7,0,cfbd
Southeast Missouri State,2015,4,7,0,cfbd
Southeast Missouri State,2016,3,8,0,cfbd
Southeast Missouri State,2017,3,8,0,cfbd
Southeast Missouri State,2018,9,4,0,cfbd
Southeast Missouri State,2019,9,4,0,cfbd
Southeast Missouri State,2020,4,4,0,cfbd
Southeast Missouri State,2021,4,7,0,cfbd
Southeast Missouri State,2022,9,3,0,cfbd
Southeast Missouri State,2023,4,7,0,cfbd
Southeast Missouri State,2024,9,4,0,cfbd
Southeast Missouri State,2025,4,8,0,cfbd
Southeast Missouri State,2026,0,0,0,cfbd
Southeastern Oklahoma State,2014,0,0,0,cfbd
Southeastern Oklahoma State,2015,0,0,0,cfbd
Southeastern Oklahoma State,2016,0,0,0,cfbd
Southeastern Oklahoma State,2017,0,0,0,cfbd
Southeastern Oklahoma State,2018,0,0,0,cfbd
Southeastern Oklahoma State,2019,0,0,0,cfbd
Southeastern Oklahoma State,2020,0,0,0,cfbd
Southeastern Oklahoma State,2021,8,3,0,cfbd
Southeastern Oklahoma State,2022,6,5,0,cfbd
Southeastern Oklahoma State,2023,5,6,0,cfbd
Southeastern Oklahoma State,2024,5,6,0,cfbd
Southeastern Oklahoma State,2025,5,6,0,cfbd
Southeastern Oklahoma State,2026,0,0,0,cfbd
Southern,1936,0,0,0,cfbd
Southern,1937,0,0,0,cfbd
Southern,1938,0,0,0,cfbd
Southern,1939,0,0,0,cfbd
Southern,1940,0,0,0,cfbd
Southern,1941,0,0,0,cfbd
Southern,1942,0,0,0,cfbd
Southern,1944,0,0,0,cfbd
Southern,1945,0,0,0,cfbd
Southern,1946,0,0,0,cfbd
Southern,1947,0,0,0,cfbd
Southern,1948,0,0,0,cfbd
Southern,1949,0,0,0,cfbd
Southern,1950,0,0,0,cfbd
Southern,1951,0,0,0,cfbd
Southern,1952,0,0,0,cfbd
Southern,1953,0,0,0,cfbd
Southern,1954,0,0,0,cfbd
Southern,1955,0,0,0,cfbd
Southern,1956,0,0,0,cfbd
Southern,1957,0,0,0,cfbd
Southern,1958,0,0,0,cfbd
Southern,1959,0,0,0,cfbd
Southern,1960,0,0,0,cfbd
Southern,1961,0,0,0,cfbd
Southern,1962,0,0,0,cfbd
Southern,1963,0,0,0,cfbd
Southern,1964,0,0,0,cfbd
Southern,1965,0,0,0,cfbd
Southern,1966,0,0,0,cfbd
Southern,1967,0,0,0,cfbd
Southern,1968,0,0,0,cfbd
Southern,1969,0,0,0,cfbd
Southern,1970,0,0,0,cfbd
Southern,1971,0,0,0,cfbd
Southern,1972,0,0,0,cfbd
Southern,1973,0,0,0,cfbd
Southern,1974,0,0,0,cfbd
Southern,1975,0,0,0,cfbd
Southern,1976,0,0,0,cfbd
Southern,1977,3,7,1,cfbd
Southern,1978,0,0,0,cfbd
Southern,1979,0,0,0,cfbd
Southern,1980,0,0,0,cfbd
Southern,1981,0,0,0,cfbd
Southern,1982,0,0,0,cfbd
Southern,1983,0,0,0,cfbd
Southern,1984,0,0,0,cfbd
Southern,1985,0,0,0,cfbd
Southern,1986,0,0,0,cfbd
Southern,1987,0,0,0,cfbd
Southern,1988,0,0,0,cfbd
Southern,1989,0,0,0,cfbd
Southern,1990,0,0,0,cfbd
Southern,1991,0,0,0,cfbd
Southern,1992,0,0,0,cfbd
Southern,1993,0,0,0,cfbd
Southern,1994,0,0,0,cfbd
Southern,1995,0,0,0,cfbd
Southern,1996,0,0,0,cfbd
Southern,1997,0,0,0,cfbd
Southern,1998,0,0,0,cfbd
Southern,1999,0,0,0,cfbd
Southern,2000,0,0,0,cfbd
Southern,2001,0,1,0,cfbd
Southern,2002,0,1,0,cfbd
Southern,2003,1,0,0,cfbd
Southern,2004,0,1,0,cfbd
Southern,2005,0,0,0,cfbd
Southern,2006,1,0,0,cfbd
Southern,2007,8,3,0,cfbd
Southern,2008,6,5,0,cfbd
Southern,2009,6,5,0,cfbd
Southern,2010,2,8,0,cfbd
Southern,2011,4,7,0,cfbd
Southern,2012,4,7,0,cfbd
Southern,2013,8,4,0,cfbd
Southern,2014,9,4,0,cfbd
Southern,2015,6,4,0,cfbd
Southern,2016,8,3,0,cfbd
Southern,2017,7,4,0,cfbd
Southern,2018,7,4,0,cfbd
Southern,2019,8,5,0,cfbd
Southern,2020,5,1,0,cfbd
Southern,2021,4,7,0,cfbd
Southern,2022,7,5,0,cfbd
Southern,2023,6,5,0,cfbd
Southern,2024,8,5,0,cfbd
Southern,2025,2,10,0,cfbd
Southern,2026,0,0,0,cfbd
Southern Arkansas,2014,0,0,0,cfbd
Southern Arkansas,2015,0,0,0,cfbd
Southern Arkansas,2016,0,0,0,cfbd
Southern Arkansas,2017,0,0,0,cfbd
Southern Arkansas,2018,0,0,0,cfbd
Southern Arkansas,2019,0,0,0,cfbd
Southern Arkansas,2020,0,0,0,cfbd
Southern Arkansas,2021,4,7,0,cfbd
Southern Arkansas,2022,5,6,0,cfbd
Southern Arkansas,2023,9,2,0,cfbd
Southern Arkansas,2024,9,2,0,cfbd
Southern Arkansas,2025,8,3,0,cfbd
Southern Arkansas,2026,0,0,0,cfbd
Southern Connecticut State,2014,0,0,0,cfbd
Southern Connecticut State,2015,0,0,0,cfbd
Southern Connecticut State,2016,0,0,0,cfbd
Southern Connecticut State,2017,0,0,0,cfbd
Southern Connecticut State,2018,0,0,0,cfbd
Southern Connecticut State,2019,0,0,0,cfbd
Southern Connecticut State,2020,0,0,0,cfbd
Southern Connecticut State,2021,4,6,0,cfbd
Southern Connecticut State,2022,3,8,0,cfbd
Southern Connecticut State,2023,4,6,0,cfbd
Southern Connecticut State,2024,4,6,0,cfbd
Southern Connecticut State,2025,4,6,0,cfbd
Southern Connecticut State,2026,0,0,0,cfbd
Southern Illinois,1936,0,0,0,cfbd
Southern Illinois,1937,0,0,0,cfbd
Southern Illinois,1938,0,0,0,cfbd
Southern Illinois,1939,0,0,0,cfbd
Southern Illinois,1940,0,0,0,cfbd
Southern Illinois,1941,0,0,0,cfbd
Southern Illinois,1942,0,0,0,cfbd
Southern Illinois,1944,0,0,0,cfbd
Southern Illinois,1945,0,0,0,cfbd
Southern Illinois,1946,0,0,0,cfbd
Southern Illinois,1947,0,0,0,cfbd
Southern Illinois,1948,0,0,0,cfbd
Southern Illinois,1949,0,0,0,cfbd
Southern Illinois,1950,0,0,0,cfbd
Southern Illinois,1951,0,0,0,cfbd
Southern Illinois,1952,0,0,0,cfbd
Southern Illinois,1953,0,0,0,cfbd
Southern Illinois,1954,0,0,0,cfbd
Southern Illinois,1955,0,0,0,cfbd
Southern Illinois,1956,0,0,0,cfbd
Southern Illinois,1957,0,0,0,cfbd
Southern Illinois,1958,0,0,0,cfbd
Southern Illinois,1959,0,0,0,cfbd
Southern Illinois,1960,0,0,0,cfbd
Southern Illinois,1961,0,0,0,cfbd
Southern Illinois,1962,0,2,0,cfbd
Southern Illinois,1963,1,3,0,cfbd
Southern Illinois,1964,1,4,0,cfbd
Southern Illinois,1965,0,3,0,cfbd
Southern Illinois,1966,2,2,0,cfbd
Southern Illinois,1967,1,4,0,cfbd
Southern Illinois,1968,2,2,0,cfbd
Southern Illinois,1969,0,2,0,cfbd
Southern Illinois,1970,2,0,0,cfbd
Southern Illinois,1971,2,2,0,cfbd
Southern Illinois,1972,1,8,1,cfbd
Southern Illinois,1973,3,7,1,cfbd
Southern Illinois,1974,2,9,0,cfbd
Southern Illinois,1975,1,9,1,cfbd
Southern Illinois,1976,7,4,0,cfbd
Southern Illinois,1977,3,8,0,cfbd
Southern Illinois,1978,7,4,0,cfbd
Southern Illinois,1979,8,3,0,cfbd
Southern Illinois,1980,3,8,0,cfbd
Southern Illinois,1981,7,4,0,cfbd
Southern Illinois,1982,6,5,0,cfbd
Southern Illinois,1983,13,1,0,cfbd
Southern Illinois,1984,3,8,0,cfbd
Southern Illinois,1985,4,7,0,cfbd
Southern Illinois,1986,0,1,0,cfbd
Southern Illinois,1987,0,2,0,cfbd
Southern Illinois,1988,0,2,0,cfbd
Southern Illinois,1989,0,1,0,cfbd
Southern Illinois,1990,0,3,0,cfbd
Southern Illinois,1991,0,1,0,cfbd
Southern Illinois,1992,0,1,0,cfbd
Southern Illinois,1993,0,3,0,cfbd
Southern Illinois,1994,0,2,0,cfbd
Southern Illinois,1995,0,1,0,cfbd
Southern Illinois,1996,0,0,0,cfbd
Southern Illinois,1997,0,0,0,cfbd
Southern Illinois,1998,0,0,0,cfbd
Southern Illinois,1999,0,0,0,cfbd
Southern Illinois,2000,0,1,0,cfbd
Southern Illinois,2001,0,1,0,cfbd
Southern Illinois,2002,0,1,0,cfbd
Southern Illinois,2003,10,1,0,cfbd
Southern Illinois,2004,10,2,0,cfbd
Southern Illinois,2005,9,4,0,cfbd
Southern Illinois,2006,9,4,0,cfbd
Southern Illinois,2007,12,1,0,cfbd
Southern Illinois,2008,9,3,0,cfbd
Southern Illinois,2009,11,2,0,cfbd
Southern Illinois,2010,5,6,0,cfbd
Southern Illinois,2011,4,7,0,cfbd
Southern Illinois,2012,6,5,0,cfbd
Southern Illinois,2013,7,5,0,cfbd
Southern Illinois,2014,6,6,0,cfbd
Southern Illinois,2015,3,8,0,cfbd
Southern Illinois,2016,4,7,0,cfbd
Southern Illinois,2017,4,7,0,cfbd
Southern Illinois,2018,2,9,0,cfbd
Southern Illinois,2019,7,5,0,cfbd
Southern Illinois,2020,6,4,0,cfbd
Southern Illinois,2021,8,5,0,cfbd
Southern Illinois,2022,5,6,0,cfbd
Southern Illinois,2023,8,5,0,cfbd
Southern Illinois,2024,4,8,0,cfbd
Southern Illinois,2025,7,5,0,cfbd
Southern Illinois,2026,0,1,0,cfbd
Southern Miss,1936,0,0,0,cfbd
Southern Miss,1937,0,0,0,cfbd
Southern Miss,1938,0,1,0,cfbd
Southern Miss,1939,0,1,0,cfbd
Southern Miss,1940,0,0,0,cfbd
Southern Miss,1941,0,0,0,cfbd
Southern Miss,1942,0,0,0,cfbd
Southern Miss,1946,0,1,0,cfbd
Southern Miss,1947,1,2,0,cfbd
Southern Miss,1948,0,2,0,cfbd
Southern Miss,1949,0,2,0,cfbd
Southern Miss,1950,0,2,0,cfbd
Southern Miss,1951,0,2,0,cfbd
Southern Miss,1952,0,2,0,cfbd
Southern Miss,1953,6,2,0,cfbd
Southern Miss,1954,2,2,0,cfbd
Southern Miss,1955,2,0,0,cfbd
Southern Miss,1956,1,2,1,cfbd
Southern Miss,1957,2,3,0,cfbd
Southern Miss,1958,3,0,0,cfbd
Southern Miss,1959,2,2,0,cfbd
Southern Miss,1960,3,2,0,cfbd
Southern Miss,1961,1,2,0,cfbd
Southern Miss,1962,2,1,0,cfbd
Southern Miss,1963,5,3,1,cfbd
Southern Miss,1964,6,3,0,cfbd
Southern Miss,1965,7,2,0,cfbd
Southern Miss,1966,6,4,0,cfbd
Southern Miss,1967,6,3,0,cfbd
Southern Miss,1968,4,6,0,cfbd
Southern Miss,1969,5,5,0,cfbd
Southern Miss,1970,5,6,0,cfbd
Southern Miss,1971,6,5,0,cfbd
Southern Miss,1972,3,7,1,cfbd
Southern Miss,1973,6,4,1,cfbd
Southern Miss,1974,6,5,0,cfbd
Southern Miss,1975,7,4,0,cfbd
Southern Miss,1976,2,9,0,cfbd
Southern Miss,1977,6,6,0,cfbd
Southern Miss,1978,7,4,0,cfbd
Southern Miss,1979,6,4,1,cfbd
Southern Miss,1980,9,3,0,cfbd
Southern Miss,1981,9,2,1,cfbd
Southern Miss,1982,7,4,0,cfbd
Southern Miss,1983,7,4,0,cfbd
Southern Miss,1984,4,7,0,cfbd
Southern Miss,1985,7,4,0,cfbd
Southern Miss,1986,6,5,0,cfbd
Southern Miss,1987,6,5,0,cfbd
Southern Miss,1988,10,2,0,cfbd
Southern Miss,1989,5,6,0,cfbd
Southern Miss,1990,8,4,0,cfbd
Southern Miss,1991,4,7,0,cfbd
Southern Miss,1992,7,4,0,cfbd
Southern Miss,1993,2,8,1,cfbd
Southern Miss,1994,6,5,0,cfbd
Southern Miss,1995,6,5,0,cfbd
Southern Miss,1996,8,3,0,cfbd
Southern Miss,1997,9,3,0,cfbd
Southern Miss,1998,7,5,0,cfbd
Southern Miss,1999,9,3,0,cfbd
Southern Miss,2000,8,4,0,cfbd
Southern Miss,2001,6,5,0,cfbd
Southern Miss,2002,7,6,0,cfbd
Southern Miss,2003,9,4,0,cfbd
Southern Miss,2004,7,5,0,cfbd
Southern Miss,2005,7,5,0,cfbd
Southern Miss,2006,9,5,0,cfbd
Southern Miss,2007,7,6,0,cfbd
Southern Miss,2008,7,6,0,cfbd
Southern Miss,2009,7,6,0,cfbd
Southern Miss,2010,8,5,0,cfbd
Southern Miss,2011,12,2,0,cfbd
Southern Miss,2012,0,12,0,cfbd
Southern Miss,2013,1,11,0,cfbd
Southern Miss,2014,3,9,0,cfbd
Southern Miss,2015,9,5,0,cfbd
Southern Miss,2016,7,6,0,cfbd
Southern Miss,2017,8,5,0,cfbd
Southern Miss,2018,6,5,0,cfbd
Southern Miss,2019,7,6,0,cfbd
Southern Miss,2020,3,7,0,cfbd
Southern Miss,2021,3,9,0,cfbd
Southern Miss,2022,7,6,0,cfbd
Southern Miss,2023,3,9,0,cfbd
Southern Miss,2024,1,11,0,cfbd
Southern Miss,2025,7,6,0,cfbd
Southern Miss,2026,0,0,0,cfbd
Southern Nazarene,2014,0,0,0,cfbd
Southern Nazarene,2015,0,0,0,cfbd
Southern Nazarene,2016,0,0,0,cfbd
Southern Nazarene,2017,0,0,0,cfbd
Southern Nazarene,2018,0,0,0,cfbd
Southern Nazarene,2019,0,0,0,cfbd
Southern Nazarene,2020,0,0,0,cfbd
Southern Nazarene,2021,1,9,0,cfbd
Southern Nazarene,2022,5,6,0,cfbd
Southern Nazarene,2023,6,5,0,cfbd
Southern Nazarene,2024,3,8,0,cfbd
Southern Nazarene,2025,2,9,0,cfbd
Southern Nazarene,2026,0,0,0,cfbd
Southern Utah,1986,0,0,0,cfbd
Southern Utah,1987,0,0,0,cfbd
Southern Utah,1988,0,0,0,cfbd
Southern Utah,1989,0,0,0,cfbd
Southern Utah,1990,0,0,0,cfbd
Southern Utah,1991,0,0,0,cfbd
Southern Utah,1992,0,0,0,cfbd
Southern Utah,1993,0,0,0,cfbd
Southern Utah,1994,0,0,0,cfbd
Southern Utah,1995,0,0,0,cfbd
Southern Utah,1996,0,1,0,cfbd
Southern Utah,1997,1,0,0,cfbd
Southern Utah,1998,0,0,0,cfbd
Southern Utah,1999,0,1,0,cfbd
Southern Utah,2000,0,2,0,cfbd
Southern Utah,2001,0,2,0,cfbd
Southern Utah,2002,0,2,0,cfbd
Southern Utah,2003,4,6,0,cfbd
Southern Utah,2004,6,5,0,cfbd
Southern Utah,2005,1,9,0,cfbd
Southern Utah,2006,1,4,0,cfbd
Southern Utah,2007,0,11,0,cfbd
Southern Utah,2008,2,4,0,cfbd
Southern Utah,2009,5,6,0,cfbd
Southern Utah,2010,5,5,0,cfbd
Southern Utah,2011,6,5,0,cfbd
Southern Utah,2012,0,2,0,cfbd
Southern Utah,2013,8,5,0,cfbd
Southern Utah,2014,3,9,0,cfbd
Southern Utah,2015,8,4,0,cfbd
Southern Utah,2016,6,5,0,cfbd
Southern Utah,2017,9,3,0,cfbd
Southern Utah,2018,1,10,0,cfbd
Southern Utah,2019,3,9,0,cfbd
Southern Utah,2020,1,5,0,cfbd
Southern Utah,2021,1,10,0,cfbd
Southern Utah,2022,5,6,0,cfbd
Southern Utah,2023,6,5,0,cfbd
Southern Utah,2024,7,5,0,cfbd
Southern Utah,2025,7,5,0,cfbd
Southern Utah,2026,0,0,0,cfbd
Southern Virginia,2014,0,0,0,cfbd
Southern Virginia,2015,0,0,0,cfbd
Southern Virginia,2016,0,0,0,cfbd
Southern Virginia,2017,0,0,0,cfbd
Southern Virginia,2018,0,0,0,cfbd
Southern Virginia,2019,0,0,0,cfbd
Southern Virginia,2020,0,3,0,cfbd
Southern Virginia,2021,0,0,0,cfbd
Southern Virginia,2022,1,9,0,cfbd
Southern Virginia,2023,1,9,0,cfbd
Southern Virginia,2024,1,9,0,cfbd
Southern Virginia,2025,6,4,0,cfbd
Southern Virginia,2026,0,0,0,cfbd
Southwest Baptist,2014,0,0,0,cfbd
Southwest Baptist,2015,0,0,0,cfbd
Southwest Baptist,2016,0,0,0,cfbd
Southwest Baptist,2017,0,0,0,cfbd
Southwest Baptist,2018,0,1,0,cfbd
Southwest Baptist,2019,0,0,0,cfbd
Southwest Baptist,2020,1,2,0,cfbd
Southwest Baptist,2021,4,7,0,cfbd
Southwest Baptist,2022,6,5,0,cfbd
Southwest Baptist,2023,4,7,0,cfbd
Southwest Baptist,2024,2,8,0,cfbd
Southwest Baptist,2025,3,7,0,cfbd
Southwest Baptist,2026,0,0,0,cfbd
Southwest Minnesota State,2014,0,0,0,cfbd
Southwest Minnesota State,2015,0,0,0,cfbd
Southwest Minnesota State,2016,0,0,0,cfbd
Southwest Minnesota State,2017,0,0,0,cfbd
Southwest Minnesota State,2018,0,0,0,cfbd
Southwest Minnesota State,2019,0,0,0,cfbd
Southwest Minnesota State,2020,0,0,0,cfbd
Southwest Minnesota State,2021,2,9,0,cfbd
Southwest Minnesota State,2022,4,7,0,cfbd
Southwest Minnesota State,2023,2,9,0,cfbd
Southwest Minnesota State,2024,0,11,0,cfbd
Southwest Minnesota State,2025,1,10,0,cfbd
Southwest Minnesota State,2026,0,0,0,cfbd
Southwestern Oklahoma State,2014,0,0,0,cfbd
Southwestern Oklahoma State,2015,0,0,0,cfbd
Southwestern Oklahoma State,2016,0,0,0,cfbd
Southwestern Oklahoma State,2017,0,0,0,cfbd
Southwestern Oklahoma State,2018,0,0,0,cfbd
Southwestern Oklahoma State,2019,0,0,0,cfbd
Southwestern Oklahoma State,2020,0,0,0,cfbd
Southwestern Oklahoma State,2021,0,11,0,cfbd
Southwestern Oklahoma State,2022,4,7,0,cfbd
Southwestern Oklahoma State,2023,0,11,0,cfbd
Southwestern Oklahoma State,2024,3,8,0,cfbd
Southwestern Oklahoma State,2025,6,5,0,cfbd
Southwestern Oklahoma State,2026,0,0,0,cfbd
Southwestern U,2014,0,0,0,cfbd
Southwestern U,2015,0,0,0,cfbd
Southwestern U,2016,0,0,0,cfbd
Southwestern U,2017,0,0,0,cfbd
Southwestern U,2018,0,0,0,cfbd
Southwestern U,2019,0,0,0,cfbd
Southwestern U,2020,0,5,0,cfbd
Southwestern U,2021,0,0,0,cfbd
Southwestern U,2022,2,8,0,cfbd
Southwestern U,2023,3,7,0,cfbd
Southwestern U,2024,4,6,0,cfbd
Southwestern U,2025,4,6,0,cfbd
Southwestern U,2026,0,0,0,cfbd
Springfield,2014,0,0,0,cfbd
Springfield,2015,0,0,0,cfbd
Springfield,2016,0,0,0,cfbd
Springfield,2017,0,0,0,cfbd
Springfield,2018,0,0,0,cfbd
Springfield,2019,0,0,0,cfbd
Springfield,2020,0,0,0,cfbd
Springfield,2021,0,0,0,cfbd
Springfield,2022,9,3,0,cfbd
Springfield,2023,9,2,0,cfbd
Springfield,2024,12,1,0,cfbd
Springfield,2025,9,3,0,cfbd
Springfield,2026,0,0,0,cfbd
St. Augustine's,2014,0,0,0,cfbd
St. Augustine's,2015,0,1,0,cfbd
St. Augustine's,2016,0,2,0,cfbd
St. Augustine's,2017,0,0,0,cfbd
St. Augustine's,2018,0,2,0,cfbd
St. Augustine's,2019,0,0,0,cfbd
St. Augustine's,2020,0,0,0,cfbd
St. Augustine's,2021,1,7,0,cfbd
St. Augustine's,2022,1,8,0,cfbd
St. Augustine's,2023,0,10,0,cfbd
St. Augustine's,2024,0,0,0,cfbd
St. Augustine's,2025,0,0,0,cfbd
St. Augustine's,2026,0,0,0,cfbd
St. Cloud State,2014,0,0,0,cfbd
St. Cloud State,2015,0,0,0,cfbd
St. Cloud State,2016,0,0,0,cfbd
St. Cloud State,2017,0,0,0,cfbd
St. Cloud State,2018,0,0,0,cfbd
St. Cloud State,2019,0,0,0,cfbd
St. John Fisher,2014,0,0,0,cfbd
St. John Fisher,2015,0,0,0,cfbd
St. John Fisher,2016,0,0,0,cfbd
St. John Fisher,2017,0,0,0,cfbd
St. John Fisher,2018,0,0,0,cfbd
St. John Fisher,2019,0,0,0,cfbd
St. John Fisher,2020,0,0,0,cfbd
St. John Fisher,2021,0,0,0,cfbd
St. John Fisher,2022,4,6,0,cfbd
St. John Fisher,2023,5,5,0,cfbd
St. John Fisher,2024,3,7,0,cfbd
St. John Fisher,2025,7,4,0,cfbd
St. John Fisher,2026,0,0,0,cfbd
St. Joseph's (IN),2014,1,0,0,cfbd
St. Joseph's (IN),2015,0,0,0,cfbd
St. Joseph's (IN),2016,0,0,0,cfbd
St. Joseph's (IN),2017,0,0,0,cfbd
St. Joseph's (IN),2018,0,0,0,cfbd
St. Joseph's (IN),2019,0,0,0,cfbd
St. Joseph's (IN),2020,0,0,0,cfbd
St. Joseph's (IN),2021,0,0,0,cfbd
St. Joseph's (IN),2022,0,0,0,cfbd
St. Joseph's (IN),2023,0,0,0,cfbd
St. Joseph's (IN),2024,0,0,0,cfbd
St. Joseph's (IN),2025,0,0,0,cfbd
St. Joseph's (IN),2026,0,0,0,cfbd
St. Lawrence,2014,0,0,0,cfbd
St. Lawrence,2015,0,0,0,cfbd
St. Lawrence,2016,0,0,0,cfbd
St. Lawrence,2017,0,0,0,cfbd
St. Lawrence,2018,0,0,0,cfbd
St. Lawrence,2019,0,0,0,cfbd
St. Lawrence,2020,0,0,0,cfbd
St. Lawrence,2021,0,0,0,cfbd
St. Lawrence,2022,4,6,0,cfbd
St. Lawrence,2023,3,7,0,cfbd
St. Lawrence,2024,3,6,0,cfbd
St. Lawrence,2025,4,6,0,cfbd
St. Lawrence,2026,0,0,0,cfbd
St. Mary's (CA),2003,1,10,0,cfbd
St. Norbert,2014,0,0,0,cfbd
St. Norbert,2015,0,0,0,cfbd
St. Norbert,2016,0,0,0,cfbd
St. Norbert,2017,0,0,0,cfbd
St. Norbert,2018,0,0,0,cfbd
St. Norbert,2019,0,0,0,cfbd
St. Norbert,2020,0,0,0,cfbd
St. Norbert,2021,0,0,0,cfbd
St. Norbert,2022,7,3,0,cfbd
St. Norbert,2023,7,3,0,cfbd
St. Norbert,2024,7,3,0,cfbd
St. Norbert,2025,5,5,0,cfbd
St. Norbert,2026,0,0,0,cfbd
St. Olaf,2014,0,0,0,cfbd
St. Olaf,2015,0,0,0,cfbd
St. Olaf,2016,0,0,0,cfbd
St. Olaf,2017,0,0,0,cfbd
St. Olaf,2018,0,0,0,cfbd
St. Olaf,2019,0,0,0,cfbd
St. Olaf,2020,0,0,0,cfbd
St. Olaf,2021,0,0,0,cfbd
St. Olaf,2022,4,5,0,cfbd
St. Olaf,2023,5,5,0,cfbd
St. Olaf,2024,7,3,0,cfbd
St. Olaf,2025,4,6,0,cfbd
St. Olaf,2026,0,0,0,cfbd
St. Peter's,2003,2,8,0,cfbd
St. Peter's,2004,3,7,0,cfbd
St. Peter's,2005,1,8,0,cfbd
St. Peter's,2006,1,7,0,cfbd
St. Scholastica,2014,0,0,0,cfbd
St. Scholastica,2015,0,0,0,cfbd
St. Scholastica,2016,0,0,0,cfbd
St. Scholastica,2017,0,0,0,cfbd
St. Scholastica,2018,0,0,0,cfbd
St. Scholastica,2019,0,0,0,cfbd
St. Scholastica,2020,0,0,0,cfbd
St. Scholastica,2021,0,0,0,cfbd
St. Scholastica,2022,2,7,0,cfbd
St. Scholastica,2023,2,8,0,cfbd
St. Scholastica,2024,4,6,0,cfbd
St. Scholastica,2025,3,7,0,cfbd
St. Scholastica,2026,0,0,0,cfbd
St. Thomas (MN),1973,0,0,0,cfbd
St. Thomas (MN),1974,0,0,0,cfbd
St. Thomas (MN),1975,0,0,0,cfbd
St. Thomas (MN),1976,0,0,0,cfbd
St. Thomas (MN),1977,0,0,0,cfbd
St. Thomas (MN),1978,0,0,0,cfbd
St. Thomas (MN),1979,0,0,0,cfbd
St. Thomas (MN),1980,0,0,0,cfbd
St. Thomas (MN),1981,0,0,0,cfbd
St. Thomas (MN),1982,0,0,0,cfbd
St. Thomas (MN),1983,0,0,0,cfbd
St. Thomas (MN),1984,0,0,0,cfbd
St. Thomas (MN),1985,0,0,0,cfbd
St. Thomas (MN),1986,0,0,0,cfbd
St. Thomas (MN),1987,0,0,0,cfbd
St. Thomas (MN),1988,0,0,0,cfbd
St. Thomas (MN),1989,0,0,0,cfbd
St. Thomas (MN),1990,0,0,0,cfbd
St. Thomas (MN),1991,0,0,0,cfbd
St. Thomas (MN),1992,0,0,0,cfbd
St. Thomas (MN),1993,0,0,0,cfbd
St. Thomas (MN),1994,0,0,0,cfbd
St. Thomas (MN),1995,0,0,0,cfbd
St. Thomas (MN),1996,0,0,0,cfbd
St. Thomas (MN),1997,0,0,0,cfbd
St. Thomas (MN),1998,0,0,0,cfbd
St. Thomas (MN),1999,0,0,0,cfbd
St. Thomas (MN),2000,0,0,0,cfbd
St. Thomas (MN),2001,0,0,0,cfbd
St. Thomas (MN),2002,0,0,0,cfbd
St. Thomas (MN),2003,0,0,0,cfbd
St. Thomas (MN),2004,0,0,0,cfbd
St. Thomas (MN),2005,0,0,0,cfbd
St. Thomas (MN),2006,0,0,0,cfbd
St. Thomas (MN),2007,0,0,0,cfbd
St. Thomas (MN),2008,0,0,0,cfbd
St. Thomas (MN),2009,0,0,0,cfbd
St. Thomas (MN),2010,0,0,0,cfbd
St. Thomas (MN),2011,0,0,0,cfbd
St. Thomas (MN),2012,0,0,0,cfbd
St. Thomas (MN),2013,0,0,0,cfbd
St. Thomas (MN),2014,0,0,0,cfbd
St. Thomas (MN),2015,0,1,0,cfbd
St. Thomas (MN),2016,0,0,0,cfbd
St. Thomas (MN),2017,0,0,0,cfbd
St. Thomas (MN),2018,0,0,0,cfbd
St. Thomas (MN),2019,0,0,0,cfbd
St. Thomas (MN),2021,7,3,0,cfbd
St. Thomas (MN),2022,10,1,0,cfbd
St. Thomas (MN),2023,8,3,0,cfbd
St. Thomas (MN),2024,6,6,0,cfbd
St. Thomas (MN),2025,7,5,0,cfbd
St. Thomas (MN),2026,1,0,0,cfbd
Stanford,1935,140,35,27,manual
Stanford,1936,2,5,2,cfbd
Stanford,1937,4,3,2,cfbd
Stanford,1938,3,6,0,cfbd
Stanford,1939,1,7,1,cfbd
Stanford,1940,10,0,0,cfbd
Stanford,1941,6,3,0,cfbd
Stanford,1942,6,4,0,cfbd
Stanford,1946,6,3,1,cfbd
Stanford,1947,0,9,0,cfbd
Stanford,1948,4,6,0,cfbd
Stanford,1949,7,3,1,cfbd
Stanford,1950,5,3,2,cfbd
Stanford,1951,9,2,0,cfbd
Stanford,1952,5,5,0,cfbd
Stanford,1953,6,3,1,cfbd
Stanford,1954,4,6,0,cfbd
Stanford,1955,6,3,1,cfbd
Stanford,1956,4,6,0,cfbd
Stanford,1957,6,4,0,cfbd
Stanford,1958,2,8,0,cfbd
Stanford,1959,3,7,0,cfbd
Stanford,1960,0,10,0,cfbd
Stanford,1961,4,6,0,cfbd
Stanford,1962,5,5,0,cfbd
Stanford,1963,3,7,0,cfbd
Stanford,1964,5,5,0,cfbd
Stanford,1965,6,3,1,cfbd
Stanford,1966,5,5,0,cfbd
Stanford,1967,5,5,0,cfbd
Stanford,1968,6,3,1,cfbd
Stanford,1969,7,2,1,cfbd
Stanford,1970,9,3,0,cfbd
Stanford,1971,9,3,0,cfbd
Stanford,1972,6,5,0,cfbd
Stanford,1973,7,4,0,cfbd
Stanford,1974,5,4,2,cfbd
Stanford,1975,6,4,1,cfbd
Stanford,1976,6,5,0,cfbd
Stanford,1977,9,3,0,cfbd
Stanford,1978,8,4,0,cfbd
Stanford,1979,5,5,1,cfbd
Stanford,1980,6,5,0,cfbd
Stanford,1981,4,7,0,cfbd
Stanford,1982,5,6,0,cfbd
Stanford,1983,1,10,0,cfbd
Stanford,1984,5,6,0,cfbd
Stanford,1985,4,7,0,cfbd
Stanford,1986,8,4,0,cfbd
Stanford,1987,5,6,0,cfbd
Stanford,1988,3,6,2,cfbd
Stanford,1989,3,8,0,cfbd
Stanford,1990,5,6,0,cfbd
Stanford,1991,8,4,0,cfbd
Stanford,1992,10,3,0,cfbd
Stanford,1993,4,7,0,cfbd
Stanford,1994,3,7,1,cfbd
Stanford,1995,7,4,1,cfbd
Stanford,1996,7,5,0,cfbd
Stanford,1997,5,6,0,cfbd
Stanford,1998,3,8,0,cfbd
Stanford,1999,8,4,0,cfbd
Stanford,2000,5,6,0,cfbd
Stanford,2001,9,3,0,cfbd
Stanford,2002,2,9,0,cfbd
Stanford,2003,4,7,0,cfbd
Stanford,2004,4,7,0,cfbd
Stanford,2005,5,6,0,cfbd
Stanford,2006,1,11,0,cfbd
Stanford,2007,4,8,0,cfbd
Stanford,2008,5,7,0,cfbd
Stanford,2009,8,5,0,cfbd
Stanford,2010,12,1,0,cfbd
Stanford,2011,11,2,0,cfbd
Stanford,2012,12,2,0,cfbd
Stanford,2013,11,3,0,cfbd
Stanford,2014,8,5,0,cfbd
Stanford,2015,12,2,0,cfbd
Stanford,2016,10,3,0,cfbd
Stanford,2017,9,5,0,cfbd
Stanford,2018,9,4,0,cfbd
Stanford,2019,4,8,0,cfbd
Stanford,2020,4,2,0,cfbd
Stanford,2021,3,9,0,cfbd
Stanford,2022,3,9,0,cfbd
Stanford,2023,3,9,0,cfbd
Stanford,2024,3,9,0,cfbd
Stanford,2025,4,8,0,cfbd
Stanford,2026,0,0,0,cfbd
Stephen F. Austin,1982,0,0,0,cfbd
Stephen F. Austin,1983,0,0,0,cfbd
Stephen F. Austin,1984,0,0,0,cfbd
Stephen F. Austin,1985,0,0,0,cfbd
Stephen F. Austin,1986,0,1,0,cfbd
Stephen F. Austin,1987,0,0,0,cfbd
Stephen F. Austin,1988,0,1,0,cfbd
Stephen F. Austin,1989,0,0,0,cfbd
Stephen F. Austin,1990,0,1,0,cfbd
Stephen F. Austin,1991,0,0,0,cfbd
Stephen F. Austin,1992,0,0,0,cfbd
Stephen F. Austin,1993,0,0,0,cfbd
Stephen F. Austin,1994,0,0,0,cfbd
Stephen F. Austin,1995,0,0,0,cfbd
Stephen F. Austin,1996,0,0,0,cfbd
Stephen F. Austin,1997,0,0,0,cfbd
Stephen F. Austin,1998,0,1,0,cfbd
Stephen F. Austin,1999,0,1,0,cfbd
Stephen F. Austin,2000,1,0,0,cfbd
Stephen F. Austin,2001,0,1,0,cfbd
Stephen F. Austin,2002,0,0,0,cfbd
Stephen F. Austin,2003,7,4,0,cfbd
Stephen F. Austin,2004,6,6,0,cfbd
Stephen F. Austin,2005,5,6,0,cfbd
Stephen F. Austin,2006,4,7,0,cfbd
Stephen F. Austin,2007,0,10,0,cfbd
Stephen F. Austin,2008,1,3,0,cfbd
Stephen F. Austin,2009,10,3,0,cfbd
Stephen F. Austin,2010,8,3,0,cfbd
Stephen F. Austin,2011,6,5,0,cfbd
Stephen F. Austin,2012,5,6,0,cfbd
Stephen F. Austin,2013,3,9,0,cfbd
Stephen F. Austin,2014,7,5,0,cfbd
Stephen F. Austin,2015,4,6,0,cfbd
Stephen F. Austin,2016,5,6,0,cfbd
Stephen F. Austin,2017,4,7,0,cfbd
Stephen F. Austin,2018,2,8,0,cfbd
Stephen F. Austin,2019,3,9,0,cfbd
Stephen F. Austin,2020,6,4,0,cfbd
Stephen F. Austin,2021,8,4,0,cfbd
Stephen F. Austin,2022,6,5,0,cfbd
Stephen F. Austin,2023,3,8,0,cfbd
Stephen F. Austin,2024,7,5,0,cfbd
Stephen F. Austin,2025,11,3,0,cfbd
Stephen F. Austin,2026,0,0,0,cfbd
Stetson,1936,0,3,0,cfbd
Stetson,1937,0,2,0,cfbd
Stetson,1938,1,0,0,cfbd
Stetson,1939,0,1,0,cfbd
Stetson,1940,0,1,0,cfbd
Stetson,1941,0,0,0,cfbd
Stetson,1942,0,0,0,cfbd
Stetson,1943,0,0,0,cfbd
Stetson,1944,0,0,0,cfbd
Stetson,1945,0,0,0,cfbd
Stetson,1946,0,0,0,cfbd
Stetson,1947,0,0,0,cfbd
Stetson,1948,0,0,0,cfbd
Stetson,1949,0,0,0,cfbd
Stetson,1950,0,0,0,cfbd
Stetson,1951,3,0,0,cfbd
Stetson,1952,1,2,0,cfbd
Stetson,1953,0,2,0,cfbd
Stetson,1954,0,2,0,cfbd
Stetson,1955,0,1,0,cfbd
Stetson,1956,0,3,0,cfbd
Stetson,2013,2,9,0,cfbd
Stetson,2014,5,6,0,cfbd
Stetson,2015,3,8,0,cfbd
Stetson,2016,4,7,0,cfbd
Stetson,2017,2,9,0,cfbd
Stetson,2018,8,2,0,cfbd
Stetson,2019,7,4,0,cfbd
Stetson,2020,0,4,0,cfbd
Stetson,2021,4,7,0,cfbd
Stetson,2022,4,6,1,cfbd
Stetson,2023,3,8,0,cfbd
Stetson,2024,2,9,1,cfbd
Stetson,2025,3,9,0,cfbd
Stetson,2026,0,0,0,cfbd
Stevenson,2014,0,0,0,cfbd
Stevenson,2015,0,0,0,cfbd
Stevenson,2016,0,0,0,cfbd
Stevenson,2017,0,0,0,cfbd
Stevenson,2018,0,0,0,cfbd
Stevenson,2019,0,0,0,cfbd
Stevenson,2020,1,0,0,cfbd
Stevenson,2021,0,0,0,cfbd
Stevenson,2022,8,2,0,cfbd
Stevenson,2023,7,3,0,cfbd
Stevenson,2024,5,5,0,cfbd
Stevenson,2025,6,4,0,cfbd
Stevenson,2026,0,0,0,cfbd
Stillman,2014,0,2,0,cfbd
Stillman,2015,0,0,0,cfbd
Stonehill,1988,0,0,0,cfbd
Stonehill,1989,0,0,0,cfbd
Stonehill,1990,0,0,0,cfbd
Stonehill,1991,0,0,0,cfbd
Stonehill,1992,0,0,0,cfbd
Stonehill,1993,0,0,0,cfbd
Stonehill,1994,0,0,0,cfbd
Stonehill,1995,0,0,0,cfbd
Stonehill,1996,0,0,0,cfbd
Stonehill,1997,0,0,0,cfbd
Stonehill,1998,0,0,0,cfbd
Stonehill,1999,0,0,0,cfbd
Stonehill,2000,0,0,0,cfbd
Stonehill,2001,0,0,0,cfbd
Stonehill,2002,0,0,0,cfbd
Stonehill,2003,0,1,0,cfbd
Stonehill,2004,0,0,0,cfbd
Stonehill,2005,0,1,0,cfbd
Stonehill,2006,0,1,0,cfbd
Stonehill,2007,0,1,0,cfbd
Stonehill,2008,1,1,0,cfbd
Stonehill,2009,1,0,0,cfbd
Stonehill,2010,0,0,0,cfbd
Stonehill,2011,0,1,0,cfbd
Stonehill,2012,0,0,0,cfbd
Stonehill,2013,0,0,0,cfbd
Stonehill,2014,0,0,0,cfbd
Stonehill,2015,0,0,0,cfbd
Stonehill,2016,0,0,0,cfbd
Stonehill,2017,0,0,0,cfbd
Stonehill,2018,0,0,0,cfbd
Stonehill,2019,0,0,0,cfbd
Stonehill,2021,8,2,0,cfbd
Stonehill,2022,4,5,0,cfbd
Stonehill,2023,5,5,0,cfbd
Stonehill,2024,1,10,0,cfbd
Stonehill,2025,4,8,0,cfbd
Stonehill,2026,0,0,0,cfbd
Stony Brook,1984,0,0,0,cfbd
Stony Brook,1985,0,0,0,cfbd
Stony Brook,1986,0,0,0,cfbd
Stony Brook,1987,0,0,0,cfbd
Stony Brook,1988,0,0,0,cfbd
Stony Brook,1989,0,0,0,cfbd
Stony Brook,1990,0,0,0,cfbd
Stony Brook,1991,0,0,0,cfbd
Stony Brook,1992,0,0,0,cfbd
Stony Brook,1993,0,0,0,cfbd
Stony Brook,1994,0,0,0,cfbd
Stony Brook,1995,0,0,0,cfbd
Stony Brook,1996,0,0,0,cfbd
Stony Brook,1997,0,0,0,cfbd
Stony Brook,1998,0,0,0,cfbd
Stony Brook,1999,0,0,0,cfbd
Stony Brook,2000,0,0,0,cfbd
Stony Brook,2001,0,0,0,cfbd
Stony Brook,2002,0,0,0,cfbd
Stony Brook,2003,6,4,0,cfbd
Stony Brook,2004,3,7,0,cfbd
Stony Brook,2005,6,5,0,cfbd
Stony Brook,2006,5,6,0,cfbd
Stony Brook,2007,6,5,0,cfbd
Stony Brook,2008,5,6,0,cfbd
Stony Brook,2009,6,4,0,cfbd
Stony Brook,2010,6,5,0,cfbd
Stony Brook,2011,8,4,0,cfbd
Stony Brook,2012,4,1,0,cfbd
Stony Brook,2013,5,6,0,cfbd
Stony Brook,2014,5,7,0,cfbd
Stony Brook,2015,5,5,0,cfbd
Stony Brook,2016,5,6,0,cfbd
Stony Brook,2017,10,3,0,cfbd
Stony Brook,2018,7,5,0,cfbd
Stony Brook,2019,5,7,0,cfbd
Stony Brook,2020,1,3,0,cfbd
Stony Brook,2021,5,6,0,cfbd
Stony Brook,2022,2,9,0,cfbd
Stony Brook,2023,0,10,1,cfbd
Stony Brook,2024,8,4,0,cfbd
Stony Brook,2025,6,6,0,cfbd
Stony Brook,2026,0,1,0,cfbd
Sul Ross State,2014,0,0,0,cfbd
Sul Ross State,2015,0,0,0,cfbd
Sul Ross State,2016,0,0,0,cfbd
Sul Ross State,2017,0,0,0,cfbd
Sul Ross State,2018,0,0,0,cfbd
Sul Ross State,2019,0,0,0,cfbd
Sul Ross State,2020,1,4,0,cfbd
Sul Ross State,2021,0,0,0,cfbd
Sul Ross State,2022,4,6,0,cfbd
Sul Ross State,2023,4,6,0,cfbd
Sul Ross State,2024,3,8,0,cfbd
Sul Ross State,2025,0,11,0,cfbd
Sul Ross State,2026,0,0,0,cfbd
SUNY Cortland,2014,0,0,0,cfbd
SUNY Cortland,2015,0,0,0,cfbd
SUNY Cortland,2016,0,0,0,cfbd
SUNY Cortland,2017,0,0,0,cfbd
SUNY Cortland,2018,0,0,0,cfbd
SUNY Cortland,2019,0,0,0,cfbd
SUNY Cortland,2020,0,0,0,cfbd
SUNY Cortland,2021,0,0,0,cfbd
SUNY Cortland,2022,9,2,0,cfbd
SUNY Cortland,2023,14,1,0,cfbd
SUNY Cortland,2024,11,1,0,cfbd
SUNY Cortland,2025,8,3,0,cfbd
SUNY Cortland,2026,0,0,0,cfbd
SUNY Maritime,2014,0,0,0,cfbd
SUNY Maritime,2015,0,0,0,cfbd
SUNY Maritime,2016,0,0,0,cfbd
SUNY Maritime,2017,0,0,0,cfbd
SUNY Maritime,2018,0,1,0,cfbd
SUNY Maritime,2019,0,0,0,cfbd
SUNY Maritime,2020,0,0,0,cfbd
SUNY Maritime,2021,0,0,0,cfbd
SUNY Maritime,2022,3,7,0,cfbd
SUNY Maritime,2023,5,5,0,cfbd
SUNY Maritime,2024,7,3,0,cfbd
SUNY Maritime,2025,5,6,0,cfbd
SUNY Maritime,2026,0,0,0,cfbd
SUNY Morrisville,2014,0,0,0,cfbd
SUNY Morrisville,2015,0,0,0,cfbd
SUNY Morrisville,2016,0,0,0,cfbd
SUNY Morrisville,2017,0,0,0,cfbd
SUNY Morrisville,2018,0,0,0,cfbd
SUNY Morrisville,2019,0,0,0,cfbd
SUNY Morrisville,2020,0,0,0,cfbd
SUNY Morrisville,2021,0,0,0,cfbd
SUNY Morrisville,2022,7,3,0,cfbd
SUNY Morrisville,2023,4,6,0,cfbd
SUNY Morrisville,2024,6,4,0,cfbd
SUNY Morrisville,2025,0,10,0,cfbd
SUNY Morrisville,2026,0,0,0,cfbd
Susquehanna,2014,0,0,0,cfbd
Susquehanna,2015,0,0,0,cfbd
Susquehanna,2016,0,0,0,cfbd
Susquehanna,2017,0,0,0,cfbd
Susquehanna,2018,0,0,0,cfbd
Susquehanna,2019,0,0,0,cfbd
Susquehanna,2020,0,0,0,cfbd
Susquehanna,2021,0,0,0,cfbd
Susquehanna,2022,10,1,0,cfbd
Susquehanna,2023,10,1,0,cfbd
Susquehanna,2024,12,2,0,cfbd
Susquehanna,2025,11,3,0,cfbd
Susquehanna,2026,0,0,0,cfbd
Syracuse,1935,235,107,35,manual
Syracuse,1936,1,7,0,cfbd
Syracuse,1937,5,2,1,cfbd
Syracuse,1938,5,3,0,cfbd
Syracuse,1939,3,3,2,cfbd
Syracuse,1940,3,4,1,cfbd
Syracuse,1941,5,2,1,cfbd
Syracuse,1942,6,3,0,cfbd
Syracuse,1944,2,4,1,cfbd
Syracuse,1945,1,6,0,cfbd
Syracuse,1946,4,5,0,cfbd
Syracuse,1947,3,6,0,cfbd
Syracuse,1948,1,8,0,cfbd
Syracuse,1949,4,5,0,cfbd
Syracuse,1950,5,5,0,cfbd
Syracuse,1951,5,4,0,cfbd
Syracuse,1952,7,3,0,cfbd
Syracuse,1953,5,3,1,cfbd
Syracuse,1954,4,4,0,cfbd
Syracuse,1955,5,3,0,cfbd
Syracuse,1956,7,2,0,cfbd
Syracuse,1957,5,3,1,cfbd
Syracuse,1958,8,2,0,cfbd
Syracuse,1959,11,0,0,cfbd
Syracuse,1960,7,2,0,cfbd
Syracuse,1961,8,3,0,cfbd
Syracuse,1962,5,5,0,cfbd
Syracuse,1963,8,2,0,cfbd
Syracuse,1964,7,4,0,cfbd
Syracuse,1965,7,3,0,cfbd
Syracuse,1966,8,3,0,cfbd
Syracuse,1967,8,2,0,cfbd
Syracuse,1968,6,4,0,cfbd
Syracuse,1969,5,5,0,cfbd
Syracuse,1970,6,4,0,cfbd
Syracuse,1971,5,5,1,cfbd
Syracuse,1972,5,6,0,cfbd
Syracuse,1973,2,9,0,cfbd
Syracuse,1974,2,9,0,cfbd
Syracuse,1975,6,5,0,cfbd
Syracuse,1976,3,8,0,cfbd
Syracuse,1977,6,5,0,cfbd
Syracuse,1978,3,8,0,cfbd
Syracuse,1979,7,5,0,cfbd
Syracuse,1980,5,6,0,cfbd
Syracuse,1981,4,6,1,cfbd
Syracuse,1982,2,9,0,cfbd
Syracuse,1983,6,5,0,cfbd
Syracuse,1984,6,5,0,cfbd
Syracuse,1985,7,5,0,cfbd
Syracuse,1986,5,6,0,cfbd
Syracuse,1987,11,0,1,cfbd
Syracuse,1988,10,2,0,cfbd
Syracuse,1989,8,4,0,cfbd
Syracuse,1990,7,4,2,cfbd
Syracuse,1991,10,2,0,cfbd
Syracuse,1992,10,2,0,cfbd
Syracuse,1993,6,4,1,cfbd
Syracuse,1994,7,4,0,cfbd
Syracuse,1995,9,3,0,cfbd
Syracuse,1996,9,3,0,cfbd
Syracuse,1997,9,4,0,cfbd
Syracuse,1998,8,4,0,cfbd
Syracuse,1999,7,5,0,cfbd
Syracuse,2000,6,5,0,cfbd
Syracuse,2001,10,3,0,cfbd
Syracuse,2002,4,8,0,cfbd
Syracuse,2003,6,6,0,cfbd
Syracuse,2004,6,6,0,cfbd
Syracuse,2005,1,10,0,cfbd
Syracuse,2006,4,8,0,cfbd
Syracuse,2007,2,10,0,cfbd
Syracuse,2008,3,9,0,cfbd
Syracuse,2009,4,8,0,cfbd
Syracuse,2010,8,5,0,cfbd
Syracuse,2011,5,7,0,cfbd
Syracuse,2012,8,5,0,cfbd
Syracuse,2013,7,6,0,cfbd
Syracuse,2014,3,9,0,cfbd
Syracuse,2015,4,8,0,cfbd
Syracuse,2016,4,8,0,cfbd
Syracuse,2017,4,8,0,cfbd
Syracuse,2018,10,3,0,cfbd
Syracuse,2019,5,7,0,cfbd
Syracuse,2020,1,10,0,cfbd
Syracuse,2021,5,7,0,cfbd
Syracuse,2022,7,6,0,cfbd
Syracuse,2023,6,7,0,cfbd
Syracuse,2024,10,3,0,cfbd
Syracuse,2025,3,9,0,cfbd
Syracuse,2026,0,0,0,cfbd
Tampa,1966,4,5,0,cfbd
Tampa,1967,2,7,0,cfbd
Tampa,1968,7,3,0,cfbd
Tampa,1971,6,5,0,cfbd
Tampa,1972,10,2,0,cfbd
Tampa,1973,8,3,0,cfbd
Tampa,1974,6,5,0,cfbd
Tarleton State,1994,0,0,0,cfbd
Tarleton State,1995,0,0,0,cfbd
Tarleton State,1996,0,0,0,cfbd
Tarleton State,1997,0,0,0,cfbd
Tarleton State,1998,0,0,0,cfbd
Tarleton State,1999,0,0,0,cfbd
Tarleton State,2000,0,0,0,cfbd
Tarleton State,2001,0,0,0,cfbd
Tarleton State,2002,0,0,0,cfbd
Tarleton State,2003,1,0,0,cfbd
Tarleton State,2004,0,1,0,cfbd
Tarleton State,2005,0,0,0,cfbd
Tarleton State,2006,0,1,0,cfbd
Tarleton State,2007,1,0,0,cfbd
Tarleton State,2008,0,0,0,cfbd
Tarleton State,2009,0,0,0,cfbd
Tarleton State,2010,0,0,0,cfbd
Tarleton State,2011,0,1,0,cfbd
Tarleton State,2012,0,0,0,cfbd
Tarleton State,2013,1,0,0,cfbd
Tarleton State,2014,0,0,0,cfbd
Tarleton State,2015,0,0,0,cfbd
Tarleton State,2016,0,1,0,cfbd
Tarleton State,2017,0,0,0,cfbd
Tarleton State,2018,0,0,0,cfbd
Tarleton State,2019,1,0,0,cfbd
Tarleton State,2020,5,3,0,cfbd
Tarleton State,2021,6,5,0,cfbd
Tarleton State,2022,6,5,0,cfbd
Tarleton State,2023,8,3,0,cfbd
Tarleton State,2024,10,4,0,cfbd
Tarleton State,2025,12,2,0,cfbd
Tarleton State,2026,0,0,0,cfbd
TCU,1935,135,93,12,manual
TCU,1936,9,2,2,cfbd
TCU,1937,4,4,2,cfbd
TCU,1938,11,0,0,cfbd
TCU,1939,3,7,0,cfbd
TCU,1940,3,7,0,cfbd
TCU,1941,7,3,1,cfbd
TCU,1942,7,3,0,cfbd
TCU,1943,2,6,0,cfbd
TCU,1944,7,3,1,cfbd
TCU,1945,5,5,0,cfbd
TCU,1946,2,7,1,cfbd
TCU,1947,4,5,2,cfbd
TCU,1948,4,5,1,cfbd
TCU,1949,6,3,1,cfbd
TCU,1950,5,5,0,cfbd
TCU,1951,6,5,0,cfbd
TCU,1952,4,4,2,cfbd
TCU,1953,3,7,0,cfbd
TCU,1954,4,6,0,cfbd
TCU,1955,9,2,0,cfbd
TCU,1956,8,3,0,cfbd
TCU,1957,5,4,1,cfbd
TCU,1958,8,2,1,cfbd
TCU,1959,8,3,0,cfbd
TCU,1960,4,4,2,cfbd
TCU,1961,3,5,2,cfbd
TCU,1962,6,4,0,cfbd
TCU,1963,4,5,1,cfbd
TCU,1964,4,6,0,cfbd
TCU,1965,6,5,0,cfbd
TCU,1966,2,8,0,cfbd
TCU,1967,4,6,0,cfbd
TCU,1968,3,7,0,cfbd
TCU,1969,4,6,0,cfbd
TCU,1970,4,6,1,cfbd
TCU,1971,6,4,1,cfbd
TCU,1972,5,6,0,cfbd
TCU,1973,3,8,0,cfbd
TCU,1974,1,10,0,cfbd
TCU,1975,1,10,0,cfbd
TCU,1976,0,11,0,cfbd
TCU,1977,2,9,0,cfbd
TCU,1978,2,9,0,cfbd
TCU,1979,2,8,1,cfbd
TCU,1980,1,10,0,cfbd
TCU,1981,2,7,2,cfbd
TCU,1982,3,8,0,cfbd
TCU,1983,1,8,2,cfbd
TCU,1984,8,4,0,cfbd
TCU,1985,3,8,0,cfbd
TCU,1986,3,8,0,cfbd
TCU,1987,5,6,0,cfbd
TCU,1988,4,7,0,cfbd
TCU,1989,4,7,0,cfbd
TCU,1990,5,6,0,cfbd
TCU,1991,7,4,0,cfbd
TCU,1992,2,8,1,cfbd
TCU,1993,4,7,0,cfbd
TCU,1994,7,5,0,cfbd
TCU,1995,6,5,0,cfbd
TCU,1996,4,7,0,cfbd
TCU,1997,1,10,0,cfbd
TCU,1998,7,5,0,cfbd
TCU,1999,8,4,0,cfbd
TCU,2000,10,2,0,cfbd
TCU,2001,6,6,0,cfbd
TCU,2002,10,2,0,cfbd
TCU,2003,11,2,0,cfbd
TCU,2004,5,6,0,cfbd
TCU,2005,11,1,0,cfbd
TCU,2006,11,2,0,cfbd
TCU,2007,8,5,0,cfbd
TCU,2008,11,2,0,cfbd
TCU,2009,12,1,0,cfbd
TCU,2010,13,0,0,cfbd
TCU,2011,11,2,0,cfbd
TCU,2012,7,6,0,cfbd
TCU,2013,4,8,0,cfbd
TCU,2014,12,1,0,cfbd
TCU,2015,11,2,0,cfbd
TCU,2016,6,7,0,cfbd
TCU,2017,11,3,0,cfbd
TCU,2018,7,6,0,cfbd
TCU,2019,5,7,0,cfbd
TCU,2020,6,4,0,cfbd
TCU,2021,5,7,0,cfbd
TCU,2022,13,2,0,cfbd
TCU,2023,5,7,0,cfbd
TCU,2024,9,4,0,cfbd
TCU,2025,9,4,0,cfbd
TCU,2026,0,0,0,cfbd
Temple,1936,6,3,2,cfbd
Temple,1937,3,2,4,cfbd
Temple,1938,3,6,1,cfbd
Temple,1939,2,7,0,cfbd
Temple,1940,4,4,1,cfbd
Temple,1941,7,2,0,cfbd
Temple,1942,2,5,3,cfbd
Temple,1943,2,6,0,cfbd
Temple,1944,2,4,2,cfbd
Temple,1945,7,1,0,cfbd
Temple,1946,2,4,2,cfbd
Temple,1947,3,6,0,cfbd
Temple,1948,2,6,1,cfbd
Temple,1949,5,4,0,cfbd
Temple,1950,4,4,1,cfbd
Temple,1951,6,4,0,cfbd
Temple,1952,2,7,1,cfbd
Temple,1953,0,4,0,cfbd
Temple,1954,1,3,0,cfbd
Temple,1955,0,2,0,cfbd
Temple,1956,0,0,0,cfbd
Temple,1957,0,0,0,cfbd
Temple,1958,0,0,0,cfbd
Temple,1959,0,0,0,cfbd
Temple,1960,0,0,0,cfbd
Temple,1961,0,0,0,cfbd
Temple,1962,0,2,0,cfbd
Temple,1963,0,0,0,cfbd
Temple,1964,1,0,0,cfbd
Temple,1965,0,1,0,cfbd
Temple,1966,0,1,0,cfbd
Temple,1967,0,2,0,cfbd
Temple,1968,0,2,0,cfbd
Temple,1969,0,2,0,cfbd
Temple,1970,3,1,0,cfbd
Temple,1971,6,2,1,cfbd
Temple,1972,5,4,0,cfbd
Temple,1973,9,1,0,cfbd
Temple,1974,8,2,0,cfbd
Temple,1975,6,5,0,cfbd
Temple,1976,4,6,0,cfbd
Temple,1977,5,5,1,cfbd
Temple,1978,7,3,1,cfbd
Temple,1979,10,2,0,cfbd
Temple,1980,4,7,0,cfbd
Temple,1981,5,5,0,cfbd
Temple,1982,4,7,0,cfbd
Temple,1983,4,7,0,cfbd
Temple,1984,6,5,0,cfbd
Temple,1985,4,7,0,cfbd
Temple,1986,6,5,0,cfbd
Temple,1987,3,8,0,cfbd
Temple,1988,4,7,0,cfbd
Temple,1989,1,10,0,cfbd
Temple,1990,7,4,0,cfbd
Temple,1991,2,9,0,cfbd
Temple,1992,1,10,0,cfbd
Temple,1993,1,10,0,cfbd
Temple,1994,2,9,0,cfbd
Temple,1995,1,10,0,cfbd
Temple,1996,1,10,0,cfbd
Temple,1997,3,8,0,cfbd
Temple,1998,2,9,0,cfbd
Temple,1999,2,9,0,cfbd
Temple,2000,4,7,0,cfbd
Temple,2001,4,7,0,cfbd
Temple,2002,4,8,0,cfbd
Temple,2003,1,11,0,cfbd
Temple,2004,2,9,0,cfbd
Temple,2005,0,11,0,cfbd
Temple,2006,1,11,0,cfbd
Temple,2007,4,8,0,cfbd
Temple,2008,5,7,0,cfbd
Temple,2009,9,4,0,cfbd
Temple,2010,8,4,0,cfbd
Temple,2011,9,4,0,cfbd
Temple,2012,4,7,0,cfbd
Temple,2013,2,10,0,cfbd
Temple,2014,6,6,0,cfbd
Temple,2015,10,4,0,cfbd
Temple,2016,10,4,0,cfbd
Temple,2017,7,6,0,cfbd
Temple,2018,8,5,0,cfbd
Temple,2019,8,5,0,cfbd
Temple,2020,1,6,0,cfbd
Temple,2021,3,9,0,cfbd
Temple,2022,3,9,0,cfbd
Temple,2023,3,9,0,cfbd
Temple,2024,3,9,0,cfbd
Temple,2025,5,7,0,cfbd
Temple,2026,0,0,0,cfbd
Tennessee,1935,180,97,24,manual
Tennessee,1936,6,2,2,cfbd
Tennessee,1937,6,3,1,cfbd
Tennessee,1938,11,0,0,cfbd
Tennessee,1939,10,1,0,cfbd
Tennessee,1940,10,1,0,cfbd
Tennessee,1941,8,2,0,cfbd
Tennessee,1942,9,1,1,cfbd
Tennessee,1944,7,1,1,cfbd
Tennessee,1945,8,1,0,cfbd
Tennessee,1946,9,2,0,cfbd
Tennessee,1947,5,5,0,cfbd
Tennessee,1948,4,4,2,cfbd
Tennessee,1949,7,2,1,cfbd
Tennessee,1950,11,1,0,cfbd
Tennessee,1951,10,1,0,cfbd
Tennessee,1952,8,2,1,cfbd
Tennessee,1953,6,4,1,cfbd
Tennessee,1954,4,6,0,cfbd
Tennessee,1955,6,3,1,cfbd
Tennessee,1956,10,1,0,cfbd
Tennessee,1957,8,3,0,cfbd
Tennessee,1958,4,6,0,cfbd
Tennessee,1959,5,4,1,cfbd
Tennessee,1960,6,2,2,cfbd
Tennessee,1961,6,4,0,cfbd
Tennessee,1962,4,6,0,cfbd
Tennessee,1963,5,5,0,cfbd
Tennessee,1964,4,5,1,cfbd
Tennessee,1965,8,1,2,cfbd
Tennessee,1966,8,3,0,cfbd
Tennessee,1967,9,2,0,cfbd
Tennessee,1968,8,2,1,cfbd
Tennessee,1969,9,2,0,cfbd
Tennessee,1970,11,1,0,cfbd
Tennessee,1971,10,2,0,cfbd
Tennessee,1972,10,2,0,cfbd
Tennessee,1973,8,4,0,cfbd
Tennessee,1974,7,3,2,cfbd
Tennessee,1975,7,5,0,cfbd
Tennessee,1976,6,5,0,cfbd
Tennessee,1977,4,7,0,cfbd
Tennessee,1978,5,5,1,cfbd
Tennessee,1979,7,5,0,cfbd
Tennessee,1980,5,6,0,cfbd
Tennessee,1981,8,4,0,cfbd
Tennessee,1982,6,5,1,cfbd
Tennessee,1983,9,3,0,cfbd
Tennessee,1984,7,4,1,cfbd
Tennessee,1985,9,1,2,cfbd
Tennessee,1986,7,5,0,cfbd
Tennessee,1987,10,2,1,cfbd
Tennessee,1988,5,6,0,cfbd
Tennessee,1989,11,1,0,cfbd
Tennessee,1990,9,2,2,cfbd
Tennessee,1991,9,3,0,cfbd
Tennessee,1992,9,3,0,cfbd
Tennessee,1993,9,2,1,cfbd
Tennessee,1994,8,4,0,cfbd
Tennessee,1995,11,1,0,cfbd
Tennessee,1996,10,2,0,cfbd
Tennessee,1997,11,2,0,cfbd
Tennessee,1998,13,0,0,cfbd
Tennessee,1999,9,3,0,cfbd
Tennessee,2000,8,4,0,cfbd
Tennessee,2001,11,2,0,cfbd
Tennessee,2002,8,5,0,cfbd
Tennessee,2003,10,3,0,cfbd
Tennessee,2004,10,3,0,cfbd
Tennessee,2005,5,6,0,cfbd
Tennessee,2006,9,4,0,cfbd
Tennessee,2007,10,4,0,cfbd
Tennessee,2008,5,7,0,cfbd
Tennessee,2009,7,6,0,cfbd
Tennessee,2010,6,7,0,cfbd
Tennessee,2011,5,7,0,cfbd
Tennessee,2012,5,7,0,cfbd
Tennessee,2013,5,7,0,cfbd
Tennessee,2014,7,6,0,cfbd
Tennessee,2015,9,4,0,cfbd
Tennessee,2016,9,4,0,cfbd
Tennessee,2017,4,8,0,cfbd
Tennessee,2018,5,7,0,cfbd
Tennessee,2019,8,5,0,cfbd
Tennessee,2020,3,7,0,cfbd
Tennessee,2021,7,6,0,cfbd
Tennessee,2022,11,2,0,cfbd
Tennessee,2023,9,4,0,cfbd
Tennessee,2024,10,3,0,cfbd
Tennessee,2025,8,5,0,cfbd
Tennessee,2026,0,0,0,cfbd
Tennessee State,1951,0,0,0,cfbd
Tennessee State,1952,0,0,0,cfbd
Tennessee State,1953,0,0,0,cfbd
Tennessee State,1954,0,0,0,cfbd
Tennessee State,1955,0,0,0,cfbd
Tennessee State,1956,0,0,0,cfbd
Tennessee State,1957,0,0,0,cfbd
Tennessee State,1958,0,0,0,cfbd
Tennessee State,1959,0,0,0,cfbd
Tennessee State,1960,0,0,0,cfbd
Tennessee State,1961,0,0,0,cfbd
Tennessee State,1962,0,0,0,cfbd
Tennessee State,1963,0,0,0,cfbd
Tennessee State,1964,0,0,0,cfbd
Tennessee State,1965,0,0,0,cfbd
Tennessee State,1966,0,0,0,cfbd
Tennessee State,1967,0,0,0,cfbd
Tennessee State,1968,0,0,0,cfbd
Tennessee State,1969,0,0,0,cfbd
Tennessee State,1970,0,0,0,cfbd
Tennessee State,1971,0,0,0,cfbd
Tennessee State,1972,1,0,0,cfbd
Tennessee State,1973,1,0,0,cfbd
Tennessee State,1974,1,0,0,cfbd
Tennessee State,1975,0,1,0,cfbd
Tennessee State,1976,0,0,1,cfbd
Tennessee State,1977,8,1,1,cfbd
Tennessee State,1978,1,0,0,cfbd
Tennessee State,1979,0,2,0,cfbd
Tennessee State,1980,1,0,0,cfbd
Tennessee State,1981,2,1,0,cfbd
Tennessee State,1982,0,0,0,cfbd
Tennessee State,1983,0,0,0,cfbd
Tennessee State,1984,1,0,0,cfbd
Tennessee State,1985,0,0,0,cfbd
Tennessee State,1986,0,0,0,cfbd
Tennessee State,1987,0,0,0,cfbd
Tennessee State,1988,0,0,0,cfbd
Tennessee State,1989,0,0,0,cfbd
Tennessee State,1990,0,0,0,cfbd
Tennessee State,1991,0,0,0,cfbd
Tennessee State,1992,0,0,0,cfbd
Tennessee State,1993,0,0,0,cfbd
Tennessee State,1994,0,0,0,cfbd
Tennessee State,1995,0,0,0,cfbd
Tennessee State,1996,0,0,0,cfbd
Tennessee State,1997,0,0,0,cfbd
Tennessee State,1998,0,0,0,cfbd
Tennessee State,1999,0,0,0,cfbd
Tennessee State,2000,0,0,0,cfbd
Tennessee State,2001,0,0,0,cfbd
Tennessee State,2002,0,0,0,cfbd
Tennessee State,2003,7,5,0,cfbd
Tennessee State,2004,4,8,0,cfbd
Tennessee State,2005,2,8,0,cfbd
Tennessee State,2006,6,5,0,cfbd
Tennessee State,2007,4,6,0,cfbd
Tennessee State,2008,8,4,0,cfbd
Tennessee State,2009,4,4,0,cfbd
Tennessee State,2010,3,8,0,cfbd
Tennessee State,2011,5,6,0,cfbd
Tennessee State,2012,8,3,0,cfbd
Tennessee State,2013,3,1,0,cfbd
Tennessee State,2014,6,6,0,cfbd
Tennessee State,2015,4,6,0,cfbd
Tennessee State,2016,7,4,0,cfbd
Tennessee State,2017,6,5,0,cfbd
Tennessee State,2018,4,5,0,cfbd
Tennessee State,2019,3,9,0,cfbd
Tennessee State,2020,2,5,0,cfbd
Tennessee State,2021,5,6,0,cfbd
Tennessee State,2022,4,7,0,cfbd
Tennessee State,2023,6,5,0,cfbd
Tennessee State,2024,9,4,0,cfbd
Tennessee State,2025,2,10,0,cfbd
Tennessee State,2026,0,0,0,cfbd
Tennessee Tech,1936,0,0,1,cfbd
Tennessee Tech,1937,1,0,0,cfbd
Tennessee Tech,1938,1,0,0,cfbd
Tennessee Tech,1939,0,1,1,cfbd
Tennessee Tech,1940,0,2,0,cfbd
Tennessee Tech,1941,1,1,0,cfbd
Tennessee Tech,1942,0,1,0,cfbd
Tennessee Tech,1943,0,1,0,cfbd
Tennessee Tech,1944,0,0,0,cfbd
Tennessee Tech,1945,0,2,0,cfbd
Tennessee Tech,1946,0,2,0,cfbd
Tennessee Tech,1947,0,3,0,cfbd
Tennessee Tech,1948,0,2,0,cfbd
Tennessee Tech,1949,0,1,0,cfbd
Tennessee Tech,1950,0,1,0,cfbd
Tennessee Tech,1951,0,2,0,cfbd
Tennessee Tech,1952,0,1,0,cfbd
Tennessee Tech,1953,0,1,0,cfbd
Tennessee Tech,1954,0,0,0,cfbd
Tennessee Tech,1955,0,0,0,cfbd
Tennessee Tech,1956,0,0,0,cfbd
Tennessee Tech,1957,0,0,0,cfbd
Tennessee Tech,1958,0,1,0,cfbd
Tennessee Tech,1959,0,0,0,cfbd
Tennessee Tech,1960,0,2,0,cfbd
Tennessee Tech,1961,0,0,0,cfbd
Tennessee Tech,1962,0,1,0,cfbd
Tennessee Tech,1963,0,0,0,cfbd
Tennessee Tech,1964,0,0,0,cfbd
Tennessee Tech,1965,0,0,0,cfbd
Tennessee Tech,1966,0,0,0,cfbd
Tennessee Tech,1967,0,0,0,cfbd
Tennessee Tech,1968,0,0,0,cfbd
Tennessee Tech,1969,0,0,0,cfbd
Tennessee Tech,1970,0,0,0,cfbd
Tennessee Tech,1971,1,0,0,cfbd
Tennessee Tech,1972,1,0,0,cfbd
Tennessee Tech,1973,0,1,0,cfbd
Tennessee Tech,1974,1,0,0,cfbd
Tennessee Tech,1975,1,1,0,cfbd
Tennessee Tech,1976,0,1,0,cfbd
Tennessee Tech,1977,1,0,0,cfbd
Tennessee Tech,1978,1,0,0,cfbd
Tennessee Tech,1979,0,1,0,cfbd
Tennessee Tech,1980,1,0,0,cfbd
Tennessee Tech,1981,0,1,0,cfbd
Tennessee Tech,1982,0,0,0,cfbd
Tennessee Tech,1983,0,0,0,cfbd
Tennessee Tech,1984,0,1,0,cfbd
Tennessee Tech,1985,0,1,0,cfbd
Tennessee Tech,1986,0,1,0,cfbd
Tennessee Tech,1987,0,1,0,cfbd
Tennessee Tech,1988,0,1,0,cfbd
Tennessee Tech,1989,0,0,0,cfbd
Tennessee Tech,1990,0,1,0,cfbd
Tennessee Tech,1991,0,1,0,cfbd
Tennessee Tech,1992,0,0,0,cfbd
Tennessee Tech,1993,0,0,0,cfbd
Tennessee Tech,1994,0,0,0,cfbd
Tennessee Tech,1995,0,0,0,cfbd
Tennessee Tech,1996,0,0,0,cfbd
Tennessee Tech,1997,0,1,0,cfbd
Tennessee Tech,1998,0,1,0,cfbd
Tennessee Tech,1999,0,1,0,cfbd
Tennessee Tech,2000,0,1,0,cfbd
Tennessee Tech,2001,0,1,0,cfbd
Tennessee Tech,2002,0,2,0,cfbd
Tennessee Tech,2003,2,9,0,cfbd
Tennessee Tech,2004,6,5,0,cfbd
Tennessee Tech,2005,4,7,0,cfbd
Tennessee Tech,2006,4,7,0,cfbd
Tennessee Tech,2007,4,6,0,cfbd
Tennessee Tech,2008,3,9,0,cfbd
Tennessee Tech,2009,4,4,0,cfbd
Tennessee Tech,2010,5,6,0,cfbd
Tennessee Tech,2011,7,4,0,cfbd
Tennessee Tech,2012,3,8,0,cfbd
Tennessee Tech,2013,2,1,0,cfbd
Tennessee Tech,2014,5,7,0,cfbd
Tennessee Tech,2015,4,7,0,cfbd
Tennessee Tech,2016,5,6,0,cfbd
Tennessee Tech,2017,1,10,0,cfbd
Tennessee Tech,2018,1,10,0,cfbd
Tennessee Tech,2019,6,6,0,cfbd
Tennessee Tech,2020,2,5,0,cfbd
Tennessee Tech,2021,3,8,0,cfbd
Tennessee Tech,2022,4,7,0,cfbd
Tennessee Tech,2023,4,7,0,cfbd
Tennessee Tech,2024,7,5,0,cfbd
Tennessee Tech,2025,11,2,0,cfbd
Tennessee Tech,2026,0,0,0,cfbd
Texas,1935,251,87,18,manual
Texas,1936,2,6,1,cfbd
Texas,1937,2,6,1,cfbd
Texas,1938,1,8,0,cfbd
Texas,1939,5,4,0,cfbd
Texas,1940,8,2,0,cfbd
Texas,1941,8,1,1,cfbd
Texas,1942,9,2,0,cfbd
Texas,1943,7,1,1,cfbd
Texas,1944,5,4,0,cfbd
Texas,1945,10,1,0,cfbd
Texas,1946,8,2,0,cfbd
Texas,1947,10,1,0,cfbd
Texas,1948,7,3,1,cfbd
Texas,1949,6,4,0,cfbd
Texas,1950,9,2,0,cfbd
Texas,1951,7,3,0,cfbd
Texas,1952,9,2,0,cfbd
Texas,1953,7,3,0,cfbd
Texas,1954,4,5,1,cfbd
Texas,1955,5,5,0,cfbd
Texas,1956,1,9,0,cfbd
Texas,1957,6,4,1,cfbd
Texas,1958,7,3,0,cfbd
Texas,1959,9,2,0,cfbd
Texas,1960,7,3,1,cfbd
Texas,1961,10,1,0,cfbd
Texas,1962,9,1,1,cfbd
Texas,1963,11,0,0,cfbd
Texas,1964,10,1,0,cfbd
Texas,1965,6,4,0,cfbd
Texas,1966,7,4,0,cfbd
Texas,1967,6,4,0,cfbd
Texas,1968,9,1,1,cfbd
Texas,1969,11,0,0,cfbd
Texas,1970,10,1,0,cfbd
Texas,1971,8,3,0,cfbd
Texas,1972,10,1,0,cfbd
Texas,1973,8,3,0,cfbd
Texas,1974,8,4,0,cfbd
Texas,1975,10,2,0,cfbd
Texas,1976,5,5,1,cfbd
Texas,1977,11,1,0,cfbd
Texas,1978,9,3,0,cfbd
Texas,1979,9,3,0,cfbd
Texas,1980,7,5,0,cfbd
Texas,1981,10,1,1,cfbd
Texas,1982,9,3,0,cfbd
Texas,1983,11,1,0,cfbd
Texas,1984,7,4,1,cfbd
Texas,1985,8,4,0,cfbd
Texas,1986,5,6,0,cfbd
Texas,1987,7,5,0,cfbd
Texas,1988,4,7,0,cfbd
Texas,1989,5,6,0,cfbd
Texas,1990,10,2,0,cfbd
Texas,1991,5,6,0,cfbd
Texas,1992,6,5,0,cfbd
Texas,1993,5,5,1,cfbd
Texas,1994,8,4,0,cfbd
Texas,1995,10,2,1,cfbd
Texas,1996,8,5,0,cfbd
Texas,1997,4,7,0,cfbd
Texas,1998,9,3,0,cfbd
Texas,1999,9,5,0,cfbd
Texas,2000,9,3,0,cfbd
Texas,2001,11,2,0,cfbd
Texas,2002,11,2,0,cfbd
Texas,2003,10,3,0,cfbd
Texas,2004,11,1,0,cfbd
Texas,2005,13,0,0,cfbd
Texas,2006,10,3,0,cfbd
Texas,2007,10,3,0,cfbd
Texas,2008,12,1,0,cfbd
Texas,2009,13,1,0,cfbd
Texas,2010,5,7,0,cfbd
Texas,2011,8,5,0,cfbd
Texas,2012,9,4,0,cfbd
Texas,2013,8,5,0,cfbd
Texas,2014,6,7,0,cfbd
Texas,2015,5,7,0,cfbd
Texas,2016,5,7,0,cfbd
Texas,2017,7,6,0,cfbd
Texas,2018,10,4,0,cfbd
Texas,2019,8,5,0,cfbd
Texas,2020,7,3,0,cfbd
Texas,2021,5,7,0,cfbd
Texas,2022,8,5,0,cfbd
Texas,2023,12,2,0,cfbd
Texas,2024,13,3,0,cfbd
Texas,2025,10,3,0,cfbd
Texas,2026,0,0,0,cfbd
Texas A&M,1935,212,0,24,manual
Texas A&M,1936,8,3,1,cfbd
Texas A&M,1937,5,2,2,cfbd
Texas A&M,1938,4,4,1,cfbd
Texas A&M,1939,11,0,0,cfbd
Texas A&M,1940,9,1,0,cfbd
Texas A&M,1941,9,2,0,cfbd
Texas A&M,1942,4,5,1,cfbd
Texas A&M,1943,7,2,1,cfbd
Texas A&M,1944,7,4,0,cfbd
Texas A&M,1945,6,4,0,cfbd
Texas A&M,1946,4,6,0,cfbd
Texas A&M,1947,3,6,1,cfbd
Texas A&M,1948,0,9,1,cfbd
Texas A&M,1949,1,8,1,cfbd
Texas A&M,1950,7,4,0,cfbd
Texas A&M,1951,5,3,2,cfbd
Texas A&M,1952,3,6,1,cfbd
Texas A&M,1953,4,5,1,cfbd
Texas A&M,1954,1,9,0,cfbd
Texas A&M,1955,7,2,1,cfbd
Texas A&M,1956,9,0,1,cfbd
Texas A&M,1957,8,3,0,cfbd
Texas A&M,1958,4,6,0,cfbd
Texas A&M,1959,3,7,0,cfbd
Texas A&M,1960,1,6,3,cfbd
Texas A&M,1961,4,5,1,cfbd
Texas A&M,1962,3,7,0,cfbd
Texas A&M,1963,2,7,1,cfbd
Texas A&M,1964,1,9,0,cfbd
Texas A&M,1965,3,7,0,cfbd
Texas A&M,1966,4,5,1,cfbd
Texas A&M,1967,7,4,0,cfbd
Texas A&M,1968,3,7,0,cfbd
Texas A&M,1969,3,7,0,cfbd
Texas A&M,1970,2,9,0,cfbd
Texas A&M,1971,5,6,0,cfbd
Texas A&M,1972,3,8,0,cfbd
Texas A&M,1973,5,6,0,cfbd
Texas A&M,1974,8,3,0,cfbd
Texas A&M,1975,10,2,0,cfbd
Texas A&M,1976,10,2,0,cfbd
Texas A&M,1977,8,4,0,cfbd
Texas A&M,1978,8,4,0,cfbd
Texas A&M,1979,6,5,0,cfbd
Texas A&M,1980,4,7,0,cfbd
Texas A&M,1981,7,5,0,cfbd
Texas A&M,1982,5,6,0,cfbd
Texas A&M,1983,5,5,1,cfbd
Texas A&M,1984,6,5,0,cfbd
Texas A&M,1985,10,2,0,cfbd
Texas A&M,1986,9,3,0,cfbd
Texas A&M,1987,10,2,0,cfbd
Texas A&M,1988,7,5,0,cfbd
Texas A&M,1989,8,4,0,cfbd
Texas A&M,1990,9,3,1,cfbd
Texas A&M,1991,10,2,0,cfbd
Texas A&M,1992,12,1,0,cfbd
Texas A&M,1993,10,2,0,cfbd
Texas A&M,1994,10,0,1,cfbd
Texas A&M,1995,9,3,0,cfbd
Texas A&M,1996,6,6,0,cfbd
Texas A&M,1997,9,4,0,cfbd
Texas A&M,1998,11,3,0,cfbd
Texas A&M,1999,8,4,0,cfbd
Texas A&M,2000,7,5,0,cfbd
Texas A&M,2001,8,4,0,cfbd
Texas A&M,2002,6,6,0,cfbd
Texas A&M,2003,4,8,0,cfbd
Texas A&M,2004,7,5,0,cfbd
Texas A&M,2005,5,6,0,cfbd
Texas A&M,2006,9,4,0,cfbd
Texas A&M,2007,7,6,0,cfbd
Texas A&M,2008,4,8,0,cfbd
Texas A&M,2009,6,7,0,cfbd
Texas A&M,2010,9,4,0,cfbd
Texas A&M,2011,7,6,0,cfbd
Texas A&M,2012,11,2,0,cfbd
Texas A&M,2013,9,4,0,cfbd
Texas A&M,2014,8,5,0,cfbd
Texas A&M,2015,8,5,0,cfbd
Texas A&M,2016,8,5,0,cfbd
Texas A&M,2017,7,6,0,cfbd
Texas A&M,2018,9,4,0,cfbd
Texas A&M,2019,8,5,0,cfbd
Texas A&M,2020,9,1,0,cfbd
Texas A&M,2021,8,4,0,cfbd
Texas A&M,2022,5,7,0,cfbd
Texas A&M,2023,7,6,0,cfbd
Texas A&M,2024,8,5,0,cfbd
Texas A&M,2025,11,2,0,cfbd
Texas A&M,2026,0,0,0,cfbd
Texas A&M-Kingsville,2014,0,0,0,cfbd
Texas A&M-Kingsville,2015,0,1,0,cfbd
Texas A&M-Kingsville,2016,1,0,0,cfbd
Texas A&M-Kingsville,2017,0,0,0,cfbd
Texas A&M-Kingsville,2018,0,0,0,cfbd
Texas A&M-Kingsville,2019,0,0,0,cfbd
Texas A&M-Kingsville,2020,0,0,0,cfbd
Texas A&M-Kingsville,2021,5,5,0,cfbd
Texas A&M-Kingsville,2022,7,4,0,cfbd
Texas A&M-Kingsville,2023,7,3,0,cfbd
Texas A&M-Kingsville,2024,7,4,0,cfbd
Texas A&M-Kingsville,2025,5,6,0,cfbd
Texas A&M-Kingsville,2026,0,0,0,cfbd
Texas Lutheran,2014,0,0,0,cfbd
Texas Lutheran,2015,0,0,0,cfbd
Texas Lutheran,2016,0,0,0,cfbd
Texas Lutheran,2017,0,0,0,cfbd
Texas Lutheran,2018,0,0,0,cfbd
Texas Lutheran,2019,0,0,0,cfbd
Texas Lutheran,2020,3,2,0,cfbd
Texas Lutheran,2021,0,0,0,cfbd
Texas Lutheran,2022,4,6,0,cfbd
Texas Lutheran,2023,2,8,0,cfbd
Texas Lutheran,2024,9,2,0,cfbd
Texas Lutheran,2025,6,4,0,cfbd
Texas Lutheran,2026,0,0,0,cfbd
Texas Southern,1947,0,0,0,cfbd
Texas Southern,1948,0,0,0,cfbd
Texas Southern,1949,0,0,0,cfbd
Texas Southern,1950,0,0,0,cfbd
Texas Southern,1951,0,0,0,cfbd
Texas Southern,1952,0,0,0,cfbd
Texas Southern,1953,0,0,0,cfbd
Texas Southern,1954,0,0,0,cfbd
Texas Southern,1955,0,0,0,cfbd
Texas Southern,1956,0,0,0,cfbd
Texas Southern,1957,0,0,0,cfbd
Texas Southern,1958,0,0,0,cfbd
Texas Southern,1959,0,0,0,cfbd
Texas Southern,1960,0,0,0,cfbd
Texas Southern,1961,0,0,0,cfbd
Texas Southern,1962,0,0,0,cfbd
Texas Southern,1963,0,0,0,cfbd
Texas Southern,1964,0,0,0,cfbd
Texas Southern,1965,0,0,0,cfbd
Texas Southern,1966,0,0,0,cfbd
Texas Southern,1967,0,0,0,cfbd
Texas Southern,1968,0,0,0,cfbd
Texas Southern,1969,0,0,0,cfbd
Texas Southern,1970,0,0,0,cfbd
Texas Southern,1971,0,0,0,cfbd
Texas Southern,1972,0,0,0,cfbd
Texas Southern,1973,0,0,0,cfbd
Texas Southern,1974,0,0,0,cfbd
Texas Southern,1975,0,0,0,cfbd
Texas Southern,1976,0,0,0,cfbd
Texas Southern,1977,6,4,1,cfbd
Texas Southern,1978,0,0,0,cfbd
Texas Southern,1979,0,0,0,cfbd
Texas Southern,1980,0,1,0,cfbd
Texas Southern,1981,0,0,0,cfbd
Texas Southern,1982,0,0,0,cfbd
Texas Southern,1983,0,0,0,cfbd
Texas Southern,1984,0,0,0,cfbd
Texas Southern,1985,0,0,0,cfbd
Texas Southern,1986,0,0,0,cfbd
Texas Southern,1987,0,0,0,cfbd
Texas Southern,1988,0,0,0,cfbd
Texas Southern,1989,0,0,0,cfbd
Texas Southern,1990,0,0,0,cfbd
Texas Southern,1991,0,0,0,cfbd
Texas Southern,1992,0,1,0,cfbd
Texas Southern,1993,0,1,0,cfbd
Texas Southern,1994,0,0,0,cfbd
Texas Southern,1995,0,0,0,cfbd
Texas Southern,1996,0,0,0,cfbd
Texas Southern,1997,0,0,0,cfbd
Texas Southern,1998,0,0,0,cfbd
Texas Southern,1999,0,0,0,cfbd
Texas Southern,2000,0,0,0,cfbd
Texas Southern,2001,0,1,0,cfbd
Texas Southern,2002,0,0,0,cfbd
Texas Southern,2003,1,1,0,cfbd
Texas Southern,2004,0,3,0,cfbd
Texas Southern,2005,0,2,0,cfbd
Texas Southern,2006,0,2,0,cfbd
Texas Southern,2007,0,11,0,cfbd
Texas Southern,2008,4,8,0,cfbd
Texas Southern,2009,6,5,0,cfbd
Texas Southern,2010,7,3,0,cfbd
Texas Southern,2011,4,7,0,cfbd
Texas Southern,2012,2,9,0,cfbd
Texas Southern,2013,2,8,0,cfbd
Texas Southern,2014,5,6,0,cfbd
Texas Southern,2015,2,6,0,cfbd
Texas Southern,2016,4,7,0,cfbd
Texas Southern,2017,2,9,0,cfbd
Texas Southern,2018,1,9,0,cfbd
Texas Southern,2019,0,11,0,cfbd
Texas Southern,2020,1,2,0,cfbd
Texas Southern,2021,2,8,0,cfbd
Texas Southern,2022,5,6,0,cfbd
Texas Southern,2023,3,8,0,cfbd
Texas Southern,2024,5,6,0,cfbd
Texas Southern,2025,6,5,0,cfbd
Texas Southern,2026,0,0,0,cfbd
Texas State,1936,0,0,0,cfbd
Texas State,1937,0,0,0,cfbd
Texas State,1938,0,0,0,cfbd
Texas State,1939,0,0,0,cfbd
Texas State,1940,0,0,0,cfbd
Texas State,1941,0,0,0,cfbd
Texas State,1942,0,0,0,cfbd
Texas State,1946,0,0,0,cfbd
Texas State,1947,0,0,0,cfbd
Texas State,1948,0,0,0,cfbd
Texas State,1949,0,0,0,cfbd
Texas State,1950,0,0,0,cfbd
Texas State,1951,0,0,0,cfbd
Texas State,1952,0,0,0,cfbd
Texas State,1953,0,0,0,cfbd
Texas State,1954,0,0,0,cfbd
Texas State,1955,0,0,0,cfbd
Texas State,1956,0,0,0,cfbd
Texas State,1957,0,0,0,cfbd
Texas State,1958,0,0,0,cfbd
Texas State,1959,0,0,0,cfbd
Texas State,1960,0,0,0,cfbd
Texas State,1961,0,0,0,cfbd
Texas State,1962,0,0,0,cfbd
Texas State,1963,0,0,0,cfbd
Texas State,1964,0,0,0,cfbd
Texas State,1965,0,0,0,cfbd
Texas State,1966,0,0,0,cfbd
Texas State,1967,0,0,0,cfbd
Texas State,1968,0,0,0,cfbd
Texas State,1969,0,0,0,cfbd
Texas State,1970,0,0,0,cfbd
Texas State,1971,0,0,0,cfbd
Texas State,1972,0,0,0,cfbd
Texas State,1973,0,0,0,cfbd
Texas State,1974,0,0,0,cfbd
Texas State,1975,0,0,0,cfbd
Texas State,1976,0,0,0,cfbd
Texas State,1977,0,1,0,cfbd
Texas State,1978,0,0,0,cfbd
Texas State,1979,0,0,0,cfbd
Texas State,1980,0,1,0,cfbd
Texas State,1981,1,0,0,cfbd
Texas State,1982,0,0,0,cfbd
Texas State,1983,0,0,0,cfbd
Texas State,1984,1,0,0,cfbd
Texas State,1985,0,1,0,cfbd
Texas State,1986,1,0,0,cfbd
Texas State,1987,0,2,0,cfbd
Texas State,1988,0,1,0,cfbd
Texas State,1989,0,0,0,cfbd
Texas State,1990,0,0,0,cfbd
Texas State,1991,0,0,0,cfbd
Texas State,1992,0,0,0,cfbd
Texas State,1993,0,0,0,cfbd
Texas State,1994,0,1,0,cfbd
Texas State,1995,0,0,0,cfbd
Texas State,1996,1,0,0,cfbd
Texas State,1997,0,0,0,cfbd
Texas State,1998,0,0,0,cfbd
Texas State,1999,0,0,0,cfbd
Texas State,2000,1,1,0,cfbd
Texas State,2001,0,1,0,cfbd
Texas State,2002,0,1,0,cfbd
Texas State,2003,4,8,0,cfbd
Texas State,2004,5,7,0,cfbd
Texas State,2005,11,2,0,cfbd
Texas State,2006,5,6,0,cfbd
Texas State,2007,3,7,0,cfbd
Texas State,2008,3,2,0,cfbd
Texas State,2009,7,4,0,cfbd
Texas State,2010,4,6,0,cfbd
Texas State,2011,6,6,0,cfbd
Texas State,2012,4,8,0,cfbd
Texas State,2013,6,6,0,cfbd
Texas State,2014,7,5,0,cfbd
Texas State,2015,3,9,0,cfbd
Texas State,2016,2,10,0,cfbd
Texas State,2017,2,10,0,cfbd
Texas State,2018,3,9,0,cfbd
Texas State,2019,3,9,0,cfbd
Texas State,2020,2,10,0,cfbd
Texas State,2021,4,8,0,cfbd
Texas State,2022,4,8,0,cfbd
Texas State,2023,8,5,0,cfbd
Texas State,2024,8,5,0,cfbd
Texas State,2025,7,6,0,cfbd
Texas State,2026,0,0,0,cfbd
Texas Tech,1936,5,4,1,cfbd
Texas Tech,1937,8,4,0,cfbd
Texas Tech,1938,10,1,0,cfbd
Texas Tech,1939,5,5,1,cfbd
Texas Tech,1940,9,1,1,cfbd
Texas Tech,1941,9,2,0,cfbd
Texas Tech,1942,4,5,1,cfbd
Texas Tech,1943,4,6,0,cfbd
Texas Tech,1944,4,7,0,cfbd
Texas Tech,1945,3,5,2,cfbd
Texas Tech,1946,8,3,0,cfbd
Texas Tech,1947,6,5,0,cfbd
Texas Tech,1948,7,3,0,cfbd
Texas Tech,1949,7,5,0,cfbd
Texas Tech,1950,3,8,0,cfbd
Texas Tech,1951,7,4,0,cfbd
Texas Tech,1952,3,7,1,cfbd
Texas Tech,1953,11,1,0,cfbd
Texas Tech,1954,7,2,1,cfbd
Texas Tech,1955,7,3,1,cfbd
Texas Tech,1956,2,7,1,cfbd
Texas Tech,1957,2,8,0,cfbd
Texas Tech,1958,3,7,0,cfbd
Texas Tech,1959,4,6,0,cfbd
Texas Tech,1960,3,6,1,cfbd
Texas Tech,1961,4,6,0,cfbd
Texas Tech,1962,1,9,0,cfbd
Texas Tech,1963,5,5,0,cfbd
Texas Tech,1964,6,4,1,cfbd
Texas Tech,1965,8,3,0,cfbd
Texas Tech,1966,4,6,0,cfbd
Texas Tech,1967,6,4,0,cfbd
Texas Tech,1968,5,3,2,cfbd
Texas Tech,1969,5,5,0,cfbd
Texas Tech,1970,8,4,0,cfbd
Texas Tech,1971,4,7,0,cfbd
Texas Tech,1972,8,4,0,cfbd
Texas Tech,1973,11,1,0,cfbd
Texas Tech,1974,6,4,2,cfbd
Texas Tech,1975,6,5,0,cfbd
Texas Tech,1976,10,2,0,cfbd
Texas Tech,1977,7,5,0,cfbd
Texas Tech,1978,7,4,0,cfbd
Texas Tech,1979,3,6,2,cfbd
Texas Tech,1980,5,6,0,cfbd
Texas Tech,1981,1,9,1,cfbd
Texas Tech,1982,4,7,0,cfbd
Texas Tech,1983,3,7,1,cfbd
Texas Tech,1984,4,7,0,cfbd
Texas Tech,1985,4,7,0,cfbd
Texas Tech,1986,7,5,0,cfbd
Texas Tech,1987,6,4,1,cfbd
Texas Tech,1988,5,6,0,cfbd
Texas Tech,1989,9,3,0,cfbd
Texas Tech,1990,4,7,0,cfbd
Texas Tech,1991,6,5,0,cfbd
Texas Tech,1992,5,6,0,cfbd
Texas Tech,1993,6,6,0,cfbd
Texas Tech,1994,6,6,0,cfbd
Texas Tech,1995,9,3,0,cfbd
Texas Tech,1996,7,5,0,cfbd
Texas Tech,1997,6,5,0,cfbd
Texas Tech,1998,7,5,0,cfbd
Texas Tech,1999,6,5,0,cfbd
Texas Tech,2000,7,6,0,cfbd
Texas Tech,2001,7,5,0,cfbd
Texas Tech,2002,9,5,0,cfbd
Texas Tech,2003,8,5,0,cfbd
Texas Tech,2004,8,4,0,cfbd
Texas Tech,2005,9,3,0,cfbd
Texas Tech,2006,8,5,0,cfbd
Texas Tech,2007,9,4,0,cfbd
Texas Tech,2008,11,2,0,cfbd
Texas Tech,2009,9,4,0,cfbd
Texas Tech,2010,8,5,0,cfbd
Texas Tech,2011,5,7,0,cfbd
Texas Tech,2012,8,5,0,cfbd
Texas Tech,2013,8,5,0,cfbd
Texas Tech,2014,4,8,0,cfbd
Texas Tech,2015,7,6,0,cfbd
Texas Tech,2016,5,7,0,cfbd
Texas Tech,2017,6,7,0,cfbd
Texas Tech,2018,5,7,0,cfbd
Texas Tech,2019,4,8,0,cfbd
Texas Tech,2020,4,6,0,cfbd
Texas Tech,2021,7,6,0,cfbd
Texas Tech,2022,8,5,0,cfbd
Texas Tech,2023,7,6,0,cfbd
Texas Tech,2024,8,5,0,cfbd
Texas Tech,2025,12,2,0,cfbd
Texas Tech,2026,0,0,0,cfbd
Texas-Arlington,1971,2,9,0,cfbd
Texas-Arlington,1972,5,6,0,cfbd
Texas-Arlington,1973,4,6,0,cfbd
Texas-Arlington,1974,1,10,0,cfbd
Texas-Arlington,1975,4,7,0,cfbd
Texas-Arlington,1976,5,6,0,cfbd
Texas-Arlington,1977,5,6,0,cfbd
Texas-Arlington,1978,5,6,0,cfbd
Texas-Arlington,1979,9,2,0,cfbd
Texas-Arlington,1980,3,8,0,cfbd
Texas-Arlington,1981,6,5,0,cfbd
The Citadel,1936,4,6,0,cfbd
The Citadel,1937,7,4,0,cfbd
The Citadel,1938,6,5,0,cfbd
The Citadel,1939,3,8,0,cfbd
The Citadel,1940,4,5,0,cfbd
The Citadel,1941,4,3,1,cfbd
The Citadel,1942,5,2,0,cfbd
The Citadel,1946,3,5,0,cfbd
The Citadel,1947,3,5,0,cfbd
The Citadel,1948,2,7,0,cfbd
The Citadel,1949,4,5,0,cfbd
The Citadel,1950,4,6,0,cfbd
The Citadel,1951,4,6,0,cfbd
The Citadel,1952,3,5,1,cfbd
The Citadel,1953,2,7,0,cfbd
The Citadel,1954,2,8,0,cfbd
The Citadel,1955,5,4,0,cfbd
The Citadel,1956,3,5,1,cfbd
The Citadel,1957,5,4,1,cfbd
The Citadel,1958,4,6,0,cfbd
The Citadel,1959,8,2,0,cfbd
The Citadel,1960,8,2,1,cfbd
The Citadel,1961,7,3,0,cfbd
The Citadel,1962,3,7,0,cfbd
The Citadel,1963,4,6,0,cfbd
The Citadel,1964,4,6,0,cfbd
The Citadel,1965,2,8,0,cfbd
The Citadel,1966,4,6,0,cfbd
The Citadel,1967,5,5,0,cfbd
The Citadel,1968,5,5,0,cfbd
The Citadel,1969,7,3,0,cfbd
The Citadel,1970,5,6,0,cfbd
The Citadel,1971,8,3,0,cfbd
The Citadel,1972,5,6,0,cfbd
The Citadel,1973,3,8,0,cfbd
The Citadel,1974,4,7,0,cfbd
The Citadel,1975,6,5,0,cfbd
The Citadel,1976,6,5,0,cfbd
The Citadel,1977,5,6,0,cfbd
The Citadel,1978,5,6,0,cfbd
The Citadel,1979,6,5,0,cfbd
The Citadel,1980,7,4,0,cfbd
The Citadel,1981,7,3,1,cfbd
The Citadel,1982,0,2,0,cfbd
The Citadel,1983,0,2,0,cfbd
The Citadel,1984,0,2,0,cfbd
The Citadel,1985,0,1,0,cfbd
The Citadel,1986,0,2,0,cfbd
The Citadel,1987,0,2,0,cfbd
The Citadel,1988,1,1,0,cfbd
The Citadel,1989,1,0,0,cfbd
The Citadel,1990,1,1,0,cfbd
The Citadel,1991,1,0,0,cfbd
The Citadel,1992,2,0,0,cfbd
The Citadel,1993,0,1,0,cfbd
The Citadel,1994,0,1,0,cfbd
The Citadel,1995,0,0,0,cfbd
The Citadel,1996,0,1,0,cfbd
The Citadel,1997,0,1,0,cfbd
The Citadel,1998,0,1,0,cfbd
The Citadel,1999,0,1,0,cfbd
The Citadel,2000,0,1,0,cfbd
The Citadel,2001,0,1,0,cfbd
The Citadel,2002,0,2,0,cfbd
The Citadel,2003,6,6,0,cfbd
The Citadel,2004,3,7,0,cfbd
The Citadel,2005,4,7,0,cfbd
The Citadel,2006,5,6,0,cfbd
The Citadel,2007,7,4,0,cfbd
The Citadel,2008,4,8,0,cfbd
The Citadel,2009,4,7,0,cfbd
The Citadel,2010,3,8,0,cfbd
The Citadel,2011,4,7,0,cfbd
The Citadel,2012,7,4,0,cfbd
The Citadel,2013,5,7,0,cfbd
The Citadel,2014,4,7,0,cfbd
The Citadel,2015,9,4,0,cfbd
The Citadel,2016,10,2,0,cfbd
The Citadel,2017,5,6,0,cfbd
The Citadel,2018,5,6,0,cfbd
The Citadel,2019,6,6,0,cfbd
The Citadel,2020,2,10,0,cfbd
The Citadel,2021,4,7,0,cfbd
The Citadel,2022,4,7,0,cfbd
The Citadel,2023,0,11,0,cfbd
The Citadel,2024,5,7,0,cfbd
The Citadel,2025,4,8,0,cfbd
The Citadel,2026,0,0,0,cfbd
The College of New Jersey,2014,0,0,0,cfbd
The College of New Jersey,2015,0,0,0,cfbd
The College of New Jersey,2016,0,0,0,cfbd
The College of New Jersey,2017,0,0,0,cfbd
The College of New Jersey,2018,0,0,0,cfbd
The College of New Jersey,2019,0,0,0,cfbd
The College of New Jersey,2020,0,0,0,cfbd
The College of New Jersey,2021,0,0,0,cfbd
The College of New Jersey,2022,3,6,0,cfbd
The College of New Jersey,2023,5,5,1,cfbd
The College of New Jersey,2024,6,4,0,cfbd
The College of New Jersey,2025,6,4,0,cfbd
The College of New Jersey,2026,0,0,0,cfbd
Thiel,2014,0,0,0,cfbd
Thiel,2015,0,0,0,cfbd
Thiel,2016,0,0,0,cfbd
Thiel,2017,0,0,0,cfbd
Thiel,2018,0,0,0,cfbd
Thiel,2019,0,0,0,cfbd
Thiel,2020,0,0,0,cfbd
Thiel,2021,0,0,0,cfbd
Thiel,2022,1,9,0,cfbd
Thiel,2023,3,7,0,cfbd
Thiel,2024,3,7,0,cfbd
Thiel,2025,1,9,0,cfbd
Thiel,2026,0,0,0,cfbd
Thomas More,2014,0,0,0,cfbd
Thomas More,2015,0,0,0,cfbd
Thomas More,2016,0,0,0,cfbd
Thomas More,2017,0,0,0,cfbd
Thomas More,2018,0,0,0,cfbd
Thomas More,2024,5,6,0,cfbd
Thomas More,2025,1,10,0,cfbd
Thomas More,2026,0,0,0,cfbd
Tiffin,2014,0,0,0,cfbd
Tiffin,2015,0,0,0,cfbd
Tiffin,2016,0,0,0,cfbd
Tiffin,2017,0,0,0,cfbd
Tiffin,2018,0,0,0,cfbd
Tiffin,2019,0,0,0,cfbd
Tiffin,2020,5,0,0,cfbd
Tiffin,2021,8,3,0,cfbd
Tiffin,2022,6,4,0,cfbd
Tiffin,2023,11,1,0,cfbd
Tiffin,2024,8,3,0,cfbd
Tiffin,2025,7,4,0,cfbd
Tiffin,2026,0,0,0,cfbd
Tiffin University,2014,0,0,0,cfbd
Tiffin University,2015,0,0,0,cfbd
Tiffin University,2016,0,0,0,cfbd
Tiffin University,2017,0,0,0,cfbd
Tiffin University,2018,0,0,0,cfbd
Tiffin University,2019,0,0,0,cfbd
Tiffin University,2020,0,0,0,cfbd
Tiffin University,2021,0,0,0,cfbd
Tiffin University,2022,0,0,0,cfbd
Tiffin University,2023,0,0,0,cfbd
Tiffin University,2024,0,0,0,cfbd
Tiffin University,2025,0,0,0,cfbd
Tiffin University,2026,0,0,0,cfbd
Toledo,1936,0,0,0,cfbd
Toledo,1937,0,1,0,cfbd
Toledo,1938,0,0,0,cfbd
Toledo,1939,0,0,0,cfbd
Toledo,1940,0,0,0,cfbd
Toledo,1941,0,0,0,cfbd
Toledo,1942,0,0,0,cfbd
Toledo,1946,0,1,0,cfbd
Toledo,1947,0,0,0,cfbd
Toledo,1948,0,1,0,cfbd
Toledo,1949,0,0,0,cfbd
Toledo,1950,1,0,0,cfbd
Toledo,1951,1,1,0,cfbd
Toledo,1952,0,0,0,cfbd
Toledo,1953,0,0,0,cfbd
Toledo,1954,0,0,0,cfbd
Toledo,1955,1,0,0,cfbd
Toledo,1956,0,0,0,cfbd
Toledo,1957,0,0,0,cfbd
Toledo,1958,0,0,0,cfbd
Toledo,1959,0,0,0,cfbd
Toledo,1960,0,0,0,cfbd
Toledo,1961,0,1,0,cfbd
Toledo,1962,3,6,0,cfbd
Toledo,1963,2,7,0,cfbd
Toledo,1964,2,8,0,cfbd
Toledo,1965,5,5,0,cfbd
Toledo,1966,2,7,1,cfbd
Toledo,1967,9,1,0,cfbd
Toledo,1968,5,4,1,cfbd
Toledo,1969,11,0,0,cfbd
Toledo,1970,12,0,0,cfbd
Toledo,1971,12,0,0,cfbd
Toledo,1972,6,5,0,cfbd
Toledo,1973,3,8,0,cfbd
Toledo,1974,6,5,0,cfbd
Toledo,1975,5,6,0,cfbd
Toledo,1976,3,8,0,cfbd
Toledo,1977,2,9,0,cfbd
Toledo,1978,2,9,0,cfbd
Toledo,1979,7,3,1,cfbd
Toledo,1980,4,7,0,cfbd
Toledo,1981,9,3,0,cfbd
Toledo,1982,6,5,0,cfbd
Toledo,1983,9,2,0,cfbd
Toledo,1984,8,3,1,cfbd
Toledo,1985,4,7,0,cfbd
Toledo,1986,7,4,0,cfbd
Toledo,1987,3,7,1,cfbd
Toledo,1988,6,5,0,cfbd
Toledo,1989,6,5,0,cfbd
Toledo,1990,9,2,0,cfbd
Toledo,1991,5,5,1,cfbd
Toledo,1992,8,3,0,cfbd
Toledo,1993,4,7,0,cfbd
Toledo,1994,6,4,1,cfbd
Toledo,1995,11,0,1,cfbd
Toledo,1996,7,4,0,cfbd
Toledo,1997,9,3,0,cfbd
Toledo,1998,7,5,0,cfbd
Toledo,1999,6,5,0,cfbd
Toledo,2000,10,1,0,cfbd
Toledo,2001,10,2,0,cfbd
Toledo,2002,9,5,0,cfbd
Toledo,2003,8,4,0,cfbd
Toledo,2004,9,4,0,cfbd
Toledo,2005,9,3,0,cfbd
Toledo,2006,5,7,0,cfbd
Toledo,2007,5,7,0,cfbd
Toledo,2008,3,9,0,cfbd
Toledo,2009,5,7,0,cfbd
Toledo,2010,8,5,0,cfbd
Toledo,2011,9,4,0,cfbd
Toledo,2012,9,4,0,cfbd
Toledo,2013,7,5,0,cfbd
Toledo,2014,9,4,0,cfbd
Toledo,2015,10,2,0,cfbd
Toledo,2016,9,4,0,cfbd
Toledo,2017,11,3,0,cfbd
Toledo,2018,7,6,0,cfbd
Toledo,2019,6,6,0,cfbd
Toledo,2020,4,2,0,cfbd
Toledo,2021,7,6,0,cfbd
Toledo,2022,9,5,0,cfbd
Toledo,2023,11,3,0,cfbd
Toledo,2024,8,5,0,cfbd
Toledo,2025,8,5,0,cfbd
Toledo,2026,0,0,0,cfbd
Towson,1969,0,0,0,cfbd
Towson,1970,0,0,0,cfbd
Towson,1971,0,0,0,cfbd
Towson,1972,0,0,0,cfbd
Towson,1973,0,0,0,cfbd
Towson,1974,0,0,0,cfbd
Towson,1975,0,0,0,cfbd
Towson,1976,0,0,0,cfbd
Towson,1977,0,0,0,cfbd
Towson,1978,0,0,0,cfbd
Towson,1979,0,0,0,cfbd
Towson,1980,0,0,0,cfbd
Towson,1981,0,0,0,cfbd
Towson,1982,0,0,0,cfbd
Towson,1983,0,0,0,cfbd
Towson,1984,0,0,0,cfbd
Towson,1985,0,0,0,cfbd
Towson,1986,0,0,0,cfbd
Towson,1987,0,0,0,cfbd
Towson,1988,0,0,0,cfbd
Towson,1989,0,0,0,cfbd
Towson,1990,0,0,0,cfbd
Towson,1991,0,0,0,cfbd
Towson,1992,0,0,0,cfbd
Towson,1993,0,0,0,cfbd
Towson,1994,0,0,0,cfbd
Towson,1995,0,0,0,cfbd
Towson,1996,0,0,0,cfbd
Towson,1997,0,0,0,cfbd
Towson,1998,0,0,0,cfbd
Towson,1999,0,0,0,cfbd
Towson,2000,0,0,0,cfbd
Towson,2001,0,0,0,cfbd
Towson,2002,0,0,0,cfbd
Towson,2003,6,6,0,cfbd
Towson,2004,3,8,0,cfbd
Towson,2005,7,4,0,cfbd
Towson,2006,7,4,0,cfbd
Towson,2007,3,8,0,cfbd
Towson,2008,3,9,0,cfbd
Towson,2009,2,9,0,cfbd
Towson,2010,1,8,0,cfbd
Towson,2011,9,3,0,cfbd
Towson,2012,6,4,0,cfbd
Towson,2013,11,3,0,cfbd
Towson,2014,4,8,0,cfbd
Towson,2015,7,4,0,cfbd
Towson,2016,4,7,0,cfbd
Towson,2017,5,6,0,cfbd
Towson,2018,7,5,0,cfbd
Towson,2019,7,5,0,cfbd
Towson,2021,4,7,0,cfbd
Towson,2022,6,5,0,cfbd
Towson,2023,5,6,0,cfbd
Towson,2024,7,5,0,cfbd
Towson,2025,6,6,0,cfbd
Towson,2026,0,1,0,cfbd
Trine,2014,0,0,0,cfbd
Trine,2015,0,0,0,cfbd
Trine,2016,0,0,0,cfbd
Trine,2017,0,0,0,cfbd
Trine,2018,0,0,0,cfbd
Trine,2019,0,0,0,cfbd
Trine,2020,2,1,0,cfbd
Trine,2021,0,0,0,cfbd
Trine,2022,7,3,0,cfbd
Trine,2023,6,4,0,cfbd
Trine,2024,6,4,0,cfbd
Trine,2025,5,5,0,cfbd
Trine,2026,0,0,0,cfbd
Trinity (CT),2014,0,0,0,cfbd
Trinity (CT),2015,0,0,0,cfbd
Trinity (CT),2016,0,0,0,cfbd
Trinity (CT),2017,0,0,0,cfbd
Trinity (CT),2018,0,0,0,cfbd
Trinity (CT),2019,0,0,0,cfbd
Trinity (CT),2020,0,0,0,cfbd
Trinity (CT),2021,0,0,0,cfbd
Trinity (CT),2022,9,0,0,cfbd
Trinity (CT),2023,8,1,0,cfbd
Trinity (CT),2024,7,2,0,cfbd
Trinity (CT),2025,7,2,0,cfbd
Trinity (CT),2026,0,0,0,cfbd
Trinity (TX),2014,0,0,0,cfbd
Trinity (TX),2015,0,0,0,cfbd
Trinity (TX),2016,0,0,0,cfbd
Trinity (TX),2017,0,0,0,cfbd
Trinity (TX),2018,0,0,0,cfbd
Trinity (TX),2019,0,0,0,cfbd
Trinity (TX),2020,3,1,0,cfbd
Trinity (TX),2021,0,0,0,cfbd
Trinity (TX),2022,11,1,0,cfbd
Trinity (TX),2023,10,2,0,cfbd
Trinity (TX),2024,8,3,0,cfbd
Trinity (TX),2025,10,2,0,cfbd
Trinity (TX),2026,0,0,0,cfbd
Troy,1970,0,0,0,cfbd
Troy,1971,0,0,0,cfbd
Troy,1972,0,0,0,cfbd
Troy,1973,0,0,0,cfbd
Troy,1974,0,0,0,cfbd
Troy,1975,0,0,0,cfbd
Troy,1976,0,0,0,cfbd
Troy,1977,0,1,0,cfbd
Troy,1978,0,0,0,cfbd
Troy,1979,0,0,0,cfbd
Troy,1980,0,0,0,cfbd
Troy,1981,0,0,0,cfbd
Troy,1982,0,0,0,cfbd
Troy,1983,0,0,0,cfbd
Troy,1984,0,0,0,cfbd
Troy,1985,0,0,0,cfbd
Troy,1986,0,0,0,cfbd
Troy,1987,0,0,0,cfbd
Troy,1988,0,0,0,cfbd
Troy,1989,0,0,0,cfbd
Troy,1990,0,0,0,cfbd
Troy,1991,0,1,0,cfbd
Troy,1992,1,0,0,cfbd
Troy,1993,0,0,0,cfbd
Troy,1994,1,1,0,cfbd
Troy,1995,1,0,0,cfbd
Troy,1996,0,0,0,cfbd
Troy,1997,0,0,0,cfbd
Troy,1998,0,1,0,cfbd
Troy,1999,2,0,0,cfbd
Troy,2000,0,1,0,cfbd
Troy,2001,7,4,0,cfbd
Troy,2002,4,8,0,cfbd
Troy,2003,6,6,0,cfbd
Troy,2004,7,5,0,cfbd
Troy,2005,4,7,0,cfbd
Troy,2006,8,5,0,cfbd
Troy,2007,8,4,0,cfbd
Troy,2008,8,5,0,cfbd
Troy,2009,9,4,0,cfbd
Troy,2010,8,5,0,cfbd
Troy,2011,3,9,0,cfbd
Troy,2012,5,7,0,cfbd
Troy,2013,6,6,0,cfbd
Troy,2014,3,9,0,cfbd
Troy,2015,4,8,0,cfbd
Troy,2016,10,3,0,cfbd
Troy,2017,11,2,0,cfbd
Troy,2018,10,3,0,cfbd
Troy,2019,5,7,0,cfbd
Troy,2020,5,6,0,cfbd
Troy,2021,5,7,0,cfbd
Troy,2022,12,2,0,cfbd
Troy,2023,11,3,0,cfbd
Troy,2024,4,8,0,cfbd
Troy,2025,8,6,0,cfbd
Troy,2026,0,0,0,cfbd
Truman State,2014,0,1,0,cfbd
Truman State,2015,0,0,0,cfbd
Truman State,2016,0,0,0,cfbd
Truman State,2017,0,0,0,cfbd
Truman State,2018,1,0,0,cfbd
Truman State,2019,2,0,0,cfbd
Truman State,2020,3,0,0,cfbd
Truman State,2021,8,3,0,cfbd
Truman State,2022,8,2,0,cfbd
Truman State,2023,9,2,0,cfbd
Truman State,2024,7,4,0,cfbd
Truman State,2025,8,4,0,cfbd
Truman State,2026,0,0,0,cfbd
Tufts,2014,0,0,0,cfbd
Tufts,2015,0,0,0,cfbd
Tufts,2016,0,0,0,cfbd
Tufts,2017,0,0,0,cfbd
Tufts,2018,0,0,0,cfbd
Tufts,2019,0,0,0,cfbd
Tufts,2020,0,0,0,cfbd
Tufts,2021,0,0,0,cfbd
Tufts,2022,6,3,0,cfbd
Tufts,2023,6,3,0,cfbd
Tufts,2024,7,2,0,cfbd
Tufts,2025,4,5,0,cfbd
Tufts,2026,0,0,0,cfbd
Tulane,1935,190,54,21,manual
Tulane,1936,6,3,1,cfbd
Tulane,1937,5,4,1,cfbd
Tulane,1938,7,2,1,cfbd
Tulane,1939,8,1,1,cfbd
Tulane,1940,5,5,0,cfbd
Tulane,1941,5,4,0,cfbd
Tulane,1942,4,5,0,cfbd
Tulane,1943,3,3,0,cfbd
Tulane,1944,4,3,0,cfbd
Tulane,1945,2,6,1,cfbd
Tulane,1946,3,7,0,cfbd
Tulane,1947,2,5,2,cfbd
Tulane,1948,9,1,0,cfbd
Tulane,1949,7,2,1,cfbd
Tulane,1950,6,2,1,cfbd
Tulane,1951,4,6,0,cfbd
Tulane,1952,5,5,0,cfbd
Tulane,1953,1,8,1,cfbd
Tulane,1954,1,6,3,cfbd
Tulane,1955,5,4,1,cfbd
Tulane,1956,6,4,0,cfbd
Tulane,1957,2,8,0,cfbd
Tulane,1958,3,7,0,cfbd
Tulane,1959,3,6,1,cfbd
Tulane,1960,3,6,1,cfbd
Tulane,1961,2,8,0,cfbd
Tulane,1962,0,10,0,cfbd
Tulane,1963,1,8,1,cfbd
Tulane,1964,3,7,0,cfbd
Tulane,1965,2,8,0,cfbd
Tulane,1966,5,4,1,cfbd
Tulane,1967,3,7,0,cfbd
Tulane,1968,2,8,0,cfbd
Tulane,1969,3,7,0,cfbd
Tulane,1970,8,4,0,cfbd
Tulane,1971,3,8,0,cfbd
Tulane,1972,6,5,0,cfbd
Tulane,1973,9,3,0,cfbd
Tulane,1974,5,6,0,cfbd
Tulane,1975,4,7,0,cfbd
Tulane,1976,2,9,0,cfbd
Tulane,1977,3,8,0,cfbd
Tulane,1978,4,7,0,cfbd
Tulane,1979,9,3,0,cfbd
Tulane,1980,7,5,0,cfbd
Tulane,1981,6,5,0,cfbd
Tulane,1982,4,7,0,cfbd
Tulane,1983,4,7,0,cfbd
Tulane,1984,3,8,0,cfbd
Tulane,1985,1,10,0,cfbd
Tulane,1986,4,7,0,cfbd
Tulane,1987,6,6,0,cfbd
Tulane,1988,5,6,0,cfbd
Tulane,1989,4,8,0,cfbd
Tulane,1990,4,7,0,cfbd
Tulane,1991,1,10,0,cfbd
Tulane,1992,2,9,0,cfbd
Tulane,1993,3,9,0,cfbd
Tulane,1994,1,10,0,cfbd
Tulane,1995,2,9,0,cfbd
Tulane,1996,2,9,0,cfbd
Tulane,1997,7,4,0,cfbd
Tulane,1998,12,0,0,cfbd
Tulane,1999,3,8,0,cfbd
Tulane,2000,6,5,0,cfbd
Tulane,2001,3,9,0,cfbd
Tulane,2002,8,5,0,cfbd
Tulane,2003,5,7,0,cfbd
Tulane,2004,5,6,0,cfbd
Tulane,2005,2,9,0,cfbd
Tulane,2006,4,8,0,cfbd
Tulane,2007,4,8,0,cfbd
Tulane,2008,2,10,0,cfbd
Tulane,2009,3,9,0,cfbd
Tulane,2010,4,8,0,cfbd
Tulane,2011,2,11,0,cfbd
Tulane,2012,2,10,0,cfbd
Tulane,2013,7,6,0,cfbd
Tulane,2014,3,9,0,cfbd
Tulane,2015,3,9,0,cfbd
Tulane,2016,4,8,0,cfbd
Tulane,2017,5,7,0,cfbd
Tulane,2018,7,6,0,cfbd
Tulane,2019,7,6,0,cfbd
Tulane,2020,6,6,0,cfbd
Tulane,2021,2,10,0,cfbd
Tulane,2022,12,2,0,cfbd
Tulane,2023,11,3,0,cfbd
Tulane,2024,9,5,0,cfbd
Tulane,2025,11,3,0,cfbd
Tulane,2026,0,0,0,cfbd
Tulsa,1936,5,2,2,cfbd
Tulsa,1937,6,2,2,cfbd
Tulsa,1938,4,5,1,cfbd
Tulsa,1939,4,5,1,cfbd
Tulsa,1940,7,3,0,cfbd
Tulsa,1941,8,2,0,cfbd
Tulsa,1942,10,1,0,cfbd
Tulsa,1943,6,1,1,cfbd
Tulsa,1944,8,2,0,cfbd
Tulsa,1945,8,3,0,cfbd
Tulsa,1946,9,1,0,cfbd
Tulsa,1947,5,5,0,cfbd
Tulsa,1948,0,9,1,cfbd
Tulsa,1949,5,5,1,cfbd
Tulsa,1950,9,1,1,cfbd
Tulsa,1951,9,2,0,cfbd
Tulsa,1952,8,2,1,cfbd
Tulsa,1953,3,7,0,cfbd
Tulsa,1954,0,11,0,cfbd
Tulsa,1955,2,7,1,cfbd
Tulsa,1956,7,2,1,cfbd
Tulsa,1957,4,6,0,cfbd
Tulsa,1958,7,3,0,cfbd
Tulsa,1959,5,5,0,cfbd
Tulsa,1960,5,5,0,cfbd
Tulsa,1961,2,8,0,cfbd
Tulsa,1962,5,5,0,cfbd
Tulsa,1963,5,5,0,cfbd
Tulsa,1964,9,2,0,cfbd
Tulsa,1965,8,3,0,cfbd
Tulsa,1966,6,4,0,cfbd
Tulsa,1967,7,3,0,cfbd
Tulsa,1968,3,7,0,cfbd
Tulsa,1969,1,9,0,cfbd
Tulsa,1970,6,4,0,cfbd
Tulsa,1971,4,7,0,cfbd
Tulsa,1972,4,7,0,cfbd
Tulsa,1973,6,5,0,cfbd
Tulsa,1974,8,3,0,cfbd
Tulsa,1975,7,4,0,cfbd
Tulsa,1976,7,4,1,cfbd
Tulsa,1977,3,8,0,cfbd
Tulsa,1978,9,2,0,cfbd
Tulsa,1979,6,5,0,cfbd
Tulsa,1980,8,3,0,cfbd
Tulsa,1981,6,5,0,cfbd
Tulsa,1982,10,1,0,cfbd
Tulsa,1983,8,3,0,cfbd
Tulsa,1984,6,5,0,cfbd
Tulsa,1985,6,5,0,cfbd
Tulsa,1986,7,4,0,cfbd
Tulsa,1987,3,8,0,cfbd
Tulsa,1988,4,7,0,cfbd
Tulsa,1989,6,6,0,cfbd
Tulsa,1990,3,8,0,cfbd
Tulsa,1991,10,2,0,cfbd
Tulsa,1992,4,7,0,cfbd
Tulsa,1993,4,6,1,cfbd
Tulsa,1994,3,8,0,cfbd
Tulsa,1995,4,7,0,cfbd
Tulsa,1996,4,7,0,cfbd
Tulsa,1997,2,9,0,cfbd
Tulsa,1998,4,7,0,cfbd
Tulsa,1999,2,9,0,cfbd
Tulsa,2000,5,7,0,cfbd
Tulsa,2001,1,10,0,cfbd
Tulsa,2002,1,11,0,cfbd
Tulsa,2003,8,5,0,cfbd
Tulsa,2004,4,8,0,cfbd
Tulsa,2005,9,4,0,cfbd
Tulsa,2006,8,5,0,cfbd
Tulsa,2007,10,4,0,cfbd
Tulsa,2008,11,3,0,cfbd
Tulsa,2009,5,7,0,cfbd
Tulsa,2010,10,3,0,cfbd
Tulsa,2011,8,5,0,cfbd
Tulsa,2012,11,3,0,cfbd
Tulsa,2013,3,9,0,cfbd
Tulsa,2014,2,10,0,cfbd
Tulsa,2015,6,7,0,cfbd
Tulsa,2016,10,3,0,cfbd
Tulsa,2017,2,10,0,cfbd
Tulsa,2018,3,9,0,cfbd
Tulsa,2019,4,8,0,cfbd
Tulsa,2020,6,3,0,cfbd
Tulsa,2021,7,6,0,cfbd
Tulsa,2022,5,7,0,cfbd
Tulsa,2023,4,8,0,cfbd
Tulsa,2024,3,9,0,cfbd
Tulsa,2025,4,8,0,cfbd
Tulsa,2026,0,0,0,cfbd
Tusculum,2014,0,0,0,cfbd
Tusculum,2015,0,0,0,cfbd
Tusculum,2016,0,0,0,cfbd
Tusculum,2017,0,0,0,cfbd
Tusculum,2018,0,1,0,cfbd
Tusculum,2019,0,0,0,cfbd
Tusculum,2020,4,1,0,cfbd
Tusculum,2021,5,6,0,cfbd
Tusculum,2022,8,3,0,cfbd
Tusculum,2023,6,5,0,cfbd
Tusculum,2024,1,9,0,cfbd
Tusculum,2025,1,9,0,cfbd
Tusculum,2026,0,0,0,cfbd
Tuskegee,2014,0,1,0,cfbd
Tuskegee,2015,0,0,0,cfbd
Tuskegee,2016,1,0,0,cfbd
Tuskegee,2017,2,0,0,cfbd
Tuskegee,2018,0,0,0,cfbd
Tuskegee,2019,0,1,0,cfbd
Tuskegee,2020,0,0,0,cfbd
Tuskegee,2021,3,8,0,cfbd
Tuskegee,2022,8,3,0,cfbd
Tuskegee,2023,7,4,0,cfbd
Tuskegee,2024,5,6,0,cfbd
Tuskegee,2025,4,7,0,cfbd
Tuskegee,2026,0,0,0,cfbd
UAB,1991,0,0,0,cfbd
UAB,1992,0,0,0,cfbd
UAB,1993,0,0,0,cfbd
UAB,1994,0,1,0,cfbd
UAB,1995,1,1,0,cfbd
UAB,1996,5,6,0,cfbd
UAB,1997,5,6,0,cfbd
UAB,1998,4,7,0,cfbd
UAB,1999,5,6,0,cfbd
UAB,2000,7,4,0,cfbd
UAB,2001,6,5,0,cfbd
UAB,2002,5,7,0,cfbd
UAB,2003,5,7,0,cfbd
UAB,2004,7,5,0,cfbd
UAB,2005,5,6,0,cfbd
UAB,2006,3,9,0,cfbd
UAB,2007,2,10,0,cfbd
UAB,2008,4,8,0,cfbd
UAB,2009,5,7,0,cfbd
UAB,2010,4,8,0,cfbd
UAB,2011,3,9,0,cfbd
UAB,2012,3,9,0,cfbd
UAB,2013,2,10,0,cfbd
UAB,2014,6,6,0,cfbd
UAB,2017,8,5,0,cfbd
UAB,2018,11,3,0,cfbd
UAB,2019,9,5,0,cfbd
UAB,2020,6,3,0,cfbd
UAB,2021,9,4,0,cfbd
UAB,2022,7,6,0,cfbd
UAB,2023,4,8,0,cfbd
UAB,2024,3,9,0,cfbd
UAB,2025,4,8,0,cfbd
UAB,2026,0,0,0,cfbd
UAlbany,1973,0,0,0,cfbd
UAlbany,1974,0,0,0,cfbd
UAlbany,1975,0,0,0,cfbd
UAlbany,1976,0,0,0,cfbd
UAlbany,1977,0,0,0,cfbd
UAlbany,1978,0,0,0,cfbd
UAlbany,1979,0,0,0,cfbd
UAlbany,1980,0,0,0,cfbd
UAlbany,1981,0,0,0,cfbd
UAlbany,1982,0,0,0,cfbd
UAlbany,1983,0,0,0,cfbd
UAlbany,1984,0,0,0,cfbd
UAlbany,1985,0,0,0,cfbd
UAlbany,1986,0,0,0,cfbd
UAlbany,1987,0,0,0,cfbd
UAlbany,1988,0,0,0,cfbd
UAlbany,1989,0,0,0,cfbd
UAlbany,1990,0,0,0,cfbd
UAlbany,1991,0,0,0,cfbd
UAlbany,1992,0,0,0,cfbd
UAlbany,1993,0,0,0,cfbd
UAlbany,1994,0,0,0,cfbd
UAlbany,1995,0,0,0,cfbd
UAlbany,1996,0,0,0,cfbd
UAlbany,1997,0,0,0,cfbd
UAlbany,1998,0,0,0,cfbd
UAlbany,1999,0,0,0,cfbd
UAlbany,2000,0,0,0,cfbd
UAlbany,2001,0,0,0,cfbd
UAlbany,2002,0,0,0,cfbd
UAlbany,2003,7,4,0,cfbd
UAlbany,2004,4,7,0,cfbd
UAlbany,2005,5,6,0,cfbd
UAlbany,2006,7,4,0,cfbd
UAlbany,2007,8,4,0,cfbd
UAlbany,2008,8,3,0,cfbd
UAlbany,2009,7,4,0,cfbd
UAlbany,2010,6,5,0,cfbd
UAlbany,2011,8,4,0,cfbd
UAlbany,2012,8,2,0,cfbd
UAlbany,2013,1,11,0,cfbd
UAlbany,2014,7,5,0,cfbd
UAlbany,2015,3,8,0,cfbd
UAlbany,2016,7,4,0,cfbd
UAlbany,2017,4,7,0,cfbd
UAlbany,2018,3,8,0,cfbd
UAlbany,2019,9,5,0,cfbd
UAlbany,2020,1,3,0,cfbd
UAlbany,2021,2,9,0,cfbd
UAlbany,2022,3,8,0,cfbd
UAlbany,2023,11,4,0,cfbd
UAlbany,2024,4,8,0,cfbd
UAlbany,2025,2,10,0,cfbd
UAlbany,2026,1,0,0,cfbd
UC Davis,1936,0,1,0,cfbd
UC Davis,1937,0,2,0,cfbd
UC Davis,1938,0,1,0,cfbd
UC Davis,1939,0,1,0,cfbd
UC Davis,1940,0,1,0,cfbd
UC Davis,1941,0,0,0,cfbd
UC Davis,1942,0,0,0,cfbd
UC Davis,1946,0,0,0,cfbd
UC Davis,1947,0,0,0,cfbd
UC Davis,1948,0,0,0,cfbd
UC Davis,1949,0,0,0,cfbd
UC Davis,1950,0,0,0,cfbd
UC Davis,1951,0,0,0,cfbd
UC Davis,1952,0,0,0,cfbd
UC Davis,1953,0,0,0,cfbd
UC Davis,1954,0,0,0,cfbd
UC Davis,1955,0,0,0,cfbd
UC Davis,1956,0,0,0,cfbd
UC Davis,1957,0,0,0,cfbd
UC Davis,1958,0,0,0,cfbd
UC Davis,1959,0,0,0,cfbd
UC Davis,1960,0,0,0,cfbd
UC Davis,1961,0,0,0,cfbd
UC Davis,1962,0,0,0,cfbd
UC Davis,1963,0,0,0,cfbd
UC Davis,1964,0,0,0,cfbd
UC Davis,1965,0,0,0,cfbd
UC Davis,1966,0,0,0,cfbd
UC Davis,1967,0,0,0,cfbd
UC Davis,1968,0,0,0,cfbd
UC Davis,1969,0,0,0,cfbd
UC Davis,1970,0,0,0,cfbd
UC Davis,1971,0,0,0,cfbd
UC Davis,1972,0,1,0,cfbd
UC Davis,1973,0,0,0,cfbd
UC Davis,1974,0,0,0,cfbd
UC Davis,1975,0,1,0,cfbd
UC Davis,1976,0,0,0,cfbd
UC Davis,1977,0,0,0,cfbd
UC Davis,1978,1,0,0,cfbd
UC Davis,1979,0,0,0,cfbd
UC Davis,1980,0,0,0,cfbd
UC Davis,1981,0,0,0,cfbd
UC Davis,1982,1,0,0,cfbd
UC Davis,1983,0,0,0,cfbd
UC Davis,1984,0,0,0,cfbd
UC Davis,1985,0,0,0,cfbd
UC Davis,1986,1,0,0,cfbd
UC Davis,1987,0,0,0,cfbd
UC Davis,1988,0,0,0,cfbd
UC Davis,1989,0,0,0,cfbd
UC Davis,1990,0,0,0,cfbd
UC Davis,1991,0,0,0,cfbd
UC Davis,1992,0,0,0,cfbd
UC Davis,1993,0,0,0,cfbd
UC Davis,1994,0,1,0,cfbd
UC Davis,1995,0,0,0,cfbd
UC Davis,1996,0,0,0,cfbd
UC Davis,1997,0,1,0,cfbd
UC Davis,1998,0,0,0,cfbd
UC Davis,1999,0,0,0,cfbd
UC Davis,2000,0,0,0,cfbd
UC Davis,2001,0,0,0,cfbd
UC Davis,2002,0,0,0,cfbd
UC Davis,2003,1,3,0,cfbd
UC Davis,2004,4,3,0,cfbd
UC Davis,2005,6,5,0,cfbd
UC Davis,2006,5,2,0,cfbd
UC Davis,2007,5,6,0,cfbd
UC Davis,2008,3,6,0,cfbd
UC Davis,2009,6,5,0,cfbd
UC Davis,2010,6,4,0,cfbd
UC Davis,2011,4,7,0,cfbd
UC Davis,2012,0,2,0,cfbd
UC Davis,2013,5,7,0,cfbd
UC Davis,2014,2,9,0,cfbd
UC Davis,2015,2,9,0,cfbd
UC Davis,2016,3,8,0,cfbd
UC Davis,2017,5,6,0,cfbd
UC Davis,2018,10,3,0,cfbd
UC Davis,2019,5,7,0,cfbd
UC Davis,2020,3,2,0,cfbd
UC Davis,2021,8,4,0,cfbd
UC Davis,2022,6,5,0,cfbd
UC Davis,2023,7,4,0,cfbd
UC Davis,2024,11,3,0,cfbd
UC Davis,2025,9,4,0,cfbd
UC Davis,2026,0,0,0,cfbd
UCF,1979,0,0,0,cfbd
UCF,1980,0,0,0,cfbd
UCF,1981,0,0,0,cfbd
UCF,1982,0,0,0,cfbd
UCF,1983,0,1,0,cfbd
UCF,1984,1,1,0,cfbd
UCF,1985,0,2,0,cfbd
UCF,1986,0,1,0,cfbd
UCF,1987,0,0,0,cfbd
UCF,1988,0,0,0,cfbd
UCF,1989,0,0,0,cfbd
UCF,1990,0,1,0,cfbd
UCF,1991,1,1,0,cfbd
UCF,1992,0,0,0,cfbd
UCF,1993,1,1,0,cfbd
UCF,1994,1,1,0,cfbd
UCF,1995,1,2,0,cfbd
UCF,1996,5,6,0,cfbd
UCF,1997,5,6,0,cfbd
UCF,1998,9,2,0,cfbd
UCF,1999,4,7,0,cfbd
UCF,2000,7,4,0,cfbd
UCF,2001,6,5,0,cfbd
UCF,2002,7,5,0,cfbd
UCF,2003,3,9,0,cfbd
UCF,2004,0,11,0,cfbd
UCF,2005,8,5,0,cfbd
UCF,2006,4,8,0,cfbd
UCF,2007,10,4,0,cfbd
UCF,2008,4,8,0,cfbd
UCF,2009,8,5,0,cfbd
UCF,2010,11,3,0,cfbd
UCF,2011,5,7,0,cfbd
UCF,2012,10,4,0,cfbd
UCF,2013,12,1,0,cfbd
UCF,2014,9,4,0,cfbd
UCF,2015,0,12,0,cfbd
UCF,2016,6,7,0,cfbd
UCF,2017,13,0,0,cfbd
UCF,2018,12,1,0,cfbd
UCF,2019,10,3,0,cfbd
UCF,2020,6,4,0,cfbd
UCF,2021,9,4,0,cfbd
UCF,2022,9,5,0,cfbd
UCF,2023,6,7,0,cfbd
UCF,2024,4,8,0,cfbd
UCF,2025,5,7,0,cfbd
UCF,2026,0,0,0,cfbd
UCLA,1935,55,39,9,manual
UCLA,1936,6,3,1,cfbd
UCLA,1937,2,6,1,cfbd
UCLA,1938,7,4,1,cfbd
UCLA,1939,6,0,4,cfbd
UCLA,1940,1,9,0,cfbd
UCLA,1941,5,5,1,cfbd
UCLA,1942,7,4,0,cfbd
UCLA,1943,1,8,0,cfbd
UCLA,1944,4,5,1,cfbd
UCLA,1945,5,4,0,cfbd
UCLA,1946,10,1,0,cfbd
UCLA,1947,5,4,0,cfbd
UCLA,1948,3,7,0,cfbd
UCLA,1949,6,3,0,cfbd
UCLA,1950,6,3,0,cfbd
UCLA,1951,5,3,1,cfbd
UCLA,1952,8,1,0,cfbd
UCLA,1953,8,2,0,cfbd
UCLA,1954,9,0,0,cfbd
UCLA,1955,9,2,0,cfbd
UCLA,1956,7,3,0,cfbd
UCLA,1957,8,2,0,cfbd
UCLA,1958,3,6,1,cfbd
UCLA,1959,5,4,1,cfbd
UCLA,1960,7,2,1,cfbd
UCLA,1961,7,4,0,cfbd
UCLA,1962,4,6,0,cfbd
UCLA,1963,2,8,0,cfbd
UCLA,1964,4,6,0,cfbd
UCLA,1965,8,2,1,cfbd
UCLA,1966,9,1,0,cfbd
UCLA,1967,7,2,1,cfbd
UCLA,1968,3,7,0,cfbd
UCLA,1969,8,1,1,cfbd
UCLA,1970,6,5,0,cfbd
UCLA,1971,2,7,1,cfbd
UCLA,1972,8,3,0,cfbd
UCLA,1973,9,2,0,cfbd
UCLA,1974,6,3,2,cfbd
UCLA,1975,9,2,1,cfbd
UCLA,1976,9,2,1,cfbd
UCLA,1977,7,4,0,cfbd
UCLA,1978,8,3,1,cfbd
UCLA,1979,5,6,0,cfbd
UCLA,1980,9,2,0,cfbd
UCLA,1981,7,4,1,cfbd
UCLA,1982,10,1,1,cfbd
UCLA,1983,7,4,1,cfbd
UCLA,1984,9,3,0,cfbd
UCLA,1985,9,2,1,cfbd
UCLA,1986,8,3,1,cfbd
UCLA,1987,10,2,0,cfbd
UCLA,1988,10,2,0,cfbd
UCLA,1989,3,7,1,cfbd
UCLA,1990,5,6,0,cfbd
UCLA,1991,9,3,0,cfbd
UCLA,1992,6,5,0,cfbd
UCLA,1993,8,4,0,cfbd
UCLA,1994,5,6,0,cfbd
UCLA,1995,7,5,0,cfbd
UCLA,1996,5,6,0,cfbd
UCLA,1997,10,2,0,cfbd
UCLA,1998,10,2,0,cfbd
UCLA,1999,4,7,0,cfbd
UCLA,2000,6,6,0,cfbd
UCLA,2001,7,4,0,cfbd
UCLA,2002,8,5,0,cfbd
UCLA,2003,6,7,0,cfbd
UCLA,2004,6,6,0,cfbd
UCLA,2005,10,2,0,cfbd
UCLA,2006,7,6,0,cfbd
UCLA,2007,6,7,0,cfbd
UCLA,2008,4,8,0,cfbd
UCLA,2009,7,6,0,cfbd
UCLA,2010,4,8,0,cfbd
UCLA,2011,6,8,0,cfbd
UCLA,2012,9,5,0,cfbd
UCLA,2013,10,3,0,cfbd
UCLA,2014,10,3,0,cfbd
UCLA,2015,8,5,0,cfbd
UCLA,2016,4,8,0,cfbd
UCLA,2017,6,7,0,cfbd
UCLA,2018,3,9,0,cfbd
UCLA,2019,4,8,0,cfbd
UCLA,2020,3,4,0,cfbd
UCLA,2021,8,4,0,cfbd
UCLA,2022,9,4,0,cfbd
UCLA,2023,8,5,0,cfbd
UCLA,2024,5,7,0,cfbd
UCLA,2025,3,9,0,cfbd
UCLA,2026,0,0,0,cfbd
UConn,1936,1,0,0,cfbd
UConn,1937,0,1,0,cfbd
UConn,1938,0,0,0,cfbd
UConn,1939,0,1,0,cfbd
UConn,1940,0,0,0,cfbd
UConn,1941,0,0,0,cfbd
UConn,1942,0,1,0,cfbd
UConn,1944,0,0,0,cfbd
UConn,1945,0,0,0,cfbd
UConn,1946,0,1,0,cfbd
UConn,1947,0,1,0,cfbd
UConn,1948,0,2,0,cfbd
UConn,1949,0,1,0,cfbd
UConn,1950,1,1,0,cfbd
UConn,1951,0,0,0,cfbd
UConn,1952,0,2,0,cfbd
UConn,1953,0,2,0,cfbd
UConn,1954,0,3,0,cfbd
UConn,1955,2,1,0,cfbd
UConn,1956,1,1,0,cfbd
UConn,1957,0,3,0,cfbd
UConn,1958,0,2,0,cfbd
UConn,1959,0,3,0,cfbd
UConn,1960,1,3,0,cfbd
UConn,1961,0,4,0,cfbd
UConn,1962,1,3,0,cfbd
UConn,1963,1,1,0,cfbd
UConn,1964,1,3,0,cfbd
UConn,1965,1,2,0,cfbd
UConn,1966,0,2,0,cfbd
UConn,1967,1,2,0,cfbd
UConn,1968,0,4,0,cfbd
UConn,1969,2,0,0,cfbd
UConn,1970,0,2,1,cfbd
UConn,1971,1,2,0,cfbd
UConn,1972,0,3,0,cfbd
UConn,1973,3,0,0,cfbd
UConn,1974,1,2,0,cfbd
UConn,1975,1,4,0,cfbd
UConn,1976,0,5,0,cfbd
UConn,1977,0,4,0,cfbd
UConn,1978,0,5,0,cfbd
UConn,1979,3,6,2,cfbd
UConn,1980,2,1,0,cfbd
UConn,1981,1,1,0,cfbd
UConn,1982,0,0,0,cfbd
UConn,1983,0,1,0,cfbd
UConn,1984,0,0,0,cfbd
UConn,1985,0,0,0,cfbd
UConn,1986,0,0,0,cfbd
UConn,1987,0,0,0,cfbd
UConn,1988,0,0,0,cfbd
UConn,1989,0,1,0,cfbd
UConn,1990,0,1,0,cfbd
UConn,1991,0,0,0,cfbd
UConn,1992,0,0,0,cfbd
UConn,1993,0,0,0,cfbd
UConn,1994,0,0,0,cfbd
UConn,1995,0,0,0,cfbd
UConn,1996,0,0,0,cfbd
UConn,1997,0,0,0,cfbd
UConn,1998,0,0,0,cfbd
UConn,1999,1,1,0,cfbd
UConn,2000,3,8,0,cfbd
UConn,2001,2,9,0,cfbd
UConn,2002,6,6,0,cfbd
UConn,2003,9,3,0,cfbd
UConn,2004,8,4,0,cfbd
UConn,2005,5,6,0,cfbd
UConn,2006,4,8,0,cfbd
UConn,2007,9,4,0,cfbd
UConn,2008,8,5,0,cfbd
UConn,2009,8,5,0,cfbd
UConn,2010,8,5,0,cfbd
UConn,2011,5,7,0,cfbd
UConn,2012,5,7,0,cfbd
UConn,2013,3,9,0,cfbd
UConn,2014,2,10,0,cfbd
UConn,2015,6,7,0,cfbd
UConn,2016,3,9,0,cfbd
UConn,2017,3,9,0,cfbd
UConn,2018,1,11,0,cfbd
UConn,2019,2,10,0,cfbd
UConn,2021,1,11,0,cfbd
UConn,2022,6,7,0,cfbd
UConn,2023,3,9,0,cfbd
UConn,2024,9,4,0,cfbd
UConn,2025,9,4,0,cfbd
UConn,2026,0,0,0,cfbd
UL Monroe,1953,0,0,0,cfbd
UL Monroe,1954,0,0,0,cfbd
UL Monroe,1955,0,0,0,cfbd
UL Monroe,1956,0,0,0,cfbd
UL Monroe,1957,0,0,0,cfbd
UL Monroe,1958,0,0,0,cfbd
UL Monroe,1959,0,0,0,cfbd
UL Monroe,1960,0,0,0,cfbd
UL Monroe,1961,0,0,0,cfbd
UL Monroe,1962,0,0,0,cfbd
UL Monroe,1963,0,0,0,cfbd
UL Monroe,1964,0,0,0,cfbd
UL Monroe,1965,0,1,0,cfbd
UL Monroe,1966,2,0,0,cfbd
UL Monroe,1967,0,0,0,cfbd
UL Monroe,1968,0,0,0,cfbd
UL Monroe,1969,0,0,0,cfbd
UL Monroe,1970,0,0,0,cfbd
UL Monroe,1971,1,0,0,cfbd
UL Monroe,1972,0,3,0,cfbd
UL Monroe,1973,1,0,1,cfbd
UL Monroe,1974,0,2,0,cfbd
UL Monroe,1975,4,6,1,cfbd
UL Monroe,1976,2,9,0,cfbd
UL Monroe,1977,2,9,0,cfbd
UL Monroe,1978,6,4,1,cfbd
UL Monroe,1979,3,8,0,cfbd
UL Monroe,1980,7,4,0,cfbd
UL Monroe,1981,5,6,0,cfbd
UL Monroe,1982,1,2,0,cfbd
UL Monroe,1983,1,1,0,cfbd
UL Monroe,1984,1,0,0,cfbd
UL Monroe,1985,0,1,0,cfbd
UL Monroe,1986,0,2,0,cfbd
UL Monroe,1987,1,1,0,cfbd
UL Monroe,1988,0,1,0,cfbd
UL Monroe,1989,0,3,0,cfbd
UL Monroe,1990,0,2,0,cfbd
UL Monroe,1991,1,1,0,cfbd
UL Monroe,1992,0,1,0,cfbd
UL Monroe,1993,1,1,0,cfbd
UL Monroe,1994,3,8,0,cfbd
UL Monroe,1995,2,9,0,cfbd
UL Monroe,1996,5,6,0,cfbd
UL Monroe,1997,5,7,0,cfbd
UL Monroe,1998,5,6,0,cfbd
UL Monroe,1999,5,6,0,cfbd
UL Monroe,2000,1,10,0,cfbd
UL Monroe,2001,2,9,0,cfbd
UL Monroe,2002,3,9,0,cfbd
UL Monroe,2003,1,11,0,cfbd
UL Monroe,2004,5,6,0,cfbd
UL Monroe,2005,5,6,0,cfbd
UL Monroe,2006,4,8,0,cfbd
UL Monroe,2007,6,6,0,cfbd
UL Monroe,2008,4,8,0,cfbd
UL Monroe,2009,6,6,0,cfbd
UL Monroe,2010,5,7,0,cfbd
UL Monroe,2011,4,8,0,cfbd
UL Monroe,2012,8,5,0,cfbd
UL Monroe,2013,6,6,0,cfbd
UL Monroe,2014,4,8,0,cfbd
UL Monroe,2015,2,11,0,cfbd
UL Monroe,2016,4,8,0,cfbd
UL Monroe,2017,4,8,0,cfbd
UL Monroe,2018,6,6,0,cfbd
UL Monroe,2019,5,7,0,cfbd
UL Monroe,2020,0,10,0,cfbd
UL Monroe,2021,4,8,0,cfbd
UL Monroe,2022,4,8,0,cfbd
UL Monroe,2023,2,10,0,cfbd
UL Monroe,2024,5,7,0,cfbd
UL Monroe,2025,3,9,0,cfbd
UL Monroe,2026,0,0,0,cfbd
UMass Dartmouth,2014,0,0,0,cfbd
UMass Dartmouth,2015,0,0,0,cfbd
UMass Dartmouth,2016,0,0,0,cfbd
UMass Dartmouth,2017,0,0,0,cfbd
UMass Dartmouth,2018,0,0,0,cfbd
UMass Dartmouth,2019,0,0,0,cfbd
UMass Dartmouth,2020,0,0,0,cfbd
UMass Dartmouth,2021,0,0,0,cfbd
UMass Dartmouth,2022,9,2,0,cfbd
UMass Dartmouth,2023,9,1,0,cfbd
UMass Dartmouth,2024,10,1,0,cfbd
UMass Dartmouth,2025,6,4,0,cfbd
UMass Dartmouth,2026,0,0,0,cfbd
UNC Pembroke,2014,0,0,0,cfbd
UNC Pembroke,2015,0,0,0,cfbd
UNC Pembroke,2016,0,0,0,cfbd
UNC Pembroke,2017,0,0,0,cfbd
UNC Pembroke,2018,0,0,0,cfbd
UNC Pembroke,2019,0,0,0,cfbd
UNC Pembroke,2020,2,2,0,cfbd
UNC Pembroke,2021,5,5,0,cfbd
UNC Pembroke,2022,5,6,0,cfbd
UNC Pembroke,2023,7,3,0,cfbd
UNC Pembroke,2024,6,5,0,cfbd
UNC Pembroke,2025,8,3,0,cfbd
UNC Pembroke,2026,0,0,0,cfbd
Union,2014,0,0,0,cfbd
Union,2015,0,0,0,cfbd
Union,2016,0,0,0,cfbd
Union,2017,0,0,0,cfbd
Union,2018,0,0,0,cfbd
Union,2019,0,0,0,cfbd
Union,2020,0,0,0,cfbd
Union,2021,0,0,0,cfbd
Union,2022,6,4,0,cfbd
Union,2023,10,2,0,cfbd
Union,2024,3,7,0,cfbd
Union,2025,8,3,0,cfbd
Union,2026,0,0,0,cfbd
University of Mary,2014,0,0,0,cfbd
University of Mary,2015,0,0,0,cfbd
University of Mary,2016,0,0,0,cfbd
University of Mary,2017,0,0,0,cfbd
University of Mary,2018,0,0,0,cfbd
University of Mary,2019,0,0,0,cfbd
University of Mary,2020,0,0,0,cfbd
University of Mary,2021,4,7,0,cfbd
University of Mary,2022,2,9,0,cfbd
University of Mary,2023,2,9,0,cfbd
University of Mary,2024,2,9,0,cfbd
University of Mary,2025,4,7,0,cfbd
University of Mary,2026,0,0,0,cfbd
UNLV,1968,0,0,0,cfbd
UNLV,1969,0,0,0,cfbd
UNLV,1970,0,1,0,cfbd
UNLV,1971,0,1,0,cfbd
UNLV,1972,0,1,0,cfbd
UNLV,1973,1,1,0,cfbd
UNLV,1974,1,0,0,cfbd
UNLV,1975,0,0,0,cfbd
UNLV,1976,0,1,0,cfbd
UNLV,1977,1,1,0,cfbd
UNLV,1978,7,4,0,cfbd
UNLV,1979,9,1,2,cfbd
UNLV,1980,7,4,0,cfbd
UNLV,1981,6,6,0,cfbd
UNLV,1982,3,8,0,cfbd
UNLV,1983,7,4,0,cfbd
UNLV,1984,11,2,0,cfbd
UNLV,1985,5,5,1,cfbd
UNLV,1986,6,5,0,cfbd
UNLV,1987,5,6,0,cfbd
UNLV,1988,4,7,0,cfbd
UNLV,1989,4,7,0,cfbd
UNLV,1990,4,7,0,cfbd
UNLV,1991,4,7,0,cfbd
UNLV,1992,6,5,0,cfbd
UNLV,1993,3,8,0,cfbd
UNLV,1994,7,5,0,cfbd
UNLV,1995,2,9,0,cfbd
UNLV,1996,1,11,0,cfbd
UNLV,1997,3,8,0,cfbd
UNLV,1998,0,11,0,cfbd
UNLV,1999,3,8,0,cfbd
UNLV,2000,8,5,0,cfbd
UNLV,2001,4,7,0,cfbd
UNLV,2002,5,7,0,cfbd
UNLV,2003,6,6,0,cfbd
UNLV,2004,2,9,0,cfbd
UNLV,2005,2,9,0,cfbd
UNLV,2006,2,10,0,cfbd
UNLV,2007,2,10,0,cfbd
UNLV,2008,5,7,0,cfbd
UNLV,2009,5,7,0,cfbd
UNLV,2010,2,11,0,cfbd
UNLV,2011,2,10,0,cfbd
UNLV,2012,2,11,0,cfbd
UNLV,2013,7,6,0,cfbd
UNLV,2014,2,11,0,cfbd
UNLV,2015,3,9,0,cfbd
UNLV,2016,4,8,0,cfbd
UNLV,2017,5,7,0,cfbd
UNLV,2018,4,8,0,cfbd
UNLV,2019,4,8,0,cfbd
UNLV,2020,0,6,0,cfbd
UNLV,2021,2,10,0,cfbd
UNLV,2022,5,7,0,cfbd
UNLV,2023,9,5,0,cfbd
UNLV,2024,11,3,0,cfbd
UNLV,2025,10,4,0,cfbd
UNLV,2026,0,0,0,cfbd
Upper Iowa,2014,0,0,0,cfbd
Upper Iowa,2015,0,0,0,cfbd
Upper Iowa,2016,0,0,0,cfbd
Upper Iowa,2017,0,0,0,cfbd
Upper Iowa,2018,0,0,0,cfbd
Upper Iowa,2019,0,0,0,cfbd
Upper Iowa,2020,0,0,0,cfbd
Upper Iowa,2021,1,10,0,cfbd
Upper Iowa,2022,1,10,0,cfbd
Upper Iowa,2023,3,8,0,cfbd
Upper Iowa,2024,7,4,0,cfbd
Upper Iowa,2025,9,3,0,cfbd
Upper Iowa,2026,0,0,0,cfbd
Urbana,2014,0,0,0,cfbd
Urbana,2015,0,0,0,cfbd
Urbana,2016,0,0,0,cfbd
Urbana,2017,0,0,0,cfbd
Urbana,2018,0,0,0,cfbd
Urbana,2019,0,0,0,cfbd
Ursinus,2014,0,0,0,cfbd
Ursinus,2015,0,0,0,cfbd
Ursinus,2016,0,0,0,cfbd
Ursinus,2017,0,0,0,cfbd
Ursinus,2018,0,0,0,cfbd
Ursinus,2019,0,0,0,cfbd
Ursinus,2020,0,0,0,cfbd
Ursinus,2021,0,0,0,cfbd
Ursinus,2022,8,2,0,cfbd
Ursinus,2023,7,3,0,cfbd
Ursinus,2024,9,2,0,cfbd
Ursinus,2025,7,4,0,cfbd
Ursinus,2026,0,0,0,cfbd
USC,1935,186,65,18,manual
USC,1936,4,2,3,cfbd
USC,1937,4,4,2,cfbd
USC,1938,9,2,0,cfbd
USC,1939,8,0,2,cfbd
USC,1940,3,4,2,cfbd
USC,1941,2,6,1,cfbd
USC,1942,5,5,1,cfbd
USC,1943,8,2,0,cfbd
USC,1944,8,0,2,cfbd
USC,1945,7,4,0,cfbd
USC,1946,6,4,0,cfbd
USC,1947,7,2,1,cfbd
USC,1948,6,3,1,cfbd
USC,1949,5,3,1,cfbd
USC,1950,2,5,2,cfbd
USC,1951,7,3,0,cfbd
USC,1952,10,1,0,cfbd
USC,1953,6,3,1,cfbd
USC,1954,8,4,0,cfbd
USC,1955,6,4,0,cfbd
USC,1956,8,2,0,cfbd
USC,1957,1,9,0,cfbd
USC,1958,4,5,1,cfbd
USC,1959,8,2,0,cfbd
USC,1960,4,6,0,cfbd
USC,1961,4,5,1,cfbd
USC,1962,11,0,0,cfbd
USC,1963,7,3,0,cfbd
USC,1964,7,3,0,cfbd
USC,1965,7,2,1,cfbd
USC,1966,7,4,0,cfbd
USC,1967,10,1,0,cfbd
USC,1968,9,1,1,cfbd
USC,1969,10,0,1,cfbd
USC,1970,6,4,1,cfbd
USC,1971,6,4,1,cfbd
USC,1972,12,0,0,cfbd
USC,1973,9,2,1,cfbd
USC,1974,10,1,1,cfbd
USC,1975,8,4,0,cfbd
USC,1976,11,1,0,cfbd
USC,1977,8,4,0,cfbd
USC,1978,12,1,0,cfbd
USC,1979,11,0,1,cfbd
USC,1980,8,2,1,cfbd
USC,1981,9,3,0,cfbd
USC,1982,8,3,0,cfbd
USC,1983,4,6,1,cfbd
USC,1984,9,3,0,cfbd
USC,1985,6,6,0,cfbd
USC,1986,7,5,0,cfbd
USC,1987,8,4,0,cfbd
USC,1988,10,2,0,cfbd
USC,1989,9,2,1,cfbd
USC,1990,8,4,1,cfbd
USC,1991,3,8,0,cfbd
USC,1992,6,5,1,cfbd
USC,1993,8,5,0,cfbd
USC,1994,8,3,1,cfbd
USC,1995,9,2,1,cfbd
USC,1996,6,6,0,cfbd
USC,1997,6,5,0,cfbd
USC,1998,8,5,0,cfbd
USC,1999,6,6,0,cfbd
USC,2000,5,7,0,cfbd
USC,2001,6,6,0,cfbd
USC,2002,11,2,0,cfbd
USC,2003,12,1,0,cfbd
USC,2004,13,0,0,cfbd
USC,2005,12,1,0,cfbd
USC,2006,11,2,0,cfbd
USC,2007,11,2,0,cfbd
USC,2008,12,1,0,cfbd
USC,2009,9,4,0,cfbd
USC,2010,8,5,0,cfbd
USC,2011,10,2,0,cfbd
USC,2012,7,6,0,cfbd
USC,2013,10,4,0,cfbd
USC,2014,9,4,0,cfbd
USC,2015,8,6,0,cfbd
USC,2016,10,3,0,cfbd
USC,2017,11,3,0,cfbd
USC,2018,5,7,0,cfbd
USC,2019,8,5,0,cfbd
USC,2020,5,1,0,cfbd
USC,2021,4,8,0,cfbd
USC,2022,11,3,0,cfbd
USC,2023,8,5,0,cfbd
USC,2024,7,6,0,cfbd
USC,2025,9,4,0,cfbd
USC,2026,0,0,0,cfbd
UT Martin,1936,0,0,0,cfbd
UT Martin,1937,0,0,0,cfbd
UT Martin,1938,0,0,0,cfbd
UT Martin,1939,0,0,0,cfbd
UT Martin,1940,0,0,0,cfbd
UT Martin,1941,0,0,0,cfbd
UT Martin,1942,0,0,0,cfbd
UT Martin,1943,0,0,0,cfbd
UT Martin,1944,0,0,0,cfbd
UT Martin,1945,0,0,0,cfbd
UT Martin,1946,0,0,0,cfbd
UT Martin,1947,0,0,0,cfbd
UT Martin,1948,0,0,0,cfbd
UT Martin,1949,0,0,0,cfbd
UT Martin,1950,0,0,0,cfbd
UT Martin,1951,0,0,0,cfbd
UT Martin,1952,0,0,0,cfbd
UT Martin,1953,0,0,0,cfbd
UT Martin,1954,0,0,0,cfbd
UT Martin,1955,0,0,0,cfbd
UT Martin,1956,0,0,0,cfbd
UT Martin,1957,0,0,0,cfbd
UT Martin,1958,0,0,0,cfbd
UT Martin,1959,0,0,0,cfbd
UT Martin,1960,0,0,0,cfbd
UT Martin,1961,0,0,0,cfbd
UT Martin,1962,0,0,0,cfbd
UT Martin,1963,0,0,0,cfbd
UT Martin,1964,0,0,0,cfbd
UT Martin,1965,0,0,0,cfbd
UT Martin,1966,0,0,0,cfbd
UT Martin,1967,1,0,0,cfbd
UT Martin,1968,0,0,0,cfbd
UT Martin,1969,0,0,0,cfbd
UT Martin,1970,0,0,0,cfbd
UT Martin,1971,0,0,0,cfbd
UT Martin,1972,0,0,0,cfbd
UT Martin,1973,0,0,0,cfbd
UT Martin,1974,0,0,0,cfbd
UT Martin,1975,0,0,0,cfbd
UT Martin,1976,0,0,0,cfbd
UT Martin,1977,0,1,0,cfbd
UT Martin,1978,0,0,0,cfbd
UT Martin,1979,0,0,0,cfbd
UT Martin,1980,0,1,0,cfbd
UT Martin,1981,0,0,0,cfbd
UT Martin,1982,0,0,0,cfbd
UT Martin,1983,0,0,0,cfbd
UT Martin,1984,0,0,0,cfbd
UT Martin,1985,0,0,0,cfbd
UT Martin,1986,0,0,0,cfbd
UT Martin,1987,0,0,0,cfbd
UT Martin,1988,0,0,0,cfbd
UT Martin,1989,0,0,0,cfbd
UT Martin,1990,0,0,0,cfbd
UT Martin,1991,0,0,0,cfbd
UT Martin,1992,0,0,0,cfbd
UT Martin,1993,0,0,0,cfbd
UT Martin,1994,0,0,0,cfbd
UT Martin,1995,0,0,0,cfbd
UT Martin,1996,0,0,0,cfbd
UT Martin,1997,0,0,0,cfbd
UT Martin,1998,0,1,0,cfbd
UT Martin,1999,0,1,0,cfbd
UT Martin,2000,0,0,0,cfbd
UT Martin,2001,0,0,0,cfbd
UT Martin,2002,0,1,0,cfbd
UT Martin,2003,2,10,0,cfbd
UT Martin,2004,2,9,0,cfbd
UT Martin,2005,5,5,0,cfbd
UT Martin,2006,9,3,0,cfbd
UT Martin,2007,3,7,0,cfbd
UT Martin,2008,8,4,0,cfbd
UT Martin,2009,3,5,0,cfbd
UT Martin,2010,6,5,0,cfbd
UT Martin,2011,5,6,0,cfbd
UT Martin,2012,8,3,0,cfbd
UT Martin,2013,2,2,0,cfbd
UT Martin,2014,6,6,0,cfbd
UT Martin,2015,7,4,0,cfbd
UT Martin,2016,7,5,0,cfbd
UT Martin,2017,6,5,0,cfbd
UT Martin,2018,2,9,0,cfbd
UT Martin,2019,7,5,0,cfbd
UT Martin,2020,3,4,0,cfbd
UT Martin,2021,10,3,0,cfbd
UT Martin,2022,7,4,0,cfbd
UT Martin,2023,8,3,0,cfbd
UT Martin,2024,9,5,0,cfbd
UT Martin,2025,6,6,0,cfbd
UT Martin,2026,0,1,0,cfbd
UT Permian Basin,2014,0,0,0,cfbd
UT Permian Basin,2015,0,0,0,cfbd
UT Permian Basin,2016,0,0,0,cfbd
UT Permian Basin,2017,0,0,0,cfbd
UT Permian Basin,2018,0,0,0,cfbd
UT Permian Basin,2019,0,0,0,cfbd
UT Permian Basin,2020,0,0,0,cfbd
UT Permian Basin,2021,5,5,0,cfbd
UT Permian Basin,2022,5,6,0,cfbd
UT Permian Basin,2023,10,2,0,cfbd
UT Permian Basin,2024,7,4,0,cfbd
UT Permian Basin,2025,11,3,0,cfbd
UT Permian Basin,2026,0,0,0,cfbd
UT Rio Grande Valley,2025,9,3,0,cfbd
UT Rio Grande Valley,2026,0,0,0,cfbd
Utah,1936,6,3,0,cfbd
Utah,1937,5,3,0,cfbd
Utah,1938,7,1,2,cfbd
Utah,1939,6,1,2,cfbd
Utah,1940,7,2,0,cfbd
Utah,1941,6,0,2,cfbd
Utah,1942,6,3,0,cfbd
Utah,1943,0,7,0,cfbd
Utah,1944,5,2,1,cfbd
Utah,1945,4,4,0,cfbd
Utah,1946,8,3,0,cfbd
Utah,1947,8,1,1,cfbd
Utah,1948,8,1,1,cfbd
Utah,1949,2,7,1,cfbd
Utah,1950,3,4,3,cfbd
Utah,1951,7,4,0,cfbd
Utah,1952,6,3,1,cfbd
Utah,1953,8,2,0,cfbd
Utah,1954,4,7,0,cfbd
Utah,1955,6,3,0,cfbd
Utah,1956,5,5,0,cfbd
Utah,1957,6,4,0,cfbd
Utah,1958,4,7,0,cfbd
Utah,1959,5,5,0,cfbd
Utah,1960,7,3,0,cfbd
Utah,1961,6,4,0,cfbd
Utah,1962,4,5,1,cfbd
Utah,1963,4,6,0,cfbd
Utah,1964,9,2,0,cfbd
Utah,1965,3,7,0,cfbd
Utah,1966,5,5,0,cfbd
Utah,1967,4,7,0,cfbd
Utah,1968,3,7,0,cfbd
Utah,1969,8,2,0,cfbd
Utah,1970,6,4,0,cfbd
Utah,1971,3,8,0,cfbd
Utah,1972,6,5,0,cfbd
Utah,1973,7,5,0,cfbd
Utah,1974,1,10,0,cfbd
Utah,1975,1,10,0,cfbd
Utah,1976,3,8,0,cfbd
Utah,1977,3,8,0,cfbd
Utah,1978,8,3,0,cfbd
Utah,1979,6,6,0,cfbd
Utah,1980,5,5,1,cfbd
Utah,1981,8,2,1,cfbd
Utah,1982,5,6,0,cfbd
Utah,1983,5,6,0,cfbd
Utah,1984,6,5,1,cfbd
Utah,1985,8,4,0,cfbd
Utah,1986,2,9,0,cfbd
Utah,1987,5,7,0,cfbd
Utah,1988,6,5,0,cfbd
Utah,1989,4,8,0,cfbd
Utah,1990,4,7,0,cfbd
Utah,1991,7,5,0,cfbd
Utah,1992,6,6,0,cfbd
Utah,1993,7,6,0,cfbd
Utah,1994,10,2,0,cfbd
Utah,1995,7,4,0,cfbd
Utah,1996,8,4,0,cfbd
Utah,1997,6,5,0,cfbd
Utah,1998,7,4,0,cfbd
Utah,1999,9,3,0,cfbd
Utah,2000,4,7,0,cfbd
Utah,2001,8,4,0,cfbd
Utah,2002,5,6,0,cfbd
Utah,2003,10,2,0,cfbd
Utah,2004,12,0,0,cfbd
Utah,2005,7,5,0,cfbd
Utah,2006,8,5,0,cfbd
Utah,2007,9,4,0,cfbd
Utah,2008,13,0,0,cfbd
Utah,2009,10,3,0,cfbd
Utah,2010,10,3,0,cfbd
Utah,2011,8,5,0,cfbd
Utah,2012,5,7,0,cfbd
Utah,2013,5,7,0,cfbd
Utah,2014,9,4,0,cfbd
Utah,2015,10,3,0,cfbd
Utah,2016,9,4,0,cfbd
Utah,2017,7,6,0,cfbd
Utah,2018,9,5,0,cfbd
Utah,2019,11,3,0,cfbd
Utah,2020,3,2,0,cfbd
Utah,2021,10,4,0,cfbd
Utah,2022,10,4,0,cfbd
Utah,2023,8,5,0,cfbd
Utah,2024,5,7,0,cfbd
Utah,2025,11,2,0,cfbd
Utah,2026,0,0,0,cfbd
Utah State,1936,7,0,1,cfbd
Utah State,1937,2,4,2,cfbd
Utah State,1938,4,4,0,cfbd
Utah State,1939,3,4,1,cfbd
Utah State,1940,2,5,1,cfbd
Utah State,1941,0,8,0,cfbd
Utah State,1942,6,3,1,cfbd
Utah State,1944,3,3,0,cfbd
Utah State,1945,4,3,0,cfbd
Utah State,1946,7,2,1,cfbd
Utah State,1947,6,5,0,cfbd
Utah State,1948,5,6,0,cfbd
Utah State,1949,3,7,0,cfbd
Utah State,1950,2,9,0,cfbd
Utah State,1951,3,5,1,cfbd
Utah State,1952,3,7,1,cfbd
Utah State,1953,8,3,0,cfbd
Utah State,1954,4,6,0,cfbd
Utah State,1955,4,6,0,cfbd
Utah State,1956,6,4,0,cfbd
Utah State,1957,2,7,1,cfbd
Utah State,1958,3,7,0,cfbd
Utah State,1959,5,6,0,cfbd
Utah State,1960,9,2,0,cfbd
Utah State,1961,9,1,1,cfbd
Utah State,1962,8,2,0,cfbd
Utah State,1963,8,2,0,cfbd
Utah State,1964,5,4,1,cfbd
Utah State,1965,8,2,0,cfbd
Utah State,1966,4,6,0,cfbd
Utah State,1967,7,2,1,cfbd
Utah State,1968,7,3,0,cfbd
Utah State,1969,3,7,0,cfbd
Utah State,1970,5,5,0,cfbd
Utah State,1971,8,3,0,cfbd
Utah State,1972,8,3,0,cfbd
Utah State,1973,7,4,0,cfbd
Utah State,1974,8,3,0,cfbd
Utah State,1975,6,5,0,cfbd
Utah State,1976,3,8,0,cfbd
Utah State,1977,4,7,0,cfbd
Utah State,1978,7,4,0,cfbd
Utah State,1979,7,3,1,cfbd
Utah State,1980,6,5,0,cfbd
Utah State,1981,5,5,1,cfbd
Utah State,1982,5,6,0,cfbd
Utah State,1983,5,6,0,cfbd
Utah State,1984,1,10,0,cfbd
Utah State,1985,3,8,0,cfbd
Utah State,1986,3,8,0,cfbd
Utah State,1987,5,6,0,cfbd
Utah State,1988,4,7,0,cfbd
Utah State,1989,4,7,0,cfbd
Utah State,1990,5,5,1,cfbd
Utah State,1991,5,6,0,cfbd
Utah State,1992,5,6,0,cfbd
Utah State,1993,7,5,0,cfbd
Utah State,1994,3,8,0,cfbd
Utah State,1995,4,7,0,cfbd
Utah State,1996,6,5,0,cfbd
Utah State,1997,6,6,0,cfbd
Utah State,1998,3,8,0,cfbd
Utah State,1999,4,7,0,cfbd
Utah State,2000,5,6,0,cfbd
Utah State,2001,4,7,0,cfbd
Utah State,2002,4,7,0,cfbd
Utah State,2003,3,9,0,cfbd
Utah State,2004,3,8,0,cfbd
Utah State,2005,3,8,0,cfbd
Utah State,2006,1,11,0,cfbd
Utah State,2007,2,10,0,cfbd
Utah State,2008,3,9,0,cfbd
Utah State,2009,4,8,0,cfbd
Utah State,2010,4,8,0,cfbd
Utah State,2011,7,6,0,cfbd
Utah State,2012,11,2,0,cfbd
Utah State,2013,9,5,0,cfbd
Utah State,2014,10,4,0,cfbd
Utah State,2015,6,7,0,cfbd
Utah State,2016,3,9,0,cfbd
Utah State,2017,6,7,0,cfbd
Utah State,2018,11,2,0,cfbd
Utah State,2019,7,6,0,cfbd
Utah State,2020,1,5,0,cfbd
Utah State,2021,11,3,0,cfbd
Utah State,2022,6,7,0,cfbd
Utah State,2023,6,7,0,cfbd
Utah State,2024,4,8,0,cfbd
Utah State,2025,6,7,0,cfbd
Utah State,2026,0,0,0,cfbd
Utah Tech,2006,0,2,0,cfbd
Utah Tech,2007,0,1,0,cfbd
Utah Tech,2008,0,1,0,cfbd
Utah Tech,2009,0,3,0,cfbd
Utah Tech,2010,0,1,0,cfbd
Utah Tech,2011,0,0,0,cfbd
Utah Tech,2012,0,0,0,cfbd
Utah Tech,2013,0,1,0,cfbd
Utah Tech,2014,0,0,0,cfbd
Utah Tech,2015,0,0,0,cfbd
Utah Tech,2016,0,0,0,cfbd
Utah Tech,2017,0,0,0,cfbd
Utah Tech,2018,0,0,0,cfbd
Utah Tech,2019,0,0,0,cfbd
Utah Tech,2020,2,3,0,cfbd
Utah Tech,2021,1,10,0,cfbd
Utah Tech,2022,4,7,0,cfbd
Utah Tech,2023,2,9,0,cfbd
Utah Tech,2024,1,11,0,cfbd
Utah Tech,2025,2,10,0,cfbd
Utah Tech,2026,0,0,0,cfbd
UTEP,1936,5,3,1,cfbd
UTEP,1937,7,1,2,cfbd
UTEP,1938,6,3,0,cfbd
UTEP,1939,5,4,0,cfbd
UTEP,1940,4,4,1,cfbd
UTEP,1941,4,5,1,cfbd
UTEP,1942,5,4,0,cfbd
UTEP,1946,3,6,0,cfbd
UTEP,1947,5,3,1,cfbd
UTEP,1948,8,2,1,cfbd
UTEP,1949,8,2,1,cfbd
UTEP,1950,7,3,0,cfbd
UTEP,1951,3,7,0,cfbd
UTEP,1952,5,5,1,cfbd
UTEP,1953,8,2,0,cfbd
UTEP,1954,8,3,0,cfbd
UTEP,1955,6,2,2,cfbd
UTEP,1956,9,2,0,cfbd
UTEP,1957,6,3,0,cfbd
UTEP,1958,2,7,0,cfbd
UTEP,1959,3,7,0,cfbd
UTEP,1960,4,5,1,cfbd
UTEP,1961,3,7,0,cfbd
UTEP,1962,4,5,0,cfbd
UTEP,1963,3,7,0,cfbd
UTEP,1964,0,8,2,cfbd
UTEP,1965,8,3,0,cfbd
UTEP,1966,6,4,0,cfbd
UTEP,1967,7,2,1,cfbd
UTEP,1968,4,5,1,cfbd
UTEP,1969,4,6,0,cfbd
UTEP,1970,6,4,0,cfbd
UTEP,1971,5,6,0,cfbd
UTEP,1972,2,8,0,cfbd
UTEP,1973,0,11,0,cfbd
UTEP,1974,4,7,0,cfbd
UTEP,1975,1,10,0,cfbd
UTEP,1976,1,11,0,cfbd
UTEP,1977,1,10,0,cfbd
UTEP,1978,1,11,0,cfbd
UTEP,1979,2,9,0,cfbd
UTEP,1980,1,11,0,cfbd
UTEP,1981,1,10,0,cfbd
UTEP,1982,2,10,0,cfbd
UTEP,1983,2,10,0,cfbd
UTEP,1984,2,9,0,cfbd
UTEP,1985,1,10,0,cfbd
UTEP,1986,4,8,0,cfbd
UTEP,1987,7,4,0,cfbd
UTEP,1988,10,3,0,cfbd
UTEP,1989,2,10,0,cfbd
UTEP,1990,3,8,0,cfbd
UTEP,1991,4,7,1,cfbd
UTEP,1992,1,10,0,cfbd
UTEP,1993,1,11,0,cfbd
UTEP,1994,3,7,1,cfbd
UTEP,1995,2,10,0,cfbd
UTEP,1996,2,9,0,cfbd
UTEP,1997,4,7,0,cfbd
UTEP,1998,3,8,0,cfbd
UTEP,1999,5,7,0,cfbd
UTEP,2000,8,4,0,cfbd
UTEP,2001,2,9,0,cfbd
UTEP,2002,2,10,0,cfbd
UTEP,2003,2,11,0,cfbd
UTEP,2004,8,4,0,cfbd
UTEP,2005,8,4,0,cfbd
UTEP,2006,5,7,0,cfbd
UTEP,2007,4,8,0,cfbd
UTEP,2008,5,7,0,cfbd
UTEP,2009,4,8,0,cfbd
UTEP,2010,6,7,0,cfbd
UTEP,2011,5,7,0,cfbd
UTEP,2012,3,9,0,cfbd
UTEP,2013,2,10,0,cfbd
UTEP,2014,7,6,0,cfbd
UTEP,2015,5,7,0,cfbd
UTEP,2016,4,8,0,cfbd
UTEP,2017,0,12,0,cfbd
UTEP,2018,1,11,0,cfbd
UTEP,2019,1,11,0,cfbd
UTEP,2020,3,5,0,cfbd
UTEP,2021,7,6,0,cfbd
UTEP,2022,5,7,0,cfbd
UTEP,2023,3,9,0,cfbd
UTEP,2024,3,9,0,cfbd
UTEP,2025,2,10,0,cfbd
UTEP,2026,0,0,0,cfbd
Utica,2014,0,0,0,cfbd
Utica,2015,0,0,0,cfbd
Utica,2016,0,0,0,cfbd
Utica,2017,0,0,0,cfbd
Utica,2018,0,0,0,cfbd
Utica,2019,0,0,0,cfbd
Utica,2020,1,1,0,cfbd
Utica,2021,0,0,0,cfbd
Utica,2022,10,2,0,cfbd
Utica,2023,8,2,0,cfbd
Utica,2024,5,5,0,cfbd
Utica,2025,8,3,0,cfbd
Utica,2026,0,0,0,cfbd
UTSA,2011,4,6,0,cfbd
UTSA,2012,8,4,0,cfbd
UTSA,2013,7,5,0,cfbd
UTSA,2014,4,8,0,cfbd
UTSA,2015,3,9,0,cfbd
UTSA,2016,6,7,0,cfbd
UTSA,2017,6,5,0,cfbd
UTSA,2018,3,9,0,cfbd
UTSA,2019,4,8,0,cfbd
UTSA,2020,7,5,0,cfbd
UTSA,2021,12,2,0,cfbd
UTSA,2022,11,3,0,cfbd
UTSA,2023,9,4,0,cfbd
UTSA,2024,7,6,0,cfbd
UTSA,2025,7,6,0,cfbd
UTSA,2026,0,0,0,cfbd
UVA Wise,2014,0,1,0,cfbd
UVA Wise,2015,0,0,0,cfbd
UVA Wise,2016,0,0,0,cfbd
UVA Wise,2017,0,0,0,cfbd
UVA Wise,2018,0,0,0,cfbd
UVA Wise,2019,0,1,0,cfbd
UVA Wise,2020,1,2,0,cfbd
UVA Wise,2021,5,6,0,cfbd
UVA Wise,2022,2,9,0,cfbd
UVA Wise,2023,2,9,0,cfbd
UVA Wise,2024,4,6,1,cfbd
UVA Wise,2025,1,9,0,cfbd
UVA Wise,2026,0,1,0,cfbd
Valdosta State,2014,0,0,0,cfbd
Valdosta State,2015,0,0,0,cfbd
Valdosta State,2016,0,0,0,cfbd
Valdosta State,2017,0,0,0,cfbd
Valdosta State,2018,1,0,0,cfbd
Valdosta State,2019,0,0,0,cfbd
Valdosta State,2020,0,0,0,cfbd
Valdosta State,2021,12,2,0,cfbd
Valdosta State,2022,5,6,0,cfbd
Valdosta State,2023,12,2,0,cfbd
Valdosta State,2024,13,1,1,cfbd
Valdosta State,2025,6,5,0,cfbd
Valdosta State,2026,0,0,0,cfbd
Valparaiso,1936,0,0,0,cfbd
Valparaiso,1937,0,0,0,cfbd
Valparaiso,1938,0,0,0,cfbd
Valparaiso,1939,0,0,0,cfbd
Valparaiso,1940,0,0,0,cfbd
Valparaiso,1941,0,0,0,cfbd
Valparaiso,1942,0,0,0,cfbd
Valparaiso,1945,0,0,0,cfbd
Valparaiso,1946,0,0,0,cfbd
Valparaiso,1947,0,0,0,cfbd
Valparaiso,1948,0,0,0,cfbd
Valparaiso,1949,0,0,0,cfbd
Valparaiso,1950,0,0,0,cfbd
Valparaiso,1951,0,0,0,cfbd
Valparaiso,1952,0,0,0,cfbd
Valparaiso,1953,0,0,0,cfbd
Valparaiso,1954,0,0,0,cfbd
Valparaiso,1955,0,0,0,cfbd
Valparaiso,1956,0,0,0,cfbd
Valparaiso,1957,0,0,0,cfbd
Valparaiso,1958,0,0,0,cfbd
Valparaiso,1959,0,0,0,cfbd
Valparaiso,1960,0,0,0,cfbd
Valparaiso,1961,0,0,0,cfbd
Valparaiso,1962,0,0,0,cfbd
Valparaiso,1963,0,0,0,cfbd
Valparaiso,1964,0,0,0,cfbd
Valparaiso,1965,0,0,0,cfbd
Valparaiso,1966,0,0,0,cfbd
Valparaiso,1967,0,0,0,cfbd
Valparaiso,1968,0,0,0,cfbd
Valparaiso,1969,0,0,0,cfbd
Valparaiso,1970,0,0,0,cfbd
Valparaiso,1971,0,0,0,cfbd
Valparaiso,1972,0,0,0,cfbd
Valparaiso,1973,0,0,0,cfbd
Valparaiso,1974,0,0,0,cfbd
Valparaiso,1975,0,0,0,cfbd
Valparaiso,1976,0,0,0,cfbd
Valparaiso,1977,0,0,0,cfbd
Valparaiso,1978,0,0,0,cfbd
Valparaiso,1979,0,0,0,cfbd
Valparaiso,1980,0,0,0,cfbd
Valparaiso,1981,0,0,0,cfbd
Valparaiso,1982,0,0,0,cfbd
Valparaiso,1983,0,0,0,cfbd
Valparaiso,1984,0,0,0,cfbd
Valparaiso,1985,0,0,0,cfbd
Valparaiso,1986,0,0,0,cfbd
Valparaiso,1987,0,0,0,cfbd
Valparaiso,1988,0,0,0,cfbd
Valparaiso,1989,0,0,0,cfbd
Valparaiso,1990,0,0,0,cfbd
Valparaiso,1991,0,0,0,cfbd
Valparaiso,1992,0,0,0,cfbd
Valparaiso,1993,0,0,0,cfbd
Valparaiso,1994,0,0,0,cfbd
Valparaiso,1995,0,0,0,cfbd
Valparaiso,1996,0,0,0,cfbd
Valparaiso,1997,0,0,0,cfbd
Valparaiso,1998,0,0,0,cfbd
Valparaiso,1999,0,0,0,cfbd
Valparaiso,2000,0,0,0,cfbd
Valparaiso,2001,0,0,0,cfbd
Valparaiso,2002,0,0,0,cfbd
Valparaiso,2003,1,1,0,cfbd
Valparaiso,2004,0,1,0,cfbd
Valparaiso,2005,3,8,0,cfbd
Valparaiso,2006,3,8,0,cfbd
Valparaiso,2007,5,6,0,cfbd
Valparaiso,2008,3,8,0,cfbd
Valparaiso,2009,1,9,0,cfbd
Valparaiso,2010,0,10,0,cfbd
Valparaiso,2011,1,10,0,cfbd
Valparaiso,2012,1,10,0,cfbd
Valparaiso,2013,1,10,0,cfbd
Valparaiso,2014,3,8,0,cfbd
Valparaiso,2015,1,9,0,cfbd
Valparaiso,2016,4,7,0,cfbd
Valparaiso,2017,6,5,0,cfbd
Valparaiso,2018,2,9,0,cfbd
Valparaiso,2019,1,11,0,cfbd
Valparaiso,2020,4,2,0,cfbd
Valparaiso,2021,4,7,0,cfbd
Valparaiso,2022,5,7,0,cfbd
Valparaiso,2023,3,8,0,cfbd
Valparaiso,2024,4,7,1,cfbd
Valparaiso,2025,2,10,0,cfbd
Valparaiso,2026,0,0,0,cfbd
Vanderbilt,1935,289,42,27,manual
Vanderbilt,1936,3,5,1,cfbd
Vanderbilt,1937,7,2,0,cfbd
Vanderbilt,1938,6,3,0,cfbd
Vanderbilt,1939,2,7,1,cfbd
Vanderbilt,1940,3,6,1,cfbd
Vanderbilt,1941,8,2,0,cfbd
Vanderbilt,1942,6,4,0,cfbd
Vanderbilt,1943,0,0,0,cfbd
Vanderbilt,1944,0,0,0,cfbd
Vanderbilt,1945,3,6,0,cfbd
Vanderbilt,1946,5,4,0,cfbd
Vanderbilt,1947,6,4,0,cfbd
Vanderbilt,1948,8,2,1,cfbd
Vanderbilt,1949,5,5,0,cfbd
Vanderbilt,1950,7,4,0,cfbd
Vanderbilt,1951,6,5,0,cfbd
Vanderbilt,1952,3,5,2,cfbd
Vanderbilt,1953,3,7,0,cfbd
Vanderbilt,1954,2,7,0,cfbd
Vanderbilt,1955,8,3,0,cfbd
Vanderbilt,1956,5,5,0,cfbd
Vanderbilt,1957,5,3,2,cfbd
Vanderbilt,1958,5,2,3,cfbd
Vanderbilt,1959,5,3,2,cfbd
Vanderbilt,1960,3,7,0,cfbd
Vanderbilt,1961,2,8,0,cfbd
Vanderbilt,1962,1,9,0,cfbd
Vanderbilt,1963,1,7,2,cfbd
Vanderbilt,1964,3,6,1,cfbd
Vanderbilt,1965,2,7,1,cfbd
Vanderbilt,1966,1,9,0,cfbd
Vanderbilt,1967,2,7,1,cfbd
Vanderbilt,1968,5,4,1,cfbd
Vanderbilt,1969,4,6,0,cfbd
Vanderbilt,1970,4,7,0,cfbd
Vanderbilt,1971,4,6,1,cfbd
Vanderbilt,1972,3,8,0,cfbd
Vanderbilt,1973,5,6,0,cfbd
Vanderbilt,1974,7,3,2,cfbd
Vanderbilt,1975,7,4,0,cfbd
Vanderbilt,1976,2,9,0,cfbd
Vanderbilt,1977,2,9,0,cfbd
Vanderbilt,1978,2,9,0,cfbd
Vanderbilt,1979,1,10,0,cfbd
Vanderbilt,1980,2,9,0,cfbd
Vanderbilt,1981,4,7,0,cfbd
Vanderbilt,1982,8,4,0,cfbd
Vanderbilt,1983,2,9,0,cfbd
Vanderbilt,1984,5,6,0,cfbd
Vanderbilt,1985,3,7,1,cfbd
Vanderbilt,1986,1,10,0,cfbd
Vanderbilt,1987,4,7,0,cfbd
Vanderbilt,1988,3,8,0,cfbd
Vanderbilt,1989,1,10,0,cfbd
Vanderbilt,1990,1,10,0,cfbd
Vanderbilt,1991,5,6,0,cfbd
Vanderbilt,1992,4,7,0,cfbd
Vanderbilt,1993,4,7,0,cfbd
Vanderbilt,1994,5,6,0,cfbd
Vanderbilt,1995,2,9,0,cfbd
Vanderbilt,1996,2,9,0,cfbd
Vanderbilt,1997,3,8,0,cfbd
Vanderbilt,1998,2,9,0,cfbd
Vanderbilt,1999,5,6,0,cfbd
Vanderbilt,2000,3,8,0,cfbd
Vanderbilt,2001,2,9,0,cfbd
Vanderbilt,2002,2,10,0,cfbd
Vanderbilt,2003,2,10,0,cfbd
Vanderbilt,2004,2,9,0,cfbd
Vanderbilt,2005,5,6,0,cfbd
Vanderbilt,2006,4,8,0,cfbd
Vanderbilt,2007,5,7,0,cfbd
Vanderbilt,2008,7,6,0,cfbd
Vanderbilt,2009,2,10,0,cfbd
Vanderbilt,2010,2,10,0,cfbd
Vanderbilt,2011,6,7,0,cfbd
Vanderbilt,2012,9,4,0,cfbd
Vanderbilt,2013,9,4,0,cfbd
Vanderbilt,2014,3,9,0,cfbd
Vanderbilt,2015,4,8,0,cfbd
Vanderbilt,2016,6,7,0,cfbd
Vanderbilt,2017,5,7,0,cfbd
Vanderbilt,2018,6,7,0,cfbd
Vanderbilt,2019,3,9,0,cfbd
Vanderbilt,2020,0,9,0,cfbd
Vanderbilt,2021,2,10,0,cfbd
Vanderbilt,2022,5,7,0,cfbd
Vanderbilt,2023,2,10,0,cfbd
Vanderbilt,2024,7,6,0,cfbd
Vanderbilt,2025,10,3,0,cfbd
Vanderbilt,2026,0,0,0,cfbd
Vermont State Castleton,2014,0,0,0,cfbd
Vermont State Castleton,2015,0,0,0,cfbd
Vermont State Castleton,2016,0,0,0,cfbd
Vermont State Castleton,2017,0,0,0,cfbd
Vermont State Castleton,2018,0,0,0,cfbd
Vermont State Castleton,2019,0,0,0,cfbd
Vermont State Castleton,2020,0,0,0,cfbd
Vermont State Castleton,2021,0,0,0,cfbd
Vermont State Castleton,2022,5,5,0,cfbd
Vermont State Castleton,2023,2,7,0,cfbd
Vermont State Castleton,2024,3,7,0,cfbd
Vermont State Castleton,2025,2,8,0,cfbd
Vermont State Castleton,2026,0,0,0,cfbd
Villanova,1936,7,2,1,cfbd
Villanova,1937,8,0,1,cfbd
Villanova,1938,8,0,1,cfbd
Villanova,1939,6,2,0,cfbd
Villanova,1940,4,5,0,cfbd
Villanova,1941,4,4,0,cfbd
Villanova,1942,4,4,0,cfbd
Villanova,1943,5,3,0,cfbd
Villanova,1944,4,4,0,cfbd
Villanova,1945,4,4,0,cfbd
Villanova,1946,6,4,0,cfbd
Villanova,1947,6,3,1,cfbd
Villanova,1948,8,2,1,cfbd
Villanova,1949,8,1,0,cfbd
Villanova,1950,4,5,0,cfbd
Villanova,1951,5,3,0,cfbd
Villanova,1952,7,1,1,cfbd
Villanova,1953,4,6,0,cfbd
Villanova,1954,1,9,0,cfbd
Villanova,1955,1,9,0,cfbd
Villanova,1956,5,4,0,cfbd
Villanova,1957,3,6,0,cfbd
Villanova,1958,6,4,0,cfbd
Villanova,1959,1,9,0,cfbd
Villanova,1960,2,8,0,cfbd
Villanova,1961,8,2,0,cfbd
Villanova,1962,7,3,0,cfbd
Villanova,1963,5,4,0,cfbd
Villanova,1964,6,2,0,cfbd
Villanova,1965,1,8,0,cfbd
Villanova,1966,6,3,0,cfbd
Villanova,1967,4,6,0,cfbd
Villanova,1968,6,4,0,cfbd
Villanova,1969,6,3,0,cfbd
Villanova,1970,9,2,0,cfbd
Villanova,1971,6,4,1,cfbd
Villanova,1972,2,9,0,cfbd
Villanova,1973,3,8,0,cfbd
Villanova,1974,3,8,0,cfbd
Villanova,1975,4,7,0,cfbd
Villanova,1976,6,4,1,cfbd
Villanova,1977,4,7,0,cfbd
Villanova,1978,5,6,0,cfbd
Villanova,1979,5,6,0,cfbd
Villanova,1980,6,5,0,cfbd
Villanova,1985,0,0,0,cfbd
Villanova,1986,0,0,0,cfbd
Villanova,1987,0,0,0,cfbd
Villanova,1988,0,1,0,cfbd
Villanova,1989,0,0,0,cfbd
Villanova,1990,0,1,0,cfbd
Villanova,1991,0,0,0,cfbd
Villanova,1992,0,0,0,cfbd
Villanova,1993,0,0,0,cfbd
Villanova,1994,0,0,0,cfbd
Villanova,1995,0,1,0,cfbd
Villanova,1996,0,1,0,cfbd
Villanova,1997,0,0,0,cfbd
Villanova,1998,0,1,0,cfbd
Villanova,1999,0,1,0,cfbd
Villanova,2000,0,1,0,cfbd
Villanova,2001,0,0,0,cfbd
Villanova,2002,1,0,0,cfbd
Villanova,2003,7,4,0,cfbd
Villanova,2004,7,5,0,cfbd
Villanova,2005,4,7,0,cfbd
Villanova,2006,6,5,0,cfbd
Villanova,2007,7,4,0,cfbd
Villanova,2008,10,2,0,cfbd
Villanova,2009,12,1,0,cfbd
Villanova,2010,7,4,0,cfbd
Villanova,2011,2,9,0,cfbd
Villanova,2012,7,4,0,cfbd
Villanova,2013,6,5,0,cfbd
Villanova,2014,11,3,0,cfbd
Villanova,2015,6,5,0,cfbd
Villanova,2016,9,4,0,cfbd
Villanova,2017,5,6,0,cfbd
Villanova,2018,5,6,0,cfbd
Villanova,2019,9,4,0,cfbd
Villanova,2020,2,2,0,cfbd
Villanova,2021,10,3,0,cfbd
Villanova,2022,6,5,0,cfbd
Villanova,2023,10,3,0,cfbd
Villanova,2024,10,4,0,cfbd
Villanova,2025,12,3,0,cfbd
Villanova,2026,0,1,0,cfbd
Virginia,1935,205,107,35,manual
Virginia,1936,2,7,0,cfbd
Virginia,1937,2,7,0,cfbd
Virginia,1938,4,4,1,cfbd
Virginia,1939,5,4,0,cfbd
Virginia,1940,4,5,0,cfbd
Virginia,1941,8,1,0,cfbd
Virginia,1942,2,6,1,cfbd
Virginia,1943,3,4,1,cfbd
Virginia,1944,6,1,2,cfbd
Virginia,1945,7,2,0,cfbd
Virginia,1946,4,4,1,cfbd
Virginia,1947,7,3,0,cfbd
Virginia,1948,5,3,1,cfbd
Virginia,1949,7,2,0,cfbd
Virginia,1950,8,2,0,cfbd
Virginia,1951,8,1,0,cfbd
Virginia,1952,8,2,0,cfbd
Virginia,1953,1,8,0,cfbd
Virginia,1954,3,6,0,cfbd
Virginia,1955,1,9,0,cfbd
Virginia,1956,3,7,0,cfbd
Virginia,1957,3,6,1,cfbd
Virginia,1958,1,9,0,cfbd
Virginia,1959,0,10,0,cfbd
Virginia,1960,0,10,0,cfbd
Virginia,1961,4,6,0,cfbd
Virginia,1962,5,5,0,cfbd
Virginia,1963,2,7,1,cfbd
Virginia,1964,5,5,0,cfbd
Virginia,1965,4,6,0,cfbd
Virginia,1966,4,6,0,cfbd
Virginia,1967,5,5,0,cfbd
Virginia,1968,7,3,0,cfbd
Virginia,1969,3,7,0,cfbd
Virginia,1970,5,6,0,cfbd
Virginia,1971,3,8,0,cfbd
Virginia,1972,4,7,0,cfbd
Virginia,1973,4,7,0,cfbd
Virginia,1974,4,7,0,cfbd
Virginia,1975,1,10,0,cfbd
Virginia,1976,2,9,0,cfbd
Virginia,1977,1,9,1,cfbd
Virginia,1978,2,9,0,cfbd
Virginia,1979,6,5,0,cfbd
Virginia,1980,4,7,0,cfbd
Virginia,1981,1,10,0,cfbd
Virginia,1982,2,9,0,cfbd
Virginia,1983,6,5,0,cfbd
Virginia,1984,8,2,2,cfbd
Virginia,1985,6,5,0,cfbd
Virginia,1986,3,8,0,cfbd
Virginia,1987,8,4,0,cfbd
Virginia,1988,7,4,0,cfbd
Virginia,1989,10,3,0,cfbd
Virginia,1990,8,4,0,cfbd
Virginia,1991,8,3,1,cfbd
Virginia,1992,7,4,0,cfbd
Virginia,1993,7,5,0,cfbd
Virginia,1994,9,3,0,cfbd
Virginia,1995,9,4,0,cfbd
Virginia,1996,7,5,0,cfbd
Virginia,1997,7,4,0,cfbd
Virginia,1998,9,3,0,cfbd
Virginia,1999,7,5,0,cfbd
Virginia,2000,6,6,0,cfbd
Virginia,2001,5,7,0,cfbd
Virginia,2002,9,5,0,cfbd
Virginia,2003,8,5,0,cfbd
Virginia,2004,8,4,0,cfbd
Virginia,2005,7,5,0,cfbd
Virginia,2006,5,7,0,cfbd
Virginia,2007,9,4,0,cfbd
Virginia,2008,5,7,0,cfbd
Virginia,2009,3,9,0,cfbd
Virginia,2010,4,8,0,cfbd
Virginia,2011,8,5,0,cfbd
Virginia,2012,4,8,0,cfbd
Virginia,2013,2,10,0,cfbd
Virginia,2014,5,7,0,cfbd
Virginia,2015,4,8,0,cfbd
Virginia,2016,2,10,0,cfbd
Virginia,2017,6,7,0,cfbd
Virginia,2018,8,5,0,cfbd
Virginia,2019,9,5,0,cfbd
Virginia,2020,5,5,0,cfbd
Virginia,2021,6,6,0,cfbd
Virginia,2022,3,7,0,cfbd
Virginia,2023,3,9,0,cfbd
Virginia,2024,5,7,0,cfbd
Virginia,2025,11,3,0,cfbd
Virginia,2026,0,0,0,cfbd
Virginia State,2014,0,0,0,cfbd
Virginia State,2015,0,0,0,cfbd
Virginia State,2016,0,0,0,cfbd
Virginia State,2017,1,0,0,cfbd
Virginia State,2018,0,2,0,cfbd
Virginia State,2019,0,1,0,cfbd
Virginia State,2020,0,0,0,cfbd
Virginia State,2021,3,6,0,cfbd
Virginia State,2022,6,4,0,cfbd
Virginia State,2023,8,2,0,cfbd
Virginia State,2024,7,4,0,cfbd
Virginia State,2025,6,4,0,cfbd
Virginia State,2026,0,0,0,cfbd
Virginia Tech,1936,5,5,0,cfbd
Virginia Tech,1937,5,5,0,cfbd
Virginia Tech,1938,3,5,2,cfbd
Virginia Tech,1939,4,5,1,cfbd
Virginia Tech,1940,5,5,0,cfbd
Virginia Tech,1941,6,4,0,cfbd
Virginia Tech,1942,7,2,1,cfbd
Virginia Tech,1945,2,6,0,cfbd
Virginia Tech,1946,3,4,3,cfbd
Virginia Tech,1947,4,5,0,cfbd
Virginia Tech,1948,0,8,1,cfbd
Virginia Tech,1949,1,7,2,cfbd
Virginia Tech,1950,0,10,0,cfbd
Virginia Tech,1951,2,8,0,cfbd
Virginia Tech,1952,5,6,0,cfbd
Virginia Tech,1953,5,5,0,cfbd
Virginia Tech,1954,8,0,1,cfbd
Virginia Tech,1955,6,3,1,cfbd
Virginia Tech,1956,7,2,1,cfbd
Virginia Tech,1957,4,6,0,cfbd
Virginia Tech,1958,5,4,1,cfbd
Virginia Tech,1959,6,4,0,cfbd
Virginia Tech,1960,6,4,0,cfbd
Virginia Tech,1961,4,5,0,cfbd
Virginia Tech,1962,5,5,0,cfbd
Virginia Tech,1963,8,2,0,cfbd
Virginia Tech,1964,6,4,0,cfbd
Virginia Tech,1965,7,3,0,cfbd
Virginia Tech,1966,8,2,1,cfbd
Virginia Tech,1967,7,3,0,cfbd
Virginia Tech,1968,7,4,0,cfbd
Virginia Tech,1969,4,5,1,cfbd
Virginia Tech,1970,5,6,0,cfbd
Virginia Tech,1971,4,7,0,cfbd
Virginia Tech,1972,6,4,1,cfbd
Virginia Tech,1973,2,9,0,cfbd
Virginia Tech,1974,4,7,0,cfbd
Virginia Tech,1975,8,3,0,cfbd
Virginia Tech,1976,6,5,0,cfbd
Virginia Tech,1977,3,7,1,cfbd
Virginia Tech,1978,4,7,0,cfbd
Virginia Tech,1979,5,6,0,cfbd
Virginia Tech,1980,8,4,0,cfbd
Virginia Tech,1981,7,4,0,cfbd
Virginia Tech,1982,7,4,0,cfbd
Virginia Tech,1983,9,2,0,cfbd
Virginia Tech,1984,8,4,0,cfbd
Virginia Tech,1985,6,5,0,cfbd
Virginia Tech,1986,9,2,1,cfbd
Virginia Tech,1987,2,9,0,cfbd
Virginia Tech,1988,3,8,0,cfbd
Virginia Tech,1989,6,4,1,cfbd
Virginia Tech,1990,6,5,0,cfbd
Virginia Tech,1991,5,6,0,cfbd
Virginia Tech,1992,2,8,1,cfbd
Virginia Tech,1993,9,3,0,cfbd
Virginia Tech,1994,8,4,0,cfbd
Virginia Tech,1995,10,2,0,cfbd
Virginia Tech,1996,10,2,0,cfbd
Virginia Tech,1997,7,5,0,cfbd
Virginia Tech,1998,9,3,0,cfbd
Virginia Tech,1999,11,1,0,cfbd
Virginia Tech,2000,11,1,0,cfbd
Virginia Tech,2001,8,4,0,cfbd
Virginia Tech,2002,10,4,0,cfbd
Virginia Tech,2003,8,5,0,cfbd
Virginia Tech,2004,10,3,0,cfbd
Virginia Tech,2005,11,2,0,cfbd
Virginia Tech,2006,10,3,0,cfbd
Virginia Tech,2007,11,3,0,cfbd
Virginia Tech,2008,10,4,0,cfbd
Virginia Tech,2009,10,3,0,cfbd
Virginia Tech,2010,11,3,0,cfbd
Virginia Tech,2011,11,3,0,cfbd
Virginia Tech,2012,7,6,0,cfbd
Virginia Tech,2013,8,5,0,cfbd
Virginia Tech,2014,7,6,0,cfbd
Virginia Tech,2015,7,6,0,cfbd
Virginia Tech,2016,10,4,0,cfbd
Virginia Tech,2017,9,4,0,cfbd
Virginia Tech,2018,6,7,0,cfbd
Virginia Tech,2019,8,5,0,cfbd
Virginia Tech,2020,5,6,0,cfbd
Virginia Tech,2021,6,7,0,cfbd
Virginia Tech,2022,3,8,0,cfbd
Virginia Tech,2023,7,6,0,cfbd
Virginia Tech,2024,6,7,0,cfbd
Virginia Tech,2025,3,9,0,cfbd
Virginia Tech,2026,0,0,0,cfbd
Virginia Union,2014,0,0,0,cfbd
Virginia Union,2015,0,1,0,cfbd
Virginia Union,2016,0,0,0,cfbd
Virginia Union,2017,0,0,0,cfbd
Virginia Union,2018,0,0,0,cfbd
Virginia Union,2019,1,0,0,cfbd
Virginia Union,2020,0,0,0,cfbd
Virginia Union,2021,6,4,0,cfbd
Virginia Union,2022,9,2,0,cfbd
Virginia Union,2023,10,2,0,cfbd
Virginia Union,2024,10,4,0,cfbd
Virginia Union,2025,9,3,0,cfbd
Virginia Union,2026,0,0,0,cfbd
VMI,1936,6,4,0,cfbd
VMI,1937,5,5,0,cfbd
VMI,1938,6,1,4,cfbd
VMI,1939,6,3,1,cfbd
VMI,1940,7,2,1,cfbd
VMI,1941,4,6,0,cfbd
VMI,1942,3,5,1,cfbd
VMI,1943,2,6,0,cfbd
VMI,1944,1,8,0,cfbd
VMI,1945,5,4,0,cfbd
VMI,1946,4,5,1,cfbd
VMI,1947,3,5,1,cfbd
VMI,1948,6,3,0,cfbd
VMI,1949,3,5,1,cfbd
VMI,1950,6,4,0,cfbd
VMI,1951,7,3,0,cfbd
VMI,1952,3,6,1,cfbd
VMI,1953,5,5,0,cfbd
VMI,1954,4,6,0,cfbd
VMI,1955,1,9,0,cfbd
VMI,1956,3,6,1,cfbd
VMI,1957,9,0,1,cfbd
VMI,1958,6,2,2,cfbd
VMI,1959,8,1,1,cfbd
VMI,1960,7,2,1,cfbd
VMI,1961,6,4,0,cfbd
VMI,1962,6,4,0,cfbd
VMI,1963,3,5,2,cfbd
VMI,1964,1,9,0,cfbd
VMI,1965,3,7,0,cfbd
VMI,1966,2,8,0,cfbd
VMI,1967,6,4,0,cfbd
VMI,1968,1,9,0,cfbd
VMI,1969,0,10,0,cfbd
VMI,1970,1,10,0,cfbd
VMI,1971,1,10,0,cfbd
VMI,1972,2,9,0,cfbd
VMI,1973,3,8,0,cfbd
VMI,1974,7,4,0,cfbd
VMI,1975,3,8,0,cfbd
VMI,1976,5,5,0,cfbd
VMI,1977,7,4,0,cfbd
VMI,1978,3,8,0,cfbd
VMI,1979,6,4,1,cfbd
VMI,1980,3,7,1,cfbd
VMI,1981,6,3,1,cfbd
VMI,1982,1,3,0,cfbd
VMI,1983,0,4,0,cfbd
VMI,1984,0,2,0,cfbd
VMI,1985,0,2,0,cfbd
VMI,1986,0,1,0,cfbd
VMI,1987,0,1,0,cfbd
VMI,1988,0,1,0,cfbd
VMI,1989,0,1,0,cfbd
VMI,1990,0,1,0,cfbd
VMI,1991,0,1,0,cfbd
VMI,1992,0,0,0,cfbd
VMI,1993,0,1,0,cfbd
VMI,1994,0,0,0,cfbd
VMI,1995,0,0,0,cfbd
VMI,1996,0,1,0,cfbd
VMI,1997,0,1,0,cfbd
VMI,1998,0,0,0,cfbd
VMI,1999,0,0,0,cfbd
VMI,2000,0,0,0,cfbd
VMI,2001,0,0,0,cfbd
VMI,2002,0,0,0,cfbd
VMI,2003,6,6,0,cfbd
VMI,2004,0,11,0,cfbd
VMI,2005,3,8,0,cfbd
VMI,2006,1,10,0,cfbd
VMI,2007,1,9,0,cfbd
VMI,2008,4,7,0,cfbd
VMI,2009,2,9,0,cfbd
VMI,2010,3,8,0,cfbd
VMI,2011,1,9,0,cfbd
VMI,2012,0,3,0,cfbd
VMI,2013,2,10,0,cfbd
VMI,2014,2,10,0,cfbd
VMI,2015,2,9,0,cfbd
VMI,2016,3,8,0,cfbd
VMI,2017,0,11,0,cfbd
VMI,2018,1,10,0,cfbd
VMI,2019,5,7,0,cfbd
VMI,2020,6,2,0,cfbd
VMI,2021,6,5,0,cfbd
VMI,2022,1,10,0,cfbd
VMI,2023,5,6,0,cfbd
VMI,2024,1,11,0,cfbd
VMI,2025,1,11,0,cfbd
VMI,2026,0,0,0,cfbd
Wabash,2014,0,0,0,cfbd
Wabash,2015,0,0,0,cfbd
Wabash,2016,0,0,0,cfbd
Wabash,2017,0,0,0,cfbd
Wabash,2018,0,0,0,cfbd
Wabash,2019,0,0,0,cfbd
Wabash,2020,0,0,0,cfbd
Wabash,2021,0,0,0,cfbd
Wabash,2022,6,3,0,cfbd
Wabash,2023,7,3,0,cfbd
Wabash,2024,8,2,0,cfbd
Wabash,2025,9,2,0,cfbd
Wabash,2026,0,0,0,cfbd
Wagner,1936,0,0,0,cfbd
Wagner,1937,0,0,0,cfbd
Wagner,1938,0,0,0,cfbd
Wagner,1939,0,0,0,cfbd
Wagner,1940,0,0,0,cfbd
Wagner,1941,0,0,0,cfbd
Wagner,1946,0,1,0,cfbd
Wagner,1947,0,0,0,cfbd
Wagner,1948,0,0,0,cfbd
Wagner,1949,0,0,0,cfbd
Wagner,1950,0,0,0,cfbd
Wagner,1951,0,0,0,cfbd
Wagner,1952,0,0,0,cfbd
Wagner,1953,0,0,0,cfbd
Wagner,1954,0,0,0,cfbd
Wagner,1955,0,0,0,cfbd
Wagner,1956,0,0,0,cfbd
Wagner,1957,0,0,0,cfbd
Wagner,1958,0,0,0,cfbd
Wagner,1959,0,0,0,cfbd
Wagner,1960,0,0,0,cfbd
Wagner,1961,0,0,0,cfbd
Wagner,1962,0,0,0,cfbd
Wagner,1963,0,0,0,cfbd
Wagner,1964,0,0,0,cfbd
Wagner,1965,0,0,0,cfbd
Wagner,1966,0,0,0,cfbd
Wagner,1967,0,0,0,cfbd
Wagner,1968,0,0,0,cfbd
Wagner,1969,0,0,0,cfbd
Wagner,1970,0,0,0,cfbd
Wagner,1971,0,0,0,cfbd
Wagner,1972,0,0,0,cfbd
Wagner,1973,0,0,0,cfbd
Wagner,1974,0,0,0,cfbd
Wagner,1975,0,0,0,cfbd
Wagner,1976,0,0,0,cfbd
Wagner,1977,0,0,0,cfbd
Wagner,1978,0,0,0,cfbd
Wagner,1979,0,0,0,cfbd
Wagner,1980,0,0,0,cfbd
Wagner,1981,0,0,0,cfbd
Wagner,1982,0,0,0,cfbd
Wagner,1983,0,0,0,cfbd
Wagner,1984,0,0,0,cfbd
Wagner,1985,0,0,0,cfbd
Wagner,1986,0,0,0,cfbd
Wagner,1987,0,0,0,cfbd
Wagner,1988,0,0,0,cfbd
Wagner,1989,0,0,0,cfbd
Wagner,1990,0,0,0,cfbd
Wagner,1991,0,0,0,cfbd
Wagner,1992,0,0,0,cfbd
Wagner,1993,0,0,0,cfbd
Wagner,1994,0,0,0,cfbd
Wagner,1995,0,0,0,cfbd
Wagner,1996,0,0,0,cfbd
Wagner,1997,0,0,0,cfbd
Wagner,1998,0,0,0,cfbd
Wagner,1999,0,0,0,cfbd
Wagner,2000,0,0,0,cfbd
Wagner,2001,0,0,0,cfbd
Wagner,2002,0,0,0,cfbd
Wagner,2003,6,5,0,cfbd
Wagner,2004,6,5,0,cfbd
Wagner,2005,6,5,0,cfbd
Wagner,2006,4,7,0,cfbd
Wagner,2007,7,4,0,cfbd
Wagner,2008,3,8,0,cfbd
Wagner,2009,6,5,0,cfbd
Wagner,2010,5,6,0,cfbd
Wagner,2011,4,7,0,cfbd
Wagner,2012,8,4,0,cfbd
Wagner,2013,2,8,0,cfbd
Wagner,2014,7,4,0,cfbd
Wagner,2015,1,10,0,cfbd
Wagner,2016,6,5,0,cfbd
Wagner,2017,4,7,0,cfbd
Wagner,2018,4,7,0,cfbd
Wagner,2019,1,11,0,cfbd
Wagner,2020,0,2,0,cfbd
Wagner,2021,0,11,0,cfbd
Wagner,2022,1,10,0,cfbd
Wagner,2023,4,7,0,cfbd
Wagner,2024,4,8,0,cfbd
Wagner,2025,5,7,0,cfbd
Wagner,2026,0,0,0,cfbd
Wake Forest,1935,95,90,16,manual
Wake Forest,1936,5,4,0,cfbd
Wake Forest,1937,3,6,0,cfbd
Wake Forest,1938,4,5,1,cfbd
Wake Forest,1939,7,3,0,cfbd
Wake Forest,1940,7,3,0,cfbd
Wake Forest,1941,5,5,1,cfbd
Wake Forest,1942,6,2,1,cfbd
Wake Forest,1943,4,5,0,cfbd
Wake Forest,1944,8,1,0,cfbd
Wake Forest,1945,5,3,1,cfbd
Wake Forest,1946,6,3,0,cfbd
Wake Forest,1947,6,4,0,cfbd
Wake Forest,1948,6,4,0,cfbd
Wake Forest,1949,4,6,0,cfbd
Wake Forest,1950,6,1,2,cfbd
Wake Forest,1951,6,4,0,cfbd
Wake Forest,1952,5,4,1,cfbd
Wake Forest,1953,3,6,1,cfbd
Wake Forest,1954,2,7,1,cfbd
Wake Forest,1955,5,4,1,cfbd
Wake Forest,1956,2,5,3,cfbd
Wake Forest,1957,0,10,0,cfbd
Wake Forest,1958,3,7,0,cfbd
Wake Forest,1959,6,4,0,cfbd
Wake Forest,1960,2,8,0,cfbd
Wake Forest,1961,4,6,0,cfbd
Wake Forest,1962,0,10,0,cfbd
Wake Forest,1963,1,9,0,cfbd
Wake Forest,1964,5,5,0,cfbd
Wake Forest,1965,3,7,0,cfbd
Wake Forest,1966,3,7,0,cfbd
Wake Forest,1967,4,6,0,cfbd
Wake Forest,1968,2,7,1,cfbd
Wake Forest,1969,3,7,0,cfbd
Wake Forest,1970,6,5,0,cfbd
Wake Forest,1971,6,5,0,cfbd
Wake Forest,1972,2,9,0,cfbd
Wake Forest,1973,1,9,1,cfbd
Wake Forest,1974,1,10,0,cfbd
Wake Forest,1975,3,8,0,cfbd
Wake Forest,1976,5,6,0,cfbd
Wake Forest,1977,1,10,0,cfbd
Wake Forest,1978,1,10,0,cfbd
Wake Forest,1979,8,4,0,cfbd
Wake Forest,1980,5,6,0,cfbd
Wake Forest,1981,4,7,0,cfbd
Wake Forest,1982,3,8,0,cfbd
Wake Forest,1983,4,7,0,cfbd
Wake Forest,1984,6,5,0,cfbd
Wake Forest,1985,4,7,0,cfbd
Wake Forest,1986,5,6,0,cfbd
Wake Forest,1987,7,4,0,cfbd
Wake Forest,1988,6,4,1,cfbd
Wake Forest,1989,2,8,1,cfbd
Wake Forest,1990,3,8,0,cfbd
Wake Forest,1991,3,8,0,cfbd
Wake Forest,1992,8,4,0,cfbd
Wake Forest,1993,2,9,0,cfbd
Wake Forest,1994,3,8,0,cfbd
Wake Forest,1995,1,10,0,cfbd
Wake Forest,1996,3,8,0,cfbd
Wake Forest,1997,5,6,0,cfbd
Wake Forest,1998,3,8,0,cfbd
Wake Forest,1999,7,5,0,cfbd
Wake Forest,2000,2,9,0,cfbd
Wake Forest,2001,6,5,0,cfbd
Wake Forest,2002,7,6,0,cfbd
Wake Forest,2003,5,7,0,cfbd
Wake Forest,2004,4,7,0,cfbd
Wake Forest,2005,4,7,0,cfbd
Wake Forest,2006,11,3,0,cfbd
Wake Forest,2007,9,4,0,cfbd
Wake Forest,2008,8,5,0,cfbd
Wake Forest,2009,5,7,0,cfbd
Wake Forest,2010,3,9,0,cfbd
Wake Forest,2011,6,7,0,cfbd
Wake Forest,2012,5,7,0,cfbd
Wake Forest,2013,4,8,0,cfbd
Wake Forest,2014,3,9,0,cfbd
Wake Forest,2015,3,9,0,cfbd
Wake Forest,2016,7,6,0,cfbd
Wake Forest,2017,8,5,0,cfbd
Wake Forest,2018,7,6,0,cfbd
Wake Forest,2019,8,5,0,cfbd
Wake Forest,2020,4,5,0,cfbd
Wake Forest,2021,11,3,0,cfbd
Wake Forest,2022,8,5,0,cfbd
Wake Forest,2023,4,8,0,cfbd
Wake Forest,2024,4,8,0,cfbd
Wake Forest,2025,9,4,0,cfbd
Wake Forest,2026,0,0,0,cfbd
Walsh,2014,0,0,0,cfbd
Walsh,2015,0,0,0,cfbd
Walsh,2016,0,0,0,cfbd
Walsh,2017,0,2,0,cfbd
Walsh,2018,0,0,0,cfbd
Walsh,2019,0,1,0,cfbd
Walsh,2020,1,4,0,cfbd
Walsh,2021,2,7,0,cfbd
Walsh,2022,1,9,0,cfbd
Walsh,2023,3,8,0,cfbd
Walsh,2024,5,6,0,cfbd
Walsh,2025,6,5,0,cfbd
Walsh,2026,0,0,0,cfbd
Wartburg,2014,0,0,0,cfbd
Wartburg,2015,0,0,0,cfbd
Wartburg,2016,0,0,0,cfbd
Wartburg,2017,0,0,0,cfbd
Wartburg,2018,0,0,0,cfbd
Wartburg,2019,0,0,0,cfbd
Wartburg,2020,0,0,0,cfbd
Wartburg,2021,0,0,0,cfbd
Wartburg,2022,13,1,0,cfbd
Wartburg,2023,13,1,0,cfbd
Wartburg,2024,10,2,0,cfbd
Wartburg,2025,10,1,0,cfbd
Wartburg,2026,0,0,0,cfbd
Washburn,1936,2,6,1,cfbd
Washburn,1937,0,10,0,cfbd
Washburn,1938,6,3,0,cfbd
Washburn,1939,6,4,0,cfbd
Washburn,1940,4,6,0,cfbd
Washburn,2014,0,0,0,cfbd
Washburn,2015,0,0,0,cfbd
Washburn,2016,0,0,0,cfbd
Washburn,2017,0,0,0,cfbd
Washburn,2018,0,0,0,cfbd
Washburn,2019,0,0,0,cfbd
Washburn,2020,0,0,0,cfbd
Washburn,2021,9,3,0,cfbd
Washburn,2022,7,4,0,cfbd
Washburn,2023,2,9,0,cfbd
Washburn,2024,3,8,0,cfbd
Washburn,2025,3,8,0,cfbd
Washburn,2026,0,0,0,cfbd
Washington,1935,213,10,30,manual
Washington,1936,7,2,1,cfbd
Washington,1937,7,2,2,cfbd
Washington,1938,3,5,1,cfbd
Washington,1939,4,5,0,cfbd
Washington,1940,7,2,0,cfbd
Washington,1941,5,4,0,cfbd
Washington,1942,4,3,3,cfbd
Washington,1943,1,1,0,cfbd
Washington,1944,5,3,0,cfbd
Washington,1945,6,3,0,cfbd
Washington,1946,5,4,0,cfbd
Washington,1947,3,6,0,cfbd
Washington,1948,2,7,1,cfbd
Washington,1949,3,7,0,cfbd
Washington,1950,8,2,0,cfbd
Washington,1951,3,6,1,cfbd
Washington,1952,7,3,0,cfbd
Washington,1953,3,6,1,cfbd
Washington,1954,2,8,0,cfbd
Washington,1955,5,4,1,cfbd
Washington,1956,5,5,0,cfbd
Washington,1957,3,6,1,cfbd
Washington,1958,3,7,0,cfbd
Washington,1959,10,1,0,cfbd
Washington,1960,10,1,0,cfbd
Washington,1961,5,4,1,cfbd
Washington,1962,7,1,2,cfbd
Washington,1963,6,5,0,cfbd
Washington,1964,6,4,0,cfbd
Washington,1965,5,5,0,cfbd
Washington,1966,6,4,0,cfbd
Washington,1967,5,5,0,cfbd
Washington,1968,3,5,2,cfbd
Washington,1969,1,9,0,cfbd
Washington,1970,6,4,0,cfbd
Washington,1971,8,3,0,cfbd
Washington,1972,8,3,0,cfbd
Washington,1973,2,9,0,cfbd
Washington,1974,5,6,0,cfbd
Washington,1975,6,5,0,cfbd
Washington,1976,5,6,0,cfbd
Washington,1977,8,4,0,cfbd
Washington,1978,7,4,0,cfbd
Washington,1979,9,3,0,cfbd
Washington,1980,9,3,0,cfbd
Washington,1981,10,2,0,cfbd
Washington,1982,10,2,0,cfbd
Washington,1983,8,4,0,cfbd
Washington,1984,11,1,0,cfbd
Washington,1985,7,5,0,cfbd
Washington,1986,8,3,1,cfbd
Washington,1987,7,4,1,cfbd
Washington,1988,6,5,0,cfbd
Washington,1989,8,4,0,cfbd
Washington,1990,10,2,0,cfbd
Washington,1991,12,0,0,cfbd
Washington,1992,9,3,0,cfbd
Washington,1993,7,4,0,cfbd
Washington,1994,7,4,0,cfbd
Washington,1995,7,4,1,cfbd
Washington,1996,9,3,0,cfbd
Washington,1997,8,4,0,cfbd
Washington,1998,6,6,0,cfbd
Washington,1999,7,5,0,cfbd
Washington,2000,11,1,0,cfbd
Washington,2001,8,4,0,cfbd
Washington,2002,7,6,0,cfbd
Washington,2003,6,6,0,cfbd
Washington,2004,1,10,0,cfbd
Washington,2005,2,9,0,cfbd
Washington,2006,5,7,0,cfbd
Washington,2007,4,9,0,cfbd
Washington,2008,0,12,0,cfbd
Washington,2009,5,7,0,cfbd
Washington,2010,7,6,0,cfbd
Washington,2011,7,6,0,cfbd
Washington,2012,7,6,0,cfbd
Washington,2013,9,4,0,cfbd
Washington,2014,8,6,0,cfbd
Washington,2015,7,6,0,cfbd
Washington,2016,12,2,0,cfbd
Washington,2017,10,3,0,cfbd
Washington,2018,10,4,0,cfbd
Washington,2019,8,5,0,cfbd
Washington,2020,3,1,0,cfbd
Washington,2021,4,8,0,cfbd
Washington,2022,11,2,0,cfbd
Washington,2023,14,1,0,cfbd
Washington,2024,6,7,0,cfbd
Washington,2025,9,4,0,cfbd
Washington,2026,0,0,0,cfbd
Washington & Jefferson,2014,0,0,0,cfbd
Washington & Jefferson,2015,0,0,0,cfbd
Washington & Jefferson,2016,0,0,0,cfbd
Washington & Jefferson,2017,0,0,0,cfbd
Washington & Jefferson,2018,0,0,0,cfbd
Washington & Jefferson,2019,0,0,0,cfbd
Washington & Jefferson,2020,3,1,0,cfbd
Washington & Jefferson,2021,0,0,0,cfbd
Washington & Jefferson,2022,8,2,0,cfbd
Washington & Jefferson,2023,8,2,0,cfbd
Washington & Jefferson,2024,9,2,0,cfbd
Washington & Jefferson,2025,8,3,0,cfbd
Washington & Jefferson,2026,0,0,0,cfbd
Washington and Lee,1936,4,5,0,cfbd
Washington and Lee,1937,4,5,0,cfbd
Washington and Lee,1938,4,4,1,cfbd
Washington and Lee,1939,3,4,1,cfbd
Washington and Lee,1940,2,7,1,cfbd
Washington and Lee,1941,1,6,2,cfbd
Washington and Lee,1942,1,8,0,cfbd
Washington and Lee,1946,2,6,0,cfbd
Washington and Lee,1947,5,5,0,cfbd
Washington and Lee,1948,4,6,0,cfbd
Washington and Lee,1949,3,5,1,cfbd
Washington and Lee,1950,8,3,0,cfbd
Washington and Lee,1951,6,4,0,cfbd
Washington and Lee,1952,3,7,0,cfbd
Washington and Lee,1953,4,6,0,cfbd
Washington and Lee,2014,0,0,0,cfbd
Washington and Lee,2015,0,0,0,cfbd
Washington and Lee,2016,0,0,0,cfbd
Washington and Lee,2017,0,0,0,cfbd
Washington and Lee,2018,0,0,0,cfbd
Washington and Lee,2019,0,0,0,cfbd
Washington and Lee,2020,0,0,0,cfbd
Washington and Lee,2021,0,0,0,cfbd
Washington and Lee,2022,5,5,0,cfbd
Washington and Lee,2023,8,2,0,cfbd
Washington and Lee,2024,6,4,0,cfbd
Washington and Lee,2025,7,4,0,cfbd
Washington and Lee,2026,0,0,0,cfbd
Washington St. Louis,1936,3,7,0,cfbd
Washington St. Louis,1937,4,6,0,cfbd
Washington St. Louis,1938,6,3,1,cfbd
Washington St. Louis,1939,6,3,1,cfbd
Washington St. Louis,1940,3,6,0,cfbd
Washington St. Louis,1941,4,5,0,cfbd
Washington St. Louis,1942,5,5,0,cfbd
Washington St. Louis,2014,0,0,0,cfbd
Washington St. Louis,2015,0,0,0,cfbd
Washington St. Louis,2016,0,0,0,cfbd
Washington St. Louis,2017,0,0,0,cfbd
Washington St. Louis,2018,0,0,0,cfbd
Washington St. Louis,2019,0,0,0,cfbd
Washington St. Louis,2020,0,0,0,cfbd
Washington St. Louis,2021,0,0,0,cfbd
Washington St. Louis,2022,8,2,0,cfbd
Washington St. Louis,2023,7,3,0,cfbd
Washington St. Louis,2024,8,2,0,cfbd
Washington St. Louis,2025,8,3,0,cfbd
Washington St. Louis,2026,0,0,0,cfbd
Washington State,1936,6,3,1,cfbd
Washington State,1937,3,3,3,cfbd
Washington State,1938,2,8,0,cfbd
Washington State,1939,4,5,0,cfbd
Washington State,1940,4,4,2,cfbd
Washington State,1941,6,4,0,cfbd
Washington State,1942,6,2,2,cfbd
Washington State,1945,6,2,1,cfbd
Washington State,1946,1,6,1,cfbd
Washington State,1947,3,7,0,cfbd
Washington State,1948,4,5,1,cfbd
Washington State,1949,3,6,0,cfbd
Washington State,1950,4,3,2,cfbd
Washington State,1951,7,3,0,cfbd
Washington State,1952,4,6,0,cfbd
Washington State,1953,4,6,0,cfbd
Washington State,1954,4,6,0,cfbd
Washington State,1955,1,7,2,cfbd
Washington State,1956,3,6,1,cfbd
Washington State,1957,6,4,0,cfbd
Washington State,1958,7,3,0,cfbd
Washington State,1959,6,4,0,cfbd
Washington State,1960,4,5,1,cfbd
Washington State,1961,3,7,0,cfbd
Washington State,1962,5,4,1,cfbd
Washington State,1963,3,6,1,cfbd
Washington State,1964,3,6,1,cfbd
Washington State,1965,7,3,0,cfbd
Washington State,1966,3,7,0,cfbd
Washington State,1967,2,8,0,cfbd
Washington State,1968,3,6,1,cfbd
Washington State,1969,1,9,0,cfbd
Washington State,1970,1,10,0,cfbd
Washington State,1971,4,7,0,cfbd
Washington State,1972,7,4,0,cfbd
Washington State,1973,5,6,0,cfbd
Washington State,1974,2,9,0,cfbd
Washington State,1975,3,8,0,cfbd
Washington State,1976,3,8,0,cfbd
Washington State,1977,6,5,0,cfbd
Washington State,1978,3,7,1,cfbd
Washington State,1979,3,8,0,cfbd
Washington State,1980,4,7,0,cfbd
Washington State,1981,8,3,1,cfbd
Washington State,1982,3,7,1,cfbd
Washington State,1983,7,4,0,cfbd
Washington State,1984,6,5,0,cfbd
Washington State,1985,4,7,0,cfbd
Washington State,1986,3,7,1,cfbd
Washington State,1987,3,7,1,cfbd
Washington State,1988,9,3,0,cfbd
Washington State,1989,6,5,0,cfbd
Washington State,1990,3,8,0,cfbd
Washington State,1991,4,7,0,cfbd
Washington State,1992,9,3,0,cfbd
Washington State,1993,5,6,0,cfbd
Washington State,1994,8,4,0,cfbd
Washington State,1995,3,8,0,cfbd
Washington State,1996,5,6,0,cfbd
Washington State,1997,10,2,0,cfbd
Washington State,1998,3,8,0,cfbd
Washington State,1999,3,9,0,cfbd
Washington State,2000,4,7,0,cfbd
Washington State,2001,10,2,0,cfbd
Washington State,2002,10,3,0,cfbd
Washington State,2003,10,3,0,cfbd
Washington State,2004,5,6,0,cfbd
Washington State,2005,4,7,0,cfbd
Washington State,2006,6,6,0,cfbd
Washington State,2007,5,7,0,cfbd
Washington State,2008,2,11,0,cfbd
Washington State,2009,1,11,0,cfbd
Washington State,2010,2,10,0,cfbd
Washington State,2011,4,8,0,cfbd
Washington State,2012,3,9,0,cfbd
Washington State,2013,6,7,0,cfbd
Washington State,2014,3,9,0,cfbd
Washington State,2015,9,4,0,cfbd
Washington State,2016,8,5,0,cfbd
Washington State,2017,9,4,0,cfbd
Washington State,2018,11,2,0,cfbd
Washington State,2019,6,7,0,cfbd
Washington State,2020,1,3,0,cfbd
Washington State,2021,7,6,0,cfbd
Washington State,2022,7,6,0,cfbd
Washington State,2023,5,7,0,cfbd
Washington State,2024,8,5,0,cfbd
Washington State,2025,7,6,0,cfbd
Washington State,2026,0,0,0,cfbd
Wayne State (MI),2014,0,0,0,cfbd
Wayne State (MI),2015,0,0,0,cfbd
Wayne State (MI),2016,0,0,0,cfbd
Wayne State (MI),2017,0,0,0,cfbd
Wayne State (MI),2018,0,0,0,cfbd
Wayne State (MI),2019,0,0,0,cfbd
Wayne State (MI),2020,0,0,0,cfbd
Wayne State (MI),2021,2,9,0,cfbd
Wayne State (MI),2022,1,9,0,cfbd
Wayne State (MI),2023,3,8,0,cfbd
Wayne State (MI),2024,2,9,0,cfbd
Wayne State (MI),2025,0,11,0,cfbd
Wayne State (MI),2026,0,0,0,cfbd
Wayne State (NE),2014,0,0,0,cfbd
Wayne State (NE),2015,0,0,0,cfbd
Wayne State (NE),2016,0,0,0,cfbd
Wayne State (NE),2017,0,0,0,cfbd
Wayne State (NE),2018,0,0,0,cfbd
Wayne State (NE),2019,0,0,0,cfbd
Wayne State (NE),2020,0,0,0,cfbd
Wayne State (NE),2021,7,4,0,cfbd
Wayne State (NE),2022,9,3,0,cfbd
Wayne State (NE),2023,8,3,0,cfbd
Wayne State (NE),2024,7,4,0,cfbd
Wayne State (NE),2025,7,4,0,cfbd
Wayne State (NE),2026,0,0,0,cfbd
Waynesburg,2014,0,0,0,cfbd
Waynesburg,2015,0,0,0,cfbd
Waynesburg,2016,0,0,0,cfbd
Waynesburg,2017,0,0,0,cfbd
Waynesburg,2018,0,0,0,cfbd
Waynesburg,2019,0,0,0,cfbd
Waynesburg,2020,0,5,0,cfbd
Waynesburg,2021,0,0,0,cfbd
Waynesburg,2022,4,6,0,cfbd
Waynesburg,2023,2,8,0,cfbd
Waynesburg,2024,4,6,0,cfbd
Waynesburg,2025,4,6,0,cfbd
Waynesburg,2026,0,0,0,cfbd
Weber State,1962,0,1,0,cfbd
Weber State,1963,0,0,0,cfbd
Weber State,1964,0,0,0,cfbd
Weber State,1965,1,0,0,cfbd
Weber State,1966,0,1,0,cfbd
Weber State,1967,1,0,0,cfbd
Weber State,1968,0,1,0,cfbd
Weber State,1969,1,1,0,cfbd
Weber State,1970,0,1,0,cfbd
Weber State,1971,1,1,0,cfbd
Weber State,1972,1,1,0,cfbd
Weber State,1973,0,4,0,cfbd
Weber State,1974,0,2,0,cfbd
Weber State,1975,0,2,0,cfbd
Weber State,1976,0,2,0,cfbd
Weber State,1977,0,1,0,cfbd
Weber State,1978,1,2,0,cfbd
Weber State,1979,0,2,0,cfbd
Weber State,1980,0,1,0,cfbd
Weber State,1981,0,1,0,cfbd
Weber State,1982,0,2,0,cfbd
Weber State,1983,0,1,0,cfbd
Weber State,1984,0,1,0,cfbd
Weber State,1985,0,1,0,cfbd
Weber State,1986,0,0,0,cfbd
Weber State,1987,0,1,0,cfbd
Weber State,1988,0,1,0,cfbd
Weber State,1989,0,1,0,cfbd
Weber State,1990,0,1,0,cfbd
Weber State,1991,0,1,0,cfbd
Weber State,1992,1,1,0,cfbd
Weber State,1993,1,0,0,cfbd
Weber State,1994,0,1,0,cfbd
Weber State,1995,0,2,0,cfbd
Weber State,1996,0,1,0,cfbd
Weber State,1997,0,1,0,cfbd
Weber State,1998,0,1,0,cfbd
Weber State,1999,0,1,0,cfbd
Weber State,2000,0,1,0,cfbd
Weber State,2001,0,2,0,cfbd
Weber State,2002,0,1,0,cfbd
Weber State,2003,1,1,0,cfbd
Weber State,2004,1,10,0,cfbd
Weber State,2005,6,5,0,cfbd
Weber State,2006,4,7,0,cfbd
Weber State,2007,5,6,0,cfbd
Weber State,2008,10,3,0,cfbd
Weber State,2009,7,5,0,cfbd
Weber State,2010,6,5,0,cfbd
Weber State,2011,5,6,0,cfbd
Weber State,2012,0,3,0,cfbd
Weber State,2013,2,10,0,cfbd
Weber State,2014,2,10,0,cfbd
Weber State,2015,6,5,0,cfbd
Weber State,2016,7,5,0,cfbd
Weber State,2017,11,3,0,cfbd
Weber State,2018,10,3,0,cfbd
Weber State,2019,11,4,0,cfbd
Weber State,2020,5,1,0,cfbd
Weber State,2021,6,5,0,cfbd
Weber State,2022,10,3,0,cfbd
Weber State,2023,6,5,0,cfbd
Weber State,2024,4,8,0,cfbd
Weber State,2025,4,8,0,cfbd
Weber State,2026,1,0,0,cfbd
Wesley College,2014,0,1,0,cfbd
Wesley College,2015,0,0,0,cfbd
Wesley College,2016,0,0,0,cfbd
Wesley College,2017,0,0,0,cfbd
Wesley College,2018,0,0,0,cfbd
Wesley College,2019,0,0,0,cfbd
Wesleyan (CT),2014,0,0,0,cfbd
Wesleyan (CT),2015,0,0,0,cfbd
Wesleyan (CT),2016,0,0,0,cfbd
Wesleyan (CT),2017,0,0,0,cfbd
Wesleyan (CT),2018,0,0,0,cfbd
Wesleyan (CT),2019,0,0,0,cfbd
Wesleyan (CT),2020,0,0,0,cfbd
Wesleyan (CT),2021,0,0,0,cfbd
Wesleyan (CT),2022,5,3,0,cfbd
Wesleyan (CT),2023,6,3,0,cfbd
Wesleyan (CT),2024,8,1,0,cfbd
Wesleyan (CT),2025,7,2,0,cfbd
Wesleyan (CT),2026,0,0,0,cfbd
West Alabama,2014,0,1,0,cfbd
West Alabama,2015,0,0,0,cfbd
West Alabama,2016,0,1,0,cfbd
West Alabama,2017,0,1,0,cfbd
West Alabama,2018,0,0,0,cfbd
West Alabama,2019,0,0,0,cfbd
West Alabama,2020,2,0,0,cfbd
West Alabama,2021,6,4,0,cfbd
West Alabama,2022,5,6,0,cfbd
West Alabama,2023,5,5,0,cfbd
West Alabama,2024,9,2,1,cfbd
West Alabama,2025,5,4,2,cfbd
West Alabama,2026,0,0,0,cfbd
West Chester,2014,0,0,0,cfbd
West Chester,2015,0,0,0,cfbd
West Chester,2016,0,0,0,cfbd
West Chester,2017,0,0,0,cfbd
West Chester,2018,0,0,0,cfbd
West Chester,2019,0,0,0,cfbd
West Chester,2020,0,0,0,cfbd
West Chester,2021,6,5,0,cfbd
West Chester,2022,7,4,0,cfbd
West Chester,2023,6,5,0,cfbd
West Chester,2024,4,6,0,cfbd
West Chester,2025,4,7,0,cfbd
West Chester,2026,0,0,0,cfbd
West Florida,2016,0,0,0,cfbd
West Florida,2017,0,1,0,cfbd
West Florida,2018,1,0,0,cfbd
West Florida,2019,1,0,0,cfbd
West Florida,2021,8,2,0,cfbd
West Florida,2022,12,2,0,cfbd
West Florida,2023,8,4,0,cfbd
West Florida,2024,7,3,0,cfbd
West Florida,2025,10,2,0,cfbd
West Florida,2026,1,0,0,cfbd
West Georgia,1981,0,0,0,cfbd
West Georgia,1982,0,0,0,cfbd
West Georgia,1983,0,0,0,cfbd
West Georgia,1984,0,0,0,cfbd
West Georgia,1985,0,0,0,cfbd
West Georgia,1986,0,0,0,cfbd
West Georgia,1987,0,0,0,cfbd
West Georgia,1988,0,0,0,cfbd
West Georgia,1989,0,0,0,cfbd
West Georgia,1990,0,0,0,cfbd
West Georgia,1991,0,0,0,cfbd
West Georgia,1992,0,0,0,cfbd
West Georgia,1993,0,0,0,cfbd
West Georgia,1994,0,0,0,cfbd
West Georgia,1995,0,0,0,cfbd
West Georgia,1996,0,0,0,cfbd
West Georgia,1997,0,0,0,cfbd
West Georgia,1998,0,0,0,cfbd
West Georgia,1999,0,0,0,cfbd
West Georgia,2000,0,0,0,cfbd
West Georgia,2001,0,0,0,cfbd
West Georgia,2002,0,0,0,cfbd
West Georgia,2003,0,0,0,cfbd
West Georgia,2004,0,0,0,cfbd
West Georgia,2005,0,0,0,cfbd
West Georgia,2006,0,1,0,cfbd
West Georgia,2007,0,1,0,cfbd
West Georgia,2008,0,1,0,cfbd
West Georgia,2009,0,0,0,cfbd
West Georgia,2010,0,0,0,cfbd
West Georgia,2011,0,0,0,cfbd
West Georgia,2012,0,0,0,cfbd
West Georgia,2013,0,0,0,cfbd
West Georgia,2014,0,0,0,cfbd
West Georgia,2015,0,0,0,cfbd
West Georgia,2016,0,0,0,cfbd
West Georgia,2017,0,0,0,cfbd
West Georgia,2018,0,0,0,cfbd
West Georgia,2019,0,0,0,cfbd
West Georgia,2021,9,3,0,cfbd
West Georgia,2022,8,2,0,cfbd
West Georgia,2023,6,4,0,cfbd
West Georgia,2024,4,7,0,cfbd
West Georgia,2025,8,3,0,cfbd
West Georgia,2026,0,1,0,cfbd
West Liberty,2014,0,1,0,cfbd
West Liberty,2015,0,0,0,cfbd
West Liberty,2016,0,0,0,cfbd
West Liberty,2017,0,0,0,cfbd
West Liberty,2018,0,0,0,cfbd
West Liberty,2019,0,0,0,cfbd
West Liberty,2020,2,2,0,cfbd
West Liberty,2021,4,7,0,cfbd
West Liberty,2022,4,7,0,cfbd
West Liberty,2023,4,6,0,cfbd
West Liberty,2024,2,9,0,cfbd
West Liberty,2025,3,8,0,cfbd
West Liberty,2026,0,0,0,cfbd
West Texas,1941,8,2,0,cfbd
West Texas,1942,7,2,0,cfbd
West Texas,1944,4,3,0,cfbd
West Texas,1945,2,6,0,cfbd
West Texas,1946,5,5,0,cfbd
West Texas,1947,7,4,0,cfbd
West Texas,1948,6,5,0,cfbd
West Texas,1949,5,4,0,cfbd
West Texas,1950,10,1,0,cfbd
West Texas,1951,2,7,0,cfbd
West Texas,1952,3,6,0,cfbd
West Texas,1953,1,8,1,cfbd
West Texas,1954,1,8,0,cfbd
West Texas,1955,4,4,1,cfbd
West Texas,1956,8,2,0,cfbd
West Texas,1957,7,3,0,cfbd
West Texas,1958,1,9,0,cfbd
West Texas,1959,1,9,0,cfbd
West Texas,1960,3,7,0,cfbd
West Texas,1961,6,4,0,cfbd
West Texas,1962,9,2,0,cfbd
West Texas,1963,4,4,1,cfbd
West Texas,1964,4,6,0,cfbd
West Texas,1965,6,4,0,cfbd
West Texas,1966,7,3,0,cfbd
West Texas,1967,8,3,0,cfbd
West Texas,1968,8,2,0,cfbd
West Texas,1969,6,4,0,cfbd
West Texas,1970,7,3,0,cfbd
West Texas,1971,2,9,0,cfbd
West Texas,1972,5,5,0,cfbd
West Texas,1973,2,9,0,cfbd
West Texas,1974,6,5,0,cfbd
West Texas,1975,5,6,0,cfbd
West Texas,1976,4,5,2,cfbd
West Texas,1977,6,4,1,cfbd
West Texas,1978,3,8,0,cfbd
West Texas,1979,5,5,1,cfbd
West Texas,1980,5,6,0,cfbd
West Texas,1981,7,4,0,cfbd
West Texas,1982,3,8,0,cfbd
West Texas,1983,0,10,1,cfbd
West Texas,1984,3,8,0,cfbd
West Texas,1985,6,3,1,cfbd
West Texas,2014,0,0,0,cfbd
West Texas,2015,0,0,0,cfbd
West Texas,2016,0,0,0,cfbd
West Texas,2017,0,0,0,cfbd
West Texas,2018,0,0,0,cfbd
West Texas,2019,0,0,0,cfbd
West Texas,2020,0,1,0,cfbd
West Texas,2021,7,4,0,cfbd
West Texas,2022,5,6,0,cfbd
West Texas,2023,3,7,0,cfbd
West Texas,2024,5,6,0,cfbd
West Texas,2025,8,4,0,cfbd
West Texas,2026,0,0,0,cfbd
West Virginia,1935,197,98,27,manual
West Virginia,1936,6,4,0,cfbd
West Virginia,1937,8,1,1,cfbd
West Virginia,1938,4,5,1,cfbd
West Virginia,1939,2,6,1,cfbd
West Virginia,1940,4,4,1,cfbd
West Virginia,1941,4,6,0,cfbd
West Virginia,1942,5,4,0,cfbd
West Virginia,1943,4,3,0,cfbd
West Virginia,1944,5,3,1,cfbd
West Virginia,1945,2,6,1,cfbd
West Virginia,1946,5,5,0,cfbd
West Virginia,1947,6,4,0,cfbd
West Virginia,1948,9,3,0,cfbd
West Virginia,1949,4,6,1,cfbd
West Virginia,1950,2,8,0,cfbd
West Virginia,1951,5,5,0,cfbd
West Virginia,1952,7,2,0,cfbd
West Virginia,1953,8,2,0,cfbd
West Virginia,1954,8,1,0,cfbd
West Virginia,1955,8,2,0,cfbd
West Virginia,1956,6,4,0,cfbd
West Virginia,1957,7,2,1,cfbd
West Virginia,1958,4,5,1,cfbd
West Virginia,1959,3,7,0,cfbd
West Virginia,1960,0,8,2,cfbd
West Virginia,1961,4,6,0,cfbd
West Virginia,1962,8,2,0,cfbd
West Virginia,1963,4,6,0,cfbd
West Virginia,1964,7,4,0,cfbd
West Virginia,1965,6,4,0,cfbd
West Virginia,1966,3,5,2,cfbd
West Virginia,1967,5,4,1,cfbd
West Virginia,1968,7,3,0,cfbd
West Virginia,1969,10,1,0,cfbd
West Virginia,1970,8,3,0,cfbd
West Virginia,1971,7,4,0,cfbd
West Virginia,1972,8,4,0,cfbd
West Virginia,1973,6,5,0,cfbd
West Virginia,1974,4,7,0,cfbd
West Virginia,1975,9,3,0,cfbd
West Virginia,1976,5,6,0,cfbd
West Virginia,1977,5,6,0,cfbd
West Virginia,1978,2,9,0,cfbd
West Virginia,1979,5,6,0,cfbd
West Virginia,1980,6,6,0,cfbd
West Virginia,1981,9,3,0,cfbd
West Virginia,1982,9,3,0,cfbd
West Virginia,1983,9,3,0,cfbd
West Virginia,1984,8,4,0,cfbd
West Virginia,1985,7,3,1,cfbd
West Virginia,1986,4,7,0,cfbd
West Virginia,1987,6,6,0,cfbd
West Virginia,1988,11,1,0,cfbd
West Virginia,1989,8,3,1,cfbd
West Virginia,1990,4,7,0,cfbd
West Virginia,1991,6,5,0,cfbd
West Virginia,1992,5,4,2,cfbd
West Virginia,1993,11,1,0,cfbd
West Virginia,1994,7,6,0,cfbd
West Virginia,1995,5,6,0,cfbd
West Virginia,1996,8,4,0,cfbd
West Virginia,1997,7,5,0,cfbd
West Virginia,1998,8,4,0,cfbd
West Virginia,1999,4,7,0,cfbd
West Virginia,2000,7,5,0,cfbd
West Virginia,2001,3,8,0,cfbd
West Virginia,2002,9,4,0,cfbd
West Virginia,2003,8,5,0,cfbd
West Virginia,2004,8,4,0,cfbd
West Virginia,2005,11,1,0,cfbd
West Virginia,2006,11,2,0,cfbd
West Virginia,2007,11,2,0,cfbd
West Virginia,2008,9,4,0,cfbd
West Virginia,2009,9,4,0,cfbd
West Virginia,2010,9,4,0,cfbd
West Virginia,2011,10,3,0,cfbd
West Virginia,2012,7,6,0,cfbd
West Virginia,2013,4,8,0,cfbd
West Virginia,2014,7,6,0,cfbd
West Virginia,2015,8,5,0,cfbd
West Virginia,2016,10,3,0,cfbd
West Virginia,2017,7,6,0,cfbd
West Virginia,2018,8,4,0,cfbd
West Virginia,2019,5,7,0,cfbd
West Virginia,2020,6,4,0,cfbd
West Virginia,2021,6,7,0,cfbd
West Virginia,2022,5,7,0,cfbd
West Virginia,2023,9,4,0,cfbd
West Virginia,2024,6,7,0,cfbd
West Virginia,2025,4,8,0,cfbd
West Virginia,2026,0,0,0,cfbd
West Virginia State,2014,0,0,0,cfbd
West Virginia State,2015,0,0,0,cfbd
West Virginia State,2016,0,0,0,cfbd
West Virginia State,2017,0,0,0,cfbd
West Virginia State,2018,0,0,0,cfbd
West Virginia State,2019,0,1,0,cfbd
West Virginia State,2020,2,2,0,cfbd
West Virginia State,2021,6,5,0,cfbd
West Virginia State,2022,7,4,0,cfbd
West Virginia State,2023,4,6,0,cfbd
West Virginia State,2024,6,5,0,cfbd
West Virginia State,2025,5,6,0,cfbd
West Virginia State,2026,0,0,0,cfbd
West Virginia Wesleyan,2014,0,0,0,cfbd
West Virginia Wesleyan,2015,0,0,0,cfbd
West Virginia Wesleyan,2016,0,1,0,cfbd
West Virginia Wesleyan,2017,0,1,0,cfbd
West Virginia Wesleyan,2018,0,1,0,cfbd
West Virginia Wesleyan,2019,0,1,0,cfbd
West Virginia Wesleyan,2020,0,2,0,cfbd
West Virginia Wesleyan,2021,0,10,0,cfbd
West Virginia Wesleyan,2022,1,10,0,cfbd
West Virginia Wesleyan,2023,0,10,1,cfbd
West Virginia Wesleyan,2024,0,11,0,cfbd
West Virginia Wesleyan,2025,0,11,0,cfbd
West Virginia Wesleyan,2026,0,0,0,cfbd
Western Carolina,1936,0,0,0,cfbd
Western Carolina,1937,0,0,0,cfbd
Western Carolina,1938,0,0,0,cfbd
Western Carolina,1939,0,0,0,cfbd
Western Carolina,1940,0,0,0,cfbd
Western Carolina,1941,0,0,0,cfbd
Western Carolina,1945,0,0,0,cfbd
Western Carolina,1946,0,0,0,cfbd
Western Carolina,1947,0,0,0,cfbd
Western Carolina,1948,0,0,0,cfbd
Western Carolina,1949,0,0,0,cfbd
Western Carolina,1950,0,0,0,cfbd
Western Carolina,1951,0,0,0,cfbd
Western Carolina,1952,0,0,0,cfbd
Western Carolina,1953,0,0,0,cfbd
Western Carolina,1954,0,0,0,cfbd
Western Carolina,1955,0,0,0,cfbd
Western Carolina,1956,0,0,0,cfbd
Western Carolina,1957,0,0,0,cfbd
Western Carolina,1958,0,0,0,cfbd
Western Carolina,1959,0,0,0,cfbd
Western Carolina,1960,0,0,0,cfbd
Western Carolina,1961,0,0,0,cfbd
Western Carolina,1962,0,0,0,cfbd
Western Carolina,1963,0,0,0,cfbd
Western Carolina,1964,0,0,0,cfbd
Western Carolina,1965,0,0,0,cfbd
Western Carolina,1966,0,0,0,cfbd
Western Carolina,1967,0,0,0,cfbd
Western Carolina,1968,0,0,0,cfbd
Western Carolina,1969,0,0,0,cfbd
Western Carolina,1970,0,0,0,cfbd
Western Carolina,1971,0,1,0,cfbd
Western Carolina,1972,3,0,0,cfbd
Western Carolina,1973,2,0,0,cfbd
Western Carolina,1974,1,0,0,cfbd
Western Carolina,1975,1,4,0,cfbd
Western Carolina,1976,0,3,0,cfbd
Western Carolina,1977,6,4,1,cfbd
Western Carolina,1978,6,5,0,cfbd
Western Carolina,1979,6,5,0,cfbd
Western Carolina,1980,3,7,1,cfbd
Western Carolina,1981,4,7,0,cfbd
Western Carolina,1982,0,2,0,cfbd
Western Carolina,1983,0,3,0,cfbd
Western Carolina,1984,0,1,0,cfbd
Western Carolina,1985,0,2,0,cfbd
Western Carolina,1986,0,3,0,cfbd
Western Carolina,1987,0,2,0,cfbd
Western Carolina,1988,0,2,0,cfbd
Western Carolina,1989,0,2,0,cfbd
Western Carolina,1990,0,2,0,cfbd
Western Carolina,1991,0,2,0,cfbd
Western Carolina,1992,0,1,0,cfbd
Western Carolina,1993,0,1,0,cfbd
Western Carolina,1994,0,2,0,cfbd
Western Carolina,1995,0,1,0,cfbd
Western Carolina,1996,0,0,0,cfbd
Western Carolina,1997,0,0,0,cfbd
Western Carolina,1998,0,1,0,cfbd
Western Carolina,1999,0,1,0,cfbd
Western Carolina,2000,0,1,0,cfbd
Western Carolina,2001,0,1,0,cfbd
Western Carolina,2002,0,1,0,cfbd
Western Carolina,2003,5,7,0,cfbd
Western Carolina,2004,4,7,0,cfbd
Western Carolina,2005,5,4,0,cfbd
Western Carolina,2006,2,9,0,cfbd
Western Carolina,2007,1,10,0,cfbd
Western Carolina,2008,3,9,0,cfbd
Western Carolina,2009,2,9,0,cfbd
Western Carolina,2010,2,9,0,cfbd
Western Carolina,2011,1,10,0,cfbd
Western Carolina,2012,1,10,0,cfbd
Western Carolina,2013,2,10,0,cfbd
Western Carolina,2014,7,5,0,cfbd
Western Carolina,2015,7,4,0,cfbd
Western Carolina,2016,2,9,0,cfbd
Western Carolina,2017,7,5,0,cfbd
Western Carolina,2018,3,8,0,cfbd
Western Carolina,2019,3,9,0,cfbd
Western Carolina,2020,1,8,0,cfbd
Western Carolina,2021,4,7,0,cfbd
Western Carolina,2022,6,5,0,cfbd
Western Carolina,2023,7,4,0,cfbd
Western Carolina,2024,7,5,0,cfbd
Western Carolina,2025,7,5,0,cfbd
Western Carolina,2026,0,0,0,cfbd
Western Colorado,1936,1,6,0,cfbd
Western Colorado,1937,5,3,0,cfbd
Western Colorado,2014,0,0,0,cfbd
Western Colorado,2015,0,1,0,cfbd
Western Colorado,2016,0,0,0,cfbd
Western Colorado,2017,0,0,0,cfbd
Western Colorado,2018,0,1,0,cfbd
Western Colorado,2019,0,1,0,cfbd
Western Colorado,2020,0,1,0,cfbd
Western Colorado,2021,10,2,0,cfbd
Western Colorado,2022,7,4,0,cfbd
Western Colorado,2023,10,2,0,cfbd
Western Colorado,2024,11,2,0,cfbd
Western Colorado,2025,10,3,0,cfbd
Western Colorado,2026,0,0,0,cfbd
Western Connecticut State,2014,0,0,0,cfbd
Western Connecticut State,2015,0,0,0,cfbd
Western Connecticut State,2016,0,0,0,cfbd
Western Connecticut State,2017,0,0,0,cfbd
Western Connecticut State,2018,0,0,0,cfbd
Western Connecticut State,2019,0,0,0,cfbd
Western Connecticut State,2020,0,0,0,cfbd
Western Connecticut State,2021,0,0,0,cfbd
Western Connecticut State,2022,7,3,0,cfbd
Western Connecticut State,2023,7,3,0,cfbd
Western Connecticut State,2024,8,2,0,cfbd
Western Connecticut State,2025,5,5,0,cfbd
Western Connecticut State,2026,0,0,0,cfbd
Western Illinois,1936,0,0,0,cfbd
Western Illinois,1937,0,0,0,cfbd
Western Illinois,1938,0,0,0,cfbd
Western Illinois,1939,0,0,0,cfbd
Western Illinois,1940,0,0,0,cfbd
Western Illinois,1941,0,0,0,cfbd
Western Illinois,1942,0,0,0,cfbd
Western Illinois,1943,0,0,0,cfbd
Western Illinois,1944,0,0,0,cfbd
Western Illinois,1945,0,0,0,cfbd
Western Illinois,1946,0,0,0,cfbd
Western Illinois,1947,0,0,0,cfbd
Western Illinois,1948,0,0,0,cfbd
Western Illinois,1949,0,0,0,cfbd
Western Illinois,1950,0,0,0,cfbd
Western Illinois,1951,0,0,0,cfbd
Western Illinois,1952,0,0,0,cfbd
Western Illinois,1953,0,0,0,cfbd
Western Illinois,1954,0,0,0,cfbd
Western Illinois,1955,0,0,0,cfbd
Western Illinois,1956,0,0,0,cfbd
Western Illinois,1957,0,0,0,cfbd
Western Illinois,1958,0,0,0,cfbd
Western Illinois,1959,0,0,0,cfbd
Western Illinois,1960,0,0,0,cfbd
Western Illinois,1961,0,0,0,cfbd
Western Illinois,1962,0,0,0,cfbd
Western Illinois,1963,0,0,0,cfbd
Western Illinois,1964,0,0,0,cfbd
Western Illinois,1965,0,0,0,cfbd
Western Illinois,1966,0,0,0,cfbd
Western Illinois,1967,0,0,0,cfbd
Western Illinois,1968,0,0,0,cfbd
Western Illinois,1969,0,0,0,cfbd
Western Illinois,1970,0,0,0,cfbd
Western Illinois,1971,0,0,0,cfbd
Western Illinois,1972,0,0,0,cfbd
Western Illinois,1973,1,0,0,cfbd
Western Illinois,1974,1,0,0,cfbd
Western Illinois,1975,2,1,0,cfbd
Western Illinois,1976,1,0,0,cfbd
Western Illinois,1977,0,1,0,cfbd
Western Illinois,1978,1,2,0,cfbd
Western Illinois,1979,0,2,0,cfbd
Western Illinois,1980,1,1,0,cfbd
Western Illinois,1981,0,3,0,cfbd
Western Illinois,1982,1,2,0,cfbd
Western Illinois,1983,1,2,0,cfbd
Western Illinois,1984,4,0,0,cfbd
Western Illinois,1985,1,2,0,cfbd
Western Illinois,1986,1,1,0,cfbd
Western Illinois,1987,0,2,0,cfbd
Western Illinois,1988,0,1,0,cfbd
Western Illinois,1989,0,1,0,cfbd
Western Illinois,1990,0,1,0,cfbd
Western Illinois,1991,0,1,0,cfbd
Western Illinois,1992,0,0,0,cfbd
Western Illinois,1993,0,1,0,cfbd
Western Illinois,1994,0,1,0,cfbd
Western Illinois,1995,0,1,0,cfbd
Western Illinois,1996,1,0,0,cfbd
Western Illinois,1997,0,1,0,cfbd
Western Illinois,1998,0,1,0,cfbd
Western Illinois,1999,1,0,0,cfbd
Western Illinois,2000,1,1,0,cfbd
Western Illinois,2001,0,1,0,cfbd
Western Illinois,2002,1,0,0,cfbd
Western Illinois,2003,8,3,0,cfbd
Western Illinois,2004,4,7,0,cfbd
Western Illinois,2005,5,6,0,cfbd
Western Illinois,2006,5,6,0,cfbd
Western Illinois,2007,6,5,0,cfbd
Western Illinois,2008,6,5,0,cfbd
Western Illinois,2009,1,10,0,cfbd
Western Illinois,2010,8,5,0,cfbd
Western Illinois,2011,2,9,0,cfbd
Western Illinois,2012,3,8,0,cfbd
Western Illinois,2013,4,8,0,cfbd
Western Illinois,2014,5,7,0,cfbd
Western Illinois,2015,7,6,0,cfbd
Western Illinois,2016,6,5,0,cfbd
Western Illinois,2017,8,4,0,cfbd
Western Illinois,2018,5,6,0,cfbd
Western Illinois,2019,1,11,0,cfbd
Western Illinois,2020,1,5,0,cfbd
Western Illinois,2021,2,9,0,cfbd
Western Illinois,2022,0,11,0,cfbd
Western Illinois,2023,0,11,0,cfbd
Western Illinois,2024,4,8,0,cfbd
Western Illinois,2025,4,8,0,cfbd
Western Illinois,2026,1,0,0,cfbd
Western Kentucky,1936,0,0,0,cfbd
Western Kentucky,1937,0,0,0,cfbd
Western Kentucky,1938,0,1,0,cfbd
Western Kentucky,1939,0,0,0,cfbd
Western Kentucky,1940,0,0,0,cfbd
Western Kentucky,1941,0,0,0,cfbd
Western Kentucky,1942,0,1,0,cfbd
Western Kentucky,1946,0,0,0,cfbd
Western Kentucky,1947,0,0,0,cfbd
Western Kentucky,1948,0,0,0,cfbd
Western Kentucky,1949,0,0,0,cfbd
Western Kentucky,1950,0,0,0,cfbd
Western Kentucky,1951,0,0,0,cfbd
Western Kentucky,1952,0,0,0,cfbd
Western Kentucky,1953,0,0,0,cfbd
Western Kentucky,1954,0,0,0,cfbd
Western Kentucky,1955,0,0,0,cfbd
Western Kentucky,1956,0,0,0,cfbd
Western Kentucky,1957,0,0,0,cfbd
Western Kentucky,1958,0,0,0,cfbd
Western Kentucky,1959,0,0,0,cfbd
Western Kentucky,1960,0,0,0,cfbd
Western Kentucky,1961,0,0,0,cfbd
Western Kentucky,1962,0,0,0,cfbd
Western Kentucky,1963,1,0,0,cfbd
Western Kentucky,1964,0,0,0,cfbd
Western Kentucky,1965,0,0,0,cfbd
Western Kentucky,1966,0,0,0,cfbd
Western Kentucky,1967,0,0,0,cfbd
Western Kentucky,1968,0,0,0,cfbd
Western Kentucky,1969,1,0,0,cfbd
Western Kentucky,1970,0,0,0,cfbd
Western Kentucky,1971,0,0,0,cfbd
Western Kentucky,1972,0,1,0,cfbd
Western Kentucky,1973,1,0,0,cfbd
Western Kentucky,1974,1,0,0,cfbd
Western Kentucky,1975,3,0,0,cfbd
Western Kentucky,1976,1,0,0,cfbd
Western Kentucky,1977,0,1,0,cfbd
Western Kentucky,1978,1,1,0,cfbd
Western Kentucky,1979,0,2,0,cfbd
Western Kentucky,1980,0,0,0,cfbd
Western Kentucky,1981,0,0,0,cfbd
Western Kentucky,1982,0,1,0,cfbd
Western Kentucky,1983,0,1,0,cfbd
Western Kentucky,1984,0,1,0,cfbd
Western Kentucky,1985,0,1,0,cfbd
Western Kentucky,1986,0,1,0,cfbd
Western Kentucky,1987,0,0,0,cfbd
Western Kentucky,1988,0,1,0,cfbd
Western Kentucky,1989,0,1,0,cfbd
Western Kentucky,1990,0,1,0,cfbd
Western Kentucky,1991,0,0,0,cfbd
Western Kentucky,1992,0,1,0,cfbd
Western Kentucky,1993,0,1,0,cfbd
Western Kentucky,1994,0,0,0,cfbd
Western Kentucky,1995,0,0,0,cfbd
Western Kentucky,1996,0,1,0,cfbd
Western Kentucky,1997,0,1,0,cfbd
Western Kentucky,1998,0,2,0,cfbd
Western Kentucky,1999,0,0,0,cfbd
Western Kentucky,2000,0,1,0,cfbd
Western Kentucky,2001,0,1,0,cfbd
Western Kentucky,2002,0,1,0,cfbd
Western Kentucky,2003,8,3,0,cfbd
Western Kentucky,2004,10,3,0,cfbd
Western Kentucky,2005,6,5,0,cfbd
Western Kentucky,2006,6,5,0,cfbd
Western Kentucky,2007,7,5,0,cfbd
Western Kentucky,2008,2,10,0,cfbd
Western Kentucky,2009,0,12,0,cfbd
Western Kentucky,2010,2,10,0,cfbd
Western Kentucky,2011,7,5,0,cfbd
Western Kentucky,2012,7,6,0,cfbd
Western Kentucky,2013,8,4,0,cfbd
Western Kentucky,2014,8,5,0,cfbd
Western Kentucky,2015,12,2,0,cfbd
Western Kentucky,2016,11,3,0,cfbd
Western Kentucky,2017,6,7,0,cfbd
Western Kentucky,2018,3,9,0,cfbd
Western Kentucky,2019,9,4,0,cfbd
Western Kentucky,2020,5,7,0,cfbd
Western Kentucky,2021,9,5,0,cfbd
Western Kentucky,2022,9,5,0,cfbd
Western Kentucky,2023,8,5,0,cfbd
Western Kentucky,2024,8,6,0,cfbd
Western Kentucky,2025,9,4,0,cfbd
Western Kentucky,2026,0,0,0,cfbd
Western Michigan,1936,0,1,0,cfbd
Western Michigan,1937,0,1,0,cfbd
Western Michigan,1938,0,1,0,cfbd
Western Michigan,1939,0,1,0,cfbd
Western Michigan,1940,0,0,0,cfbd
Western Michigan,1941,0,0,0,cfbd
Western Michigan,1942,0,0,0,cfbd
Western Michigan,1943,0,2,0,cfbd
Western Michigan,1944,0,1,0,cfbd
Western Michigan,1945,0,1,0,cfbd
Western Michigan,1946,0,0,0,cfbd
Western Michigan,1947,0,1,0,cfbd
Western Michigan,1948,0,0,0,cfbd
Western Michigan,1949,0,0,0,cfbd
Western Michigan,1950,0,0,0,cfbd
Western Michigan,1951,0,0,0,cfbd
Western Michigan,1952,0,0,0,cfbd
Western Michigan,1953,0,0,0,cfbd
Western Michigan,1954,0,0,0,cfbd
Western Michigan,1955,0,0,0,cfbd
Western Michigan,1956,0,0,0,cfbd
Western Michigan,1957,0,0,0,cfbd
Western Michigan,1958,0,0,0,cfbd
Western Michigan,1959,0,1,0,cfbd
Western Michigan,1960,0,0,0,cfbd
Western Michigan,1961,0,3,0,cfbd
Western Michigan,1962,5,4,0,cfbd
Western Michigan,1963,2,7,0,cfbd
Western Michigan,1964,3,6,0,cfbd
Western Michigan,1965,6,2,1,cfbd
Western Michigan,1966,7,3,0,cfbd
Western Michigan,1967,5,4,0,cfbd
Western Michigan,1968,3,6,0,cfbd
Western Michigan,1969,4,6,0,cfbd
Western Michigan,1970,7,3,0,cfbd
Western Michigan,1971,7,3,0,cfbd
Western Michigan,1972,7,3,1,cfbd
Western Michigan,1973,6,5,0,cfbd
Western Michigan,1974,3,8,0,cfbd
Western Michigan,1975,1,10,0,cfbd
Western Michigan,1976,7,4,0,cfbd
Western Michigan,1977,4,7,0,cfbd
Western Michigan,1978,7,4,0,cfbd
Western Michigan,1979,6,5,0,cfbd
Western Michigan,1980,7,4,0,cfbd
Western Michigan,1981,6,5,0,cfbd
Western Michigan,1982,7,2,2,cfbd
Western Michigan,1983,6,5,0,cfbd
Western Michigan,1984,5,6,0,cfbd
Western Michigan,1985,4,6,1,cfbd
Western Michigan,1986,3,8,0,cfbd
Western Michigan,1987,5,6,0,cfbd
Western Michigan,1988,9,3,0,cfbd
Western Michigan,1989,5,6,0,cfbd
Western Michigan,1990,7,4,0,cfbd
Western Michigan,1991,6,5,0,cfbd
Western Michigan,1992,7,3,1,cfbd
Western Michigan,1993,7,3,1,cfbd
Western Michigan,1994,7,4,0,cfbd
Western Michigan,1995,7,4,0,cfbd
Western Michigan,1996,2,9,0,cfbd
Western Michigan,1997,8,3,0,cfbd
Western Michigan,1998,7,4,0,cfbd
Western Michigan,1999,7,5,0,cfbd
Western Michigan,2000,9,3,0,cfbd
Western Michigan,2001,5,6,0,cfbd
Western Michigan,2002,4,8,0,cfbd
Western Michigan,2003,5,7,0,cfbd
Western Michigan,2004,1,10,0,cfbd
Western Michigan,2005,7,4,0,cfbd
Western Michigan,2006,8,5,0,cfbd
Western Michigan,2007,5,7,0,cfbd
Western Michigan,2008,9,4,0,cfbd
Western Michigan,2009,5,7,0,cfbd
Western Michigan,2010,6,6,0,cfbd
Western Michigan,2011,7,6,0,cfbd
Western Michigan,2012,4,8,0,cfbd
Western Michigan,2013,1,11,0,cfbd
Western Michigan,2014,8,5,0,cfbd
Western Michigan,2015,8,5,0,cfbd
Western Michigan,2016,13,1,0,cfbd
Western Michigan,2017,6,6,0,cfbd
Western Michigan,2018,7,6,0,cfbd
Western Michigan,2019,7,6,0,cfbd
Western Michigan,2020,4,2,0,cfbd
Western Michigan,2021,8,5,0,cfbd
Western Michigan,2022,5,7,0,cfbd
Western Michigan,2023,4,8,0,cfbd
Western Michigan,2024,6,7,0,cfbd
Western Michigan,2025,10,4,0,cfbd
Western Michigan,2026,0,0,0,cfbd
Western New England,2014,0,0,0,cfbd
Western New England,2015,0,0,0,cfbd
Western New England,2016,0,0,0,cfbd
Western New England,2017,0,0,0,cfbd
Western New England,2018,0,0,0,cfbd
Western New England,2019,0,1,0,cfbd
Western New England,2020,0,0,0,cfbd
Western New England,2021,0,0,0,cfbd
Western New England,2022,4,6,0,cfbd
Western New England,2023,7,3,0,cfbd
Western New England,2024,6,4,0,cfbd
Western New England,2025,6,4,0,cfbd
Western New England,2026,0,0,0,cfbd
Western New Mexico,2014,0,1,0,cfbd
Western New Mexico,2015,0,1,0,cfbd
Western New Mexico,2016,0,1,0,cfbd
Western New Mexico,2017,0,1,0,cfbd
Western New Mexico,2018,0,2,0,cfbd
Western New Mexico,2019,0,1,0,cfbd
Western New Mexico,2020,0,0,0,cfbd
Western New Mexico,2021,1,10,0,cfbd
Western New Mexico,2022,6,5,0,cfbd
Western New Mexico,2023,2,8,0,cfbd
Western New Mexico,2024,2,9,0,cfbd
Western New Mexico,2025,2,9,0,cfbd
Western New Mexico,2026,0,0,0,cfbd
Western Oregon,2014,0,1,0,cfbd
Western Oregon,2015,0,1,0,cfbd
Western Oregon,2016,0,1,0,cfbd
Western Oregon,2017,0,1,0,cfbd
Western Oregon,2018,0,0,0,cfbd
Western Oregon,2019,0,0,0,cfbd
Western Oregon,2020,0,0,0,cfbd
Western Oregon,2021,4,6,0,cfbd
Western Oregon,2022,6,5,0,cfbd
Western Oregon,2023,3,8,0,cfbd
Western Oregon,2024,6,5,0,cfbd
Western Oregon,2025,8,3,0,cfbd
Western Oregon,2026,0,0,0,cfbd
Westfield State,2014,0,0,0,cfbd
Westfield State,2015,0,0,0,cfbd
Westfield State,2016,0,0,0,cfbd
Westfield State,2017,0,0,0,cfbd
Westfield State,2018,0,0,0,cfbd
Westfield State,2019,0,0,0,cfbd
Westfield State,2020,0,0,0,cfbd
Westfield State,2021,0,0,0,cfbd
Westfield State,2022,2,8,0,cfbd
Westfield State,2023,3,7,0,cfbd
Westfield State,2024,4,6,0,cfbd
Westfield State,2025,3,7,0,cfbd
Westfield State,2026,0,0,0,cfbd
Westminster (MO),2014,0,0,0,cfbd
Westminster (MO),2015,0,0,0,cfbd
Westminster (MO),2016,0,0,0,cfbd
Westminster (MO),2017,0,0,0,cfbd
Westminster (MO),2018,0,0,0,cfbd
Westminster (MO),2019,0,0,0,cfbd
Westminster (MO),2020,2,1,0,cfbd
Westminster (MO),2021,0,0,0,cfbd
Westminster (MO),2022,1,9,0,cfbd
Westminster (MO),2023,1,8,0,cfbd
Westminster (MO),2024,1,9,0,cfbd
Westminster (MO),2025,4,6,0,cfbd
Westminster (MO),2026,0,0,0,cfbd
Westminster (PA),2014,0,0,0,cfbd
Westminster (PA),2015,0,0,0,cfbd
Westminster (PA),2016,0,0,0,cfbd
Westminster (PA),2017,0,0,0,cfbd
Westminster (PA),2018,0,0,0,cfbd
Westminster (PA),2019,0,0,0,cfbd
Westminster (PA),2020,5,0,0,cfbd
Westminster (PA),2021,0,0,0,cfbd
Westminster (PA),2022,7,2,1,cfbd
Westminster (PA),2023,6,4,0,cfbd
Westminster (PA),2024,7,3,0,cfbd
Westminster (PA),2025,8,3,0,cfbd
Westminster (PA),2026,0,0,0,cfbd
Wheaton (IL),2014,0,0,0,cfbd
Wheaton (IL),2015,0,0,0,cfbd
Wheaton (IL),2016,0,0,0,cfbd
Wheaton (IL),2017,0,0,0,cfbd
Wheaton (IL),2018,0,0,0,cfbd
Wheaton (IL),2019,0,0,0,cfbd
Wheaton (IL),2020,0,0,0,cfbd
Wheaton (IL),2021,0,0,0,cfbd
Wheaton (IL),2022,8,3,0,cfbd
Wheaton (IL),2023,10,2,0,cfbd
Wheaton (IL),2024,8,2,0,cfbd
Wheaton (IL),2025,11,3,0,cfbd
Wheaton (IL),2026,0,0,0,cfbd
Wheeling,2014,0,0,0,cfbd
Wheeling,2015,0,0,0,cfbd
Wheeling,2016,0,0,0,cfbd
Wheeling,2017,0,0,0,cfbd
Wheeling,2018,0,0,0,cfbd
Wheeling,2019,0,0,0,cfbd
Wheeling,2020,2,2,0,cfbd
Wheeling,2021,5,6,0,cfbd
Wheeling,2022,7,4,0,cfbd
Wheeling,2023,5,5,0,cfbd
Wheeling,2024,6,5,0,cfbd
Wheeling,2025,6,5,0,cfbd
Wheeling,2026,0,0,0,cfbd
Whittier,2014,0,0,0,cfbd
Whittier,2015,0,0,0,cfbd
Whittier,2016,0,0,0,cfbd
Whittier,2017,0,0,0,cfbd
Whittier,2018,0,0,0,cfbd
Whittier,2019,0,0,0,cfbd
Whittier,2020,0,0,0,cfbd
Whittier,2021,0,0,0,cfbd
Whittier,2022,0,9,0,cfbd
Whittier,2026,0,0,0,cfbd
Whitworth,2014,0,0,0,cfbd
Whitworth,2015,0,0,0,cfbd
Whitworth,2016,0,0,0,cfbd
Whitworth,2017,0,0,0,cfbd
Whitworth,2018,0,0,0,cfbd
Whitworth,2019,0,0,0,cfbd
Whitworth,2020,4,0,0,cfbd
Whitworth,2021,0,0,0,cfbd
Whitworth,2022,6,4,0,cfbd
Whitworth,2023,10,1,0,cfbd
Whitworth,2024,10,2,0,cfbd
Whitworth,2025,8,3,0,cfbd
Whitworth,2026,0,0,0,cfbd
Wichita State,1945,6,4,0,cfbd
Wichita State,1946,5,5,0,cfbd
Wichita State,1947,7,4,0,cfbd
Wichita State,1948,5,4,1,cfbd
Wichita State,1949,3,6,1,cfbd
Wichita State,1950,5,4,1,cfbd
Wichita State,1951,2,7,0,cfbd
Wichita State,1952,3,6,1,cfbd
Wichita State,1953,4,4,1,cfbd
Wichita State,1954,9,1,0,cfbd
Wichita State,1955,7,2,1,cfbd
Wichita State,1956,4,6,0,cfbd
Wichita State,1957,1,9,0,cfbd
Wichita State,1958,4,5,1,cfbd
Wichita State,1959,5,4,1,cfbd
Wichita State,1960,8,2,0,cfbd
Wichita State,1961,8,3,0,cfbd
Wichita State,1962,3,7,0,cfbd
Wichita State,1963,7,2,0,cfbd
Wichita State,1964,4,6,0,cfbd
Wichita State,1965,2,7,0,cfbd
Wichita State,1966,2,8,0,cfbd
Wichita State,1967,2,7,1,cfbd
Wichita State,1968,0,10,0,cfbd
Wichita State,1969,2,8,0,cfbd
Wichita State,1970,0,9,0,cfbd
Wichita State,1971,3,8,0,cfbd
Wichita State,1972,6,5,0,cfbd
Wichita State,1973,4,7,0,cfbd
Wichita State,1974,1,9,1,cfbd
Wichita State,1975,3,8,0,cfbd
Wichita State,1976,4,7,0,cfbd
Wichita State,1977,5,6,0,cfbd
Wichita State,1978,4,7,0,cfbd
Wichita State,1979,1,10,0,cfbd
Wichita State,1980,5,5,1,cfbd
Wichita State,1981,4,6,1,cfbd
Wichita State,1982,8,3,0,cfbd
Wichita State,1983,3,8,0,cfbd
Wichita State,1984,2,9,0,cfbd
Wichita State,1985,3,8,0,cfbd
Wichita State,1986,3,8,0,cfbd
Widener,2014,0,0,0,cfbd
Widener,2015,0,0,0,cfbd
Widener,2016,0,0,0,cfbd
Widener,2017,0,0,0,cfbd
Widener,2018,0,0,0,cfbd
Widener,2019,0,0,0,cfbd
Widener,2020,0,0,0,cfbd
Widener,2021,0,0,0,cfbd
Widener,2022,3,7,0,cfbd
Widener,2023,7,3,0,cfbd
Widener,2024,5,5,0,cfbd
Widener,2025,4,6,0,cfbd
Widener,2026,0,0,0,cfbd
Wilkes,2014,0,0,0,cfbd
Wilkes,2015,0,0,0,cfbd
Wilkes,2016,0,0,0,cfbd
Wilkes,2017,0,0,0,cfbd
Wilkes,2018,0,0,0,cfbd
Wilkes,2019,0,0,0,cfbd
Wilkes,2020,0,0,0,cfbd
Wilkes,2021,0,0,0,cfbd
Wilkes,2022,7,3,0,cfbd
Wilkes,2023,4,6,0,cfbd
Wilkes,2024,7,3,0,cfbd
Wilkes,2025,7,4,0,cfbd
Wilkes,2026,0,0,0,cfbd
Willamette,2014,0,0,0,cfbd
Willamette,2015,0,0,0,cfbd
Willamette,2016,0,0,0,cfbd
Willamette,2017,0,0,0,cfbd
Willamette,2018,0,0,0,cfbd
Willamette,2019,0,0,0,cfbd
Willamette,2020,0,0,0,cfbd
Willamette,2021,0,0,0,cfbd
Willamette,2022,2,8,0,cfbd
Willamette,2023,1,9,0,cfbd
Willamette,2024,2,8,0,cfbd
Willamette,2025,1,9,0,cfbd
Willamette,2026,0,0,0,cfbd
William & Mary,1936,1,8,0,cfbd
William & Mary,1937,4,5,0,cfbd
William & Mary,1938,3,7,0,cfbd
William & Mary,1939,6,2,1,cfbd
William & Mary,1940,6,2,1,cfbd
William & Mary,1941,8,2,0,cfbd
William & Mary,1942,9,1,1,cfbd
William & Mary,1944,5,2,1,cfbd
William & Mary,1945,6,3,0,cfbd
William & Mary,1946,8,2,0,cfbd
William & Mary,1947,9,2,0,cfbd
William & Mary,1948,7,2,2,cfbd
William & Mary,1949,6,4,0,cfbd
William & Mary,1950,4,7,0,cfbd
William & Mary,1951,7,3,0,cfbd
William & Mary,1952,4,5,0,cfbd
William & Mary,1953,5,4,1,cfbd
William & Mary,1954,4,4,2,cfbd
William & Mary,1955,1,7,1,cfbd
William & Mary,1956,0,9,1,cfbd
William & Mary,1957,4,6,0,cfbd
William & Mary,1958,2,6,1,cfbd
William & Mary,1959,4,6,0,cfbd
William & Mary,1960,2,8,0,cfbd
William & Mary,1961,1,9,0,cfbd
William & Mary,1962,4,5,1,cfbd
William & Mary,1963,4,6,0,cfbd
William & Mary,1964,4,6,0,cfbd
William & Mary,1965,6,4,0,cfbd
William & Mary,1966,5,4,1,cfbd
William & Mary,1967,5,4,1,cfbd
William & Mary,1968,3,7,0,cfbd
William & Mary,1969,3,7,0,cfbd
William & Mary,1970,5,7,0,cfbd
William & Mary,1971,5,6,0,cfbd
William & Mary,1972,5,6,0,cfbd
William & Mary,1973,6,5,0,cfbd
William & Mary,1974,4,7,0,cfbd
William & Mary,1975,2,9,0,cfbd
William & Mary,1976,7,4,0,cfbd
William & Mary,1977,6,5,0,cfbd
William & Mary,1978,5,5,1,cfbd
William & Mary,1979,4,7,0,cfbd
William & Mary,1980,2,9,0,cfbd
William & Mary,1981,5,6,0,cfbd
William & Mary,1982,3,8,0,cfbd
William & Mary,1983,6,5,0,cfbd
William & Mary,1984,0,4,0,cfbd
William & Mary,1985,0,3,0,cfbd
William & Mary,1986,1,0,0,cfbd
William & Mary,1987,1,0,0,cfbd
William & Mary,1988,0,2,0,cfbd
William & Mary,1989,0,1,0,cfbd
William & Mary,1990,0,1,0,cfbd
William & Mary,1991,1,1,0,cfbd
William & Mary,1992,0,1,0,cfbd
William & Mary,1993,0,1,0,cfbd
William & Mary,1994,0,1,0,cfbd
William & Mary,1995,0,1,0,cfbd
William & Mary,1996,0,1,0,cfbd
William & Mary,1997,0,0,0,cfbd
William & Mary,1998,1,0,0,cfbd
William & Mary,1999,0,1,0,cfbd
William & Mary,2000,0,1,0,cfbd
William & Mary,2001,0,1,0,cfbd
William & Mary,2002,0,1,0,cfbd
William & Mary,2003,5,5,0,cfbd
William & Mary,2004,10,2,0,cfbd
William & Mary,2005,5,7,0,cfbd
William & Mary,2006,3,8,0,cfbd
William & Mary,2007,4,7,0,cfbd
William & Mary,2008,7,4,0,cfbd
William & Mary,2009,11,2,0,cfbd
William & Mary,2010,6,4,0,cfbd
William & Mary,2011,5,6,0,cfbd
William & Mary,2012,2,8,0,cfbd
William & Mary,2013,7,5,0,cfbd
William & Mary,2014,7,5,0,cfbd
William & Mary,2015,9,4,0,cfbd
William & Mary,2016,5,6,0,cfbd
William & Mary,2017,2,9,0,cfbd
William & Mary,2018,4,6,0,cfbd
William & Mary,2019,5,7,0,cfbd
William & Mary,2020,1,2,0,cfbd
William & Mary,2021,6,5,0,cfbd
William & Mary,2022,11,2,0,cfbd
William & Mary,2023,6,5,0,cfbd
William & Mary,2024,7,5,0,cfbd
William & Mary,2025,7,5,0,cfbd
William & Mary,2026,1,0,0,cfbd
William Jewell,2014,0,1,0,cfbd
William Jewell,2015,0,1,0,cfbd
William Jewell,2016,0,0,0,cfbd
William Jewell,2017,0,0,0,cfbd
William Jewell,2018,0,0,0,cfbd
William Jewell,2019,0,0,0,cfbd
William Jewell,2020,0,3,0,cfbd
William Jewell,2021,0,9,0,cfbd
William Jewell,2022,2,9,0,cfbd
William Jewell,2023,2,8,0,cfbd
William Jewell,2024,5,6,0,cfbd
William Jewell,2025,3,8,0,cfbd
William Jewell,2026,0,0,0,cfbd
William Paterson,2014,0,0,0,cfbd
William Paterson,2015,0,0,0,cfbd
William Paterson,2016,0,0,0,cfbd
William Paterson,2017,0,0,0,cfbd
William Paterson,2018,0,0,0,cfbd
William Paterson,2019,0,0,0,cfbd
William Paterson,2020,0,1,0,cfbd
William Paterson,2021,0,0,0,cfbd
William Paterson,2022,5,5,0,cfbd
William Paterson,2023,2,8,0,cfbd
William Paterson,2024,1,9,0,cfbd
William Paterson,2025,2,8,0,cfbd
William Paterson,2026,0,0,0,cfbd
Williams,2014,0,0,0,cfbd
Williams,2015,0,0,0,cfbd
Williams,2016,0,0,0,cfbd
Williams,2017,0,0,0,cfbd
Williams,2018,0,0,0,cfbd
Williams,2019,0,0,0,cfbd
Williams,2020,0,0,0,cfbd
Williams,2021,0,0,0,cfbd
Williams,2022,3,5,0,cfbd
Williams,2023,3,6,0,cfbd
Williams,2024,5,4,0,cfbd
Williams,2025,5,4,0,cfbd
Williams,2026,0,0,0,cfbd
Wilmington (OH),2014,0,0,0,cfbd
Wilmington (OH),2015,0,0,0,cfbd
Wilmington (OH),2016,0,0,0,cfbd
Wilmington (OH),2017,0,0,0,cfbd
Wilmington (OH),2018,0,0,0,cfbd
Wilmington (OH),2019,0,0,0,cfbd
Wilmington (OH),2020,2,2,0,cfbd
Wilmington (OH),2021,0,0,0,cfbd
Wilmington (OH),2022,3,7,0,cfbd
Wilmington (OH),2023,3,7,0,cfbd
Wilmington (OH),2024,1,9,0,cfbd
Wilmington (OH),2025,3,7,0,cfbd
Wilmington (OH),2026,0,0,0,cfbd
Wingate,2014,0,0,0,cfbd
Wingate,2015,0,0,0,cfbd
Wingate,2016,0,0,0,cfbd
Wingate,2017,0,0,0,cfbd
Wingate,2018,0,0,0,cfbd
Wingate,2019,0,0,0,cfbd
Wingate,2020,2,2,0,cfbd
Wingate,2021,7,3,0,cfbd
Wingate,2022,11,3,0,cfbd
Wingate,2023,8,3,0,cfbd
Wingate,2024,9,2,1,cfbd
Wingate,2025,9,3,0,cfbd
Wingate,2026,0,0,0,cfbd
Winona State,2014,0,0,0,cfbd
Winona State,2015,0,0,0,cfbd
Winona State,2016,0,0,0,cfbd
Winona State,2017,0,0,0,cfbd
Winona State,2018,0,0,0,cfbd
Winona State,2019,0,0,0,cfbd
Winona State,2020,0,0,0,cfbd
Winona State,2021,7,4,0,cfbd
Winona State,2022,8,4,0,cfbd
Winona State,2023,5,6,0,cfbd
Winona State,2024,5,6,0,cfbd
Winona State,2025,6,5,0,cfbd
Winona State,2026,0,1,0,cfbd
Winston-Salem State,2003,0,0,0,cfbd
Winston-Salem State,2004,0,0,0,cfbd
Winston-Salem State,2005,0,0,0,cfbd
Winston-Salem State,2006,4,7,0,cfbd
Winston-Salem State,2007,6,5,0,cfbd
Winston-Salem State,2008,3,8,0,cfbd
Winston-Salem State,2009,1,10,0,cfbd
Winston-Salem State,2010,2,0,0,cfbd
Winston-Salem State,2011,0,0,0,cfbd
Winston-Salem State,2012,0,0,0,cfbd
Winston-Salem State,2013,0,0,0,cfbd
Winston-Salem State,2014,0,0,0,cfbd
Winston-Salem State,2015,0,0,0,cfbd
Winston-Salem State,2016,0,0,0,cfbd
Winston-Salem State,2017,0,0,0,cfbd
Winston-Salem State,2018,0,0,0,cfbd
Winston-Salem State,2019,0,0,0,cfbd
Winston-Salem State,2020,0,0,0,cfbd
Winston-Salem State,2021,3,6,0,cfbd
Winston-Salem State,2022,3,6,1,cfbd
Winston-Salem State,2023,4,6,0,cfbd
Winston-Salem State,2024,7,3,0,cfbd
Winston-Salem State,2025,4,6,0,cfbd
Winston-Salem State,2026,0,0,0,cfbd
Wisconsin,1935,223,40,26,manual
Wisconsin,1936,2,6,0,cfbd
Wisconsin,1937,4,3,1,cfbd
Wisconsin,1938,5,3,0,cfbd
Wisconsin,1939,1,6,1,cfbd
Wisconsin,1940,4,4,0,cfbd
Wisconsin,1941,3,5,0,cfbd
Wisconsin,1942,8,1,1,cfbd
Wisconsin,1943,1,9,0,cfbd
Wisconsin,1944,3,6,0,cfbd
Wisconsin,1945,3,4,2,cfbd
Wisconsin,1946,4,5,0,cfbd
Wisconsin,1947,5,3,1,cfbd
Wisconsin,1948,2,7,0,cfbd
Wisconsin,1949,5,3,1,cfbd
Wisconsin,1950,6,3,0,cfbd
Wisconsin,1951,7,1,1,cfbd
Wisconsin,1952,6,3,1,cfbd
Wisconsin,1953,6,2,1,cfbd
Wisconsin,1954,7,2,0,cfbd
Wisconsin,1955,4,5,0,cfbd
Wisconsin,1956,1,5,3,cfbd
Wisconsin,1957,6,3,0,cfbd
Wisconsin,1958,7,1,1,cfbd
Wisconsin,1959,7,3,0,cfbd
Wisconsin,1960,4,5,0,cfbd
Wisconsin,1961,6,3,0,cfbd
Wisconsin,1962,8,2,0,cfbd
Wisconsin,1963,5,4,0,cfbd
Wisconsin,1964,3,6,0,cfbd
Wisconsin,1965,2,7,1,cfbd
Wisconsin,1966,3,6,1,cfbd
Wisconsin,1967,0,9,1,cfbd
Wisconsin,1968,0,10,0,cfbd
Wisconsin,1969,3,7,0,cfbd
Wisconsin,1970,4,5,1,cfbd
Wisconsin,1971,4,6,1,cfbd
Wisconsin,1972,4,7,0,cfbd
Wisconsin,1973,4,7,0,cfbd
Wisconsin,1974,7,4,0,cfbd
Wisconsin,1975,4,6,1,cfbd
Wisconsin,1976,5,6,0,cfbd
Wisconsin,1977,5,6,0,cfbd
Wisconsin,1978,5,4,2,cfbd
Wisconsin,1979,4,7,0,cfbd
Wisconsin,1980,4,7,0,cfbd
Wisconsin,1981,7,5,0,cfbd
Wisconsin,1982,7,5,0,cfbd
Wisconsin,1983,7,4,0,cfbd
Wisconsin,1984,7,4,1,cfbd
Wisconsin,1985,5,6,0,cfbd
Wisconsin,1986,3,9,0,cfbd
Wisconsin,1987,3,8,0,cfbd
Wisconsin,1988,1,10,0,cfbd
Wisconsin,1989,2,9,0,cfbd
Wisconsin,1990,1,10,0,cfbd
Wisconsin,1991,5,6,0,cfbd
Wisconsin,1992,5,6,0,cfbd
Wisconsin,1993,10,1,1,cfbd
Wisconsin,1994,7,4,1,cfbd
Wisconsin,1995,4,5,2,cfbd
Wisconsin,1996,8,5,0,cfbd
Wisconsin,1997,8,5,0,cfbd
Wisconsin,1998,11,1,0,cfbd
Wisconsin,1999,10,2,0,cfbd
Wisconsin,2000,9,4,0,cfbd
Wisconsin,2001,5,7,0,cfbd
Wisconsin,2002,8,6,0,cfbd
Wisconsin,2003,7,6,0,cfbd
Wisconsin,2004,9,3,0,cfbd
Wisconsin,2005,10,3,0,cfbd
Wisconsin,2006,12,1,0,cfbd
Wisconsin,2007,9,4,0,cfbd
Wisconsin,2008,7,6,0,cfbd
Wisconsin,2009,10,3,0,cfbd
Wisconsin,2010,11,2,0,cfbd
Wisconsin,2011,11,3,0,cfbd
Wisconsin,2012,8,6,0,cfbd
Wisconsin,2013,9,4,0,cfbd
Wisconsin,2014,11,3,0,cfbd
Wisconsin,2015,10,3,0,cfbd
Wisconsin,2016,11,3,0,cfbd
Wisconsin,2017,13,1,0,cfbd
Wisconsin,2018,8,5,0,cfbd
Wisconsin,2019,10,4,0,cfbd
Wisconsin,2020,4,3,0,cfbd
Wisconsin,2021,9,4,0,cfbd
Wisconsin,2022,7,6,0,cfbd
Wisconsin,2023,7,6,0,cfbd
Wisconsin,2024,5,7,0,cfbd
Wisconsin,2025,4,8,0,cfbd
Wisconsin,2026,0,0,0,cfbd
Wisconsin Eau Claire,2014,0,0,0,cfbd
Wisconsin Eau Claire,2015,0,0,0,cfbd
Wisconsin Eau Claire,2016,0,0,0,cfbd
Wisconsin Eau Claire,2017,0,0,0,cfbd
Wisconsin Eau Claire,2018,0,0,0,cfbd
Wisconsin Eau Claire,2019,0,0,0,cfbd
Wisconsin Eau Claire,2020,0,0,0,cfbd
Wisconsin Eau Claire,2021,0,0,0,cfbd
Wisconsin Eau Claire,2022,2,8,0,cfbd
Wisconsin Eau Claire,2023,2,8,0,cfbd
Wisconsin Eau Claire,2024,2,8,0,cfbd
Wisconsin Eau Claire,2025,3,7,0,cfbd
Wisconsin Eau Claire,2026,0,0,0,cfbd
Wisconsin La Crosse,2014,0,0,0,cfbd
Wisconsin La Crosse,2015,0,0,0,cfbd
Wisconsin La Crosse,2016,0,0,0,cfbd
Wisconsin La Crosse,2017,0,0,0,cfbd
Wisconsin La Crosse,2018,0,0,0,cfbd
Wisconsin La Crosse,2019,0,0,0,cfbd
Wisconsin La Crosse,2020,0,0,0,cfbd
Wisconsin La Crosse,2021,0,1,0,cfbd
Wisconsin La Crosse,2022,9,2,0,cfbd
Wisconsin La Crosse,2023,11,2,0,cfbd
Wisconsin La Crosse,2024,8,4,0,cfbd
Wisconsin La Crosse,2025,8,3,0,cfbd
Wisconsin La Crosse,2026,0,0,0,cfbd
Wisconsin Lutheran,2014,0,0,0,cfbd
Wisconsin Lutheran,2015,0,0,0,cfbd
Wisconsin Lutheran,2016,0,0,0,cfbd
Wisconsin Lutheran,2017,0,0,0,cfbd
Wisconsin Lutheran,2018,0,0,0,cfbd
Wisconsin Lutheran,2019,0,0,0,cfbd
Wisconsin Lutheran,2020,1,2,0,cfbd
Wisconsin Lutheran,2021,0,0,0,cfbd
Wisconsin Lutheran,2022,4,6,0,cfbd
Wisconsin Lutheran,2023,4,6,0,cfbd
Wisconsin Lutheran,2024,7,3,0,cfbd
Wisconsin Lutheran,2025,5,5,0,cfbd
Wisconsin Lutheran,2026,0,0,0,cfbd
Wisconsin Oshkosh,2014,0,1,0,cfbd
Wisconsin Oshkosh,2015,0,0,0,cfbd
Wisconsin Oshkosh,2016,0,1,0,cfbd
Wisconsin Oshkosh,2017,0,0,0,cfbd
Wisconsin Oshkosh,2018,0,0,0,cfbd
Wisconsin Oshkosh,2019,0,0,0,cfbd
Wisconsin Oshkosh,2020,0,0,0,cfbd
Wisconsin Oshkosh,2021,1,0,0,cfbd
Wisconsin Oshkosh,2022,6,4,0,cfbd
Wisconsin Oshkosh,2023,6,4,0,cfbd
Wisconsin Oshkosh,2024,6,4,0,cfbd
Wisconsin Oshkosh,2025,5,5,0,cfbd
Wisconsin Oshkosh,2026,0,0,0,cfbd
Wisconsin Platteville,2014,0,0,0,cfbd
Wisconsin Platteville,2015,0,0,0,cfbd
Wisconsin Platteville,2016,0,0,0,cfbd
Wisconsin Platteville,2017,0,0,0,cfbd
Wisconsin Platteville,2018,0,0,0,cfbd
Wisconsin Platteville,2019,0,0,0,cfbd
Wisconsin Platteville,2020,0,0,0,cfbd
Wisconsin Platteville,2021,0,0,0,cfbd
Wisconsin Platteville,2022,5,5,0,cfbd
Wisconsin Platteville,2023,6,4,0,cfbd
Wisconsin Platteville,2024,9,2,0,cfbd
Wisconsin Platteville,2025,9,3,0,cfbd
Wisconsin Platteville,2026,0,0,0,cfbd
Wisconsin River Falls,2014,0,0,0,cfbd
Wisconsin River Falls,2015,0,0,0,cfbd
Wisconsin River Falls,2016,0,0,0,cfbd
Wisconsin River Falls,2017,0,0,0,cfbd
Wisconsin River Falls,2018,0,0,0,cfbd
Wisconsin River Falls,2019,0,0,0,cfbd
Wisconsin River Falls,2020,0,0,0,cfbd
Wisconsin River Falls,2021,0,0,0,cfbd
Wisconsin River Falls,2022,6,4,0,cfbd
Wisconsin River Falls,2023,7,3,0,cfbd
Wisconsin River Falls,2024,7,3,0,cfbd
Wisconsin River Falls,2025,14,1,0,cfbd
Wisconsin River Falls,2026,0,0,0,cfbd
Wisconsin Stevens Point,2014,0,0,0,cfbd
Wisconsin Stevens Point,2015,0,0,0,cfbd
Wisconsin Stevens Point,2016,0,0,0,cfbd
Wisconsin Stevens Point,2017,0,0,0,cfbd
Wisconsin Stevens Point,2018,0,0,0,cfbd
Wisconsin Stevens Point,2019,0,0,0,cfbd
Wisconsin Stevens Point,2020,0,0,0,cfbd
Wisconsin Stevens Point,2021,0,0,0,cfbd
Wisconsin Stevens Point,2022,1,9,0,cfbd
Wisconsin Stevens Point,2023,1,9,0,cfbd
Wisconsin Stevens Point,2024,1,9,0,cfbd
Wisconsin Stevens Point,2025,4,6,0,cfbd
Wisconsin Stevens Point,2026,0,0,0,cfbd
Wisconsin Stout,2014,0,0,0,cfbd
Wisconsin Stout,2015,0,0,0,cfbd
Wisconsin Stout,2016,0,0,0,cfbd
Wisconsin Stout,2017,0,0,0,cfbd
Wisconsin Stout,2018,0,0,0,cfbd
Wisconsin Stout,2019,0,0,0,cfbd
Wisconsin Stout,2020,0,0,0,cfbd
Wisconsin Stout,2021,0,0,0,cfbd
Wisconsin Stout,2022,5,5,0,cfbd
Wisconsin Stout,2023,4,6,0,cfbd
Wisconsin Stout,2024,6,4,0,cfbd
Wisconsin Stout,2025,6,5,0,cfbd
Wisconsin Stout,2026,0,0,0,cfbd
Wisconsin Whitewater,2014,1,0,0,cfbd
Wisconsin Whitewater,2015,0,0,0,cfbd
Wisconsin Whitewater,2016,0,0,0,cfbd
Wisconsin Whitewater,2017,0,0,0,cfbd
Wisconsin Whitewater,2018,0,0,0,cfbd
Wisconsin Whitewater,2019,0,1,0,cfbd
Wisconsin Whitewater,2020,0,0,0,cfbd
Wisconsin Whitewater,2021,0,0,0,cfbd
Wisconsin Whitewater,2022,8,3,0,cfbd
Wisconsin Whitewater,2023,11,2,0,cfbd
Wisconsin Whitewater,2024,6,4,0,cfbd
Wisconsin Whitewater,2025,8,3,0,cfbd
Wisconsin Whitewater,2026,0,0,0,cfbd
Wittenberg,2014,0,1,0,cfbd
Wittenberg,2015,0,0,0,cfbd
Wittenberg,2016,0,0,0,cfbd
Wittenberg,2017,0,0,0,cfbd
Wittenberg,2018,0,0,0,cfbd
Wittenberg,2019,0,0,0,cfbd
Wittenberg,2020,0,0,0,cfbd
Wittenberg,2021,0,0,0,cfbd
Wittenberg,2022,5,5,0,cfbd
Wittenberg,2023,7,3,0,cfbd
Wittenberg,2024,5,4,1,cfbd
Wittenberg,2025,4,6,0,cfbd
Wittenberg,2026,0,0,0,cfbd
Wofford,1936,1,7,1,cfbd
Wofford,1937,0,4,0,cfbd
Wofford,1938,0,2,0,cfbd
Wofford,1939,0,2,0,cfbd
Wofford,1940,0,2,0,cfbd
Wofford,1941,0,2,0,cfbd
Wofford,1942,0,0,0,cfbd
Wofford,1946,0,2,0,cfbd
Wofford,1947,0,2,0,cfbd
Wofford,1948,0,0,2,cfbd
Wofford,1949,1,0,0,cfbd
Wofford,1950,1,0,1,cfbd
Wofford,1951,1,2,0,cfbd
Wofford,1952,0,4,0,cfbd
Wofford,1953,0,2,0,cfbd
Wofford,1954,1,2,0,cfbd
Wofford,1955,3,1,0,cfbd
Wofford,1956,3,1,0,cfbd
Wofford,1988,0,0,0,cfbd
Wofford,1989,0,0,0,cfbd
Wofford,1990,0,0,0,cfbd
Wofford,1991,0,0,0,cfbd
Wofford,1992,0,0,0,cfbd
Wofford,1993,0,0,0,cfbd
Wofford,1994,0,0,0,cfbd
Wofford,1995,0,0,0,cfbd
Wofford,1996,0,0,0,cfbd
Wofford,1997,0,0,0,cfbd
Wofford,1998,0,1,0,cfbd
Wofford,1999,0,2,0,cfbd
Wofford,2000,1,0,0,cfbd
Wofford,2001,0,2,0,cfbd
Wofford,2002,0,1,0,cfbd
Wofford,2003,10,1,0,cfbd
Wofford,2004,8,3,0,cfbd
Wofford,2005,6,5,0,cfbd
Wofford,2006,7,4,0,cfbd
Wofford,2007,9,4,0,cfbd
Wofford,2008,9,3,0,cfbd
Wofford,2009,3,8,0,cfbd
Wofford,2010,10,2,0,cfbd
Wofford,2011,8,4,0,cfbd
Wofford,2012,9,3,0,cfbd
Wofford,2013,5,6,0,cfbd
Wofford,2014,6,5,0,cfbd
Wofford,2015,5,6,0,cfbd
Wofford,2016,10,4,0,cfbd
Wofford,2017,10,3,0,cfbd
Wofford,2018,9,4,0,cfbd
Wofford,2019,8,4,0,cfbd
Wofford,2020,1,4,0,cfbd
Wofford,2021,1,10,0,cfbd
Wofford,2022,3,8,0,cfbd
Wofford,2023,2,9,0,cfbd
Wofford,2024,5,7,0,cfbd
Wofford,2025,6,6,0,cfbd
Wofford,2026,0,0,0,cfbd
Wooster,2014,0,0,0,cfbd
Wooster,2015,0,0,0,cfbd
Wooster,2016,0,0,0,cfbd
Wooster,2017,0,0,0,cfbd
Wooster,2018,0,0,0,cfbd
Wooster,2019,0,0,0,cfbd
Wooster,2020,0,1,0,cfbd
Wooster,2021,0,0,0,cfbd
Wooster,2022,6,4,0,cfbd
Wooster,2023,4,6,0,cfbd
Wooster,2024,3,7,0,cfbd
Wooster,2025,5,5,0,cfbd
Wooster,2026,0,0,0,cfbd
Worcester State,2014,0,0,0,cfbd
Worcester State,2015,0,0,0,cfbd
Worcester State,2016,0,0,0,cfbd
Worcester State,2017,0,0,0,cfbd
Worcester State,2018,0,0,0,cfbd
Worcester State,2019,0,0,0,cfbd
Worcester State,2020,0,0,0,cfbd
Worcester State,2021,0,0,0,cfbd
Worcester State,2022,1,9,0,cfbd
Worcester State,2023,1,9,0,cfbd
Worcester State,2024,3,7,0,cfbd
Worcester State,2025,3,7,0,cfbd
Worcester State,2026,0,0,0,cfbd
WPI,2014,0,0,0,cfbd
WPI,2015,0,0,0,cfbd
WPI,2016,0,0,0,cfbd
WPI,2017,0,0,0,cfbd
WPI,2018,0,0,0,cfbd
WPI,2019,0,0,0,cfbd
WPI,2020,0,0,0,cfbd
WPI,2021,0,0,0,cfbd
WPI,2022,4,6,0,cfbd
WPI,2023,3,7,0,cfbd
WPI,2024,6,4,0,cfbd
WPI,2025,2,8,0,cfbd
WPI,2026,0,0,0,cfbd
Wyoming,1936,2,5,1,cfbd
Wyoming,1937,3,5,0,cfbd
Wyoming,1938,2,5,1,cfbd
Wyoming,1939,0,7,1,cfbd
Wyoming,1940,1,7,1,cfbd
Wyoming,1941,2,7,1,cfbd
Wyoming,1942,3,5,0,cfbd
Wyoming,1946,1,8,1,cfbd
Wyoming,1947,4,5,0,cfbd
Wyoming,1948,4,5,0,cfbd
Wyoming,1949,9,1,0,cfbd
Wyoming,1950,10,0,0,cfbd
Wyoming,1951,7,2,1,cfbd
Wyoming,1952,5,4,0,cfbd
Wyoming,1953,5,4,1,cfbd
Wyoming,1954,6,4,0,cfbd
Wyoming,1955,8,3,0,cfbd
Wyoming,1956,10,0,0,cfbd
Wyoming,1957,4,3,3,cfbd
Wyoming,1958,8,3,0,cfbd
Wyoming,1959,9,1,0,cfbd
Wyoming,1960,8,2,0,cfbd
Wyoming,1961,6,1,2,cfbd
Wyoming,1962,5,5,0,cfbd
Wyoming,1963,6,4,0,cfbd
Wyoming,1964,6,2,2,cfbd
Wyoming,1965,6,4,0,cfbd
Wyoming,1966,10,1,0,cfbd
Wyoming,1967,10,1,0,cfbd
Wyoming,1968,7,3,0,cfbd
Wyoming,1969,6,4,0,cfbd
Wyoming,1970,1,9,0,cfbd
Wyoming,1971,5,6,0,cfbd
Wyoming,1972,4,7,0,cfbd
Wyoming,1973,4,7,0,cfbd
Wyoming,1974,2,9,0,cfbd
Wyoming,1975,2,9,0,cfbd
Wyoming,1976,8,4,0,cfbd
Wyoming,1977,4,6,1,cfbd
Wyoming,1978,5,7,0,cfbd
Wyoming,1979,4,8,0,cfbd
Wyoming,1980,6,5,0,cfbd
Wyoming,1981,8,3,0,cfbd
Wyoming,1982,5,7,0,cfbd
Wyoming,1983,7,5,0,cfbd
Wyoming,1984,6,6,0,cfbd
Wyoming,1985,3,8,0,cfbd
Wyoming,1986,6,6,0,cfbd
Wyoming,1987,10,3,0,cfbd
Wyoming,1988,11,2,0,cfbd
Wyoming,1989,5,6,0,cfbd
Wyoming,1990,9,4,0,cfbd
Wyoming,1991,4,6,1,cfbd
Wyoming,1992,5,7,0,cfbd
Wyoming,1993,8,4,0,cfbd
Wyoming,1994,6,6,0,cfbd
Wyoming,1995,6,5,0,cfbd
Wyoming,1996,10,2,0,cfbd
Wyoming,1997,7,6,0,cfbd
Wyoming,1998,8,3,0,cfbd
Wyoming,1999,7,4,0,cfbd
Wyoming,2000,1,10,0,cfbd
Wyoming,2001,2,9,0,cfbd
Wyoming,2002,2,10,0,cfbd
Wyoming,2003,4,8,0,cfbd
Wyoming,2004,7,5,0,cfbd
Wyoming,2005,4,7,0,cfbd
Wyoming,2006,6,6,0,cfbd
Wyoming,2007,5,7,0,cfbd
Wyoming,2008,4,8,0,cfbd
Wyoming,2009,7,6,0,cfbd
Wyoming,2010,3,9,0,cfbd
Wyoming,2011,8,5,0,cfbd
Wyoming,2012,4,8,0,cfbd
Wyoming,2013,5,7,0,cfbd
Wyoming,2014,4,8,0,cfbd
Wyoming,2015,2,10,0,cfbd
Wyoming,2016,8,6,0,cfbd
Wyoming,2017,8,5,0,cfbd
Wyoming,2018,6,6,0,cfbd
Wyoming,2019,8,5,0,cfbd
Wyoming,2020,2,4,0,cfbd
Wyoming,2021,7,6,0,cfbd
Wyoming,2022,7,6,0,cfbd
Wyoming,2023,9,4,0,cfbd
Wyoming,2024,3,9,0,cfbd
Wyoming,2025,4,8,0,cfbd
Wyoming,2026,0,0,0,cfbd
Xavier,1959,4,6,0,cfbd
Xavier,1960,5,5,0,cfbd
Xavier,1961,6,4,0,cfbd
Xavier,1962,6,4,0,cfbd
Xavier,1963,5,4,1,cfbd
Xavier,1964,4,5,1,cfbd
Xavier,1965,8,2,0,cfbd
Xavier,1966,4,6,0,cfbd
Xavier,1967,6,3,1,cfbd
Xavier,1968,6,4,0,cfbd
Xavier,1969,1,9,0,cfbd
Xavier,1970,1,9,0,cfbd
Xavier,1971,1,9,0,cfbd
Xavier,1972,2,8,0,cfbd
Xavier,1973,5,5,1,cfbd
Yale,1936,7,1,0,cfbd
Yale,1937,6,1,1,cfbd
Yale,1938,2,6,0,cfbd
Yale,1939,3,4,1,cfbd
Yale,1940,1,7,0,cfbd
Yale,1941,1,7,0,cfbd
Yale,1942,5,3,0,cfbd
Yale,1943,4,5,0,cfbd
Yale,1944,7,0,1,cfbd
Yale,1945,6,3,0,cfbd
Yale,1946,7,1,1,cfbd
Yale,1947,6,3,0,cfbd
Yale,1948,4,5,0,cfbd
Yale,1949,4,4,0,cfbd
Yale,1950,6,3,0,cfbd
Yale,1951,2,5,2,cfbd
Yale,1952,7,2,0,cfbd
Yale,1953,5,2,2,cfbd
Yale,1954,5,3,1,cfbd
Yale,1955,7,2,0,cfbd
Yale,1956,8,1,0,cfbd
Yale,1957,6,2,1,cfbd
Yale,1958,2,7,0,cfbd
Yale,1959,6,3,0,cfbd
Yale,1960,9,0,0,cfbd
Yale,1961,4,5,0,cfbd
Yale,1962,2,5,2,cfbd
Yale,1963,6,3,0,cfbd
Yale,1964,6,2,1,cfbd
Yale,1965,3,6,0,cfbd
Yale,1966,4,5,0,cfbd
Yale,1967,8,1,0,cfbd
Yale,1968,8,0,1,cfbd
Yale,1969,7,2,0,cfbd
Yale,1970,7,2,0,cfbd
Yale,1971,4,5,0,cfbd
Yale,1972,7,2,0,cfbd
Yale,1973,6,3,0,cfbd
Yale,1974,8,1,0,cfbd
Yale,1975,7,2,0,cfbd
Yale,1976,8,1,0,cfbd
Yale,1977,7,2,0,cfbd
Yale,1978,5,2,2,cfbd
Yale,1979,8,1,0,cfbd
Yale,1980,8,2,0,cfbd
Yale,1981,9,1,0,cfbd
Yale,1982,0,0,0,cfbd
Yale,1983,0,2,0,cfbd
Yale,1984,0,0,0,cfbd
Yale,1985,0,1,0,cfbd
Yale,1986,0,1,0,cfbd
Yale,1987,0,1,0,cfbd
Yale,1988,0,2,0,cfbd
Yale,1989,0,0,0,cfbd
Yale,1990,0,0,0,cfbd
Yale,1991,0,0,0,cfbd
Yale,1992,0,0,0,cfbd
Yale,1993,0,0,0,cfbd
Yale,1994,0,0,0,cfbd
Yale,1995,0,0,0,cfbd
Yale,1996,0,1,0,cfbd
Yale,1997,0,0,0,cfbd
Yale,1998,0,0,0,cfbd
Yale,1999,0,0,0,cfbd
Yale,2000,0,0,0,cfbd
Yale,2001,0,0,0,cfbd
Yale,2002,0,0,0,cfbd
Yale,2003,6,4,0,cfbd
Yale,2004,5,5,0,cfbd
Yale,2005,4,6,0,cfbd
Yale,2006,7,2,0,cfbd
Yale,2007,9,1,0,cfbd
Yale,2008,6,4,0,cfbd
Yale,2009,4,6,0,cfbd
Yale,2010,7,3,0,cfbd
Yale,2011,5,5,0,cfbd
Yale,2012,2,8,0,cfbd
Yale,2013,5,5,0,cfbd
Yale,2014,8,2,0,cfbd
Yale,2015,6,4,0,cfbd
Yale,2016,3,7,0,cfbd
Yale,2017,9,1,0,cfbd
Yale,2018,5,5,0,cfbd
Yale,2019,9,1,0,cfbd
Yale,2021,5,5,0,cfbd
Yale,2022,8,2,0,cfbd
Yale,2023,7,3,0,cfbd
Yale,2024,7,3,0,cfbd
Yale,2025,9,3,0,cfbd
Yale,2026,0,0,0,cfbd
Youngstown State,1938,0,1,0,cfbd
Youngstown State,1939,0,0,0,cfbd
Youngstown State,1940,0,0,0,cfbd
Youngstown State,1941,0,0,0,cfbd
Youngstown State,1942,0,0,0,cfbd
Youngstown State,1943,0,0,0,cfbd
Youngstown State,1944,0,0,0,cfbd
Youngstown State,1945,0,0,0,cfbd
Youngstown State,1946,0,0,0,cfbd
Youngstown State,1947,0,0,0,cfbd
Youngstown State,1948,0,0,0,cfbd
Youngstown State,1949,0,0,0,cfbd
Youngstown State,1950,0,0,0,cfbd
Youngstown State,1951,0,0,0,cfbd
Youngstown State,1952,0,0,0,cfbd
Youngstown State,1953,0,0,0,cfbd
Youngstown State,1954,0,0,0,cfbd
Youngstown State,1955,0,0,0,cfbd
Youngstown State,1956,0,1,0,cfbd
Youngstown State,1957,0,1,0,cfbd
Youngstown State,1958,0,0,0,cfbd
Youngstown State,1959,0,0,0,cfbd
Youngstown State,1960,0,0,0,cfbd
Youngstown State,1961,0,0,0,cfbd
Youngstown State,1962,0,0,0,cfbd
Youngstown State,1963,0,0,0,cfbd
Youngstown State,1964,0,0,0,cfbd
Youngstown State,1965,0,0,0,cfbd
Youngstown State,1966,0,1,0,cfbd
Youngstown State,1967,0,0,0,cfbd
Youngstown State,1968,0,0,0,cfbd
Youngstown State,1969,0,0,0,cfbd
Youngstown State,1970,0,0,0,cfbd
Youngstown State,1971,0,2,0,cfbd
Youngstown State,1972,1,1,0,cfbd
Youngstown State,1973,0,1,0,cfbd
Youngstown State,1974,0,0,0,cfbd
Youngstown State,1975,2,1,0,cfbd
Youngstown State,1976,0,2,0,cfbd
Youngstown State,1977,1,0,0,cfbd
Youngstown State,1978,0,1,0,cfbd
Youngstown State,1979,2,0,0,cfbd
Youngstown State,1980,0,0,0,cfbd
Youngstown State,1981,1,0,0,cfbd
Youngstown State,1982,0,1,0,cfbd
Youngstown State,1983,0,0,0,cfbd
Youngstown State,1984,2,0,0,cfbd
Youngstown State,1985,0,2,0,cfbd
Youngstown State,1986,0,1,0,cfbd
Youngstown State,1987,2,1,0,cfbd
Youngstown State,1988,0,4,0,cfbd
Youngstown State,1989,2,1,0,cfbd
Youngstown State,1990,3,0,0,cfbd
Youngstown State,1991,0,1,0,cfbd
Youngstown State,1992,1,0,1,cfbd
Youngstown State,1993,2,0,0,cfbd
Youngstown State,1994,2,0,0,cfbd
Youngstown State,1995,1,2,0,cfbd
Youngstown State,1996,0,1,0,cfbd
Youngstown State,1997,1,0,0,cfbd
Youngstown State,1998,1,1,0,cfbd
Youngstown State,1999,0,1,0,cfbd
Youngstown State,2000,1,0,0,cfbd
Youngstown State,2001,0,1,0,cfbd
Youngstown State,2002,0,0,0,cfbd
Youngstown State,2003,5,7,0,cfbd
Youngstown State,2004,4,8,0,cfbd
Youngstown State,2005,8,3,0,cfbd
Youngstown State,2006,11,2,0,cfbd
Youngstown State,2007,7,4,0,cfbd
Youngstown State,2008,4,8,0,cfbd
Youngstown State,2009,6,5,0,cfbd
Youngstown State,2010,3,8,0,cfbd
Youngstown State,2011,6,5,0,cfbd
Youngstown State,2012,7,4,0,cfbd
Youngstown State,2013,8,4,0,cfbd
Youngstown State,2014,7,5,0,cfbd
Youngstown State,2015,5,6,0,cfbd
Youngstown State,2016,12,4,0,cfbd
Youngstown State,2017,6,5,0,cfbd
Youngstown State,2018,4,7,0,cfbd
Youngstown State,2019,6,6,0,cfbd
Youngstown State,2020,1,6,0,cfbd
Youngstown State,2021,3,7,0,cfbd
Youngstown State,2022,7,4,0,cfbd
Youngstown State,2023,8,5,0,cfbd
Youngstown State,2024,4,8,0,cfbd
Youngstown State,2025,8,5,0,cfbd
Youngstown State,2026,1,0,0,cfbd
