school,rating,ratingRank,grouping,trajectory,note,standing,pathForward,tagline
Kentucky,99.5,1,Blue Bloods,Maintaining,,"Ten years, 239-102, 5 of them 25-win years. Kentucky has spent the decade turning ""best in the sport"" from a claim into a spreadsheet — 0 Final Fours, 1 first-team All-American, a permanent seat in the title race.","The bar here isn't a target, it's a line to stay above. Over the last ten years the blue bloods have won at about .70 and up — a 25-10 season at the low end, 29-8 at the top, conference and NCAA tournaments folded in — sat in the AP poll nearly every week, and reached the second weekend of most tournaments. A Final Four is never far from the group. Slip under that for a decade and ""blue blood"" starts to look generous.","8 NCAA titles and 17 Final Fours, from Rupp to Calipari."
North Carolina,99.4,2,Blue Bloods,Maintaining,,"The blue-blood bar sits where North Carolina lives: 245-109, a top-ten team in 3 of 10 years, a deep March run nearly every spring. Nobody is measured against it and comes out ahead.","The bar here isn't a target, it's a line to stay above. Over the last ten years the blue bloods have won at about .70 and up — a 25-10 season at the low end, 29-8 at the top, conference and NCAA tournaments folded in — sat in the AP poll nearly every week, and reached the second weekend of most tournaments. A Final Four is never far from the group. Slip under that for a decade and ""blue blood"" starts to look generous.",6 NCAA titles and a record 21 Final Fours.
Duke,99.3,3,Blue Bloods,Maintaining,,"Duke isn't chasing the line — it is the line. 283-72 over the decade, a winning record every year, 2 Final Fours. The only argument left is which banner hangs next.","The bar here isn't a target, it's a line to stay above. Over the last ten years the blue bloods have won at about .70 and up — a 25-10 season at the low end, 29-8 at the top, conference and NCAA tournaments folded in — sat in the AP poll nearly every week, and reached the second weekend of most tournaments. A Final Four is never far from the group. Slip under that for a decade and ""blue blood"" starts to look generous.","5 NCAA titles, 18 Final Fours — Coach K's forty-two-year standard."
UCLA,99.0,4,Blue Bloods,Maintaining,,"UCLA's banner says blue blood; the last decade hasn't carried it like the rest of the blue bloods — 231-109, 9 winning seasons in 10, but 2 years with a top-ten team.","The bar here isn't a target, it's a line to stay above. Over the last ten years the blue bloods have won at about .70 and up — a 25-10 season at the low end, 29-8 at the top, conference and NCAA tournaments folded in — sat in the AP poll nearly every week, and reached the second weekend of most tournaments. A Final Four is never far from the group. Slip under that for a decade and ""blue blood"" starts to look generous.","11 NCAA titles, 10 of them in John Wooden's 12-year run."
Kansas,99.0,5,Blue Bloods,Maintaining,,"The blue-blood bar sits where Kansas lives: 267-84, a top-ten team in 4 of 10 years, a deep March run nearly every spring. Nobody is measured against it and comes out ahead.","The bar here isn't a target, it's a line to stay above. Over the last ten years the blue bloods have won at about .70 and up — a 25-10 season at the low end, 29-8 at the top, conference and NCAA tournaments folded in — sat in the AP poll nearly every week, and reached the second weekend of most tournaments. A Final Four is never far from the group. Slip under that for a decade and ""blue blood"" starts to look generous.","Where the game's inventor coached — 4 NCAA titles, 16 Final Fours."
Indiana,97.1,6,Blue Blood Fringe,Collapsing,no title since 1987,"Indiana's résumé is built on 5 national titles and generations of ranked basketball. The last ten years read differently — 185-140, 9 winning seasons in 10, not one top-ten team and nothing new in the trophy case since 1987.","Back into the middle of the pack, Indiana needs a national title, 4 more top-ten seasons a decade and 2 more Final Fours — 19-14 where the blue bloods run 25-10. But the trend points the other way — steadying the slide and holding the tier comes first.","5 NCAA titles, including the last unbeaten champion (1976)."
Arizona,96.5,7,Blue Blood Fringe,Maintaining,,"Arizona has been blue-blood for a decade already — 262-84, 5 years with a top-ten team. What is missing is the century of it: the all-time 96.5 still trails the ~99.2 line.",Arizona's last decade already rates like a blue blood; the résumé just hasn't caught up. Keep the line where it is and the all-time 96.5 gets there — that's the whole project.,"Lute Olson's national power — the 1997 title, 25 straight tournaments."
UConn,96.1,8,Blue Blood Fringe,Maintaining,,"UConn has been blue-blood for a decade already — 229-110, 2 years with a top-ten team, 2 national titles. What is missing is the century of it: the all-time 96.1 still trails the ~99.2 line.","Nothing to add — UConn is already playing blue-blood basketball. The gap left is arithmetic, not talent: five or six more years like the last ten and the 96.1 all-time number climbs into the blue bloods on its own.",6 NCAA titles since 1999 — back-to-back in 2023 and 2024.
Louisville,95.8,9,Blue Blood Fringe,Descending,7 winning seasons in 10,"Louisville's résumé is built on 2 national titles and generations of ranked basketball. The last ten years read differently — 180-141, 7 winning seasons in 10, 1 with a top-ten team and nothing new in the trophy case since 1986.","Back into the middle of the pack, Louisville needs a national title, 3 more top-ten seasons a decade and 2 more winning years — 18-14 where the blue bloods run 25-10. But the trend points the other way — steadying the slide and holding the tier comes first.",Two Denny Crum titles and eight official Final Fours.
Cincinnati,95.8,10,Blue Blood Fringe,Descending,10 winning seasons in 10,"Cincinnati's résumé is built on 2 national titles and generations of ranked basketball. The last ten years read differently — 221-113, a winning record every year, 1 with a top-ten team and nothing new in the trophy case since 1962.","Back into the middle of the pack, Cincinnati needs a national title, 3 more top-ten seasons a decade and 2 more Final Fours — 22-11 where the blue bloods run 25-10. But the trend points the other way — steadying the slide and holding the tier comes first.","Back-to-back champions in 1961–62, Oscar Robertson's school."
Purdue,95.5,11,Blue Blood Fringe,Maintaining,,"Purdue has been blue-blood for a decade already — 263-90, 3 years with a top-ten team. What is missing is the century of it: the all-time 95.5 still trails the ~99.2 line.",Purdue's last decade already rates like a blue blood; the résumé just hasn't caught up. Keep the line where it is and the all-time 95.5 gets there — that's the whole project.,The Big Ten's regular-season kings — and Zach Edey's two player-of-the-year awards.
Villanova,95.4,12,Blue Blood Fringe,Maintaining,,"Villanova has been blue-blood for a decade already — 246-97, 3 years with a top-ten team, 1 national title. What is missing is the century of it: the all-time 95.4 still trails the ~99.2 line.","Nothing to add — Villanova is already playing blue-blood basketball. The gap left is arithmetic, not talent: five or six more years like the last ten and the 95.4 all-time number climbs into the blue bloods on its own.","Three titles — the 1985 upset of Georgetown, then 2016 and 2018."
Ohio State,95.3,13,Blue Blood Fringe,Descending,9 winning seasons in 10,"Ohio State's résumé is built on 1 national title and generations of ranked basketball. The last ten years read differently — 200-132, 9 winning seasons in 10, 1 with a top-ten team and nothing new in the trophy case since 1960.","Back into the middle of the pack, Ohio State needs a national title, 3 more top-ten seasons a decade and 2 more Final Fours — 20-13 where the blue bloods run 25-10. But the trend points the other way — steadying the slide and holding the tier comes first.","The 1960 champions of Lucas and Havlicek, 10 Final Fours all told."
Michigan State,94.7,14,Blue Blood Fringe,Maintaining,,"Michigan State has been blue-blood for a decade already — 240-105, 3 years with a top-ten team. What is missing is the century of it: the all-time 94.7 still trails the ~99.2 line.","Nothing to add — Michigan State is already playing blue-blood basketball. The gap left is arithmetic, not talent: five or six more years like the last ten and the 94.7 all-time number climbs into the blue bloods on its own.","Magic's 1979 title, Izzo's 2000 title, 10 Final Fours."
Michigan,93.9,15,Blue Blood Fringe,Maintaining,,"Michigan has been blue-blood for a decade already — 240-112, 3 years with a top-ten team, 1 national title. What is missing is the century of it: the all-time 93.9 still trails the ~99.2 line.",Michigan's last decade already rates like a blue blood; the résumé just hasn't caught up. Keep the line where it is and the all-time 93.9 gets there — that's the whole project.,"Champions in 1989 and 2026, and the Fab Five in between."
Utah,92.7,16,Blue Blood Contenders,Collapsing,no top-ten team in the decade,"Utah's résumé is built on 1 national title and generations of ranked basketball. The last ten years read differently — 164-154, 6 winning seasons in 10, not one top-ten team and nothing new in the trophy case since 1944.","To break into the blue bloods, Utah needs a national title, 4 more top-ten seasons a decade and 3 more winning years — 17-15 where the blue bloods run 25-10. But the trend points the other way — steadying the slide and holding the tier comes first.",1944 national champions.
NC State,92.6,17,Blue Blood Contenders,Descending,no top-ten team in the decade,"NC State's résumé is built on 2 national titles and generations of ranked basketball. The last ten years read differently — 186-144, 7 winning seasons in 10, not one top-ten team and nothing new in the trophy case since 1983.","To break into the blue bloods, NC State needs a national title, 4 more top-ten seasons a decade and 2 more winning years — 19-14 where the blue bloods run 25-10. But the trend points the other way — steadying the slide and holding the tier comes first.","Champions in 1974 and in 1983, Valvano's miracle."
Texas,92.6,18,Blue Blood Contenders,Maintaining,,"Texas keeps knocking without the door opening — 201-138, 1 year with a top-ten team, where the blue bloods average 4 years with a top-ten team. Close, and parked there.","To break into the blue bloods, Texas needs a national title, 3 more top-ten seasons a decade and 2 more Final Fours — 20-14 where the blue bloods run 25-10. It's a real gap, and a decade of holding the Contenders steady hasn't moved it.",
Syracuse,92.4,19,Blue Blood Contenders,Collapsing,no top-ten team in the decade,"Syracuse's résumé is built on 1 national title and generations of ranked basketball. The last ten years read differently — 180-147, 7 winning seasons in 10, not one top-ten team and nothing new in the trophy case since 2003.","To break into the blue bloods, Syracuse needs a national title, 4 more top-ten seasons a decade and 2 more winning years — 18-15 where the blue bloods run 25-10. But the trend points the other way — steadying the slide and holding the tier comes first.","The 2003 title with Carmelo Anthony, six Final Fours."
Marquette,92.3,20,Blue Blood Contenders,Maintaining,,"Marquette keeps knocking without the door opening — 205-124, 2 years with a top-ten team, where the blue bloods average 4 years with a top-ten team. Close, and parked there.","To break into the blue bloods, Marquette needs a national title, 2 more top-ten seasons a decade and 1 more winning year — 21-12 where the blue bloods run 25-10. It's a real gap, and a decade of holding the Contenders steady hasn't moved it.",Al McGuire's 1977 champions.
Oklahoma,91.6,21,Blue Blood Contenders,Descending,no top-ten team in the decade,"Oklahoma's résumé is built on an all-time rating (91.6) the last decade hasn't matched. The last ten years read differently — 179-146, 8 winning seasons in 10 and not one top-ten team.","To break into the blue bloods, Oklahoma needs a national title, 4 more top-ten seasons a decade and 1 more winning year — 18-15 where the blue bloods run 25-10. But the trend points the other way — steadying the slide and holding the tier comes first.",
Georgetown,91.5,22,Blue Blood Contenders,Collapsing,no top-ten team in the decade,"Georgetown's résumé is built on 1 national title and generations of ranked basketball. The last ten years read differently — 132-184, 2 winning seasons in 10, not one top-ten team and nothing new in the trophy case since 1984.","To break into the blue bloods, Georgetown needs a national title, 4 more top-ten seasons a decade and 7 more winning years — 13-19 where the blue bloods run 25-10. But the trend points the other way — steadying the slide and holding the tier comes first.",John Thompson's Hoyas — the 1984 title and three Final Fours in four years.
Arkansas,91.5,23,Blue Blood Contenders,Maintaining,,"Arkansas has been blue-blood for a decade already — 228-120, 1 year with a top-ten team. What is missing is the century of it: the all-time 91.5 still trails the ~99.2 line.",Arkansas's last decade already rates like a blue blood; the résumé just hasn't caught up. Keep the line where it is and the all-time 91.5 gets there — that's the whole project.,The 1994 champions — Forty Minutes of Hell.
Maryland,90.7,24,Blue Blood Contenders,Maintaining,,"Maryland keeps knocking without the door opening — 199-131, no top-ten team in the stretch, where the blue bloods average 4 years with a top-ten team. Close, and parked there.","To break into the blue bloods, Maryland needs a national title, 4 more top-ten seasons a decade and 2 more winning years — 20-13 where the blue bloods run 25-10. It's a real gap, and a decade of holding the Contenders steady hasn't moved it.",Gary Williams's 2002 champions.
Virginia,90.6,25,Blue Blood Contenders,Maintaining,,"Virginia has been blue-blood for a decade already — 244-87, 3 years with a top-ten team, 1 national title. What is missing is the century of it: the all-time 90.6 still trails the ~99.2 line.",Virginia's last decade already rates like a blue blood; the résumé just hasn't caught up. Keep the line where it is and the all-time 90.6 gets there — that's the whole project.,"The 2019 champions, a year after the first 16-over-1 loss."
Wisconsin,90.5,26,Blue Blood Contenders,Maintaining,,"Wisconsin has been blue-blood for a decade already — 222-120, no top-ten team in the stretch. What is missing is the century of it: the all-time 90.5 still trails the ~99.2 line.","Nothing to add — Wisconsin is already playing blue-blood basketball. The gap left is arithmetic, not talent: five or six more years like the last ten and the 90.5 all-time number climbs into the blue bloods on its own.","1941 national champions; Final Fours in 2000, 2014 and 2015."
UNLV,89.3,27,Blue Blood Contenders,Collapsing,no top-ten team in the decade,"UNLV's résumé is built on 1 national title and generations of ranked basketball. The last ten years read differently — 171-150, 8 winning seasons in 10, not one top-ten team and nothing new in the trophy case since 1990.","To break into the blue bloods, UNLV needs a national title, 4 more top-ten seasons a decade and 1 more winning year — 17-15 where the blue bloods run 25-10. But the trend points the other way — steadying the slide and holding the tier comes first.","Jerry Tarkanian's 1990 champions, who routed Duke by 30."
Oklahoma State,88.3,28,Blue Blood Contenders,Collapsing,no top-ten team in the decade,"Oklahoma State's résumé is built on 2 national titles and generations of ranked basketball. The last ten years read differently — 176-155, 6 winning seasons in 10, not one top-ten team and nothing new in the trophy case since 1946.","To break into the blue bloods, Oklahoma State needs a national title, 4 more top-ten seasons a decade and 3 more winning years — 18-15 where the blue bloods run 25-10. But the trend points the other way — steadying the slide and holding the tier comes first.",Back-to-back champions in 1945–46 as Oklahoma A&M.
Illinois,87.6,29,Blue Blood Contenders,Maintaining,,"Illinois has been blue-blood for a decade already — 212-125, 2 years with a top-ten team. What is missing is the century of it: the all-time 87.6 still trails the ~99.2 line.",Illinois's last decade already rates like a blue blood; the résumé just hasn't caught up. Keep the line where it is and the all-time 87.6 gets there — that's the whole project.,
San Francisco,87.3,30,Blue Blood Contenders,Collapsing,no top-ten team in the decade,"San Francisco's résumé is built on 2 national titles and generations of ranked basketball. The last ten years read differently — 205-127, 9 winning seasons in 10, not one top-ten team and nothing new in the trophy case since 1956.","To break into the blue bloods, San Francisco needs a national title, 4 more top-ten seasons a decade and 2 more Final Fours — 20-13 where the blue bloods run 25-10. But the trend points the other way — steadying the slide and holding the tier comes first.","Bill Russell's back-to-back champions, 1955–56."
Houston,86.7,31,Blue Blood Contenders,Ascending,5 top-ten teams in the decade,"Houston has been blue-blood for a decade already — 294-62, 5 years with a top-ten team. What is missing is the century of it: the all-time 86.7 still trails the ~99.2 line.",Houston's last decade already rates like a blue blood; the résumé just hasn't caught up. Keep the line where it is and the all-time 86.7 gets there — that's the whole project.,"Phi Slama Jama, seven Final Fours and a 2025 title game."
Notre Dame,86.2,32,Blue Blood Contenders,Collapsing,no top-ten team in the decade,"Notre Dame's résumé is built on an all-time rating (86.2) the last decade hasn't matched. The last ten years read differently — 168-159, 4 winning seasons in 10 and not one top-ten team.","To break into the blue bloods, Notre Dame needs a national title, 4 more top-ten seasons a decade and 5 more winning years — 17-16 where the blue bloods run 25-10. But the trend points the other way — steadying the slide and holding the tier comes first.",
Iowa,85.7,33,Blue Blood Contenders,Maintaining,,"Iowa keeps knocking without the door opening — 203-134, 1 year with a top-ten team, where the blue bloods average 4 years with a top-ten team. Close, and parked there.","To break into the blue bloods, Iowa needs a national title, 3 more top-ten seasons a decade and 2 more Final Fours — 20-14 where the blue bloods run 25-10. It's a real gap, and a decade of holding the Contenders steady hasn't moved it.",
LSU,85.5,34,Blue Blood Contenders,Maintaining,,"LSU keeps knocking without the door opening — 178-145, 1 year with a top-ten team, where the blue bloods average 4 years with a top-ten team. Close, and parked there.","To break into the blue bloods, LSU needs a national title, 3 more top-ten seasons a decade and 3 more winning years — 18-14 where the blue bloods run 25-10. It's a real gap, and a decade of holding the Contenders steady hasn't moved it.",
Gonzaga,85.0,35,Blue Blood Contenders,Ascending,7 top-ten teams in the decade,"Gonzaga has been blue-blood for a decade already — 307-45, 7 years with a top-ten team. What is missing is the century of it: the all-time 85.0 still trails the ~99.2 line.",Gonzaga's last decade already rates like a blue blood; the résumé just hasn't caught up. Keep the line where it is and the all-time 85.0 gets there — that's the whole project.,From the West Coast Conference to two national title games in five years.
Florida,84.2,36,Blue Blood Contenders,Maintaining,,"Florida has been blue-blood for a decade already — 225-115, 2 years with a top-ten team, 1 national title. What is missing is the century of it: the all-time 84.2 still trails the ~99.2 line.","Nothing to add — Florida is already playing blue-blood basketball. The gap left is arithmetic, not talent: five or six more years like the last ten and the 84.2 all-time number climbs into the blue bloods on its own.","Back-to-back in 2006–07, then a third title in 2025."
St. John's,84.1,37,Blue Blood Contenders,Descending,8 winning seasons in 10,"St. John's's résumé is built on an all-time rating (84.1) the last decade hasn't matched. The last ten years read differently — 200-130, 8 winning seasons in 10 and 1 with a top-ten team.","To break into the blue bloods, St. John's needs a national title, 3 more top-ten seasons a decade and 1 more winning year — 20-13 where the blue bloods run 25-10. But the trend points the other way — steadying the slide and holding the tier comes first.",
Princeton,83.3,38,Blue Blood Contenders,Descending,no top-ten team in the decade,"Princeton's résumé is built on an all-time rating (83.3) the last decade hasn't matched. The last ten years read differently — 164-100, 7 winning seasons in 9 and not one top-ten team.","To break into the blue bloods, Princeton needs a national title, 4 more top-ten seasons a decade and 2 more winning years — 16-10 where the blue bloods run 25-10. But the trend points the other way — steadying the slide and holding the tier comes first.",
Kansas State,83.1,39,Blue Blood Contenders,Descending,no top-ten team in the decade,"Kansas State's résumé is built on an all-time rating (83.1) the last decade hasn't matched. The last ten years read differently — 177-155, 5 winning seasons in 10 and not one top-ten team.","To break into the blue bloods, Kansas State needs a national title, 4 more top-ten seasons a decade and 4 more winning years — 18-15 where the blue bloods run 25-10. But the trend points the other way — steadying the slide and holding the tier comes first.",
West Virginia,82.9,40,Blue Blood Contenders,Maintaining,,"West Virginia keeps knocking without the door opening — 193-143, 1 year with a top-ten team, where the blue bloods average 4 years with a top-ten team. Close, and parked there.","To break into the blue bloods, West Virginia needs a national title, 3 more top-ten seasons a decade and 2 more winning years — 20-14 where the blue bloods run 25-10. It's a real gap, and a decade of holding the Contenders steady hasn't moved it.",
BYU,82.6,41,National Powers,Maintaining,,"BYU has held the Powers for a decade without pushing to leave it — 224-110, a winning record every year, no top-ten team. Steady is the whole story.","To look like the Contenders, BYU needs nothing new — just more of the same, for longer. It's a real gap, and a decade of holding the Powers steady hasn't moved it.",
Alabama,81.8,42,National Powers,Maintaining,,"A 227-119 over ten years, a winning record every year, 3 years with a top-ten team — Alabama is exactly the Powers program the rating says it is, no more, no less.","To look like the Contenders, Alabama needs nothing new — just more of the same, for longer. It's a real gap, and a decade of holding the Powers steady hasn't moved it.",
Temple,81.8,43,National Powers,Collapsing,no top-ten team in the decade,"Temple's résumé is built on an all-time rating (81.8) the last decade hasn't matched. The last ten years read differently — 157-149, 4 winning seasons in 10 and not one top-ten team.","To look like the Contenders, Temple needs 4 more winning years — 16-15 where the Contenders run 20-13. But the trend points the other way — steadying the slide and holding the tier comes first.",
California,81.2,44,National Powers,Collapsing,no top-ten team in the decade,"California's résumé is built on 1 national title and generations of ranked basketball. The last ten years read differently — 124-196, 2 winning seasons in 10, not one top-ten team and nothing new in the trophy case since 1959.","To look like the Contenders, California needs 6 more winning years — 12-20 where the Contenders run 20-13. But the trend points the other way — steadying the slide and holding the tier comes first.",
La Salle,80.8,45,National Powers,Collapsing,no top-ten team in the decade,"La Salle's résumé is built on 1 national title and generations of ranked basketball. The last ten years read differently — 127-183, 0 winning seasons in 10, not one top-ten team and nothing new in the trophy case since 1954.","To look like the Contenders, La Salle needs 8 more winning years — 13-18 where the Contenders run 20-13. But the trend points the other way — steadying the slide and holding the tier comes first.",Tom Gola's 1954 champions.
Stanford,80.7,46,National Powers,Collapsing,no top-ten team in the decade,"Stanford's résumé is built on 1 national title and generations of ranked basketball. The last ten years read differently — 167-154, 5 winning seasons in 10, not one top-ten team and nothing new in the trophy case since 1942.","To look like the Contenders, Stanford needs 3 more winning years — 17-15 where the Contenders run 20-13. But the trend points the other way — steadying the slide and holding the tier comes first.",1942 national champions.
Creighton,79.9,47,National Powers,Ascending,3 big seasons where there'd been none,"Creighton has made the last decade its best stretch on record — 225-117, 9 winning seasons in 10, ranked in 8 of 10 — pushing at the Contenders.","To look like the Contenders, Creighton needs nothing new — just more of the same, for longer. The last decade's already bending that way, so it's a decade-or-two climb, not a moonshot.",
Memphis,79.7,48,National Powers,Maintaining,,"A 215-113 over ten years, 9 winning seasons in 10, no top-ten team — Memphis is exactly the Powers program the rating says it is, no more, no less.","To look like the Contenders, Memphis needs nothing new — just more of the same, for longer. It's a real gap, and a decade of holding the Powers steady hasn't moved it.",
Wake Forest,79.5,49,National Powers,Collapsing,no top-ten team in the decade,"Wake Forest's résumé is built on an all-time rating (79.5) the last decade hasn't matched. The last ten years read differently — 164-153, 6 winning seasons in 10 and not one top-ten team.","To look like the Contenders, Wake Forest needs 2 more winning years — 17-15 where the Contenders run 20-13. But the trend points the other way — steadying the slide and holding the tier comes first.",
DePaul,79.4,50,National Powers,Collapsing,no top-ten team in the decade,"DePaul's résumé is built on an all-time rating (79.4) the last decade hasn't matched. The last ten years read differently — 118-194, 1 winning season in 10 and not one top-ten team.","To look like the Contenders, DePaul needs 7 more winning years — 12-19 where the Contenders run 20-13. But the trend points the other way — steadying the slide and holding the tier comes first.",
Oregon,79.3,51,National Powers,Ascending,3 big seasons where there'd been none,"Oregon has made the last decade its best stretch on record — 228-118, 9 winning seasons in 10, ranked in 7 of 10 — pushing at the Contenders.","To look like the Contenders, Oregon needs nothing new — just more of the same, for longer. The last decade's already bending that way, so it's a decade-or-two climb, not a moonshot.","Winners of the first NCAA tournament, 1939."
Tennessee,79.0,52,National Powers,Maintaining,,"A 242-102 over ten years, 9 winning seasons in 10, 4 years with a top-ten team — Tennessee is exactly the Powers program the rating says it is, no more, no less.","To look like the Contenders, Tennessee needs nothing new — just more of the same, for longer. It's a real gap, and a decade of holding the Powers steady hasn't moved it.",
Washington,78.1,53,National Powers,Collapsing,no top-ten team in the decade,"Washington's résumé is built on an all-time rating (78.1) the last decade hasn't matched. The last ten years read differently — 156-163, 4 winning seasons in 10 and not one top-ten team.","To look like the Contenders, Washington needs 4 more winning years — 16-16 where the Contenders run 20-13. But the trend points the other way — steadying the slide and holding the tier comes first.",
Saint Joseph's,78.0,54,National Powers,Collapsing,no top-ten team in the decade,"Saint Joseph's's résumé is built on an all-time rating (78.0) the last decade hasn't matched. The last ten years read differently — 146-171, 3 winning seasons in 10 and not one top-ten team.","To look like the Contenders, Saint Joseph's needs 5 more winning years — 15-17 where the Contenders run 20-13. But the trend points the other way — steadying the slide and holding the tier comes first.",
Dayton,77.8,55,National Powers,Maintaining,,"Dayton has held the Powers for a decade without pushing to leave it — 221-103, 9 winning seasons in 10, no top-ten team. Steady is the whole story.","To look like the Contenders, Dayton needs nothing new — just more of the same, for longer. It's a real gap, and a decade of holding the Powers steady hasn't moved it.",
Pittsburgh,77.6,56,National Powers,Collapsing,no top-ten team in the decade,"Pittsburgh's résumé is built on an all-time rating (77.6) the last decade hasn't matched. The last ten years read differently — 151-168, 3 winning seasons in 10 and not one top-ten team.","To look like the Contenders, Pittsburgh needs 5 more winning years — 15-17 where the Contenders run 20-13. But the trend points the other way — steadying the slide and holding the tier comes first.",
Pennsylvania,77.5,57,National Powers,Collapsing,no top-ten team in the decade,"Pennsylvania's résumé is built on an all-time rating (77.5) the last decade hasn't matched. The last ten years read differently — 138-125, 5 winning seasons in 9 and not one top-ten team.","To look like the Contenders, Pennsylvania needs 3 more winning years — 14-12 where the Contenders run 20-13. But the trend points the other way — steadying the slide and holding the tier comes first.",
Wichita State,77.2,58,National Powers,Maintaining,,"A 207-116 over ten years, 9 winning seasons in 10, no top-ten team — Wichita State is exactly the Powers program the rating says it is, no more, no less.","To look like the Contenders, Wichita State needs nothing new — just more of the same, for longer. It's a real gap, and a decade of holding the Powers steady hasn't moved it.",
Oregon State,77.0,59,National Powers,Collapsing,no top-ten team in the decade,"Oregon State's résumé is built on an all-time rating (77.0) the last decade hasn't matched. The last ten years read differently — 141-179, 5 winning seasons in 10 and not one top-ten team.","To look like the Contenders, Oregon State needs 3 more winning years — 14-18 where the Contenders run 20-13. But the trend points the other way — steadying the slide and holding the tier comes first.",
Western Kentucky,76.1,60,National Powers,Collapsing,no top-ten team in the decade,"Western Kentucky's résumé is built on an all-time rating (76.1) the last decade hasn't matched. The last ten years read differently — 196-130, 9 winning seasons in 10 and not one top-ten team.","To look like the Contenders, Western Kentucky needs nothing new — just more of the same, for longer. But the trend points the other way — steadying the slide and holding the tier comes first.",
Bradley,75.8,61,National Powers,Collapsing,no top-ten team in the decade,"Bradley's résumé is built on an all-time rating (75.8) the last decade hasn't matched. The last ten years read differently — 202-133, 8 winning seasons in 10 and not one top-ten team.","To look like the Contenders, Bradley needs nothing new — just more of the same, for longer. But the trend points the other way — steadying the slide and holding the tier comes first.",
USC,74.8,62,National Powers,Maintaining,,"A 211-125 over ten years, 7 winning seasons in 10, no top-ten team — USC is exactly the Powers program the rating says it is, no more, no less.","To look like the Contenders, USC needs 1 more winning year. It's a real gap, and a decade of holding the Powers steady hasn't moved it.",
Wyoming,74.2,63,National Powers,Collapsing,no top-ten team in the decade,"Wyoming's résumé is built on 1 national title and generations of ranked basketball. The last ten years read differently — 153-170, 5 winning seasons in 10, not one top-ten team and nothing new in the trophy case since 1943.","To look like the Contenders, Wyoming needs 3 more winning years — 15-17 where the Contenders run 20-13. But the trend points the other way — steadying the slide and holding the tier comes first.",1943 national champions.
Holy Cross,74.0,64,National Powers,Collapsing,no top-ten team in the decade,"Holy Cross's résumé is built on 1 national title and generations of ranked basketball. The last ten years read differently — 104-201, 0 winning seasons in 10, not one top-ten team and nothing new in the trophy case since 1947.","To look like the Contenders, Holy Cross needs 8 more winning years — 11-20 where the Contenders run 20-13. But the trend points the other way — steadying the slide and holding the tier comes first.",Bob Cousy's school and the 1947 champions.
Texas Tech,73.8,65,National Powers,Ascending,4 big seasons where there'd been none,"Texas Tech has made the last decade its best stretch on record — 229-112, 9 winning seasons in 10, ranked in 9 of 10 — already past the Contenders.","To look like the Contenders, Texas Tech needs nothing new — just more of the same, for longer. The last decade's already bending that way, so it's a decade-or-two climb, not a moonshot.",
Xavier,73.8,66,National Powers,Maintaining,,"A 207-128 over ten years, 8 winning seasons in 10, 1 year with a top-ten team — Xavier is exactly the Powers program the rating says it is, no more, no less.","To look like the Contenders, Xavier needs nothing new — just more of the same, for longer. It's a real gap, and a decade of holding the Powers steady hasn't moved it.",
Loyola Chicago,72.7,67,National Powers,Maintaining,,"Loyola Chicago has held the Powers for a decade without pushing to leave it — 209-125, 8 winning seasons in 10, no top-ten team. Steady is the whole story.","To look like the Contenders, Loyola Chicago needs nothing new — just more of the same, for longer. It's a real gap, and a decade of holding the Powers steady hasn't moved it.",The 1963 champions and a 2018 Final Four run.
Providence,72.3,68,National Brands,Maintaining,,"A 187-138 over ten years, 7 winning seasons in 10, no top-ten team — Providence is exactly the Brands program the rating says it is, no more, no less.","To look like the Powers, Providence needs a better record, first of all — 19-14 where the Powers run 19-13. It's a real gap, and a decade of holding the Brands steady hasn't moved it. In the Big East, the schedule runs straight through the tier above — those are the games that decide it.",
Mississippi State,71.7,69,National Brands,Descending,no top-ten team in the decade,"Mississippi State's résumé is built on an all-time rating (71.7) the last decade hasn't matched. The last ten years read differently — 196-140, 8 winning seasons in 10 and not one top-ten team.","To look like the Powers, Mississippi State needs a better record, first of all — 20-14 where the Powers run 19-13. But the trend points the other way — steadying the slide and holding the tier comes first.",
Baylor,71.3,70,National Brands,Ascending,1 national title in the decade,"Baylor has made the last decade its best stretch on record — 231-104, 9 winning seasons in 10, ranked in 8 of 10 — already past the Powers.","To look like the Powers, Baylor needs nothing new — just more of the same, for longer. The last decade's already bending that way, so it's a decade-or-two climb, not a moonshot. In the Big 12, the schedule runs straight through the tier above — those are the games that decide it.",The 2021 champions under Scott Drew.
Seton Hall,71.1,71,National Brands,Descending,no top-ten team in the decade,"Seton Hall's résumé is built on an all-time rating (71.1) the last decade hasn't matched. The last ten years read differently — 189-136, 9 winning seasons in 10 and not one top-ten team.","To look like the Powers, Seton Hall needs a better record, first of all — 19-14 where the Powers run 19-13. But the trend points the other way — steadying the slide and holding the tier comes first.",
Butler,70.6,72,National Brands,Maintaining,,"A 171-152 over ten years, 4 winning seasons in 10, no top-ten team — Butler is exactly the Brands program the rating says it is, no more, no less.","To look like the Powers, Butler needs 3 more winning years — 17-15 where the Powers run 19-13. It's a real gap, and a decade of holding the Brands steady hasn't moved it. In the Big East, the schedule runs straight through the tier above — those are the games that decide it.",
UTEP,70.4,73,National Brands,Collapsing,no top-ten team in the decade,"UTEP's résumé is built on 1 national title and generations of ranked basketball. The last ten years read differently — 144-168, 4 winning seasons in 10, not one top-ten team and nothing new in the trophy case since 1966.","To look like the Powers, UTEP needs 3 more winning years — 14-17 where the Powers run 19-13. But the trend points the other way — steadying the slide and holding the tier comes first.",The 1966 champions — Texas Western's all-Black starting five.
SMU,70.4,74,National Brands,Descending,no top-ten team in the decade,"SMU's résumé is built on an all-time rating (70.4) the last decade hasn't matched. The last ten years read differently — 190-124, 8 winning seasons in 10 and not one top-ten team.","To look like the Powers, SMU needs nothing new — just more of the same, for longer. But the trend points the other way — steadying the slide and holding the tier comes first.",
Auburn,70.2,75,National Brands,Ascending,6 big seasons where there'd been none,"Auburn has made the last decade its best stretch on record — 242-101, 9 winning seasons in 10, ranked in 8 of 10 — already past the Powers.","To look like the Powers, Auburn needs nothing new — just more of the same, for longer. The last decade's already bending that way, so it's a decade-or-two climb, not a moonshot. In the SEC, the schedule runs straight through the tier above — those are the games that decide it.",
New Mexico State,70.1,76,National Brands,Descending,no top-ten team in the decade,"New Mexico State's résumé is built on an all-time rating (70.1) the last decade hasn't matched. The last ten years read differently — 206-109, 7 winning seasons in 10 and not one top-ten team.","To look like the Powers, New Mexico State needs nothing new — just more of the same, for longer. But the trend points the other way — steadying the slide and holding the tier comes first.",
St. Bonaventure,70.0,77,National Brands,Descending,no top-ten team in the decade,"St. Bonaventure's résumé is built on an all-time rating (70.0) the last decade hasn't matched. The last ten years read differently — 195-123, 8 winning seasons in 10 and not one top-ten team.","To look like the Powers, St. Bonaventure needs nothing new — just more of the same, for longer. But the trend points the other way — steadying the slide and holding the tier comes first.",
Minnesota,69.7,78,National Brands,Collapsing,no top-ten team in the decade,"Minnesota's résumé is built on an all-time rating (69.7) the last decade hasn't matched. The last ten years read differently — 161-161, 3 winning seasons in 10 and not one top-ten team.","To look like the Powers, Minnesota needs 4 more winning years — 16-16 where the Powers run 19-13. But the trend points the other way — steadying the slide and holding the tier comes first.",
Missouri,69.5,79,National Brands,Collapsing,no top-ten team in the decade,"Missouri's résumé is built on an all-time rating (69.5) the last decade hasn't matched. The last ten years read differently — 161-160, 5 winning seasons in 10 and not one top-ten team.","To look like the Powers, Missouri needs 2 more winning years — 16-16 where the Powers run 19-13. But the trend points the other way — steadying the slide and holding the tier comes first.",
Georgia Tech,69.0,80,National Brands,Collapsing,no top-ten team in the decade,"Georgia Tech's résumé is built on an all-time rating (69.0) the last decade hasn't matched. The last ten years read differently — 150-169, 3 winning seasons in 10 and not one top-ten team.","To look like the Powers, Georgia Tech needs 4 more winning years — 15-17 where the Powers run 19-13. But the trend points the other way — steadying the slide and holding the tier comes first.",
Davidson,68.9,81,National Brands,Descending,no top-ten team in the decade,"Davidson's résumé is built on an all-time rating (68.9) the last decade hasn't matched. The last ten years read differently — 186-130, 8 winning seasons in 10 and not one top-ten team.","To look like the Powers, Davidson needs nothing new — just more of the same, for longer. But the trend points the other way — steadying the slide and holding the tier comes first.",
UMass,68.5,82,National Brands,Collapsing,no top-ten team in the decade,"UMass's résumé is built on an all-time rating (68.5) the last decade hasn't matched. The last ten years read differently — 140-163, 3 winning seasons in 10 and not one top-ten team.","To look like the Powers, UMass needs 4 more winning years — 14-16 where the Powers run 19-13. But the trend points the other way — steadying the slide and holding the tier comes first.",
Navy,68.4,83,National Brands,Descending,no top-ten team in the decade,"Navy's résumé is built on an all-time rating (68.4) the last decade hasn't matched. The last ten years read differently — 170-135, 5 winning seasons in 10 and not one top-ten team.","To look like the Powers, Navy needs 2 more winning years — 17-14 where the Powers run 19-13. But the trend points the other way — steadying the slide and holding the tier comes first.",
Iowa State,68.3,84,National Brands,Ascending,3 big seasons where there'd been none,"Iowa State has made the last decade its best stretch on record — 198-136, 7 winning seasons in 10, ranked in 7 of 10 — already past the Powers.","To look like the Powers, Iowa State needs nothing new — just more of the same, for longer. The last decade's already bending that way, so it's a decade-or-two climb, not a moonshot. In the Big 12, the schedule runs straight through the tier above — those are the games that decide it.",
Duquesne,67.9,85,National Brands,Collapsing,no top-ten team in the decade,"Duquesne's résumé is built on an all-time rating (67.9) the last decade hasn't matched. The last ten years read differently — 157-152, 5 winning seasons in 10 and not one top-ten team.","To look like the Powers, Duquesne needs 2 more winning years — 16-15 where the Powers run 19-13. But the trend points the other way — steadying the slide and holding the tier comes first.",
South Carolina,67.8,86,National Brands,Descending,no top-ten team in the decade,"South Carolina's résumé is built on an all-time rating (67.8) the last decade hasn't matched. The last ten years read differently — 163-152, 5 winning seasons in 10 and not one top-ten team.","To look like the Powers, South Carolina needs 2 more winning years — 17-15 where the Powers run 19-13. But the trend points the other way — steadying the slide and holding the tier comes first.",
Santa Clara,67.6,87,National Brands,Descending,no top-ten team in the decade,"Santa Clara's résumé is built on an all-time rating (67.6) the last decade hasn't matched. The last ten years read differently — 187-129, 9 winning seasons in 10 and not one top-ten team.","To look like the Powers, Santa Clara needs nothing new — just more of the same, for longer. But the trend points the other way — steadying the slide and holding the tier comes first.",
Texas A&M,67.4,88,National Brands,Ascending,2 big seasons where there'd been none,"Texas A&M has made the last decade its best stretch on record — 194-131, 8 winning seasons in 10, ranked in 4 of 10 — already past the Powers.","To look like the Powers, Texas A&M needs nothing new — just more of the same, for longer. The last decade's already bending that way, so it's a decade-or-two climb, not a moonshot. In the SEC, the schedule runs straight through the tier above — those are the games that decide it.",
Vanderbilt,67.0,89,National Brands,Collapsing,no top-ten team in the decade,"Vanderbilt's résumé is built on an all-time rating (67.0) the last decade hasn't matched. The last ten years read differently — 157-173, 5 winning seasons in 10 and not one top-ten team.","To look like the Powers, Vanderbilt needs 2 more winning years — 16-17 where the Powers run 19-13. But the trend points the other way — steadying the slide and holding the tier comes first.",
Colorado,66.1,90,National Brands,Maintaining,,"A 199-140 over ten years, 9 winning seasons in 10, no top-ten team — Colorado is exactly the Brands program the rating says it is, no more, no less.","To look like the Powers, Colorado needs nothing new — just more of the same, for longer. It's a real gap, and a decade of holding the Brands steady hasn't moved it. In the Big 12, the schedule runs straight through the tier above — those are the games that decide it.",
Miami (FL),66.0,91,National Brands,Ascending,3 big seasons where there'd been none,"Miami (FL) has made the last decade its best stretch on record — 185-142, 5 winning seasons in 10, ranked in 5 of 10 — pushing at the Powers.","To look like the Powers, Miami (FL) needs 2 more winning years — 19-14 where the Powers run 19-13. The last decade's already bending that way, so it's a decade-or-two climb, not a moonshot. In the ACC, the schedule runs straight through the tier above — those are the games that decide it.",
San Diego State,65.0,92,National Brands,Ascending,3 big seasons where there'd been none,"San Diego State has made the last decade its best stretch on record — 239-93, a winning record every year, ranked in 5 of 10 — already past the Powers.","To look like the Powers, San Diego State needs nothing new — just more of the same, for longer. The last decade's already bending that way, so it's a decade-or-two climb, not a moonshot. In the Mountain West, the schedule runs straight through the tier above — those are the games that decide it.",
Indiana State,64.9,93,National Brands,Descending,no top-ten team in the decade,"Indiana State's résumé is built on an all-time rating (64.9) the last decade hasn't matched. The last ten years read differently — 163-155, 4 winning seasons in 10 and not one top-ten team.","To look like the Powers, Indiana State needs 3 more winning years — 16-16 where the Powers run 19-13. But the trend points the other way — steadying the slide and holding the tier comes first.",
Columbia,64.9,94,National Brands,Collapsing,no top-ten team in the decade,"Columbia's résumé is built on an all-time rating (64.9) the last decade hasn't matched. The last ten years read differently — 87-162, 1 winning season in 9 and not one top-ten team.","To look like the Powers, Columbia needs 6 more winning years — 9-16 where the Powers run 19-13. But the trend points the other way — steadying the slide and holding the tier comes first.",
Utah State,64.8,95,National Brands,Maintaining,,"Utah State has held the Brands for a decade without pushing to leave it — 232-105, 8 winning seasons in 10, no top-ten team. Steady is the whole story.","To look like the Powers, Utah State needs nothing new — just more of the same, for longer. It's a real gap, and a decade of holding the Brands steady hasn't moved it. In the Mountain West, the schedule runs straight through the tier above — those are the games that decide it.",
Seattle,64.8,96,National Brands,Descending,no top-ten team in the decade,"Seattle's résumé is built on an all-time rating (64.8) the last decade hasn't matched. The last ten years read differently — 178-139, 7 winning seasons in 10 and not one top-ten team.","To look like the Powers, Seattle needs a better record, first of all — 18-14 where the Powers run 19-13. But the trend points the other way — steadying the slide and holding the tier comes first.",
New Mexico,64.4,97,National Brands,Descending,no top-ten team in the decade,"New Mexico's résumé is built on an all-time rating (64.4) the last decade hasn't matched. The last ten years read differently — 189-137, 7 winning seasons in 10 and not one top-ten team.","To look like the Powers, New Mexico needs a better record, first of all — 19-14 where the Powers run 19-13. But the trend points the other way — steadying the slide and holding the tier comes first.",
Florida State,64.0,98,National Brands,Ascending,3 big seasons where there'd been none,"Florida State has made the last decade its best stretch on record — 200-124, 9 winning seasons in 10, ranked in 6 of 10 — already past the Powers.","To look like the Powers, Florida State needs nothing new — just more of the same, for longer. The last decade's already bending that way, so it's a decade-or-two climb, not a moonshot. In the ACC, the schedule runs straight through the tier above — those are the games that decide it.",
Arizona State,63.9,99,National Brands,Maintaining,,"Arizona State has held the Brands for a decade without pushing to leave it — 170-150, 5 winning seasons in 10, no top-ten team. Steady is the whole story.","To look like the Powers, Arizona State needs 2 more winning years — 17-15 where the Powers run 19-13. It's a real gap, and a decade of holding the Brands steady hasn't moved it. In the Big 12, the schedule runs straight through the tier above — those are the games that decide it.",
Long Beach State,63.5,100,National Brands,Collapsing,no top-ten team in the decade,"Long Beach State's résumé is built on an all-time rating (63.5) the last decade hasn't matched. The last ten years read differently — 137-180, 3 winning seasons in 10 and not one top-ten team.","To look like the Powers, Long Beach State needs 4 more winning years — 14-18 where the Powers run 19-13. But the trend points the other way — steadying the slide and holding the tier comes first.",
Murray State,62.9,101,National Brands,Maintaining,,"Murray State has held the Brands for a decade without pushing to leave it — 202-118, 6 winning seasons in 10, no top-ten team. Steady is the whole story.","To look like the Powers, Murray State needs 1 more winning year. It's a real gap, and a decade of holding the Brands steady hasn't moved it. In the Missouri Valley, the schedule runs straight through the tier above — those are the games that decide it.",
Rutgers,62.8,102,National Brands,Descending,no top-ten team in the decade,"Rutgers's résumé is built on an all-time rating (62.8) the last decade hasn't matched. The last ten years read differently — 161-160, 4 winning seasons in 10 and not one top-ten team.","To look like the Powers, Rutgers needs 3 more winning years — 16-16 where the Powers run 19-13. But the trend points the other way — steadying the slide and holding the tier comes first.",
VCU,62.6,103,National Brands,Maintaining,,"VCU has held the Brands for a decade without pushing to leave it — 235-99, a winning record every year, no top-ten team. Steady is the whole story.","To look like the Powers, VCU needs nothing new — just more of the same, for longer. It's a real gap, and a decade of holding the Brands steady hasn't moved it. In the Atlantic 10, the schedule runs straight through the tier above — those are the games that decide it.",
Louisiana,61.1,104,The Field,Descending,no top-ten team in the decade,"Louisiana's résumé is built on an all-time rating (61.1) the last decade hasn't matched. The last ten years read differently — 182-140, 7 winning seasons in 10 and not one top-ten team.","To look like the Brands, Louisiana needs nothing new — just more of the same, for longer. But the trend points the other way — steadying the slide and holding the tier comes first.",
Tulsa,61.1,105,The Field,Collapsing,no top-ten team in the decade,"Tulsa's résumé is built on an all-time rating (61.1) the last decade hasn't matched. The last ten years read differently — 159-153, 5 winning seasons in 10 and not one top-ten team.","To look like the Brands, Tulsa needs 2 more winning years — 16-15 where the Brands run 18-14. But the trend points the other way — steadying the slide and holding the tier comes first.",
Penn State,60.7,106,The Field,Descending,no top-ten team in the decade,"Penn State's résumé is built on an all-time rating (60.7) the last decade hasn't matched. The last ten years read differently — 168-156, 4 winning seasons in 10 and not one top-ten team.","To look like the Brands, Penn State needs 3 more winning years — 17-15 where the Brands run 18-14. But the trend points the other way — steadying the slide and holding the tier comes first.",
Niagara,60.3,107,The Field,Collapsing,no top-ten team in the decade,"Niagara's résumé is built on an all-time rating (60.3) the last decade hasn't matched. The last ten years read differently — 128-176, 2 winning seasons in 10 and not one top-ten team.","To look like the Brands, Niagara needs 5 more winning years — 13-17 where the Brands run 18-14. But the trend points the other way — steadying the slide and holding the tier comes first.",
Saint Louis,59.3,108,The Field,Descending,no top-ten team in the decade,"Saint Louis's résumé is built on an all-time rating (59.3) the last decade hasn't matched. The last ten years read differently — 194-130, 8 winning seasons in 10 and not one top-ten team.","To look like the Brands, Saint Louis needs nothing new — just more of the same, for longer. But the trend points the other way — steadying the slide and holding the tier comes first.",
Toledo,59.3,109,The Field,Descending,no top-ten team in the decade,"Toledo's résumé is built on an all-time rating (59.3) the last decade hasn't matched. The last ten years read differently — 213-118, 9 winning seasons in 10 and not one top-ten team.","To look like the Brands, Toledo needs nothing new — just more of the same, for longer. But the trend points the other way — steadying the slide and holding the tier comes first.",
Nevada,58.8,110,The Field,Ascending,4 big seasons where there'd been none,"Nevada has made the last decade its best stretch on record — 223-108, 9 winning seasons in 10, ranked in 3 of 10 — already past the Brands.","To look like the Brands, Nevada needs nothing new — just more of the same, for longer. The last decade's already bending that way, so it's a decade-or-two climb, not a moonshot. A conference title or two is the near-term step; the tier itself is a longer build.",
Drake,58.7,111,The Field,Maintaining,,"Drake has held the Field for a decade without pushing to leave it — 219-120, 7 winning seasons in 10, no top-ten team. Steady is the whole story.","To look like the Brands, Drake needs nothing new — just more of the same, for longer. It's a real gap, and a decade of holding the Field steady hasn't moved it. A conference title or two is the near-term step; the tier itself is a longer build.",
Ohio,58.7,112,The Field,Descending,no top-ten team in the decade,"Ohio's résumé is built on an all-time rating (58.7) the last decade hasn't matched. The last ten years read differently — 177-138, 6 winning seasons in 10 and not one top-ten team.","To look like the Brands, Ohio needs 1 more winning year — 18-14 where the Brands run 18-14. But the trend points the other way — steadying the slide and holding the tier comes first.",
Washington State,57.6,113,The Field,Descending,no top-ten team in the decade,"Washington State's résumé is built on an all-time rating (57.6) the last decade hasn't matched. The last ten years read differently — 161-164, 4 winning seasons in 10 and not one top-ten team.","To look like the Brands, Washington State needs 3 more winning years — 16-17 where the Brands run 18-14. But the trend points the other way — steadying the slide and holding the tier comes first.",
Georgia,57.4,114,The Field,Descending,no top-ten team in the decade,"Georgia's résumé is built on an all-time rating (57.4) the last decade hasn't matched. The last ten years read differently — 162-162, 6 winning seasons in 10 and not one top-ten team.","To look like the Brands, Georgia needs 1 more winning year — 16-16 where the Brands run 18-14. But the trend points the other way — steadying the slide and holding the tier comes first.",
Jacksonville,56.7,115,The Field,Descending,no top-ten team in the decade,"Jacksonville's résumé is built on an all-time rating (56.7) the last decade hasn't matched. The last ten years read differently — 150-161, 3 winning seasons in 10 and not one top-ten team.","To look like the Brands, Jacksonville needs 4 more winning years — 15-16 where the Brands run 18-14. But the trend points the other way — steadying the slide and holding the tier comes first.",
Boston College,56.3,116,The Field,Collapsing,no top-ten team in the decade,"Boston College's résumé is built on an all-time rating (56.3) the last decade hasn't matched. The last ten years read differently — 131-183, 2 winning seasons in 10 and not one top-ten team.","To look like the Brands, Boston College needs 5 more winning years — 13-18 where the Brands run 18-14. But the trend points the other way — steadying the slide and holding the tier comes first.",
Rhode Island,56.2,117,The Field,Maintaining,,"Rhode Island has held the Field for a decade without pushing to leave it — 170-144, 5 winning seasons in 10, no top-ten team. Steady is the whole story.","To look like the Brands, Rhode Island needs 2 more winning years — 17-14 where the Brands run 18-14. It's a real gap, and a decade of holding the Field steady hasn't moved it. A conference title or two is the near-term step; the tier itself is a longer build.",
Detroit Mercy,55.6,118,The Field,Collapsing,no top-ten team in the decade,"Detroit Mercy's résumé is built on an all-time rating (55.6) the last decade hasn't matched. The last ten years read differently — 101-205, 2 winning seasons in 10 and not one top-ten team.","To look like the Brands, Detroit Mercy needs 5 more winning years — 10-21 where the Brands run 18-14. But the trend points the other way — steadying the slide and holding the tier comes first.",
Virginia Tech,55.0,119,The Field,Ascending,1 big seasons where there'd been none,"Virginia Tech has made the last decade its best stretch on record — 193-130, 8 winning seasons in 10, ranked in 4 of 10 — already past the Brands.","To look like the Brands, Virginia Tech needs nothing new — just more of the same, for longer. The last decade's already bending that way, so it's a decade-or-two climb, not a moonshot. A conference title or two is the near-term step; the tier itself is a longer build.",
Ole Miss,55.0,120,The Field,Maintaining,,"A 168-160 over ten years, 5 winning seasons in 10, no top-ten team — Ole Miss is exactly the Field program the rating says it is, no more, no less.","To look like the Brands, Ole Miss needs 2 more winning years — 17-16 where the Brands run 18-14. It's a real gap, and a decade of holding the Field steady hasn't moved it. A conference title or two is the near-term step; the tier itself is a longer build.",
George Washington,55.0,121,The Field,Collapsing,no top-ten team in the decade,"George Washington's résumé is built on an all-time rating (55.0) the last decade hasn't matched. The last ten years read differently — 144-169, 3 winning seasons in 10 and not one top-ten team.","To look like the Brands, George Washington needs 4 more winning years — 14-17 where the Brands run 18-14. But the trend points the other way — steadying the slide and holding the tier comes first.",
Saint Mary's,54.9,122,The Field,Ascending,8 big seasons where there'd been none,"Saint Mary's has made the last decade its best stretch on record — 256-77, a winning record every year, ranked in 8 of 10 — already past the Brands.","To look like the Brands, Saint Mary's needs nothing new — just more of the same, for longer. The last decade's already bending that way, so it's a decade-or-two climb, not a moonshot. A conference title or two is the near-term step; the tier itself is a longer build.",
Bowling Green,54.8,123,The Field,Descending,no top-ten team in the decade,"Bowling Green's résumé is built on an all-time rating (54.8) the last decade hasn't matched. The last ten years read differently — 162-153, 5 winning seasons in 10 and not one top-ten team.","To look like the Brands, Bowling Green needs 2 more winning years — 16-16 where the Brands run 18-14. But the trend points the other way — steadying the slide and holding the tier comes first.",
TCU,54.8,124,The Field,Ascending,7 big seasons where there'd been none,"TCU has made the last decade its best stretch on record — 199-138, 7 winning seasons in 10, ranked in 4 of 10 — pushing at the Brands.","To look like the Brands, TCU needs nothing new — just more of the same, for longer. The last decade's already bending that way, so it's a decade-or-two climb, not a moonshot. A conference title or two is the near-term step; the tier itself is a longer build.",
Clemson,54.6,125,The Field,Ascending,2 big seasons where there'd been none,"Clemson has made the last decade its best stretch on record — 209-119, a winning record every year, ranked in 7 of 10 — already past the Brands.","To look like the Brands, Clemson needs nothing new — just more of the same, for longer. The last decade's already bending that way, so it's a decade-or-two climb, not a moonshot. A conference title or two is the near-term step; the tier itself is a longer build.",
Dartmouth,54.5,126,The Field,Collapsing,no top-ten team in the decade,"Dartmouth's résumé is built on an all-time rating (54.5) the last decade hasn't matched. The last ten years read differently — 87-161, 0 winning seasons in 9 and not one top-ten team.","To look like the Brands, Dartmouth needs 7 more winning years — 9-16 where the Brands run 18-14. But the trend points the other way — steadying the slide and holding the tier comes first.",
Weber State,54.5,127,The Field,Descending,no top-ten team in the decade,"Weber State's résumé is built on an all-time rating (54.5) the last decade hasn't matched. The last ten years read differently — 174-143, 7 winning seasons in 10 and not one top-ten team.","To look like the Brands, Weber State needs a better record, first of all — 18-14 where the Brands run 18-14. But the trend points the other way — steadying the slide and holding the tier comes first.",
UAB,54.4,128,The Field,Descending,no top-ten team in the decade,"UAB's résumé is built on an all-time rating (54.4) the last decade hasn't matched. The last ten years read differently — 221-119, a winning record every year and not one top-ten team.","To look like the Brands, UAB needs nothing new — just more of the same, for longer. But the trend points the other way — steadying the slide and holding the tier comes first.",
Miami (OH),54.4,129,The Field,Maintaining,,"Miami (OH) has held the Field for a decade without pushing to leave it — 165-152, 3 winning seasons in 10, no top-ten team. Steady is the whole story.","To look like the Brands, Miami (OH) needs 4 more winning years — 17-15 where the Brands run 18-14. It's a real gap, and a decade of holding the Field steady hasn't moved it. A conference title or two is the near-term step; the tier itself is a longer build.",
Nebraska,54.3,130,The Field,Maintaining,,"A 165-162 over ten years, 5 winning seasons in 10, no top-ten team — Nebraska is exactly the Field program the rating says it is, no more, no less.","To look like the Brands, Nebraska needs 2 more winning years — 17-16 where the Brands run 18-14. It's a real gap, and a decade of holding the Field steady hasn't moved it. A conference title or two is the near-term step; the tier itself is a longer build.",
Louisiana Tech,54.1,131,The Field,Maintaining,,"Louisiana Tech has held the Field for a decade without pushing to leave it — 207-119, 9 winning seasons in 10, no top-ten team. Steady is the whole story.","To look like the Brands, Louisiana Tech needs nothing new — just more of the same, for longer. It's a real gap, and a decade of holding the Field steady hasn't moved it. A conference title or two is the near-term step; the tier itself is a longer build.",
East Tennessee State,53.7,132,The Field,Maintaining,,"A 207-120 over ten years, 8 winning seasons in 10, no top-ten team — East Tennessee State is exactly the Field program the rating says it is, no more, no less.","To look like the Brands, East Tennessee State needs nothing new — just more of the same, for longer. It's a real gap, and a decade of holding the Field steady hasn't moved it. A conference title or two is the near-term step; the tier itself is a longer build.",
LIU,53.5,133,The Field,Descending,no top-ten team in the decade,"LIU's résumé is built on an all-time rating (53.5) the last decade hasn't matched. The last ten years read differently — 145-161, 5 winning seasons in 10 and not one top-ten team.","To look like the Brands, LIU needs 2 more winning years — 15-16 where the Brands run 18-14. But the trend points the other way — steadying the slide and holding the tier comes first.",
Oral Roberts,52.7,134,The Field,Descending,no top-ten team in the decade,"Oral Roberts's résumé is built on an all-time rating (52.7) the last decade hasn't matched. The last ten years read differently — 143-171, 4 winning seasons in 10 and not one top-ten team.","To look like the Brands, Oral Roberts needs 3 more winning years — 14-17 where the Brands run 18-14. But the trend points the other way — steadying the slide and holding the tier comes first.",
Western Michigan,52.0,135,The Field,Collapsing,no top-ten team in the decade,"Western Michigan's résumé is built on an all-time rating (52.0) the last decade hasn't matched. The last ten years read differently — 109-197, 1 winning season in 10 and not one top-ten team.","To look like the Brands, Western Michigan needs 6 more winning years — 11-20 where the Brands run 18-14. But the trend points the other way — steadying the slide and holding the tier comes first.",
Marshall,51.8,136,The Field,Descending,no top-ten team in the decade,"Marshall's résumé is built on an all-time rating (51.8) the last decade hasn't matched. The last ten years read differently — 188-137, 8 winning seasons in 10 and not one top-ten team.","To look like the Brands, Marshall needs nothing new — just more of the same, for longer. But the trend points the other way — steadying the slide and holding the tier comes first.",
Chattanooga,51.6,137,The Field,Maintaining,,"Chattanooga has held the Field for a decade without pushing to leave it — 187-141, 7 winning seasons in 10, no top-ten team. Steady is the whole story.","To look like the Brands, Chattanooga needs nothing new — just more of the same, for longer. It's a real gap, and a decade of holding the Field steady hasn't moved it. A conference title or two is the near-term step; the tier itself is a longer build.",
Southern Illinois,51.6,138,The Field,Descending,no top-ten team in the decade,"Southern Illinois's résumé is built on an all-time rating (51.6) the last decade hasn't matched. The last ten years read differently — 170-147, 6 winning seasons in 10 and not one top-ten team.","To look like the Brands, Southern Illinois needs 1 more winning year — 17-15 where the Brands run 18-14. But the trend points the other way — steadying the slide and holding the tier comes first.",
Canisius,51.5,139,The Field,Collapsing,no top-ten team in the decade,"Canisius's résumé is built on an all-time rating (51.5) the last decade hasn't matched. The last ten years read differently — 121-178, 3 winning seasons in 10 and not one top-ten team.","To look like the Brands, Canisius needs 4 more winning years — 12-18 where the Brands run 18-14. But the trend points the other way — steadying the slide and holding the tier comes first.",
Fordham,51.5,140,The Field,Collapsing,no top-ten team in the decade,"Fordham's résumé is built on an all-time rating (51.5) the last decade hasn't matched. The last ten years read differently — 128-175, 2 winning seasons in 10 and not one top-ten team.","To look like the Brands, Fordham needs 5 more winning years — 13-17 where the Brands run 18-14. But the trend points the other way — steadying the slide and holding the tier comes first.",
Charlotte,50.7,141,The Field,Descending,no top-ten team in the decade,"Charlotte's résumé is built on an all-time rating (50.7) the last decade hasn't matched. The last ten years read differently — 138-169, 4 winning seasons in 10 and not one top-ten team.","To look like the Brands, Charlotte needs 3 more winning years — 14-17 where the Brands run 18-14. But the trend points the other way — steadying the slide and holding the tier comes first.",
Furman,50.5,142,The Field,Ascending,4 big seasons where there'd been none,"Furman has made the last decade its best stretch on record — 226-105, a winning record every year, ranked in 1 of 10 — pushing at the Brands.","To look like the Brands, Furman needs nothing new — just more of the same, for longer. The last decade's already bending that way, so it's a decade-or-two climb, not a moonshot. A conference title or two is the near-term step; the tier itself is a longer build.",
Idaho,50.3,143,The Field,Collapsing,no top-ten team in the decade,"Idaho's résumé is built on an all-time rating (50.3) the last decade hasn't matched. The last ten years read differently — 120-194, 3 winning seasons in 10 and not one top-ten team.","To look like the Brands, Idaho needs 4 more winning years — 12-19 where the Brands run 18-14. But the trend points the other way — steadying the slide and holding the tier comes first.",
Montana,50.0,144,The Field,Maintaining,,"A 203-125 over ten years, 9 winning seasons in 10, no top-ten team — Montana is exactly the Field program the rating says it is, no more, no less.","To look like the Brands, Montana needs nothing new — just more of the same, for longer. It's a real gap, and a decade of holding the Field steady hasn't moved it. A conference title or two is the near-term step; the tier itself is a longer build.",
Richmond,49.8,145,The Field,Maintaining,,"Richmond has held the Field for a decade without pushing to leave it — 171-149, 5 winning seasons in 10, no top-ten team. Steady is the whole story.","To look like the Brands, Richmond needs 2 more winning years — 17-15 where the Brands run 18-14. It's a real gap, and a decade of holding the Field steady hasn't moved it. A conference title or two is the near-term step; the tier itself is a longer build.",
Illinois State,49.5,146,The Field,Maintaining,,"A 164-162 over ten years, 5 winning seasons in 10, no top-ten team — Illinois State is exactly the Field program the rating says it is, no more, no less.","To look like the Brands, Illinois State needs 2 more winning years — 17-16 where the Brands run 18-14. It's a real gap, and a decade of holding the Field steady hasn't moved it. A conference title or two is the near-term step; the tier itself is a longer build.",
Manhattan,49.5,147,The Field,Descending,no top-ten team in the decade,"Manhattan's résumé is built on an all-time rating (49.5) the last decade hasn't matched. The last ten years read differently — 118-181, 1 winning season in 10 and not one top-ten team.","To look like the Brands, Manhattan needs 6 more winning years — 12-18 where the Brands run 18-14. But the trend points the other way — steadying the slide and holding the tier comes first.",
Montana State,48.9,148,The Field,Maintaining,,"A 175-145 over ten years, 5 winning seasons in 10, no top-ten team — Montana State is exactly the Field program the rating says it is, no more, no less.","To look like the Brands, Montana State needs 2 more winning years — 18-14 where the Brands run 18-14. It's a real gap, and a decade of holding the Field steady hasn't moved it. A conference title or two is the near-term step; the tier itself is a longer build.",
Colorado State,48.5,149,The Field,Ascending,3 big seasons where there'd been none,"Colorado State has made the last decade its best stretch on record — 198-131, 7 winning seasons in 10, ranked in 2 of 10 — pushing at the Brands.","To look like the Brands, Colorado State needs nothing new — just more of the same, for longer. The last decade's already bending that way, so it's a decade-or-two climb, not a moonshot. A conference title or two is the near-term step; the tier itself is a longer build.",
Fresno State,48.2,150,The Field,Descending,no top-ten team in the decade,"Fresno State's résumé is built on an all-time rating (48.2) the last decade hasn't matched. The last ten years read differently — 152-163, 4 winning seasons in 10 and not one top-ten team.","To look like the Brands, Fresno State needs 3 more winning years — 15-17 where the Brands run 18-14. But the trend points the other way — steadying the slide and holding the tier comes first.",
Northern Iowa,47.7,151,The Field,Maintaining,,"Northern Iowa has held the Field for a decade without pushing to leave it — 177-141, 5 winning seasons in 10, no top-ten team. Steady is the whole story.","To look like the Brands, Northern Iowa needs 2 more winning years — 18-14 where the Brands run 18-14. It's a real gap, and a decade of holding the Field steady hasn't moved it. A conference title or two is the near-term step; the tier itself is a longer build.",
Rice,47.6,152,The Field,Descending,no top-ten team in the decade,"Rice's résumé is built on an all-time rating (47.6) the last decade hasn't matched. The last ten years read differently — 145-176, 3 winning seasons in 10 and not one top-ten team.","To look like the Brands, Rice needs 4 more winning years — 14-18 where the Brands run 18-14. But the trend points the other way — steadying the slide and holding the tier comes first.",
Pacific,47.6,153,The Field,Descending,no top-ten team in the decade,"Pacific's résumé is built on an all-time rating (47.6) the last decade hasn't matched. The last ten years read differently — 127-182, 2 winning seasons in 10 and not one top-ten team.","To look like the Brands, Pacific needs 5 more winning years — 13-18 where the Brands run 18-14. But the trend points the other way — steadying the slide and holding the tier comes first.",
Charleston,47.6,154,The Field,Ascending,4 big seasons where there'd been none,"Charleston has made the last decade its best stretch on record — 221-97, 9 winning seasons in 10, ranked in 1 of 10 — pushing at the Brands.","To look like the Brands, Charleston needs nothing new — just more of the same, for longer. The last decade's already bending that way, so it's a decade-or-two climb, not a moonshot. A conference title or two is the near-term step; the tier itself is a longer build.",
Yale,47.5,155,The Field,Ascending,9 big seasons where there'd been none,"Yale has made the last decade its best stretch on record — 188-87, a winning record every year, ranked in 0 of 9 — pushing at the Brands.","To look like the Brands, Yale needs nothing new — just more of the same, for longer. The last decade's already bending that way, so it's a decade-or-two climb, not a moonshot. A conference title or two is the near-term step; the tier itself is a longer build.",
Ball State,47.2,156,The Field,Maintaining,,"A 159-150 over ten years, 4 winning seasons in 10, no top-ten team — Ball State is exactly the Field program the rating says it is, no more, no less.","To look like the Brands, Ball State needs 3 more winning years — 16-15 where the Brands run 18-14. It's a real gap, and a decade of holding the Field steady hasn't moved it. A conference title or two is the near-term step; the tier itself is a longer build.",
Kent State,47.2,157,The Field,Ascending,1 big seasons where there'd been none,"Kent State has made the last decade its best stretch on record — 212-119, 8 winning seasons in 10, ranked in 0 of 10 — pushing at the Brands.","To look like the Brands, Kent State needs nothing new — just more of the same, for longer. The last decade's already bending that way, so it's a decade-or-two climb, not a moonshot. A conference title or two is the near-term step; the tier itself is a longer build.",
Bucknell,47.1,158,The Field,Maintaining,,"A 154-158 over ten years, 4 winning seasons in 10, no top-ten team — Bucknell is exactly the Field program the rating says it is, no more, no less.","To look like the Brands, Bucknell needs 3 more winning years — 15-16 where the Brands run 18-14. It's a real gap, and a decade of holding the Field steady hasn't moved it. A conference title or two is the near-term step; the tier itself is a longer build.",
Iona,46.8,159,The Field,Maintaining,,"Iona has held the Field for a decade without pushing to leave it — 186-130, 7 winning seasons in 10, no top-ten team. Steady is the whole story.","To look like the Brands, Iona needs nothing new — just more of the same, for longer. It's a real gap, and a decade of holding the Field steady hasn't moved it. A conference title or two is the near-term step; the tier itself is a longer build.",
Siena,46.8,160,The Field,Maintaining,,"A 147-159 over ten years, 6 winning seasons in 10, no top-ten team — Siena is exactly the Field program the rating says it is, no more, no less.","To look like the Brands, Siena needs 1 more winning year — 15-16 where the Brands run 18-14. It's a real gap, and a decade of holding the Field steady hasn't moved it. A conference title or two is the near-term step; the tier itself is a longer build.",
South Alabama,46.7,161,The Field,Maintaining,,"South Alabama has held the Field for a decade without pushing to leave it — 180-142, 6 winning seasons in 10, no top-ten team. Steady is the whole story.","To look like the Brands, South Alabama needs 1 more winning year — 18-14 where the Brands run 18-14. It's a real gap, and a decade of holding the Field steady hasn't moved it. A conference title or two is the near-term step; the tier itself is a longer build.",
Cornell,46.4,162,The Field,Descending,no top-ten team in the decade,"Cornell's résumé is built on an all-time rating (46.4) the last decade hasn't matched. The last ten years read differently — 129-127, 5 winning seasons in 9 and not one top-ten team.","To look like the Brands, Cornell needs 2 more winning years — 13-13 where the Brands run 18-14. But the trend points the other way — steadying the slide and holding the tier comes first.",
Pepperdine,46.3,163,The Field,Descending,no top-ten team in the decade,"Pepperdine's résumé is built on an all-time rating (46.3) the last decade hasn't matched. The last ten years read differently — 113-206, 1 winning season in 10 and not one top-ten team.","To look like the Brands, Pepperdine needs 6 more winning years — 11-21 where the Brands run 18-14. But the trend points the other way — steadying the slide and holding the tier comes first.",
Morehead State,46.0,164,The Field,Maintaining,,"A 177-146 over ten years, 5 winning seasons in 10, no top-ten team — Morehead State is exactly the Field program the rating says it is, no more, no less.","To look like the Brands, Morehead State needs 2 more winning years — 18-14 where the Brands run 18-14. It's a real gap, and a decade of holding the Field steady hasn't moved it. A conference title or two is the near-term step; the tier itself is a longer build.",
Middle Tennessee,45.9,165,The Field,Ascending,3 big seasons where there'd been none,"Middle Tennessee has made the last decade its best stretch on record — 178-146, 6 winning seasons in 10, ranked in 1 of 10 — pushing at the Brands.","To look like the Brands, Middle Tennessee needs 1 more winning year — 18-14 where the Brands run 18-14. The last decade's already bending that way, so it's a decade-or-two climb, not a moonshot. A conference title or two is the near-term step; the tier itself is a longer build.",
Valparaiso,45.7,166,The Field,Maintaining,,"A 148-175 over ten years, 3 winning seasons in 10, no top-ten team — Valparaiso is exactly the Field program the rating says it is, no more, no less.","To look like the Brands, Valparaiso needs 4 more winning years — 15-17 where the Brands run 18-14. It's a real gap, and a decade of holding the Field steady hasn't moved it. A conference title or two is the near-term step; the tier itself is a longer build.",
George Mason,45.6,167,The Field,Ascending,1 big seasons where there'd been none,"George Mason has made the last decade its best stretch on record — 188-130, 8 winning seasons in 10, ranked in 0 of 10 — pushing at the Brands.","To look like the Brands, George Mason needs nothing new — just more of the same, for longer. The last decade's already bending that way, so it's a decade-or-two climb, not a moonshot. A conference title or two is the near-term step; the tier itself is a longer build.",
Austin Peay,45.5,168,The Field,Maintaining,,"A 163-153 over ten years, 6 winning seasons in 10, no top-ten team — Austin Peay is exactly the Field program the rating says it is, no more, no less.","To look like the Brands, Austin Peay needs 1 more winning year — 17-15 where the Brands run 18-14. It's a real gap, and a decade of holding the Field steady hasn't moved it. A conference title or two is the near-term step; the tier itself is a longer build.",
Lafayette,45.4,169,The Field,Descending,no top-ten team in the decade,"Lafayette's résumé is built on an all-time rating (45.4) the last decade hasn't matched. The last ten years read differently — 113-185, 2 winning seasons in 10 and not one top-ten team.","To look like the Brands, Lafayette needs 5 more winning years — 11-19 where the Brands run 18-14. But the trend points the other way — steadying the slide and holding the tier comes first.",
Old Dominion,45.1,170,The Field,Maintaining,,"A 164-152 over ten years, 5 winning seasons in 10, no top-ten team — Old Dominion is exactly the Field program the rating says it is, no more, no less.","To look like the Brands, Old Dominion needs 2 more winning years — 17-15 where the Brands run 18-14. It's a real gap, and a decade of holding the Field steady hasn't moved it. A conference title or two is the near-term step; the tier itself is a longer build.",
Boston University,44.9,171,The Field,Maintaining,,"Boston University has held the Field for a decade without pushing to leave it — 162-152, 3 winning seasons in 10, no top-ten team. Steady is the whole story.","To look like the Brands, Boston University needs 4 more winning years — 16-15 where the Brands run 18-14. It's a real gap, and a decade of holding the Field steady hasn't moved it. A conference title or two is the near-term step; the tier itself is a longer build.",
Lamar,44.8,172,The Field,Maintaining,,"A 147-172 over ten years, 6 winning seasons in 10, no top-ten team — Lamar is exactly the Field program the rating says it is, no more, no less.","To look like the Brands, Lamar needs 1 more winning year — 15-17 where the Brands run 18-14. It's a real gap, and a decade of holding the Field steady hasn't moved it. A conference title or two is the near-term step; the tier itself is a longer build.",
Southern Miss,44.1,173,The Field,Descending,no top-ten team in the decade,"Southern Miss's résumé is built on an all-time rating (44.1) the last decade hasn't matched. The last ten years read differently — 140-180, 3 winning seasons in 10 and not one top-ten team.","To look like the Brands, Southern Miss needs 4 more winning years — 14-18 where the Brands run 18-14. But the trend points the other way — steadying the slide and holding the tier comes first.",
Florida Atlantic,44.0,174,The Field,Surging,2 big seasons where there'd been none,"Florida Atlantic has made the last decade its best stretch on record — 184-139, 8 winning seasons in 10, ranked in 2 of 10 — already past the Brands.","To look like the Brands, Florida Atlantic needs nothing new — just more of the same, for longer. The last decade's already bending that way, so it's a decade-or-two climb, not a moonshot. A conference title or two is the near-term step; the tier itself is a longer build.",
Vermont,43.8,175,The Field,Ascending,6 big seasons where there'd been none,"Vermont has made the last decade its best stretch on record — 241-81, a winning record every year, ranked in 0 of 10 — pushing at the Brands.","To look like the Brands, Vermont needs nothing new — just more of the same, for longer. The last decade's already bending that way, so it's a decade-or-two climb, not a moonshot. A conference title or two is the near-term step; the tier itself is a longer build.",
Cleveland State,43.7,176,The Field,Maintaining,,"A 157-170 over ten years, 5 winning seasons in 10, no top-ten team — Cleveland State is exactly the Field program the rating says it is, no more, no less.","To look like the Brands, Cleveland State needs 2 more winning years — 16-17 where the Brands run 18-14. It's a real gap, and a decade of holding the Field steady hasn't moved it. A conference title or two is the near-term step; the tier itself is a longer build.",
Winthrop,43.7,177,The Field,Ascending,1 big seasons where there'd been none,"Winthrop has made the last decade its best stretch on record — 211-106, 9 winning seasons in 10, ranked in 0 of 10 — pushing at the Brands.","To look like the Brands, Winthrop needs nothing new — just more of the same, for longer. The last decade's already bending that way, so it's a decade-or-two climb, not a moonshot. A conference title or two is the near-term step; the tier itself is a longer build.",
Harvard,43.7,178,The Field,Maintaining,,"A 146-111 over ten years, 6 winning seasons in 9, no top-ten team — Harvard is exactly the Field program the rating says it is, no more, no less.","To look like the Brands, Harvard needs 1 more winning year. It's a real gap, and a decade of holding the Field steady hasn't moved it. A conference title or two is the near-term step; the tier itself is a longer build.",
Eastern Kentucky,43.5,179,The Field,Maintaining,,"Eastern Kentucky has held the Field for a decade without pushing to leave it — 156-162, 4 winning seasons in 10, no top-ten team. Steady is the whole story.","To look like the Brands, Eastern Kentucky needs 3 more winning years — 16-16 where the Brands run 18-14. It's a real gap, and a decade of holding the Field steady hasn't moved it. A conference title or two is the near-term step; the tier itself is a longer build.",
Boise State,43.5,180,The Field,Ascending,2 big seasons where there'd been none,"Boise State has made the last decade its best stretch on record — 213-114, 9 winning seasons in 10, ranked in 0 of 10 — pushing at the Brands.","To look like the Brands, Boise State needs nothing new — just more of the same, for longer. The last decade's already bending that way, so it's a decade-or-two climb, not a moonshot. A conference title or two is the near-term step; the tier itself is a longer build.",
James Madison,43.4,181,The Field,Ascending,1 big seasons where there'd been none,"James Madison has made the last decade its best stretch on record — 163-148, 6 winning seasons in 10, ranked in 1 of 10 — pushing at the Brands.","To look like the Brands, James Madison needs 1 more winning year — 16-15 where the Brands run 18-14. The last decade's already bending that way, so it's a decade-or-two climb, not a moonshot. A conference title or two is the near-term step; the tier itself is a longer build.",
Akron,43.3,182,The Field,Ascending,3 big seasons where there'd been none,"Akron has made the last decade its best stretch on record — 224-103, 9 winning seasons in 10, ranked in 0 of 10 — pushing at the Brands.","To look like the Brands, Akron needs nothing new — just more of the same, for longer. The last decade's already bending that way, so it's a decade-or-two climb, not a moonshot. A conference title or two is the near-term step; the tier itself is a longer build.",
Loyola Marymount,43.1,183,The Field,Maintaining,,"Loyola Marymount has held the Field for a decade without pushing to leave it — 146-158, 4 winning seasons in 10, no top-ten team. Steady is the whole story.","To look like the Brands, Loyola Marymount needs 3 more winning years — 14-16 where the Brands run 18-14. It's a real gap, and a decade of holding the Field steady hasn't moved it. A conference title or two is the near-term step; the tier itself is a longer build.",
New Orleans,43.0,184,The Field,Maintaining,,"A 133-180 over ten years, 3 winning seasons in 10, no top-ten team — New Orleans is exactly the Field program the rating says it is, no more, no less.","To look like the Brands, New Orleans needs 4 more winning years — 13-18 where the Brands run 18-14. It's a real gap, and a decade of holding the Field steady hasn't moved it. A conference title or two is the near-term step; the tier itself is a longer build.",
Tulane,42.3,185,The Field,Descending,no top-ten team in the decade,"Tulane's résumé is built on an all-time rating (42.3) the last decade hasn't matched. The last ten years read differently — 131-173, 3 winning seasons in 10 and not one top-ten team.","To look like the Brands, Tulane needs 4 more winning years — 13-17 where the Brands run 18-14. But the trend points the other way — steadying the slide and holding the tier comes first.",
Missouri State,42.3,186,The Field,Maintaining,,"A 166-154 over ten years, 6 winning seasons in 10, no top-ten team — Missouri State is exactly the Field program the rating says it is, no more, no less.","To look like the Brands, Missouri State needs 1 more winning year — 17-15 where the Brands run 18-14. It's a real gap, and a decade of holding the Field steady hasn't moved it. A conference title or two is the near-term step; the tier itself is a longer build.",
Northeastern,42.1,187,The Field,Maintaining,,"Northeastern has held the Field for a decade without pushing to leave it — 143-163, 5 winning seasons in 10, no top-ten team. Steady is the whole story.","To look like the Brands, Northeastern needs 2 more winning years — 14-17 where the Brands run 18-14. It's a real gap, and a decade of holding the Field steady hasn't moved it. A conference title or two is the near-term step; the tier itself is a longer build.",
Northwestern,41.8,188,The Field,Maintaining,,"A 160-161 over ten years, 4 winning seasons in 10, no top-ten team — Northwestern is exactly the Field program the rating says it is, no more, no less.","To look like the Brands, Northwestern needs 3 more winning years — 16-16 where the Brands run 18-14. It's a real gap, and a decade of holding the Field steady hasn't moved it. A conference title or two is the near-term step; the tier itself is a longer build.",
Stephen F. Austin,41.8,189,The Field,Ascending,3 big seasons where there'd been none,"Stephen F. Austin has made the last decade its best stretch on record — 205-107, 8 winning seasons in 10, ranked in 0 of 10 — pushing at the Brands.","To look like the Brands, Stephen F. Austin needs nothing new — just more of the same, for longer. The last decade's already bending that way, so it's a decade-or-two climb, not a moonshot. A conference title or two is the near-term step; the tier itself is a longer build.",
Hawaii,41.3,190,The Field,Maintaining,,"A 175-126 over ten years, 8 winning seasons in 10, no top-ten team — Hawaii is exactly the Field program the rating says it is, no more, no less.","To look like the Brands, Hawaii needs nothing new — just more of the same, for longer. It's a real gap, and a decade of holding the Field steady hasn't moved it. A conference title or two is the near-term step; the tier itself is a longer build.",
Saint Peter's,41.2,191,The Field,Ascending,6 big seasons where there'd been none,"Saint Peter's has made the last decade its best stretch on record — 163-148, 6 winning seasons in 10, ranked in 0 of 10 — pushing at the Brands.","To look like the Brands, Saint Peter's needs 1 more winning year — 16-15 where the Brands run 18-14. The last decade's already bending that way, so it's a decade-or-two climb, not a moonshot. A conference title or two is the near-term step; the tier itself is a longer build.",
Hofstra,41.1,192,The Field,Ascending,3 big seasons where there'd been none,"Hofstra has made the last decade its best stretch on record — 205-118, 8 winning seasons in 10, ranked in 0 of 10 — pushing at the Brands.","To look like the Brands, Hofstra needs nothing new — just more of the same, for longer. The last decade's already bending that way, so it's a decade-or-two climb, not a moonshot. A conference title or two is the near-term step; the tier itself is a longer build.",
Belmont,40.9,193,The Field,Too new,,"Belmont has 27 Division I seasons: 240-82, a winning record every year. Too little to set against the Brands yet.","Belmont has 27 seasons at this level — too little to set a target against the National Brands. The near-term markers are the ordinary ones: a winning record most years, a conference title, the odd ranked week.",
Eastern Michigan,40.8,194,The Field,Maintaining,,"A 132-174 over ten years, 1 winning season in 10, no top-ten team — Eastern Michigan is exactly the Field program the rating says it is, no more, no less.","To look like the Brands, Eastern Michigan needs 6 more winning years — 13-18 where the Brands run 18-14. It's a real gap, and a decade of holding the Field steady hasn't moved it. A conference title or two is the near-term step; the tier itself is a longer build.",
UNC Wilmington,40.5,195,The Field,Ascending,4 big seasons where there'd been none,"UNC Wilmington has made the last decade its best stretch on record — 193-126, 6 winning seasons in 10, ranked in 0 of 10 — pushing at the Brands.","To look like the Brands, UNC Wilmington needs 1 more winning year. The last decade's already bending that way, so it's a decade-or-two climb, not a moonshot. A conference title or two is the near-term step; the tier itself is a longer build.",
Little Rock,40.3,196,The Field,Maintaining,,"A 135-175 over ten years, 3 winning seasons in 10, no top-ten team — Little Rock is exactly the Field program the rating says it is, no more, no less.","To look like the Brands, Little Rock needs 4 more winning years — 14-17 where the Brands run 18-14. It's a real gap, and a decade of holding the Field steady hasn't moved it. A conference title or two is the near-term step; the tier itself is a longer build.",
VMI,40.2,197,The Field,Descending,no top-ten team in the decade,"VMI's résumé is built on an all-time rating (40.2) the last decade hasn't matched. The last ten years read differently — 96-216, 1 winning season in 10 and not one top-ten team.","To look like the Brands, VMI needs 6 more winning years — 10-21 where the Brands run 18-14. But the trend points the other way — steadying the slide and holding the tier comes first.",
Drexel,40.2,198,The Field,Maintaining,,"A 148-161 over ten years, 6 winning seasons in 10, no top-ten team — Drexel is exactly the Field program the rating says it is, no more, no less.","To look like the Brands, Drexel needs 1 more winning year — 15-16 where the Brands run 18-14. It's a real gap, and a decade of holding the Field steady hasn't moved it. A conference title or two is the near-term step; the tier itself is a longer build.",
UC Santa Barbara,40.1,199,The Field,Ascending,1 big seasons where there'd been none,"UC Santa Barbara has made the last decade its best stretch on record — 193-117, 9 winning seasons in 10, ranked in 0 of 10 — pushing at the Brands.","To look like the Brands, UC Santa Barbara needs nothing new — just more of the same, for longer. The last decade's already bending that way, so it's a decade-or-two climb, not a moonshot. A conference title or two is the near-term step; the tier itself is a longer build.",
Rider,39.8,200,The Field,Maintaining,,"A 143-163 over ten years, 5 winning seasons in 10, no top-ten team — Rider is exactly the Field program the rating says it is, no more, no less.","To look like the Brands, Rider needs 2 more winning years — 14-17 where the Brands run 18-14. It's a real gap, and a decade of holding the Field steady hasn't moved it. A conference title or two is the near-term step; the tier itself is a longer build.",
North Texas,39.6,201,The Field,Ascending,3 big seasons where there'd been none,"North Texas has made the last decade its best stretch on record — 208-125, 9 winning seasons in 10, ranked in 0 of 10 — pushing at the Brands.","To look like the Brands, North Texas needs nothing new — just more of the same, for longer. The last decade's already bending that way, so it's a decade-or-two climb, not a moonshot. A conference title or two is the near-term step; the tier itself is a longer build.",
Arkansas State,39.4,202,The Field,Ascending,1 big seasons where there'd been none,"Arkansas State has made the last decade its best stretch on record — 167-152, 5 winning seasons in 10, ranked in 0 of 10 — pushing at the Brands.","To look like the Brands, Arkansas State needs 2 more winning years — 17-15 where the Brands run 18-14. The last decade's already bending that way, so it's a decade-or-two climb, not a moonshot. A conference title or two is the near-term step; the tier itself is a longer build.",
Colgate,39.4,203,The Field,Ascending,3 big seasons where there'd been none,"Colgate has made the last decade its best stretch on record — 198-123, 8 winning seasons in 10, ranked in 0 of 10 — pushing at the Brands.","To look like the Brands, Colgate needs nothing new — just more of the same, for longer. The last decade's already bending that way, so it's a decade-or-two climb, not a moonshot. A conference title or two is the near-term step; the tier itself is a longer build.",
Green Bay,39.4,204,The Field,Descending,no top-ten team in the decade,"Green Bay's résumé is built on an all-time rating (39.4) the last decade hasn't matched. The last ten years read differently — 125-195, 5 winning seasons in 10 and not one top-ten team.","To look like the Brands, Green Bay needs 2 more winning years — 13-19 where the Brands run 18-14. But the trend points the other way — steadying the slide and holding the tier comes first.",
UC Irvine,39.3,205,The Field,Surging,2 big seasons where there'd been none,"UC Irvine has made the last decade its best stretch on record — 226-109, a winning record every year, ranked in 0 of 10 — pushing at the Brands.","To look like the Brands, UC Irvine needs nothing new — just more of the same, for longer. The last decade's already bending that way, so it's a decade-or-two climb, not a moonshot. A conference title or two is the near-term step; the tier itself is a longer build.",
Buffalo,39.2,206,The Field,Ascending,2 big seasons where there'd been none,"Buffalo has made the last decade its best stretch on record — 176-141, 7 winning seasons in 10, ranked in 1 of 10 — pushing at the Brands.","To look like the Brands, Buffalo needs a better record, first of all — 18-14 where the Brands run 18-14. The last decade's already bending that way, so it's a decade-or-two climb, not a moonshot. A conference title or two is the near-term step; the tier itself is a longer build.",
Southern,39.0,207,The Field,Maintaining,,"Southern has held the Field for a decade without pushing to leave it — 150-161, 4 winning seasons in 10, no top-ten team. Steady is the whole story.","To look like the Brands, Southern needs 3 more winning years — 15-16 where the Brands run 18-14. It's a real gap, and a decade of holding the Field steady hasn't moved it. A conference title or two is the near-term step; the tier itself is a longer build.",
Evansville,38.6,208,The Field,Maintaining,,"A 108-207 over ten years, 1 winning season in 10, no top-ten team — Evansville is exactly the Field program the rating says it is, no more, no less.","To look like the Brands, Evansville needs 6 more winning years — 11-21 where the Brands run 18-14. It's a real gap, and a decade of holding the Field steady hasn't moved it. A conference title or two is the near-term step; the tier itself is a longer build.",
Georgia Southern,38.6,209,The Field,Ascending,7 big seasons where there'd been none,"Georgia Southern has made the last decade its best stretch on record — 170-153, 7 winning seasons in 10, ranked in 0 of 10 — pushing at the Brands.","To look like the Brands, Georgia Southern needs a better record, first of all — 17-15 where the Brands run 18-14. The last decade's already bending that way, so it's a decade-or-two climb, not a moonshot. A conference title or two is the near-term step; the tier itself is a longer build.",
Central Michigan,38.5,210,The Field,Maintaining,,"A 140-173 over ten years, 3 winning seasons in 10, no top-ten team — Central Michigan is exactly the Field program the rating says it is, no more, no less.","To look like the Brands, Central Michigan needs 4 more winning years — 14-17 where the Brands run 18-14. It's a real gap, and a decade of holding the Field steady hasn't moved it. A conference title or two is the near-term step; the tier itself is a longer build.",
Idaho State,38.5,211,The Field,Descending,no top-ten team in the decade,"Idaho State's résumé is built on an all-time rating (38.5) the last decade hasn't matched. The last ten years read differently — 111-193, 1 winning season in 10 and not one top-ten team.","To look like the Brands, Idaho State needs 6 more winning years — 11-19 where the Brands run 18-14. But the trend points the other way — steadying the slide and holding the tier comes first.",
Army,38.3,212,The Field,Maintaining,,"A 136-171 over ten years, 3 winning seasons in 10, no top-ten team — Army is exactly the Field program the rating says it is, no more, no less.","To look like the Brands, Army needs 4 more winning years — 14-17 where the Brands run 18-14. It's a real gap, and a decade of holding the Field steady hasn't moved it. A conference title or two is the near-term step; the tier itself is a longer build.",
Sam Houston,38.3,213,The Field,Ascending,1 big seasons where there'd been none,"Sam Houston has made the last decade its best stretch on record — 201-127, 9 winning seasons in 10, ranked in 0 of 10 — pushing at the Brands.","To look like the Brands, Sam Houston needs nothing new — just more of the same, for longer. The last decade's already bending that way, so it's a decade-or-two climb, not a moonshot. A conference title or two is the near-term step; the tier itself is a longer build.",
Tennessee Tech,38.2,214,The Field,Maintaining,,"A 118-195 over ten years, 1 winning season in 10, no top-ten team — Tennessee Tech is exactly the Field program the rating says it is, no more, no less.","To look like the Brands, Tennessee Tech needs 6 more winning years — 12-19 where the Brands run 18-14. It's a real gap, and a decade of holding the Field steady hasn't moved it. A conference title or two is the near-term step; the tier itself is a longer build.",
Liberty,38.1,215,The Field,Surging,5 big seasons where there'd been none,"Liberty has made the last decade its best stretch on record — 245-95, a winning record every year, ranked in 0 of 10 — pushing at the Brands.","To look like the Brands, Liberty needs nothing new — just more of the same, for longer. The last decade's already bending that way, so it's a decade-or-two climb, not a moonshot. A conference title or two is the near-term step; the tier itself is a longer build.",
South Dakota State,37.9,216,The Field,Too new,,"South Dakota State has 21 Division I seasons: 213-111, 9 winning seasons in 10. Too little to set against the Brands yet.","South Dakota State has 21 seasons at this level — too little to set a target against the National Brands. The near-term markers are the ordinary ones: a winning record most years, a conference title, the odd ranked week.",
Wofford,37.9,217,The Field,Surging,1 big seasons where there'd been none,"Wofford has made the last decade its best stretch on record — 192-133, 9 winning seasons in 10, ranked in 1 of 10 — pushing at the Brands.","To look like the Brands, Wofford needs nothing new — just more of the same, for longer. The last decade's already bending that way, so it's a decade-or-two climb, not a moonshot. A conference title or two is the near-term step; the tier itself is a longer build.",
McNeese,37.7,218,The Field,Ascending,3 big seasons where there'd been none,"McNeese has made the last decade its best stretch on record — 160-154, 3 winning seasons in 10, ranked in 0 of 10 — pushing at the Brands.","To look like the Brands, McNeese needs 4 more winning years — 16-15 where the Brands run 18-14. The last decade's already bending that way, so it's a decade-or-two climb, not a moonshot. A conference title or two is the near-term step; the tier itself is a longer build.",
American,37.7,219,The Field,Maintaining,,"American has held the Field for a decade without pushing to leave it — 130-163, 3 winning seasons in 10, no top-ten team. Steady is the whole story.","To look like the Brands, American needs 4 more winning years — 13-16 where the Brands run 18-14. It's a real gap, and a decade of holding the Field steady hasn't moved it. A conference title or two is the near-term step; the tier itself is a longer build.",
Appalachian State,37.6,220,The Field,Ascending,1 big seasons where there'd been none,"Appalachian State has made the last decade its best stretch on record — 168-152, 6 winning seasons in 10, ranked in 0 of 10 — pushing at the Brands.","To look like the Brands, Appalachian State needs 1 more winning year — 17-15 where the Brands run 18-14. The last decade's already bending that way, so it's a decade-or-two climb, not a moonshot. A conference title or two is the near-term step; the tier itself is a longer build.",
Florida Gulf Coast,37.4,221,The Field,Too new,,"Florida Gulf Coast has 19 Division I seasons: 171-146, 6 winning seasons in 10. Too little to set against the Brands yet.","Florida Gulf Coast has 19 seasons at this level — too little to set a target against the National Brands. The near-term markers are the ordinary ones: a winning record most years, a conference title, the odd ranked week.",
Radford,37.3,222,The Field,Ascending,6 big seasons where there'd been none,"Radford has made the last decade its best stretch on record — 179-144, 6 winning seasons in 10, ranked in 0 of 10 — pushing at the Brands.","To look like the Brands, Radford needs 1 more winning year — 18-14 where the Brands run 18-14. The last decade's already bending that way, so it's a decade-or-two climb, not a moonshot. A conference title or two is the near-term step; the tier itself is a longer build.",
Louisiana-Monroe,37.2,223,The Field,Maintaining,,"Louisiana-Monroe has held the Field for a decade without pushing to leave it — 106-206, 1 winning season in 10, no top-ten team. Steady is the whole story.","To look like the Brands, Louisiana-Monroe needs 6 more winning years — 11-20 where the Brands run 18-14. It's a real gap, and a decade of holding the Field steady hasn't moved it. A conference title or two is the near-term step; the tier itself is a longer build.",
Utah Valley,37.2,224,The Field,Too new,,"Utah Valley has 22 Division I seasons: 201-123, 6 winning seasons in 10. Too little to set against the Brands yet.","Utah Valley has 22 seasons at this level — too little to set a target against the National Brands. The near-term markers are the ordinary ones: a winning record most years, a conference title, the odd ranked week.",
UCF,37.0,225,The Field,Ascending,9 big seasons where there'd been none,"UCF has made the last decade its best stretch on record — 189-132, 9 winning seasons in 10, ranked in 2 of 10 — pushing at the Brands.","To look like the Brands, UCF needs nothing new — just more of the same, for longer. The last decade's already bending that way, so it's a decade-or-two climb, not a moonshot. A conference title or two is the near-term step; the tier itself is a longer build.",
North Dakota State,37.0,226,The Field,Too new,,"North Dakota State has 21 Division I seasons: 195-127, 7 winning seasons in 10. Too little to set against the Brands yet.","North Dakota State has 21 seasons at this level — too little to set a target against the National Brands. The near-term markers are the ordinary ones: a winning record most years, a conference title, the odd ranked week.",
Texas Southern,36.9,227,The Field,Ascending,4 big seasons where there'd been none,"Texas Southern has made the last decade its best stretch on record — 172-157, 4 winning seasons in 10, ranked in 0 of 10 — pushing at the Brands.","To look like the Brands, Texas Southern needs 3 more winning years — 17-16 where the Brands run 18-14. The last decade's already bending that way, so it's a decade-or-two climb, not a moonshot. A conference title or two is the near-term step; the tier itself is a longer build.",
Delaware,36.9,228,The Field,Maintaining,,"A 157-158 over ten years, 5 winning seasons in 10, no top-ten team — Delaware is exactly the Field program the rating says it is, no more, no less.","To look like the Brands, Delaware needs 2 more winning years — 16-16 where the Brands run 18-14. It's a real gap, and a decade of holding the Field steady hasn't moved it. A conference title or two is the near-term step; the tier itself is a longer build.",
Wright State,36.8,229,The Field,Ascending,2 big seasons where there'd been none,"Wright State has made the last decade its best stretch on record — 205-122, 9 winning seasons in 10, ranked in 0 of 10 — pushing at the Brands.","To look like the Brands, Wright State needs nothing new — just more of the same, for longer. The last decade's already bending that way, so it's a decade-or-two climb, not a moonshot. A conference title or two is the near-term step; the tier itself is a longer build.",
Milwaukee,36.7,230,The Field,Maintaining,,"A 143-174 over ten years, 3 winning seasons in 10, no top-ten team — Milwaukee is exactly the Field program the rating says it is, no more, no less.","To look like the Brands, Milwaukee needs 4 more winning years — 14-18 where the Brands run 18-14. It's a real gap, and a decade of holding the Field steady hasn't moved it. A conference title or two is the near-term step; the tier itself is a longer build.",
High Point,36.6,231,The Field,Too new,,"High Point has 27 Division I seasons: 178-140, 4 winning seasons in 10. Too little to set against the Brands yet.","High Point has 27 seasons at this level — too little to set a target against the National Brands. The near-term markers are the ordinary ones: a winning record most years, a conference title, the odd ranked week.",
Fairleigh Dickinson,36.5,232,The Field,Maintaining,,"A 130-183 over ten years, 2 winning seasons in 10, no top-ten team — Fairleigh Dickinson is exactly the Field program the rating says it is, no more, no less.","To look like the Brands, Fairleigh Dickinson needs 5 more winning years — 13-18 where the Brands run 18-14. It's a real gap, and a decade of holding the Field steady hasn't moved it. A conference title or two is the near-term step; the tier itself is a longer build.",
Northern Arizona,36.4,233,The Field,Maintaining,,"Northern Arizona has held the Field for a decade without pushing to leave it — 109-204, 2 winning seasons in 10, no top-ten team. Steady is the whole story.","To look like the Brands, Northern Arizona needs 5 more winning years — 11-20 where the Brands run 18-14. It's a real gap, and a decade of holding the Field steady hasn't moved it. A conference title or two is the near-term step; the tier itself is a longer build.",
Robert Morris,36.4,234,The Field,Ascending,1 big seasons where there'd been none,"Robert Morris has made the last decade its best stretch on record — 154-165, 4 winning seasons in 10, ranked in 0 of 10 — pushing at the Brands.","To look like the Brands, Robert Morris needs 3 more winning years — 15-17 where the Brands run 18-14. The last decade's already bending that way, so it's a decade-or-two climb, not a moonshot. A conference title or two is the near-term step; the tier itself is a longer build.",
North Carolina A&T,36.3,235,The Field,Maintaining,,"North Carolina A&T has held the Field for a decade without pushing to leave it — 120-190, 4 winning seasons in 10, no top-ten team. Steady is the whole story.","To look like the Brands, North Carolina A&T needs 3 more winning years — 12-19 where the Brands run 18-14. It's a real gap, and a decade of holding the Field steady hasn't moved it. A conference title or two is the near-term step; the tier itself is a longer build.",
UNC Asheville,36.3,236,The Field,Ascending,1 big seasons where there'd been none,"UNC Asheville has made the last decade its best stretch on record — 175-139, 6 winning seasons in 10, ranked in 0 of 10 — pushing at the Brands.","To look like the Brands, UNC Asheville needs 1 more winning year — 17-14 where the Brands run 18-14. The last decade's already bending that way, so it's a decade-or-two climb, not a moonshot. A conference title or two is the near-term step; the tier itself is a longer build.",
Brown,36.2,237,The Field,Maintaining,,"Brown has held the Field for a decade without pushing to leave it — 122-135, 4 winning seasons in 9, no top-ten team. Steady is the whole story.","To look like the Brands, Brown needs 3 more winning years — 12-14 where the Brands run 18-14. It's a real gap, and a decade of holding the Field steady hasn't moved it. A conference title or two is the near-term step; the tier itself is a longer build.",
South Carolina State,36.0,238,The Field,Maintaining,,"A 105-198 over ten years, 1 winning season in 10, no top-ten team — South Carolina State is exactly the Field program the rating says it is, no more, no less.","To look like the Brands, South Carolina State needs 6 more winning years — 10-20 where the Brands run 18-14. It's a real gap, and a decade of holding the Field steady hasn't moved it. A conference title or two is the near-term step; the tier itself is a longer build.",
Coastal Carolina,35.9,239,The Field,Ascending,4 big seasons where there'd been none,"Coastal Carolina has made the last decade its best stretch on record — 153-170, 4 winning seasons in 10, ranked in 0 of 10 — pushing at the Brands.","To look like the Brands, Coastal Carolina needs 3 more winning years — 15-17 where the Brands run 18-14. The last decade's already bending that way, so it's a decade-or-two climb, not a moonshot. A conference title or two is the near-term step; the tier itself is a longer build.",
South Florida,35.8,240,The Field,Ascending,2 big seasons where there'd been none,"South Florida has made the last decade its best stretch on record — 149-166, 3 winning seasons in 10, ranked in 1 of 10 — pushing at the Brands.","To look like the Brands, South Florida needs 4 more winning years — 15-17 where the Brands run 18-14. The last decade's already bending that way, so it's a decade-or-two climb, not a moonshot. A conference title or two is the near-term step; the tier itself is a longer build.",
Norfolk State,35.8,241,The Field,Too new,,"Norfolk State has 29 Division I seasons: 195-129, 8 winning seasons in 10. Too little to set against the Brands yet.","Norfolk State has 29 seasons at this level — too little to set a target against the National Brands. The near-term markers are the ordinary ones: a winning record most years, a conference title, the odd ranked week.",
Oakland,35.8,242,The Field,Too new,,"Oakland has 27 Division I seasons: 174-154, 4 winning seasons in 10. Too little to set against the Brands yet.","Oakland has 27 seasons at this level — too little to set a target against the National Brands. The near-term markers are the ordinary ones: a winning record most years, a conference title, the odd ranked week.",
Northern Illinois,35.8,243,The Field,Maintaining,,"Northern Illinois has held the Field for a decade without pushing to leave it — 114-188, 1 winning season in 10, no top-ten team. Steady is the whole story.","To look like the Brands, Northern Illinois needs 6 more winning years — 11-19 where the Brands run 18-14. It's a real gap, and a decade of holding the Field steady hasn't moved it. A conference title or two is the near-term step; the tier itself is a longer build.",
UNC Greensboro,35.6,244,The Field,Surging,3 big seasons where there'd been none,"UNC Greensboro has made the last decade its best stretch on record — 218-112, 9 winning seasons in 10, ranked in 0 of 10 — pushing at the Brands.","To look like the Brands, UNC Greensboro needs nothing new — just more of the same, for longer. The last decade's already bending that way, so it's a decade-or-two climb, not a moonshot. A conference title or two is the near-term step; the tier itself is a longer build.",
Wagner,35.5,245,The Field,Ascending,6 big seasons where there'd been none,"Wagner has made the last decade its best stretch on record — 156-137, 6 winning seasons in 10, ranked in 0 of 10 — pushing at the Brands.","To look like the Brands, Wagner needs 1 more winning year — 15-14 where the Brands run 18-14. The last decade's already bending that way, so it's a decade-or-two climb, not a moonshot. A conference title or two is the near-term step; the tier itself is a longer build.",
Cal State Fullerton,35.4,246,The Field,Maintaining,,"A 149-159 over ten years, 5 winning seasons in 10, no top-ten team — Cal State Fullerton is exactly the Field program the rating says it is, no more, no less.","To look like the Brands, Cal State Fullerton needs 2 more winning years — 15-16 where the Brands run 18-14. It's a real gap, and a decade of holding the Field steady hasn't moved it. A conference title or two is the near-term step; the tier itself is a longer build.",
Fairfield,35.3,247,The Field,Maintaining,,"Fairfield has held the Field for a decade without pushing to leave it — 149-172, 4 winning seasons in 10, no top-ten team. Steady is the whole story.","To look like the Brands, Fairfield needs 3 more winning years — 15-17 where the Brands run 18-14. It's a real gap, and a decade of holding the Field steady hasn't moved it. A conference title or two is the near-term step; the tier itself is a longer build.",
Troy,35.3,248,The Field,Ascending,6 big seasons where there'd been none,"Troy has made the last decade its best stretch on record — 175-149, 6 winning seasons in 10, ranked in 0 of 10 — pushing at the Brands.","To look like the Brands, Troy needs 1 more winning year — 17-15 where the Brands run 18-14. The last decade's already bending that way, so it's a decade-or-two climb, not a moonshot. A conference title or two is the near-term step; the tier itself is a longer build.",
Mercer,35.2,249,The Field,Ascending,4 big seasons where there'd been none,"Mercer has made the last decade its best stretch on record — 159-163, 4 winning seasons in 10, ranked in 0 of 10 — pushing at the Brands.","To look like the Brands, Mercer needs 3 more winning years — 16-16 where the Brands run 18-14. The last decade's already bending that way, so it's a decade-or-two climb, not a moonshot. A conference title or two is the near-term step; the tier itself is a longer build.",
Jackson State,35.1,250,The Field,Maintaining,,"A 134-174 over ten years, 1 winning season in 10, no top-ten team — Jackson State is exactly the Field program the rating says it is, no more, no less.","To look like the Brands, Jackson State needs 6 more winning years — 13-18 where the Brands run 18-14. It's a real gap, and a decade of holding the Field steady hasn't moved it. A conference title or two is the near-term step; the tier itself is a longer build.",
Denver,35.1,251,The Field,Maintaining,,"Denver has held the Field for a decade without pushing to leave it — 117-187, 1 winning season in 10, no top-ten team. Steady is the whole story.","To look like the Brands, Denver needs 6 more winning years — 12-18 where the Brands run 18-14. It's a real gap, and a decade of holding the Field steady hasn't moved it. A conference title or two is the near-term step; the tier itself is a longer build.",
Lehigh,35.1,252,The Field,Maintaining,,"A 143-156 over ten years, 5 winning seasons in 10, no top-ten team — Lehigh is exactly the Field program the rating says it is, no more, no less.","To look like the Brands, Lehigh needs 2 more winning years — 14-16 where the Brands run 18-14. It's a real gap, and a decade of holding the Field steady hasn't moved it. A conference title or two is the near-term step; the tier itself is a longer build.",
Merrimack,35.1,253,The Field,Too new,,"Merrimack has 7 Division I seasons: 124-90, 5 winning seasons in 7. Too little to set against the Brands yet.","Merrimack has 7 seasons at this level — too little to set a target against the National Brands. The near-term markers are the ordinary ones: a winning record most years, a conference title, the odd ranked week.",
Northern Colorado,35.1,254,The Field,Too new,,"Northern Colorado has 22 Division I seasons: 189-133, 7 winning seasons in 10. Too little to set against the Brands yet.","Northern Colorado has 22 seasons at this level — too little to set a target against the National Brands. The near-term markers are the ordinary ones: a winning record most years, a conference title, the odd ranked week.",
Portland,35.0,255,The Field,Maintaining,,"Portland has held the Field for a decade without pushing to leave it — 115-201, 1 winning season in 10, no top-ten team. Steady is the whole story.","To look like the Brands, Portland needs 6 more winning years — 12-20 where the Brands run 18-14. It's a real gap, and a decade of holding the Field steady hasn't moved it. A conference title or two is the near-term step; the tier itself is a longer build.",
San Jose State,34.9,256,The Field,Maintaining,,"A 96-213 over ten years, 1 winning season in 10, no top-ten team — San Jose State is exactly the Field program the rating says it is, no more, no less.","To look like the Brands, San Jose State needs 6 more winning years — 10-21 where the Brands run 18-14. It's a real gap, and a decade of holding the Field steady hasn't moved it. A conference title or two is the near-term step; the tier itself is a longer build.",
Texas State,34.9,257,The Field,Ascending,6 big seasons where there'd been none,"Texas State has made the last decade its best stretch on record — 189-134, 6 winning seasons in 10, ranked in 0 of 10 — pushing at the Brands.","To look like the Brands, Texas State needs 1 more winning year. The last decade's already bending that way, so it's a decade-or-two climb, not a moonshot. A conference title or two is the near-term step; the tier itself is a longer build.",
Samford,34.7,258,The Field,Ascending,1 big seasons where there'd been none,"Samford has made the last decade its best stretch on record — 173-143, 7 winning seasons in 10, ranked in 0 of 10 — pushing at the Brands.","To look like the Brands, Samford needs a better record, first of all — 18-14 where the Brands run 18-14. The last decade's already bending that way, so it's a decade-or-two climb, not a moonshot. A conference title or two is the near-term step; the tier itself is a longer build.",
William & Mary,34.7,259,The Field,Maintaining,,"William & Mary has held the Field for a decade without pushing to leave it — 143-161, 5 winning seasons in 10, no top-ten team. Steady is the whole story.","To look like the Brands, William & Mary needs 2 more winning years — 14-16 where the Brands run 18-14. It's a real gap, and a decade of holding the Field steady hasn't moved it. A conference title or two is the near-term step; the tier itself is a longer build.",
Georgia State,34.6,260,The Field,Ascending,6 big seasons where there'd been none,"Georgia State has made the last decade its best stretch on record — 169-143, 6 winning seasons in 10, ranked in 0 of 10 — pushing at the Brands.","To look like the Brands, Georgia State needs 1 more winning year — 17-14 where the Brands run 18-14. The last decade's already bending that way, so it's a decade-or-two climb, not a moonshot. A conference title or two is the near-term step; the tier itself is a longer build.",
Air Force,34.6,261,The Field,Descending,no top-ten team in the decade,"Air Force's résumé is built on an all-time rating (34.6) the last decade hasn't matched. The last ten years read differently — 96-213, 0 winning seasons in 10 and not one top-ten team.","To look like the Brands, Air Force needs 7 more winning years — 10-21 where the Brands run 18-14. But the trend points the other way — steadying the slide and holding the tier comes first.",
UT Rio Grande Valley,34.5,262,The Field,Maintaining,,"A 133-177 over ten years, 3 winning seasons in 10, no top-ten team — UT Rio Grande Valley is exactly the Field program the rating says it is, no more, no less.","To look like the Brands, UT Rio Grande Valley needs 4 more winning years — 13-18 where the Brands run 18-14. It's a real gap, and a decade of holding the Field steady hasn't moved it. A conference title or two is the near-term step; the tier itself is a longer build.",
Howard,34.3,263,The Field,Ascending,4 big seasons where there'd been none,"Howard has made the last decade its best stretch on record — 134-171, 4 winning seasons in 10, ranked in 0 of 10 — pushing at the Brands.","To look like the Brands, Howard needs 3 more winning years — 14-17 where the Brands run 18-14. The last decade's already bending that way, so it's a decade-or-two climb, not a moonshot. A conference title or two is the near-term step; the tier itself is a longer build.",
Lipscomb,34.2,264,The Field,Too new,,"Lipscomb has 24 Division I seasons: 201-126, 8 winning seasons in 10. Too little to set against the Brands yet.","Lipscomb has 24 seasons at this level — too little to set a target against the National Brands. The near-term markers are the ordinary ones: a winning record most years, a conference title, the odd ranked week.",
Stony Brook,34.2,265,The Field,Too new,,"Stony Brook has 27 Division I seasons: 158-158, 6 winning seasons in 10. Too little to set against the Brands yet.","Stony Brook has 27 seasons at this level — too little to set a target against the National Brands. The near-term markers are the ordinary ones: a winning record most years, a conference title, the odd ranked week.",
Alcorn State,34.1,266,The Field,Maintaining,,"A 129-177 over ten years, 2 winning seasons in 10, no top-ten team — Alcorn State is exactly the Field program the rating says it is, no more, no less.","To look like the Brands, Alcorn State needs 5 more winning years — 13-18 where the Brands run 18-14. It's a real gap, and a decade of holding the Field steady hasn't moved it. A conference title or two is the near-term step; the tier itself is a longer build.",
Hampton,34.1,267,The Field,Maintaining,,"Hampton has held the Field for a decade without pushing to leave it — 133-185, 3 winning seasons in 10, no top-ten team. Steady is the whole story.","To look like the Brands, Hampton needs 4 more winning years — 13-19 where the Brands run 18-14. It's a real gap, and a decade of holding the Field steady hasn't moved it. A conference title or two is the near-term step; the tier itself is a longer build.",
Towson,34.1,268,The Field,Ascending,1 big seasons where there'd been none,"Towson has made the last decade its best stretch on record — 178-137, 8 winning seasons in 10, ranked in 0 of 10 — pushing at the Brands.","To look like the Brands, Towson needs nothing new — just more of the same, for longer. The last decade's already bending that way, so it's a decade-or-two climb, not a moonshot. A conference title or two is the near-term step; the tier itself is a longer build.",
UT Arlington,33.9,269,The Field,Ascending,1 big seasons where there'd been none,"UT Arlington has made the last decade its best stretch on record — 165-154, 5 winning seasons in 10, ranked in 0 of 10 — pushing at the Brands.","To look like the Brands, UT Arlington needs 2 more winning years — 17-15 where the Brands run 18-14. The last decade's already bending that way, so it's a decade-or-two climb, not a moonshot. A conference title or two is the near-term step; the tier itself is a longer build.",
Alabama State,33.8,270,The Field,Maintaining,,"A 100-204 over ten years, 1 winning season in 10, no top-ten team — Alabama State is exactly the Field program the rating says it is, no more, no less.","To look like the Brands, Alabama State needs 6 more winning years — 10-20 where the Brands run 18-14. It's a real gap, and a decade of holding the Field steady hasn't moved it. A conference title or two is the near-term step; the tier itself is a longer build.",
Monmouth,33.8,271,The Field,Ascending,1 big seasons where there'd been none,"Monmouth has made the last decade its best stretch on record — 160-157, 6 winning seasons in 10, ranked in 0 of 10 — pushing at the Brands.","To look like the Brands, Monmouth needs 1 more winning year — 16-16 where the Brands run 18-14. The last decade's already bending that way, so it's a decade-or-two climb, not a moonshot. A conference title or two is the near-term step; the tier itself is a longer build.",
Eastern Washington,33.6,272,The Field,Surging,7 big seasons where there'd been none,"Eastern Washington has made the last decade its best stretch on record — 183-140, 7 winning seasons in 10, ranked in 0 of 10 — pushing at the Brands.","To look like the Brands, Eastern Washington needs nothing new — just more of the same, for longer. The last decade's already bending that way, so it's a decade-or-two climb, not a moonshot. A conference title or two is the near-term step; the tier itself is a longer build.",
Saint Francis,33.5,273,The Field,Maintaining,,"Saint Francis has held the Field for a decade without pushing to leave it — 133-174, 3 winning seasons in 10, no top-ten team. Steady is the whole story.","To look like the Brands, Saint Francis needs 4 more winning years — 13-18 where the Brands run 18-14. It's a real gap, and a decade of holding the Field steady hasn't moved it. A conference title or two is the near-term step; the tier itself is a longer build.",
Quinnipiac,33.5,274,The Field,Too new,,"Quinnipiac has 28 Division I seasons: 159-150, 5 winning seasons in 10. Too little to set against the Brands yet.","Quinnipiac has 28 seasons at this level — too little to set a target against the National Brands. The near-term markers are the ordinary ones: a winning record most years, a conference title, the odd ranked week.",
Loyola Maryland,33.4,275,The Field,Maintaining,,"Loyola Maryland has held the Field for a decade without pushing to leave it — 115-188, 0 winning seasons in 10, no top-ten team. Steady is the whole story.","To look like the Brands, Loyola Maryland needs 7 more winning years — 11-19 where the Brands run 18-14. It's a real gap, and a decade of holding the Field steady hasn't moved it. A conference title or two is the near-term step; the tier itself is a longer build.",
Marist,33.4,276,The Field,Maintaining,,"A 129-171 over ten years, 4 winning seasons in 10, no top-ten team — Marist is exactly the Field program the rating says it is, no more, no less.","To look like the Brands, Marist needs 3 more winning years — 13-17 where the Brands run 18-14. It's a real gap, and a decade of holding the Field steady hasn't moved it. A conference title or two is the near-term step; the tier itself is a longer build.",
Coppin State,33.3,277,The Field,Maintaining,,"Coppin State has held the Field for a decade without pushing to leave it — 74-230, 0 winning seasons in 10, no top-ten team. Steady is the whole story.","To look like the Brands, Coppin State needs 7 more winning years — 7-23 where the Brands run 18-14. It's a real gap, and a decade of holding the Field steady hasn't moved it. A conference title or two is the near-term step; the tier itself is a longer build.",
Grand Canyon,33.3,278,The Field,Too new,,"Grand Canyon has 13 Division I seasons: 219-104, 9 winning seasons in 10. Too little to set against the Brands yet.","Grand Canyon has 13 seasons at this level — too little to set a target against the National Brands. The near-term markers are the ordinary ones: a winning record most years, a conference title, the odd ranked week.",
Texas A&M-Corpus Christi,33.3,279,The Field,Too new,,"Texas A&M-Corpus Christi has 24 Division I seasons: 174-149, 6 winning seasons in 10. Too little to set against the Brands yet.","Texas A&M-Corpus Christi has 24 seasons at this level — too little to set a target against the National Brands. The near-term markers are the ordinary ones: a winning record most years, a conference title, the odd ranked week.",
Mississippi Valley State,33.3,280,The Field,Maintaining,,"A 36-269 over ten years, 0 winning seasons in 10, no top-ten team — Mississippi Valley State is exactly the Field program the rating says it is, no more, no less.","To look like the Brands, Mississippi Valley State needs 7 more winning years — 4-27 where the Brands run 18-14. It's a real gap, and a decade of holding the Field steady hasn't moved it. A conference title or two is the near-term step; the tier itself is a longer build.",
SE Louisiana,33.2,281,The Field,Ascending,5 big seasons where there'd been none,"SE Louisiana has made the last decade its best stretch on record — 150-167, 5 winning seasons in 10, ranked in 0 of 10 — pushing at the Brands.","To look like the Brands, SE Louisiana needs 2 more winning years — 15-17 where the Brands run 18-14. The last decade's already bending that way, so it's a decade-or-two climb, not a moonshot. A conference title or two is the near-term step; the tier itself is a longer build.",
UTSA,33.2,282,The Field,Maintaining,,"A 127-188 over ten years, 3 winning seasons in 10, no top-ten team — UTSA is exactly the Field program the rating says it is, no more, no less.","To look like the Brands, UTSA needs 4 more winning years — 13-19 where the Brands run 18-14. It's a real gap, and a decade of holding the Field steady hasn't moved it. A conference title or two is the near-term step; the tier itself is a longer build.",
Maine,33.1,283,The Field,Maintaining,,"Maine has held the Field for a decade without pushing to leave it — 91-202, 1 winning season in 10, no top-ten team. Steady is the whole story.","To look like the Brands, Maine needs 6 more winning years — 9-20 where the Brands run 18-14. It's a real gap, and a decade of holding the Field steady hasn't moved it. A conference title or two is the near-term step; the tier itself is a longer build.",
Portland State,33.0,284,The Field,Ascending,5 big seasons where there'd been none,"Portland State has made the last decade its best stretch on record — 160-148, 5 winning seasons in 10, ranked in 0 of 10 — pushing at the Brands.","To look like the Brands, Portland State needs 2 more winning years — 16-15 where the Brands run 18-14. The last decade's already bending that way, so it's a decade-or-two climb, not a moonshot. A conference title or two is the near-term step; the tier itself is a longer build.",
San Diego,32.8,285,The Field,Maintaining,,"San Diego has held the Field for a decade without pushing to leave it — 128-180, 3 winning seasons in 10, no top-ten team. Steady is the whole story.","To look like the Brands, San Diego needs 4 more winning years — 13-18 where the Brands run 18-14. It's a real gap, and a decade of holding the Field steady hasn't moved it. A conference title or two is the near-term step; the tier itself is a longer build.",
Tennessee State,32.8,286,The Field,Ascending,6 big seasons where there'd been none,"Tennessee State has made the last decade its best stretch on record — 153-156, 6 winning seasons in 10, ranked in 0 of 10 — pushing at the Brands.","To look like the Brands, Tennessee State needs 1 more winning year — 15-16 where the Brands run 18-14. The last decade's already bending that way, so it's a decade-or-two climb, not a moonshot. A conference title or two is the near-term step; the tier itself is a longer build.",
Charleston Southern,32.7,287,The Field,Maintaining,,"Charleston Southern has held the Field for a decade without pushing to leave it — 113-192, 1 winning season in 10, no top-ten team. Steady is the whole story.","To look like the Brands, Charleston Southern needs 6 more winning years — 11-20 where the Brands run 18-14. It's a real gap, and a decade of holding the Field steady hasn't moved it. A conference title or two is the near-term step; the tier itself is a longer build.",
Central Connecticut,32.6,288,The Field,Ascending,1 big seasons where there'd been none,"Central Connecticut has made the last decade its best stretch on record — 122-180, 3 winning seasons in 10, ranked in 0 of 10 — pushing at the Brands.","To look like the Brands, Central Connecticut needs 4 more winning years — 12-18 where the Brands run 18-14. The last decade's already bending that way, so it's a decade-or-two climb, not a moonshot. A conference title or two is the near-term step; the tier itself is a longer build.",
UIC,32.6,289,The Field,Ascending,4 big seasons where there'd been none,"UIC has made the last decade its best stretch on record — 154-168, 4 winning seasons in 10, ranked in 0 of 10 — pushing at the Brands.","To look like the Brands, UIC needs 3 more winning years — 15-17 where the Brands run 18-14. The last decade's already bending that way, so it's a decade-or-two climb, not a moonshot. A conference title or two is the near-term step; the tier itself is a longer build.",
Nicholls,32.5,290,The Field,Surging,7 big seasons where there'd been none,"Nicholls has made the last decade its best stretch on record — 179-135, 7 winning seasons in 10, ranked in 0 of 10 — pushing at the Brands.","To look like the Brands, Nicholls needs nothing new — just more of the same, for longer. The last decade's already bending that way, so it's a decade-or-two climb, not a moonshot. A conference title or two is the near-term step; the tier itself is a longer build.",
Grambling,32.3,291,The Field,Ascending,4 big seasons where there'd been none,"Grambling has made the last decade its best stretch on record — 163-160, 4 winning seasons in 10, ranked in 0 of 10 — pushing at the Brands.","To look like the Brands, Grambling needs 3 more winning years — 16-16 where the Brands run 18-14. The last decade's already bending that way, so it's a decade-or-two climb, not a moonshot. A conference title or two is the near-term step; the tier itself is a longer build.",
Western Carolina,32.3,292,The Field,Maintaining,,"A 133-180 over ten years, 3 winning seasons in 10, no top-ten team — Western Carolina is exactly the Field program the rating says it is, no more, no less.","To look like the Brands, Western Carolina needs 4 more winning years — 13-18 where the Brands run 18-14. It's a real gap, and a decade of holding the Field steady hasn't moved it. A conference title or two is the near-term step; the tier itself is a longer build.",
North Dakota,32.3,293,The Field,Too new,,"North Dakota has 17 Division I seasons: 137-180, 3 winning seasons in 10. Too little to set against the Brands yet.","North Dakota has 17 seasons at this level — too little to set a target against the National Brands. The near-term markers are the ordinary ones: a winning record most years, a conference title, the odd ranked week.",
East Carolina,32.3,294,The Field,Maintaining,,"A 130-174 over ten years, 1 winning season in 10, no top-ten team — East Carolina is exactly the Field program the rating says it is, no more, no less.","To look like the Brands, East Carolina needs 6 more winning years — 13-17 where the Brands run 18-14. It's a real gap, and a decade of holding the Field steady hasn't moved it. A conference title or two is the near-term step; the tier itself is a longer build.",
Northern Kentucky,32.3,295,The Field,Too new,,"Northern Kentucky has 14 Division I seasons: 206-120, a winning record every year. Too little to set against the Brands yet.","Northern Kentucky has 14 seasons at this level — too little to set a target against the National Brands. The near-term markers are the ordinary ones: a winning record most years, a conference title, the odd ranked week.",
South Dakota,32.3,296,The Field,Too new,,"South Dakota has 17 Division I seasons: 173-142, 6 winning seasons in 10. Too little to set against the Brands yet.","South Dakota has 17 seasons at this level — too little to set a target against the National Brands. The near-term markers are the ordinary ones: a winning record most years, a conference title, the odd ranked week.",
UC San Diego,32.3,297,The Field,Too new,,"UC San Diego has 6 Division I seasons: 104-74, 3 winning seasons in 6. Too little to set against the Brands yet.","UC San Diego has 6 seasons at this level — too little to set a target against the National Brands. The near-term markers are the ordinary ones: a winning record most years, a conference title, the odd ranked week.",
North Carolina Central,32.2,298,The Field,Too new,,"North Carolina Central has 28 Division I seasons: 165-140, 7 winning seasons in 10. Too little to set against the Brands yet.","North Carolina Central has 28 seasons at this level — too little to set a target against the National Brands. The near-term markers are the ordinary ones: a winning record most years, a conference title, the odd ranked week.",
Northwestern State,32.2,299,The Field,Maintaining,,"Northwestern State has held the Field for a decade without pushing to leave it — 120-189, 1 winning season in 10, no top-ten team. Steady is the whole story.","To look like the Brands, Northwestern State needs 6 more winning years — 12-19 where the Brands run 18-14. It's a real gap, and a decade of holding the Field steady hasn't moved it. A conference title or two is the near-term step; the tier itself is a longer build.",
Stetson,32.2,300,The Field,Maintaining,,"A 128-188 over ten years, 2 winning seasons in 10, no top-ten team — Stetson is exactly the Field program the rating says it is, no more, no less.","To look like the Brands, Stetson needs 5 more winning years — 13-19 where the Brands run 18-14. It's a real gap, and a decade of holding the Field steady hasn't moved it. A conference title or two is the near-term step; the tier itself is a longer build.",
Morgan State,32.2,301,The Field,Ascending,1 big seasons where there'd been none,"Morgan State has made the last decade its best stretch on record — 132-165, 1 winning season in 10, ranked in 0 of 10 — pushing at the Brands.","To look like the Brands, Morgan State needs 6 more winning years — 13-17 where the Brands run 18-14. The last decade's already bending that way, so it's a decade-or-two climb, not a moonshot. A conference title or two is the near-term step; the tier itself is a longer build.",
Purdue Fort Wayne,32.0,302,The Field,Too new,,"Purdue Fort Wayne has 24 Division I seasons: 175-145, 8 winning seasons in 10. Too little to set against the Brands yet.","Purdue Fort Wayne has 24 seasons at this level — too little to set a target against the National Brands. The near-term markers are the ordinary ones: a winning record most years, a conference title, the odd ranked week.",
UMBC,32.0,303,The Field,Surging,1 big seasons where there'd been none,"UMBC has made the last decade its best stretch on record — 181-137, 7 winning seasons in 10, ranked in 0 of 10 — pushing at the Brands.","To look like the Brands, UMBC needs nothing new — just more of the same, for longer. The last decade's already bending that way, so it's a decade-or-two climb, not a moonshot. A conference title or two is the near-term step; the tier itself is a longer build.",
The Citadel,32.0,304,The Field,Maintaining,,"A 104-204 over ten years, 1 winning season in 10, no top-ten team — The Citadel is exactly the Field program the rating says it is, no more, no less.","To look like the Brands, The Citadel needs 6 more winning years — 10-21 where the Brands run 18-14. It's a real gap, and a decade of holding the Field steady hasn't moved it. A conference title or two is the near-term step; the tier itself is a longer build.",
Delaware State,31.7,305,The Field,Maintaining,,"Delaware State has held the Field for a decade without pushing to leave it — 76-223, 1 winning season in 10, no top-ten team. Steady is the whole story.","To look like the Brands, Delaware State needs 6 more winning years — 8-22 where the Brands run 18-14. It's a real gap, and a decade of holding the Field steady hasn't moved it. A conference title or two is the near-term step; the tier itself is a longer build.",
Maryland Eastern Shore,31.7,306,The Field,Maintaining,,"A 86-194 over ten years, 1 winning season in 9, no top-ten team — Maryland Eastern Shore is exactly the Field program the rating says it is, no more, no less.","To look like the Brands, Maryland Eastern Shore needs 6 more winning years — 9-19 where the Brands run 18-14. It's a real gap, and a decade of holding the Field steady hasn't moved it. A conference title or two is the near-term step; the tier itself is a longer build.",
Prairie View A&M,31.6,307,The Field,Ascending,4 big seasons where there'd been none,"Prairie View A&M has made the last decade its best stretch on record — 141-175, 4 winning seasons in 10, ranked in 0 of 10 — pushing at the Brands.","To look like the Brands, Prairie View A&M needs 3 more winning years — 14-18 where the Brands run 18-14. The last decade's already bending that way, so it's a decade-or-two climb, not a moonshot. A conference title or two is the near-term step; the tier itself is a longer build.",
New Hampshire,31.5,308,The Field,Maintaining,,"A 123-169 over ten years, 4 winning seasons in 10, no top-ten team — New Hampshire is exactly the Field program the rating says it is, no more, no less.","To look like the Brands, New Hampshire needs 3 more winning years — 12-17 where the Brands run 18-14. It's a real gap, and a decade of holding the Field steady hasn't moved it. A conference title or two is the near-term step; the tier itself is a longer build.",
Abilene Christian,31.5,309,The Field,Too new,,"Abilene Christian has 18 Division I seasons: 186-136, 4 winning seasons in 10. Too little to set against the Brands yet.","Abilene Christian has 18 seasons at this level — too little to set a target against the National Brands. The near-term markers are the ordinary ones: a winning record most years, a conference title, the odd ranked week.",
Albany,31.4,310,The Field,Too new,,"Albany has 27 Division I seasons: 138-168, 3 winning seasons in 10. Too little to set against the Brands yet.","Albany has 27 seasons at this level — too little to set a target against the National Brands. The near-term markers are the ordinary ones: a winning record most years, a conference title, the odd ranked week.",
UC Davis,31.3,311,The Field,Too new,,"UC Davis has 22 Division I seasons: 165-139, 7 winning seasons in 10. Too little to set against the Brands yet.","UC Davis has 22 seasons at this level — too little to set a target against the National Brands. The near-term markers are the ordinary ones: a winning record most years, a conference title, the odd ranked week.",
California Baptist,31.1,312,The Field,Too new,,"California Baptist has 8 Division I seasons: 144-108, 7 winning seasons in 8. Too little to set against the Brands yet.","California Baptist has 8 seasons at this level — too little to set a target against the National Brands. The near-term markers are the ordinary ones: a winning record most years, a conference title, the odd ranked week.",
Queens,31.1,313,The Field,Too new,,"Queens has 4 Division I seasons: 73-63, 3 winning seasons in 4. Too little to set against the Brands yet.","Queens has 4 seasons at this level — too little to set a target against the National Brands. The near-term markers are the ordinary ones: a winning record most years, a conference title, the odd ranked week.",
St. Thomas,31.1,314,The Field,Too new,,"St. Thomas has 5 Division I seasons: 97-67, 4 winning seasons in 5. Too little to set against the Brands yet.","St. Thomas has 5 seasons at this level — too little to set a target against the National Brands. The near-term markers are the ordinary ones: a winning record most years, a conference title, the odd ranked week.",
Southern Utah,31.1,315,The Field,Ascending,4 big seasons where there'd been none,"Southern Utah has made the last decade its best stretch on record — 152-169, 4 winning seasons in 10, ranked in 0 of 10 — pushing at the Brands.","To look like the Brands, Southern Utah needs 3 more winning years — 15-17 where the Brands run 18-14. The last decade's already bending that way, so it's a decade-or-two climb, not a moonshot. A conference title or two is the near-term step; the tier itself is a longer build.",
Cal State Northridge,30.8,316,The Field,Ascending,3 big seasons where there'd been none,"Cal State Northridge has made the last decade its best stretch on record — 129-182, 3 winning seasons in 10, ranked in 0 of 10 — pushing at the Brands.","To look like the Brands, Cal State Northridge needs 4 more winning years — 13-18 where the Brands run 18-14. The last decade's already bending that way, so it's a decade-or-two climb, not a moonshot. A conference title or two is the near-term step; the tier itself is a longer build.",
Tarleton State,30.8,317,The Field,Too new,,"Tarleton State has 6 Division I seasons: 93-92, 2 winning seasons in 6. Too little to set against the Brands yet.","Tarleton State has 6 seasons at this level — too little to set a target against the National Brands. The near-term markers are the ordinary ones: a winning record most years, a conference title, the odd ranked week.",
UMass Lowell,30.8,318,The Field,Too new,,"UMass Lowell has 13 Division I seasons: 157-153, 3 winning seasons in 10. Too little to set against the Brands yet.","UMass Lowell has 13 seasons at this level — too little to set a target against the National Brands. The near-term markers are the ordinary ones: a winning record most years, a conference title, the odd ranked week.",
Eastern Illinois,30.7,319,The Field,Maintaining,,"Eastern Illinois has held the Field for a decade without pushing to leave it — 119-190, 1 winning season in 10, no top-ten team. Steady is the whole story.","To look like the Brands, Eastern Illinois needs 6 more winning years — 12-19 where the Brands run 18-14. It's a real gap, and a decade of holding the Field steady hasn't moved it. A conference title or two is the near-term step; the tier itself is a longer build.",
Western Illinois,30.4,320,The Field,Maintaining,,"A 112-180 over ten years, 2 winning seasons in 10, no top-ten team — Western Illinois is exactly the Field program the rating says it is, no more, no less.","To look like the Brands, Western Illinois needs 5 more winning years — 11-18 where the Brands run 18-14. It's a real gap, and a decade of holding the Field steady hasn't moved it. A conference title or two is the near-term step; the tier itself is a longer build.",
Bethune-Cookman,30.3,321,The Field,Ascending,4 big seasons where there'd been none,"Bethune-Cookman has made the last decade its best stretch on record — 130-156, 4 winning seasons in 9, ranked in 0 of 9 — pushing at the Brands.","To look like the Brands, Bethune-Cookman needs 3 more winning years — 13-16 where the Brands run 18-14. The last decade's already bending that way, so it's a decade-or-two climb, not a moonshot. A conference title or two is the near-term step; the tier itself is a longer build.",
Mount St. Mary's,30.3,322,The Field,Ascending,4 big seasons where there'd been none,"Mount St. Mary's has made the last decade its best stretch on record — 147-171, 4 winning seasons in 10, ranked in 0 of 10 — pushing at the Brands.","To look like the Brands, Mount St. Mary's needs 3 more winning years — 15-17 where the Brands run 18-14. The last decade's already bending that way, so it's a decade-or-two climb, not a moonshot. A conference title or two is the near-term step; the tier itself is a longer build.",
Campbell,30.2,323,The Field,Ascending,4 big seasons where there'd been none,"Campbell has made the last decade its best stretch on record — 165-157, 4 winning seasons in 10, ranked in 0 of 10 — pushing at the Brands.","To look like the Brands, Campbell needs 3 more winning years — 16-16 where the Brands run 18-14. The last decade's already bending that way, so it's a decade-or-two climb, not a moonshot. A conference title or two is the near-term step; the tier itself is a longer build.",
Jacksonville State,30.1,324,The Field,Surging,6 big seasons where there'd been none,"Jacksonville State has made the last decade its best stretch on record — 184-142, 6 winning seasons in 10, ranked in 0 of 10 — pushing at the Brands.","To look like the Brands, Jacksonville State needs 1 more winning year. The last decade's already bending that way, so it's a decade-or-two climb, not a moonshot. A conference title or two is the near-term step; the tier itself is a longer build.",
Mercyhurst,30.0,325,The Field,Too new,,"Mercyhurst has 2 Division I seasons: 32-33, 0 winning seasons in 2. Too little to set against the Brands yet.","Mercyhurst has 2 seasons at this level — too little to set a target against the National Brands. The near-term markers are the ordinary ones: a winning record most years, a conference title, the odd ranked week.",
Southeast Missouri State,29.8,326,The Field,Ascending,3 big seasons where there'd been none,"Southeast Missouri State has made the last decade its best stretch on record — 140-178, 3 winning seasons in 10, ranked in 0 of 10 — pushing at the Brands.","To look like the Brands, Southeast Missouri State needs 4 more winning years — 14-18 where the Brands run 18-14. The last decade's already bending that way, so it's a decade-or-two climb, not a moonshot. A conference title or two is the near-term step; the tier itself is a longer build.",
Gardner-Webb,29.7,327,The Field,Too new,,"Gardner-Webb has 24 Division I seasons: 148-169, 4 winning seasons in 10. Too little to set against the Brands yet.","Gardner-Webb has 24 seasons at this level — too little to set a target against the National Brands. The near-term markers are the ordinary ones: a winning record most years, a conference title, the odd ranked week.",
North Alabama,29.6,328,The Field,Too new,,"North Alabama has 8 Division I seasons: 111-135, 3 winning seasons in 8. Too little to set against the Brands yet.","North Alabama has 8 seasons at this level — too little to set a target against the National Brands. The near-term markers are the ordinary ones: a winning record most years, a conference title, the odd ranked week.",
Youngstown State,29.6,329,The Field,Ascending,6 big seasons where there'd been none,"Youngstown State has made the last decade its best stretch on record — 167-157, 6 winning seasons in 10, ranked in 0 of 10 — pushing at the Brands.","To look like the Brands, Youngstown State needs 1 more winning year — 16-16 where the Brands run 18-14. The last decade's already bending that way, so it's a decade-or-two climb, not a moonshot. A conference title or two is the near-term step; the tier itself is a longer build.",
UT Martin,29.6,330,The Field,Ascending,4 big seasons where there'd been none,"UT Martin has made the last decade its best stretch on record — 145-166, 4 winning seasons in 10, ranked in 0 of 10 — pushing at the Brands.","To look like the Brands, UT Martin needs 3 more winning years — 14-17 where the Brands run 18-14. The last decade's already bending that way, so it's a decade-or-two climb, not a moonshot. A conference title or two is the near-term step; the tier itself is a longer build.",
Elon,29.3,331,The Field,Too new,,"Elon has 27 Division I seasons: 128-182, 3 winning seasons in 10. Too little to set against the Brands yet.","Elon has 27 seasons at this level — too little to set a target against the National Brands. The near-term markers are the ordinary ones: a winning record most years, a conference title, the odd ranked week.",
Houston Christian,29.3,332,The Field,Maintaining,,"A 96-203 over ten years, 1 winning season in 10, no top-ten team — Houston Christian is exactly the Field program the rating says it is, no more, no less.","To look like the Brands, Houston Christian needs 6 more winning years — 10-20 where the Brands run 18-14. It's a real gap, and a decade of holding the Field steady hasn't moved it. A conference title or two is the near-term step; the tier itself is a longer build.",
Omaha,29.2,333,The Field,Too new,,"Omaha has 14 Division I seasons: 136-179, 3 winning seasons in 10. Too little to set against the Brands yet.","Omaha has 14 seasons at this level — too little to set a target against the National Brands. The near-term markers are the ordinary ones: a winning record most years, a conference title, the odd ranked week.",
North Florida,29.2,334,The Field,Too new,,"North Florida has 21 Division I seasons: 137-177, 1 winning season in 10. Too little to set against the Brands yet.","North Florida has 21 seasons at this level — too little to set a target against the National Brands. The near-term markers are the ordinary ones: a winning record most years, a conference title, the odd ranked week.",
Bryant,29.0,335,The Field,Too new,,"Bryant has 18 Division I seasons: 147-162, 5 winning seasons in 10. Too little to set against the Brands yet.","Bryant has 18 seasons at this level — too little to set a target against the National Brands. The near-term markers are the ordinary ones: a winning record most years, a conference title, the odd ranked week.",
FIU,29.0,336,The Field,Ascending,2 big seasons where there'd been none,"FIU has made the last decade its best stretch on record — 134-183, 2 winning seasons in 10, ranked in 0 of 10 — pushing at the Brands.","To look like the Brands, FIU needs 5 more winning years — 14-18 where the Brands run 18-14. The last decade's already bending that way, so it's a decade-or-two climb, not a moonshot. A conference title or two is the near-term step; the tier itself is a longer build.",
Kansas City,28.9,337,The Field,Ascending,3 big seasons where there'd been none,"Kansas City has made the last decade its best stretch on record — 129-183, 3 winning seasons in 10, ranked in 0 of 10 — pushing at the Brands.","To look like the Brands, Kansas City needs 4 more winning years — 13-18 where the Brands run 18-14. The last decade's already bending that way, so it's a decade-or-two climb, not a moonshot. A conference title or two is the near-term step; the tier itself is a longer build.",
Cal State Bakersfield,28.6,338,The Field,Too new,,"Cal State Bakersfield has 20 Division I seasons: 135-177, 3 winning seasons in 10. Too little to set against the Brands yet.","Cal State Bakersfield has 20 seasons at this level — too little to set a target against the National Brands. The near-term markers are the ordinary ones: a winning record most years, a conference title, the odd ranked week.",
New Haven,28.6,339,The Field,Too new,,"New Haven has 1 Division I season: 14-17, 0 winning seasons in 1. Too little to set against the Brands yet.","New Haven has 1 season at this level — too little to set a target against the National Brands. The near-term markers are the ordinary ones: a winning record most years, a conference title, the odd ranked week.",
NJIT,28.5,340,The Field,Too new,,"NJIT has 21 Division I seasons: 110-186, 1 winning season in 10. Too little to set against the Brands yet.","NJIT has 21 seasons at this level — too little to set a target against the National Brands. The near-term markers are the ordinary ones: a winning record most years, a conference title, the odd ranked week.",
Florida A&M,28.4,341,The Field,Maintaining,,"Florida A&M has held the Field for a decade without pushing to leave it — 103-189, 0 winning seasons in 10, no top-ten team. Steady is the whole story.","To look like the Brands, Florida A&M needs 7 more winning years — 10-19 where the Brands run 18-14. It's a real gap, and a decade of holding the Field steady hasn't moved it. A conference title or two is the near-term step; the tier itself is a longer build.",
IU Indy,28.2,342,The Field,Too new,,"IU Indy has 28 Division I seasons: 87-215, 0 winning seasons in 10. Too little to set against the Brands yet.","IU Indy has 28 seasons at this level — too little to set a target against the National Brands. The near-term markers are the ordinary ones: a winning record most years, a conference title, the odd ranked week.",
Cal Poly,28.2,343,The Field,Maintaining,,"Cal Poly has held the Field for a decade without pushing to leave it — 86-220, 0 winning seasons in 10, no top-ten team. Steady is the whole story.","To look like the Brands, Cal Poly needs 7 more winning years — 9-22 where the Brands run 18-14. It's a real gap, and a decade of holding the Field steady hasn't moved it. A conference title or two is the near-term step; the tier itself is a longer build.",
Alabama A&M,28.0,344,The Field,Too new,,"Alabama A&M has 28 Division I seasons: 91-209, 1 winning season in 10. Too little to set against the Brands yet.","Alabama A&M has 28 seasons at this level — too little to set a target against the National Brands. The near-term markers are the ordinary ones: a winning record most years, a conference title, the odd ranked week.",
Chicago State,28.0,345,The Field,Maintaining,,"Chicago State has held the Field for a decade without pushing to leave it — 58-235, 0 winning seasons in 10, no top-ten team. Steady is the whole story.","To look like the Brands, Chicago State needs 7 more winning years — 6-23 where the Brands run 18-14. It's a real gap, and a decade of holding the Field steady hasn't moved it. A conference title or two is the near-term step; the tier itself is a longer build.",
Longwood,27.7,346,The Field,Too new,,"Longwood has 22 Division I seasons: 156-166, 4 winning seasons in 10. Too little to set against the Brands yet.","Longwood has 22 seasons at this level — too little to set a target against the National Brands. The near-term markers are the ordinary ones: a winning record most years, a conference title, the odd ranked week.",
Binghamton,27.7,347,The Field,Too new,,"Binghamton has 25 Division I seasons: 110-186, 0 winning seasons in 10. Too little to set against the Brands yet.","Binghamton has 25 seasons at this level — too little to set a target against the National Brands. The near-term markers are the ordinary ones: a winning record most years, a conference title, the odd ranked week.",
Kennesaw State,27.5,348,The Field,Too new,,"Kennesaw State has 21 Division I seasons: 130-182, 3 winning seasons in 10. Too little to set against the Brands yet.","Kennesaw State has 21 seasons at this level — too little to set a target against the National Brands. The near-term markers are the ordinary ones: a winning record most years, a conference title, the odd ranked week.",
Sacred Heart,27.4,349,The Field,Too new,,"Sacred Heart has 27 Division I seasons: 138-171, 1 winning season in 10. Too little to set against the Brands yet.","Sacred Heart has 27 seasons at this level — too little to set a target against the National Brands. The near-term markers are the ordinary ones: a winning record most years, a conference title, the odd ranked week.",
Central Arkansas,27.3,350,The Field,Too new,,"Central Arkansas has 20 Division I seasons: 115-201, 2 winning seasons in 10. Too little to set against the Brands yet.","Central Arkansas has 20 seasons at this level — too little to set a target against the National Brands. The near-term markers are the ordinary ones: a winning record most years, a conference title, the odd ranked week.",
UC Riverside,27.2,351,The Field,Too new,,"UC Riverside has 25 Division I seasons: 142-166, 5 winning seasons in 10. Too little to set against the Brands yet.","UC Riverside has 25 seasons at this level — too little to set a target against the National Brands. The near-term markers are the ordinary ones: a winning record most years, a conference title, the odd ranked week.",
Lindenwood,27.1,352,The Field,Too new,,"Lindenwood has 4 Division I seasons: 54-75, 1 winning season in 4. Too little to set against the Brands yet.","Lindenwood has 4 seasons at this level — too little to set a target against the National Brands. The near-term markers are the ordinary ones: a winning record most years, a conference title, the odd ranked week.",
Sacramento State,26.9,353,The Field,Ascending,1 big seasons where there'd been none,"Sacramento State has made the last decade its best stretch on record — 111-191, 1 winning season in 10, ranked in 0 of 10 — pushing at the Brands.","To look like the Brands, Sacramento State needs 6 more winning years — 11-19 where the Brands run 18-14. The last decade's already bending that way, so it's a decade-or-two climb, not a moonshot. A conference title or two is the near-term step; the tier itself is a longer build.",
Bellarmine,26.8,354,The Field,Too new,,"Bellarmine has 6 Division I seasons: 75-107, 2 winning seasons in 6. Too little to set against the Brands yet.","Bellarmine has 6 seasons at this level — too little to set a target against the National Brands. The near-term markers are the ordinary ones: a winning record most years, a conference title, the odd ranked week.",
Le Moyne,26.7,355,The Field,Too new,,"Le Moyne has 3 Division I seasons: 39-57, 0 winning seasons in 3. Too little to set against the Brands yet.","Le Moyne has 3 seasons at this level — too little to set a target against the National Brands. The near-term markers are the ordinary ones: a winning record most years, a conference title, the odd ranked week.",
Incarnate Word,26.7,356,The Field,Too new,,"Incarnate Word has 13 Division I seasons: 100-202, 1 winning season in 10. Too little to set against the Brands yet.","Incarnate Word has 13 seasons at this level — too little to set a target against the National Brands. The near-term markers are the ordinary ones: a winning record most years, a conference title, the odd ranked week.",
Arkansas-Pine Bluff,26.5,357,The Field,Too new,,"Arkansas-Pine Bluff has 29 Division I seasons: 91-219, 0 winning seasons in 10. Too little to set against the Brands yet.","Arkansas-Pine Bluff has 29 seasons at this level — too little to set a target against the National Brands. The near-term markers are the ordinary ones: a winning record most years, a conference title, the odd ranked week.",
Utah Tech,26.5,358,The Field,Too new,,"Utah Tech has 6 Division I seasons: 72-111, 1 winning season in 6. Too little to set against the Brands yet.","Utah Tech has 6 seasons at this level — too little to set a target against the National Brands. The near-term markers are the ordinary ones: a winning record most years, a conference title, the odd ranked week.",
South Carolina Upstate,26.4,359,The Field,Too new,,"South Carolina Upstate has 19 Division I seasons: 108-203, 1 winning season in 10. Too little to set against the Brands yet.","South Carolina Upstate has 19 seasons at this level — too little to set a target against the National Brands. The near-term markers are the ordinary ones: a winning record most years, a conference title, the odd ranked week.",
SIU Edwardsville,26.3,360,The Field,Too new,,"SIU Edwardsville has 18 Division I seasons: 130-182, 4 winning seasons in 10. Too little to set against the Brands yet.","SIU Edwardsville has 18 seasons at this level — too little to set a target against the National Brands. The near-term markers are the ordinary ones: a winning record most years, a conference title, the odd ranked week.",
Presbyterian,26.2,361,The Field,Too new,,"Presbyterian has 19 Division I seasons: 113-202, 1 winning season in 10. Too little to set against the Brands yet.","Presbyterian has 19 seasons at this level — too little to set a target against the National Brands. The near-term markers are the ordinary ones: a winning record most years, a conference title, the odd ranked week.",
Stonehill,25.9,362,The Field,Too new,,"Stonehill has 4 Division I seasons: 45-82, 0 winning seasons in 4. Too little to set against the Brands yet.","Stonehill has 4 seasons at this level — too little to set a target against the National Brands. The near-term markers are the ordinary ones: a winning record most years, a conference title, the odd ranked week.",
West Georgia,25.8,363,The Field,Too new,,"West Georgia has 2 Division I seasons: 21-42, 0 winning seasons in 2. Too little to set against the Brands yet.","West Georgia has 2 seasons at this level — too little to set a target against the National Brands. The near-term markers are the ordinary ones: a winning record most years, a conference title, the odd ranked week.",
Southern Indiana,25.7,364,The Field,Too new,,"Southern Indiana has 4 Division I seasons: 41-84, 0 winning seasons in 4. Too little to set against the Brands yet.","Southern Indiana has 4 seasons at this level — too little to set a target against the National Brands. The near-term markers are the ordinary ones: a winning record most years, a conference title, the odd ranked week.",
East Texas A&M,25.7,365,The Field,Too new,,"East Texas A&M has 4 Division I seasons: 42-87, 0 winning seasons in 4. Too little to set against the Brands yet.","East Texas A&M has 4 seasons at this level — too little to set a target against the National Brands. The near-term markers are the ordinary ones: a winning record most years, a conference title, the odd ranked week.",
